            0.600118 0 0 0 -0.000396066  0.000101269  1.67792e-05 180.013       0       0 -0.13     0 -1.03 -0.00157016 0.000389158 6.33932e-05  0.000163342 -0.000257439  -0.00143456 0 0 0 0.0867006  0.067977   9.80838 
            0.800012  -0.00145372 -0.000111088 -4.10155e-05 -0.00604296  0.00542421 0.000230332 180.013       0       0 -0.13     0 -1.03 -0.00408062  0.00232859 9.86271e-05  0.000163437 -0.000257342  -0.00143457  3.47475e-07 -3.42995e-07 -1.27681e-08 0.0867002 0.0679773   9.80838 
             1.20138  -0.00171736 -0.000658791   0.00115268   -0.0103507   0.00446805 -0.000668179 180.013       0       0 -0.13     0 -1.03   -0.0092171 -0.000112043  -0.00208026   0.00016488 -0.000256142  -0.00143816 2.57112e-06 1.54179e-06 7.45937e-07 0.0866981 0.0679755   9.80838 
             1.60008 -0.00046072 -0.00163407  0.00457999  -0.0151735 -0.00758545 0.000579876 180.013       0       0 -0.13     0 -1.03 -0.0115463 -0.0202999 0.00111073  7.77974e-05 -0.000250461  -0.00144746 0.000302594   0.0047952  -0.0017092 0.0863954 0.0633555   9.80841 
             1.80136 -0.00100445 -0.00258431   0.0142068    -0.019108    0.0067547 -0.000462372 180.013       0       0 -0.13     0 -1.03   -0.015625   0.0184947 -0.00139986  0.000158824 -0.000242923  -0.00146843  0.00104997 -0.00392621 -0.00048874 0.0856864 0.0717427   9.80836 
             2.00145 -0.00121245  -0.0030857   0.0219139   -0.0157738   0.00222788 -0.000321356 180.013       0       0 -0.13     0 -1.03  0.00119958 -0.00273769 0.000102778  0.000171666 -0.000234422  -0.00148039  -0.00313258   0.00158382 -0.000989767 0.0896969 0.0664466   9.80836 
             2.40006 -0.00102899 -0.00246135  0.00979699 -0.00843868 -0.00454234 -0.00074606 180.013       0       0 -0.13     0 -1.03    0.0151923   -0.0142786 -0.000962061  0.000174142 -0.000232702  -0.00146394 -0.00615698   0.0042414 -0.00074057  0.092605 0.0638998   9.80835 
             2.60147 -0.000809527  -0.00315515   0.00751748   -0.0216457   0.00156774 -0.000389858 180.013       0       0 -0.13     0 -1.03   -0.0189598    0.0041252 -0.000255177  0.000148874 -0.000266917  -0.00146087 0.000576615 0.000470803 -0.00115234 0.0861396 0.0675125   9.80839 
              3.0001 -0.000745316  -0.00339629    0.0200277   -0.0207799 -0.000931351 -0.000228072 180.013       0       0 -0.13     0 -1.03 -0.00476496 -0.00336988 0.000702552  0.000158429 -0.000252054  -0.00147819  -0.0017471  0.00160633 -0.00123023 0.0883653 0.0664226   9.80838 
             3.20016 -0.000781431  -0.00334196 -0.000243551   -0.0183761 -0.000384151 -0.000235281 180.013       0       0 -0.13     0 -1.03  0.00238841 -0.00106908 0.000104373  0.000158441 -0.000256564  -0.00145128 -0.00274878  0.00124357 -0.00117262  0.089325 0.0667709   9.80837 
             3.40154 -0.00074639 -0.00290797  0.00501615   -0.0153927 -0.000104168  1.93725e-05 180.013       0       0 -0.13     0 -1.03 0.00883027 0.00014022 0.00110883  0.000159961 -0.000259089  -0.00145934 -0.00361953  0.00108178 -0.00130632 0.0901567  0.066925   9.80836 
              3.6015 -0.000708491  -0.00391956    0.0255555   -0.0225293   0.00300998 -0.000532148 180.013       0       0 -0.13     0 -1.03   -0.0136585   0.00864558 -0.000983615 0.000151549 -0.00027839 -0.00149024  0.000382716 -0.000428093  -0.00070553 0.0863358 0.0683733   9.80838 
             3.80023 -0.00120881 -0.00250647  0.00647344  -0.0150153 -0.00413961 -0.00052341 180.013       0       0 -0.13     0 -1.03    0.0122366   -0.0146652 -0.000436627  0.000184526 -0.000248526  -0.00146693  -0.00421338   0.00365879 -0.000873348 0.0907283 0.0644687   9.80837 
             4.00018 -0.000588441  -0.00306271  -0.00687626   -0.0167399  -0.00258468 -0.000617226 180.013       0       0 -0.13     0 -1.03   0.00282168  -0.00384581 -0.000605996  0.000173513 -0.000257559  -0.00145043  -0.00239578   0.00169574 -0.000880848 0.0889911 0.0663414   9.80837 
             4.20155 -0.000621379  -0.00308037   0.00487696   -0.0199611  -0.00289509 -0.000578489 180.013       0       0 -0.13     0 -1.03  -0.00609832  -0.00283938 -0.000349432  0.000173703 -0.000262618  -0.00146755 -0.000928404   0.00148466  -0.00101292 0.0875903  0.066543   9.80838 
              4.4015 -0.000983115  -0.00302357    0.0144621   -0.0181087  0.000462708 -0.000295637 180.013       0       0 -0.13     0 -1.03  0.00109928  0.00692156 0.000462796  0.000178018 -0.000264688  -0.00148179 -0.00200035 7.24597e-05 -0.00120771 0.0886115 0.0678866   9.80836 
             5.20169 -0.00142164 -0.00282112   0.0116653  -0.0122229  0.00527973 -0.00179877 180.013       0       0 -0.13     0 -1.03 0.00709839 0.00571539 -0.0027536  0.000178553 -0.000263805  -0.00147907  -0.00259774  0.000110433 -0.000913721 0.0891828 0.0678525   9.80836 
             5.40025 -0.000950064   -0.0034408    0.0139346   -0.0218961  -0.00387284 -0.000492746 180.013       0       0 -0.13     0 -1.03   -0.0091559  -0.00964855 -0.000749585  0.000187878 -0.000273173  -0.00148706 -0.00193595 0.000711956 -0.00135461 0.0885505 0.0672773   9.80837 
             5.80161  -0.0013791 -0.00288537  0.00826831   -0.0168062   0.00207248 -0.000879156 180.013       0       0 -0.13     0 -1.03   0.0057768  0.00689011 -0.00137317  0.000193432 -0.000275938  -0.00148267 -0.00230487 0.000269092 -0.00142014  0.088897 0.0676938   9.80836 
             6.00166 -0.000992555  -0.00332297    0.0126202  -0.0223869 -0.00254651 6.30325e-05 180.013       0       0 -0.13     0 -1.03 -0.00738475 -0.00525426 0.000408451  0.000201692 -0.000283023  -0.00149081 -0.00123234  0.00126478 -0.00181806 0.0878801 0.0667491   9.80838 
             6.20165 -0.00127758 -0.00354776   0.0139217    -0.020368 -0.000699389 -0.000521048 180.013       0       0 -0.13     0 -1.03  0.00125086  0.00152082 -0.00133656  0.000197445 -0.000276648  -0.00149434 -0.00196231  0.00064995 -0.00154221 0.0885714 0.0673317   9.80837 
             6.40041 -0.00127666 -0.00365673   0.0132529  -0.0220804  -0.0036045 -1.8274e-05 180.013       0       0 -0.13     0 -1.03 -0.00303344 -0.00660787 0.000730835  0.000201125 -0.000280839  -0.00149621 -0.00145885  0.00149775 -0.00186174 0.0880943   0.06653   9.80838 
             6.60166 -0.000901737  -0.00328343   0.00818238   -0.0209736  -0.00282397 -0.000614701 180.013       0       0 -0.13     0 -1.03  0.00114052 -0.00155245 -0.00116389  0.000194059 -0.000274593  -0.00149165 -0.00193625 0.000904845 -0.00155286 0.0885463 0.0670906   9.80837 
             6.80165 -0.000856533  -0.00368361    0.0137643   -0.0250074  0.000127471 -0.000278136 180.013       0       0 -0.13     0 -1.03 -0.00911328  0.00655687 0.000369568  0.000177953 -0.000292144  -0.00149743 -0.000775181 -7.12117e-06   -0.0017709 0.0874519 0.0679467   9.80837 
             7.00166 -0.00141217 -0.00385327   0.0156165  -0.0246074  0.00246986 2.17443e-05 180.013       0       0 -0.13     0 -1.03 -0.00387009  0.00908311  0.00106009  0.000174439 -0.000283374  -0.00149855  -0.00135007 -0.000267559  -0.00185599 0.0879912 0.0681911   9.80837 
             7.40167  -0.0013267 -0.00381876   0.0143899  -0.0235316 -0.00186793  0.00014761 180.013       0       0 -0.13     0 -1.03 0.000837051 -0.00482985 0.000434853  0.000180977 -0.000281071  -0.00149854 -0.00173963 0.000978289 -0.00176664 0.0883589 0.0670236   9.80837 
              7.6017 -0.00111045 -0.00363986   0.0187431   -0.0226715 -0.000498977 -0.000468971 180.013       0       0 -0.13     0 -1.03   0.00238283   0.00020711 -0.000655859  0.000185629 -0.000282418  -0.00150281 -0.00182271 0.000684844 -0.00158883 0.0884379 0.0672995   9.80837 
             7.80174  -0.0011828 -0.00346096   0.0127917  -0.0213312  0.00229666 3.45947e-05 180.013       0       0 -0.13     0 -1.03 0.00410338 0.00689146 0.00113959  0.000186089 -0.000280128  -0.00149801 -0.00194493 0.000276808 -0.00178987 0.0885499  0.067679   9.80837 
             8.00167 -0.00118553 -0.00350684  0.00763968   -0.0204926  -0.00175019 -0.000526393 180.013       0       0 -0.13     0 -1.03   0.00426585  -0.00684752 -0.000990092  0.000203516 -0.000277659  -0.00149225 -0.00197044  0.00138892 -0.00153243  0.088577 0.0666443   9.80837 
             8.20176 -0.00124084  -0.0034415   0.0106244    -0.021149  0.000756422 -0.000648012 180.013       0       0 -0.13     0 -1.03 0.000636108  0.00274484 -0.00107003  0.000206662 -0.000274353  -0.00149509 -0.00166747 0.000617679 -0.00156239 0.0882943 0.0673617   9.80837 
             8.40171 -0.00124599 -0.00309915  0.00576991  -0.0205697 -0.00166644 9.20094e-06 180.013       0       0 -0.13     0 -1.03  0.00202117 -0.00493677 0.000698121  0.000196729 -0.000275202  -0.00149077 -0.00174997  0.00118545 -0.00184879 0.0883685 0.0668327   9.80837 
             8.60176 -0.00130544  -0.0032308  0.00774572 -0.0212565 0.00222298 -0.0005735 180.013       0       0 -0.13     0 -1.03 -0.000374903   0.00689736  -0.00128882  0.00018532 -0.00027577 -0.00149436 -0.00151484 0.000188144 -0.00160826 0.0881527 0.0677588   9.80837 
             8.80179 -0.00105158 -0.00308396  0.00578888   -0.0189652  -0.00310176 -0.000542632 180.013       0       0 -0.13     0 -1.03   0.00565573  -0.00973938 -0.000611389  0.000213314 -0.000264653  -0.00149302 -0.00199022  0.00154009 -0.00169617 0.0885915 0.0665069   9.80837 
             9.00173 -0.00118862 -0.00296492  0.00632784   -0.0193066  0.000136525 -0.000601931 180.013       0       0 -0.13     0 -1.03   0.00199584   0.00281164 -0.000694309  0.000193035 -0.000271389  -0.00149542  -0.0017041 0.000519309 -0.00172719 0.0883272 0.0674498   9.80837 
             9.20182 -0.000976895  -0.00304896  -0.00504343  -0.0202896 -0.00151119 -0.00032346 180.013       0       0 -0.13     0 -1.03 -0.00158609 -0.00229835 0.000124176  0.000189128 -0.000266734  -0.00148641 -0.00147904  0.00089459 -0.00184528 0.0881184 0.0671032   9.80837 
             9.60177  -0.00105934  -0.00319833 -0.000254942   -0.0240555  -0.00464263 -0.000447786 180.013       0       0 -0.13     0 -1.03  -0.00690324  -0.00628474 -0.000265981  0.000183766 -0.000260985  -0.00149296 -0.00114799  0.00112975 -0.00181193 0.0878139 0.0668874   9.80838 
             9.80184 -0.00119159 -0.00302737   0.0022514   -0.0198087  0.000216496 -0.000726865 180.013       0       0 -0.13     0 -1.03  0.00434666  0.00611442 -0.00069602  0.000195587 -0.000268846  -0.00149827 -0.00169393 0.000528437 -0.00177401 0.0883162 0.0674382   9.80837 
             10.0018 -0.00091835 -0.00323919  0.00486052   -0.0227299  -0.00250946 -9.06776e-05 180.013       0       0 -0.13     0 -1.03  -0.0046786 -0.00362684  0.00135809  0.000194407 -0.000269467  -0.00150243 -0.00129041 0.000960183 -0.00198746 0.0879454 0.0670431   9.80838 
             10.2019 -0.000992155  -0.00336601   0.00179272   -0.0216672 -0.000518771 -0.000309136 180.013       0       0 -0.13     0 -1.03 0.000256064  0.00264536  1.0257e-06  0.000192893 -0.000268321  -0.00150138 -0.00156145 0.000551085 -0.00185949 0.0881939 0.0674168   9.80837 
             10.4018 -0.00115483  -0.0034492   0.0140188   -0.0246395  0.000380495 -0.000496743 180.013       0       0 -0.13     0 -1.03  -0.00695601   0.00365661 -0.000247251  0.000193816 -0.000268879  -0.00151237 -0.00107067 0.000481265 -0.00181033 0.0877475  0.067481   9.80838 
             10.6019 -0.000869987  -0.00368649   0.00460687   -0.0239619  -0.00430981 -4.50563e-05 180.013       0       0 -0.13     0 -1.03 -0.00209119 -0.00994509  0.00114478  0.000183242 -0.000272388  -0.00150513 -0.00137868   0.0012805 -0.00191659 0.0880266 0.0667546   9.80838 
             10.8019 -0.000716356  -0.00291405  -0.00168926  -0.0185463 -0.00248986 -0.00036617 180.013       0       0 -0.13     0 -1.03    0.0116243  -0.00108093 -0.000147533  0.000202785 -0.000300351  -0.00149894 -0.00217349 0.000751579 -0.00180185 0.0887472 0.0672347   9.80837 
              11.202 -0.000782299  -0.00346797   0.00689569   -0.0254537  -0.00023522 -0.000265912 180.013       0       0 -0.13     0 -1.03 -0.00714632  0.00299699 0.000546485   0.00020365 -0.000289446  -0.00151005  -0.0010258 0.000459784  -0.0018098 0.0877105 0.0674991   9.80838 
             11.4007 -0.000778057  -0.00363124   0.00721731   -0.0215045  -0.00174167 -0.000841673 180.013       0       0 -0.13     0 -1.03   0.00415142  -0.00138539 -0.000844446  0.000191033 -0.000314697  -0.00151572 -0.00143866 0.000625246 -0.00171325 0.0880829 0.0673505   9.80837 
              11.602 -0.000620824  -0.00341818   -0.0115765  -0.0228133 -0.00227116 0.000114862 180.013       0       0 -0.13     0 -1.03 -0.000875255   -0.0021206   0.00199426 0.000188509 -0.00030347 -0.00149989 -0.00124944 0.000644677 -0.00199678 0.0879114 0.0673312   9.80837 
             11.8021 -0.000808142  -0.00355061   0.00112444   -0.0223079   -0.0023477 -0.000559112 180.013       0       0 -0.13     0 -1.03 0.000783765 -0.00135119 -0.00109282 0.000189046 -0.00030209   -0.001513 -0.00133276 0.000593997 -0.00176061 0.0879878 0.0673779   9.80837 
              12.002 -0.000667122   -0.0034955    0.0071734  -0.0232191 -0.00291577 -5.5893e-06 180.013       0       0 -0.13     0 -1.03 -0.00183277 -0.00192097 0.000481952  0.000191177 -0.000304656  -0.00151863 -0.00118528 0.000637036 -0.00194159 0.0878547 0.0673387   9.80838 
              12.202 -0.000718805  -0.00367216   0.00311628   -0.0250095  -0.00247377 -0.000545557 180.013       0       0 -0.13     0 -1.03 -0.00526316 0.000168355 -0.00156455  0.000193351 -0.000301748  -0.00151592 -0.00100536 0.000527893  -0.0018284 0.0876955 0.0674367   9.80838 
             12.4021 -0.000700966   -0.0035402  -0.00326446   -0.0221168   -0.0035815 -0.000632802 180.013       0       0 -0.13     0 -1.03  0.00423955 -0.00295538 -0.00127419  0.000188522 -0.000311926  -0.00151028 -0.00149897 0.000674522 -0.00189112 0.0881329 0.0673063   9.80837 
             12.6033 -0.000496345  -0.00390221     0.004605   -0.0248008  -0.00399801 -0.000782393 180.013       0       0 -0.13     0 -1.03 -0.00407312 -0.00247055  -0.0013569  0.000187695 -0.000317221  -0.00151939 -0.00102704 0.000639976 -0.00193067 0.0877151 0.0673369   9.80838 
             12.8033 -0.000441073  -0.00356197    0.0160253   -0.0240171  -0.00393835 -0.000401322 180.013       0       0 -0.13     0 -1.03 -0.000285252  -0.00121325  9.45548e-05  0.000186899 -0.000314721  -0.00152896 -0.00123254 0.000566803 -0.00207491 0.0878955 0.0674004   9.80837 
             13.0022 -0.000840732  -0.00373165  0.000581658  -0.0249227 -0.00343957  0.00025958 180.013       0       0 -0.13     0 -1.03 -0.00236854 0.000513722  0.00146486  0.000186533 -0.000315045  -0.00151569 -0.00112548 0.000469944  -0.0022147 0.0878001 0.0674846   9.80837 
             13.2022 -0.000724816  -0.00342886  -0.00372588   -0.020672 -0.00236359 -0.00108074 180.013       0       0 -0.13     0 -1.03  0.00954505  0.00284167 -0.00299887  0.000188873 -0.000324427  -0.00151325 -0.00162441 0.000367122 -0.00195873 0.0882397  0.067577   9.80837 
             13.6034 -0.000813158  -0.00347896   0.00312511   -0.0186671   0.00139802 -0.000515462 180.013       0       0 -0.13     0 -1.03  0.00635303  0.00690004 0.000102361  0.000197401 -0.000317105  -0.00152058 -0.00149178 0.000174338 -0.00215348 0.0881226 0.0677442   9.80837 
             13.8023 -0.00101625 -0.00347722  0.00551287  -0.0264204 -0.00355551 0.000427991 180.013       0       0 -0.13     0 -1.03  -0.0115727 -0.00575691  0.00217215  0.000208601 -0.000326586  -0.00152429 -0.000830532  0.000637211  -0.00229207 0.0875456  0.067341   9.80838 
             14.0023 -0.000952669  -0.00325023   0.00369246   -0.0212426  -0.00199948 -0.000369953 180.013       0       0 -0.13     0 -1.03    0.0062224  0.000768892 -0.000788143   0.00020402 -0.000317346  -0.00152121 -0.00140841 0.000432078 -0.00205395 0.0880473 0.0675203   9.80837 
             14.2023 -0.000613996  -0.00315394  0.000893268        -0.02  -0.00401202 -0.000543218 180.013       0       0 -0.13     0 -1.03  0.00625612 -0.00485099 -0.00116398 0.000196723 -0.00031607 -0.00151878 -0.00141126 0.000643949 -0.00206699 0.0880497 0.0673374   9.80837 
             14.6021 -0.000850686  -0.00316517   0.00646427  -0.0174326  -0.0013549 0.000206671 180.013       0       0 -0.13     0 -1.03  0.0061956 0.00202988 0.00149508  0.000215033 -0.000315896  -0.00152434 -0.00141323 0.000289532 -0.00218226 0.0880507 0.0676415   9.80837 
             14.8021 -0.000716994  -0.00298253  -0.00493706    -0.019971  -0.00196852 -0.000565816 180.013       0       0 -0.13     0 -1.03  -0.00173897  8.46085e-05 -0.000826144 0.000213341 -0.00031667 -0.00151622 -0.00115329 0.000364225 -0.00202649 0.0878291 0.0675785   9.80837 
             15.0021 -0.000680502  -0.00355051   0.00677807  -0.0258293 -0.00487654  0.00023852 180.013       0       0 -0.13     0 -1.03  -0.0152738 -0.00714007  0.00191933  0.000223526 -0.000332671  -0.00152627 -0.000736395  0.000583824  -0.00220881 0.0874728 0.0673906   9.80838 
             15.2034 -0.00074054  -0.0032519   0.0116796   -0.0205708  -0.00295243 -0.000100132 180.013       0       0 -0.13     0 -1.03 0.00437596 0.00123667  0.0003274 0.000226419 -0.00034064 -0.00152995 -0.00145988 0.000296773 -0.00210415 0.0880882 0.0676344   9.80837 
             15.6022 -0.000839319  -0.00325532    0.0148218    -0.020253  -0.00188106 -0.000635267 180.013       0       0 -0.13     0 -1.03  0.00229548  0.00207148 -0.00108656  0.000228231 -0.000333377   -0.0015331 -0.00136667 0.000255561 -0.00204327 0.0880097 0.0676696   9.80837 
             15.8022 -0.000657413  -0.00325112   0.00547253  -0.0218032  -0.0031973 2.21922e-05 180.013       0       0 -0.13     0 -1.03  -0.00218604 -0.000996827  0.000549465  0.000224138 -0.000330927  -0.00152531 -0.00124476 0.000366457 -0.00215462 0.0879065 0.0675752   9.80837 
             16.0035 -0.000597333  -0.00305611   0.00297071   -0.019941 -0.00423277 5.23995e-05 180.013       0       0 -0.13     0 -1.03   0.00338839  -0.00280593 -1.28526e-05  0.000224453 -0.000331848  -0.00152464 -0.00140642  0.00043065 -0.00214809 0.0880419  0.067522   9.80837 
             16.2023 -0.000739143   -0.0032982    0.0150578   -0.0232608  -0.00422097 -5.40376e-05 180.013       0       0 -0.13     0 -1.03  -0.00634173  -0.00156453 -0.000364974  0.000225268 -0.000327373  -0.00153265 -0.00105022 0.000364541 -0.00213581 0.0877448 0.0675771   9.80837 
             16.4022 -0.00100477 -0.00333719  0.00164824   -0.0230062  -0.00246072 -0.000437425 180.013       0       0 -0.13     0 -1.03 -0.00253359  0.00329047 -0.00114966  0.000231365 -0.000329927  -0.00152111 -0.00119504 0.000154865  -0.0020787 0.0878655 0.0677519   9.80837 
             16.6022 -0.000746366  -0.00315608   0.00280127   -0.0178376  -0.00211516 -0.000429247 180.013       0       0 -0.13     0 -1.03    0.0111379   0.00234933 -0.000174879  0.000232282 -0.000320867   -0.0015211 -0.00180058 0.000198566 -0.00211425 0.0883673 0.0677163   9.80837 
             16.8036 -0.000620603  -0.00327673    0.0121875   -0.0204247  -0.00339869 -0.000199547 180.013       0       0 -0.13     0 -1.03 -0.000333718  -0.00206569  0.000789115  0.000237016 -0.000335988  -0.00152784 -0.00128864 0.000381466 -0.00216046  0.087944 0.0675647   9.80837 
             17.0023 -0.000556537  -0.00364801    0.0186401  -0.0256438 -0.00226436 4.28634e-05 180.013       0       0 -0.13     0 -1.03 -0.0128989 0.00216871 0.00115446   0.00023149 -0.000350598  -0.00153365 -0.000748035  0.000211944  -0.00217669 0.0874985 0.0677036   9.80838 
             17.2023 -0.000882626  -0.00333569   0.00602368  -0.0203102  -0.0019875 -5.5601e-05 180.013       0       0 -0.13     0 -1.03  0.00676056  0.00146829 0.000677278  0.000231061 -0.000359471  -0.00152792 -0.00142781 0.000228512 -0.00213309 0.0880566  0.067692   9.80837 
             17.4023 -0.000762636  -0.00326065   0.00114976  -0.0205488 -0.00385489 -0.00025741 180.013       0       0 -0.13     0 -1.03   0.00320117  -0.00365929 -0.000340585 0.000220333 -0.00035225 -0.00152571 -0.00129688 0.000415813 -0.00208634 0.0879504 0.0675393   9.80837 
             17.8023 -0.000477758  -0.00325518   0.00503352  -0.0185096 -0.00295581 -0.00152984 180.013       0       0 -0.13     0 -1.03  0.00442944 0.000441418 -0.00205111  0.000218058 -0.000350894   -0.0015294   -0.001342 0.000263159 -0.00195945 0.0879881 0.0676641   9.80837 
             18.2037 -0.000544949  -0.00338746  -0.00621083  -0.0239057 -0.00196963 0.000565778 180.013       0       0 -0.13     0 -1.03 -0.00609638  0.00173879  0.00205777 0.000216616 -0.00035895 -0.00151945 -0.00103165 0.000219748 -0.00222631  0.087735 0.0676977   9.80837 
             18.4037 -0.000666736  -0.00416812   0.00716714    -0.025686   -0.0019835 -0.000451926 180.013       0       0 -0.13     0 -1.03  -0.00669533  0.000776188 -0.000444628   0.00021515 -0.000350851  -0.00152889 -0.00100715 0.000231954 -0.00209287 0.0877161 0.0676888   9.80837 
             18.6024 -0.000595026  -0.00402914   0.00499924  -0.0245262 -0.00483487 0.000314252 180.013       0       0 -0.13     0 -1.03 -0.000839871  -0.00652373   0.00197325  0.000189364 -0.000370844  -0.00152538 -0.00116912 0.000436196 -0.00222727 0.0878439 0.0675251   9.80837 
             18.8024 -0.00052295  -0.0042328 0.000662224   -0.0248997  -0.00253943 -0.000373268 180.013       0       0 -0.13     0 -1.03  -0.00153849   0.00239261 -0.000815879  0.000185806 -0.000370278  -0.00152393 -0.00114029 9.88248e-05 -0.00205125 0.0878221  0.067794   9.80837 
             19.0037 -0.000614615  -0.00364163   0.00663425   -0.0227918  -0.00205254 -0.000185345 180.013       0       0 -0.13     0 -1.03   0.00394238   0.00242816 -0.000329614  0.000185527 -0.000366074  -0.00152809 -0.00136663 0.000105317 -0.00211299  0.088001 0.0677885   9.80837 
             19.2037 -0.000701023  -0.00346822    0.0120877  -0.0227983 -0.00150959 0.000124595 180.013       0       0 -0.13     0 -1.03  0.00239378  0.00294326 0.000674408   0.00018501 -0.000364387   -0.0015326 -0.00129561 0.000104137 -0.00216243 0.0879446 0.0677891   9.80837 
             19.4024 -0.000533332  -0.00405463    0.0112671  -0.0282274 -0.00576125  0.00049967 180.013       0       0 -0.13     0 -1.03 -0.0113157 -0.0080939   0.001317  0.000171869 -0.000347979  -0.00153427 -0.000803173  0.000518803  -0.00219665 0.0875583 0.0674631   9.80838 
             19.6024 0.000324624 -0.00447073    0.017747   -0.0277473  -0.00927268 -0.000693291 180.013       0       0 -0.13     0 -1.03 -0.00498986   -0.012862  -0.0020878  0.000173904 -0.000343997   -0.0015401 -0.00105365 0.000702525 -0.00196298  0.087756 0.0673214   9.80838 
             20.2024 -0.000439082  -0.00437722     0.010834   -0.0269341   0.00338932 -0.000288176 180.013       0       0 -0.13     0 -1.03 -0.000750476    0.0123777  5.75177e-05  0.000140653 -0.000337426  -0.00153554  -0.00123439 -0.000291329  -0.00210417 0.0878939  0.068095   9.80837 
             20.6024 -0.000467484  -0.00455742   0.00705853   -0.0272329  -0.00800348 -0.000386847 180.013       0       0 -0.13     0 -1.03  -0.00018754  -0.00789764 -0.000445728   0.00015644 -0.000336752  -0.00153388 -0.00122622 6.99053e-05 -0.00209835 0.0878884 0.0678155   9.80837 
             21.0024 -0.000544578   -0.0043239    0.0117782  -0.0261107   -0.002445 0.000250736 180.013       0       0 -0.13     0 -1.03  -0.00279247   0.00402629 -8.23956e-05  0.000151661 -0.000338838  -0.00153534  -0.00124962 -0.000103313  -0.00217061 0.0879055 0.0679469   9.80837 
             21.2025 -0.000490319  -0.00448665   0.00931549   -0.0333438  -0.00535878 -0.000826449 180.013       0       0 -0.13     0 -1.03  -0.0776545 -0.00487764 -0.00339049  0.000156361 -0.000342275  -0.00153186 -0.00116352 8.03714e-05 -0.00210439 0.0878409 0.0678073   9.80837 
             21.4039 -0.000127172  -0.00368055    0.0603022   -0.0419188 -0.000830422  -0.00048704 180.013       0       0 -0.13     0 -1.03  -0.136771 0.00992604  0.0130492  0.000125309 -0.000360951  -0.00165874  -0.00234143 -0.000242176  -0.00213753   0.08873 0.0680512   9.80836 
             21.6038 -0.000642412   -0.0009518     0.170778 -0.00718148   -0.012307  0.00119837 180.013       0       0 -0.13     0 -1.03  0.0231901 -0.0317232 0.00808356  0.000163436 -0.000260717  -0.00177606 -0.00734615  0.00100859  -0.0021565 0.0924911 0.0670986   9.80833 
             21.8025 -0.000998925   0.00686046      0.30078   0.0782037   -0.027531 -0.00197993 180.013       0       0 -0.13     0 -1.03   0.257785 -0.0413634 -0.0201175 0.000168541 5.35209e-05 -0.00196141  -0.0140265  0.00217877 -0.00185689 0.0975262 0.0663046   9.80829 
             22.0025 -0.000698999    0.0119852     0.145702   0.0841555  -0.0167782 -0.00321169 180.013       0       0 -0.13     0 -1.03   0.180477 0.00899969 -0.0185933  0.000131305 -6.82406e-05  -0.00174604 -0.00994693 0.000261627 -0.00231283 0.094372  0.06753  9.80831 
             22.2038 -0.00162447   0.0123523   0.0194346   0.0588845  0.00985538 -0.00164019 180.013       0       0 -0.13     0 -1.03 0.00247511  0.0697737  -0.012173  0.000182522 -7.82861e-05  -0.00173243 -0.00522354 -0.00211841 -0.00302749 0.0906589 0.0689018   9.80834 
             22.4039 -0.00130863   0.0133141    0.373454   0.0668123  -0.0107269 -0.00186643 180.013       0       0 -0.13     0 -1.03 -0.0327143 -0.0198307 -0.0072014  4.74372e-05 -0.000102255  -0.00215144 -0.00636554 0.000646328  -0.0032039 0.0915843 0.0668937   9.80834 
             22.6025 -0.00250342   0.0177113    0.551539    0.123208  -0.0281055 -0.00171032 180.013       0       0 -0.13     0 -1.03   0.119696 -0.0565546  -0.017152   3.6353e-05 -0.000147323  -0.00230422  -0.0114584   0.0020075 -0.00356369 0.0953544 0.0659924   9.80831 
             22.8026 -0.00204507   0.0264335    0.487359    0.196372  -0.0560908 -0.00321326 180.013       0       0 -0.13     0 -1.03   0.281596 -0.0969466 -0.0207601  3.88367e-05 -2.13466e-06  -0.00216594  -0.0147565  0.00386807 -0.00379317 0.0979637 0.0649623    9.8083 
             23.0039 -0.000904944    0.0334187     0.592378     0.231806   -0.0522744 -0.000995069 180.013       0       0 -0.13     0 -1.03    0.229128  -0.0362612 -0.00336119  8.30769e-06 -1.02435e-06  -0.00228129  -0.0130367  0.00182283 -0.00468713 0.0964219 0.0661727    9.8083 
             23.2039 -0.00281196   0.0351038    0.289683    0.174047 -0.00842262 -0.00152997 180.013       0       0 -0.13     0 -1.03 -0.0762182  0.0908029  -0.010777  6.53978e-05 -2.72798e-05  -0.00205403 -0.00607559 -0.00276066  -0.0046552 0.0907544 0.0683727   9.80834 
             23.4039 -0.00575191    0.036357    0.407277    0.220347 -0.00199729 -0.00260437 180.013       0       0 -0.13     0 -1.03  0.0533382  0.0653559 -0.0376277  2.71582e-05 -0.000318165  -0.00216363  -0.0106296 -0.00134466 -0.00466365 0.0941958 0.0680431   9.80831 
             23.6039 -0.00792652    0.046436    0.509635    0.304379   -0.027524 -0.00981415 180.013       0       0 -0.13     0 -1.03    0.20069 -0.0284213 -0.0510573  1.42071e-07 -0.000419069  -0.00220979  -0.0159732  0.00194746 -0.00492709 0.0983354 0.0662541   9.80828 
             23.8026 -0.00494016   0.0555661    0.459927   0.363347 -0.0286814 0.00764382 180.013       0       0 -0.13     0 -1.03   0.237251 -0.0231644   0.084322   6.1308e-05 -0.000440055  -0.00222138  -0.0172634  0.00161003 -0.00695701 0.0992327 0.0666213   9.80827 
             24.0039 -0.00756672   0.0643433    0.588239    0.386208 -0.00790003  0.00312871 180.013       0       0 -0.13     0 -1.03    0.162163   0.0453287 -0.00538824  0.000193455 -0.000342717  -0.00239355    -0.015915 -0.000107551  -0.00510515 0.0980521 0.0676664   9.80828 
              24.204 -0.0105865  0.0730631   0.759769    0.462505 -0.00619058 -0.00507305 180.013       0       0 -0.13     0 -1.03    0.269133   0.0149386 -0.00749305  0.000184025 -0.000604678  -0.00247757  -0.0183714 0.000493944 -0.00456859 0.0998524 0.0675679   9.80826 
             24.4026 -0.0110292  0.0848426   0.940299   0.539173 -0.0294295 0.00490425 180.013       0       0 -0.13     0 -1.03   0.314553 -0.0467117  0.0577007  1.49439e-05 -0.000714731  -0.00276471  -0.0195832  0.00231626 -0.00555513  0.100981 0.0665053   9.80825 
             24.6027 -0.0107929  0.0942513   0.955103    0.56358 -0.0252524 0.00102484 180.013       0       0 -0.13     0 -1.03    0.227043 -0.00660869 -0.00438223 -5.34374e-05 -0.000679871  -0.00280632  -0.0167721 0.000884754 -0.00422093 0.0987848 0.0668592   9.80827 
              24.804 -0.0108255   0.103144   0.992178   0.628311 -0.0114705 -0.0123372 180.013       0       0 -0.13     0 -1.03   0.270674  0.0269205 -0.0652772 1.08465e-05 -0.00067181 -0.00281742   -0.0181753 -0.000158642  -0.00395833 0.0994291 0.0679061   9.80826 
              25.004 -0.0146522   0.116207    1.11402    0.731417  -0.0299949 -0.00263037 180.013       0       0 -0.13     0 -1.03    0.386076  -0.0281404 -0.00890659 -0.000140664 -0.000902562  -0.00288503  -0.0209605  0.00193794 -0.00658498  0.101848 0.0673285   9.80824 
             25.2026 -0.0166102   0.130137    1.00875   0.760361 -0.0202317 0.00376243 180.013       0       0 -0.13     0 -1.03     0.248261   0.00245796 -0.000358569  1.22336e-05 -0.000636607  -0.00285785  -0.0186286 0.000492795 -0.00674838 0.0999402 0.0675433   9.80826 
             25.4027 -0.0144882   0.132211    1.09221    0.787628 -0.00972704 -0.00549944 180.013       0       0 -0.13     0 -1.03    0.178214   0.0264608 -0.00194449  5.97573e-05 -0.000636817  -0.00297211    -0.017733 -0.000356479  -0.00572457 0.0991154 0.0677993   9.80826 
              25.604 -0.0149382   0.146161    1.27693     0.909135  -0.00429826 -0.000863011 180.013       0       0 -0.13     0 -1.03   0.411368   0.019078 -0.0121853  0.000125698 -0.000864695  -0.00318003  -0.0234944 0.000678504 -0.00651207   0.10303 0.0688003   9.80822 
              25.804 -0.0169837   0.165137    1.52141     1.01815  -0.0345162 -0.00910865 180.013       0       0 -0.13     0 -1.03   0.480129  -0.066701 -0.0683099 -4.07594e-06 -0.000918796  -0.00336375  -0.0246263  0.00310013 -0.00641761  0.104473 0.0676554   9.80821 
             26.0027 -0.020165  0.177396   1.53927      1.05323   -0.0312203 -0.000767919 180.013       0       0 -0.13     0 -1.03   0.298488 -0.0352056  0.0403943  0.00016654 -0.00065215 -0.00335102  -0.0216937  0.00132107 -0.00765727 0.102109 0.067619  9.80824 
             26.2027 -0.0222451   0.187769    1.63563    1.12253 -0.0380941 0.00601842 180.013       0       0 -0.13     0 -1.03   0.298879 -0.0504533   0.045895 0.000112294 -0.00067725 -0.00341237 -0.0223215  0.0015116 -0.0077546  0.102536 0.0677779   9.80823 
             26.4041 -0.0267031    0.20078    1.62893    1.22678 -0.0352616 0.00107424 180.013       0       0 -0.13     0 -1.03    0.403909 -0.00064385   0.0372701  0.000207253 -0.000892621  -0.00338823  -0.0248451  0.00174337 -0.00645986  0.103962 0.0686832   9.80821 
             26.6041 -0.0288638   0.217356     1.6526      1.3132 -0.00895406  0.00165282 180.013       0       0 -0.13     0 -1.03   0.40835 0.0581705 0.0106331  0.000381269 -0.000959843  -0.00345069  -0.0257196 1.74813e-05 -0.00611055  0.103653 0.0699812    9.8082 
             26.8028 -0.032491   0.23535    1.7934     1.40664 -0.00955311 -0.00276335 180.013       0       0 -0.13     0 -1.03   0.435222  0.0483114 -0.0211265 0.000314019  -0.0010904 -0.00366603   -0.026259  0.00138033 -0.00578774  0.104522 0.0694974    9.8082 
             27.0041 -0.0345341   0.248601    1.93752    1.48189 -0.0384461  0.0126136 180.013       0       0 -0.13     0 -1.03  0.384942 -0.075575  0.101248 8.78481e-05  -0.0010311 -0.00373574  -0.0249591   0.0033581 -0.00652216  0.104724 0.0679157   9.80821 
             27.2041 -0.037649  0.261898   1.99615    1.58431 -0.0273999  0.0177702 180.013       0       0 -0.13     0 -1.03    0.445233 -0.00722194     0.10299 0.000199639 -0.00114819 -0.00385025  -0.0266087  0.00235636 -0.00499442  0.105022 0.0690997   9.80819 
             27.4042 -0.044129   0.27996   2.18985    1.68787 -0.0268672  0.0139594 180.013       0       0 -0.13     0 -1.03  0.477551 0.0026964  0.100361 0.000209218 -0.00128874 -0.00398124  -0.0275307  0.00265579 -0.00221237  0.105499 0.0693375   9.80819 
             27.6041 -0.0454076   0.296138     2.2781    1.80929 -0.0356263 0.00511506 180.013       0       0 -0.13     0 -1.03   0.551199 -0.0260157   0.020365 0.000235665 -0.00142934 -0.00402671   -0.0286832   0.00359203 -3.34144e-05  0.106424 0.0695119   9.80818 
             27.8028 -0.0496679    0.31324    2.39272   1.89999 -0.039266 0.0152298 180.013       0       0 -0.13     0 -1.03   0.500601 0.00365566    0.10033 0.000226155 -0.00139983   -0.004168  -0.0276697  0.00322825 0.000531205  0.105779 0.0691072   9.80819 
             28.0041 -0.0556329   0.327608    2.46933     1.94418  -0.0307306 -0.00214349 180.013       0       0 -0.13     0 -1.03     0.378941 -0.000466764    -0.118353 0.000192698  -0.0010738 -0.00426691  -0.0243494 0.000923607  0.00283018  0.103096 0.0681145   9.80822 
             28.2055 -0.0583825   0.344229    2.63269    2.09157 -0.0297534 0.00550968 180.013       0       0 -0.13     0 -1.03   0.55187 0.0173069 0.0707344 0.000335123 -0.00133619 -0.00434039 -0.0279992 0.00260735 0.00179616 0.105512 0.069597  9.80819 
             28.4042 -0.0593563   0.351814    2.67335      2.20765   0.00359161 -0.000291934 180.013       0       0 -0.13     0 -1.03   0.581062  0.0846709 -0.0313274 0.000553943 -0.00125993 -0.00430891  -0.028981 0.00107969 0.00242616  0.104862 0.0707123   9.80818 
             28.6028 -0.0624381   0.371157    2.75259    2.31203 -0.0383059 -0.0018863 180.013       0       0 -0.13     0 -1.03   0.559641 -0.0788595 -0.0387805 0.000216222 -0.00125337 -0.00433268  -0.026396 0.00442234 0.00165157  0.106167 0.0680886   9.80819 
             28.8042 -0.0638662   0.380658    2.83568      2.38368   -0.0375298 -0.000728107 180.013       0       0 -0.13     0 -1.03   0.456371 -0.0410099  -0.010487 0.000358072 -0.00105361 -0.00448102  -0.0242664   0.0021609 0.000732986  0.104128 0.0675149   9.80821 
             29.0042 -0.0723682   0.401629    3.11493    2.47137 -0.0194226  0.0253424 180.013       0       0 -0.13     0 -1.03  0.49567 0.015411 0.177262  0.000460725 -0.000979463  -0.00477618   -0.0245473  0.000216309 -0.000459845 0.103092 0.068349  9.80822 
             29.4029 -0.0717496   0.412552    3.13575    2.72094 -0.0416577 0.00901582 180.013       0       0 -0.13     0 -1.03   0.612674 -0.0337555 -0.0160273  0.000446298 -0.000982161  -0.00479631 -0.0252151 0.00153772  0.0026882  0.103974 0.0682147   9.80821 
             29.6043 -0.0722546   0.438553    3.13867     2.67454  -0.0262085 -0.00313914 180.013       0       0 -0.13     0 -1.03   0.262745 0.00138666  -0.017609  0.000638975 -0.000812576  -0.00469866  -0.0212013 -0.00175469  0.00325964 0.100836  0.06628  9.80826 
             29.8043 -0.0739025   0.441101    3.16407    2.77398 -0.0125969 0.00243922 180.013       0       0 -0.13     0 -1.03    0.429366   0.0488687 -0.00529338  0.000589912 -0.000884731  -0.00483862   -0.023488 -0.00113413  0.00180995  0.101813 0.0676891   9.80824 
             30.0042 -0.0752126   0.451738    3.43571    2.87307 0.00317199   0.019388 180.013       0       0 -0.13     0 -1.03 0.686008 0.109051 0.102159  0.000560088 -0.000821203  -0.00507245  -0.0230251 -0.00134292  0.00133946  0.101591 0.0674778   9.80824 
             30.2029 -0.0810648   0.459923    3.48652    3.01992 -0.0251414  0.0123581 180.013       0       0 -0.13     0 -1.03   0.810917 -0.0170007  0.0221008  0.000303828 -0.000461485  -0.00501688  -0.0210528 0.000954969  0.00328213  0.102524 0.0655641   9.80825 
             30.4043 -0.0895426   0.471467    3.24171    3.06434 0.00812523 -0.0134451 180.013       0       0 -0.13     0 -1.03   0.515019  0.0786715 -0.0531376 0.000628305 0.000160287  -0.0047991 -0.0169448  -0.004645 0.00559369 0.0977235 0.0633258   9.80831 
             30.6043 -0.087364  0.479322   3.24535     2.7888 -0.0331159  0.0138716 180.013       0       0 -0.13     0 -1.03  -0.472344 -0.0556902   0.048704 0.000411505  0.00195718 -0.00480521 0.00436564 -0.0139117 0.00260545 0.0878398 0.0507743   9.80848 
             30.8042 -0.0787949   0.463127    3.20252    2.80612 -0.0384673 0.00128972 180.013       0       0 -0.13     0 -1.03  -0.208388 -0.0433811 -0.0113028 0.000396441  0.00125226  -0.0047797 -0.00181957  -0.0107327  0.00440823  0.091228 0.0539789   9.80843 
             31.0043 -0.0790542   0.463337    3.20261    2.82699 -0.0157691 0.00199808 180.013       0       0 -0.13     0 -1.03  -0.0680897   0.0315556 -0.00311272 0.000533415 0.000893695 -0.00476129 -0.00674784  -0.0104781  0.00403413 0.0925635 0.0570543    9.8084 
             31.2043 -0.0812485   0.467865    3.22642    2.85737 -0.0111178 0.00263556 180.013       0       0 -0.13     0 -1.03  0.0468937   0.059873 0.00287726 0.000502481 0.000708277 -0.00475355 -0.00882185 -0.00903215  0.00394957 0.0939602 0.0580247   9.80838 
             31.6044 -0.0819747   0.471073    3.25839    2.86366 0.00490848  0.0032208 180.013       0       0 -0.13     0 -1.03 -0.0389723   0.134841  0.0151945 0.000331419 0.000689691 -0.00476757 -0.00837745 -0.00777941  0.00399904  0.094638 0.0574604   9.80838 
             32.0045 -0.0820411   0.459404    3.48675   2.77662  0.113391 0.0100972 180.013       0       0 -0.13     0 -1.03 -0.112807  0.258108   0.04016 0.000500695  0.00111207 -0.00498849 -0.00654859   -0.009953  0.00418562  0.092863 0.0568387    9.8084 
             32.2045 -0.0948609   0.470961    3.33044    2.89089   0.135059 0.00796432 180.013       0       0 -0.13     0 -1.03   0.16518  0.207471 0.0466923 0.000265479 0.000179875 -0.00481964   -0.009649 -0.00733958  0.00488043 0.0950903 0.0582066   9.80837 
             32.6044 -0.0974423   0.470135     3.3793    2.83945   0.209004 -0.0208521 180.013       0       0 -0.13     0 -1.03 -0.0603233   0.171094   -0.12149 0.000390775 0.000811636 -0.00478707 -0.00695818 -0.00910395  0.00609158 0.0934022 0.0566375   9.80839 
             32.8045 -0.110944  0.472822   3.13888     2.84882    0.263638 -0.00301664 180.013       0       0 -0.13     0 -1.03 -0.024598   0.20917 -0.049685 0.000663857 0.000684332 -0.00456374 -0.00804384 -0.00942682  0.00334504 0.0935249 0.0574832   9.80839 
             33.0045 -0.112791  0.467552   3.30906    2.82605   0.306728 -0.0134059 180.013       0       0 -0.13     0 -1.03 -0.057117  0.205233 -0.111255 0.000666954 0.000783945 -0.00460905 -0.00720904   -0.010122  0.00206323 0.0930129 0.0571678   9.80839 
             33.2058 -0.117458  0.474048    3.1995    2.8512  0.374722 0.0190852 180.013       0       0 -0.13     0 -1.03 0.0229013  0.299582  0.128729 0.000729108 0.000721307 -0.00458752  -0.00916093   -0.0102745 -0.000169766  0.093525 0.0585228   9.80838 
             33.4031 -0.123517  0.475019   3.31962     2.86028    0.370214 -0.00248185 180.013       0       0 -0.13     0 -1.03  0.0347007  0.0921711 -0.0885047 0.000393064 0.000748707 -0.00463424 -0.00826453 -0.00800822  0.00132333 0.0945535 0.0573878   9.80838 
             33.8046 -0.127776  0.477661   3.21704     2.86685    0.435958 -0.00193356 180.013       0       0 -0.13     0 -1.03  0.0196691   0.102495 -0.0514181 0.000629102 0.000811005 -0.00461303 -0.00899026  -0.0098555 0.000255804 0.0936941 0.0583174   9.80838 
             34.0046 -0.134819  0.480344   3.37275     2.87792    0.511107 -0.00356129 180.013       0       0 -0.13     0 -1.03  0.0561508   0.255247 -0.0618734 0.000799467 0.000738084 -0.00466622   -0.0100921   -0.0116743 -0.000507277 0.0929146 0.0594191   9.80838 
             34.2047 -0.140138  0.477532   3.32684    2.84867   0.533231 0.00701117 180.013       0       0 -0.13     0 -1.03 -0.0690669   0.178331  0.0763562 0.000796713 0.000821077 -0.00460755 -0.00814809  -0.0114263 -0.00157948 0.0926739 0.0582988   9.80839 
             34.4032 -0.141934  0.476253    3.1395   2.84352  0.623641 0.0198105 180.013       0       0 -0.13     0 -1.03 -0.0443659   0.341714   0.117165  0.00103765 0.000780733 -0.00445166 -0.00975806  -0.0136341 -0.00089872 0.0916435 0.0596553   9.80839 
             34.6058 -0.147991  0.476915   3.05887    2.83684   0.658051 0.00510854 180.013       0       0 -0.13     0 -1.03 -0.0461513   0.275283  0.0192394 0.000864204 0.000748022 -0.00427322 -0.00893495  -0.0111452   0.0024971 0.0927393 0.0583907   9.80839 
             34.8047 -0.153174  0.481219   2.90968    2.86271   0.693533 0.00983831 180.013       0       0 -0.13     0 -1.03 0.0249335  0.205812 0.0539478  0.00087847 0.000563679 -0.00413237  -0.0108076 -0.00892483  0.00336759 0.0943599 0.0588681   9.80837 
             35.0032 -0.158415  0.487938   3.06527    2.89262     0.7169 -0.0172171 180.013       0       0 -0.13     0 -1.03 0.0627177  0.161168 -0.186358 0.000719704 0.000392994 -0.00429034  -0.0121567 -0.00717666  0.00526421 0.0955287 0.0590164   9.80836 
             35.2032  -0.1628 0.482065  2.90389     2.81609    0.801834 -0.00606261 180.013       0       0 -0.13     0 -1.03   -0.193463    0.342107 -0.00274267 0.000859407 0.000490333 -0.00426458 -0.00903116  -0.0109075  0.00305423 0.0928161 0.0586463   9.80839 
             35.6045 -0.164435  0.478492   3.04351  2.81884  0.90784 0.015668 180.013       0       0 -0.13     0 -1.03 -0.0818223   0.286735  0.0753971 0.000923957 0.000468246 -0.00448274  -0.0108358 -0.00908049  0.00218626 0.0942718 0.0590577   9.80837 
             36.0032 -0.184524  0.493958     3.131   2.89093   1.00453 0.0455038 180.013       0       0 -0.13     0 -1.03 0.0460593  0.207174  0.134617 0.000860319 0.000494645 -0.00449622  -0.0146035 -0.00822478  0.00406933 0.0956312 0.0605732   9.80835 
             36.2046 -0.194996  0.496509   2.94542   2.84408    1.0907 0.0138083 180.013       0       0 -0.13     0 -1.03 -0.0542943   0.279148  0.0506256  0.00113152  0.00051691 -0.00416924 -0.0138425 -0.0107036 0.00971649 0.0938447 0.0602686   9.80837 
             36.4046 -0.202303  0.494877   2.72418     2.85439      1.1501 -0.00351686 180.013       0       0 -0.13     0 -1.03 -0.00196388    0.313226   -0.060422  0.00111452 0.000442734 -0.00393115 -0.0150515 -0.0102463  0.0118063 0.0942779 0.0606888   9.80836 
             36.6033 -0.208741  0.507009   2.82768    2.89795    1.19395 -0.0112826 180.013       0       0 -0.13     0 -1.03 0.0750595  0.236111 -0.149422   0.0010118  0.00034103 -0.00402247  -0.0174609 -0.00804801    0.010593 0.0960936 0.0613742   9.80834 
             36.8033 -0.216497  0.514605   2.79675    2.87334    1.25337 -0.0252014 180.013       0       0 -0.13     0 -1.03 -0.0549802   0.245306  -0.117642  0.00116786 0.000490194 -0.00402635  -0.0154124 -0.00980706  0.00848543 0.0948687 0.0611922   9.80835 
              37.006 -0.220105  0.506638   2.83283   2.86213   1.31865 0.0145124 180.013       0       0 -0.13     0 -1.03 -0.0103657    0.29427  0.0787077  0.00110384 0.000589724 -0.00399696 -0.0150431 -0.0104233 0.00342982 0.0947336 0.0615826   9.80835 
              37.206 -0.229961   0.51947   2.89826     2.93275        1.36 -0.00961728 180.013       0       0 -0.13     0 -1.03    0.16336   0.252646 -0.0644052 0.000988846 0.000293896  -0.0040142  -0.0185335 -0.00828097  0.00491607 0.0966642 0.0624013   9.80833 
             37.4046  -0.2417 0.526795  2.89898     2.903   1.44336 0.0176327 180.013       0       0 -0.13     0 -1.03 0.0287446  0.351266  0.094018  0.00102417 0.000557184  -0.0039101  -0.016187 -0.0106837  0.0030622  0.094983 0.0622174   9.80834 
             37.6046 -0.254523   0.53501    2.7365   2.90451   1.49815 0.0154653 180.013       0       0 -0.13     0 -1.03 -0.0003537   0.326118  0.0644507 0.000939126 0.000563171 -0.00378661  -0.0159711 -0.00990546  0.00544294 0.0951578 0.0616756   9.80834 
              37.806 -0.25799 0.538006  2.64517   2.88622   1.56365 0.0119713 180.013       0       0 -0.13     0 -1.03 -0.0357903   0.303145 -0.0092435 0.000897913 0.000606447 -0.00359152 -0.0149462 -0.0107065 0.00678983 0.0944302 0.0613099   9.80835 
              38.006 -0.262699  0.536971   2.67605    2.92689    1.59943 -0.0189848 180.013       0       0 -0.13     0 -1.03 0.0570075    0.2408  -0.17007 0.000781121 0.000392679 -0.00367112  -0.0176097 -0.00784122  0.00790048 0.0963803 0.0614939   9.80833 
             38.4047 -0.270416  0.539141   2.61809    2.86893    1.72377 -0.0121796 180.013       0       0 -0.13     0 -1.03  -0.0792738    0.200625 -0.00747298 0.000896188  0.00061773   -0.003659 -0.0152861 -0.0104004 0.00413797 0.0948911 0.0616733   9.80835 
             38.8061 -0.286066  0.553257   2.73136   2.96871   1.84587 0.0244197 180.013       0       0 -0.13     0 -1.03   0.100666   0.248022 0.00712195 0.000797592  0.00036498 -0.00372374 -0.0185951 -0.0100606  0.0015893 0.0962237 0.0631447   9.80832 
             39.0048 -0.29286 0.545647   2.5273     2.92111     1.93232 0.000708751 180.013       0       0 -0.13     0 -1.03  0.0190887   0.328562 -0.0544285  0.00120538 0.000792563 -0.00347986 -0.0169623 -0.0120313   0.003628 0.0948055 0.0628737   9.80834 
              39.206 -0.297324  0.547624   2.36492    2.92102    1.99995 -0.0172988 180.013       0       0 -0.13     0 -1.03 0.00768708   0.315624  -0.120741  0.00124296 0.000762772 -0.00337369 -0.0169479 -0.0124066 0.00292925 0.0946756 0.0630049   9.80834 
             39.6048 -0.304171   0.55017    2.4063    3.03164    2.08821 -0.0308329 180.013       0       0 -0.13     0 -1.03  0.155207  0.252247 -0.139683   0.0010836 0.000519238 -0.00341452  -0.0196689   -0.010033 0.000568433 0.0964543 0.0635435   9.80832 
             39.8048 -0.314359  0.556382   2.44144    2.90475     2.1612 0.00651569 180.013       0       0 -0.13     0 -1.03 -0.153066   0.26479  0.026458   0.0012887  0.00144031 -0.00344912  -0.0141921  -0.0122437 -0.00320287 0.0940907 0.0627615   9.80835 
             40.0062 -0.319671  0.552564   2.45908     2.92756     2.20708 0.000335674 180.013       0       0 -0.13     0 -1.03  -0.014349  0.0578873 -0.0969281  0.00138715 0.000976934 -0.00346026  -0.0165869  -0.0120862 -0.00287688 0.0949251 0.0634728   9.80834 
             40.2061 -0.328298  0.567507   2.57073     2.9665    2.23869 -0.0103429 180.013       0       0 -0.13     0 -1.03   0.101825 0.00960451 -0.0800555  0.00154266 0.000829021 -0.00343677  -0.0188349  -0.0133122 -0.00347357 0.0952762 0.0646686   9.80832 
             40.4048 -0.337433  0.577199   2.56781    2.99872     2.2471 0.00624541 180.013       0       0 -0.13     0 -1.03  0.197101 0.0256105 0.0029406  0.00151864 0.000830501 -0.00344095  -0.0190625  -0.0134899 -0.00484218 0.0953837 0.0648833   9.80832 
             40.6062 -0.336414  0.571794   2.38095  2.97611  2.25318 0.010244 180.013       0       0 -0.13     0 -1.03    0.156717   0.0511071 -0.00146844  0.00143771  0.00125874 -0.00332518 -0.0145809 -0.0149095 -0.0052586 0.0935436 0.0637818   9.80835 
             40.8062 -0.333205  0.568145   2.38042 2.94886 2.24341 0.01058 180.013       0       0 -0.13     0 -1.03  0.0408645 -0.0129121  0.0399609  0.00137015  0.00144952 -0.00310917 -0.00964567  -0.0148951 -0.00486977 0.0919815  0.062063   9.80837 
             41.0048 -0.337413  0.561862   2.08236    2.8452   2.24338 0.0271119 180.013       0       0 -0.13     0 -1.03   -0.27112 -0.0115544    0.11041  0.00140044  0.00131689 -0.00291112 -0.00158215  -0.0176677 -0.00467565 0.0885038 0.0603208   9.80842 
             41.2049 -0.326476    0.5439   2.01194   2.77362   2.26356 0.0164862 180.013       0       0 -0.13     0 -1.03 -0.299637 0.0394936  0.040039  0.00143214  0.00129713 -0.00286474 -0.00107226  -0.0195072  -0.0021474 0.0876843 0.0605958   9.80842 
             41.4048 -0.330969  0.542432   2.11871   2.75958   2.24766 0.0084887 180.013       0       0 -0.13     0 -1.03  -0.158275 -0.0401153 -0.0052591  0.00132137  0.00118702 -0.00296123 -0.00310464  -0.0179771 -0.00108872 0.0886724 0.0604249   9.80841 
             41.6062 -0.326889  0.531453   1.90707    2.70931    2.25002 0.00935921 180.013       0       0 -0.13     0 -1.03   -0.192118  -0.0306869 -0.00011606  0.00131604  0.00118835 -0.00262107 -0.00181975  -0.0191819 -0.00160604 0.0879909 0.0606102   9.80842 
             42.0047 -0.324413  0.521902    1.7748     2.58288     2.22515 0.000369714 180.013       0       0 -0.13     0 -1.03  -0.294735 -0.0763694 -0.0250884  0.00130459   0.0010973 -0.00242598 0.000479605  -0.0192342  -0.0016152 0.0871746 0.0600916   9.80843 
             42.2046 -0.326569  0.506146   1.67108   2.50164   2.24003 0.0111479 180.013       0       0 -0.13     0 -1.03  -0.339421 -0.0404398 -0.0228693  0.00144536  0.00124604 -0.00224533  0.00118914  -0.0203886 -0.00311975 0.0868035 0.0605095   9.80843 
             42.4059 -0.327052  0.497301    1.5374   2.47764   2.22631 0.0158668 180.013       0       0 -0.13     0 -1.03   -0.231804  -0.0475303 -0.00530822  0.00128737 0.000851323 -0.00212298 -0.000546119    -0.019706    -0.004092 0.0876058 0.0605778   9.80842 
             42.6056 -0.328838  0.494205   1.45973   2.42011   2.24243 0.0184166 180.013       0       0 -0.13     0 -1.03  -0.223189 0.00742834  0.0120041  0.00141974  0.00092992 -0.00206133 0.000289241  -0.0215345  -0.0043541 0.0871118 0.0611863   9.80842 
              43.004 -0.325687  0.484317   1.51577   2.31547   2.25551 0.0234044 180.013       0       0 -0.13     0 -1.03   -0.238019  0.00303368 -0.00924809  0.00147832 0.000927552 -0.00208971  0.00133261  -0.0225741 -0.00420403 0.0866254 0.0614792   9.80842 
             43.4051 -0.32612 0.462459  1.23034    2.0634   2.24732 0.0163543 180.013       0       0 -0.13     0 -1.03   -0.493685  -0.0179921 -0.00554146  0.00137083 0.000946869 -0.00163376  0.00581591  -0.0226192 -0.00379137 0.0849218 0.0610756   9.80844 
             43.6037 -0.320578  0.436579  0.921182   2.01219   2.23912 0.0224589 180.013       0       0 -0.13     0 -1.03   -0.380841  -0.0293097 -0.00101108  0.00131475 0.000902966 -0.00123204  0.00433903   -0.022262 -0.00467254 0.085528 0.061144  9.80844 
             43.8048 -0.316901  0.432401  0.999801   2.01416   2.23794 0.0230807 180.013       0       0 -0.13     0 -1.03  -0.189115 -0.0298944 0.00318734  0.00133824 0.000941135 -0.00130643  0.00046392  -0.0224165 -0.00482917 0.0869773 0.0611849   9.80842 
             44.0048 -0.316963  0.421585  0.918237   1.91481   2.24543 0.0430128 180.013       0       0 -0.13     0 -1.03   -0.33821 -0.0198688   0.119795  0.00139388  0.00105699 -0.00120824  0.00460997  -0.0234639 -0.00515502 0.0855505 0.0618393   9.80843 
             44.2032 -0.308638  0.401429  0.742233    1.7491    2.2647 0.0369663 180.013       0       0 -0.13     0 -1.03 -0.604658 0.0417381 0.0757969  0.00140087  0.00119877 -0.00113045   0.0095864  -0.0247003 -0.00270518 0.0836592 0.0624258   9.80844 
             44.4031 -0.30501 0.388911 0.632064   1.68212   2.24969 0.0169184 180.013       0       0 -0.13     0 -1.03  -0.511273 -0.0366182 -0.0664641   0.00125182  0.000883353 -0.000958246  0.00700022  -0.0239445 -0.00123306 0.0844751  0.061872   9.80844 
             44.6043 -0.298524  0.371148  0.516881   1.63847   2.24035 0.0314783 180.013       0       0 -0.13     0 -1.03  -0.366696 -0.0542874  0.0633874   0.00122323   0.00054437 -0.000826703  0.00379737  -0.0239368 -0.00269392 0.0856801 0.0616084   9.80843 
             44.8041 -0.290049  0.356909  0.426829   1.56513   2.24458 0.0140021 180.013       0       0 -0.13     0 -1.03  -0.377994 -0.0122464 -0.0616636  0.00132705 0.000511946 -0.00074591   0.00373727   -0.0251388 -0.000978318  0.085796 0.0619439   9.80843 
              45.004 -0.285331   0.34203  0.455798   1.50085   2.25709 0.0314982 180.013       0       0 -0.13     0 -1.03 -0.355482 0.0340274 0.0793842   0.00136055  0.000573752 -0.000730254  0.00322338  -0.0262248 -0.00289197 0.0862474 0.0622955   9.80842 
             45.2038 -0.286238  0.334361  0.334109   1.44438   2.26423 0.0334489 180.013       0       0 -0.13     0 -1.03 -0.306689 0.0316525 0.0758333   0.00141891  0.000545138 -0.000678856  0.00249528  -0.0264756 -0.00188488  0.086476 0.0622198   9.80842 
             45.4037 -0.284015  0.321705  0.228885    1.3364   2.26569 0.0267897 180.013       0       0 -0.13     0 -1.03 -0.427632 0.0284359 0.0115584   0.00141219  0.000635734 -0.000494251   0.00444152   -0.0259543 -0.000489061 0.0856966 0.0623921   9.80843 
             45.8035 -0.281081  0.311754 0.0480455   1.13991   2.26651 0.0207285 180.013       0       0 -0.13     0 -1.03   -0.522149  0.00217341 -0.00485223   0.00132766  0.000649452 -0.000259205  0.00478808  -0.0254768 0.000232002 0.0854658 0.0622823   9.80843 
             46.0033  -0.278799   0.288138 -0.0256215   1.10955   2.24899 0.0329707 180.013       0       0 -0.13     0 -1.03  -0.351183 -0.0709924   0.116607   0.00115296  2.72375e-05 -0.000256338  0.00225876  -0.0254481 4.95067e-05 0.0862185 0.0616609   9.80843 
             46.2032   -0.283489    0.284784 -0.00250521   1.08887   2.25795 0.0280069 180.013       0       0 -0.13     0 -1.03  -0.223819 0.00730611 -0.0401896   0.00126649 -0.000202423 -0.000247724 0.00107696 -0.0263884 0.00121712 0.0867846 0.0615095   9.80842 
             46.4031 -0.279417  0.276899 -0.131347   1.01902   2.27287 0.0163432 180.013       0       0 -0.13     0 -1.03  -0.252005  0.0276933 -0.0201365   0.00129897 -0.000102615 -3.07838e-05 0.00213412 -0.0268439 0.00141029 0.0865955 0.0619187   9.80842 
             46.6029 -0.277037  0.261256 -0.301759  0.943763   2.27565 0.0193557 180.013       0       0 -0.13     0 -1.03  -0.290731  0.0138942 -0.0386625   0.00131364 -5.04976e-05  9.09411e-05  0.00371594  -0.0264279 0.000269028 0.0860738 0.0622634   9.80842 
             46.8028 -0.274183  0.249243 -0.344281 0.842121  2.28657 0.017984 180.013       0       0 -0.13     0 -1.03 -0.389884 0.0249489 -0.053407  0.00139227 0.000242364 0.000151989   0.00659244   -0.0263445 -0.000313264 0.0853059 0.0631141   9.80843 
             47.0026 -0.268934  0.233036 -0.529999  0.693091   2.27325 0.0340334 180.013       0       0 -0.13     0 -1.03  -0.554413 -0.0257832  0.0982421  0.00115074 0.000691076 0.000315761   0.0110823  -0.0239244 -0.00119046 0.0834136 0.0639985   9.80844 
             47.2025 -0.260225  0.221742 -0.635547   0.577374    2.28552 0.00167266 180.013       0       0 -0.13     0 -1.03  -0.578864  0.0302981 -0.0765049  0.00122677 0.000675176 0.000378388   0.0113903    -0.02469 0.000645315  0.083602 0.0641856   9.80843 
             47.4024 -0.258855  0.204484 -0.730126 0.560544  2.29044 0.016805 180.013       0       0 -0.13     0 -1.03 -0.333843 0.0106041 0.0230564  0.00128725 6.75332e-05 0.000514614  0.00740644  -0.0258026 -0.00082244  0.084879 0.0630217   9.80843 
             47.8021 -0.259801  0.194404 -0.900084  0.467337   2.27386 0.0231436 180.013       0       0 -0.13     0 -1.03  -0.280695 -0.0381641 0.00137068   0.00116532 -0.000209027  0.000668042  0.00549841  -0.0253873 -0.00104215 0.0851088 0.0622187   9.80843 
              48.002 -0.24734 0.178046 -0.91298   0.280602    2.32564 0.00977403 180.013       0       0 -0.13     0 -1.03 -0.565579 0.0205116 0.0635671   0.00156166 -0.000162376  0.000658707   0.0121618  -0.0267508 0.000752089 0.0845157 0.0651311   9.80842 
             48.4017 -0.267898  0.167122  -1.10997 -0.012707   2.37943 0.0227318 180.013       0       0 -0.13     0 -1.03 -0.714681  0.100406 0.0449975   0.00152831 -6.59323e-05   0.00074983   0.0137394  -0.0272363 0.000792569 0.0844706 0.0658803   9.80842 
             48.6016 -0.26427 0.163821 -1.22163  0.211618   2.25392 0.0164492 180.013       0       0 -0.13     0 -1.03 -0.00762293   -0.186885  -0.0292012   0.00069732 -0.000842614  0.000906671 1.30721e-05  -0.0261619   0.0012407 0.0862329 0.0600286   9.80844 
             48.8014 -0.245794  0.147071  -1.46117 0.0237649   2.30838 0.0325317 180.013       0       0 -0.13     0 -1.03 -0.437458 0.0416221  0.112058  0.000822848 -0.000555215   0.00109131  0.0122569 -0.0273523 0.00120914 0.0850686 0.0655518   9.80841 
             49.0013 -0.247487  0.133714  -1.45562 -0.0629738    2.33431 0.00953613 180.013       0       0 -0.13     0 -1.03 -0.441062 0.0324993 -0.056129   0.00115942 -0.000427382  0.000991652  0.0127341  -0.029257 0.00377509 0.0859117 0.0659356    9.8084 
             49.2011 -0.250233  0.123563  -1.42849 -0.104885   2.36303 0.0283304 180.013       0       0 -0.13     0 -1.03 -0.281648  0.079422 0.0783763   0.00131013 -0.000806018   0.00106951   0.011118 -0.0312522  0.0026908 0.0870178 0.0653657    9.8084 
              49.401 -0.257794  0.111395  -1.62945  -0.16487   2.34018 0.0188967 180.013       0       0 -0.13     0 -1.03  -0.308292 -0.0299695 -0.0413063 0.000700806  -0.0010223  0.00128637   0.010151 -0.0292078 0.00391143 0.0861662 0.0646236   9.80841 
             49.6009 -0.247966 0.0916321   -1.7464  -0.313965    2.31076 -0.0033083 180.013       0       0 -0.13     0 -1.03  -0.524866 -0.0875777  -0.111455  0.000422717 -0.000549769   0.00133677  0.0148103 -0.0254557 0.00424775 0.0839479 0.0664218   9.80842 
             49.9993 -0.237768  0.086903  -1.81896 -0.498144    2.3527 0.0149223 180.013       0       0 -0.13     0 -1.03  -0.466631  0.0410613 0.00714608   0.00083629 -0.000579358   0.00141973  0.0151389 -0.0285398 0.00153642 0.0853951 0.0669283    9.8084 
             50.1991 -0.239101 0.0608739  -1.99994 -0.545339   2.38904 0.0142286 180.013       0       0 -0.13     0 -1.03   -0.518585    0.089468 -0.00372714  0.00128462 -0.00131768  0.00151427  0.0139385 -0.0303862 0.00178753  0.086384 0.0663912   9.80839 
              50.399 -0.236218  0.046093  -2.14028  -0.797758     2.4138 -0.0102679 180.013       0       0 -0.13     0 -1.03   -1.18367  0.0920493 -0.0256863   0.00132982 -0.000679105   0.00170316  0.0193164 -0.0285235 0.00495865 0.0853481 0.0690001   9.80839 
             50.6002 -0.248437  0.062703  -2.02259  -0.862181     2.3587 -0.0103943 180.013       0       0 -0.13     0 -1.03  -0.832503  -0.233714 -0.0147084 0.000879576 -0.00253489  0.00168562  0.0071271 -0.0307947 0.00456484 0.0866615 0.0626332   9.80842 
             50.9987 0.229045  2.20994 -1.66343 -0.0957274     2.1182 -0.0243961 180.013       0       0 -0.13     0 -1.03  0.952683 -0.542693 -0.033858 0.000229411  -0.0099733  0.00218512 -0.0359613 -0.0497278 0.00387934   0.09626 0.0392819   9.80845 
             51.1985 -0.26948  1.78136 -1.69533  -0.502092    2.24966 -0.0742792 180.013       0       0 -0.13     0 -1.03  -0.330207  0.0140297 -0.0291233   0.0023841 -0.00386727  0.00156215  -0.012615 -0.0465565 0.00765196 0.0931862 0.0520118   9.80842 
             51.7982 -0.308213   1.68222  -1.46681 -0.897221   2.01748 -0.062194 180.013       0       0 -0.13     0 -1.03  -0.688918   -0.25533 -0.0135273  0.00138467 -0.00332019  0.00140879 -0.0119002 -0.0394143 0.00563584 0.0902894 0.0518526   9.80845 
              51.998 -0.406828   1.69569  -1.57264  -0.482444    1.97436 -0.0269655 180.013       0       0 -0.13     0 -1.03   0.277366 -0.0557244  0.0273247 0.00136685 -0.0081379 0.00133884 -0.0192358 -0.0431168 0.00348021 0.0931738 0.0482485   9.80844 
             52.1992 -0.463827   1.63692  -1.41884  -0.490383    1.93562 -0.0599312 180.013       0       0 -0.13     0 -1.03  0.0847505  -0.126263 -0.0472229  0.00121263 -0.00789715  0.00130554 -0.0191375 -0.0419972 0.00656997 0.0915528 0.0485285   9.80845 
             52.3991 -0.375069   1.69383  -1.40385  -0.541944    1.82826 -0.0430737 180.013       0       0 -0.13     0 -1.03  -0.102349  -0.342105 -0.0129617  0.00121238 -0.00782846   0.0012705 -0.0182611 -0.0388692 0.00596231 0.0902212 0.0486623   9.80846 
             52.5976 -0.413996   1.67754  -1.35897  -0.496624    1.75993 -0.0483732 180.013       0       0 -0.13     0 -1.03 0.0320084 -0.355945 -0.023963  0.00116044 -0.00777423  0.00106995 -0.0229184 -0.0407062 0.00612429 0.0914227 0.0468456   9.80846 
             52.7975 -0.387638    1.6856   -1.2907   -0.54252     1.6813 -0.0448368 180.013       0       0 -0.13     0 -1.03 -0.106503 -0.402215 -0.027778  0.00118272 -0.00772401  0.00107534 -0.0180873 -0.0387544 0.00434535  0.090637 0.0486405   9.80846 
             53.1986 -0.377059   1.67864  -1.23301 -0.523888   1.50785 0.0346666 180.013       0       0 -0.13     0 -1.03 -0.0274803  -0.401336   0.214765  0.00104206 -0.00764934 0.000947501 -0.0205424 -0.0387728 0.00190531 0.091622 0.047502  9.80846 
             53.7983 -0.384238    1.6767  -1.34657 -0.677213   1.36508 0.0477858 180.013       0       0 -0.13     0 -1.03 -0.287973  -0.23644  0.168041  0.00174231 -0.00711037  0.00101727 -0.0195521 -0.0399185 0.00559791 0.0909795   0.04821   9.80846 
             53.9981 -0.395044   1.71587  -1.10576   -0.541202     1.29591 -0.00705547 180.013       0       0 -0.13     0 -1.03 -0.00147508   -0.272569  -0.0357432  0.00171554 -0.00812133 0.000545554 -0.0241321 -0.0410124 0.00929097 0.0909081 0.0466398   9.80847 
              54.198 -0.359798   1.73067   -1.1165  -0.533917    1.23411 -0.0230548 180.013       0       0 -0.13     0 -1.03 -0.00400762   -0.310862  -0.0419756  0.00167479  -0.0080812 0.000487776 -0.0247343 -0.0410327  0.0100391   0.09073 0.0464221   9.80847 
             54.3979  -0.3433    1.735 -0.94747   -0.570527     1.13443 -0.00852742 180.013       0       0 -0.13     0 -1.03   -0.146833   -0.399085 -0.00491735  0.00143256 -0.00807214 0.000307379 -0.0237339 -0.0384621 0.00835829 0.0901346 0.0464651   9.80848 
             54.5978 -0.295659   1.71495 -0.989352 -0.646202   1.07469 -0.019458 180.013       0       0 -0.13     0 -1.03  -0.306559  -0.273832 -0.0111514  0.00136183 -0.00816457 0.000379271 -0.0205624 -0.0382541  0.0090162 0.0894228  0.047562   9.80848 
             54.7977 -0.335271   1.72384  -1.17006  -0.687028    1.02069 -0.0176669 180.013       0       0 -0.13     0 -1.03 -0.296701 -0.324992 -0.108502  0.00139393 -0.00806346 0.000576082  -0.021686 -0.0392412 0.00693901  0.090498 0.0472989   9.80847 
             54.9976 -0.312498   1.74688   -1.0966  -0.574157   0.968812 -0.0325379 180.013       0       0 -0.13     0 -1.03 0.0845337 -0.321268 -0.102977  0.00155651 -0.00899228 0.000398307 -0.0331373 -0.0438531 0.00577703 0.0940684 0.0440718   9.80845 
             55.1975 -0.305151   1.73085 -0.873904   -0.604627    0.877666 -0.00362045 180.013       0       0 -0.13     0 -1.03 -0.103764 -0.386215 0.0363775  0.00144786 -0.00873217 0.000320669 -0.0309782 -0.0421438 0.00329268 0.0938951 0.0444861   9.80845 
             55.3974 -0.310655   1.73076 -0.942929 -0.633747  0.802204 0.0119046 180.013       0       0 -0.13     0 -1.03 -0.125028 -0.417062 0.0882706  0.00138736 -0.00855889 0.000420927 -0.0304577  -0.042516 0.00334822 0.0939305 0.0447214   9.80845 
             55.5973 -0.294504   1.73755 -0.783878    -0.605113     0.735663 -0.000483603 180.013       0       0 -0.13     0 -1.03 -0.0281918  -0.423191 -0.0252328  0.00153241 -0.00863822 0.000232561 -0.0348661 -0.0455171 0.00573383  0.094889 0.0438663   9.80844 
             55.7982 -0.286579   1.73865 -0.812076  -0.649818   0.687133 -0.0319915 180.013       0       0 -0.13     0 -1.03 -0.167421 -0.295945 -0.149783    0.001646 -0.00853131 0.000245357 -0.0317218 -0.0470923 0.00657066 0.0947001 0.0451417   9.80844 
              55.997 -0.275802   1.71977 -0.819413  -0.652964    0.60964 -0.0374881 180.013       0       0 -0.13     0 -1.03  -0.18485 -0.358353 -0.165905  0.00154559 -0.00860687  0.00028043 -0.0341834 -0.0462061 0.00357184 0.0956139 0.0441878   9.80843 
             56.1969  -0.25586    1.7385 -0.884647  -0.642612   0.512219 -0.0226926 180.013       0       0 -0.13     0 -1.03 -0.0854465  -0.460066 -0.0609419  0.00155164 -0.00874239 0.000295974  -0.0358292  -0.0459438 0.000477311 0.0966276 0.0435545   9.80843 
             56.3952 -0.252631   1.74373   -0.7188  -0.626548   0.455948 -0.0124832 180.013       0       0 -0.13     0 -1.03 -0.0377048  -0.378409 -0.0789991    0.0014854  -0.00862381 -9.15884e-05   -0.0364888   -0.0474327 -0.000383369 0.0973892 0.0435444   9.80842 
             56.5964 -0.275167    1.7161 -0.649209  -0.676625     0.3753 -0.0370593 180.013       0       0 -0.13     0 -1.03 -0.171468 -0.491334 -0.223999   0.00165659  -0.00853679 -3.73214e-05   -0.0335353   -0.0471505 -0.000986893 0.0970136 0.0443787   9.80842 
             56.7976 -0.238878   1.73412 -0.593109  -0.635428   0.303992 -0.0517017 180.013       0       0 -0.13     0 -1.03 -0.0679459  -0.482405  -0.230791  0.00176912  -0.0090967 -0.00017824  -0.0379621   -0.050664 -0.00514793 0.0997504 0.0436036    9.8084 
             56.9961 -0.264006   1.72423 -0.491162  -0.746947   0.278953 -0.0615852 180.013       0       0 -0.13     0 -1.03 -0.407865 -0.240856 -0.568155   0.00249428  -0.00826622 -0.000313575 -0.0299379 -0.0533169 -0.0111178  0.100463 0.0460899   9.80838 
              57.196 -0.257003   1.71775  -0.54293  -0.703967   0.201571 -0.0719997 180.013       0       0 -0.13     0 -1.03 -0.0679533   -0.37464   -0.29426   0.00244436  -0.00874082 -0.000280109 -0.0340349 -0.0534133 -0.0165485  0.102436 0.0449732   9.80836 
             57.3972 -0.252408   1.72793 -0.664789   -0.635687    0.157858 -0.00440333 180.013       0       0 -0.13     0 -1.03  0.0661894  -0.295762 -0.0144274   0.00250527  -0.00858402 -0.000198357 -0.0356158 -0.0544184 -0.0196291 0.103643 0.044723  9.80835 
             57.5971  -0.24164   1.73355 -0.552444   -0.649803   0.0537026 -0.00910973 180.013       0       0 -0.13     0 -1.03 -0.0283035  -0.392196 -0.0433502  0.00209847 -0.00853619 -0.00037619 -0.0346628 -0.0511638 -0.0199507  0.102784 0.0443705   9.80836 
             57.7957 -0.240087   1.73397  -0.35309  -0.690349 -0.0195205 -0.0103978 180.013       0       0 -0.13     0 -1.03 -0.119979 -0.405266 -0.105601   0.00206532  -0.00818023 -0.000578382 -0.0311122 -0.0510363 -0.0218388  0.102614 0.0452498   9.80836 
             57.9955 -0.235438   1.73396 -0.396116   -0.731721  -0.0658915 -0.00195196 180.013       0       0 -0.13     0 -1.03   -0.207993   -0.235439 -0.00214831   0.00215082  -0.00799034 -0.000577658  -0.029186 -0.0525532  -0.023997  0.103144 0.0459666   9.80835 
             58.1954 -0.223854   1.73661  -0.26841 -0.671218 -0.120531 0.0137026 180.013       0       0 -0.13     0 -1.03 0.0130662 -0.237124  0.103113    0.0020748  -0.00829167 -0.000577528 -0.0342306 -0.0529817  -0.024909  0.104412 0.0450757   9.80834 
             58.3953  -0.24306   1.74846 -0.348238 -0.752175 -0.221609 0.0479701 180.013       0       0 -0.13     0 -1.03   -0.2567 -0.328844  0.233525   0.00191741  -0.00830132 -0.000392933 -0.0317436 -0.0502479 -0.0244655  0.103362 0.0449662   9.80835 
             58.5952 -0.233607   1.75211 -0.500543 -0.771197 -0.296447 0.0218628 180.013       0       0 -0.13     0 -1.03 -0.202111 -0.415271 0.0896094   0.00189493  -0.00823143 -0.000210269 -0.0356164 -0.0506611   -0.01892  0.102958 0.0443956   9.80836 
              58.795 -0.240705    1.7504 -0.516284 -0.724624 -0.345906 0.0131364 180.013       0       0 -0.13     0 -1.03 -0.0397485  -0.351748  0.0290401   0.00206878  -0.00861533 -0.000258266 -0.0424767 -0.0543681 -0.0170581  0.104487 0.0438226   9.80835 
             58.9963 -0.224459   1.74961  -0.37295 -0.675751 -0.417703 0.0322961 180.013       0       0 -0.13     0 -1.03  0.139463 -0.432694  0.223188   0.00214263  -0.00867909 -0.000515604  -0.046074 -0.0556488 -0.0163853  0.105227 0.0432683   9.80834 
             59.1961 -0.221252   1.75154 -0.259807 -0.723993 -0.492334 0.0248044 180.013       0       0 -0.13     0 -1.03 -0.116998  -0.40047  0.105015   0.00232072  -0.00842704 -0.000543195 -0.0431611  -0.055742 -0.0134737  0.104066 0.0440303   9.80835 
             59.3947  -0.20535   1.74491 -0.097542 -0.735095 -0.535814 0.0163024 180.013       0       0 -0.13     0 -1.03 -0.113387 -0.319929 0.0760945   0.00251109  -0.00849556 -0.000873862 -0.0436662  -0.057261 -0.0123657  0.104179 0.0443057   9.80835 
             59.5932  -0.219858    1.74865 -0.0286832 -0.814465 -0.585929 0.0494208 180.013       0       0 -0.13     0 -1.03 -0.285956 -0.291662  0.176335    0.0025968  -0.00832315 -0.000823214 -0.0398149  -0.058006 -0.0123754   0.10359 0.0450701   9.80835 
             59.7944 -0.233858    1.7592 -0.189571 -0.770008 -0.642145 0.0579385 180.013       0       0 -0.13     0 -1.03 -0.0970341  -0.276383   0.161875   0.00234888   -0.0089536 -0.000669172  -0.0493941  -0.0584863 -0.00834231  0.104682 0.0438809   9.80834 
             59.9943 -0.214674    1.7612 -0.219352 -0.736024 -0.733853 0.0285755 180.013       0       0 -0.13     0 -1.03 -0.0196761  -0.318057  0.0446563   0.00204504  -0.00922239 -0.000683543  -0.0556162  -0.0563141 -0.00213345  0.104296 0.0424134   9.80835 
              60.394  -0.192052    1.75907 -0.0994517 -0.736764 -0.742331 0.0157691 180.013       0       0 -0.13     0 -1.03  -0.0840156 -0.00569674   0.0087358    0.0021601  -0.00926091 -0.000769508   -0.0567937   -0.0581837 -0.000476857  0.104422 0.0425456   9.80835 
             60.5939 -0.198455   1.76408 0.0740717 -0.734634 -0.809274 0.0269592 180.013       0       0 -0.13     0 -1.03 -0.0812226  -0.133573  0.0248664    0.0019447  -0.00918474 -0.000866846   -0.0576743   -0.0561011 -0.000945422 0.104387  0.04204  9.80835 
             60.7938 -0.198951     1.751 0.0573833 -0.750611 -0.743383 0.0221259 180.013       0       0 -0.13     0 -1.03   -0.225521   0.0906982 -0.00355967   0.00216171  -0.00911642 -0.000868774  -0.0578795  -0.0620281 0.000114816  0.104787 0.0431202   9.80835 
             60.9937  -0.203862    1.74404 -0.0844342  -0.844404  -0.747384 0.00698872 180.013       0       0 -0.13     0 -1.03  -0.589671  0.0412868 -0.0875176   0.00204219  -0.00911284 -0.000807151 -0.0565649 -0.0604788 0.00109111  0.104176 0.0429363   9.80835 
             61.1949 -0.149041   1.82701  0.120196   -0.888974    -0.76415 -0.00928035 180.013       0       0 -0.13     0 -1.03  -0.496012 -0.0299566 -0.0485857   0.00195118  -0.00957374 -0.000829969 -0.0606609 -0.0596654 0.00106969  0.104865 0.0423683   9.80835 
             61.3947 -0.203534   1.92618  0.333326   -0.61938  -0.777719 -0.0126037 180.013       0       0 -0.13     0 -1.03   0.380161 -0.0704179 -0.0614518  0.00200914 -0.00877164 -0.00111822  -0.0709699  -0.0603569 0.000203487  0.106973 0.0412903   9.80833 
             61.5934 -0.164576   1.80568  0.474157  -0.400272  -0.769952 0.00185042 180.013       0       0 -0.13     0 -1.03   0.690906 -0.0449433 -0.0527181  0.00207228 -0.00855265 -0.00135347   -0.079786  -0.0621906 -0.00300445  0.109673 0.0409165    9.8083 
             61.7933 -0.149808    1.8081  0.567945  -0.34745 -0.760241 0.0186388 180.013       0       0 -0.13     0 -1.03   0.412829  0.0130887 0.00936326  0.00212852 -0.00815162 -0.00143662  -0.072912 -0.0635588 -0.0057439  0.109163 0.0415278    9.8083 
             62.1943 -0.14142  1.83327 0.652748  -0.231692  -0.795822 -0.0695558 180.013       0       0 -0.13     0 -1.03   0.290324 -0.0710271   -0.29554  0.00202972 -0.00804665 -0.00161485  -0.0707623  -0.0617454 -0.00504959  0.108571 0.0412167   9.80831 
             62.3928 -0.146167   1.85167   1.02318 -0.0401245    -0.7804  0.0123628 180.013       0       0 -0.13     0 -1.03    0.541691 -0.00735893   0.0481542  0.00231296 -0.00889034 -0.00172596  -0.0730877  -0.0625362 -0.00895123  0.109835 0.0413705    9.8083 
             62.5927 -0.138103   1.86873   1.16995  0.00843483   -0.776135 -0.00968792 180.013       0       0 -0.13     0 -1.03   0.334999 0.00786749 -0.0970819  0.00259066 -0.00785847 -0.00186513  -0.0713644  -0.0629891 -0.00845428  0.109386 0.0413739    9.8083 
             62.7939 -0.138302   1.87446    1.2335  0.0918978  -0.754847 0.00711718 180.013       0       0 -0.13     0 -1.03     0.323596    0.0793803 -0.000265866  0.00274564 -0.00800288 -0.00199091 -0.0723266 -0.0638902 -0.0105256  0.109893 0.0416278    9.8083 
             62.9938 -0.167466   1.88162    1.3366   0.204225   -0.76882 0.00598865 180.013       0       0 -0.13     0 -1.03   0.385627 -0.0102777 -0.0639796  0.00257878 -0.00819436 -0.00203826 -0.0758969 -0.0612218 -0.0112025  0.110929 0.0415814   9.80828 
             63.1923 -0.167863   1.89656   1.37183  0.326072 -0.778097 0.0114872 180.013       0       0 -0.13     0 -1.03   0.477904 -0.0416897  0.0146139  0.00252122 -0.00838631 -0.00206414 -0.0779985 -0.0605743 -0.0119871 0.111526  0.04178  9.80828 
             63.3922 -0.1674 1.90589 1.56584    0.431515   -0.786738 -0.00059058 180.013       0       0 -0.13     0 -1.03    0.46033 -0.0462415 -0.0201659  0.00237427  -0.0084118 -0.00234416 -0.0785577 -0.0604637 -0.0117232  0.111579 0.0418226   9.80828 
             63.5934 -0.172135    1.9189   1.70925  0.495903 -0.795605 0.0138372 180.013       0       0 -0.13     0 -1.03   0.359698 -0.0544347  0.0661861   0.0022816 -0.00831459 -0.00254233 -0.0764132  -0.061028 -0.0127849  0.111368 0.0416774   9.80828 
             63.7933 -0.183246   1.92697   1.79852  0.567939 -0.783154 0.0163966 180.013       0       0 -0.13     0 -1.03   0.352657 -0.0140365  0.0249718  0.00242777 -0.00818983 -0.00260218 -0.0768451 -0.0631045 -0.0117843  0.110885 0.0419911   9.80828 
             63.9919 -0.19351   1.9422  1.85377  0.676277 -0.774677 0.0387594 180.013       0       0 -0.13     0 -1.03  0.382836 0.0367967  0.224581  0.00250074 -0.00842307 -0.00269001 -0.0800286 -0.0630699 -0.0117183 0.111313 0.042617  9.80828 
             64.1917 -0.196114   1.95672   1.89781  0.761432 -0.758742 0.0375423 180.013       0       0 -0.13     0 -1.03  0.355852 0.0640896  0.122919  0.00250786 -0.00848617 -0.00271306  -0.0811875  -0.0632996 -0.00918084  0.110886 0.0427104   9.80828 
             64.5928 -0.173768    1.9741   2.04547   0.982385  -0.800001 -0.0123326 180.013       0       0 -0.13     0 -1.03   0.393561 -0.0428307 -0.0696173  0.00235313 -0.00866406 -0.00303655  -0.0839324  -0.0611307 -0.00711304  0.111314 0.0428443   9.80827 
             64.7914 -0.198332   2.00563   2.35027   1.02146 -0.787734  0.012813 180.013       0       0 -0.13     0 -1.03  0.284777 0.0130233 0.0278251  0.00247655 -0.00842775  -0.0034402  -0.0820683  -0.0623845 -0.00961851  0.111239 0.0427433   9.80828 
             64.9926 -0.211685   2.00602   2.39089    1.1204 -0.766278 0.0198016 180.013       0       0 -0.13     0 -1.03   0.38074 0.0655336  0.177435  0.00260977  -0.0085577 -0.00348601   -0.085149  -0.0627493 -0.00773176  0.111144 0.0434216   9.80827 
             65.1925 -0.211339   2.01057   2.45901   1.24742 -0.779161 0.0177398 180.013       0       0 -0.13     0 -1.03   0.483265 -0.0192169  0.0741748   0.0026099 -0.00866126 -0.00350256  -0.0881993  -0.0605485 -0.00523155   0.11158 0.0439039   9.80827 
             65.3924 -0.184351   2.04265   2.46848     1.40666   -0.793301 -0.00471766 180.013       0       0 -0.13     0 -1.03   0.580579 -0.0408588 0.00417773  0.00249242 -0.00873212 -0.00367352  -0.0913705  -0.0591354 -0.00368281 0.111978 0.044582  9.80826 
             65.5909 -0.226564   2.06577   2.72539    1.42273  -0.786448 -0.0151361 180.013       0       0 -0.13     0 -1.03    0.290609 -0.00643229  -0.0434967  0.00237593  -0.0089395 -0.00406445 -0.0841917 -0.0635154 -0.0031638  0.110045 0.0428898   9.80829 
              65.992 -0.232425   2.05864   2.80925     1.56624   -0.725498 -0.00988194 180.013       0       0 -0.13     0 -1.03   0.291752   0.101512 -0.0249854  0.00245033 -0.00864262 -0.00417567  -0.0869471  -0.0666642 -0.00485355  0.109637 0.0440819   9.80829 
              66.192 -0.197105   2.09444   2.84693     1.7576  -0.747635 -0.0217209 180.013       0       0 -0.13     0 -1.03    0.543803 0.000948256  0.00255941  0.00220143 -0.00925417 -0.00420879  -0.0929975    -0.06246 -0.00384587  0.111138 0.0458013   9.80826 
             66.3905 -0.19036  2.12797   3.0985     1.8395  -0.781515 0.00437807 180.013       0       0 -0.13     0 -1.03   0.430454 -0.0864059   0.141295  0.00204868  -0.0091304 -0.00451027  -0.0908047  -0.0609478 -0.00497486  0.111799 0.0450928   9.80826 
             66.5917 -0.208521   2.12842   3.30187    1.87335  -0.753786 0.00118211 180.013       0       0 -0.13     0 -1.03  0.250209 0.0360577  0.121482  0.00213966 -0.00887085 -0.00472883   -0.089234  -0.0661462 -0.00116327  0.109249 0.0443684   9.80829 
             66.7916 -0.227297   2.14997   3.44108    1.98397  -0.765572 0.00252322 180.013       0       0 -0.13     0 -1.03   0.352736 -0.0286931  0.0891136  0.00187818 -0.00908239 -0.00489513 -0.0944685 -0.0622215 0.00144103  0.110334 0.0459253   9.80827 
             67.3912 -0.226627   2.14872   3.54153   2.18827 -0.777359 0.0548549 180.013       0       0 -0.13     0 -1.03   0.198494 -0.0218468   0.166742  0.00197018 -0.00908388 -0.00496861 -0.0983279 -0.0617859 0.00497067  0.10987 0.046986  9.80827 
              67.791 -0.194792   2.19417   3.83584    2.46151  -0.777808 -0.0406862 180.013       0       0 -0.13     0 -1.03   0.364385 -0.0394607 -0.0123644  0.00198906  -0.0109623 -0.00504624  -0.101307 -0.0608656 0.00779777  0.109633 0.0480144   9.80827 
             67.9895 -0.193192   2.22362   4.09469    2.54898   -0.74097 -0.0764826 180.013       0       0 -0.13     0 -1.03  0.301706 0.0280324 -0.444275  0.00281245  -0.0109071 -0.00525584  -0.102281  -0.061841 0.00776944  0.109163 0.0483623   9.80827 
             68.1907 -0.183586   2.20615   3.92207    2.6814 -0.726705 -0.105542 180.013       0       0 -0.13     0 -1.03  0.462219  0.039082 -0.319616  0.00284702  -0.0108749 -0.00522327  -0.104701 -0.0602169 0.00286603 0.110746 0.050128  9.80825 
             68.3908 -0.190421   2.22763   4.19553    2.79164  -0.722579 -0.0520446 180.013       0       0 -0.13     0 -1.03   0.495511  0.0447297 -0.0380507  0.00266852  -0.0107777 -0.00556703   -0.104297  -0.0595014 -0.00106009  0.111659 0.0504801   9.80823 
             68.5892 -0.19392  2.25443  4.42586    2.87007  -0.733937 -0.0414425 180.013       0       0 -0.13     0 -1.03   0.398195 0.00344742  0.0264302  0.00263083    -0.01075 -0.00574827   -0.102242  -0.0584838 -0.00240215  0.112435 0.0498164   9.80823 
             68.7891 -0.199296   2.26011   4.51015    2.95337  -0.714406 -0.0467589 180.013       0       0 -0.13     0 -1.03   0.384161  0.0550203 -0.0683031  0.00272541  -0.0107051 -0.00574493  -0.103068 -0.0595307  -0.002606  0.111916 0.0501064   9.80823 
             68.9903 -0.196045     2.271    4.5076    3.03772   -0.72928 -0.0626221 180.013       0       0 -0.13     0 -1.03    0.3769 0.0142715 -0.170236  0.00252001   -0.010653 -0.00564154   -0.102408  -0.0572567 -0.00312005  0.113153 0.0501559   9.80822 
             69.1902 -0.190708   2.28053   4.56729    3.11994  -0.715148 -0.0626203 180.013       0       0 -0.13     0 -1.03   0.391818  0.0397405 -0.0579751  0.00250826  -0.0106985 -0.00564806   -0.102741  -0.0575992 -0.00486897  0.113209 0.0504833   9.80822 
             69.3888 -0.187716   2.29456   4.71146    3.23988  -0.710542 -0.0524769 180.013       0       0 -0.13     0 -1.03    0.475731   0.0291093 -0.00856305 0.00248575 -0.0105538 -0.0059513   -0.103968  -0.0565256 -0.00576778  0.113683 0.0512635   9.80821 
             69.7898 -0.193031   2.31211   4.82109    3.36638  -0.711106 -0.0550641 180.013       0       0 -0.13     0 -1.03   0.434739  0.0295418 -0.0350373  0.00249876  -0.0105187 -0.00606679  -0.0991985  -0.0582895 -0.00665453  0.113572 0.0489624   9.80822 
             69.9897 -0.19575  2.31428  4.83632    3.46787  -0.705874 -0.0761835 180.013       0       0 -0.13     0 -1.03   0.550921  0.0350797 -0.0574542  0.00251206  -0.0101567 -0.00601708  -0.0996697  -0.0580983 -0.00540509  0.113409 0.0490546   9.80822 
             70.1882 -0.197195   2.32219   5.00248    3.37429  -0.728603 -0.0337199 180.013       0       0 -0.13     0 -1.03   -0.1037 0.0387804  0.143665 0.00246692 -0.0100944 -0.0060312  -0.0906723  -0.0617374 -0.00859948  0.113644 0.0446163   9.80824 
             70.3895 -0.220201   2.34003    5.0313    3.25037  -0.659755 -0.0229743 180.013       0       0 -0.13     0 -1.03 -0.433759  0.366577  0.154123  0.00227541  -0.0104685 -0.00588794  -0.0893214  -0.0636938 -0.00808375  0.112853 0.0436455   9.80825 
             70.5893 -0.238225   2.35553   4.86545    3.31688  -0.665874 0.00534049 180.013       0       0 -0.13     0 -1.03 -0.0985711   0.160716   0.218452  0.00210229  -0.0104067 -0.00585232  -0.0957874  -0.0502078 -0.00746079  0.118188 0.0488183   9.80817 
             70.7893 -0.234465   2.34641   4.87396    3.34724  -0.574771 -0.0272782 180.013       0       0 -0.13     0 -1.03 -0.0193099   0.261379  0.0364802   0.0026981  -0.0106606 -0.00585873    -0.10536  -0.0530121 -0.00041942  0.114454 0.0520698   9.80819 
             70.9891 -0.209861   2.32572   4.92268    3.33427  -0.471786 -0.0574194 180.013       0       0 -0.13     0 -1.03 -0.0733295   0.339928  0.0639655  0.00310985  -0.0105193 -0.00581803  -0.108716 -0.0581162 0.00442121  0.110819 0.0524383   9.80823 
             71.3889 -0.229699   2.32647   4.67673    3.28645  -0.404669 -0.0156658 180.013       0       0 -0.13     0 -1.03 -0.176759    0.1656 0.0944904  0.00307858  -0.0104857 -0.00575004    -0.1074 -0.0558566 0.00433545  0.112071 0.0521548   9.80822 
             71.5888 -0.237371   2.32764   4.64089    3.30223  -0.372668 -0.0413013 180.013       0       0 -0.13     0 -1.03 -0.104338  0.121653 0.0944594   0.0028486  -0.0103151 -0.00559326  -0.109264 -0.0550032 0.00629463  0.111971 0.0528561   9.80822 
             71.7874 -0.245911   2.33868   4.71816    3.28842  -0.337268 -0.0348956 180.013       0       0 -0.13     0 -1.03 -0.106155  0.147261 0.0524287  0.00280773  -0.0102751 -0.00559279  -0.110692 -0.0554695 0.00788604  0.111382 0.0532237   9.80822 
             72.1886 -0.259931   2.33826   4.53605    3.32573    -0.2269 -0.0346112 180.013       0       0 -0.13     0 -1.03 -0.0445253   0.266615  0.0643968  0.00289686  -0.0106749 -0.00541092  -0.116559 -0.0546566 0.00927089   0.11089 0.0557387   9.80821 
             72.3884 -0.405933    2.3193   4.59648   3.34984 -0.181862 -0.037102 180.013       0       0 -0.13     0 -1.03  -0.0312514    0.234144 -0.00884508  0.00269485  -0.0109659 -0.00541868  -0.117481 -0.0538053 0.00942926  0.111144 0.0562111   9.80821 
             72.5882 -0.292726    2.3486   4.67538      3.344   -0.17346 -0.0511438 180.013       0       0 -0.13     0 -1.03 -0.0553699   0.120033 -0.0270695  0.00175521  -0.0109094 -0.00548932  -0.117018 -0.0521859  0.0105147  0.111757 0.0560007    9.8082 
             72.7881 -0.289324   2.34608   4.64119    3.30609  -0.102166 -0.0328435 180.013       0       0 -0.13     0 -1.03 -0.16782 0.266861 0.101067   0.0020776   -0.010768 -0.00541179  -0.117082  -0.056411 0.00986567  0.110028 0.0557019   9.80822 
             73.1866 -0.292631   2.35385   4.70817      3.2688  -0.0185214 -0.00123062 180.013       0       0 -0.13     0 -1.03 -0.184743   0.24075   0.15935  0.00191835  -0.0107551 -0.00541973  -0.118841 -0.0528373    0.01209  0.111091 0.0565613   9.80821 
             73.3878 -0.300905   2.34936   4.63477    3.3071 0.0122557 -0.043611 180.013       0       0 -0.13     0 -1.03 -0.0806485   0.240353  0.0713885  0.00167425  -0.0113898 -0.00532589  -0.121368 -0.0509491  0.0149386  0.111224 0.0575487    9.8082 
             73.5878 -0.292839   2.32622   4.45606    3.27855  0.0887629 -0.0583415 180.013       0       0 -0.13     0 -1.03  -0.165476   0.286761 -0.0709401  0.00240255    -0.01115 -0.00509093  -0.122192 -0.0527091  0.0161692  0.110171 0.0575529   9.80821 
             73.9862 -0.287291   2.33879   4.40684    3.37961  0.0731076 -0.0874341 180.013       0       0 -0.13     0 -1.03 0.0533219 0.0788961 -0.067306  0.00158956   -0.012105 -0.00500287  -0.127383 -0.0415748  0.0168203  0.114239 0.0606647   9.80815 
             74.1874 -0.309068   2.34516    4.4418    3.22289    0.16931 -0.0558811 180.013       0       0 -0.13     0 -1.03  -0.313567   0.249455 -0.0193958  0.00216328  -0.0108779 -0.00494652  -0.120535 -0.0493505  0.0133372  0.112101 0.0577485   9.80819 
             74.3874 -0.300287   2.32023   4.31707    3.40781   0.179957 -0.0675916 180.013       0       0 -0.13     0 -1.03    0.254867       0.186 -0.00764547  0.00180441  -0.0114882 -0.00494297  -0.135503 -0.0377491  0.0135326  0.115692 0.0643241   9.80811 
             74.5872 -0.306456   2.34511   4.45543    3.38551   0.234368 -0.0578579 180.013       0       0 -0.13     0 -1.03 0.0429444  0.227333 0.0687327  0.00209934  -0.0111042 -0.00502609  -0.130554 -0.0422812  0.0129381  0.114309 0.0622086   9.80814 
             74.7857 -0.32549  2.35609   4.5107    3.35524   0.278725 -0.0665709 180.013       0       0 -0.13     0 -1.03 -0.0836608   0.226314 -0.0918632  0.00210596  -0.0108479 -0.00502072  -0.128008 -0.0440462  0.0130624  0.113758 0.0611005   9.80815 
             74.9856 -0.317502   2.35384   4.62835    3.36169   0.338475 -0.0592386 180.013       0       0 -0.13     0 -1.03 -0.0502395   0.313239    0.18398 0.00219206 -0.0108536 -0.0051758  -0.130082 -0.0440323  0.0121892  0.113743 0.0620005   9.80814 
              75.187 -0.331185   2.34143   4.52572    3.28959    0.40845 -0.0306982 180.013       0       0 -0.13     0 -1.03 -0.249242   0.32623  0.147166 0.00214842  -0.010634 -0.0051096  -0.127767 -0.0454614  0.0126398   0.11328 0.0609316   9.80816 
             75.3869 -0.32308  2.33507  4.31611    3.30718   0.461336 -0.0527745 180.013       0       0 -0.13     0 -1.03  -0.115846   0.268381 0.00248461   0.0023393  -0.0105595 -0.00477544  -0.129472 -0.0442985  0.0138747  0.113463 0.0616082   9.80815 
             75.5853 -0.333777   2.33562    4.2217    3.28843   0.548452 -0.0704636 180.013       0       0 -0.13     0 -1.03 -0.170533  0.378135 0.0131701  0.00227681  -0.0104088 -0.00456411   -0.13206 -0.0460685  0.0158523  0.112355 0.0623433   9.80816 
             75.7852 -0.346276   2.34834   4.16284    3.33902   0.583994 -0.0517944 180.013       0       0 -0.13     0 -1.03 0.0123947  0.252797 0.0581599  0.00226584  -0.0107037 -0.00448953 -0.138519 -0.038343 0.0140888  0.115146 0.0652842   9.80811 
             76.1865 -0.356959   2.33771   4.12543   3.35958  0.704892 -0.122596 180.013       0       0 -0.13     0 -1.03 0.0069969   0.29223  -0.25452  0.00252177  -0.0106748 -0.00443844  -0.140403 -0.0390052  0.0163578  0.114504 0.0657907   9.80811 
             76.3849 -0.362877   2.35088   4.18779    3.31361   0.817969 -0.0872376 180.013       0       0 -0.13     0 -1.03  -0.12524  0.466883 -0.121984  0.00293823  -0.0100603 -0.00445173  -0.139106 -0.0404686  0.0135813  0.114444 0.0654907   9.80811 
             76.5863 -0.313277   2.29658   4.17729   3.33298  0.895357 -0.122296 180.013       0       0 -0.13     0 -1.03 -0.0302656   0.399831  -0.149604  0.00240669  -0.0109762 -0.00434521  -0.141072 -0.0385517   0.014484  0.114893 0.0661272    9.8081 
             76.7862 -0.323701   2.29314   4.05535   3.34733  0.942751 -0.114641 180.013       0       0 -0.13     0 -1.03 0.0218889  0.282284 -0.103064  0.00225113  -0.0110076 -0.00415288  -0.140953 -0.0355375  0.0102708  0.116603 0.0665325   9.80808 
             77.1844 -0.334511   2.28927   3.96339    3.35949    1.07834 -0.0263791 180.013       0       0 -0.13     0 -1.03 -0.00826795    0.307257    0.370446  0.00243262  -0.0109176 -0.00406358  -0.142133 -0.0377595  0.0080052  0.116129 0.0670266   9.80808 
             77.3857 -0.358785   2.30721   3.97383    3.36604    1.17859 -0.0814942 180.013       0       0 -0.13     0 -1.03 -0.0406675   0.329114 -0.0298866  0.00274336  -0.0110245 -0.00406039  -0.143614 -0.0388613  0.0116388  0.115288 0.0672275   9.80809 
             77.5869 -0.379077   2.32395   3.97136   3.36887    1.2567 -0.108605 180.013       0       0 -0.13     0 -1.03 -0.0814405   0.418288 0.00314247  0.00255656  -0.0116086 -0.00408321  -0.145047 -0.0388772  0.0131481  0.115096 0.0675047   9.80809 
             77.9854 -0.379623   2.32457   3.99372    3.31253    1.41844 -0.0273904 180.013       0       0 -0.13     0 -1.03 -0.185607  0.350211 0.0839297  0.00253086     -0.0116 -0.00396781  -0.143708 -0.0385448  0.0106459  0.115469 0.0673239   9.80809 
             78.1852 -0.418537    2.3382   3.64185   3.33919   1.44998 -0.105014 180.013       0       0 -0.13     0 -1.03 -0.0881287    0.26229 -0.0724555  0.00188697  -0.0116624 -0.00347632  -0.146996 -0.0354412  0.0176523  0.115568 0.0678607   9.80808 
             78.3866 -0.425001   2.34012   3.61146   3.35987   1.54496 -0.086529 180.013       0       0 -0.13     0 -1.03 -0.00928923    0.395128   0.0279754  0.00227479  -0.0118708 -0.00340553  -0.149496 -0.0363821  0.0145194  0.115721 0.0689718   9.80807 
             78.5863 -0.437418   2.35104   3.73677    3.41161    1.58779 -0.0822758 180.013       0       0 -0.13     0 -1.03   0.107919   0.253842 -0.0578212  0.00185275  -0.0122043 -0.00352405  -0.153012 -0.0322842  0.0137496  0.117019 0.0699412   9.80805 
             78.7849 -0.444553   2.35718   3.67942   3.39199   1.64464 -0.118564 180.013       0       0 -0.13     0 -1.03 -0.0674983   0.203452  -0.318907  0.00211799  -0.0120345 -0.00357848  -0.150888 -0.0346778  0.0140805  0.116283 0.0693883   9.80807 
             78.9849 -0.34617  2.21069  3.74125   3.28476   1.70731 -0.103089 180.013       0       0 -0.13     0 -1.03 -0.342444  0.241538 0.0548425  0.00226182  -0.0113518 -0.00350918  -0.143982 -0.0385706 0.00951505  0.115646 0.0678027   9.80808 
              79.186 -0.437616   2.32017   3.58363    3.4266   1.78991 -0.062799 180.013       0       0 -0.13     0 -1.03  0.218897  0.264459 0.0857865  0.00242001  -0.0125308 -0.00345948  -0.153934   -0.03695 0.00735308 0.116453  0.07075  9.80805 
             79.3859 -0.459291   2.34021   3.61037   3.35914   1.86919 -0.087858 180.013       0       0 -0.13     0 -1.03 -0.0605903   0.238714  0.0332877  0.00251278  -0.0124312 -0.00335221  -0.149745 -0.0405647 0.00944351  0.115179 0.0695529   9.80808 
             79.5845 -0.457465   2.32115    3.5228    3.35882    1.88529 -0.0668435 180.013       0       0 -0.13     0 -1.03 -0.0295396  0.0141315  0.0821504  0.00255929  -0.0121521 -0.00326719  -0.150093 -0.0394119  0.0083293  0.115626 0.0696903   9.80807 
             79.7843 -0.447538   2.32458   3.75881     3.4903    1.87735 -0.0894557 180.013       0       0 -0.13     0 -1.03    0.268206  -0.0325221 -0.00665252  0.00272265  -0.0110583 -0.00372035   -0.16695 -0.0329519    0.01288  0.117143 0.0735433   9.80802 
             79.9856 -0.456407   2.33832   3.78228    3.40888    1.89997 -0.0833511 180.013       0       0 -0.13     0 -1.03 -0.0663704  0.0467412  0.0122266  0.00277048  -0.0108741 -0.00369888  -0.154729 -0.0398073  0.0124443  0.115128 0.0706732   9.80807 
             80.1842 -0.448511    2.3092    3.8669     3.3542    1.85012 -0.0460082 180.013       0       0 -0.13     0 -1.03 -0.0738358  -0.107469   0.100383  0.00252572  -0.0106076 -0.00371635  -0.150537 -0.0375705  0.0104097  0.115935 0.0696313   9.80807 
             80.3841 -0.463108   2.33686   3.77672    3.34481    1.88262 -0.0575225 180.013       0       0 -0.13     0 -1.03 -0.00376117  0.00396261   0.0461506 0.00265602 -0.0101344 -0.0033964  -0.151354 -0.0401135  0.0117781  0.115041 0.0697703   9.80808 
              80.584 -0.450184   2.29901   3.51324    3.32031    1.91807 -0.0914412 180.013       0       0 -0.13     0 -1.03  -0.08992  0.077594 -0.101654  0.00273262 -0.00995621 -0.00299774  -0.151135 -0.0440689  0.0148155  0.113491 0.0694661    9.8081 
             80.7852 -0.474855   2.32556    3.3159    3.18563    1.89442 -0.0727248 180.013       0       0 -0.13     0 -1.03    -0.41597 -0.00490648   0.0160998  0.00261266 -0.00965134 -0.00284194  -0.138647 -0.0439213  0.0117226  0.113748 0.0662703   9.80812 
             80.9837 -0.468929   2.30497   3.26253    3.08307     1.8825 -0.0577265 180.013       0       0 -0.13     0 -1.03  -0.492282 -0.0327356  -0.071241  0.00251334 -0.00937486 -0.00267611  -0.136375 -0.0433903 0.00980736  0.114007 0.0658201   9.80812 
             81.1837 -0.478598   2.30317   3.15893    3.12318    1.87518 -0.0971254 180.013       0       0 -0.13     0 -1.03  -0.115694 -0.0492549  -0.123251  0.00256921 -0.00942354 -0.00258668  -0.145426 -0.0412609  0.0109892  0.114714 0.0676468    9.8081 
             81.3836 -0.478682   2.29212   2.97198    3.04131    1.87095 -0.0616589 180.013       0       0 -0.13     0 -1.03  -0.272819 -0.0372994  0.0336878  0.00238705 -0.00947897  -0.0022526  -0.143145 -0.0419188 0.00879835   0.11471 0.0673152    9.8081 
             81.5848 -0.476242   2.28504   2.85169    2.89723    1.87748 -0.0689681 180.013       0       0 -0.13     0 -1.03   -0.522763 -0.00237485   -0.027425  0.00240415 -0.00939135 -0.00209785  -0.136816 -0.0449933 0.00899893  0.113768 0.0662843   9.80812 
             81.7833 -0.479967   2.26926   2.79288    2.84561    1.87917 -0.0545544 180.013       0       0 -0.13     0 -1.03   -0.426999 -0.00378397   0.0178785  0.00242252 -0.00975478 -0.00206737  -0.141571 -0.0440706 0.00671234   0.11447 0.0671373    9.8081 
             81.9833 -0.481353   2.27038   2.79363     2.7892    1.87811 -0.0574007 180.013       0       0 -0.13     0 -1.03   -0.38022 -0.0264547 -0.0562752  0.00237847 -0.00983178 -0.00203921  -0.144503 -0.0436568 0.00662706  0.114741 0.0675355    9.8081 
             82.1845 -0.46756  2.24005  2.57854    2.71696     1.8734 -0.0659573 180.013       0       0 -0.13     0 -1.03  -0.389627  -0.041791 -0.0371685  0.00238761 -0.00985558 -0.00199169  -0.144893 -0.0437036 0.00643338  0.114783 0.0676029    9.8081 
             82.3843 -0.466731   2.23091   2.56517    2.66813    1.87457 -0.0597599 180.013       0       0 -0.13     0 -1.03  -0.352558 -0.0319969 -0.0140976  0.00247093 -0.00974646 -0.00192024   -0.14601 -0.0438143 0.00580039  0.114918 0.0677744   9.80809 
             82.5829 -0.474214   2.23194   2.50708   2.59051   1.87045 -0.063464 180.013       0       0 -0.13     0 -1.03  -0.397408 -0.0336653  -0.113783  0.00237987 -0.00957442 -0.00185028   -0.14533 -0.0440217 0.00466768  0.114973 0.0677616   9.80809 
             82.7828 -0.464266   2.21665   2.43728    2.52564     1.8757 -0.0650926 180.013       0       0 -0.13     0 -1.03   -0.404693 -0.00865877  -0.0854909  0.00235446 -0.00948201 -0.00165922  -0.147104 -0.0448057 0.00259078 0.115268 0.068115  9.80809 
              82.984 -0.472748    2.2073   2.31736    2.49723    1.84887 -0.0388958 180.013       0       0 -0.13     0 -1.03 -0.282871 -0.100132  0.159078   0.0021525 -0.00966238 -0.00152123    -0.151068   -0.0418909 -0.000861454   0.11625 0.0684447   9.80807 
              83.184 -0.469896   2.20762   2.23157    2.44026    1.88613 -0.0210742 180.013       0       0 -0.13     0 -1.03 -0.306745 0.0743685  0.121375   0.0023072 -0.00965587 -0.00150819   -0.151575  -0.0445319 4.61332e-05  0.115971 0.0686697   9.80807 
             83.3826 -0.484375   2.19916   2.21506    2.34798    1.87869 -0.0314661 180.013       0       0 -0.13     0 -1.03 -0.398402 0.0172809  0.023433  0.00227795  -0.0096403 -0.00151935   -0.150942  -0.0441046 0.000762982  0.115872 0.0685849   9.80808 
             83.5824 -0.4717 2.19316 2.28991    2.26393    1.87488 -0.0399982 180.013       0       0 -0.13     0 -1.03  -0.427564 -0.0113748  0.0104026  0.00219508 -0.00958066 -0.00148287  -0.150774 -0.0434984 0.00206197  0.115773 0.0684819   9.80808 
             83.7836 -0.474124   2.18411   2.16245    2.22272    1.85841 -0.0493363 180.013       0       0 -0.13     0 -1.03  -0.341928  -0.065413 -0.0285122  0.00209638 -0.00972796 -0.00134934  -0.155057  -0.042068 0.00252117  0.116168 0.0685993   9.80807 
             83.9835 -0.47128  2.17208  2.06395    2.14785    1.86901 -0.0348878 180.013       0       0 -0.13     0 -1.03  -0.425359 -0.0522788   0.149322   0.0023288  -0.0096195 -0.00125704   -0.154967  -0.0446367 0.000709346  0.11619 0.068869  9.80807 
             84.1821 -0.466912    2.1545   1.93426    2.03042    1.88504 -0.0115637 180.013       0       0 -0.13     0 -1.03  -0.557237 0.00428794   0.104555  0.00236541 -0.00964709 -0.00119854   -0.153332  -0.0466282 0.000846744  0.115945 0.0689512   9.80807 
              84.382 -0.465326   2.14565   1.80587    2.06965    1.85829 -0.0409178 180.013       0       0 -0.13     0 -1.03  -0.212598 -0.0734372 -0.0168671  0.00246302 -0.00901287  -0.0010174  -0.158003 -0.0456987 0.00214529  0.116276 0.0689868   9.80807 
             84.7831 -0.468409   2.13728   1.73434    1.95939    1.82768 -0.0159146 180.013       0       0 -0.13     0 -1.03  -0.272792 -0.0954429  0.0185044   0.00241639  -0.00891173 -0.000901075  -0.156991 -0.0459602 0.00120996   0.11627 0.0690193   9.80807 
             85.1829 -0.472859   2.14483   1.68165    1.69346     1.8908 -0.0302179 180.013       0       0 -0.13     0 -1.03 -0.538608  0.026818 0.0250501   0.00304137  -0.00784665 -0.000847425  -0.151572 -0.0499788 0.00415796  0.115597 0.0693427   9.80807 
             85.3829 -0.45033   2.0916  1.50489    1.69466     1.8674 -0.0373669 180.013       0       0 -0.13     0 -1.03  -0.346025 -0.0389962 0.00591086   0.00276618  -0.00850026 -0.000769951  -0.154551 -0.0491689 0.00461334  0.115786 0.0692006   9.80807 
             85.5827 -0.450628   2.08932   1.55868    1.67682    1.85404 -0.0340456 180.013       0       0 -0.13     0 -1.03  -0.239647 -0.0694614 0.00331334   0.00254361  -0.00960731 -0.000863883  -0.157398 -0.0488664  0.0044049  0.116015 0.0690967   9.80807 
             85.7813 -0.439476   2.05442   1.42897   1.55277   1.87093 -0.049481 180.013       0       0 -0.13     0 -1.03  -0.437588 0.00751646 -0.0658066   0.00261641   -0.0088306 -0.000582648  -0.150463 -0.0521649 0.00597913  0.115476 0.0696202   9.80807 
             85.9812 -0.435458    2.0614   1.28041    1.46799    1.85618 -0.0314332 180.013       0       0 -0.13     0 -1.03  -0.450182 -0.0669231   0.177779    0.0025467  -0.00889479 -0.000391487   -0.15079 -0.0506902 0.00415784  0.115588 0.0695232   9.80807 
             86.1824 -0.464924   2.06219   1.18171      1.3935     1.86357 -0.00570253 180.013       0       0 -0.13     0 -1.03   -0.45081 -0.0138905   0.132181   0.00256643  -0.00891507 -0.000362426  -0.152055 -0.0518961 0.00455581  0.115727 0.0695499   9.80807 
             86.3823 -0.472562   2.05576   1.05827    1.29541    1.86923 -0.0190969 180.013       0       0 -0.13     0 -1.03  -0.500625 0.00956421  0.0547888    0.0025458  -0.00886661 -0.000114899  -0.152029 -0.0523278 0.00590332  0.115658 0.0695589   9.80807 
             86.5809 -0.470121   2.04392  0.970004    1.24019    1.86086 -0.0337797 180.013       0       0 -0.13     0 -1.03  -0.418282 -0.0333977 -0.0178248   0.00255391  -0.00898463 -2.82831e-05  -0.156352 -0.0517986 0.00784182  0.115796 0.0691077   9.80807 
             86.7808 -0.46835  2.02076 0.886015    1.16035    1.87229 -0.0323138 180.013       0       0 -0.13     0 -1.03  -0.442071 0.00638608 -0.0451776   0.0025631 -0.00882508 0.000116313  -0.156597  -0.053804 0.00734605  0.116061 0.0692355   9.80807 
             87.1819 -0.457499   2.01381  0.767173   1.05555   1.87301 0.0346058 180.013       0       0 -0.13     0 -1.03 -0.309481 -0.010874  0.221493  0.00249276  -0.0088564 0.000280494  -0.161306 -0.0547272 0.00735546  0.116487 0.0687706   9.80807 
             87.5804 -0.455886   2.00718  0.737934   0.928785    1.87982 0.00497138 180.013       0       0 -0.13     0 -1.03  -0.327063 0.00191238   0.110941   0.0026778 -0.00876069 0.000284241  -0.161448 -0.0552532  0.0117495  0.11629 0.068758  9.80807 
             87.7816 -0.461239   1.98044   0.49653   0.776268     1.8832 -0.0291709 180.013       0       0 -0.13     0 -1.03   -0.538198 -0.00782611 -0.00888005  0.00270488  -0.0076822 0.000674897  -0.158692 -0.0552045  0.0155268  0.115905 0.0691624   9.80807 
             87.9815 -0.45878  1.95651 0.487638    0.68646     1.8939 -0.0405257 180.013       0       0 -0.13     0 -1.03 -0.525718 0.0515519 -0.189968  0.00273061 -0.00755433 0.000795892  -0.160015 -0.0560569  0.0149641  0.116133 0.0690429   9.80807 
             88.1801 -0.460821   1.95119  0.346628   0.693664    1.86601 -0.0442528 180.013       0       0 -0.13     0 -1.03  -0.191515 -0.0871885 -0.0506845  0.00275112 -0.00757219 0.000813678  -0.166266 -0.0551374  0.0124267 0.116436 0.067968  9.80807 
             88.3814 -0.447927    1.9319  0.247153   0.569784    1.90161 -0.0231094 180.013       0       0 -0.13     0 -1.03  -0.40163 0.0440407 0.0511271  0.00291881 -0.00732251 0.000968619  -0.163144 -0.0564162  0.0118499  0.116577 0.0686014   9.80807 
             88.5812 -0.447826   1.92267  0.238398   0.508309    1.88846 -0.0246502 180.013       0       0 -0.13     0 -1.03   -0.383437  -0.0260245 -0.00438901  0.00280742 -0.00734854 0.000832924  -0.165441 -0.0550357  0.0122803  0.116387 0.0681079   9.80807 
             88.7811 -0.442013    1.9005  0.242456   0.363404    1.90862 -0.0427918 180.013       0       0 -0.13     0 -1.03  -0.564176  0.0361701 -0.0767067   0.0029657   -0.007101 0.000970188  -0.157946 -0.0564754  0.0138294  0.116324 0.0696791   9.80806 
             88.9796 -0.433721   1.88383 0.0860404   0.323456    1.89397 -0.0459261 180.013       0       0 -0.13     0 -1.03  -0.385118  -0.044711 -0.0410948  0.00282544 -0.00758763  0.00107693  -0.164751 -0.0558149  0.0118812  0.116544 0.0683053   9.80807 
             89.3808   -0.43938    1.88595 -0.0500167   0.193503    1.92606 -0.0205381 180.013       0       0 -0.13     0 -1.03 -0.384023 0.0328968  0.015597  0.00297071 -0.00767835  0.00110395  -0.165896 -0.0578352 0.00957416  0.117082 0.0681393   9.80806 
             89.5808 -0.436799   1.85262 -0.194954  0.0971302    1.90581 -0.0130369 180.013       0       0 -0.13     0 -1.03  -0.423278 -0.0211063  0.0336346  0.00277958 -0.00737713  0.00136022  -0.165502 -0.0568956 0.00955277 0.116861 0.068208  9.80807 
             89.7806 -0.450489   1.85908 -0.353243 0.0228748   1.90196 -0.009209 180.013       0       0 -0.13     0 -1.03  -0.415328 -0.0253561   0.014458  0.00271174 -0.00759371  0.00160863  -0.166675 -0.0570904  0.0102104    0.1169 0.0679417   9.80807 
             89.9807 -0.436641   1.85603 -0.446801 -0.0668999    1.91098 -0.0130141 180.013       0       0 -0.13     0 -1.03  -0.462284 -0.0270111   0.127772 0.00272424 -0.0075891 0.00162228  -0.165779 -0.0588294  0.0123786 0.117247 0.068182  9.80806 
             90.1804  -0.41766   1.83737 -0.407832  -0.176519    1.92553 -0.0182726 180.013       0       0 -0.13     0 -1.03 -0.548815 0.0228123 0.0331905  0.00277167 -0.00756016  0.00161477  -0.164891 -0.0599397  0.0139997  0.117499 0.0684185   9.80806 
             90.3803 -0.420824   1.83251 -0.516883   -0.223362     1.92736 -0.00776643 180.013       0       0 -0.13     0 -1.03   -0.395352 -5.6202e-05   0.0606728  0.00276694 -0.00747898  0.00182312  -0.166457 -0.0603692  0.0139775   0.11762 0.0680037   9.80806 
             90.5789 -0.424754   1.82352 -0.660383  -0.280114    1.91384 -0.0208436 180.013       0       0 -0.13     0 -1.03  -0.349619   -0.03762 -0.0208854  0.00277595 -0.00748447  0.00195856  -0.168544 -0.0597848  0.0152134  0.117438 0.0674794   9.80806 
             90.7801 -0.435781   1.81336 -0.774454  -0.377455    1.93989 -0.0252843 180.013       0       0 -0.13     0 -1.03  -0.437145  0.0491067 -0.0249574   0.0032314 -0.00715312  0.00208437  -0.165254 -0.0625136   0.014641  0.118228 0.0683616   9.80805 
             90.9801 -0.434422   1.79332 -0.873483  -0.495994    1.94564 -0.0155879 180.013       0       0 -0.13     0 -1.03  -0.632935 0.00542627 -0.0425424  0.00319847 -0.00692011  0.00220519  -0.163072 -0.0616868  0.0127597  0.118066 0.0689656   9.80805 
             91.1799  -0.42844    1.7995 -0.896217  -0.515628    1.90668 -0.0110633 180.013       0       0 -0.13     0 -1.03 -0.339615 -0.138432 -0.013026  0.00310408 -0.00728337  0.00218196  -0.169357 -0.0616556  0.0116823  0.117962 0.0670986   9.80806 
             91.3785 -0.425808   1.79354 -0.981083  -0.666238    1.94655 -0.0216869 180.013       0       0 -0.13     0 -1.03  -0.754035 0.00924679 -0.0495176  0.00293395 -0.00738591  0.00239059  -0.167688 -0.0625469  0.0117577  0.118279 0.0675865   9.80805 
             91.5798 -0.406407   1.79485  -1.02633  -0.789789    1.93429 -0.0109417 180.013       0       0 -0.13     0 -1.03  -0.853835  -0.127227 0.00684001  0.00298529 -0.00766641  0.00233816  -0.173093 -0.0627147  0.0103034  0.118217 0.0659435   9.80807 
             91.7797 -0.528488   1.86938   -0.9288 -0.846492   1.90963 0.0217484 180.013       0       0 -0.13     0 -1.03 -0.615842 -0.288086 0.0281893  0.00316411 -0.00781338  0.00223687  -0.184974 -0.0689413 0.00583285  0.119773 0.0620765   9.80807 
             91.9795  -0.35221   1.84221 -0.861757  -0.558754    1.86425 -0.0990296 180.013       0       0 -0.13     0 -1.03  0.458474 -0.375704 -0.653457 0.00335155 -0.0095668  0.0022517  -0.225094 -0.0847049   0.014985  0.123239 0.0492153    9.8081 
             92.3794 -0.398704   1.76655  -0.85378  -0.549816    1.77899 -0.0810103 180.013       0       0 -0.13     0 -1.03  0.102526 -0.327251 -0.284415  0.00327166 -0.00930605   0.0021906  -0.216771 -0.0851572 0.00198785 0.124547 0.051487  9.80807 
             92.5793 -0.412924   1.79112 -0.981773  -0.652937    1.62163 -0.0329155 180.013       0       0 -0.13     0 -1.03  -0.123735  -0.517274 -0.0842622  0.00292871 -0.00889688   0.0023548    -0.214618    -0.082135 -0.000492432  0.123682 0.0522792   9.80808 
             92.7792 -0.397072   1.76708 -0.909771  -0.635982     1.5624 -0.0282047 180.013       0       0 -0.13     0 -1.03 -0.0243192  -0.449848  -0.149698  0.00342318 -0.00924286   0.0022745    -0.21668  -0.0868671 -0.00561382   0.12499 0.0517497   9.80807 
             92.9777 -0.410558   1.75883 -0.855049   -0.59273    1.45906 -0.0095963 180.013       0       0 -0.13     0 -1.03 0.0602792 -0.523678 0.0116197  0.00332138 -0.00952606  0.00208312  -0.221635 -0.0870318 -0.0108774  0.124963 0.0503303   9.80807 
              93.179 -0.404018   1.78922 -0.786315 -0.701105   1.40179 0.0378875 180.013       0       0 -0.13     0 -1.03 -0.333194 -0.332993    0.2012  0.00329654 -0.00922449  0.00204121  -0.214026 -0.0868438 -0.0130502  0.125192 0.0526767   9.80806 
             93.3789 -0.383304   1.78264 -0.679563 -0.710841   1.34495   0.02095 180.013       0       0 -0.13     0 -1.03  -0.19354 -0.278178 0.0576494  0.00323782 -0.00919049  0.00195779   -0.21567 -0.0874315 -0.0118535 0.12528 0.05218 9.80806 
             93.5787 -0.371943   1.76842 -0.909535  -0.710256    1.24998 0.00486139 180.013       0       0 -0.13     0 -1.03   -0.106608   -0.397617 7.72642e-05  0.00278018 -0.00927158   0.0022806  -0.220061 -0.0854318 -0.0100242  0.124641 0.0509704   9.80808 
             93.7787 -0.357249   1.77725 -0.799848 -0.632223   1.17522 0.0227802 180.013       0       0 -0.13     0 -1.03   0.13959 -0.377797  0.102993  0.00275737 -0.00954868  0.00203217  -0.230624 -0.0886492 -0.0100976  0.125407 0.0480581   9.80808 
             93.9786 -0.372494   1.77381 -0.655249 -0.649485   1.09929 0.0234328 180.013       0       0 -0.13     0 -1.03  0.047284 -0.367536 0.0778481  0.00299109 -0.00937815  0.00173137   -0.225541  -0.0871964 -0.00663682  0.125063 0.0495561   9.80808 
             94.1785 -0.339092   1.78917 -0.653703   -0.726173     1.03868 -0.00754039 180.013       0       0 -0.13     0 -1.03 -0.260808 -0.347603 -0.106037  0.00299762 -0.00948025  0.00173213    -0.22025  -0.0866671 -0.00378172  0.125007 0.0511187   9.80807 
             94.3784  -0.37741   1.80868 -0.536593 -0.715603  0.941464 0.0229192 180.013       0       0 -0.13     0 -1.03  -0.10996 -0.399932 0.0343985    0.002934 -0.00954621  0.00149496  -0.221522 -0.0866263 -0.0046704  0.125005 0.0508065   9.80807 
             94.7782  -0.32168   1.81543 -0.564183  -0.744995   0.750028 -0.0370613 180.013       0       0 -0.13     0 -1.03 -0.0637296  -0.492253  -0.196433  0.00286567 -0.00949582  0.00174036   -0.222472  -0.0847215 -0.00318042  0.124532 0.0505487   9.80808 
             95.1794 -0.340993    1.7708 -0.594004 -0.688171  0.679792 0.0638596 180.013       0       0 -0.13     0 -1.03 0.0235895 -0.245477  0.216389  0.00273637 -0.00905558  0.00144176   -0.22484 -0.0904863 -0.0107691  0.126067 0.0500155   9.80806 
             95.3781 -0.293639   1.79124 -0.414814 -0.727889  0.549258 0.0207569 180.013       0       0 -0.13     0 -1.03 -0.0718671  -0.448309  0.0368865  0.00219664 -0.00884129  0.00137381  -0.224374 -0.0883482 -0.0072819  0.125475 0.0502169   9.80807 
             95.5781 -0.297724   1.77977 -0.342447  -0.760897    0.47145 0.00450835 180.013       0       0 -0.13     0 -1.03  -0.124709  -0.441388 -0.0782948  0.00279959 -0.00829778  0.00136241  -0.222865 -0.0893199 -0.0059997  0.125757 0.0505983   9.80806 
              95.779  -0.30537   1.76819 -0.617356 -0.793623  0.391933 0.0134051 180.013       0       0 -0.13     0 -1.03 -0.122098 -0.463463 0.0562403  0.00311283 -0.00815155  0.00178091   -0.221541  -0.0911665 -0.00598592  0.126132 0.0509084   9.80806 
             96.1777 -0.256365   1.77461 -0.468009 -0.695266   0.25759  0.052978 180.013       0       0 -0.13     0 -1.03 0.105635 -0.37795 0.202268  0.0038365 -0.0090153 0.00153556   -0.230513  -0.0969236 -0.00435974  0.127515 0.0490811   9.80805 
             96.3776 -0.264025   1.77105 -0.367242   -0.77872    0.19951 0.00479737 180.013       0       0 -0.13     0 -1.03   -0.131849   -0.392845 -0.00415838  0.00401916 -0.00789873   0.0014671   -0.227458  -0.0965216 -0.00159231  0.127437 0.0498887   9.80805 
             96.5787 -0.266664   1.75874 -0.230124   -0.768444    0.118381 -0.00899884 180.013       0       0 -0.13     0 -1.03 -0.0145781  -0.377668  -0.054842  0.00370445 -0.00876218  0.00133107   -0.229243  -0.0964219 -0.00168106 0.127433 0.049499  9.80805 
             96.7786 -0.274632    1.7623 -0.264405 -0.789913 0.0483824 0.0187353 180.013       0       0 -0.13     0 -1.03 -0.0983106  -0.369834  0.0755353  0.00340181 -0.00837295  0.00135789    -0.22755  -0.0962172 -0.00487494 0.127383 0.049869  9.80805 
             97.1758 -0.291736    1.7583 -0.371173 -0.846778 -0.104329 0.0245977 180.013       0       0 -0.13     0 -1.03 -0.133339 -0.332965  0.104189  0.00330297 -0.00797065  0.00155315   -0.226465  -0.0952796 -0.00328251  0.127152 0.0500554   9.80805 
             97.3756 -0.278886   1.76023 -0.188227 -0.752556 -0.184441 0.0173004 180.013       0       0 -0.13     0 -1.03   0.107703  -0.336817 -0.0375278  0.00302922 -0.00899285  0.00143568   -0.230407  -0.0954376 -0.00269414  0.127229 0.0492743   9.80805 
             97.5771 -0.283454   1.75939 -0.124786  -0.825839  -0.267086 0.00883224 180.013       0       0 -0.13     0 -1.03  -0.154301   -0.43037 -0.0603811  0.00307759 -0.00683978  0.00146894  -0.225838  -0.094564 -0.0024924  0.127006 0.0502747   9.80805 
              97.777  -0.247643    1.77122 -0.0188361   -0.818552   -0.368956 -0.00184286 180.013       0       0 -0.13     0 -1.03 -0.0326111  -0.460298    -0.0291  0.00302265 -0.00736565  0.00136631   -0.228713  -0.0944812 -0.00296693  0.127058 0.0497358   9.80805 
             97.9755  -0.274118    1.76099 -0.0444252 -0.831674 -0.427479 0.0205722 180.013       0       0 -0.13     0 -1.03 -0.174916 -0.439763  0.136703  0.00343011 -0.00723913   0.0014554   -0.228343  -0.0980369 -0.00492223  0.127636 0.0498708   9.80804 
             98.3779   -0.2775   1.76356 -0.210762 -0.789848 -0.502301  0.114787 180.013       0       0 -0.13     0 -1.03 0.0304028 -0.181098  0.305878  0.00362713 -0.00751874  0.00148874   -0.232229   -0.101461 -0.00422668  0.128302 0.0493734   9.80804 
             98.5765  -0.224065    1.76024 0.00907413 -0.809966 -0.591434   0.04049 180.013       0       0 -0.13     0 -1.03 0.0025427 -0.213863  0.193509   0.0042928 -0.00747334 0.000937899   -0.231761  -0.0996417 0.000196284  0.128061 0.0496008   9.80804 
             98.7763 -0.224154   1.75158 0.0205706 -0.854659 -0.654394 0.0426127 180.013       0       0 -0.13     0 -1.03 -0.137225 -0.288367 0.0977752  0.00412345 -0.00729714 0.000925236  -0.228448 -0.0975237 0.00575738  0.127687 0.0505217   9.80804 
             98.9762 -0.221263   1.76016  0.173107 -0.869664 -0.739307 0.0710556 180.013       0       0 -0.13     0 -1.03 -0.137192 -0.150873  0.674358  0.00365422 -0.00740159 0.000692795  -0.230661 -0.0935409  0.0102847  0.127116 0.0501871   9.80805 
             99.1762 -0.236497   1.75812  0.184033 -0.900384 -0.774167 0.0953773 180.013       0       0 -0.13     0 -1.03  -0.141462 -0.0877346   0.350153  0.00366721 -0.00733319  0.00070451  -0.230889 -0.0920557  0.0175249  0.126838 0.0501833   9.80805 
             99.3774 -0.245204   1.76688  0.127404 -0.862031 -0.792494 0.0280179 180.013       0       0 -0.13     0 -1.03 -0.0131731 -0.0838264  0.0193555  0.00363709 -0.00713285 0.000679071  -0.233246 -0.0921455  0.0210916 0.126874  0.05003  9.80805 
              99.576 -0.223098    1.7529  0.205616  -0.906821  -0.742967 0.00765644 180.013       0       0 -0.13     0 -1.03 -0.267316  0.080928   -0.0369   0.0037802 -0.00705754 0.000637984  -0.230023 -0.0979136   0.023116  0.127525 0.0506886   9.80804 
             99.7759  -0.202114    1.75847 -0.0179006   -0.93112  -0.723219 -0.0110496 180.013       0       0 -0.13     0 -1.03  -0.338755  0.0965654 -0.0788567  0.00369079  -0.0077928 0.000740404  -0.235249 -0.0986035  0.0241749  0.127802 0.0500354   9.80804 
             99.9771 -0.220257   1.86721  0.117246 -0.848878 -0.743757 0.0283031 180.013       0       0 -0.13     0 -1.03 -0.122554 0.0393766   0.20346  0.00337888 -0.00912406 0.000543062  -0.252832 -0.0959324  0.0179533  0.127955 0.0474892   9.80805 
             100.177 -0.207801   1.84486  0.328963 -0.623723 -0.793123 0.0183102 180.013       0       0 -0.13     0 -1.03    0.589923   -0.167749 -0.00417346  0.00338431 -0.00956264  0.00050234  -0.268497 -0.0953374  0.0198807  0.128357 0.0451644   9.80806 
             100.376 -0.163559   1.83193  0.533927  -0.544164  -0.747186 -0.0138344 180.013       0       0 -0.13     0 -1.03  0.490025 0.0362218 -0.151894  0.00323236 -0.00944482 6.87833e-05 -0.267379 -0.097083 0.0202435  0.128512 0.0453733   9.80805 
             100.574 -0.158156   1.81634   0.75248  -0.424083  -0.750783 -0.0124863 180.013       0       0 -0.13     0 -1.03   0.551795  0.0196787 -0.0993582   0.00323414  -0.00924869 -0.000353541  -0.269083 -0.0959541  0.0177889  0.128525 0.0451061   9.80805 
             100.775 -0.16883   1.8094 0.892385   -0.302378   -0.740401 0.000137271 180.013       0       0 -0.13     0 -1.03   0.584459  0.0584629 -0.0156335   0.00313243  -0.00904865 -0.000496528   -0.26965 -0.0963624  0.0137042  0.128695 0.0450185   9.80805 
             101.175 -0.192281   1.82037  0.932959 -0.124478 -0.750696 0.0583076 180.013       0       0 -0.13     0 -1.03   0.501535 0.00987764   0.162903   0.00287055  -0.00878009 -0.000605102  -0.265552 -0.0935779  0.0120865  0.128376 0.0451305   9.80806 
             101.374 -0.171913    1.8551   1.18613 -0.0328125  -0.751664  0.0176374 180.013       0       0 -0.13     0 -1.03    0.463376 -0.00395975   0.0370768   0.00300069  -0.00866878 -0.000727399  -0.265392 -0.0935732  0.0150152  0.128337 0.0451778   9.80806 
             101.575 -0.184593   1.87233   1.41883 0.0860357 -0.747831 0.0035389 180.013       0       0 -0.13     0 -1.03   0.53182 0.0253698 -0.034552  0.00307698 -0.00912965 -0.00105782  -0.266581 -0.0936519  0.0155372 0.128382 0.045161  9.80806 
             101.776 -0.191314   1.87613   1.37006     0.13732   -0.747037 -0.00492302 180.013       0       0 -0.13     0 -1.03   0.379224  0.0185731 -0.0767924   0.00295379  -0.00844988 -0.000955103   -0.26154 -0.0937161  0.0143906   0.12816 0.0451605   9.80806 
             101.975 -0.187391   1.88823   1.38089  0.214045 -0.771679 0.0189133 180.013       0       0 -0.13     0 -1.03    0.3542 -0.118186  0.331756  0.00271385 -0.00847057 -0.00101955  -0.261765 -0.0910557  0.0124051  0.128271 0.0450422   9.80806 
             102.175 -0.185504   1.90457   1.50975  0.343823 -0.765553 0.0623785 180.013       0       0 -0.13     0 -1.03    0.52304 -0.0207364   0.278731  0.00275201 -0.00853914 -0.00105817  -0.265722 -0.0926465  0.0138883  0.128398 0.0451889   9.80806 
             102.375 -0.1995 1.92452 1.69902  0.468297 -0.743934 0.0313735 180.013       0       0 -0.13     0 -1.03  0.560316 0.0521469   0.10898  0.00266784 -0.00827703 -0.00145377  -0.266348 -0.0931982  0.0158398  0.128369 0.0452413   9.80806 
             102.576 -0.213484   1.93353   1.87017  0.556425  -0.74716 0.0281616 180.013       0       0 -0.13     0 -1.03  0.513932 0.0250502 0.0486565  0.00264781 -0.00808641 -0.00175717  -0.264271 -0.0920467  0.0172294  0.128272 0.0451235   9.80806 
             102.775 -0.236343   1.95215   2.03737  0.643084 -0.747977 0.0194354 180.013       0       0 -0.13     0 -1.03  0.457218 0.0290944 0.0211422  0.00260979 -0.00807744 -0.00195578  -0.262923 -0.0912603  0.0192759  0.128195 0.0450157   9.80806 
             102.974 -0.236948   1.95598    2.0709   0.770133  -0.755532 0.00404468 180.013       0       0 -0.13     0 -1.03  0.527218 0.0390087 -0.130618  0.00235073 -0.00817073 -0.00200083  -0.265991 -0.0892756   0.019852  0.128458 0.0451726   9.80805 
             103.174 -0.243665   1.98053   2.18867   0.862711  -0.763058 0.00798896 180.013       0       0 -0.13     0 -1.03   0.496611 -0.0123721 -0.0673096  0.00234108 -0.00810936 -0.00204962 -0.265014 -0.088614 0.0180818   0.12856 0.0450925   9.80805 
             103.374 -0.234485   1.99575   2.28231    0.95619  -0.749662 0.00647489 180.013       0       0 -0.13     0 -1.03   0.497232  0.0255641 -0.0458117  0.00227339 -0.00795379 -0.00230182  -0.264803 -0.0890462  0.0177357  0.128519 0.0450818   9.80805 
             103.574 -0.243512   2.00691   2.46764   1.05019 -0.758677 0.0117515 180.013       0       0 -0.13     0 -1.03    0.482572 -0.00887723   -0.019692  0.00227537 -0.00811476 -0.00257871  -0.264012 -0.0875511  0.0166748  0.128687 0.0449593   9.80805 
             103.974 -0.244689    2.0101   2.52675      1.2144   -0.775694 -0.00698796 180.013       0       0 -0.13     0 -1.03   0.430576 0.00508788 -0.0855604  0.00210118 -0.00789157 -0.00250998  -0.262101 -0.0862415  0.0170113 0.128791 0.044686  9.80805 
             104.175 -0.221998   2.04292   2.63644    1.28642  -0.730019 -0.0187026 180.013       0       0 -0.13     0 -1.03   0.381967  0.0790575 -0.0956425  0.00255205 -0.00795335  -0.0028741  -0.261962 -0.0887632  0.0161419  0.128452 0.0447241   9.80806 
             104.375 -0.212276   2.03402   2.80469    1.38372  -0.733824 0.00181741 180.013       0       0 -0.13     0 -1.03  0.419414 0.0350911 0.0466908  0.00252435 -0.00779001  -0.0031034  -0.263137 -0.0869887  0.0127904  0.128753 0.0448098   9.80805 
             104.574 -0.220746    2.0571   2.87966   1.52559 -0.748265 0.0263096 180.013       0       0 -0.13     0 -1.03  0.569372 -0.010185  0.177311  0.00240139  -0.0077119 -0.00317886  -0.268506 -0.0829556  0.0127799  0.129474 0.0455815   9.80804 
             104.774 -0.240563   2.08706   3.00885   1.66321 -0.766246 0.0335973 180.013       0       0 -0.13     0 -1.03   0.635772 -0.0386325   0.134353  0.00235677 -0.00773597 -0.00332298  -0.270588 -0.0810334  0.0165916  0.129647 0.0458686   9.80804 
             104.975 -0.232756   2.09935   2.98477   1.68361 -0.727801 0.0162995 180.013       0       0 -0.13     0 -1.03 0.327732 0.241308 0.182831  0.00285685 -0.00695625 -0.00334645  -0.262561 -0.0867898  0.0218859  0.128317 0.0443408   9.80806 
             105.175 -0.223705   2.09645   3.22485     1.78739   -0.706231 -0.00545615 180.013       0       0 -0.13     0 -1.03  0.423441  0.162458 0.0309129   0.0027907 -0.00692216  -0.0034045  -0.264861 -0.0843343  0.0258761  0.128666 0.0447378   9.80805 
             105.373 -0.202386   2.10083   3.33291    1.88374  -0.732615 -0.0142599 180.013       0       0 -0.13     0 -1.03   0.466602 0.00190681 -0.0181452  0.00289839 -0.00673361  -0.0035975  -0.264724 -0.0829618  0.0260729   0.12892 0.0447043   9.80805 
             105.573 -0.233519   2.11292   3.29158    1.99672  -0.732864 0.00934538 180.013       0       0 -0.13     0 -1.03   0.527554 0.00145601  0.0939994  0.00287038  -0.0067257 -0.00358004 -0.266039 -0.082085 0.0248217  0.129143 0.0450249   9.80805 
             105.775 -0.232778   2.12719   3.36868    2.08319  -0.737456 -0.0126422 180.013       0       0 -0.13     0 -1.03   0.465283  0.0013096 -0.0496253  0.00275688 -0.00680175 -0.00366411 -0.264473 -0.082182 0.0284726  0.129035 0.0446022   9.80805 
             105.974 -0.230737   2.15528   3.48958    2.15764  -0.728599 -0.0193327 180.013       0       0 -0.13     0 -1.03   0.380782 -0.0511142   0.120161   0.0028407  -0.0066519 -0.00375072  -0.263022 -0.0838343  0.0291626  0.128671 0.0442295   9.80806 
             106.173 -0.22451  2.17028  3.58286    2.28011  -0.752935 0.00929075 180.013       0       0 -0.13     0 -1.03  0.529714  -0.10756 0.0211835  0.00287771 -0.00672081 -0.00378968   -0.26593 -0.0820827  0.0279788   0.12906 0.0449476   9.80805 
             106.373 -0.233274   2.17891   3.79433    2.40942  -0.735106 -0.0325602 180.013       0       0 -0.13     0 -1.03   0.584794 -0.0210327 -0.0761837  0.00258804 -0.00661876 -0.00404595  -0.266621 -0.0826318  0.0287037   0.12889 0.0450867   9.80805 
             106.574 -0.229229   2.19694   3.97332     2.49044   -0.735384 0.000354857 180.013       0       0 -0.13     0 -1.03   0.473375 0.00197702   0.124186  0.00253544 -0.00682947  -0.0042357  -0.263905 -0.0836777   0.026582  0.128806 0.0444732   9.80805 
             106.973 -0.23075  2.20354  4.01944    2.64615  -0.715905 -0.0131873 180.013       0       0 -0.13     0 -1.03    0.417713    0.011779 9.57054e-05  0.00257223 -0.00660417  -0.0043323  -0.262182 -0.0864208  0.0305089  0.127981 0.0437894   9.80807 
             107.174 -0.215179   2.21756   4.12031    2.79618  -0.711331 -0.0444948 180.013       0       0 -0.13     0 -1.03  0.516435  0.017638 -0.120078   0.0026144 -0.00755245  -0.0044173  -0.266216 -0.0852157  0.0316834   0.12806 0.0449224   9.80806 
             107.374 -0.229399   2.23813   4.33045    2.91774  -0.731371 -0.0307432 180.013       0       0 -0.13     0 -1.03   0.566553 -0.0572224 -0.0201148  0.00216022 -0.00758243 -0.00481536   -0.26645 -0.0832854  0.0276082    0.1287 0.0451843   9.80805 
             107.574 -0.221607   2.24844   4.56678    2.94881   -0.70721 -0.0452392 180.013       0       0 -0.13     0 -1.03  0.357811 0.0547348 -0.121787  0.00220872 -0.00689137 -0.00498507  -0.259713 -0.0900524  0.0271206  0.127209 0.0428971   9.80808 
             107.774 -0.229145   2.26289   4.39652    3.01708  -0.687742 -0.0306911 180.013       0       0 -0.13     0 -1.03  0.347596 0.0741023 0.0124664  0.00234732 -0.00703088 -0.00479129  -0.259377 -0.0910822  0.0239845  0.127059 0.0428375   9.80808 
             107.972 -0.22978  2.28008   4.4514    3.14553  -0.703243 -0.0192155 180.013       0       0 -0.13     0 -1.03  0.437256 0.0584889 0.0951761  0.00213439 -0.00738672 -0.00487799  -0.264383 -0.0845541  0.0233393  0.128714 0.0450009   9.80805 
             108.172 -0.22309  2.29773  4.56525    3.24788   -0.69025 -0.0327947 180.013       0       0 -0.13     0 -1.03  0.473875 0.0452684 0.0193049  0.00208719 -0.00731233 -0.00490691  -0.265707 -0.0844696  0.0257907 0.128531  0.04533  9.80805 
             108.573 -0.21816  2.30762  4.81523    3.43325   -0.68688 -0.0592213 180.013       0       0 -0.13     0 -1.03  0.667316 0.0488277 -0.105944  0.00212603 -0.00727771 -0.00518129  -0.265377 -0.0842415  0.0259941  0.128611 0.0452353   9.80805 
             108.973 -0.229211   2.30452   4.97134    3.72069  -0.658979 -0.0417682 180.013       0       0 -0.13     0 -1.03   0.823213  0.0939741 -0.0473817  0.00200763 -0.00615078 -0.00522171 -0.262192 -0.085165 0.0222825   0.12888 0.0442986   9.80805 
             109.173 -0.838312   2.20338   4.68678   3.44333 -0.606845 0.0292922 180.013       0       0 -0.13     0 -1.03 -0.0915484   0.153381  0.0908514  0.00282284 -0.00458001 -0.00486193  -0.239277 -0.0976139    0.01331  0.127958 0.0357623    9.8081 
             109.373 -0.82696  2.22675   4.8432     3.35365   -0.634868 -0.00562896 180.013       0       0 -0.13     0 -1.03 -0.288078  0.118535  -0.05006  0.00259667 -0.00420244 -0.00492287  -0.232779 -0.0954503  0.0193146  0.129237 0.0335178   9.80809 
             109.573 -0.794383   2.20813   4.90895     3.42121   -0.632449 -0.00894865 180.013       0       0 -0.13     0 -1.03  -0.0198955    0.135996 0.000686233  0.00205737 -0.00526145 -0.00493449  -0.242414 -0.0876317  0.0188454  0.130841 0.0373555   9.80806 
             109.772 -0.794343   2.21106   4.52756   3.40024 -0.592216 -0.012654 180.013       0       0 -0.13     0 -1.03 -0.0978418   0.188415 -0.0611488  0.00199858 -0.00535625  -0.0045117  -0.241982 -0.0888671  0.0185321  0.130478 0.0371249   9.80806 
             109.973 -0.51457  2.28695  4.78412    3.3822 -0.525869 -0.059176 180.013       0       0 -0.13     0 -1.03 -0.143001  0.381128 -0.364992  0.00198849 -0.00538819 -0.00461384   -0.24372 -0.0916544  0.0207534  0.129443 0.0371892   9.80808 
             110.173 -0.677843   2.17782   4.65745    3.37872  -0.328994 -0.0796299 180.013       0       0 -0.13     0 -1.03 -0.0717127   0.807883  -0.219558  0.00188632 -0.00535703 -0.00458505  -0.248346 -0.0979775  0.0169141  0.127125 0.0383979    9.8081 
             110.373 -0.514125   2.26508   4.56998    3.39433  -0.345492 -0.0291785 180.013       0       0 -0.13     0 -1.03  0.0241749   0.320134 -0.0163221   0.0024455 -0.00544172 -0.00440127  -0.247239 -0.0947015  0.0153511  0.128269 0.0384696   9.80809 
             110.772 -0.417461   2.29707   4.49197     3.4584  -0.232854 0.00881149 180.013       0       0 -0.13     0 -1.03 0.0935198  0.329578  0.173485  0.00210932 -0.00527757 -0.00432836  -0.249668 -0.0905495  0.0155089  0.129328 0.0395088   9.80807 
             110.972 -0.351289   2.31642   4.53284     3.38257  -0.0955738 -0.00680504 180.013       0       0 -0.13     0 -1.03 -0.227999   0.33559  0.456779  0.00302198 -0.00449779 -0.00427797  -0.246715 -0.0977325  0.0212664  0.127242 0.0377866    9.8081 
             111.171 -0.316251   2.31097   4.51058   3.42857 -0.068693 0.0321464 180.013       0       0 -0.13     0 -1.03 0.0117267  0.264855  0.463699  0.00277249 -0.00497566  -0.0042837  -0.250721 -0.0936914  0.0269443  0.127863 0.0389894   9.80809 
             111.371 -0.313547   2.31925   4.48298     3.44875   0.0294217 -0.00374478 180.013       0       0 -0.13     0 -1.03 0.0348935  0.361076  0.139278  0.00232906 -0.00472572 -0.00416028  -0.251737 -0.0945342  0.0292592  0.127478 0.0391564   9.80809 
             111.572 -0.333601    2.3312   4.37575    3.41059    0.10061 -0.0357631 180.013       0       0 -0.13     0 -1.03 -0.0841493   0.341319 -0.0431047  0.00242101 -0.00491129 -0.00391321  -0.248329 -0.0966669  0.0336194 0.126912 0.037832  9.80811 
             111.772 -0.341642   2.33149   4.43257    3.43628   0.190755 -0.0481472 180.013       0       0 -0.13     0 -1.03 -0.0273148   0.465003 -0.0104246  0.00233298 -0.00495049 -0.00401283  -0.254196 -0.0957598  0.0344967  0.126778 0.0394445    9.8081 
             111.971 -0.354686   2.33102   4.39939    3.39744   0.297804 -0.0564149 180.013       0       0 -0.13     0 -1.03  -0.17068  0.583462 -0.365492  0.00233079 -0.00466177 -0.00387777  -0.251905 -0.0976232  0.0341592  0.126424 0.0387638   9.80811 
             112.172 -0.93996  2.12009  4.19648     3.3802   0.422555 -0.0668836 180.013       0       0 -0.13     0 -1.03 -0.151622  0.557019 -0.164018  0.00243086 -0.00487604 -0.00385265  -0.253362 -0.0979506  0.0302895  0.126368 0.0393785   9.80811 
             112.372 -0.887226   2.09079   4.29361   3.32454  0.488095 -0.125848 180.013       0       0 -0.13     0 -1.03 -0.230664  0.433097 -0.183255  0.00226311 -0.00484995 -0.00378224  -0.252715 -0.0973794  0.0308703  0.126537 0.0392038   9.80811 
             112.772 -0.854584   2.11093   4.02794    3.36614   0.576778 -0.0901138 180.013       0       0 -0.13     0 -1.03 -0.00240654    0.110866  -0.0469363  0.00219851 -0.00512625 -0.00331847  -0.258728 -0.0911966  0.0260752  0.127752 0.0414822   9.80808 
             112.971 -0.784562   2.14415    4.1145   3.42322   0.67522 -0.130854 180.013       0       0 -0.13     0 -1.03 -0.0424185    0.34545  -0.400694  0.00213296 -0.00486135 -0.00346089  -0.265018 -0.0951853  0.0269346  0.126615 0.0427039   9.80809 
             113.171 -0.822854   2.11246   4.02041    3.3175  0.822748 -0.159577 180.013       0       0 -0.13     0 -1.03 -0.392294  0.524036 -0.307841  0.00192808 -0.00513305 -0.00346143  -0.261568 -0.0995866  0.0225852  0.125894 0.0423408    9.8081 
             113.371 -0.769374   2.13988   4.02295   3.44772  0.815312 -0.153026 180.013       0       0 -0.13     0 -1.03 0.115604 0.209629 -0.23271  0.00241769  -0.0045873 -0.00346331  -0.265448 -0.0957007   0.020297  0.126662 0.0434857   9.80809 
             113.571 -0.776767   2.11506    3.8144   3.42973    0.9365 -0.118608 180.013       0       0 -0.13     0 -1.03 0.00672596   0.391079  0.0067841  0.00245576 -0.00437849 -0.00304489 -0.263262 -0.104646 0.0158039 0.124815 0.043031  9.80811 
             113.971 -0.876884   2.09661   3.68681   3.45426   1.11789 -0.208221 180.013       0       0 -0.13     0 -1.03 0.0209837  0.436154 -0.399588  0.00217898  -0.0043189 -0.00293283 -0.264727 -0.104643 0.0161316  0.124778 0.0433192   9.80811 
             114.371 -0.821041   2.12447   3.83445   3.39522   1.23055 -0.176326 180.013       0       0 -0.13     0 -1.03 -0.0598258   0.297805  -0.164107  0.00157503 -0.00360552 -0.00310929  -0.261216  -0.102477 0.00699503  0.125323 0.0437065    9.8081 
             114.571 -0.381438   2.31214   3.71008    3.43004    1.31374 -0.0637408 180.013       0       0 -0.13     0 -1.03 -0.0234951    0.44396   0.293007  0.00134623 -0.00402997 -0.00279039   -0.263063   -0.101316 -0.00396314  0.125663 0.0450173   9.80809 
             114.771 -0.403985    2.3256   3.56265    3.39708    1.38766 -0.0486558 180.013       0       0 -0.13     0 -1.03 -0.0905325   0.342463  0.0780576  0.00154352 -0.00386383 -0.00262744    -0.260826    -0.103112 -7.97164e-05 0.125244 0.044385   9.8081 
             114.971 -0.440457   2.32916   3.45146    3.43814    1.47292 -0.0745061 180.013       0       0 -0.13     0 -1.03 -0.0145564   0.412574   0.204792 0.000940378 -0.00380207 -0.00241427  -0.268406  -0.102834 0.00589544  0.124955 0.0456395    9.8081 
             115.171 -0.444078   2.34513   3.59172    3.52048    1.52636 -0.0326366 180.013       0       0 -0.13     0 -1.03 0.231208 0.342149 0.197132 0.000987904 -0.00363546 -0.00245473  -0.274373 -0.0991093 0.00578967  0.125554 0.0466764   9.80809 
             115.371 -0.451433   2.34913   3.51857     3.3974    1.63289 -0.0740663 180.013       0       0 -0.13     0 -1.03  -0.196999   0.415212 -0.0581897 0.000693306 -0.00407562 -0.00229116  -0.271591  -0.100378 0.00712345  0.125293 0.0462279   9.80809 
              115.57 -0.457246   2.35292   3.60175    3.41247    1.68405 -0.0841135 180.013       0       0 -0.13     0 -1.03 -0.0662212   0.287343  -0.132891 0.000946458 -0.00392688 -0.00238424  -0.275883 -0.0958776 0.00653801   0.12603 0.0469496   9.80808 
              115.77 -0.448097   2.33284   3.44065     3.4313    1.80337 -0.0994409 180.013       0       0 -0.13     0 -1.03  0.0163276   0.467099 -0.0876474 0.000967909 -0.00361566 -0.00205824   -0.28083  -0.102065 0.00504587  0.125105 0.0477587   9.80809 
              116.17 -0.477948    2.3417   3.37555   3.56601   1.89176 0.0912499 180.013       0       0 -0.13     0 -1.03 0.302845 0.215652 0.615079 0.000445917 -0.00389981 -0.00205084   -0.286375   -0.094253 -0.00131324  0.126712 0.0489012   9.80806 
              116.37 -0.510365   2.36588   3.46077    3.41793    1.98232 -0.0522648 180.013       0       0 -0.13     0 -1.03  -0.174282   0.270017 0.00588246 0.000991097 -0.00235198 -0.00207477  -0.281258 -0.0972476 0.00805744 0.125712 0.047789  9.80808 
              116.57 -0.496572   2.34692   3.43052    3.37306    2.06898 -0.0940773 180.013       0       0 -0.13     0 -1.03 -0.255105  0.254003 -0.190907  0.00218384 -0.00253335 -0.00191081  -0.281719 -0.0995483 0.00987286  0.125274 0.0477494   9.80808 
              116.77 -0.496267   2.35666    3.3669    3.37263     2.1379 -0.0901013 180.013       0       0 -0.13     0 -1.03 -0.144603  0.253441 0.0190745  0.00243965 -0.00315581 -0.00178771 -0.287028 -0.100587 0.0066784  0.125251 0.0486351   9.80808 
              116.97 -0.504043   2.34899   3.27128    3.40464    2.20204 -0.0649478 180.013       0       0 -0.13     0 -1.03  0.038343  0.195238 0.0446781  0.00245992 -0.00342698 -0.00160871 -0.294009 -0.101052  0.003393  0.125328 0.0497238   9.80807 
              117.17 -0.514639   2.36148   3.49718    3.56746    2.19654 -0.0779051 180.013       0       0 -0.13     0 -1.03   0.490466  0.0216335 -0.0129879  0.00243452 -0.00347894 -0.00161009  -0.306377 -0.0957563  0.0049005  0.126032 0.0513624   9.80806 
              117.37 -0.512032   2.36313   3.54306    3.45655    2.21468 -0.0716746 180.013       0       0 -0.13     0 -1.03 -0.00691792   0.0593022  0.00927046  0.00223738 -0.00400156 -0.00167769  -0.302701 -0.0964846 0.00489074  0.125916 0.0509123   9.80806 
              117.57 -0.523814   2.37016   3.49035    3.44923    2.19149 -0.0635423 180.013       0       0 -0.13     0 -1.03   0.0952371 -0.00434509  -0.0012003 0.00238572 -0.0040423 -0.0016447  -0.300299 -0.0930289 0.00424605  0.126435 0.0505924   9.80805 
              117.77 -0.514888   2.35995   3.48962    3.45152    2.21226 -0.0795301 180.013       0       0 -0.13     0 -1.03   0.113478  0.0401591 -0.0667139  0.00236404 -0.00379738 -0.00148754  -0.297517 -0.0966166 0.00603025  0.125831 0.0501261   9.80806 
              117.97 -0.515004   2.34819   3.22602     3.3663     2.2169 -0.0813958 180.013       0       0 -0.13     0 -1.03   -0.181354  -0.0375045 -0.00451735  0.00246083  -0.0029899 -0.00119144  -0.286705 -0.0987556 0.00509506   0.12558 0.0485594   9.80808 
              118.17 -0.52685  2.34947  3.03734    3.20246    2.19762 -0.0644669 180.013       0       0 -0.13     0 -1.03  -0.578746 -0.0733009  0.0362047  0.00243008 -0.00253667 -0.00116476  -0.278385 -0.0994143 0.00384213   0.12553 0.0474436   9.80808 
              118.37 -0.556594   2.35598   2.82204    3.26158    2.17155 -0.0535695 180.013       0       0 -0.13     0 -1.03  -0.127143 -0.0965844  0.0409329   0.00253108  -0.00183997 -0.000884646   -0.28216 -0.0987028  0.0035488  0.125653 0.0477802   9.80808 
              118.57 -0.555203   2.33734   2.75591    3.24888     2.1759 -0.0381754 180.013       0       0 -0.13     0 -1.03 -0.0888877 -0.0390578  0.0667941   0.00242544  -0.00143434 -0.000807152  -0.283237  -0.100857 0.00289905  0.125536 0.0479239   9.80808 
             118.769 -0.535063   2.31817   2.76642    3.14892    2.19302 -0.0570526 180.013       0       0 -0.13     0 -1.03  -0.307238  0.0274142 -0.0516803   0.00252373  -0.00122918 -0.000793719  -0.274182  -0.105485 0.00717062  0.124809 0.0472671   9.80809 
             119.169 -0.527048   2.30278   2.71375    3.03333    2.18336 -0.0983885 180.013       0       0 -0.13     0 -1.03 -0.241333  -0.02389 -0.161917  0.00248612 -0.00104428 -0.00067267  -0.273628  -0.104194 0.00776367  0.124845 0.0471895   9.80809 
             119.369 -0.506778   2.26624    2.6013    2.92205    2.18642 -0.0792105 180.013       0       0 -0.13     0 -1.03  -0.360299 -0.0129209  -0.112727   0.00258024 -0.000743274 -0.000645471  -0.271598   -0.10465 0.00577398  0.124854 0.0471317   9.80809 
             119.569 -0.492313   2.21638    2.3586     2.8083    2.19493 -0.0664344 180.013       0       0 -0.13     0 -1.03  -0.484519 0.00113103  -0.032676   0.00292964 -1.31861e-05 -0.000238965  -0.269972  -0.105435 0.00418042  0.124798 0.0470848   9.80809 
             119.769 -0.52133    2.242  2.29286    2.73692    2.17058 -0.0616134 180.013       0       0 -0.13     0 -1.03  -0.433397 -0.0588051 -0.0391295   0.00255789 -0.000397308 -0.000158461  -0.272476  -0.102347 0.00181471  0.125008 0.0471277   9.80809 
             120.169 -0.536493   2.25007   2.16379   2.52351   2.16572 -0.139494 180.013       0       0 -0.13     0 -1.03 -0.495322 -0.098894  -0.41527   0.00272857 -0.000104266 -2.83529e-05    -0.26988   -0.105303 -0.00125976  0.124985 0.0472352   9.80809 
             120.368 -0.882496   2.00516   1.97735   2.44651   2.23298 -0.161523 180.013       0       0 -0.13     0 -1.03 -0.464197 0.0788731 -0.328015   0.00331527 -0.000309727  4.82738e-05   -0.270684   -0.107706 -0.00374721  0.125091 0.0473689   9.80809 
              120.57 -0.896728   1.95606   1.87668   2.33477   2.22773 -0.147591 180.013       0       0 -0.13     0 -1.03 -0.514118 0.0235381 -0.163462  0.00264812 0.000115884  0.00018657   -0.269619   -0.105988 -0.00889596 0.125008 0.047725  9.80809 
             120.768 -0.89882  1.95497  1.74514   2.25775   2.19368 -0.120422 180.013       0       0 -0.13     0 -1.03  -0.475809 -0.0766123  -0.061779  0.00212021 -0.00025096 0.000411748  -0.272648  -0.100733 -0.0163364 0.124901 0.048023  9.80809 
             120.968 -0.919188   1.96337   1.65782   2.15797   2.20825 -0.135708 180.013       0       0 -0.13     0 -1.03  -0.538296 0.00171495  -0.556676   0.00230292 -0.000171095  0.000529637  -0.272221  -0.103864 -0.0190256  0.124994 0.0482923   9.80808 
             121.168 -0.922981   1.92101    1.5887   2.07499   2.22336 -0.179798 180.013       0       0 -0.13     0 -1.03 -0.454396 0.0326908 -0.365048   0.00230217 -0.000228796  0.000550637 -0.273758  -0.10469 -0.024384  0.125063 0.0485728   9.80808 
              121.37 -0.915362   1.95121   1.46361    2.02323    2.21067 -0.0981239 180.013       0       0 -0.13     0 -1.03   -0.360516   -0.025159 -0.00160589   0.00236039 -0.000261607  0.000755167  -0.274638  -0.104143 -0.0278439  0.125005 0.0487237   9.80808 
             121.568 -0.887556   1.94849   1.41344    1.92452    2.19366 -0.0901886 180.013       0       0 -0.13     0 -1.03   -0.428257  -0.0589684 -0.00542955   0.00233649 -0.000360376  0.000758662  -0.272512   -0.10311 -0.0293112  0.124862 0.0489388   9.80808 
             121.968 -0.911256   1.94121   1.32812    1.59494    2.21643 -0.0788038 180.013       0       0 -0.13     0 -1.03  -0.692732 -0.0170689  0.0372386  0.00259998 0.000252623  0.00105741   -0.25945  -0.106991 -0.0296846  0.124899 0.0500734   9.80808 
             122.169 -0.846486   1.89584   1.15465   1.65593   2.19169 -0.089317 180.013       0       0 -0.13     0 -1.03  -0.295226 -0.0654052  -0.019221  0.00264078 0.000891902  0.00129186  -0.274973  -0.106283 -0.0288979  0.125139 0.0486904   9.80808 
             122.369 -0.811711   1.88275  0.993979    1.59856    2.19069 -0.0733814 180.013       0       0 -0.13     0 -1.03  -0.302071 -0.0419394  0.0371712  0.00241518 0.000773233  0.00157628   -0.27514  -0.107062 -0.0311811  0.125242 0.0488058   9.80808 
             122.568 -0.868608   1.92262  0.817106    1.48651    2.20605 -0.0532109 180.013       0       0 -0.13     0 -1.03  -0.438427 0.00658151   0.097853  0.00246849 0.000673141  0.00170798  -0.268758  -0.109914 -0.0317682  0.125473 0.0496066   9.80807 
             122.769 -0.78839  1.95568 0.836995     1.3282    2.21313 -0.0539633 180.013       0       0 -0.13     0 -1.03 -0.607527 0.0226154 0.0566139  0.00242007 0.000857097  0.00186369  -0.260111   -0.10996 -0.0291779  0.125411 0.0505914   9.80807 
             122.969 -0.732003    2.0088   0.67499    1.27244    2.19387 -0.0331966 180.013       0       0 -0.13     0 -1.03   -0.49372 -0.0576939  -0.390514  0.00215696 0.000573803  0.00204552  -0.269195   -0.10763 -0.0329362  0.125155 0.0495286   9.80808 
             123.167 -0.596049   2.06336  0.653787    1.25861    2.17045 -0.0839425 180.013       0       0 -0.13     0 -1.03 -0.237268 -0.101512 -0.288693  0.00221922 0.000872143  0.00205145 -0.276497 -0.107522 -0.035448  0.125191 0.0486038   9.80808 
             123.367 -0.568739   2.05953  0.556245    1.19921    2.17331 -0.0193996 180.013       0       0 -0.13     0 -1.03  -0.270964 -0.0273606 0.00823455 0.00206327 0.00103724 0.00230949  -0.276176   -0.10781 -0.0380549  0.125285 0.0487048   9.80808 
             123.567 -0.542261   2.02609  0.488737    1.16546    2.18229 -0.0136986 180.013       0       0 -0.13     0 -1.03  -0.215574 -0.0170957  0.0573346 0.00202925 0.00116418 0.00224441  -0.277352  -0.109827 -0.0376567  0.125601 0.0485183   9.80808 
             123.769 -0.54248  2.03907 0.449345     1.01425     2.20704 -0.00710747 180.013       0       0 -0.13     0 -1.03 -0.474632 0.0587095 0.0790287 0.00206789 0.00114211 0.00236543  -0.263136  -0.111733 -0.0363645  0.125937 0.0509062   9.80806 
             123.967 -0.55498  2.00209 0.384757 0.915153  2.19896 -0.01466 180.013       0       0 -0.13     0 -1.03   -0.520963  0.00521799 -0.00692825 0.00189887 0.00102226 0.00247004  -0.263309  -0.109407 -0.0331955  0.125515 0.0508592   9.80807 
             124.167 -0.545309   1.99842  0.250565   0.853688    2.18185 -0.0187848 180.013       0       0 -0.13     0 -1.03   -0.389145  -0.0446574 -0.00115106 0.00188781 0.00101874 0.00249457  -0.266936  -0.108541 -0.0327102  0.125349 0.0502304   9.80807 
             124.368 -0.551752   2.00124 0.0991673       0.788     2.20729 -0.00357232 180.013       0       0 -0.13     0 -1.03 -0.366793 0.0448642  0.050122 0.00174166 0.00105908 0.00279144   -0.26712  -0.109317 -0.0329196  0.125491 0.0501946   9.80807 
             124.568   -0.559731     1.99562 -0.00397846    0.765788     2.21805 -0.00877242 180.013       0       0 -0.13     0 -1.03  -0.261051  0.0465253 -0.0392606 0.0017409  0.001347 0.0028373  -0.272163  -0.110192 -0.0324782    0.1256 0.0492232   9.80807 
             125.168 -0.547629   1.97917 0.0263927   0.593947     2.1861 -0.0256122 180.013       0       0 -0.13     0 -1.03  -0.310893 -0.0343511  0.0150144 0.00173635 0.00135326 0.00278044  -0.272464  -0.106899 -0.0308919  0.124905 0.0492075   9.80808 
             125.566 -0.558137   1.94596 -0.180062    0.254424     2.21603 -0.00424054 180.013       0       0 -0.13     0 -1.03  -0.828808 -0.0852813  0.0803979 0.00165549 0.00136749 0.00307043  -0.268271  -0.107523 -0.0307843  0.125105 0.0500567   9.80807 
             125.968 -0.716784   1.92953 -0.209338   0.066408    2.11368 -0.0210929 180.013       0       0 -0.13     0 -1.03 -0.598859 -0.365961 0.0417983  0.00186119 0.000163097  0.00327777  -0.272184  -0.108257 -0.0275038  0.125279 0.0490887   9.80808 
             126.168 -0.444811   1.86736 -0.153433   0.635926    2.04708 -0.0153767 180.013       0       0 -0.13     0 -1.03  0.778336 -0.392738 0.0802719 0.00217362 0.00132743 0.00277086  -0.311561   -0.11869 -0.0296208  0.126401 0.0393863   9.80811 
             126.366 -0.510257   1.93943 -0.126213  0.557675   1.96852 0.0053031 180.013       0       0 -0.13     0 -1.03   0.20002 -0.463915  0.112016   0.00196561 -0.000870426   0.00287359  -0.295101  -0.115607 -0.0302602   0.12641 0.0437702   9.80809 
             126.566  -0.508592    1.93147 0.00859924   0.561678    1.88235 -0.0041274 180.013       0       0 -0.13     0 -1.03    0.123909   -0.469082 -0.00797235  0.00205045 -0.00108573  0.00252452  -0.290902  -0.116379 -0.0269289  0.126663 0.0447632   9.80808 
             126.767 -0.485105   1.93473  0.214258   0.483096    1.83203 -0.0156791 180.013       0       0 -0.13     0 -1.03 -0.0998956  -0.334234 -0.0652063   0.00206414 -0.000642162   0.00224946  -0.277632  -0.117763 -0.0246755  0.127318 0.0476956   9.80806 
             126.967 -0.474613   1.92824  0.240976   0.452399    1.74253 -0.0294309 180.013       0       0 -0.13     0 -1.03 -0.104684 -0.187849 -0.533171   0.00187233 -0.000640956   0.00229501  -0.277075  -0.114275 -0.0255767  0.126619 0.0478706   9.80807 
             127.366 -0.879217   1.75981  0.028008 0.428384  1.80809 -0.28965 180.013       0       0 -0.13     0 -1.03 -0.0467432  0.0719941  -0.668995   0.00181184 -0.000624173   0.00232592  -0.276822  -0.120611 -0.0233159  0.127776 0.0478561   9.80805 
             127.567 -0.631514   1.82565  0.152202   0.481527    1.51184 -0.0342933 180.013       0       0 -0.13     0 -1.03 0.0985526 -0.477939  0.186467  0.0023899 -1.769e-06 0.00192757  -0.278473   -0.11546 -0.0295607  0.126788 0.0478212   9.80806 
             127.767 -0.497269   1.88402  0.196028  0.483111   1.42848 0.0147115 180.013       0       0 -0.13     0 -1.03 0.0666374 -0.409326   0.16866   0.00232806 -5.38961e-05   0.00171797   -0.2762 -0.115858  -0.03201   0.12694 0.0483764   9.80806 
             127.966 -0.550524   1.88905  0.339129     0.42424     1.37844 0.000311934 180.013       0       0 -0.13     0 -1.03 -0.0524688  -0.485829  -0.380982  0.00253828 0.000166417  0.00158649  -0.268808   -0.11821 -0.0284657   0.12753 0.0497049   9.80804 
             128.165 -0.816657   1.75981  0.247641  0.362718   1.27572 -0.139582 180.013       0       0 -0.13     0 -1.03 -0.204817 -0.588614 -0.574812  0.00246026 0.000315952  0.00162945  -0.265005  -0.117924 -0.0238864  0.127626 0.0503118   9.80804 
             128.367 -0.695549   1.79171  0.174949    0.43185    1.17845 -0.0571036 180.013       0       0 -0.13     0 -1.03 0.0801646 -0.518116 -0.136864  0.00206123 0.000758078  0.00152013  -0.267175  -0.118774 -0.0285011  0.127652 0.0500784   9.80804 
             128.567 -0.526347   1.86929  0.408545   0.450462    1.09665 -0.0108733 180.013       0       0 -0.13     0 -1.03 0.0954367 -0.437174 0.0586707  0.00184213 0.000935309  0.00113947  -0.266269  -0.119493 -0.0326284  0.127712 0.0503995   9.80804 
             128.765 -0.607614   1.83469  0.508015    0.486803     1.01676 -0.00418372 180.013       0       0 -0.13     0 -1.03  0.117498 -0.451287 0.0989303  0.00177757 0.000713104 0.000814278   -0.26849  -0.121991 -0.0321734  0.128133 0.0499927   9.80804 
             129.166 -0.597167   1.85058  0.614426  0.319885  0.912708 0.0612029 180.013       0       0 -0.13     0 -1.03 -0.232035 -0.296064   0.18084  0.00167544  0.00124746 0.000812253  -0.250511  -0.121345 -0.0319843  0.128035 0.0528012   9.80802 
             129.366 -0.97224  1.84705 0.500388   0.40048  0.808835 0.0307905 180.013       0       0 -0.13     0 -1.03   0.154078  -0.404529 -0.0420733  0.00126569 0.000758293 0.000800442  -0.254295  -0.120279 -0.0301887  0.127951 0.0522173   9.80803 
             129.565 -0.761774   1.79253  0.703713   0.435157   0.675742 -0.0340076 180.013       0       0 -0.13     0 -1.03 0.161875 -0.51747  -0.1738 -0.000102288  0.000732832  0.000595332  -0.255098  -0.118491 -0.0284595  0.127616 0.0517674   9.80803 
             129.765 -0.422998   1.90372  0.680255   0.476845    0.58642 -0.0141296 180.013       0       0 -0.13     0 -1.03   0.170121  -0.401441 -0.0835905 -4.26052e-05  0.000540248   0.00043377   -0.25567  -0.118139 -0.0334465  0.127605 0.0520727   9.80803 
             129.966 -0.410745   1.92263  0.900238  0.377953  0.517837 0.0238729 180.013       0       0 -0.13     0 -1.03  -0.167057  -0.326027 -0.0238401 -3.1834e-07  0.00131817 0.000238431  -0.240999   -0.11756 -0.0386507  0.127318 0.0538518   9.80803 
             130.166 -0.325382   1.89502  0.793515   0.330281   0.397463 -0.0140184 180.013       0       0 -0.13     0 -1.03  -0.209853  -0.467146 -0.0541952 0.000102945  0.00135408 0.000244738  -0.240459  -0.113169 -0.0355071  0.126892 0.0539208   9.80803 
             130.365 -0.38114  1.91721 0.696158  0.380746  0.346147 0.0242393 180.013       0       0 -0.13     0 -1.03  0.028892 -0.320433  0.123362 0.000166754   0.0017555 0.000362657    -0.2428  -0.114345 -0.0367635  0.127015 0.0536981   9.80803 
             130.766 -0.398936   1.91925  0.733461  0.436458  0.145483 0.0564984 180.013       0       0 -0.13     0 -1.03  0.121165 -0.464323  0.173418 0.000139848  0.00219405 0.000239876  -0.245421  -0.112044 -0.0366757  0.126818 0.0534214   9.80803 
             130.966 -0.420847   1.92573    1.1032  0.396157 0.0746527 0.0465588 180.013       0       0 -0.13     0 -1.03 -0.0634889  -0.546808  0.0597032  0.000247688   0.00215452 -0.000515617  -0.241032  -0.113192 -0.0323488  0.126973 0.0540151   9.80803 
             131.164 -0.275739   1.93132  0.875473     0.28356  -0.0525134 0.000714477 180.013       0       0 -0.13     0 -1.03  -0.37338  -0.63329 -0.120104  0.000272003   0.00248255 -0.000459433  -0.235485  -0.111406 -0.0267581  0.126932 0.0547968   9.80803 
             131.366 -0.308167   1.90279  0.784579   0.332094  -0.126439 -0.0137387 180.013       0       0 -0.13     0 -1.03 -0.0364944  -0.519165  -0.210863  0.000527774   0.00276941 -0.000376035 -0.238034 -0.112765   -0.0274  0.127038 0.0546601   9.80803 
             131.766 -0.38184  1.87242  0.85023    0.37808  -0.314886 -0.0747986 180.013       0       0 -0.13     0 -1.03 0.0487085 -0.575099  -0.30386  0.000238174   0.00302531 -0.000530987  -0.241629  -0.117444 -0.0297085  0.127439 0.0543386   9.80802 
             131.965 -0.478071   1.82754    1.2244    0.344562   -0.331671 -0.00794298 180.013       0       0 -0.13     0 -1.03 -0.0526384  -0.327816  -0.220603 0.000594652  0.00323317 -0.00132406  -0.23751 -0.124261 -0.042322  0.128045 0.0546694   9.80801 
             132.365 -0.478306   1.86529   1.11934   0.241538  -0.499289 -0.0178499 180.013       0       0 -0.13     0 -1.03   -0.232039   -0.288613 -0.00335872 0.000433315  0.00338971 -0.00131394  -0.235144  -0.122421 -0.0465755  0.127753 0.0549416   9.80801 
             132.564 -0.296735    1.9239   1.21369  0.335921 -0.593165 0.0483425 180.013       0       0 -0.13     0 -1.03 -0.0675509  -0.242896   0.125322 0.000576402  0.00346172  -0.0014654  -0.237656  -0.121679 -0.0477733  0.127739 0.0548004   9.80802 
             132.765 -0.317288     1.917   1.12211  0.276607 -0.606829 0.0227273 180.013       0       0 -0.13     0 -1.03  -0.294477 -0.0543604  0.0378403 0.000733356  0.00339793  -0.0012928  -0.234341  -0.123689 -0.0417064   0.12798 0.0551784   9.80801 
             132.965 -0.271227    1.9286   1.08872   0.26555 -0.637652  0.014815 180.013       0       0 -0.13     0 -1.03  -0.266783  -0.056085 -0.0245628 0.000449404  0.00291093 -0.00134212  -0.241065  -0.120654 -0.0399511  0.128001 0.0548539   9.80801 
             133.365 -0.285722   1.92263   1.24919   0.369883    -0.5526 -0.0227032 180.013       0       0 -0.13     0 -1.03  0.0134484   0.173863 -0.0466488 0.000557921  0.00275942 -0.00142456  -0.252457  -0.126117 -0.0386654  0.128491 0.0543754   9.80801 
             133.565 -0.231387   1.93414   1.43499   0.593297   -0.60757 0.00921808 180.013       0       0 -0.13     0 -1.03  0.320171 0.0208509   0.04217 0.000573848  0.00272324  -0.0019981  -0.256728  -0.124817 -0.0395358 0.128488 0.054093  9.80801 
             133.765 -0.268858   1.97362   1.65962  0.665859 -0.613871 0.0157065 180.013       0       0 -0.13     0 -1.03   0.329207 0.00166988 0.00976653 0.000583901  0.00280633 -0.00228568  -0.258187  -0.123474 -0.0397958  0.128444 0.0539951   9.80801 
             133.965 -0.298471   1.96815   1.89355  0.800035 -0.583838 0.0379454 180.013       0       0 -0.13     0 -1.03 0.445066 0.109751 0.286958 0.000886042  0.00234437 -0.00268148  -0.265898  -0.126621 -0.0412905  0.128653 0.0538149   9.80801 
             134.165 -0.333546   1.93686   2.07565  0.920139 -0.582324 0.0551044 180.013       0       0 -0.13     0 -1.03  0.561459 0.0647598  0.198936 0.000826701   0.0021995 -0.00270629  -0.267906  -0.125126 -0.0380928  0.128663 0.0538884   9.80801 
             134.365 -0.307327   1.95756   2.16084  0.993638 -0.623081 0.0169299 180.013       0       0 -0.13     0 -1.03    0.447586   -0.074073 -0.00140875 0.000868653  0.00202935 -0.00281929  -0.267086  -0.124144 -0.0366959  0.128714 0.0538701   9.80801 
             134.565 -0.32811  1.99777  2.22755   1.08034 -0.604458 0.0098693 180.013       0       0 -0.13     0 -1.03   0.436718  0.0474535 0.00936762 0.000870776  0.00161486 -0.00303366  -0.266747  -0.127436 -0.0360875  0.128554 0.0539052   9.80801 
             134.964 -0.261688    1.9946   2.26204    1.23437  -0.564641 -0.0159124 180.013       0       0 -0.13     0 -1.03   0.371898  0.0782918 -0.0635789  0.00105842  0.00151277 -0.00316303  -0.267099  -0.130326 -0.0346315  0.128437 0.0539886   9.80801 
             135.164 -0.320111   2.05244   2.61124   1.42951 -0.600315 0.0310982 180.013       0       0 -0.13     0 -1.03   0.625431 -0.0266343  0.0958009 0.000681951  0.00119559 -0.00368367 -0.273723 -0.126783 -0.039636 0.128713 0.054225  9.80801 
             135.364 -0.312773   2.03567   2.75584   1.47722 -0.586143  0.021882 180.013       0       0 -0.13     0 -1.03  0.425108 0.0436994 0.0590295 0.000609186 0.000676031 -0.00385662  -0.269424  -0.128503 -0.0357205  0.128481 0.0539862   9.80801 
             135.564 -0.295177   2.06919   2.84218   1.54868 -0.604533 0.0132149 180.013       0       0 -0.13     0 -1.03   0.349756 -0.0251926  0.0271228 0.000574401 0.000528527 -0.00395666  -0.268691  -0.125643 -0.0325114  0.12874 0.053941  9.80801 
             135.764 -0.2726 2.10218 2.88139   1.66309 -0.584778 0.0279529 180.013       0       0 -0.13     0 -1.03 0.452226 0.060803 0.085908 0.000809763 0.000368765 -0.00406804  -0.274261  -0.127443 -0.0319551  0.128529 0.0545783   9.80801 
             135.964 -0.322659    2.0966   3.02642    1.78021  -0.583494 0.00776766 180.013       0       0 -0.13     0 -1.03   0.559876 -0.0664082  0.0778812 0.000779827 0.000178957  -0.0042533  -0.277107  -0.126123 -0.0275865  0.128581 0.0550252     9.808 
             136.164 -0.282205   2.08038   3.05775   1.90509 -0.599812 0.0137704 180.013       0       0 -0.13     0 -1.03   0.588146 -0.0701013  0.0463291 0.000816413 0.000107209 -0.00426281 -0.278102 -0.125758 -0.027077 0.128608  0.05516    9.808 
             136.364 -0.347399   2.08482   3.27096    1.94379  -0.584109 0.00128509 180.013       0       0 -0.13     0 -1.03    0.387889 0.000975921  -0.0206961  0.000585533 -0.000297333  -0.00457616  -0.276821  -0.126419 -0.0266512  0.128518 0.0549772     9.808 
             136.564 -0.310725   2.12873   3.21544    2.02202  -0.581784 -0.0148609 180.013       0       0 -0.13     0 -1.03   0.378447  0.0107534 -0.0723669  0.000676639 -0.000322449  -0.00442663  -0.277033   -0.12649 -0.0262495  0.128505 0.0550106     9.808 
             136.764 -0.328877   2.14369    3.3828     2.14455   -0.575848 0.000101585 180.013       0       0 -0.13     0 -1.03    0.4965 0.0330532  0.029072  0.000579269 -0.000420399   -0.0047382  -0.282526  -0.125119 -0.0288685  0.128659 0.0558578     9.808 
             137.164 -0.316474   2.17597   3.57766    2.33893  -0.562508 -0.0597043 180.013       0       0 -0.13     0 -1.03  0.446863 0.0439285 -0.292406 0.000643123 -0.00026613 -0.00502065  -0.283217  -0.124937 -0.0296839  0.128691 0.0559593     9.808 
             137.364 -0.340498    2.1579   3.72427    2.44664  -0.567607 -0.0304915 180.013       0       0 -0.13     0 -1.03 0.484253 0.027573 -0.10482   0.00045904 -0.000337763  -0.00501951  -0.283351   -0.12434 -0.0324792  0.128879 0.0560004   9.80799 
             137.564 -0.366413   2.17024   3.80409    2.53895  -0.558621 -0.0223713 180.013       0       0 -0.13     0 -1.03   0.476069  0.0296344 -0.0963868  0.000548643 -0.000258976  -0.00515442  -0.282986  -0.124578 -0.0340538  0.128866 0.0559528   9.80799 
             137.764 -0.313748    2.1944     4.036    2.66469  -0.561682 -0.0173404 180.013       0       0 -0.13     0 -1.03   0.552017  0.0169502 -0.0341729  0.000284044 -0.000641588  -0.00553698   -0.28537  -0.122241 -0.0358143 0.129264 0.056513  9.80799 
             137.963 -0.313427   2.22103   4.20183    2.73564  -0.546759 -0.0147529 180.013       0       0 -0.13     0 -1.03   0.445108 -0.0619078  -0.124029 0.000174312 0.000111544 -0.00563519  -0.281231  -0.124618 -0.0366996 0.128963 0.055595  9.80799 
             138.163 -0.275898   2.17482   4.27502    2.83244  -0.575143 -0.0267609 180.013       0       0 -0.13     0 -1.03   0.476366  -0.102457 -0.0552784 5.11346e-05 1.54507e-05 -0.00565243  -0.281308  -0.123064 -0.0373634  0.129335 0.0557084   9.80799 
             138.363 -0.308552   2.25264   4.32251     2.93534   -0.559065 0.000783341 180.013       0       0 -0.13     0 -1.03    0.563023 0.000782876   0.0304237 4.46039e-05 7.93589e-05 -0.00575731  -0.281566  -0.123749 -0.0381343  0.129186 0.0557296   9.80799 
             138.563 -0.320548   2.25052   4.37603    3.01107  -0.534883 -0.0187159 180.013       0       0 -0.13     0 -1.03   0.662019  0.0839099 -0.0243691 -6.33262e-05  3.52277e-06   -0.0056991   -0.27745  -0.127708 -0.0362146  0.128443 0.0545526   9.80801 
             138.763 -0.312972   2.23183   4.42939    3.14979  -0.537165 -0.0247756 180.013       0       0 -0.13     0 -1.03   0.762109  0.0600695 -0.0427895 -7.64502e-05  0.000553051  -0.00569422  -0.274674  -0.125246 -0.0364334  0.129206 0.0540378     9.808 
             138.963 -0.391381   2.16145   4.13383    3.13857   -0.49103 -0.0927818 180.013       0       0 -0.13     0 -1.03  0.331682  0.158735 -0.153741 0.000408436  0.00164171 -0.00532605  -0.257625  -0.135735 -0.0282883   0.12738 0.0492368   9.80805 
             139.163 -0.514229    2.1931   4.21902    2.82554  -0.528252 0.00825818 180.013       0       0 -0.13     0 -1.03  -0.833736 -0.0304177   0.240317 0.000155941  0.00429889 -0.00533115 -0.227276 -0.139893 -0.037902  0.128558 0.0416448   9.80807 
             139.363 -0.357819   2.26233   4.27971    2.93274  -0.573453 0.00872075 180.013       0       0 -0.13     0 -1.03 -0.175362 -0.122559  0.129232 0.000199443   0.0048695 -0.00530794  -0.231786  -0.138073 -0.0373467  0.128742 0.0426266   9.80806 
             139.563 -0.36797  2.28509   4.2573    2.93097  -0.550659 0.00979223 180.013       0       0 -0.13     0 -1.03   -0.115156 -0.00359709   0.0799319 0.000136031   0.0048195 -0.00524066  -0.236644  -0.141925 -0.0353709  0.127666 0.0434331   9.80807 
             139.764 -0.393387   2.27025   4.25851     2.95117    -0.52875 -0.00681413 180.013       0       0 -0.13     0 -1.03 -0.0255691  0.0577605  0.0107614 0.000248037  0.00454038 -0.00520996  -0.243872  -0.143026 -0.0313232  0.127005 0.0448806   9.80808 
             139.963 -0.375183   2.26963   4.25604    2.97873  -0.535329 -0.0210437 180.013       0       0 -0.13     0 -1.03  0.0336033   0.020587 -0.0203642 6.54073e-05  0.00423971 -0.00516565 -0.247764 -0.139144 -0.029049  0.127609 0.0458817   9.80806 
             140.163 -0.350233   2.27528   4.23845     2.96489   -0.555473 -0.00530799 180.013       0       0 -0.13     0 -1.03 -0.0450058 -0.0506495  0.0438326 4.21438e-05  0.00425761 -0.00515922 -0.245681 -0.137708 -0.030578  0.128052 0.0455203   9.80806 
             140.363 -0.361252   2.26538   4.25724    2.95862  -0.541151 -0.0135005 180.013       0       0 -0.13     0 -1.03  -0.054143  0.0156847 0.00706723 2.22924e-05  0.00421357  -0.0051323 -0.245925 -0.138101 -0.030268  0.127952 0.0455515   9.80806 
             140.564 -0.375075     2.287   4.28371     2.94798   -0.536476 -0.00442983 180.013       0       0 -0.13     0 -1.03 -0.0703724  0.0252625  0.0278904 3.79138e-05  0.00413599 -0.00511736  -0.246108  -0.138091 -0.0307572  0.127958 0.0455939   9.80806 
             140.764 -0.376097    2.2641   4.25685    2.95057  -0.535918 -0.0126074 180.013       0       0 -0.13     0 -1.03 -0.0454554  0.0202782 0.00266977 2.26975e-05  0.00407105 -0.00504495  -0.248686    -0.1365 -0.0289121 0.128136 0.046192  9.80805 
             141.162 -0.380739   2.26584   4.26247    2.95782  -0.531022 -0.0163217 180.013       0       0 -0.13     0 -1.03 -0.0294574  0.0253327 0.00186519 -1.90678e-05   0.00387091  -0.00502212  -0.251183  -0.135311 -0.0284603 0.128264 0.046768  9.80805 
             141.364 -0.376406   2.26176   4.26094    2.96706   -0.54625 -0.0134426 180.013       0       0 -0.13     0 -1.03 -0.0117405 -0.0144493  0.0120515 -0.000188201   0.00373024    -0.005012  -0.251508  -0.134605 -0.0285431    0.1284 0.0468692   9.80805 
             141.563 -0.368485   2.27773   4.26367     2.95535   -0.537793 -0.00641912 180.013       0       0 -0.13     0 -1.03 -0.0507692  0.0203861  0.0266883 0.000107161  0.00385777 -0.00497863  -0.251272  -0.135306 -0.0287242  0.128269 0.0467912   9.80805 
             141.762 -0.370113   2.27218   4.25082     2.96169   -0.540796 -0.00825822 180.013       0       0 -0.13     0 -1.03 -0.0251377 0.00880362  0.0148047 -4.2873e-05  0.00351309 -0.00493726  -0.253051    -0.1338 -0.0280001  0.128486 0.0472109   9.80804 
             141.962 -0.354723   2.27493   4.26881     2.96658   -0.540621 -0.00495833 180.013       0       0 -0.13     0 -1.03 -0.0207997  0.0121349  0.0207405 -7.34222e-05   0.00337933  -0.00491504  -0.254429  -0.133087 -0.0280464  0.128575 0.0475196   9.80804 
             142.163 -0.368384   2.27522   4.26893   2.95823 -0.544205 -0.014755 180.013       0       0 -0.13     0 -1.03  -0.0455322 -0.00113815  -0.0157248 -7.2564e-05  0.00338264 -0.00491143  -0.254144  -0.132598 -0.0266782 0.128654 0.047472  9.80804 
             142.363 -0.370532   2.26618   4.26878    2.96551  -0.544223 -0.0177478 180.013       0       0 -0.13     0 -1.03 -0.0195605  0.0053532 -0.0115977 -6.22692e-05   0.00337175  -0.00486481  -0.254457  -0.132518 -0.0266995  0.128658 0.0475372   9.80804 
             142.562 -0.38293  2.25767    4.258    2.96633  -0.535732 -0.0177739 180.013       0       0 -0.13     0 -1.03  -0.0229394   0.0284162 -0.00283306 -5.38727e-05   0.00334223  -0.00481246  -0.255239  -0.133067 -0.0268037  0.128523 0.0476693   9.80804 
             142.762 -0.373174    2.2566   4.28951    2.96963   -0.53906 -0.0189179 180.013       0       0 -0.13     0 -1.03   -0.0170467    0.0110623 -0.000643957 -0.000135288   0.00324538  -0.00480986  -0.256127  -0.131482 -0.0267007  0.128798 0.0479052   9.80804 
             143.163 -0.364096   2.26948   4.34183      2.9501   -0.541561 -0.00918899 180.013       0       0 -0.13     0 -1.03 -0.0664031  0.0108266  0.0170158 -0.000217532   0.00325273  -0.00482693  -0.255423  -0.130858 -0.0276725  0.128966 0.0477994   9.80804 
             143.362 -0.367105   2.25285   4.24593    2.96085  -0.541644 -0.0208451 180.013       0       0 -0.13     0 -1.03 -0.0267869   0.011694 -0.0175067 -0.000251224   0.00306425  -0.00479838  -0.256184  -0.130572 -0.0272366  0.128983 0.0479597   9.80803 
             143.562 -0.383997   2.25893   4.25824    2.95591   -0.53255 -0.0138296 180.013       0       0 -0.13     0 -1.03 -0.040082 0.0338479 0.0111191 -6.57535e-05   0.00297906  -0.00477301  -0.256322  -0.130884 -0.0276873  0.128926 0.0479768   9.80804 
             143.763 -0.387988   2.25589   4.25094     2.9666  -0.534807 -0.0168706 180.013       0       0 -0.13     0 -1.03 -0.00662599   0.0158479  0.00192436 -0.00022424  0.00265438  -0.0047499  -0.258052   -0.12936 -0.0271971  0.129143 0.0483547   9.80803 
