            0.600118  -0.00145372 -0.000111088 -4.10155e-05 -0.00534436  0.00499712   0.0001999 180.013       0       0 -0.13     0 -1.03 -0.00312085  0.00197608 0.000126675  0.000163437 -0.000257342  -0.00143457  3.47475e-07 -3.42995e-07 -1.27681e-08 0.0867002 0.0679773   9.80838  38538
            0.800012  -0.00171736 -0.000658791   0.00115268  -0.00685003    0.0047385 -4.44612e-05 180.013       0       0 -0.13     0 -1.03 -0.00811046 -0.00111886 -0.00127615   0.00016488 -0.000256142  -0.00143816 2.57112e-06 1.54179e-06 7.45937e-07 0.0866981 0.0679755   9.80838  38760
             1.20138 -0.00046072 -0.00163407  0.00457999    -0.010762 -0.000190265  0.000161546 180.013       0       0 -0.13     0 -1.03  -0.0104937  -0.0167292 0.000755626  7.77974e-05 -0.000250461  -0.00144746 0.000302594   0.0047952  -0.0017092 0.0863954 0.0633555   9.80841  38839
             1.60008 -0.00100445 -0.00258431   0.0142068   -0.0160763   0.00322703 -0.000165916 180.013       0       0 -0.13     0 -1.03  -0.0148691   0.0166527 -0.00141689  0.000158824 -0.000242923  -0.00146843  0.00104997 -0.00392621 -0.00048874 0.0856864 0.0717427   9.80836  38918
             1.80136 -0.00121245  -0.0030857   0.0219139    -0.015954   0.00274875 -0.000293943 180.013       0       0 -0.13     0 -1.03  0.000311271  -0.00238093 -0.000324166  0.000171666 -0.000234422  -0.00148039  -0.00313258   0.00158382 -0.000989767 0.0896969 0.0664466   9.80836  39205
             2.00145 -0.00102899 -0.00246135  0.00979699   -0.0136983  0.000533726 -0.000443882 180.013       0       0 -0.13     0 -1.03    0.0113467   -0.0115144 -0.000502304  0.000174142 -0.000232702  -0.00146394 -0.00615698   0.0042414 -0.00074057  0.092605 0.0638998   9.80835  38853
             2.40006 -0.000809527  -0.00315515   0.00751748   -0.0179975   0.00071495 -0.000384481 180.013       0       0 -0.13     0 -1.03  -0.0175007  0.00447128 0.000189016  0.000148874 -0.000266917  -0.00146087 0.000576615 0.000470803 -0.00115234 0.0861396 0.0675125   9.80839  38871
             2.60147 -0.000745316  -0.00339629    0.0200277  -0.0187967 0.000266554   -0.000361 180.013       0       0 -0.13     0 -1.03  -0.00524895  -0.00266371 -5.88926e-05  0.000158429 -0.000252054  -0.00147819  -0.0017471  0.00160633 -0.00123023 0.0883653 0.0664226   9.80838  39104
              3.0001 -0.000781431  -0.00334196 -0.000243551   -0.0187944 -0.000201292 -0.000296389 180.013       0       0 -0.13     0 -1.03   0.00190603 -0.000903754   0.00046738  0.000158441 -0.000256564  -0.00145128 -0.00274878  0.00124357 -0.00117262  0.089325 0.0667709   9.80837  38563
             3.20016 -0.00074639 -0.00290797  0.00501615    -0.017095 -0.000129668 -0.000154083 180.013       0       0 -0.13     0 -1.03   0.0084781  4.4129e-05 0.000541129  0.000159961 -0.000259089  -0.00145934 -0.00361953  0.00108178 -0.00130632 0.0901567  0.066925   9.80836  38824
             3.40154 -0.000708491  -0.00391956    0.0255555   -0.0199785   0.00137474 -0.000360374 180.013       0       0 -0.13     0 -1.03   -0.0124079   0.00777192 -0.000985015 0.000151549 -0.00027839 -0.00149024  0.000382716 -0.000428093  -0.00070553 0.0863358 0.0683733   9.80838  39063
              3.6015 -0.00120881 -0.00250647  0.00647344   -0.0173495  -0.00136527 -0.000439563 180.013       0       0 -0.13     0 -1.03    0.0111261    -0.013454 -0.000314864  0.000184526 -0.000248526  -0.00146693  -0.00421338   0.00365879 -0.000873348 0.0907283 0.0644687   9.80837  38828
             3.80023 -0.000588441  -0.00306271  -0.00687626  -0.0172097 -0.00186014 -0.00050102 180.013       0       0 -0.13     0 -1.03    0.0018956  -0.00344731 -0.000398577  0.000173513 -0.000257559  -0.00145043  -0.00239578   0.00169574 -0.000880848 0.0889911 0.0663414   9.80837  38597
             4.00018 -0.000621379  -0.00308037   0.00487696   -0.0186892  -0.00235931 -0.000507206 180.013       0       0 -0.13     0 -1.03  -0.00623755  -0.00252692 -8.83305e-06  0.000173703 -0.000262618  -0.00146755 -0.000928404   0.00148466  -0.00101292 0.0875903  0.066543   9.80838  38835
             4.20155 -0.000983115  -0.00302357    0.0144621   -0.0183331 -0.000868705 -0.000405666 180.013       0       0 -0.13     0 -1.03  0.00115009  0.00674426 0.000512061  0.000178018 -0.000264688  -0.00148179 -0.00200035 7.24597e-05 -0.00120771 0.0886115 0.0678866   9.80836  39137
              4.4015 -0.00142164 -0.00282112   0.0116653  -0.0171986 0.000426192 -0.00054622 180.013       0       0 -0.13     0 -1.03   0.00523723   0.00666299 -0.000887723  0.000178553 -0.000263805  -0.00147907  -0.00259774  0.000110433 -0.000913721 0.0891828 0.0678525   9.80836  38856
             5.20169 -0.000950064   -0.0034408    0.0139346   -0.0200378  -0.00192436 -0.000407848 180.013       0       0 -0.13     0 -1.03  -0.00964102  -0.00983436 -0.000226448  0.000187878 -0.000273173  -0.00148706 -0.00193595 0.000711956 -0.00135461 0.0885505 0.0672773   9.80837  38916
             5.40025  -0.0013791 -0.00288537  0.00826831   -0.0189696 -0.000618296  -0.00045362 180.013       0       0 -0.13     0 -1.03   0.00500213   0.00646621 -0.000582436  0.000193432 -0.000275938  -0.00148267 -0.00230487 0.000269092 -0.00142014  0.088897 0.0676938   9.80836  38673
             5.80161 -0.000992555  -0.00332297    0.0126202   -0.0208888  -0.00152541 -0.000133727 180.013       0       0 -0.13     0 -1.03 -0.00738655 -0.00505467  0.00105828  0.000201692 -0.000283023  -0.00149081 -0.00123234  0.00126478 -0.00181806 0.0878801 0.0667491   9.80838  39172
             6.00166 -0.00127758 -0.00354776   0.0139217   -0.0205918  -0.00105706 -0.000260651 180.013       0       0 -0.13     0 -1.03 0.000991191  0.00191158 -0.00141497  0.000197445 -0.000276648  -0.00149434 -0.00196231  0.00064995 -0.00154221 0.0885714 0.0673317   9.80837  38844
             6.20165 -0.00127666 -0.00365673   0.0132529   -0.0214257  -0.00231977 -0.000152673 180.013       0       0 -0.13     0 -1.03 -0.00335849  -0.0060569 0.000702841  0.000201125 -0.000280839  -0.00149621 -0.00145885  0.00149775 -0.00186174 0.0880943   0.06653   9.80838  38818
             6.40041 -0.000901737  -0.00328343   0.00818238  -0.0211653  -0.0025369 -0.00037582 180.013       0       0 -0.13     0 -1.03  0.00102089 -0.00159879 -0.00124613  0.000194059 -0.000274593  -0.00149165 -0.00193625 0.000904845 -0.00155286 0.0885463 0.0670906   9.80837  38594
             6.60166 -0.000856533  -0.00368361    0.0137643   -0.0231811  -0.00117617 -0.000338397 180.013       0       0 -0.13     0 -1.03  -0.0090108   0.0064825 0.000259038  0.000177953 -0.000292144  -0.00149743 -0.000775181 -7.12117e-06   -0.0017709 0.0874519 0.0679467   9.80837  39130
             6.80165 -0.00141217 -0.00385327   0.0156165   -0.0238279  0.000662435 -0.000170329 180.013       0       0 -0.13     0 -1.03 -0.00381084  0.00895533 0.000924517  0.000174439 -0.000283374  -0.00149855  -0.00135007 -0.000267559  -0.00185599 0.0879912 0.0681911   9.80837  38838
             7.00166  -0.0013267 -0.00381876   0.0143899   -0.0237888 -0.000172426 -0.000113268 180.013       0       0 -0.13     0 -1.03 0.000172798 -0.00374517 0.000417028  0.000180977 -0.000281071  -0.00149854 -0.00173963 0.000978289 -0.00176664 0.0883589 0.0670236   9.80837  38858
             7.40167 -0.00111045 -0.00363986   0.0187431   -0.0231354 -0.000498951 -0.000296574 180.013       0       0 -0.13     0 -1.03  0.00211525 -0.00014419 -0.00098276  0.000185629 -0.000282418  -0.00150281 -0.00182271 0.000684844 -0.00158883 0.0884379 0.0672995   9.80837  39102
              7.6017  -0.0011828 -0.00346096   0.0127917   -0.0221986  0.000911627 -0.000193111 180.013       0       0 -0.13     0 -1.03  0.00444741  0.00693472 0.000797053  0.000186089 -0.000280128  -0.00149801 -0.00194493 0.000276808 -0.00178987 0.0885499  0.067679   9.80837  38831
             7.80174 -0.00118553 -0.00350684  0.00763968   -0.0213541 -0.000456612 -0.000344739 180.013       0       0 -0.13     0 -1.03   0.00429225  -0.00598264 -0.000791202  0.000203516 -0.000277659  -0.00149225 -0.00197044  0.00138892 -0.00153243  0.088577 0.0666443   9.80837  38856
             8.00167 -0.00124084  -0.0034415   0.0106244   -0.0212552  0.000199342 -0.000467362 180.013       0       0 -0.13     0 -1.03  0.000479776    0.0028886 -0.000729711  0.000206662 -0.000274353  -0.00149509 -0.00166747 0.000617679 -0.00156239 0.0882943 0.0673617   9.80837  38843
             8.20176 -0.00124599 -0.00309915  0.00576991   -0.0209531 -0.000749626 -0.000194205 180.013       0       0 -0.13     0 -1.03  0.00167801 -0.00438187  0.00140831  0.000196729 -0.000275202  -0.00149077 -0.00174997  0.00118545 -0.00184879 0.0883685 0.0668327   9.80837  38852
             8.40171 -0.00130544  -0.0032308  0.00774572   -0.0211352  0.000831651 -0.000337554 180.013       0       0 -0.13     0 -1.03 -0.000724573   0.00691092  -0.00125725  0.00018532 -0.00027577 -0.00149436 -0.00151484 0.000188144 -0.00160826 0.0881527 0.0677588   9.80837  38858
             8.60176 -0.00105158 -0.00308396  0.00578888   -0.0200669  -0.00118727 -0.000456503 180.013       0       0 -0.13     0 -1.03    0.0053588  -0.00936688 -0.000535037  0.000213314 -0.000264653  -0.00149302 -0.00199022  0.00154009 -0.00169617 0.0885915 0.0665069   9.80837  38890
             8.80179 -0.00118862 -0.00296492  0.00632784   -0.0196893 -0.000424279 -0.000478384 180.013       0       0 -0.13     0 -1.03   0.00207521    0.0029518 -0.000368043  0.000193035 -0.000271389  -0.00149542  -0.0017041 0.000519309 -0.00172719 0.0883272 0.0674498   9.80837  38841
             9.00173 -0.000976895  -0.00304896  -0.00504343   -0.0200192 -0.000994836 -0.000379957 180.013       0       0 -0.13     0 -1.03 -0.00117942 -0.00268399  0.00059659  0.000189128 -0.000266734  -0.00148641 -0.00147904  0.00089459 -0.00184528 0.0881184 0.0671032   9.80837  38835
             9.20182  -0.00105934  -0.00319833 -0.000254942   -0.0213788  -0.00226535 -0.000386903 180.013       0       0 -0.13     0 -1.03  -0.00641511  -0.00570659 -0.000178476  0.000183766 -0.000260985  -0.00149296 -0.00114799  0.00112975 -0.00181193 0.0878139 0.0668874   9.80838  38889
             9.60177 -0.00119159 -0.00302737   0.0022514   -0.0206698 -0.000984263 -0.000576867 180.013       0       0 -0.13     0 -1.03  0.00427195  0.00602856 -0.00073124  0.000195587 -0.000268846  -0.00149827 -0.00169393 0.000528437 -0.00177401 0.0883162 0.0674382   9.80837  38889
             9.80184 -0.00091835 -0.00323919  0.00486052   -0.0218046  -0.00181094 -0.000353979 180.013       0       0 -0.13     0 -1.03 -0.00460377 -0.00338646  0.00137856  0.000194407 -0.000269467  -0.00150243 -0.00129041 0.000960183 -0.00198746 0.0879454 0.0670431   9.80838  38854
             10.0018 -0.000992155  -0.00336601   0.00179272   -0.0217008  -0.00109351 -0.000330584 180.013       0       0 -0.13     0 -1.03 -0.000155868   0.00299062  1.26683e-06  0.000192893 -0.000268321  -0.00150138 -0.00156145 0.000551085 -0.00185949 0.0881939 0.0674168   9.80837  38900
             10.2019 -0.00115483  -0.0034492   0.0140188   -0.0232719 -0.000346953 -0.000396452 180.013       0       0 -0.13     0 -1.03  -0.00693066    0.0036287 -0.000469084  0.000193816 -0.000268879  -0.00151237 -0.00107067 0.000481265 -0.00181033 0.0877475  0.067481   9.80838  38923
             10.4018 -0.000869987  -0.00368649   0.00460687   -0.0236049  -0.00232689 -0.000279401 180.013       0       0 -0.13     0 -1.03 -0.00176228 -0.00976142  0.00106969  0.000183242 -0.000272388  -0.00150513 -0.00137868   0.0012805 -0.00191659 0.0880266 0.0667546   9.80838  38846
             10.6019 -0.000716356  -0.00291405  -0.00168926    -0.020882  -0.00229912 -0.000285904 180.013       0       0 -0.13     0 -1.03    0.0116873 -0.000750402 -0.000243604  0.000202785 -0.000300351  -0.00149894 -0.00217349 0.000751579 -0.00180185 0.0887472 0.0672347   9.80837  38892
             10.8019 -0.000782299  -0.00346797   0.00689569    -0.022684  -0.00159607 -0.000337772 180.013       0       0 -0.13     0 -1.03   -0.0068551   0.00354908 -1.71537e-05   0.00020365 -0.000289446  -0.00151005  -0.0010258 0.000459784  -0.0018098 0.0877105 0.0674991   9.80838  38860
              11.202 -0.000778057  -0.00363124   0.00721731   -0.0222632  -0.00148893 -0.000656786 180.013       0       0 -0.13     0 -1.03   0.00362397  -0.00138212 -0.000678026  0.000191033 -0.000314697  -0.00151572 -0.00143866 0.000625246 -0.00171325 0.0880829 0.0673505   9.80837  38841
             11.4007 -0.000620824  -0.00341818   -0.0115765   -0.0226212  -0.00187857 -0.000286922 180.013       0       0 -0.13     0 -1.03 -0.000957112  -0.00193002    0.0021782 0.000188509 -0.00030347 -0.00149989 -0.00124944 0.000644677 -0.00199678 0.0879114 0.0673312   9.80837  38587
              11.602 -0.000808142  -0.00355061   0.00112444   -0.0224549  -0.00206872 -0.000389582 180.013       0       0 -0.13     0 -1.03  0.000750366   -0.0011847 -0.000737025 0.000189046 -0.00030209   -0.001513 -0.00133276 0.000593997 -0.00176061 0.0879878 0.0673779   9.80837  39082
             11.8021 -0.000667122   -0.0034955    0.0071734   -0.0228694   -0.0025149 -0.000178743 180.013       0       0 -0.13     0 -1.03 -0.00172159 -0.00211129 0.000953712  0.000191177 -0.000304656  -0.00151863 -0.00118528 0.000637036 -0.00194159 0.0878547 0.0673387   9.80838  38863
              12.002 -0.000718805  -0.00367216   0.00311628   -0.0239379   -0.0025014 -0.000278736 180.013       0       0 -0.13     0 -1.03 -0.00519739 0.000170874 -0.00105894  0.000193351 -0.000301748  -0.00151592 -0.00100536 0.000527893  -0.0018284 0.0876955 0.0674367   9.80838  38843
              12.202 -0.000700966   -0.0035402  -0.00326446   -0.0229379  -0.00302075 -0.000408298 180.013       0       0 -0.13     0 -1.03   0.00401657  -0.00257795 -0.000825145  0.000188522 -0.000311926  -0.00151028 -0.00149897 0.000674522 -0.00189112 0.0881329 0.0673063   9.80837  38844
             12.4021 -0.000496345  -0.00390221     0.004605   -0.0239953  -0.00349676 -0.000545516 180.013       0       0 -0.13     0 -1.03  -0.00408076  -0.00236745 -0.000800911  0.000187695 -0.000317221  -0.00151939 -0.00102704 0.000639976 -0.00193067 0.0877151 0.0673369   9.80838  38834
             12.6033 -0.000441073  -0.00356197    0.0160253   -0.0239551  -0.00369408 -0.000449675 180.013       0       0 -0.13     0 -1.03 -0.000274359  -0.00113173  0.000429379  0.000186899 -0.000314721  -0.00152896 -0.00123254 0.000566803 -0.00207491 0.0878955 0.0674004   9.80837  39136
             12.8033 -0.000840732  -0.00373165  0.000581658   -0.0244606  -0.00355531 -8.10191e-05 180.013       0       0 -0.13     0 -1.03 -0.00230277  0.00060338  0.00179685  0.000186533 -0.000315045  -0.00151569 -0.00112548 0.000469944  -0.0022147 0.0878001 0.0674846   9.80837  38821
             13.0022 -0.000724816  -0.00342886  -0.00372588    -0.022526  -0.00293127 -0.000491468 180.013       0       0 -0.13     0 -1.03  0.00924962  0.00288185 -0.00295933  0.000188873 -0.000324427  -0.00151325 -0.00162441 0.000367122 -0.00195873 0.0882397  0.067577   9.80837  38566
             13.2022 -0.000813158  -0.00347896   0.00312511    -0.021318  -0.00144894 -0.000557863 180.013       0       0 -0.13     0 -1.03   0.00660017   0.00712641 -0.000251641  0.000197401 -0.000317105  -0.00152058 -0.00149178 0.000174338 -0.00215348 0.0881226 0.0677442   9.80837  38893
             13.6034 -0.00101625 -0.00347722  0.00551287  -0.0241344 -0.00239242 4.30479e-05 180.013       0       0 -0.13     0 -1.03  -0.0114506 -0.00574657  0.00192933  0.000208601 -0.000326586  -0.00152429 -0.000830532  0.000637211  -0.00229207 0.0875456  0.067341   9.80838  39179
             13.8023 -0.000952669  -0.00325023   0.00369246   -0.0224992  -0.00214386 -0.000174413 180.013       0       0 -0.13     0 -1.03  0.00651891 0.000704719 -0.00117703   0.00020402 -0.000317346  -0.00152121 -0.00140841 0.000432078 -0.00205395 0.0880473 0.0675203   9.80837  38628
             14.0023 -0.000613996  -0.00315394  0.000893268   -0.0212596  -0.00308497 -0.000335897 180.013       0       0 -0.13     0 -1.03   0.00629688  -0.00447043 -0.000557971 0.000196723 -0.00031607 -0.00151878 -0.00141126 0.000643949 -0.00206699 0.0880497 0.0673374   9.80837  38911
             14.2023 -0.000850686  -0.00316517   0.00646427    -0.019939  -0.00232731 -0.000218514 180.013       0       0 -0.13     0 -1.03  0.00632261  0.00304478 0.000532771  0.000215033 -0.000315896  -0.00152434 -0.00141323 0.000289532 -0.00218226 0.0880507 0.0676415   9.80837  38920
             14.6021 -0.000716994  -0.00298253  -0.00493706   -0.0196872  -0.00199885 -0.000440092 180.013       0       0 -0.13     0 -1.03  -0.00114622   2.1885e-05 -0.000530476 0.000213341 -0.00031667 -0.00151622 -0.00115329 0.000364225 -0.00202649 0.0878291 0.0675785   9.80837  38589
             14.8021 -0.000680502  -0.00355051   0.00677807   -0.0228642  -0.00347447 -0.000108671 180.013       0       0 -0.13     0 -1.03    -0.01478 -0.00682379  0.00168658  0.000223526 -0.000332671  -0.00152627 -0.000736395  0.000583824  -0.00220881 0.0874728 0.0673906   9.80838  38837
             15.0021 -0.00074054  -0.0032519   0.0116796   -0.0215184  -0.00315987 -0.000115234 180.013       0       0 -0.13     0 -1.03   0.00507582  0.000936829 -0.000210638 0.000226419 -0.00034064 -0.00152995 -0.00145988 0.000296773 -0.00210415 0.0880882 0.0676344   9.80837  38855
             15.2034 -0.000839319  -0.00325532    0.0148218   -0.0210741  -0.00275381 -0.000280862 180.013       0       0 -0.13     0 -1.03   0.00217425   0.00222358 -0.000630544  0.000228231 -0.000333377   -0.0015331 -0.00136667 0.000255561 -0.00204327 0.0880097 0.0676696   9.80837  39023
             15.6022 -0.000657413  -0.00325112   0.00547253   -0.0214364  -0.00293481 -0.000111225 180.013       0       0 -0.13     0 -1.03 -0.00158506  -0.0014225 0.000573521  0.000224138 -0.000330927  -0.00152531 -0.00124476 0.000366457 -0.00215462 0.0879065 0.0675752   9.80837  38745
             15.8022 -0.000597333  -0.00305611   0.00297071   -0.0206122  -0.00362194 -1.86042e-07 180.013       0       0 -0.13     0 -1.03  0.00323422 -0.00314014 0.000439637  0.000224453 -0.000331848  -0.00152464 -0.00140642  0.00043065 -0.00214809 0.0880419  0.067522   9.80837  38797
             16.0035 -0.000739143   -0.0032982    0.0150578  -0.0220191 -0.00394003  2.1484e-05 180.013       0       0 -0.13     0 -1.03  -0.00617258  -0.00113375 -0.000194673  0.000225268 -0.000327373  -0.00153265 -0.00105022 0.000364541 -0.00213581 0.0877448 0.0675771   9.80837  39041
             16.2023 -0.00100477 -0.00333719  0.00164824  -0.0224569 -0.00314065 -0.00021522 180.013       0       0 -0.13     0 -1.03 -0.00288639  0.00335743 -0.00126444  0.000231365 -0.000329927  -0.00152111 -0.00119504 0.000154865  -0.0020787 0.0878655 0.0677519   9.80837  38487
             16.4022 -0.000746366  -0.00315608   0.00280127   -0.0200187  -0.00258174 -0.000351872 180.013       0       0 -0.13     0 -1.03    0.0106868   0.00237685 -0.000679264  0.000232282 -0.000320867   -0.0015211 -0.00180058 0.000198566 -0.00211425 0.0883673 0.0677163   9.80837  38768
             16.6022 -0.000620603  -0.00327673    0.0121875   -0.0203987  -0.00304378 -0.000303039 180.013       0       0 -0.13     0 -1.03 -2.33486e-06  -0.00162296  0.000534179  0.000237016 -0.000335988  -0.00152784 -0.00128864 0.000381466 -0.00216046  0.087944 0.0675647   9.80837  38821
             16.8036 -0.000556537  -0.00364801    0.0186401   -0.0231421  -0.00265045 -0.000141858 180.013       0       0 -0.13     0 -1.03 -0.0123021 0.00172881 0.00105322   0.00023149 -0.000350598  -0.00153365 -0.000748035  0.000211944  -0.00217669 0.0874985 0.0677036   9.80838  39070
             17.0023 -0.000882626  -0.00333569   0.00602368   -0.0216353  -0.00229908 -0.000128857 180.013       0       0 -0.13     0 -1.03  0.00654265   0.0015128 0.000178756  0.000231061 -0.000359471  -0.00152792 -0.00142781 0.000228512 -0.00213309 0.0880566  0.067692   9.80837  38517
             17.2023 -0.000762636  -0.00326065   0.00114976   -0.0211569  -0.00312671 -0.000217511 180.013       0       0 -0.13     0 -1.03   0.00314843  -0.00369022 -0.000131408 0.000220333 -0.00035225 -0.00152571 -0.00129688 0.000415813 -0.00208634 0.0879504 0.0675393   9.80837  38759
             17.4023 -0.000477758  -0.00325518   0.00503352   -0.0202776  -0.00307177 -0.000607527 180.013       0       0 -0.13     0 -1.03   0.00433193 -4.16942e-05  -0.00223223  0.000218058 -0.000350894   -0.0015294   -0.001342 0.000263159 -0.00195945 0.0879881 0.0676641   9.80837  38738
             17.8023 -0.000544949  -0.00338746  -0.00621083   -0.0215734  -0.00255689 -0.000216103 180.013       0       0 -0.13     0 -1.03 -0.00563342  0.00188348  0.00208157 0.000216616 -0.00035895 -0.00151945 -0.00103165 0.000219748 -0.00222631  0.087735 0.0676977   9.80837  38321
             18.2037 -0.000666736  -0.00416812   0.00716714   -0.0242818  -0.00217403 -0.000328392 180.013       0       0 -0.13     0 -1.03  -0.00715722   0.00107813 -0.000672692   0.00021515 -0.000350851  -0.00152889 -0.00100715 0.000231954 -0.00209287 0.0877161 0.0676888   9.80837  38912
             18.4037 -0.000595026  -0.00402914   0.00499924  -0.0243695 -0.00353182    -6.7e-05 180.013       0       0 -0.13     0 -1.03 -0.000596449  -0.00675887   0.00166043  0.000189364 -0.000370844  -0.00152538 -0.00116912 0.000436196 -0.00222727 0.0878439 0.0675251   9.80837  38698
             18.6024 -0.00052295  -0.0042328 0.000662224   -0.0246083  -0.00297246 -0.000198814 180.013       0       0 -0.13     0 -1.03  -0.00141166   0.00212024 -0.000837307  0.000185806 -0.000370278  -0.00152393 -0.00114029 9.88248e-05 -0.00205125 0.0878221  0.067794   9.80837  38401
             18.8024 -0.000614615  -0.00364163   0.00663425   -0.0236207  -0.00253521 -0.000179814 180.013       0       0 -0.13     0 -1.03  0.0041233 0.00223741 0.00023064  0.000185527 -0.000366074  -0.00152809 -0.00136663 0.000105317 -0.00211299  0.088001 0.0677885   9.80837  38748
             19.0037 -0.000701023  -0.00346822    0.0120877  -0.0232342 -0.00205252 -4.0407e-06 180.013       0       0 -0.13     0 -1.03  0.00193391   0.0024908 0.000670281   0.00018501 -0.000364387   -0.0015326 -0.00129561 0.000104137 -0.00216243 0.0879446 0.0677891   9.80837  39008
             19.2037 -0.000533332  -0.00405463    0.0112671  -0.0260132 -0.00408517 0.000231912 180.013       0       0 -0.13     0 -1.03  -0.0111786 -0.00850536   0.0013244  0.000171869 -0.000347979  -0.00153427 -0.000803173  0.000518803  -0.00219665 0.0875583 0.0674631   9.80838  38724
             19.4024 0.000324624 -0.00447073    0.017747   -0.0267711   -0.0067224 -0.000225348 180.013       0       0 -0.13     0 -1.03 -0.00489247  -0.0126855 -0.00251998  0.000173904 -0.000343997   -0.0015401 -0.00105365 0.000702525 -0.00196298  0.087756 0.0673214   9.80838  38492
             19.6024 -0.000439082  -0.00437722     0.010834   -0.0265126  -0.00384559 -0.000235349 180.013       0       0 -0.13     0 -1.03 -0.000476964    0.0118619  0.000150107  0.000140653 -0.000337426  -0.00153554  -0.00123439 -0.000291329  -0.00210417 0.0878939  0.068095   9.80837  38495
             20.2024 -0.000467484  -0.00455742   0.00705853   -0.0270538   -0.0046213 -0.000308189 180.013       0       0 -0.13     0 -1.03 -0.000839427  -0.00906079  6.43435e-05   0.00015644 -0.000336752  -0.00153388 -0.00122622 6.99053e-05 -0.00209835 0.0878884 0.0678155   9.80837  36520
             20.6024 -0.000544578   -0.0043239    0.0117782  -0.0266249 -0.00414478 1.20484e-05 180.013       0       0 -0.13     0 -1.03   0.0014342  0.00397725 0.000737319  0.000151661 -0.000338838  -0.00153534  -0.00124962 -0.000103313  -0.00217061 0.0879055 0.0679469   9.80837  35521
             21.0024 -0.000490319  -0.00448665   0.00931549   -0.0272976  -0.00480067 -0.000117509 180.013       0       0 -0.13     0 -1.03 -0.00640626 -0.00345771 -0.00119929  0.000156361 -0.000342275  -0.00153186 -0.00116352 8.03714e-05 -0.00210439 0.0878409 0.0678073   9.80837  34259
             21.2025 -0.000127172  -0.00368055    0.0603022  -0.0233223 -0.00243157 -0.00076925 180.013       0       0 -0.13     0 -1.03  -0.0347561  0.00743621 -0.00309525  0.000125309 -0.000360951  -0.00165874  -0.00234143 -0.000242176  -0.00213753   0.08873 0.0680512   9.80836  33757
             21.4039 -0.000642412   -0.0009518     0.170778  -0.00879044  -0.00708497 -0.000749095 180.013       0       0 -0.13     0 -1.03 0.00362082 -0.0233687  0.0119385  0.000163436 -0.000260717  -0.00177606 -0.00734615  0.00100859  -0.0021565 0.0924911 0.0670986   9.80833  33170
             21.6038 -0.000998925   0.00686046      0.30078   0.0337132  -0.0170056 -0.00024663 180.013       0       0 -0.13     0 -1.03   0.200154 -0.0596141 0.00111777 0.000168541 5.35209e-05 -0.00196141  -0.0140265  0.00217877 -0.00185689 0.0975262 0.0663046   9.80829  32799
             21.8025 -0.000698999    0.0119852     0.145702    0.0526992   -0.0180325 -0.000289373 180.013       0       0 -0.13     0 -1.03   0.148781 0.00592734 -0.0116756  0.000131305 -6.82406e-05  -0.00174604 -0.00994693 0.000261627 -0.00231283 0.094372  0.06753  9.80831  32301
             22.0025 -0.00162447   0.0123523   0.0194346    0.0515627  -0.00369899 -0.000364854 180.013       0       0 -0.13     0 -1.03   0.0326306   0.0751447 -0.00318493  0.000182522 -7.82861e-05  -0.00173243 -0.00522354 -0.00211841 -0.00302749 0.0906589 0.0689018   9.80834  32339
             22.2038 -0.00130863   0.0133141    0.373454   0.0667706 -0.00798831 -0.00105437 180.013       0       0 -0.13     0 -1.03   0.0383722   -0.011477 -0.00866157  4.74372e-05 -0.000102255  -0.00215144 -0.00636554 0.000646328  -0.0032039 0.0915843 0.0668937   9.80834  32807
             22.4039 -0.00250342   0.0177113    0.551539      0.10149   -0.0177761 -0.000818266 180.013       0       0 -0.13     0 -1.03    0.117095  -0.0576439 -0.00127226   3.6353e-05 -0.000147323  -0.00230422  -0.0114584   0.0020075 -0.00356369 0.0953544 0.0659924   9.80831  33256
             22.6025 -0.00204507   0.0264335    0.487359    0.146392  -0.0378006 -0.00112295 180.013       0       0 -0.13     0 -1.03   0.220018  -0.103489 -0.0136447  3.88367e-05 -2.13466e-06  -0.00216594  -0.0147565  0.00386807 -0.00379317 0.0979637 0.0649623    9.8083  33178
             22.8026 -0.000904944    0.0334187     0.592378     0.184576   -0.0449979 -5.33958e-05 180.013       0       0 -0.13     0 -1.03    0.230442  -0.0455907 -0.00412698  8.30769e-06 -1.02435e-06  -0.00228129  -0.0130367  0.00182283 -0.00468713 0.0964219 0.0661727    9.8083  34082
             23.0039 -0.00281196   0.0351038    0.289683    0.180881  -0.0271125 -0.00109391 180.013       0       0 -0.13     0 -1.03 -0.00335847   0.0878317 -0.00425971  6.53978e-05 -2.72798e-05  -0.00205403 -0.00607559 -0.00276066  -0.0046552 0.0907544 0.0683727   9.80834  35160
             23.2039 -0.00575191    0.036357    0.407277    0.208882   -0.014659 -0.00155879 180.013       0       0 -0.13     0 -1.03  0.0742104  0.0570634 -0.0113367  2.71582e-05 -0.000318165  -0.00216363  -0.0106296 -0.00134466 -0.00466365 0.0941958 0.0680431   9.80831  36106
             23.4039 -0.00792652    0.046436    0.509635    0.260463  -0.0212662 -0.00195944 180.013       0       0 -0.13     0 -1.03   0.230582 -0.0289339 -0.0338673  1.42071e-07 -0.000419069  -0.00220979  -0.0159732  0.00194746 -0.00492709 0.0983354 0.0662541   9.80828  37313
             23.6039 -0.00494016   0.0555661    0.459927    0.314118  -0.0242872 -0.00128352 180.013       0       0 -0.13     0 -1.03    0.244921  -0.0157945 -0.00310671   6.1308e-05 -0.000440055  -0.00222138  -0.0172634  0.00161003 -0.00695701 0.0992327 0.0666213   9.80827  38699
             23.8026 -0.00756672   0.0643433    0.588239     0.351611   -0.0166927 -0.000479552 180.013       0       0 -0.13     0 -1.03  0.183653 0.0346505 0.0381314  0.000193455 -0.000342717  -0.00239355    -0.015915 -0.000107551  -0.00510515 0.0980521 0.0676664   9.80828  38657
             24.0039 -0.0105865  0.0730631   0.759769    0.40838 -0.0110723 0.00015462 180.013       0       0 -0.13     0 -1.03    0.26802  0.0257277 -0.0240266  0.000184025 -0.000604678  -0.00247757  -0.0183714 0.000493944 -0.00456859 0.0998524 0.0675679   9.80826  39222
              24.204 -0.0110292  0.0848426   0.940299     0.474547   -0.0199901 -0.000669384 180.013       0       0 -0.13     0 -1.03   0.32238 -0.048331 0.0163092  1.49439e-05 -0.000714731  -0.00276471  -0.0195832  0.00231626 -0.00555513  0.100981 0.0665053   9.80825  38951
             24.4026 -0.0107929  0.0942513   0.955103     0.517786   -0.0229027 -5.24226e-05 180.013       0       0 -0.13     0 -1.03   0.220179 -0.0131669   0.030565 -5.34374e-05 -0.000679871  -0.00280632  -0.0167721 0.000884754 -0.00422093 0.0987848 0.0668592   9.80827  38805
             24.6027 -0.0108255   0.103144   0.992178     0.572646   -0.0163547 -6.58955e-05 180.013       0       0 -0.13     0 -1.03    0.26796   0.033904 -0.0110057 1.08465e-05 -0.00067181 -0.00281742   -0.0181753 -0.000158642  -0.00395833 0.0994291 0.0679061   9.80826  38939
              24.804 -0.0146522   0.116207    1.11402     0.653123   -0.0231179 -0.000539682 180.013       0       0 -0.13     0 -1.03    0.382249  -0.0292959 0.000695032 -0.000140664 -0.000902562  -0.00288503  -0.0209605  0.00193794 -0.00658498  0.101848 0.0673285   9.80824  39061
              25.004 -0.0166102   0.130137    1.00875   0.708512 -0.0219001 -0.0016303 180.013       0       0 -0.13     0 -1.03    0.274449   0.0131973 -0.00284608  1.22336e-05 -0.000636607  -0.00285785  -0.0186286 0.000492795 -0.00674838 0.0999402 0.0675433   9.80826  38811
             25.2026 -0.0144882   0.132211    1.09221    0.750801  -0.0147642 -0.00120827 180.013       0       0 -0.13     0 -1.03   0.203398   0.029036 -0.0273249  5.97573e-05 -0.000636817  -0.00297211    -0.017733 -0.000356479  -0.00572457 0.0991154 0.0677993   9.80826  38605
             25.4027 -0.0149382   0.146161    1.27693    0.831018 -0.00850832 -0.00253021 180.013       0       0 -0.13     0 -1.03      0.37 0.0272317 0.0133453  0.000125698 -0.000864695  -0.00318003  -0.0234944 0.000678504 -0.00651207   0.10303 0.0688003   9.80822  38797
              25.604 -0.0169837   0.165137    1.52141   0.921367 -0.0201648   -0.00143 180.013       0       0 -0.13     0 -1.03   0.470831 -0.0597995 -0.0148974 -4.07594e-06 -0.000918796  -0.00336375  -0.0246263  0.00310013 -0.00641761  0.104473 0.0676554   9.80821  38947
              25.804 -0.020165  0.177396   1.53927    0.988904  -0.0258371 -0.00213692 180.013       0       0 -0.13     0 -1.03   0.336904 -0.0235472 -0.0278013  0.00016654 -0.00065215 -0.00335102  -0.0216937  0.00132107 -0.00765727 0.102109 0.067619  9.80824  38779
             26.0027 -0.0222451   0.187769    1.63563      1.05962   -0.0310979 -0.000211645 180.013       0       0 -0.13     0 -1.03   0.332107 -0.0333367  0.0435966 0.000112294 -0.00067725 -0.00341237 -0.0223215  0.0015116 -0.0077546  0.102536 0.0677779   9.80823  38610
             26.2027 -0.0267031    0.20078    1.62893      1.14425   -0.0340024 -0.000355924 180.013       0       0 -0.13     0 -1.03  0.396066 -0.033664 0.0112108  0.000207253 -0.000892621  -0.00338823  -0.0248451  0.00174337 -0.00645986  0.103962 0.0686832   9.80821  38719
             26.4041 -0.0288638   0.217356     1.6526      1.22937   -0.0218186 -0.000336955 180.013       0       0 -0.13     0 -1.03  0.413738 0.0616575 0.0288952  0.000381269 -0.000959843  -0.00345069  -0.0257196 1.74813e-05 -0.00611055  0.103653 0.0699812    9.8082  38972
             26.6041 -0.032491   0.23535    1.7934     1.31947  -0.0168587 0.000223049 180.013       0       0 -0.13     0 -1.03   0.435727  0.0208738 0.00317202 0.000314019  -0.0010904 -0.00366603   -0.026259  0.00138033 -0.00578774  0.104522 0.0694974    9.8082  38835
             26.8028 -0.0345341   0.248601    1.93752    1.40131 -0.0263947 0.00076831 180.013       0       0 -0.13     0 -1.03    0.412193  -0.0322131 0.000427151 8.78481e-05  -0.0010311 -0.00373574  -0.0249591   0.0033581 -0.00652216  0.104724 0.0679157   9.80821  38607
             27.0041 -0.037649  0.261898   1.99615    1.49339 -0.0256189 0.00320363 180.013       0       0 -0.13     0 -1.03    0.440253 -0.00870446   0.0432811 0.000199639 -0.00114819 -0.00385025  -0.0266087  0.00235636 -0.00499442  0.105022 0.0690997   9.80819  39107
             27.2041 -0.044129   0.27996   2.18985    1.59264 -0.0276443 0.00237311 180.013       0       0 -0.13     0 -1.03    0.48275 -0.0089097   0.018629 0.000209218 -0.00128874 -0.00398124  -0.0275307  0.00265579 -0.00221237  0.105499 0.0693375   9.80819  38723
             27.4042 -0.0454076   0.296138     2.2781    1.69907 -0.0305841 0.00283849 180.013       0       0 -0.13     0 -1.03   0.531049 -0.0184904  0.0361322 0.000235665 -0.00142934 -0.00402671   -0.0286832   0.00359203 -3.34144e-05  0.106424 0.0695119   9.80818  38795
             27.6041 -0.0496679    0.31324    2.39272    1.80025 -0.0362604  0.0023456 180.013       0       0 -0.13     0 -1.03   0.508038 -0.0277902 0.00520212 0.000226155 -0.00139983   -0.004168  -0.0276697  0.00322825 0.000531205  0.105779 0.0691072   9.80819  38970
             27.8028 -0.0556329   0.327608    2.46933    1.86963  -0.034347 0.00487308 180.013       0       0 -0.13     0 -1.03  0.360956 0.0334125 0.0426394 0.000192698  -0.0010738 -0.00426691  -0.0243494 0.000923607  0.00283018  0.103096 0.0681145   9.80822  38768
             28.0041 -0.0583825   0.344229    2.63269    1.97968 -0.0309286 0.00393834 180.013       0       0 -0.13     0 -1.03   0.565526 -0.0129348 -0.0790191 0.000335123 -0.00133619 -0.00434039 -0.0279992 0.00260735 0.00179616 0.105512 0.069597  9.80819  39171
             28.2055 -0.0593563   0.351814    2.67335     2.0938  -0.012618 0.00157805 180.013       0       0 -0.13     0 -1.03  0.562732 0.0990389 0.0490383 0.000553943 -0.00125993 -0.00430891  -0.028981 0.00107969 0.00242616  0.104862 0.0707123   9.80818  39062
             28.4042 -0.0624381   0.371157    2.75259    2.20081 -0.0260351 0.00303288 180.013       0       0 -0.13     0 -1.03   0.550807 -0.0597015 -0.0118771 0.000216222 -0.00125337 -0.00433268  -0.026396 0.00442234 0.00165157  0.106167 0.0680886   9.80819  38566
             28.6028 -0.0638662   0.380658    2.83568    2.28989 -0.0309189 0.00295017 180.013       0       0 -0.13     0 -1.03   0.451798 -0.0404292 -0.0109164 0.000358072 -0.00105361 -0.00448102  -0.0242664   0.0021609 0.000732986  0.104128 0.0675149   9.80821  38542
             28.8042 -0.0723682   0.401629    3.11493    2.37976 -0.0239175 0.00490461 180.013       0       0 -0.13     0 -1.03  0.438238 0.0236099 0.0188919  0.000460725 -0.000979463  -0.00477618   -0.0245473  0.000216309 -0.000459845 0.103092 0.068349  9.80822  39316
             29.0042 -0.0717496   0.412552    3.13575    2.48092 -0.0277324 0.00429826 180.013       0       0 -0.13     0 -1.03   0.554182 -0.0377687  0.0208543  0.000446298 -0.000982161  -0.00479631 -0.0252151 0.00153772  0.0026882  0.103974 0.0682147   9.80821  38789
             29.4029 -0.0722546   0.438553    3.13867    2.61898  -0.028215 0.00262454 180.013       0       0 -0.13     0 -1.03   0.293418 0.00935693  -0.034738  0.000638975 -0.000812576  -0.00469866  -0.0212013 -0.00175469  0.00325964 0.100836  0.06628  9.80826  39095
             29.6043 -0.0739025   0.441101    3.16407     2.6958 -0.0199131 0.00284742 180.013       0       0 -0.13     0 -1.03    0.3656 0.0325951 0.0162581  0.000589912 -0.000884731  -0.00483862   -0.023488 -0.00113413  0.00180995  0.101813 0.0676891   9.80824  39238
             29.8043 -0.0752126   0.451738    3.43571    2.77019  -0.012739 0.00489539 180.013       0       0 -0.13     0 -1.03   0.412336  0.0493704 0.00810855  0.000560088 -0.000821203  -0.00507245  -0.0230251 -0.00134292  0.00133946  0.101591 0.0674778   9.80824  38971
             30.0042 -0.0810648   0.459923    3.48652    2.86782 -0.0214264 0.00722514 180.013       0       0 -0.13     0 -1.03   0.673403 -0.0256196  0.0265323  0.000303828 -0.000461485  -0.00501688  -0.0210528 0.000954969  0.00328213  0.102524 0.0655641   9.80825  39335
             30.2029 -0.0895426   0.471467    3.24171     2.95844 -0.00743773 -0.00274634 180.013       0       0 -0.13     0 -1.03   0.520415  0.0761029 -0.0592708 0.000628305 0.000160287  -0.0047991 -0.0169448  -0.004645 0.00559369 0.0977235 0.0633258   9.80831  39134
             30.4043 -0.087364  0.479322   3.24535    2.87963 -0.0224266  0.0038031 180.013       0       0 -0.13     0 -1.03  -0.421968 -0.0541561  0.0519463 0.000411505  0.00195718 -0.00480521 0.00436564 -0.0139117 0.00260545 0.0878398 0.0507743   9.80848  39522
             30.6043 -0.0787949   0.463127    3.20252    2.84734  -0.029559 0.00333413 180.013       0       0 -0.13     0 -1.03   -0.204054  -0.0451603 -0.00882837 0.000396441  0.00125226  -0.0047797 -0.00181957  -0.0107327  0.00440823  0.091228 0.0539789   9.80843  39292
             30.8042 -0.0790542   0.463337    3.20261    2.83964 -0.0221141 0.00279419 180.013       0       0 -0.13     0 -1.03  -0.0571106   0.0316223 -0.00377195 0.000533415 0.000893695 -0.00476129 -0.00674784  -0.0104781  0.00403413 0.0925635 0.0570543    9.8084  39246
             31.0043 -0.0812485   0.467865    3.22642    2.84805 -0.0174736 0.00229367 180.013       0       0 -0.13     0 -1.03    0.041537    0.019273 -0.00138961 0.000502481 0.000708277 -0.00475355 -0.00882185 -0.00903215  0.00394957 0.0939602 0.0580247   9.80838  39192
             31.2043 -0.0819747   0.471073    3.25839    2.85918 -0.0230537 0.00225531 180.013       0       0 -0.13     0 -1.03   0.0563379  0.00264869 0.000934003 0.000331419 0.000689691 -0.00476757 -0.00837745 -0.00777941  0.00399904  0.094638 0.0574604   9.80838  39191
             31.6044 -0.0820411   0.459404    3.48675    2.82598  0.0188217 0.00254167 180.013       0       0 -0.13     0 -1.03 -0.160505  0.183016 0.0138243 0.000500695  0.00111207 -0.00498849 -0.00654859   -0.009953  0.00418562  0.092863 0.0568387    9.8084  38999
             32.0045 -0.0948609   0.470961    3.33044    2.85871  0.0974635 0.00178967 180.013       0       0 -0.13     0 -1.03  0.161023  0.200529 0.0143909 0.000265479 0.000179875 -0.00481964   -0.009649 -0.00733958  0.00488043 0.0950903 0.0582066   9.80837  39318
             32.2045 -0.0974423   0.470135     3.3793    2.85631   0.133756 0.00234587 180.013       0       0 -0.13     0 -1.03 -0.004407  0.203182 0.0145885 0.000390775 0.000811636 -0.00478707 -0.00695818 -0.00910395  0.00609158 0.0934022 0.0566375   9.80839  39012
             32.6044 -0.110944  0.472822   3.13888    2.85272   0.221407 0.00227985 180.013       0       0 -0.13     0 -1.03 -0.0180181   0.207054 -0.0510309 0.000663857 0.000684332 -0.00456374 -0.00804384 -0.00942682  0.00334504 0.0935249 0.0574832   9.80839  39103
             32.8045 -0.112791  0.467552   3.30906    2.83894   0.265738 0.00247139 180.013       0       0 -0.13     0 -1.03  -0.070451   0.220603 -0.0194237 0.000666954 0.000783945 -0.00460905 -0.00720904   -0.010122  0.00206323 0.0930129 0.0571678   9.80839  39042
             33.0045 -0.117458  0.474048    3.1995    2.84355   0.317788 0.00217895 180.013       0       0 -0.13     0 -1.03  0.0428328   0.268763 0.00278063 0.000729108 0.000721307 -0.00458752  -0.00916093   -0.0102745 -0.000169766  0.093525 0.0585228   9.80838  39042
             33.2058 -0.123517  0.475019   3.31962    2.85291   0.344642 0.00408775 180.013       0       0 -0.13     0 -1.03 0.0340493  0.159169 0.0509287 0.000393064 0.000748707 -0.00463424 -0.00826453 -0.00800822  0.00132333 0.0945535 0.0573878   9.80838  39377
             33.4031 -0.127776  0.477661   3.21704    2.85963   0.384866 0.00254692 180.013       0       0 -0.13     0 -1.03  0.0313667   0.161918 -0.0611684 0.000629102 0.000811005 -0.00461303 -0.00899026  -0.0098555 0.000255804 0.0936941 0.0583174   9.80838  38431
             33.8046 -0.134819  0.480344   3.37275    2.86893   0.465526 0.00374654 180.013       0       0 -0.13     0 -1.03  0.0237597   0.203937 -0.0343383 0.000799467 0.000738084 -0.00466622   -0.0100921   -0.0116743 -0.000507277 0.0929146 0.0594191   9.80838  39055
             34.0046 -0.140138  0.477532   3.32684    2.85904   0.498433 0.00255544 180.013       0       0 -0.13     0 -1.03 -0.0421036   0.184799  -0.022541 0.000796713 0.000821077 -0.00460755 -0.00814809  -0.0114263 -0.00157948 0.0926739 0.0582988   9.80839  38720
             34.2047 -0.141934  0.476253    3.1395  2.85278 0.557373 0.002384 180.013       0       0 -0.13     0 -1.03 -0.052934  0.293633 0.0513671  0.00103765 0.000780733 -0.00445166 -0.00975806  -0.0136341 -0.00089872 0.0916435 0.0596553   9.80839  38760
             34.4032 -0.147991  0.476915   3.05887    2.84492   0.604501 0.00363753 180.013       0       0 -0.13     0 -1.03 -0.0359838   0.248757  0.0289647 0.000864204 0.000748022 -0.00427322 -0.00893495  -0.0111452   0.0024971 0.0927393 0.0583907   9.80839  38448
             34.6058 -0.153174  0.481219   2.90968     2.85555     0.65019 0.000831856 180.013       0       0 -0.13     0 -1.03   0.0378905    0.233851 -0.00391764  0.00087847 0.000563679 -0.00413237  -0.0108076 -0.00892483  0.00336759 0.0943599 0.0588681   9.80837  39293
             34.8047 -0.158415  0.487938   3.06527     2.87618    0.686244 0.000598961 180.013       0       0 -0.13     0 -1.03  0.0856016   0.170768 0.00362242 0.000719704 0.000392994 -0.00429034  -0.0121567 -0.00717666  0.00526421 0.0955287 0.0590164   9.80836  38551
             35.0032  -0.1628 0.482065  2.90389    2.85243   0.737114 -0.0013875 180.013       0       0 -0.13     0 -1.03  -0.174069   0.288728 -0.0692441 0.000859407 0.000490333 -0.00426458 -0.00903116  -0.0109075  0.00305423 0.0928161 0.0586463   9.80839  38454
             35.2032 -0.164435  0.478492   3.04351     2.8464   0.791093 0.00152556 180.013       0       0 -0.13     0 -1.03 -0.0583158   0.289133  0.0351198 0.000923957 0.000468246 -0.00448274  -0.0108358 -0.00908049  0.00218626 0.0942718 0.0590577   9.80837  38786
             35.6045 -0.184524  0.493958     3.131     2.8682   0.916672 0.00239631 180.013       0       0 -0.13     0 -1.03 0.0796096  0.316498 0.0337766 0.000860319 0.000494645 -0.00449622  -0.0146035 -0.00822478  0.00406933 0.0956312 0.0605732   9.80835  38714
             36.0032 -0.194996  0.496509   2.94542   2.85648   1.03119 0.0023374 180.013       0       0 -0.13     0 -1.03 -0.0700392   0.296009 0.00296306  0.00113152  0.00051691 -0.00416924 -0.0138425 -0.0107036 0.00971649 0.0938447 0.0602686   9.80837  38442
             36.2046 -0.202303  0.494877   2.72418    2.85602    1.09118 0.00448772 180.013       0       0 -0.13     0 -1.03   0.00170772     0.281037 -0.000143438  0.00111452 0.000442734 -0.00393115 -0.0150515 -0.0102463  0.0118063 0.0942779 0.0606888   9.80836  38653
             36.4046 -0.208741  0.507009   2.82768    2.87945    1.14363 0.00224978 180.013       0       0 -0.13     0 -1.03  0.114791  0.279793 -0.029461   0.0010118  0.00034103 -0.00402247  -0.0174609 -0.00804801    0.010593 0.0960936 0.0613742   9.80834  38294
             36.6033 -0.216497  0.514605   2.79675     2.87886     1.20169 0.000381246 180.013       0       0 -0.13     0 -1.03  -0.016058   0.274007 -0.0835432  0.00116786 0.000490194 -0.00402635  -0.0154124 -0.00980706  0.00848543 0.0948687 0.0611922   9.80835  37942
             36.8033 -0.220105  0.506638   2.83283    2.87054    1.25925 0.00186925 180.013       0       0 -0.13     0 -1.03 -0.0676524    0.27522  0.0265776  0.00110384 0.000589724 -0.00399696 -0.0150431 -0.0104233 0.00342982 0.0947336 0.0615826   9.80835  38065
              37.006 -0.229961   0.51947   2.89826    2.89896     1.3118 0.00389366 180.013       0       0 -0.13     0 -1.03  0.188744    0.2534 0.0078634 0.000988846 0.000293896  -0.0040142  -0.0185335 -0.00828097  0.00491607 0.0966642 0.0624013   9.80833  38220
              37.206  -0.2417 0.526795  2.89898    2.89953    1.37575 0.00495453 180.013       0       0 -0.13     0 -1.03 0.0154458  0.329897 0.0093554  0.00102417 0.000557184  -0.0039101  -0.016187 -0.0106837  0.0030622  0.094983 0.0622174   9.80834  37484
             37.4046 -0.254523   0.53501    2.7365    2.90258    1.43629 0.00629627 180.013       0       0 -0.13     0 -1.03 0.0278456  0.318414 0.0333125 0.000939126 0.000563171 -0.00378661  -0.0159711 -0.00990546  0.00544294 0.0951578 0.0616756   9.80834  37035
             37.6046 -0.25799 0.538006  2.64517    2.89484    1.49982 0.00897562 180.013       0       0 -0.13     0 -1.03 -0.0445887   0.336822  0.0301141 0.000897913 0.000606447 -0.00359152 -0.0149462 -0.0107065 0.00678983 0.0944302 0.0613099   9.80835  37157
              37.806 -0.262699  0.536971   2.67605    2.91195    1.55084 0.00619403 180.013       0       0 -0.13     0 -1.03  0.0827942   0.238054 -0.0397441 0.000781121 0.000392679 -0.00367112  -0.0176097 -0.00784122  0.00790048 0.0963803 0.0614939   9.80833  37186
              38.006 -0.270416  0.539141   2.61809    2.90151      1.616 0.00599176 180.013       0       0 -0.13     0 -1.03 -0.0748522   0.334991 -0.0148825 0.000896188  0.00061773   -0.003659 -0.0152861 -0.0104004 0.00413797 0.0948911 0.0616733   9.80835  36710
             38.4047 -0.286066  0.553257   2.73136   2.92625    1.7401 0.0117728 180.013       0       0 -0.13     0 -1.03 0.0994875  0.254486  0.062291 0.000797592  0.00036498 -0.00372374 -0.0185951 -0.0100606  0.0015893 0.0962237 0.0631447   9.80832  36094
             38.8061 -0.29286 0.545647   2.5273    2.92316    1.86772 0.00668117 180.013       0       0 -0.13     0 -1.03 -0.0471822   0.317169 -0.0455085  0.00120538 0.000792563 -0.00347986 -0.0169623 -0.0120313   0.003628 0.0948055 0.0628737   9.80834  35726
             39.0048 -0.297324  0.547624   2.36492    2.91961    1.93681 0.00496146 180.013       0       0 -0.13     0 -1.03 0.00787402   0.355411 -0.0262697  0.00124296 0.000762772 -0.00337369 -0.0169479 -0.0124066 0.00292925 0.0946756 0.0630049   9.80834  35429
              39.206 -0.304171   0.55017    2.4063    2.95867    1.98878 0.00193434 180.013       0       0 -0.13     0 -1.03   0.175311   0.260741 -0.0251812   0.0010836 0.000519238 -0.00341452  -0.0196689   -0.010033 0.000568433 0.0964543 0.0635435   9.80832  35875
             39.6048 -0.314359  0.556382   2.44144    2.93667    2.10167 0.00438936 180.013       0       0 -0.13     0 -1.03  -0.164395    0.30139 -0.0316245   0.0012887  0.00144031 -0.00344912  -0.0141921  -0.0122437 -0.00320287 0.0940907 0.0627615   9.80835  35149
             39.8048 -0.319671  0.552564   2.45908    2.93215    2.16683 0.00482072 180.013       0       0 -0.13     0 -1.03 -0.0296084   0.289053   0.017279  0.00138715 0.000976934 -0.00346026  -0.0165869  -0.0120862 -0.00287688 0.0949251 0.0634728   9.80834  35292
             40.0062 -0.328298  0.567507   2.57073    2.94738    2.22518 0.00437704 180.013       0       0 -0.13     0 -1.03  0.0923875   0.160932 -0.0688927  0.00154266 0.000829021 -0.00343677  -0.0188349  -0.0133122 -0.00347357 0.0952762 0.0646686   9.80832  35574
             40.2061 -0.337433  0.577199   2.56781    2.97007    2.24262 0.00532769 180.013       0       0 -0.13     0 -1.03   0.119005    0.02884 0.00251724  0.00151864 0.000830501 -0.00344095  -0.0190625  -0.0134899 -0.00484218 0.0953837 0.0648833   9.80832  35257
             40.4048 -0.336414  0.571794   2.38095    2.95754    2.24658 0.00840733 180.013       0       0 -0.13     0 -1.03 0.0213132 0.0284714 0.0142115  0.00143771  0.00125874 -0.00332518 -0.0145809 -0.0149095 -0.0052586 0.0935436 0.0637818   9.80835  35079
             40.6062 -0.333205  0.568145   2.38042    2.94241    2.24333 0.00856706 180.013       0       0 -0.13     0 -1.03   0.0119526  0.00796769 -0.00965053  0.00137015  0.00144952 -0.00310917 -0.00964567  -0.0148951 -0.00486977 0.0919815  0.062063   9.80837  35579
             40.8062 -0.337413  0.561862   2.08236     2.8908    2.24542 0.00978348 180.013       0       0 -0.13     0 -1.03   -0.21712 0.00159265  0.0356837  0.00140044  0.00131689 -0.00291112 -0.00158215  -0.0176677 -0.00467565 0.0885038 0.0603208   9.80842  35311
             41.0048 -0.326476    0.5439   2.01194   2.83648   2.25551 0.0112759 180.013       0       0 -0.13     0 -1.03 -0.318885 0.0577588  0.011579  0.00143214  0.00129713 -0.00286474 -0.00107226  -0.0195072  -0.0021474 0.0876843 0.0605958   9.80842  35137
             41.2049 -0.330969  0.542432   2.11871    2.79608    2.25276 0.00904992 180.013       0       0 -0.13     0 -1.03  -0.198735 -0.0129586 0.00301956  0.00132137  0.00118702 -0.00296123 -0.00310464  -0.0179771 -0.00108872 0.0886724 0.0604249   9.80841  35525
             41.4048 -0.326889  0.531453   1.90707  2.74847  2.25411 0.010834 180.013       0       0 -0.13     0 -1.03    -0.20742 -0.00876465  0.00661143  0.00131604  0.00118835 -0.00262107 -0.00181975  -0.0191819 -0.00160604 0.0879909 0.0606102   9.80842  35503
             41.6062 -0.324413  0.521902    1.7748   2.69313   2.24714 0.0095001 180.013       0       0 -0.13     0 -1.03   -0.263515  -0.0427717 0.000616382  0.00130459   0.0010973 -0.00242598 0.000479605  -0.0192342  -0.0016152 0.0871746 0.0600916   9.80843  35973
             42.0047 -0.326569  0.506146   1.67108   2.57013    2.2435 0.0142346 180.013       0       0 -0.13     0 -1.03  -0.337384 -0.0111307   0.017165  0.00144536  0.00124604 -0.00224533  0.00118914  -0.0203886 -0.00311975 0.0868035 0.0605095   9.80843  36004
             42.2046 -0.327052  0.497301    1.5374   2.52526   2.23604 0.0154808 180.013       0       0 -0.13     0 -1.03   -0.230952   -0.061528 4.15617e-05  0.00128737 0.000851323 -0.00212298 -0.000546119    -0.019706    -0.004092 0.0876058 0.0605778   9.80842  36270
             42.4059 -0.328838  0.494205   1.45973    2.4695   2.23937 0.0171079 180.013       0       0 -0.13     0 -1.03   -0.268624    0.014519 0.000808586  0.00141974  0.00092992 -0.00206133 0.000289241  -0.0215345  -0.0043541 0.0871118 0.0611863   9.80842  36651
             42.6056 -0.325687  0.484317   1.51577  2.41158  2.24877 0.017727 180.013       0       0 -0.13     0 -1.03  -0.262942  0.0385238 0.00823683  0.00147832 0.000927552 -0.00208971  0.00133261  -0.0225741 -0.00420403 0.0866254 0.0614792   9.80842  36544
              43.004 -0.32612 0.462459  1.23034   2.25184   2.25094 0.0203551 180.013       0       0 -0.13     0 -1.03   -0.448374 -0.00714406  -0.0181375  0.00137083 0.000946869 -0.00163376  0.00581591  -0.0226192 -0.00379137 0.0849218 0.0610756   9.80844  36604
             43.4051 -0.320578  0.436579  0.921182   2.09088   2.24477 0.0226876 180.013       0       0 -0.13     0 -1.03  -0.408142 -0.0257218  0.0131193  0.00131475 0.000902966 -0.00123204  0.00433903   -0.022262 -0.00467254 0.085528 0.061144  9.80844  37097
             43.6037 -0.316901  0.432401  0.999801   2.05198   2.24214 0.0228778 180.013       0       0 -0.13     0 -1.03   -0.193439   -0.019468 2.30429e-06  0.00133824 0.000941135 -0.00130643  0.00046392  -0.0224165 -0.00482917 0.0869773 0.0611849   9.80842  37182
             43.8048 -0.316963  0.421585  0.918237   1.98053   2.24566 0.0247942 180.013       0       0 -0.13     0 -1.03  -0.33687 0.0102717 0.0122816  0.00139388  0.00105699 -0.00120824  0.00460997  -0.0234639 -0.00515502 0.0855505 0.0618393   9.80843  38118
             44.0048 -0.308638  0.401429  0.742233   1.86887   2.25563 0.0259322 180.013       0       0 -0.13     0 -1.03  -0.591407  0.0510933 0.00941506  0.00140087  0.00119877 -0.00113045   0.0095864  -0.0247003 -0.00270518 0.0836592 0.0624258   9.80844  38189
             44.2032 -0.30501 0.388911 0.632064   1.77921   2.25451 0.0234869 180.013       0       0 -0.13     0 -1.03  -0.467531  -0.010042 0.00638031   0.00125182  0.000883353 -0.000958246  0.00700022  -0.0239445 -0.00123306 0.0844751  0.061872   9.80844  37845
             44.4031 -0.298524  0.371148  0.516881   1.71201    2.2496 0.0250932 180.013       0       0 -0.13     0 -1.03  -0.377969 -0.0409512 -0.0253609   0.00122323   0.00054437 -0.000826703  0.00379737  -0.0239368 -0.00269392 0.0856801 0.0616084   9.80843  38044
             44.6043 -0.290049  0.356909  0.426829   1.63945   2.24804 0.0233384 180.013       0       0 -0.13     0 -1.03  -0.363268 -0.0179529  0.0226009  0.00132705 0.000511946 -0.00074591   0.00373727   -0.0251388 -0.000978318  0.085796 0.0619439   9.80843  38171
             44.8041 -0.285331   0.34203  0.455798   1.57094   2.25222 0.0235275 180.013       0       0 -0.13     0 -1.03  -0.351257  0.0243649 -0.0125819   0.00136055  0.000573752 -0.000730254  0.00322338  -0.0262248 -0.00289197 0.0862474 0.0622955   9.80842  38056
              45.004 -0.286238  0.334361  0.334109    1.5076   2.25819 0.0240056 180.013       0       0 -0.13     0 -1.03 -0.318216 0.0371586 0.0303716   0.00141891  0.000545138 -0.000678856  0.00249528  -0.0264756 -0.00188488  0.086476 0.0622198   9.80842  38196
             45.2038 -0.284015  0.321705  0.228885   1.42061   2.26046 0.0218207 180.013       0       0 -0.13     0 -1.03 -0.409614 0.0167575 0.0202467   0.00141219  0.000635734 -0.000494251   0.00444152   -0.0259543 -0.000489061 0.0856966 0.0623921   9.80843  38234
             45.4037 -0.281081  0.311754 0.0480455   1.33254   2.26232 0.0228825 180.013       0       0 -0.13     0 -1.03  -0.444405  0.0140564 -0.0080799   0.00132766  0.000649452 -0.000259205  0.00478808  -0.0254768 0.000232002 0.0854658 0.0622823   9.80843  38169
             45.8035  -0.278799   0.288138 -0.0256215   1.18264   2.25856 0.0222492 180.013       0       0 -0.13     0 -1.03   -0.381286  -0.0258482 -0.00114497   0.00115296  2.72375e-05 -0.000256338  0.00225876  -0.0254481 4.95067e-05 0.0862185 0.0616609   9.80843  38098
             46.0033   -0.283489    0.284784 -0.00250521   1.13187   2.25865 0.0232559 180.013       0       0 -0.13     0 -1.03   -0.212008 -0.00950409   0.0405601   0.00126649 -0.000202423 -0.000247724 0.00107696 -0.0263884 0.00121712 0.0867846 0.0615095   9.80842  38045
             46.2032 -0.279417  0.276899 -0.131347   1.07449   2.26584 0.0253154 180.013       0       0 -0.13     0 -1.03  -0.286888  0.0460422 -0.0529203   0.00129897 -0.000102615 -3.07838e-05 0.00213412 -0.0268439 0.00141029 0.0865955 0.0619187   9.80842  38176
             46.4031 -0.277037  0.261256 -0.301759    1.0046   2.27182 0.0230901 180.013       0       0 -0.13     0 -1.03 -0.320381 0.0238587 0.0164269   0.00131364 -5.04976e-05  9.09411e-05  0.00371594  -0.0264279 0.000269028 0.0860738 0.0622634   9.80842  38130
             46.6029 -0.274183  0.249243 -0.344281  0.920972   2.27961 0.0222858 180.013       0       0 -0.13     0 -1.03  -0.395891  0.0361589 -0.0226509  0.00139227 0.000242364 0.000151989   0.00659244   -0.0263445 -0.000313264 0.0853059 0.0631141   9.80843  38182
             46.8028 -0.268934  0.233036 -0.529999  0.803119   2.27715 0.0223055 180.013       0       0 -0.13     0 -1.03  -0.569512 -0.0135156 -0.0289347  0.00115074 0.000691076 0.000315761   0.0110823  -0.0239244 -0.00119046 0.0834136 0.0639985   9.80844  38192
             47.0026 -0.260225  0.221742 -0.635547  0.692001   2.28075 0.0182551 180.013       0       0 -0.13     0 -1.03   -0.562232   0.0222038 -0.00735693  0.00122677 0.000675176 0.000378388   0.0113903    -0.02469 0.000645315  0.083602 0.0641856   9.80843  38242
             47.2025 -0.258855  0.204484 -0.730126  0.629372   2.28658 0.0157012 180.013       0       0 -0.13     0 -1.03   -0.338817    0.027418 -0.00821257  0.00128725 6.75332e-05 0.000514614  0.00740644  -0.0258026 -0.00082244  0.084879 0.0630217   9.80843  38070
             47.4024 -0.259801  0.194404 -0.900084  0.574185   2.28398 0.0181286 180.013       0       0 -0.13     0 -1.03  -0.273172 -0.0229455  0.0292637   0.00116532 -0.000209027  0.000668042  0.00549841  -0.0253873 -0.00104215 0.0851088 0.0622187   9.80843  38110
             47.8021 -0.24734 0.178046 -0.91298   0.392984    2.31462 0.00934513 180.013       0       0 -0.13     0 -1.03 -0.529794 0.0976479 -0.038972   0.00156166 -0.000162376  0.000658707   0.0121618  -0.0267508 0.000752089 0.0845157 0.0651311   9.80842  38194
              48.002 -0.267898  0.167122  -1.10997    0.26385    2.33875 0.00941509 180.013       0       0 -0.13     0 -1.03 -0.659999  0.107501 0.0619084   0.00152831 -6.59323e-05   0.00074983   0.0137394  -0.0272363 0.000792569 0.0844706 0.0658803   9.80842  38638
             48.4017 -0.26427 0.163821 -1.22163  0.212957   2.29101 0.0186009 180.013       0       0 -0.13     0 -1.03 0.00447053  -0.193564  0.0282611   0.00069732 -0.000842614  0.000906671 1.30721e-05  -0.0261619   0.0012407 0.0862329 0.0600286   9.80844  38325
             48.6016 -0.245794  0.147071  -1.46117  0.114983   2.29848 0.0167864 180.013       0       0 -0.13     0 -1.03  -0.462627  0.0457478 -0.0238052  0.000822848 -0.000555215   0.00109131  0.0122569 -0.0273523 0.00120914 0.0850686 0.0655518   9.80841  38438
             48.8014 -0.247487  0.133714  -1.45562 0.0269777   2.32222 0.0176081 180.013       0       0 -0.13     0 -1.03 -0.419438  0.107488 0.0323154   0.00115942 -0.000427382  0.000991652  0.0127341  -0.029257 0.00377509 0.0859117 0.0659356    9.8084  38260
             49.0013 -0.250233  0.123563  -1.42849 -0.0413616    2.34512  0.0181527 180.013       0       0 -0.13     0 -1.03   -0.333506   0.0905238 -0.00677052   0.00131013 -0.000806018   0.00106951   0.011118 -0.0312522  0.0026908 0.0870178 0.0653657    9.8084  38392
             49.2011 -0.257794  0.111395  -1.62945 -0.105726   2.34358 0.0200906 180.013       0       0 -0.13     0 -1.03  -0.286323 -0.0105221  0.0369721 0.000700806  -0.0010223  0.00128637   0.010151 -0.0292078 0.00391143 0.0861662 0.0646236   9.80841  38427
              49.401 -0.247966 0.0916321   -1.7464 -0.209194   2.32815 0.0163772 180.013       0       0 -0.13     0 -1.03  -0.511331 -0.0801705 -0.0511179  0.000422717 -0.000549769   0.00133677  0.0148103 -0.0254557 0.00424775 0.0839479 0.0664218   9.80842  38325
             49.6009 -0.237768  0.086903  -1.81896 -0.304604   2.33459 0.0143813 180.013       0       0 -0.13     0 -1.03  -0.483302  0.0340545 -0.0144537   0.00083629 -0.000579358   0.00141973  0.0151389 -0.0285398 0.00153642 0.0853951 0.0669283    9.8084  38304
             49.9993 -0.239101 0.0608739  -1.99994 -0.464542   2.37177  0.011904 180.013       0       0 -0.13     0 -1.03   -0.361834    0.101675 -0.00234073  0.00128462 -0.00131768  0.00151427  0.0139385 -0.0303862 0.00178753  0.086384 0.0663912   9.80839  37891
             50.1991 -0.236218  0.046093  -2.14028   -0.600391     2.39335 -0.00115401 180.013       0       0 -0.13     0 -1.03   -0.78745   0.121021 -0.0781196   0.00132982 -0.000679105   0.00170316  0.0193164 -0.0285235 0.00495865 0.0853481 0.0690001   9.80839  38321
              50.399 -0.248437  0.062703  -2.02259   -0.703169     2.38774 -0.00777284 180.013       0       0 -0.13     0 -1.03  -0.725725 -0.0604603 -0.0199808 0.000879576 -0.00253489  0.00168562  0.0071271 -0.0307947 0.00456484 0.0866615 0.0626332   9.80842  38182
             50.6002 0.229045  2.20994 -1.66343   -0.480653     2.33138 -0.00846445 180.013       0       0 -0.13     0 -1.03   0.955152  -0.440789 -0.0329839 0.000229411  -0.0099733  0.00218512 -0.0359613 -0.0497278 0.00387934   0.09626 0.0392819   9.80845  38593
             50.9987 -0.26948  1.78136 -1.69533  -0.450469    2.25432 -0.0591647 180.013       0       0 -0.13     0 -1.03  -0.205682 -0.0553126  -0.129977   0.0023841 -0.00386727  0.00156215  -0.012615 -0.0465565 0.00765196 0.0931862 0.0520118   9.80842  38545
             51.1985 -0.308213   1.68222  -1.46681  -0.537625    2.18891 -0.0615372 180.013       0       0 -0.13     0 -1.03 -0.491623 -0.293666 0.0336124  0.00138467 -0.00332019  0.00140879 -0.0119002 -0.0394143 0.00563584 0.0902894 0.0518526   9.80845  38563
             51.7982 -0.406828   1.69569  -1.57264  -0.535061    2.01192 -0.0375944 180.013       0       0 -0.13     0 -1.03   0.24709 -0.276234 0.0241154 0.00136685 -0.0081379 0.00133884 -0.0192358 -0.0431168 0.00348021 0.0931738 0.0482485   9.80844  38232
              51.998 -0.463827   1.63692  -1.41884  -0.510697    1.96101 -0.0482335 180.013       0       0 -0.13     0 -1.03 0.0984998 -0.136243 -0.115312  0.00121263 -0.00789715  0.00130554 -0.0191375 -0.0419972 0.00656997 0.0915528 0.0485285   9.80845  38585
             52.1992 -0.375069   1.69383  -1.40385   -0.52254    1.89635 -0.0443961 180.013       0       0 -0.13     0 -1.03 -0.065183 -0.319522 0.0258088  0.00121238 -0.00782846   0.0012705 -0.0182611 -0.0388692 0.00596231 0.0902212 0.0486623   9.80846  38836
             52.3991 -0.413996   1.67754  -1.35897  -0.506443    1.83026 -0.0444157 180.013       0       0 -0.13     0 -1.03  0.0643907  -0.338376 -0.0203679  0.00116044 -0.00777423  0.00106995 -0.0229184 -0.0407062 0.00612429 0.0914227 0.0468456   9.80846  38517
             52.5976 -0.387638    1.6856   -1.2907  -0.523142    1.75866 -0.0383543 180.013       0       0 -0.13     0 -1.03 -0.0917855  -0.358057  0.0197756  0.00118272 -0.00772401  0.00107534 -0.0180873 -0.0387544 0.00434535  0.090637 0.0486405   9.80846  38283
             52.7975 -0.377059   1.67864  -1.23301  -0.524566    1.67631 -0.0320782 180.013       0       0 -0.13     0 -1.03 -0.016908 -0.429762 0.0274891  0.00104206 -0.00764934 0.000947501 -0.0205424 -0.0387728 0.00190531 0.091622 0.047502  9.80846  38518
             53.1986 -0.384238    1.6767  -1.34657  -0.552931    1.54087 -0.0219703 180.013       0       0 -0.13     0 -1.03 -0.127169 -0.284527 0.0445088  0.00174231 -0.00711037  0.00101727 -0.0195521 -0.0399185 0.00559791 0.0909795   0.04821   9.80846  38414
             53.7983 -0.395044   1.71587  -1.10576  -0.547033    1.35045 -0.0026747 180.013       0       0 -0.13     0 -1.03 0.0472749 -0.278082 0.0636248  0.00171554 -0.00812133 0.000545554 -0.0241321 -0.0410124 0.00929097 0.0909081 0.0466398   9.80847  38831
             53.9981 -0.359798   1.73067   -1.1165  -0.536349    1.29357 -0.0120914 180.013       0       0 -0.13     0 -1.03  0.0266904  -0.283022 -0.0656527  0.00167479  -0.0080812 0.000487776 -0.0247343 -0.0410327  0.0100391   0.09073 0.0464221   9.80847  38568
              54.198  -0.3433    1.735 -0.94747  -0.547314    1.21537 -0.0047197 180.013       0       0 -0.13     0 -1.03 -0.0642358  -0.396919  0.0365376  0.00143256 -0.00807214 0.000307379 -0.0237339 -0.0384621 0.00835829 0.0901346 0.0464651   9.80848  38541
             54.3979 -0.295659   1.71495 -0.989352 -0.590295   1.13771 -0.013079 180.013       0       0 -0.13     0 -1.03  -0.237774   -0.37837 -0.0213109  0.00136183 -0.00816457 0.000379271 -0.0205624 -0.0382541  0.0090162 0.0894228  0.047562   9.80848  38534
             54.5978 -0.335271   1.72384  -1.17006   -0.633966     1.07869 -0.00708588 180.013       0       0 -0.13     0 -1.03 -0.248974 -0.257545 0.0381916  0.00139393 -0.00806346 0.000576082  -0.021686 -0.0392412 0.00693901  0.090498 0.0472989   9.80847  38485
             54.7977 -0.312498   1.74688   -1.0966  -0.596807     1.0294 -0.0116994 180.013       0       0 -0.13     0 -1.03    0.14554   -0.29964 -0.0925408  0.00155651 -0.00899228 0.000398307 -0.0331373 -0.0438531 0.00577703 0.0940684 0.0440718   9.80845  38517
             54.9976 -0.305151   1.73085 -0.873904  -0.592373   0.958666 -0.0095778 180.013       0       0 -0.13     0 -1.03 -0.021448 -0.383246 0.0245261  0.00144786 -0.00873217 0.000320669 -0.0309782 -0.0421438 0.00329268 0.0938951 0.0444861   9.80845  38444
             55.1975 -0.310655   1.73076 -0.942929   -0.608627    0.882738 -0.00418805 180.013       0       0 -0.13     0 -1.03 -0.120376 -0.359698 0.0340171  0.00138736 -0.00855889 0.000420927 -0.0304577  -0.042516 0.00334822 0.0939305 0.0447214   9.80845  38493
             55.3974 -0.294504   1.73755 -0.783878   -0.602862    0.814238 -0.00489928 180.013       0       0 -0.13     0 -1.03 0.0217799 -0.362107 0.0149579  0.00153241 -0.00863822 0.000232561 -0.0348661 -0.0455171 0.00573383  0.094889 0.0438663   9.80844  38503
             55.5973 -0.286579   1.73865 -0.812076   -0.623075    0.750213 -0.00548798 180.013       0       0 -0.13     0 -1.03  -0.116923  -0.345777 -0.0455079    0.001646 -0.00853131 0.000245357 -0.0317218 -0.0470923 0.00657066 0.0947001 0.0451417   9.80844  38540
             55.7982 -0.275802   1.71977 -0.819413  -0.629835   0.677593 -0.0137827 180.013       0       0 -0.13     0 -1.03 -0.0711143  -0.348568 -0.0754408  0.00154559 -0.00860687  0.00028043 -0.0341834 -0.0462061 0.00357184 0.0956139 0.0441878   9.80843  38846
              55.997  -0.25586    1.7385 -0.884647  -0.631443   0.602852 -0.0117512 180.013       0       0 -0.13     0 -1.03  -0.0440024   -0.419895 -0.00624705  0.00155164 -0.00874239 0.000295974  -0.0358292  -0.0459438 0.000477311 0.0966276 0.0435545   9.80843  38561
             56.1969 -0.252631   1.74373   -0.7188   -0.622936    0.530796 -0.00847558 180.013       0       0 -0.13     0 -1.03  0.00347291   -0.373948 -0.00151247    0.0014854  -0.00862381 -9.15884e-05   -0.0364888   -0.0474327 -0.000383369 0.0973892 0.0435444   9.80842  38950
             56.3952 -0.275167    1.7161 -0.649209   -0.646081    0.457508 -0.00794948 180.013       0       0 -0.13     0 -1.03 -0.129134 -0.370065 -0.058421   0.00165659  -0.00853679 -3.73214e-05   -0.0335353   -0.0471505 -0.000986893 0.0970136 0.0443787   9.80842  38636
             56.5964 -0.238878   1.73412 -0.593109  -0.632971   0.391952 -0.0115945 180.013       0       0 -0.13     0 -1.03 0.0327568 -0.415238 -0.112296  0.00176912  -0.0090967 -0.00017824  -0.0379621   -0.050664 -0.00514793 0.0997504 0.0436036    9.8084  39177
             56.7976 -0.264006   1.72423 -0.491162 -0.680576  0.335498 -0.010725 180.013       0       0 -0.13     0 -1.03  -0.298594  -0.320352 -0.0443361   0.00249428  -0.00826622 -0.000313575 -0.0299379 -0.0533169 -0.0111178  0.100463 0.0460899   9.80838  39247
             56.9961 -0.257003   1.71775  -0.54293 -0.693783  0.270995 -0.013283 180.013       0       0 -0.13     0 -1.03 -0.0428919  -0.327012  -0.240384   0.00244436  -0.00874082 -0.000280109 -0.0340349 -0.0534133 -0.0165485  0.102436 0.0449732   9.80836  38567
              57.196 -0.252408   1.72793 -0.664789   -0.65729   0.214739 -0.0104949 180.013       0       0 -0.13     0 -1.03   0.149152  -0.319769 -0.0191347   0.00250527  -0.00858402 -0.000198357 -0.0356158 -0.0544184 -0.0196291 0.103643 0.044723  9.80835  38964
             57.3972  -0.24164   1.73355 -0.552444    -0.64949     0.13653 -0.00258235 180.013       0       0 -0.13     0 -1.03  0.00607141   -0.393511 -0.00448972  0.00209847 -0.00853619 -0.00037619 -0.0346628 -0.0511638 -0.0199507  0.102784 0.0443705   9.80836  39183
             57.5971 -0.240087   1.73397  -0.35309  -0.669684  0.0574103 0.00212862 180.013       0       0 -0.13     0 -1.03  -0.120634  -0.369712 0.00695056   0.00206532  -0.00818023 -0.000578382 -0.0311122 -0.0510363 -0.0218388  0.102614 0.0452498   9.80836  38909
             57.7957 -0.235438   1.73396 -0.396116   -0.697027 -0.00758435  0.00173115 180.013       0       0 -0.13     0 -1.03 -0.152555 -0.344359 -0.052158   0.00215082  -0.00799034 -0.000577658  -0.029186 -0.0525532  -0.023997  0.103144 0.0459666   9.80835  38573
             57.9955 -0.223854   1.73661  -0.26841  -0.683672 -0.0687032 0.00408472 180.013       0       0 -0.13     0 -1.03 0.0942325 -0.264645 0.0306171    0.0020748  -0.00829167 -0.000577528 -0.0342306 -0.0529817  -0.024909  0.104412 0.0450757   9.80834  38759
             58.1954  -0.24306   1.74846 -0.348238  -0.710058  -0.150011 0.00822729 180.013       0       0 -0.13     0 -1.03 -0.159355 -0.369441 0.0827853   0.00191741  -0.00830132 -0.000392933 -0.0317436 -0.0502479 -0.0244655  0.103362 0.0449662   9.80835  38817
             58.3953 -0.233607   1.75211 -0.500543  -0.733917  -0.222448 0.00947726 180.013       0       0 -0.13     0 -1.03 -0.165495 -0.333298 0.0691269   0.00189493  -0.00823143 -0.000210269 -0.0356164 -0.0506611   -0.01892  0.102958 0.0443956   9.80836  38797
             58.5952 -0.240705    1.7504 -0.516284 -0.724381 -0.278561 0.0105784 180.013       0       0 -0.13     0 -1.03  0.012232 -0.337014 0.0371835   0.00206878  -0.00861533 -0.000258266 -0.0424767 -0.0543681 -0.0170581  0.104487 0.0438226   9.80835  38858
              58.795 -0.224459   1.74961  -0.37295  -0.700219  -0.341467 0.00881508 180.013       0       0 -0.13     0 -1.03  0.0778396  -0.335081 0.00842779   0.00214263  -0.00867909 -0.000515604  -0.046074 -0.0556488 -0.0163853  0.105227 0.0432683   9.80834  38876
             58.9963 -0.221252   1.75154 -0.259807  -0.707047  -0.412118 0.00999201 180.013       0       0 -0.13     0 -1.03 -0.0547926  -0.392398  0.0868336   0.00232072  -0.00842704 -0.000543195 -0.0431611  -0.055742 -0.0134737  0.104066 0.0440303   9.80835  39115
             59.1961  -0.20535   1.74491 -0.097542 -0.717016  -0.47408 0.0104743 180.013       0       0 -0.13     0 -1.03 -0.0869085  -0.314558  0.0415504   0.00251109  -0.00849556 -0.000873862 -0.0436662  -0.057261 -0.0123657  0.104179 0.0443057   9.80835  38825
             59.3947  -0.219858    1.74865 -0.0286832 -0.761067 -0.529529 0.0169501 180.013       0       0 -0.13     0 -1.03 -0.235251 -0.283798 0.0795003    0.0025968  -0.00832315 -0.000823214 -0.0398149  -0.058006 -0.0123754   0.10359 0.0450701   9.80835  38580
             59.5932 -0.233858    1.7592 -0.189571 -0.758504 -0.587452 0.0262994 180.013       0       0 -0.13     0 -1.03 -0.0219854  -0.304377  0.0715204   0.00234888   -0.0089536 -0.000669172  -0.0493941  -0.0584863 -0.00834231  0.104682 0.0438809   9.80834  38509
             59.7944 -0.214674    1.7612 -0.219352 -0.739462 -0.660641 0.0230768 180.013       0       0 -0.13     0 -1.03  0.0530803  -0.370645 0.00752899   0.00204504  -0.00922239 -0.000683543  -0.0556162  -0.0563141 -0.00213345  0.104296 0.0424134   9.80835  38951
             59.9943  -0.192052    1.75907 -0.0994517 -0.726214 -0.719106 0.0152249 180.013       0       0 -0.13     0 -1.03  0.0396229  -0.222384 -0.0409197    0.0021601  -0.00926091 -0.000769508   -0.0567937   -0.0581837 -0.000476857  0.104422 0.0425456   9.80835  38488
              60.394 -0.198455   1.76408 0.0740717 -0.723259 -0.782732  0.022009 180.013       0       0 -0.13     0 -1.03 -0.0373187   -0.13121  0.0246202    0.0019447  -0.00918474 -0.000866846   -0.0576743   -0.0561011 -0.000945422 0.104387  0.04204  9.80835  38689
             60.5939 -0.198951     1.751 0.0573833  -0.72818 -0.763001 0.0224489 180.013       0       0 -0.13     0 -1.03  -0.0556064    0.102934 0.000870392   0.00216171  -0.00911642 -0.000868774  -0.0578795  -0.0620281 0.000114816  0.104787 0.0431202   9.80835  38557
             60.7938  -0.203862    1.74404 -0.0844342 -0.764085 -0.754723 0.0166153 180.013       0       0 -0.13     0 -1.03  -0.291672  0.0352251 -0.0277092   0.00204219  -0.00911284 -0.000807151 -0.0565649 -0.0604788 0.00109111  0.104176 0.0429363   9.80835  38633
             60.9937 -0.149041   1.82701  0.120196  -0.805808  -0.757664 0.00588751 180.013       0       0 -0.13     0 -1.03  -0.329373 -0.0492311 -0.0949981   0.00195118  -0.00957374 -0.000829969 -0.0606609 -0.0596654 0.00106969  0.104865 0.0423683   9.80835  38634
             61.1949 -0.203534   1.92618  0.333326  -0.697241  -0.765139 0.00189944 180.013       0       0 -0.13     0 -1.03    0.389706   -0.058345 -0.00235247  0.00200914 -0.00877164 -0.00111822  -0.0709699  -0.0603569 0.000203487  0.106973 0.0412903   9.80833  39193
             61.3947 -0.164576   1.80568  0.474157 -0.542249 -0.762768 0.0080367 180.013       0       0 -0.13     0 -1.03   0.736259 -0.0153026  0.0244832  0.00207228 -0.00855265 -0.00135347   -0.079786  -0.0621906 -0.00300445  0.109673 0.0409165    9.8083  38995
             61.5934 -0.149808    1.8081  0.567945 -0.439114 -0.761628 0.0174877 180.013       0       0 -0.13     0 -1.03   0.507332 0.00509611  0.0180905  0.00212852 -0.00815162 -0.00143662  -0.072912 -0.0635588 -0.0057439  0.109163 0.0415278    9.8083  38850
             61.7933 -0.14142  1.83327 0.652748 -0.363196 -0.772125  0.015297 180.013       0       0 -0.13     0 -1.03    0.341304  -0.0429394 -0.00432536  0.00202972 -0.00804665 -0.00161485  -0.0707623  -0.0617454 -0.00504959  0.108571 0.0412167   9.80831  39224
             62.1943 -0.146167   1.85167   1.02318  -0.152734  -0.777523 0.00802947 180.013       0       0 -0.13     0 -1.03   0.585538 -0.0128067  -0.031964  0.00231296 -0.00889034 -0.00172596  -0.0730877  -0.0625362 -0.00895123  0.109835 0.0413705    9.8083  39177
             62.3928 -0.138103   1.86873   1.16995 -0.0659568  -0.777868 0.00843675 180.013       0       0 -0.13     0 -1.03   0.403533 0.00937386   0.028236  0.00259066 -0.00785847 -0.00186513  -0.0713644  -0.0629891 -0.00845428  0.109386 0.0413739    9.8083  38877
             62.5927 -0.138302   1.87446    1.2335   0.020175  -0.767378 0.00578285 180.013       0       0 -0.13     0 -1.03   0.388905  0.0478651 -0.0300893  0.00274564 -0.00800288 -0.00199091 -0.0723266 -0.0638902 -0.0105256  0.109893 0.0416278    9.8083  39042
             62.7939 -0.167466   1.88162    1.3366   0.11923 -0.768353 0.0102576 180.013       0       0 -0.13     0 -1.03   0.461679 0.00407698  0.0138501  0.00257878 -0.00819436 -0.00203826 -0.0758969 -0.0612218 -0.0112025  0.110929 0.0415814   9.80828  39379
             62.9938 -0.167863   1.89656   1.37183  0.225651 -0.771516 0.0115992 180.013       0       0 -0.13     0 -1.03   0.519908 -0.0344277 -0.0299219  0.00252122 -0.00838631 -0.00206414 -0.0779985 -0.0605743 -0.0119871 0.111526  0.04178  9.80828  39002
             63.1923 -0.1674 1.90589 1.56584   0.332306  -0.778308 0.00812938 180.013       0       0 -0.13     0 -1.03     0.506623    -0.041414 -0.000346882  0.00237427  -0.0084118 -0.00234416 -0.0785577 -0.0604637 -0.0117232  0.111579 0.0418226   9.80828  38747
             63.3922 -0.172135    1.9189   1.70925   0.418141  -0.785457 0.00632337 180.013       0       0 -0.13     0 -1.03  0.398428 -0.035734 0.0102537   0.0022816 -0.00831459 -0.00254233 -0.0764132  -0.061028 -0.0127849  0.111368 0.0416774   9.80828  38965
             63.5934 -0.183246   1.92697   1.79852  0.495777 -0.782829 0.0081726 180.013       0       0 -0.13     0 -1.03  0.359467 0.0115666 0.0399273  0.00242777 -0.00818983 -0.00260218 -0.0768451 -0.0631045 -0.0117843  0.110885 0.0419911   9.80828  39198
             63.7933 -0.19351   1.9422  1.85377  0.590726 -0.778418 0.0153144 180.013       0       0 -0.13     0 -1.03   0.465317 0.00512586  0.0189465  0.00250074 -0.00842307 -0.00269001 -0.0800286 -0.0630699 -0.0117183 0.111313 0.042617  9.80828  38807
             63.9919 -0.196114   1.95672   1.89781  0.681377 -0.771958 0.0171629 180.013       0       0 -0.13     0 -1.03  0.415893 0.0578103 0.0849567  0.00250786 -0.00848617 -0.00271306  -0.0811875  -0.0632996 -0.00918084  0.110886 0.0427104   9.80828  38526
             64.1917 -0.173768    1.9741   2.04547   0.799234  -0.780632 0.00533871 180.013       0       0 -0.13     0 -1.03   0.531453 -0.0414112 -0.0166048  0.00235313 -0.00866406 -0.00303655  -0.0839324  -0.0611307 -0.00711304  0.111314 0.0428443   9.80827  38780
             64.5928 -0.198332   2.00563   2.35027  0.961693 -0.788566 0.0111191 180.013       0       0 -0.13     0 -1.03    0.325003 -0.00362054 -0.00514645  0.00247655 -0.00842775  -0.0034402  -0.0820683  -0.0623845 -0.00961851  0.111239 0.0427433   9.80828  38622
             64.7914 -0.211685   2.00602   2.39089     1.0429  -0.779344 0.00329158 180.013       0       0 -0.13     0 -1.03     0.3877  0.0506634 -0.0149582  0.00260977  -0.0085577 -0.00348601   -0.085149  -0.0627493 -0.00773176  0.111144 0.0434216   9.80827  38359
             64.9926 -0.211339   2.01057   2.45901   1.14519 -0.776823 0.0023704 180.013       0       0 -0.13     0 -1.03   0.537122 -0.0130204  0.0716828   0.0026099 -0.00866126 -0.00350256  -0.0881993  -0.0605485 -0.00523155   0.11158 0.0439039   9.80827  38973
             65.1925 -0.184351   2.04265   2.46848     1.28356   -0.784223 -0.00371233 180.013       0       0 -0.13     0 -1.03   0.648337 -0.0456413 -0.0200677  0.00249242 -0.00873212 -0.00367352  -0.0913705  -0.0591354 -0.00368281 0.111978 0.044582  9.80826  38819
             65.3924 -0.226564   2.06577   2.72539     1.35772   -0.785771 -0.00662969 180.013       0       0 -0.13     0 -1.03    0.359053  0.00695418 -0.00243332  0.00237593  -0.0089395 -0.00406445 -0.0841917 -0.0635154 -0.0031638  0.110045 0.0428898   9.80829  38899
             65.5909 -0.232425   2.05864   2.80925      1.4351   -0.765413 -0.00685399 180.013       0       0 -0.13     0 -1.03    0.349081   0.0946026 -0.00940718  0.00245033 -0.00864262 -0.00417567  -0.0869471  -0.0666642 -0.00485355  0.109637 0.0440819   9.80829  38718
              65.992 -0.197105   2.09444   2.84693    1.64707  -0.748412 -0.0206839 180.013       0       0 -0.13     0 -1.03   0.565205  0.0176777 -0.0559464  0.00220143 -0.00925417 -0.00420879  -0.0929975    -0.06246 -0.00384587  0.111138 0.0458013   9.80826  38864
              66.192 -0.19036  2.12797   3.0985    1.74594  -0.764934 -0.0160044 180.013       0       0 -0.13     0 -1.03   0.490779 -0.0838405  0.0291886  0.00204868  -0.0091304 -0.00451027  -0.0908047  -0.0609478 -0.00497486  0.111799 0.0450928   9.80826  38786
             66.3905 -0.208521   2.12842   3.30187    1.81471  -0.760075 -0.0151001 180.013       0       0 -0.13     0 -1.03  0.313147  0.027178 0.0555592  0.00213966 -0.00887085 -0.00472883   -0.089234  -0.0661462 -0.00116327  0.109249 0.0443684   9.80829  38405
             66.5917 -0.227297   2.14997   3.44108    1.90722  -0.762964 -0.0145828 180.013       0       0 -0.13     0 -1.03   0.408951 -0.0117284  0.0532512  0.00187818 -0.00908239 -0.00489513 -0.0944685 -0.0622215 0.00144103  0.110334 0.0459253   9.80827  38990
             66.7916 -0.226627   2.14872   3.54153    2.00178  -0.761267 -0.0177253 180.013       0       0 -0.13     0 -1.03     0.438647   -0.0104609 -0.000171459  0.00197018 -0.00908388 -0.00496861 -0.0983279 -0.0617859 0.00497067  0.10987 0.046986  9.80827  38769
             67.3912 -0.194792   2.19417   3.83584    2.29663  -0.767474 -0.0323411 180.013       0       0 -0.13     0 -1.03   0.477702 0.00383979 -0.0223191  0.00198906  -0.0109623 -0.00504624  -0.101307 -0.0608656 0.00779777  0.109633 0.0480144   9.80827  39234
              67.791 -0.193192   2.22362   4.09469    2.47395    -0.7494 -0.0409069 180.013       0       0 -0.13     0 -1.03  0.413801 0.0479742  -0.01378  0.00281245  -0.0109071 -0.00525584  -0.102281  -0.061841 0.00776944  0.109163 0.0483623   9.80827  38923
             67.9895 -0.183586   2.20615   3.92207    2.58255   -0.73673 -0.0468513 180.013       0       0 -0.13     0 -1.03  0.522175 0.0478186 -0.240597  0.00284702  -0.0108749 -0.00522327  -0.104701 -0.0602169 0.00286603 0.110746 0.050128  9.80825  38532
             68.1907 -0.190421   2.22763   4.19553    2.69018   -0.72992 -0.0431837 180.013       0       0 -0.13     0 -1.03   0.503714  0.0228856 -0.0431689  0.00266852  -0.0107777 -0.00556703   -0.104297  -0.0595014 -0.00106009  0.111659 0.0504801   9.80823  39045
             68.3908 -0.19392  2.25443  4.42586    2.78398  -0.733344 -0.0419814 180.013       0       0 -0.13     0 -1.03   0.457956 -0.0119917  0.0118654  0.00263083    -0.01075 -0.00574827   -0.102242  -0.0584838 -0.00240215  0.112435 0.0498164   9.80823  38938
             68.5892 -0.199296   2.26011   4.51015    2.87197  -0.725097 -0.0400307 180.013       0       0 -0.13     0 -1.03  0.408128 0.0513571 0.0326613  0.00272541  -0.0107051 -0.00574493  -0.103068 -0.0595307  -0.002606  0.111916 0.0501064   9.80823  38729
             68.7891 -0.196045     2.271    4.5076    2.95802  -0.727972 -0.0433848 180.013       0       0 -0.13     0 -1.03   0.411444  -0.015068 -0.0523259  0.00252001   -0.010653 -0.00564154   -0.102408  -0.0572567 -0.00312005  0.113153 0.0501559   9.80822  38916
             68.9903 -0.190708   2.28053   4.56729    3.04084  -0.723936 -0.0489995 180.013       0       0 -0.13     0 -1.03   0.394379  0.0514379 -0.0816129  0.00250826  -0.0106985 -0.00564806   -0.102741  -0.0575992 -0.00486897  0.113209 0.0504833   9.80822  39113
             69.1902 -0.187716   2.29456   4.71146   3.14222 -0.716723 -0.049864 180.013       0       0 -0.13     0 -1.03    0.498601   0.0296867 -0.00146585 0.00248575 -0.0105538 -0.0059513   -0.103968  -0.0565256 -0.00576778  0.113683 0.0512635   9.80821  38982
             69.3888 -0.193031   2.31211   4.82109    3.21297  -0.716752 -0.0459704 180.013       0       0 -0.13     0 -1.03   0.347106 0.00264858  0.0205284  0.00249876  -0.0105187 -0.00606679  -0.0991985  -0.0582895 -0.00665453  0.113572 0.0489624   9.80822  38503
             69.7898 -0.19575  2.31428  4.83632   3.37102 -0.711918 -0.064803 180.013       0       0 -0.13     0 -1.03  0.460071 0.0269121 -0.061819  0.00251206  -0.0101567 -0.00601708  -0.0996697  -0.0580983 -0.00540509  0.113409 0.0490546   9.80822  38768
             69.9897 -0.197195   2.32219   5.00248    3.38684  -0.721054 -0.0568183 180.013       0       0 -0.13     0 -1.03 -0.0550786 -0.0555077   0.103481 0.00246692 -0.0100944 -0.0060312  -0.0906723  -0.0617374 -0.00859948  0.113644 0.0446163   9.80824  38745
             70.1882 -0.220201   2.34003    5.0313    3.3274 -0.711825 -0.046953 180.013       0       0 -0.13     0 -1.03 -0.336505  0.126873 0.0817972  0.00227541  -0.0104685 -0.00588794  -0.0893214  -0.0636938 -0.00808375  0.112853 0.0436455   9.80825  38362
             70.3895 -0.238225   2.35553   4.86545    3.32886  -0.698071 -0.0298692 180.013       0       0 -0.13     0 -1.03 -0.0609276   0.168366   0.118762  0.00210229  -0.0104067 -0.00585232  -0.0957874  -0.0502078 -0.00746079  0.118188 0.0488183   9.80817  38810
             70.5893 -0.234465   2.34641   4.87396    3.34471  -0.633313 -0.0349257 180.013       0       0 -0.13     0 -1.03 0.0369632  0.315433 0.0311511   0.0026981  -0.0106606 -0.00585873    -0.10536  -0.0530121 -0.00041942  0.114454 0.0520698   9.80819  38234
             70.7893 -0.209861   2.32572   4.92268   3.34325  -0.54642 -0.053793 180.013       0       0 -0.13     0 -1.03 -0.0392056   0.403247 -0.0805141  0.00310985  -0.0105193 -0.00581803  -0.108716 -0.0581162 0.00442121  0.110819 0.0524383   9.80823  38556
             70.9891 -0.229699   2.32647   4.67673    3.33499  -0.488734 -0.0566784 180.013       0       0 -0.13     0 -1.03 -0.0624565   0.218745  0.0703905  0.00307858  -0.0104857 -0.00575004    -0.1074 -0.0558566 0.00433545  0.112071 0.0521548   9.80822  38463
             71.3889 -0.237371   2.32764   4.64089    3.31873   -0.40408 -0.0548121 180.013       0       0 -0.13     0 -1.03 -0.0755239   0.172466 -0.0077806   0.0028486  -0.0103151 -0.00559326  -0.109264 -0.0550032 0.00629463  0.111971 0.0528561   9.80822  38396
             71.5888 -0.245911   2.33868   4.71816    3.30728   -0.36669 -0.0497567 180.013       0       0 -0.13     0 -1.03 -0.0757556   0.156605  0.0486047  0.00280773  -0.0102751 -0.00559279  -0.110692 -0.0554695 0.00788604  0.111382 0.0532237   9.80822  38375
             71.7874 -0.259931   2.33826   4.53605    3.32309  -0.322845 -0.0456563 180.013       0       0 -0.13     0 -1.03  0.0568961   0.213728 0.00320774  0.00289686  -0.0106749 -0.00541092  -0.116559 -0.0546566 0.00927089   0.11089 0.0557387   9.80821  38067
             72.1886 -0.405933    2.3193   4.59648    3.34861  -0.230707 -0.0384857 180.013       0       0 -0.13     0 -1.03 0.0410266  0.260533 0.0506119  0.00269485  -0.0109659 -0.00541868  -0.117481 -0.0538053 0.00942926  0.111144 0.0562111   9.80821  38268
             72.3884 -0.292726    2.3486   4.67538   3.35113 -0.198971 -0.046001 180.013       0       0 -0.13     0 -1.03 -0.0195134   0.149602 -0.0491198  0.00175521  -0.0109094 -0.00548932  -0.117018 -0.0521859  0.0105147  0.111757 0.0560007    9.8082  38213
             72.5882 -0.289324   2.34608   4.64119    3.33434  -0.153271 -0.0471684 180.013       0       0 -0.13     0 -1.03   -0.10476   0.220828 -0.0101709   0.0020776   -0.010768 -0.00541179  -0.117082  -0.056411 0.00986567  0.110028 0.0557019   9.80822  38196
             72.7881 -0.292631   2.35385   4.70817    3.32013  -0.113726 -0.0444834 180.013       0       0 -0.13     0 -1.03 -0.0967019   0.209582  0.0500908  0.00191835  -0.0107551 -0.00541973  -0.118841 -0.0528373    0.01209  0.111091 0.0565613   9.80821  38170
             73.1866 -0.300905   2.34936   4.63477    3.31585 -0.0318276 -0.0497025 180.013       0       0 -0.13     0 -1.03 -0.00743878    0.190222 -0.00447212  0.00167425  -0.0113898 -0.00532589  -0.121368 -0.0509491  0.0149386  0.111224 0.0575487    9.8082  37866
             73.3878 -0.292839   2.32622   4.45606     3.3043  0.0276986 -0.0530126 180.013       0       0 -0.13     0 -1.03 -0.0933024   0.321253  0.0281775  0.00240255    -0.01115 -0.00509093  -0.122192 -0.0527091  0.0161692  0.110171 0.0575529   9.80821  38432
             73.5878 -0.287291   2.33879   4.40684     3.3385   0.047765 -0.0644653 180.013       0       0 -0.13     0 -1.03  0.150388 0.0598299 -0.101359  0.00158956   -0.012105 -0.00500287  -0.127383 -0.0415748  0.0168203  0.114239 0.0606647   9.80815  37957
             73.9862 -0.309068   2.34516    4.4418    3.28093   0.118401 -0.0532021 180.013       0       0 -0.13     0 -1.03  -0.26987  0.235964 0.0274903  0.00216328  -0.0108779 -0.00494652  -0.120535 -0.0493505  0.0133372  0.112101 0.0577485   9.80819  37662
             74.1874 -0.300287   2.32023   4.31707    3.35026   0.148976 -0.0601629 180.013       0       0 -0.13     0 -1.03   0.306944    0.13328 -0.0457229  0.00180441  -0.0114882 -0.00494297  -0.135503 -0.0377491  0.0135326  0.115692 0.0643241   9.80811  38287
             74.3874 -0.306456   2.34511   4.45543    3.37189   0.188864 -0.0633575 180.013       0       0 -0.13     0 -1.03 0.0797039  0.234676 0.0131544  0.00209934  -0.0111042 -0.00502609  -0.130554 -0.0422812  0.0129381  0.114309 0.0622086   9.80814  38102
             74.5872 -0.32549  2.35609   4.5107    3.36784   0.236299 -0.0579409 180.013       0       0 -0.13     0 -1.03 -0.0435304    0.24161  0.0688915  0.00210596  -0.0108479 -0.00502072  -0.128008 -0.0440462  0.0130624  0.113758 0.0611005   9.80815  38129
             74.7857 -0.317502   2.35384   4.62835    3.36752   0.284982 -0.0615631 180.013       0       0 -0.13     0 -1.03 -0.0211163   0.255519 -0.0702811 0.00219206 -0.0108536 -0.0051758  -0.130082 -0.0440323  0.0121892  0.113743 0.0620005   9.80814  38079
             74.9856 -0.331185   2.34143   4.52572  3.33916 0.339629 -0.06227 180.013       0       0 -0.13     0 -1.03 -0.225845  0.336702  0.164111 0.00214842  -0.010634 -0.0051096  -0.127767 -0.0454614  0.0126398   0.11328 0.0609316   9.80816  38386
              75.187 -0.32308  2.33507  4.31611    3.32508   0.402191 -0.0618296 180.013       0       0 -0.13     0 -1.03 -0.0826761   0.292788 0.00740087   0.0023393  -0.0105595 -0.00477544  -0.129472 -0.0442985  0.0138747  0.113463 0.0616082   9.80815  38567
             75.3869 -0.333777   2.33562    4.2217    3.31452   0.475114 -0.0668543 180.013       0       0 -0.13     0 -1.03 -0.0798451   0.335783 -0.0568201  0.00227681  -0.0104088 -0.00456411   -0.13206 -0.0460685  0.0158523  0.112355 0.0623433   9.80816  38252
             75.5853 -0.346276   2.34834   4.16284    3.33369    0.53029 -0.0630801 180.013       0       0 -0.13     0 -1.03 0.0500735  0.279298 0.0434749  0.00226584  -0.0107037 -0.00448953 -0.138519 -0.038343 0.0140888  0.115146 0.0652842   9.80811  37968
             75.7852 -0.356959   2.33771   4.12543    3.34478   0.590039 -0.0638808 180.013       0       0 -0.13     0 -1.03  0.0428296    0.27913 0.00389834  0.00252177  -0.0106748 -0.00443844  -0.140403 -0.0390052  0.0163578  0.114504 0.0657907   9.80811  38280
             76.1865 -0.362877   2.35088   4.18779    3.33218   0.729945 -0.0625854 180.013       0       0 -0.13     0 -1.03 -0.0823066   0.385955 -0.0519058  0.00293823  -0.0100603 -0.00445173  -0.139106 -0.0404686  0.0135813  0.114444 0.0654907   9.80811  37926
             76.3849 -0.313277   2.29658   4.17729    3.33632    0.80935 -0.0952296 180.013       0       0 -0.13     0 -1.03 -0.00623099    0.419433    -0.15896  0.00240669  -0.0109762 -0.00434521  -0.141072 -0.0385517   0.014484  0.114893 0.0661272    9.8081  37645
             76.5863 -0.323701   2.29314   4.05535    3.34422   0.882324 -0.0963239 180.013       0       0 -0.13     0 -1.03  0.0283729   0.329143 -0.0360218  0.00225113  -0.0110076 -0.00415288  -0.140953 -0.0355375  0.0102708  0.116603 0.0665325   9.80808  38086
             76.7862 -0.334511   2.28927   3.96339   3.35155  0.957783 -0.101644 180.013       0       0 -0.13     0 -1.03   0.042202   0.357471 -0.0467119  0.00243262  -0.0109176 -0.00406358  -0.142133 -0.0377595  0.0080052  0.116129 0.0670266   9.80808  37914
             77.1844 -0.358785   2.30721   3.97383    3.36797    1.10357 -0.0879799 180.013       0       0 -0.13     0 -1.03 0.0280673  0.404893  0.165908  0.00274336  -0.0110245 -0.00406039  -0.143614 -0.0388613  0.0116388  0.115288 0.0672275   9.80809  37275
             77.3857 -0.379077   2.32395   3.97136    3.37672     1.1824 -0.0937347 180.013       0       0 -0.13     0 -1.03  0.0117307   0.353879 -0.0844766  0.00255656  -0.0116086 -0.00408321  -0.145047 -0.0388772  0.0131481  0.115096 0.0675047   9.80809  37473
             77.5869 -0.379623   2.32457   3.99372   3.36387   1.25362 -0.093719 180.013       0       0 -0.13     0 -1.03 -0.108017  0.402461 0.0697059  0.00253086     -0.0116 -0.00396781  -0.143708 -0.0385448  0.0106459  0.115469 0.0673239   9.80809  37442
             77.9854 -0.418537    2.3382   3.64185    3.35144    1.39447 -0.0888572 180.013       0       0 -0.13     0 -1.03  -0.036306   0.274145 -0.0869857  0.00188697  -0.0116624 -0.00347632  -0.146996 -0.0354412  0.0176523  0.115568 0.0678607   9.80808  36492
             78.1852 -0.425001   2.34012   3.61146    3.36037    1.46692 -0.0910429 180.013       0       0 -0.13     0 -1.03  0.0157128   0.342775 -0.0106974  0.00227479  -0.0118708 -0.00340553  -0.149496 -0.0363821  0.0145194  0.115721 0.0689718   9.80807  36132
             78.3866 -0.437418   2.35104   3.73677   3.38832   1.53096 -0.083223 180.013       0       0 -0.13     0 -1.03   0.12649  0.325529 0.0411777  0.00185275  -0.0122043 -0.00352405  -0.153012 -0.0322842  0.0137496  0.117019 0.0699412   9.80805  36240
             78.5863 -0.444553   2.35718   3.67942    3.39636    1.59547 -0.0836248 180.013       0       0 -0.13     0 -1.03  0.0316799   0.292486 -0.0634871  0.00211799  -0.0120345 -0.00357848  -0.150888 -0.0346778  0.0140805  0.116283 0.0693883   9.80807  35928
             78.7849 -0.34617  2.21069  3.74125    3.34743    1.65477 -0.0892933 180.013       0       0 -0.13     0 -1.03 -0.294466  0.266517 -0.178388  0.00226182  -0.0113518 -0.00350918  -0.143982 -0.0385706 0.00951505  0.115646 0.0678027   9.80808  35361
             78.9849 -0.437616   2.32017   3.58363   3.38059   1.72531 -0.086686 180.013       0       0 -0.13     0 -1.03  0.26677 0.338315 0.151288  0.00242001  -0.0125308 -0.00345948  -0.153934   -0.03695 0.00735308 0.116453  0.07075  9.80805  35346
              79.186 -0.459291   2.34021   3.61037    3.36963    1.80678 -0.0869576 180.013       0       0 -0.13     0 -1.03 -0.0396348   0.348867 -0.0157621  0.00251278  -0.0124312 -0.00335221  -0.149745 -0.0405647 0.00944351  0.115179 0.0695529   9.80808  35489
             79.3859 -0.457465   2.32115    3.5228     3.3633    1.86538 -0.0819771 180.013       0       0 -0.13     0 -1.03 -0.0391769   0.220435   0.056803  0.00255929  -0.0121521 -0.00326719  -0.150093 -0.0394119  0.0083293  0.115626 0.0696903   9.80807  35028
             79.5845 -0.447538   2.32458   3.75881    3.43192    1.88216 -0.0879003 180.013       0       0 -0.13     0 -1.03    0.311397  -0.0135084 -0.00721817  0.00272265  -0.0110583 -0.00372035   -0.16695 -0.0329519    0.01288  0.117143 0.0735433   9.80802  34621
             79.7843 -0.456407   2.33832   3.78228    3.42199    1.89073 -0.0856044 180.013       0       0 -0.13     0 -1.03 -0.0540497  0.0475151  0.0114916  0.00277048  -0.0108741 -0.00369888  -0.154729 -0.0398073  0.0124443  0.115128 0.0706732   9.80807  35020
             79.9856 -0.448511    2.3092    3.8669    3.38528    1.87346 -0.0666597 180.013       0       0 -0.13     0 -1.03 -0.21021 -0.12595 0.120086  0.00252572  -0.0106076 -0.00371635  -0.150537 -0.0375705  0.0104097  0.115935 0.0696313   9.80807  35266
             80.1842 -0.463108   2.33686   3.77672   3.35209    1.8779 -0.064394 180.013       0       0 -0.13     0 -1.03 -0.0794833  0.0243664   0.021153 0.00265602 -0.0101344 -0.0033964  -0.151354 -0.0401135  0.0117781  0.115041 0.0697703   9.80808  34723
             80.3841 -0.450184   2.29901   3.51324    3.33346    1.90021 -0.0759188 180.013       0       0 -0.13     0 -1.03 -0.0577194  0.0925592 -0.0330584  0.00273262 -0.00995621 -0.00299774  -0.151135 -0.0440689  0.0148155  0.113491 0.0694661    9.8081  35179
              80.584 -0.474855   2.32556    3.3159   3.26238   1.89745 -0.075276 180.013       0       0 -0.13     0 -1.03   -0.36167 -0.0150573 -0.0287697  0.00261266 -0.00965134 -0.00284194  -0.138647 -0.0439213  0.0117226  0.113748 0.0662703   9.80812  35203
             80.7852 -0.468929   2.30497   3.26253     3.1758    1.88878 -0.0629226 180.013       0       0 -0.13     0 -1.03  -0.457425 -0.0299251  0.0590249  0.00251334 -0.00937486 -0.00267611  -0.136375 -0.0433903 0.00980736  0.114007 0.0658201   9.80812  35814
             80.9837 -0.478598   2.30317   3.15893    3.14357     1.8846 -0.0674295 180.013       0       0 -0.13     0 -1.03 -0.0926814 -0.0350009  -0.134859  0.00256921 -0.00942354 -0.00258668  -0.145426 -0.0412609  0.0109892  0.114714 0.0676468    9.8081  35556
             81.1837 -0.478682   2.29212   2.97198    3.09397    1.87806 -0.0623914 180.013       0       0 -0.13     0 -1.03   -0.24892 -0.0319704  0.0323048  0.00238705 -0.00947897  -0.0022526  -0.143145 -0.0419188 0.00879835   0.11471 0.0673152    9.8081  36059
             81.3836 -0.476242   2.28504   2.85169    2.99744    1.87713 -0.0609992 180.013       0       0 -0.13     0 -1.03   -0.474223 0.000940825   0.0360107  0.00240415 -0.00939135 -0.00209785  -0.136816 -0.0449933 0.00899893  0.113768 0.0662843   9.80812  36226
             81.5848 -0.479967   2.26926   2.79288   2.92574   1.87946 -0.058984 180.013       0       0 -0.13     0 -1.03  -0.391318 0.00180037  0.0163465  0.00242252 -0.00975478 -0.00206737  -0.141571 -0.0440706 0.00671234   0.11447 0.0671373    9.8081  36585
             81.7833 -0.481353   2.27038   2.79363    2.86138    1.88026 -0.0547402 180.013       0       0 -0.13     0 -1.03    -0.352244 -9.17226e-05    0.0168731  0.00237847 -0.00983178 -0.00203921  -0.144503 -0.0436568 0.00662706  0.114741 0.0675355    9.8081  36251
             81.9833 -0.46756  2.24005  2.57854    2.79245    1.87911 -0.0560679 180.013       0       0 -0.13     0 -1.03  -0.358304 -0.0203721 -0.0470433  0.00238761 -0.00985558 -0.00199169  -0.144893 -0.0437036 0.00643338  0.114783 0.0676029    9.8081  36629
             82.1845 -0.466731   2.23091   2.56517    2.73424    1.87836 -0.0562847 180.013       0       0 -0.13     0 -1.03  -0.310617 -0.0213308 0.00447585  0.00247093 -0.00974646 -0.00192024   -0.14601 -0.0438143 0.00580039  0.114918 0.0677744   9.80809  37245
             82.3843 -0.474214   2.23194   2.50708    2.66512    1.87544 -0.0525537 180.013       0       0 -0.13     0 -1.03  -0.363583 -0.0259997  0.0161584  0.00237987 -0.00957442 -0.00185028   -0.14533 -0.0440217 0.00466768  0.114973 0.0677616   9.80809  37275
             82.5829 -0.464266   2.21665   2.43728    2.60091    1.87648 -0.0540685 180.013       0       0 -0.13     0 -1.03   -0.347513 -0.00492847   -0.072722  0.00235446 -0.00948201 -0.00165922  -0.147104 -0.0448057 0.00259078 0.115268 0.068115  9.80809  37555
             82.7828 -0.472748    2.2073   2.31736    2.55243    1.86438 -0.0489317 180.013       0       0 -0.13     0 -1.03  -0.276883  -0.067303 -0.0156571   0.0021525 -0.00966238 -0.00152123    -0.151068   -0.0418909 -0.000861454   0.11625 0.0684447   9.80807  37991
              82.984 -0.469896   2.20762   2.23157   2.49803   1.87036 -0.045906 180.013       0       0 -0.13     0 -1.03 -0.282178 0.0773993  0.103159   0.0023072 -0.00965587 -0.00150819   -0.151575  -0.0445319 4.61332e-05  0.115971 0.0686697   9.80807  38525
              83.184 -0.484375   2.19916   2.21506    2.42489    1.87502 -0.0392731 180.013       0       0 -0.13     0 -1.03 -0.377976 0.0226067 0.0379777  0.00227795  -0.0096403 -0.00151935   -0.150942  -0.0441046 0.000762982  0.115872 0.0685849   9.80808  38417
             83.3826 -0.4717 2.19316 2.28991    2.34581    1.87453 -0.0404994 180.013       0       0 -0.13     0 -1.03    -0.406514 -0.000934083   -0.0147937  0.00219508 -0.00958066 -0.00148287  -0.150774 -0.0434984 0.00206197  0.115773 0.0684819   9.80808  38497
             83.5824 -0.474124   2.18411   2.16245    2.28753    1.87006 -0.0430084 180.013       0       0 -0.13     0 -1.03   -0.314477  -0.0377667 -0.00307453  0.00209638 -0.00972796 -0.00134934  -0.155057  -0.042068 0.00252117  0.116168 0.0685993   9.80807  38698
             83.7836 -0.47128  2.17208  2.06395    2.22262     1.8726 -0.0408698 180.013       0       0 -0.13     0 -1.03   -0.34283 0.00391791 0.00803723   0.0023288  -0.0096195 -0.00125704   -0.154967  -0.0446367 0.000709346  0.11619 0.068869  9.80807  39066
             83.9835 -0.466912    2.1545   1.93426    2.13597     1.8807 -0.0353909 180.013       0       0 -0.13     0 -1.03 -0.513011 0.0363587  0.145629  0.00236541 -0.00964709 -0.00119854   -0.153332  -0.0466282 0.000846744  0.115945 0.0689512   9.80807  38974
             84.1821 -0.465326   2.14565   1.80587    2.10942    1.87258 -0.0388656 180.013       0       0 -0.13     0 -1.03  -0.182971 -0.0603078  -0.020685  0.00246302 -0.00901287  -0.0010174  -0.158003 -0.0456987 0.00214529  0.116276 0.0689868   9.80807  38818
              84.382 -0.468409   2.13728   1.73434    2.06317    1.85966 -0.0337973 180.013       0       0 -0.13     0 -1.03  -0.242261 -0.0641387  0.0146971   0.00241639  -0.00891173 -0.000901075  -0.156991 -0.0459602 0.00120996   0.11627 0.0690193   9.80807  39178
             84.7831 -0.472859   2.14483   1.68165    1.89493    1.86997 -0.0367452 180.013       0       0 -0.13     0 -1.03  -0.482513   0.052173 -0.0381966   0.00304137  -0.00784665 -0.000847425  -0.151572 -0.0499788 0.00415796  0.115597 0.0693427   9.80807  39154
             85.1829 -0.45033   2.0916  1.50489    1.75979    1.87377 -0.0388188 180.013       0       0 -0.13     0 -1.03   -0.294352  -0.0316939 -0.00594547   0.00276618  -0.00850026 -0.000769951  -0.154551 -0.0491689 0.00461334  0.115786 0.0692006   9.80807  39409
             85.3829 -0.450628   2.08932   1.55868   1.72168   1.86631 -0.036375 180.013       0       0 -0.13     0 -1.03  -0.216154 -0.0475661 0.00965986   0.00254361  -0.00960731 -0.000863883  -0.157398 -0.0488664  0.0044049  0.116015 0.0690967   9.80807  39101
             85.5827 -0.439476   2.05442   1.42897    1.63703    1.86964 -0.0420331 180.013       0       0 -0.13     0 -1.03  -0.422209  0.0153985 -0.0289459   0.00261641   -0.0088306 -0.000582648  -0.150463 -0.0521649 0.00597913  0.115476 0.0696202   9.80807  39196
             85.7813 -0.435458    2.0614   1.28041    1.55521    1.86418 -0.0407338 180.013       0       0 -0.13     0 -1.03  -0.426556 -0.0260159 -0.0283134    0.0025467  -0.00889479 -0.000391487   -0.15079 -0.0506902 0.00415784  0.115588 0.0695232   9.80807  38705
             85.9812 -0.464924   2.06219   1.18171    1.47794    1.86545 -0.0347288 180.013       0       0 -0.13     0 -1.03    -0.38179 0.000523187     0.15349   0.00256643  -0.00891507 -0.000362426  -0.152055 -0.0518961 0.00455581  0.115727 0.0695499   9.80807  39027
             86.1824 -0.472562   2.05576   1.05827    1.39135    1.86892 -0.0280145 180.013       0       0 -0.13     0 -1.03  -0.45962 0.0138871 0.0331905    0.0025458  -0.00886661 -0.000114899  -0.152029 -0.0523278 0.00590332  0.115658 0.0695589   9.80807  39330
             86.3823 -0.470121   2.04392  0.970004   1.32017   1.86585 -0.032282 180.013       0       0 -0.13     0 -1.03   -0.384595  -0.0106574 -0.00121126   0.00255391  -0.00898463 -2.82831e-05  -0.156352 -0.0517986 0.00784182  0.115796 0.0691077   9.80807  39164
             86.5809 -0.46835  2.02076 0.886015   1.24319   1.87065 -0.031321 180.013       0       0 -0.13     0 -1.03   -0.403552    0.014888 -0.00817901   0.0025631 -0.00882508 0.000116313  -0.156597  -0.053804 0.00734605  0.116061 0.0692355   9.80807  38954
             86.7808 -0.457499   2.01381  0.767173    1.18437     1.8755 -0.0329434 180.013       0       0 -0.13     0 -1.03  -0.333203  0.0188182 -0.0491279  0.00249276  -0.0088564 0.000280494  -0.161306 -0.0547272 0.00735546  0.116487 0.0687706   9.80807  39173
             87.1819 -0.455886   2.00718  0.737934    1.05359    1.88026 -0.0236487 180.013       0       0 -0.13     0 -1.03 -0.310374 0.0131782 0.0375387   0.0026778 -0.00876069 0.000284241  -0.161448 -0.0552532  0.0117495  0.11629 0.068758  9.80807  39197
             87.5804 -0.461239   1.98044   0.49653   0.879808    1.88288 -0.0267079 180.013       0       0 -0.13     0 -1.03 -0.484283 0.0167515 0.0240491  0.00270488  -0.0076822 0.000674897  -0.158692 -0.0552045  0.0155268  0.115905 0.0691624   9.80807  39238
             87.7816 -0.45878  1.95651 0.487638   0.78625   1.88798 -0.026888 180.013       0       0 -0.13     0 -1.03   -0.489437   0.0139892 0.000127132  0.00273061 -0.00755433 0.000795892  -0.160015 -0.0560569  0.0149641  0.116133 0.0690429   9.80807  39368
             87.9815 -0.460821   1.95119  0.346628   0.732621    1.88181 -0.0257177 180.013       0       0 -0.13     0 -1.03  -0.202043 -0.0587961 -0.0921299  0.00275112 -0.00757219 0.000813678  -0.166266 -0.0551374  0.0124267 0.116436 0.067968  9.80807  39186
             88.1801 -0.447927    1.9319  0.247153   0.651243    1.89275 -0.0316833 180.013       0       0 -0.13     0 -1.03  -0.396129  0.0472206 0.00852251  0.00291881 -0.00732251 0.000968619  -0.163144 -0.0564162  0.0118499  0.116577 0.0686014   9.80807  38874
             88.3814 -0.447826   1.92267  0.238398   0.581466    1.89269 -0.0262184 180.013       0       0 -0.13     0 -1.03   -0.347295 0.000515365   0.0379452  0.00280742 -0.00734854 0.000832924  -0.165441 -0.0550357  0.0122803  0.116387 0.0681079   9.80807  39446
             88.5812 -0.442013    1.9005  0.242456   0.473037    1.90006 -0.0312356 180.013       0       0 -0.13     0 -1.03  -0.548482  0.0358504 -0.0312778   0.0029657   -0.007101 0.000970188  -0.157946 -0.0564754  0.0138294  0.116324 0.0696791   9.80806  39149
             88.7811 -0.433721   1.88383 0.0860404   0.400284    1.89933 -0.0338021 180.013       0       0 -0.13     0 -1.03  -0.385007 -0.0188618 -0.0385697  0.00282544 -0.00758763  0.00107693  -0.164751 -0.0558149  0.0118812  0.116544 0.0683053   9.80807  39106
             88.9796   -0.43938    1.88595 -0.0500167   0.33656   1.90766 -0.029439 180.013       0       0 -0.13     0 -1.03 -0.298541 0.0505411 0.0692249  0.00297071 -0.00767835  0.00110395  -0.165896 -0.0578352 0.00957416  0.117082 0.0681393   9.80806  38828
             89.3808 -0.436799   1.85262 -0.194954   0.181359    1.90872 -0.0197864 180.013       0       0 -0.13     0 -1.03  -0.412479 -0.0157835  0.0177868  0.00277958 -0.00737713  0.00136022  -0.165502 -0.0568956 0.00955277 0.116861 0.068208  9.80807  39088
             89.5808 -0.450489   1.85908 -0.353243   0.103635    1.90576 -0.0156871 180.013       0       0 -0.13     0 -1.03  -0.394896 -0.0214385  0.0218203  0.00271174 -0.00759371  0.00160863  -0.166675 -0.0570904  0.0102104    0.1169 0.0679417   9.80807  39112
             89.7806 -0.436641   1.85603 -0.446801  0.0202009    1.91074 -0.0182084 180.013       0       0 -0.13     0 -1.03 -0.429127 0.0194076 -0.024677 0.00272424 -0.0075891 0.00162228  -0.165779 -0.0588294  0.0123786 0.117247 0.068182  9.80806  39269
             89.9807  -0.41766   1.83737 -0.407832 -0.0713816    1.91957 -0.0236176 180.013       0       0 -0.13     0 -1.03 -0.496079 0.0432765 0.0514594  0.00277167 -0.00756016  0.00161477  -0.164891 -0.0599397  0.0139997  0.117499 0.0684185   9.80806  39297
             90.1804 -0.420824   1.83251 -0.516883  -0.146399     1.9256 -0.0190024 180.013       0       0 -0.13     0 -1.03 -0.405368 0.0205302 0.0288161  0.00276694 -0.00747898  0.00182312  -0.166457 -0.0603692  0.0139775   0.11762 0.0680037   9.80806  39193
             90.3803 -0.424754   1.82352 -0.660383   -0.21195    1.92125 -0.0181967 180.013       0       0 -0.13     0 -1.03  -0.336158 -0.0342026  0.0164149  0.00277595 -0.00748447  0.00195856  -0.168544 -0.0597848  0.0152134  0.117438 0.0674794   9.80806  39226
             90.5789 -0.435781   1.81336 -0.774454  -0.291667    1.93087 -0.0172238 180.013       0       0 -0.13     0 -1.03   -0.405847   0.0463222 -0.00604636   0.0032314 -0.00715312  0.00208437  -0.165254 -0.0625136   0.014641  0.118228 0.0683616   9.80805  38745
             90.7801 -0.434422   1.79332 -0.873483  -0.389277    1.93875 -0.0155039 180.013       0       0 -0.13     0 -1.03 -0.493959 0.0450325 0.0195686  0.00319847 -0.00692011  0.00220519  -0.163072 -0.0616868  0.0127597  0.118066 0.0689656   9.80805  39120
             90.9801  -0.42844    1.7995 -0.896217  -0.453445     1.9332 -0.0094599 180.013       0       0 -0.13     0 -1.03    -0.29423   -0.123338 0.000427587  0.00310408 -0.00728337  0.00218196  -0.169357 -0.0616556  0.0116823  0.117962 0.0670986   9.80806  38672
             91.1799 -0.425808   1.79354 -0.981083  -0.547834     1.9415 -0.0122297 180.013       0       0 -0.13     0 -1.03  -0.492429  0.0309931 -0.0181701  0.00293395 -0.00738591  0.00239059  -0.167688 -0.0625469  0.0117577  0.118279 0.0675865   9.80805  38643
             91.3785 -0.406407   1.79485  -1.02633  -0.635751    1.94264 -0.0104994 180.013       0       0 -0.13     0 -1.03   -0.626236  -0.0170476 -0.00773164  0.00298529 -0.00766641  0.00233816  -0.173093 -0.0627147  0.0103034  0.118217 0.0659435   9.80807  38376
             91.5798 -0.528488   1.86938   -0.9288 -0.727206   1.94658 0.0108571 180.013       0       0 -0.13     0 -1.03  -0.572674 -0.0846596   0.085617  0.00316411 -0.00781338  0.00223687  -0.184974 -0.0689413 0.00583285  0.119773 0.0620765   9.80807  39089
             91.7797  -0.35221   1.84221 -0.861757   -0.63842    1.92384 -0.0285824 180.013       0       0 -0.13     0 -1.03  0.373376 -0.249882 -0.196833 0.00335155 -0.0095668  0.0022517  -0.225094 -0.0847049   0.014985  0.123239 0.0492153    9.8081  38654
             91.9795 -0.398704   1.76655  -0.85378   -0.60278    1.88175 -0.0123419 180.013       0       0 -0.13     0 -1.03   0.119167  -0.222468 -0.0442887  0.00327166 -0.00930605   0.0021906  -0.216771 -0.0851572 0.00198785 0.124547 0.051487  9.80807  38642
             92.3794 -0.412924   1.79112 -0.981773 -0.628075   1.72265 -0.011371 180.013       0       0 -0.13     0 -1.03 -0.129192 -0.495399 -0.102272  0.00292871 -0.00889688   0.0023548    -0.214618    -0.082135 -0.000492432  0.123682 0.0522792   9.80808  38877
             92.5793 -0.397072   1.76708 -0.909771  -0.628802     1.6467 -0.0089779 180.013       0       0 -0.13     0 -1.03 -0.0134971  -0.396084  0.0112495  0.00342318 -0.00924286   0.0022745    -0.21668  -0.0868671 -0.00561382   0.12499 0.0517497   9.80807  38685
             92.7792 -0.410558   1.75883 -0.855049   -0.609964     1.55773 -0.00551472 180.013       0       0 -0.13     0 -1.03  0.0963268   -0.47925 -0.0553938  0.00332138 -0.00952606  0.00208312  -0.221635 -0.0870318 -0.0108774  0.124963 0.0503303   9.80807  38719
             92.9777 -0.404018   1.78922 -0.786315  -0.639634    1.47317 0.00531665 180.013       0       0 -0.13     0 -1.03 -0.280488 -0.391233  0.124678  0.00329654 -0.00922449  0.00204121  -0.214026 -0.0868438 -0.0130502  0.125192 0.0526767   9.80806  38469
              93.179 -0.383304   1.78264 -0.679563  -0.671163    1.40262 0.00994242 180.013       0       0 -0.13     0 -1.03 -0.189054 -0.329787 0.0725885  0.00323782 -0.00919049  0.00195779   -0.21567 -0.0874315 -0.0118535 0.12528 0.05218 9.80806  38976
             93.3789 -0.371943   1.76842 -0.909535  -0.690965    1.32971 0.00828653 180.013       0       0 -0.13     0 -1.03  -0.101448  -0.348651 0.00507175  0.00278018 -0.00927158   0.0022806  -0.220061 -0.0854318 -0.0100242  0.124641 0.0509704   9.80808  38590
             93.5787 -0.357249   1.77725 -0.799848  -0.659085    1.25259 0.00450073 180.013       0       0 -0.13     0 -1.03    0.131302   -0.392006 -0.00414487  0.00275737 -0.00954868  0.00203217  -0.230624 -0.0886492 -0.0100976  0.125407 0.0480581   9.80808  38485
             93.7787 -0.372494   1.77381 -0.655249  -0.656981    1.17467 0.00840099 180.013       0       0 -0.13     0 -1.03  0.030691 -0.379137 0.0449768  0.00299109 -0.00937815  0.00173137   -0.225541  -0.0871964 -0.00663682  0.125063 0.0495561   9.80808  38298
             93.9786 -0.339092   1.78917 -0.653703  -0.680745    1.10504 0.00801889 180.013       0       0 -0.13     0 -1.03  -0.210158   -0.30462 -0.0411547  0.00299762 -0.00948025  0.00173213    -0.22025  -0.0866671 -0.00378172  0.125007 0.0511187   9.80807  38284
             94.1785  -0.37741   1.80868 -0.536593 -0.692268   1.02709 0.0187539 180.013       0       0 -0.13     0 -1.03 -0.102904 -0.405002 0.0135493    0.002934 -0.00954621  0.00149496  -0.221522 -0.0866263 -0.0046704  0.125005 0.0508065   9.80807  38321
             94.3784  -0.32168   1.81543 -0.564183 -0.714719  0.930006 0.0115479 180.013       0       0 -0.13     0 -1.03  -0.102499  -0.451732 -0.0101657  0.00286567 -0.00949582  0.00174036   -0.222472  -0.0847215 -0.00318042  0.124532 0.0505487   9.80808  38425
             94.7782 -0.340993    1.7708 -0.594004   -0.71006   0.789811 0.00789919 180.013       0       0 -0.13     0 -1.03  0.0536559  -0.361094 -0.0763869  0.00273637 -0.00905558  0.00144176   -0.22484 -0.0904863 -0.0107691  0.126067 0.0500155   9.80806  38494
             95.1794 -0.293639   1.79124 -0.414814 -0.713612  0.637049 0.0118787 180.013       0       0 -0.13     0 -1.03 -0.067704 -0.402104 0.0418413  0.00219664 -0.00884129  0.00137381  -0.224374 -0.0883482 -0.0072819  0.125475 0.0502169   9.80807  38493
             95.3781 -0.297724   1.77977 -0.342447 -0.737348  0.558065 0.0112184 180.013       0       0 -0.13     0 -1.03    -0.11768     -0.4029 -0.00316909  0.00279959 -0.00829778  0.00136241  -0.222865 -0.0893199 -0.0059997  0.125757 0.0505983   9.80806  37878
             95.5781  -0.30537   1.76819 -0.617356  -0.765192   0.481573 0.00459105 180.013       0       0 -0.13     0 -1.03 -0.145339 -0.392924 -0.077892  0.00311283 -0.00815155  0.00178091   -0.221541  -0.0911665 -0.00598592  0.126132 0.0509084   9.80806  38187
              95.779 -0.256365   1.77461 -0.468009  -0.740468   0.411435 0.00451368 180.013       0       0 -0.13     0 -1.03  0.125552  -0.38173 0.0133824  0.0038365 -0.0090153 0.00153556   -0.230513  -0.0969236 -0.00435974  0.127515 0.0490811   9.80805  38642
             96.1777 -0.264025   1.77105 -0.367242  -0.754382   0.267696 0.00685231 180.013       0       0 -0.13     0 -1.03 -0.103117  -0.33499 0.0489055  0.00401916 -0.00789873   0.0014671   -0.227458  -0.0965216 -0.00159231  0.127437 0.0498887   9.80805  38729
             96.3776 -0.266664   1.75874 -0.230124  -0.762124   0.196616 0.00545494 180.013       0       0 -0.13     0 -1.03  -0.0513186   -0.408486 -0.00231701  0.00370445 -0.00876218  0.00133107   -0.229243  -0.0964219 -0.00168106 0.127433 0.049499  9.80805  38744
             96.5787 -0.274632    1.7623 -0.264405  -0.776894   0.119277 0.00851612 180.013       0       0 -0.13     0 -1.03 -0.0517878  -0.367846  0.0190019  0.00340181 -0.00837295  0.00135789    -0.22755  -0.0962172 -0.00487494 0.127383 0.049869  9.80805  38974
             96.7786 -0.291736    1.7583 -0.371173 -0.796486 0.0446976 0.0110632 180.013       0       0 -0.13     0 -1.03 -0.121405 -0.385221 0.0444879  0.00330297 -0.00797065  0.00155315   -0.226465  -0.0952796 -0.00328251  0.127152 0.0500554   9.80805  38858
             97.1758 -0.278886   1.76023 -0.188227 -0.776627  -0.11598 0.0121827 180.013       0       0 -0.13     0 -1.03  0.125548 -0.373448 0.0608114  0.00302922 -0.00899285  0.00143568   -0.230407  -0.0954376 -0.00269414  0.127229 0.0492743   9.80805  38245
             97.3756 -0.283454   1.75939 -0.124786 -0.797906 -0.186452 0.0156743 180.013       0       0 -0.13     0 -1.03   -0.11088  -0.338859 -0.0419132  0.00307759 -0.00683978  0.00146894  -0.225838  -0.094564 -0.0024924  0.127006 0.0502747   9.80805  38754
             97.5771  -0.247643    1.77122 -0.0188361   -0.8082 -0.269266 0.0114918 180.013       0       0 -0.13     0 -1.03 -0.0724517  -0.445115 -0.0498686  0.00302265 -0.00736565  0.00136631   -0.228713  -0.0944812 -0.00296693  0.127058 0.0497358   9.80805  39082
              97.777  -0.274118    1.76099 -0.0444252  -0.816014  -0.349861 0.00863312 180.013       0       0 -0.13     0 -1.03 -0.0217176  -0.365944  0.0162732  0.00343011 -0.00723913   0.0014554   -0.228343  -0.0980369 -0.00492223  0.127636 0.0498708   9.80804  38974
             97.9755   -0.2775   1.76356 -0.210762  -0.80074 -0.407668 0.0149867 180.013       0       0 -0.13     0 -1.03 0.0389986 -0.299079 0.0923306  0.00362713 -0.00751874  0.00148874   -0.232229   -0.101461 -0.00422668  0.128302 0.0493734   9.80804  38699
             98.3779  -0.224065    1.76024 0.00907413 -0.808917 -0.538813 0.0115247 180.013       0       0 -0.13     0 -1.03 -0.0185954  -0.297725  0.0458076   0.0042928 -0.00747334 0.000937899   -0.231761  -0.0996417 0.000196284  0.128061 0.0496008   9.80804  39306
             98.5765 -0.224154   1.75158 0.0205706 -0.831961 -0.599145 0.0160117 180.013       0       0 -0.13     0 -1.03 -0.0998619  -0.245697  0.0852333  0.00412345 -0.00729714 0.000925236  -0.228448 -0.0975237 0.00575738  0.127687 0.0505217   9.80804  38765
             98.7763 -0.221263   1.76016  0.173107 -0.848146 -0.675201 0.0213394 180.013       0       0 -0.13     0 -1.03  -0.101284  -0.387447 0.00853524  0.00365422 -0.00740159 0.000692795  -0.230661 -0.0935409  0.0102847  0.127116 0.0501871   9.80805  39009
             98.9762 -0.236497   1.75812  0.184033 -0.871596 -0.749366 0.0253229 180.013       0       0 -0.13     0 -1.03 -0.138412 -0.227498  0.348958  0.00366721 -0.00733319  0.00070451  -0.230889 -0.0920557  0.0175249  0.126838 0.0501833   9.80805  39095
             99.1762 -0.245204   1.76688  0.127404 -0.864392 -0.775127  0.023683 180.013       0       0 -0.13     0 -1.03  0.0271063 -0.0935619  0.0292438  0.00363709 -0.00713285 0.000679071  -0.233246 -0.0921455  0.0210916 0.126874  0.05003  9.80805  39016
             99.3774 -0.223098    1.7529  0.205616 -0.875521 -0.759594  0.015396 180.013       0       0 -0.13     0 -1.03 -0.0816744   0.083661 -0.0365529   0.0037802 -0.00705754 0.000637984  -0.230023 -0.0979136   0.023116  0.127525 0.0506886   9.80804  39314
              99.576  -0.202114    1.75847 -0.0179006  -0.880007  -0.741383 0.00196278 180.013       0       0 -0.13     0 -1.03  -0.149058  0.0843955 -0.0622774  0.00369079  -0.0077928 0.000740404  -0.235249 -0.0986035  0.0241749  0.127802 0.0500354   9.80804  38757
             99.7759 -0.220257   1.86721  0.117246 -0.846907 -0.743153 0.0135136 180.013       0       0 -0.13     0 -1.03  0.0460734 -0.0216267  0.0225621  0.00337888 -0.00912406 0.000543062  -0.252832 -0.0959324  0.0179533  0.127955 0.0474892   9.80805  38910
             99.9771 -0.207801   1.84486  0.328963 -0.747221 -0.760486  0.012086 180.013       0       0 -0.13     0 -1.03  0.653192 -0.151463 0.0783405  0.00338431 -0.00956264  0.00050234  -0.268497 -0.0953374  0.0198807  0.128357 0.0451644   9.80806  39250
             100.177 -0.163559   1.83193  0.533927  -0.643743  -0.753659 0.00991857 180.013       0       0 -0.13     0 -1.03   0.496165  0.0226655 -0.0423653  0.00323236 -0.00944482 6.87833e-05 -0.267379 -0.097083 0.0202435  0.128512 0.0453733   9.80805  39042
             100.376 -0.158156   1.81634   0.75248  -0.533252  -0.752933 0.00255115 180.013       0       0 -0.13     0 -1.03    0.54345 0.00457614 -0.0842566   0.00323414  -0.00924869 -0.000353541  -0.269083 -0.0959541  0.0177889  0.128525 0.0451061   9.80805  38785
             100.574 -0.16883   1.8094 0.892385  -0.419389  -0.748724 0.00612032 180.013       0       0 -0.13     0 -1.03   0.575847  0.0299593 -0.0205209   0.00313243  -0.00904865 -0.000496528   -0.26965 -0.0963624  0.0137042  0.128695 0.0450185   9.80805  38744
             100.775 -0.192281   1.82037  0.932959  -0.322827   -0.75288 0.00770185 180.013       0       0 -0.13     0 -1.03   0.493301 0.00317332  0.0173361   0.00287055  -0.00878009 -0.000605102  -0.265552 -0.0935779  0.0120865  0.128376 0.0451305   9.80806  39176
             101.175 -0.171913    1.8551   1.18613  -0.128513  -0.752143 0.00868657 180.013       0       0 -0.13     0 -1.03    0.492723 -0.00563177 -0.00905484   0.00300069  -0.00866878 -0.000727399  -0.265392 -0.0935732  0.0150152  0.128337 0.0451778   9.80806  38855
             101.374 -0.184593   1.87233   1.41883 -0.0210395  -0.750129  0.0134621 180.013       0       0 -0.13     0 -1.03  0.521024 0.0014364 0.0184311  0.00307698 -0.00912965 -0.00105782  -0.266581 -0.0936519  0.0155372 0.128382 0.045161  9.80806  38868
             101.575 -0.191314   1.87613   1.37006  0.0580515  -0.749907 0.00956015 180.013       0       0 -0.13     0 -1.03    0.405278   0.0216961 -0.00754649   0.00295379  -0.00844988 -0.000955103   -0.26154 -0.0937161  0.0143906   0.12816 0.0451605   9.80806  39335
             101.776 -0.187391   1.88823   1.38089   0.139163  -0.758824 0.00421922 180.013       0       0 -0.13     0 -1.03   0.389123 -0.0378212  -0.039212  0.00271385 -0.00847057 -0.00101955  -0.261765 -0.0910557  0.0124051  0.128271 0.0450422   9.80806  39303
             101.975 -0.185504   1.90457   1.50975   0.238518   -0.76057 0.00938489 180.013       0       0 -0.13     0 -1.03   0.535937 -0.0364576   0.256067  0.00275201 -0.00853914 -0.00105817  -0.265722 -0.0926465  0.0138883  0.128398 0.0451889   9.80806  38810
             102.175 -0.1995 1.92452 1.69902  0.353814 -0.753052 0.0163219 180.013       0       0 -0.13     0 -1.03 0.571969   0.0401  0.07214  0.00266784 -0.00827703 -0.00145377  -0.266348 -0.0931982  0.0158398  0.128369 0.0452413   9.80806  39168
             102.375 -0.213484   1.93353   1.87017  0.453909 -0.752458 0.0213915 180.013       0       0 -0.13     0 -1.03   0.50202 0.0158107 0.0694304  0.00264781 -0.00808641 -0.00175717  -0.264271 -0.0920467  0.0172294  0.128272 0.0451235   9.80806  39216
             102.576 -0.236343   1.95215   2.03737  0.549168 -0.751737 0.0188799 180.013       0       0 -0.13     0 -1.03   0.481163 0.00476875  0.0100195  0.00260979 -0.00807744 -0.00195578  -0.262923 -0.0912603  0.0192759  0.128195 0.0450157   9.80806  39366
             102.775 -0.236948   1.95598    2.0709  0.660844 -0.756293 0.0161111 180.013       0       0 -0.13     0 -1.03   0.551665 -0.0158009 0.00509659  0.00235073 -0.00817073 -0.00200083  -0.265991 -0.0892756   0.019852  0.128458 0.0451726   9.80805  38684
             102.974 -0.243665   1.98053   2.18867  0.764286 -0.761096 0.0173063 180.013       0       0 -0.13     0 -1.03    0.485431 -0.00809246  -0.0360736  0.00234108 -0.00810936 -0.00204962 -0.265014 -0.088614 0.0180818   0.12856 0.0450925   9.80805  38914
             103.174 -0.234485   1.99575   2.28231  0.858047 -0.755599 0.0156246 180.013       0       0 -0.13     0 -1.03   0.476126  0.0237078 -0.0329016  0.00227339 -0.00795379 -0.00230182  -0.264803 -0.0890462  0.0177357  0.128519 0.0450818   9.80805  38825
             103.374 -0.243512   2.00691   2.46764  0.952565 -0.757255 0.0128391 180.013       0       0 -0.13     0 -1.03    0.481004 -0.00895021  -0.0200329  0.00227537 -0.00811476 -0.00257871  -0.264012 -0.0875511  0.0166748  0.128687 0.0449593   9.80805  38778
             103.574 -0.244689    2.0101   2.52675   1.04162 -0.766477 0.0101922 180.013       0       0 -0.13     0 -1.03   0.446054 -0.0446408 -0.0259468  0.00210118 -0.00789157 -0.00250998  -0.262101 -0.0862415  0.0170113 0.128791 0.044686  9.80805  38785
             103.974 -0.221998   2.04292   2.63644     1.20721   -0.747333 0.000498096 180.013       0       0 -0.13     0 -1.03    0.40041   0.101424 -0.0651439  0.00255205 -0.00795335  -0.0028741  -0.261962 -0.0887632  0.0161419  0.128452 0.0447241   9.80806  39102
             104.175 -0.212276   2.03402   2.80469     1.29834   -0.740228 -0.00419101 180.013       0       0 -0.13     0 -1.03   0.439681  0.0268585 -0.0353062  0.00252435 -0.00779001  -0.0031034  -0.263137 -0.0869887  0.0127904  0.128753 0.0448098   9.80805  39263
             104.375 -0.220746    2.0571   2.87966    1.41396  -0.745547 0.00109491 180.013       0       0 -0.13     0 -1.03   0.562453 -0.0261895  0.0427815  0.00240139  -0.0077119 -0.00317886  -0.268506 -0.0829556  0.0127799  0.129474 0.0455815   9.80804  38941
             104.574 -0.240563   2.08706   3.00885    1.53685   -0.75619 0.00640257 180.013       0       0 -0.13     0 -1.03   0.631797 -0.0539626  0.0840468  0.00235677 -0.00773597 -0.00332298  -0.270588 -0.0810334  0.0165916  0.129647 0.0458686   9.80804  38519
             104.774 -0.232756   2.09935   2.98477    1.60982  -0.748702 0.00545311 180.013       0       0 -0.13     0 -1.03  0.385218  0.057461 0.0154836  0.00285685 -0.00695625 -0.00334645  -0.262561 -0.0867898  0.0218859  0.128317 0.0443408   9.80806  38745
             104.975 -0.223705   2.09645   3.22485     1.69888   -0.738737 -0.00863996 180.013       0       0 -0.13     0 -1.03    0.45224   0.152617 0.00230091   0.0027907 -0.00692216  -0.0034045  -0.264861 -0.0843343  0.0258761  0.128666 0.0447378   9.80805  39111
             105.175 -0.202386   2.10083   3.33291     1.79188   -0.735926 -0.00961589 180.013       0       0 -0.13     0 -1.03  0.448778 0.0199934 0.0119643  0.00289839 -0.00673361  -0.0035975  -0.264724 -0.0829618  0.0260729   0.12892 0.0447043   9.80805  38785
             105.373 -0.233519   2.11292   3.29158     1.89308     -0.7339 -0.00629391 180.013       0       0 -0.13     0 -1.03    0.509109 -0.00641189    0.015113  0.00287038  -0.0067257 -0.00358004 -0.266039 -0.082085 0.0248217  0.129143 0.0450249   9.80805  38490
             105.573 -0.232778   2.12719   3.36868     1.98837   -0.735176 -0.00676831 180.013       0       0 -0.13     0 -1.03    0.487076 -0.00569765   0.0250869  0.00275688 -0.00680175 -0.00366411 -0.264473 -0.082182 0.0284726  0.129035 0.0446022   9.80805  38716
             105.775 -0.230737   2.15528   3.48958    2.07464  -0.732521 -0.0153976 180.013       0       0 -0.13     0 -1.03   0.425797  0.0268288 -0.0615083   0.0028407  -0.0066519 -0.00375072  -0.263022 -0.0838343  0.0291626  0.128671 0.0442295   9.80806  39053
             105.974 -0.22451  2.17028  3.58286    2.17605  -0.732541 -0.0138048 180.013       0       0 -0.13     0 -1.03   0.520156 -0.0963233   0.160653  0.00287771 -0.00672081 -0.00378968   -0.26593 -0.0820827  0.0279788   0.12906 0.0449476   9.80805  38806
             106.173 -0.233274   2.17891   3.79433    2.29186  -0.731986 -0.0154852 180.013       0       0 -0.13     0 -1.03     0.586813 -0.000784993   -0.0990274  0.00258804 -0.00661876 -0.00404595  -0.266621 -0.0826318  0.0287037   0.12889 0.0450867   9.80805  38388
             106.373 -0.229229   2.19694   3.97332    2.39139  -0.734629 -0.0158695 180.013       0       0 -0.13     0 -1.03    0.501092  -0.0160572 -0.00401504  0.00253544 -0.00682947  -0.0042357  -0.263905 -0.0836777   0.026582  0.128806 0.0444732   9.80805  38638
             106.574 -0.23075  2.20354  4.01944    2.47787  -0.728182 -0.0176427 180.013       0       0 -0.13     0 -1.03  0.416603 0.0413986 0.0469224  0.00257223 -0.00660417  -0.0043323  -0.262182 -0.0864208  0.0305089  0.127981 0.0437894   9.80807  38836
             106.973 -0.215179   2.21756   4.12031    2.6889 -0.714681 -0.023786 180.013       0       0 -0.13     0 -1.03  0.560961 0.0113919 -0.030884   0.0026144 -0.00755245  -0.0044173  -0.266216 -0.0852157  0.0316834   0.12806 0.0449224   9.80806  38293
             107.174 -0.229399   2.23813   4.33045    2.80402  -0.722267 -0.0269079 180.013       0       0 -0.13     0 -1.03   0.557204 -0.0364039 -0.0419942  0.00216022 -0.00758243 -0.00481536   -0.26645 -0.0832854  0.0276082    0.1287 0.0451843   9.80805  38821
             107.374 -0.221607   2.24844   4.56678    2.87704  -0.715266 -0.0274139 180.013       0       0 -0.13     0 -1.03    0.373357   0.0326677 -0.00518289  0.00220872 -0.00689137 -0.00498507  -0.259713 -0.0900524  0.0271206  0.127209 0.0428971   9.80808  38599
             107.574 -0.229145   2.26289   4.39652    2.94701  -0.703037 -0.0312936 180.013       0       0 -0.13     0 -1.03   0.345513  0.0728578 -0.0612319  0.00234732 -0.00703088 -0.00479129  -0.259377 -0.0910822  0.0239845  0.127059 0.0428375   9.80808  38672
             107.774 -0.22978  2.28008   4.4514    3.04875  -0.703875 -0.0287322 180.013       0       0 -0.13     0 -1.03   0.499427 -0.0115226  0.0208824  0.00213439 -0.00738672 -0.00487799  -0.264383 -0.0845541  0.0233393  0.128714 0.0450009   9.80805  38587
             107.972 -0.22309  2.29773  4.56525    3.15142  -0.701366 -0.0332221 180.013       0       0 -0.13     0 -1.03    0.48818  0.0760948 -0.0126883  0.00208719 -0.00731233 -0.00490691  -0.265707 -0.0844696  0.0257907 0.128531  0.04533  9.80805  38178
             108.172 -0.21816  2.30762  4.81523    3.24302  -0.697676 -0.0374561 180.013       0       0 -0.13     0 -1.03    0.452011  0.00977938 -0.00231422  0.00212603 -0.00727771 -0.00518129  -0.265377 -0.0842415  0.0259941  0.128611 0.0452353   9.80805  38290
             108.573 -0.229211   2.30452   4.97134   3.40941  -0.68882 -0.026238 180.013       0       0 -0.13     0 -1.03   0.609483   0.048242 -0.0147742  0.00200763 -0.00615078 -0.00522171 -0.262192 -0.085165 0.0222825   0.12888 0.0442986   9.80805  38482
             108.973 -0.838312   2.20338   4.68678    3.45841  -0.638038 0.00964908 180.013       0       0 -0.13     0 -1.03 -0.0453314   0.163558   0.100471  0.00282284 -0.00458001 -0.00486193  -0.239277 -0.0976139    0.01331  0.127958 0.0357623    9.8081  38561
             109.173 -0.82696  2.22675   4.8432    3.40707  -0.641022 0.00195353 180.013       0       0 -0.13     0 -1.03  -0.269775 -0.0205365 -0.0431648  0.00259667 -0.00420244 -0.00492287  -0.232779 -0.0954503  0.0193146  0.129237 0.0335178   9.80809  38633
             109.373 -0.794383   2.20813   4.90895     3.41903   -0.648793 -0.00516696 180.013       0       0 -0.13     0 -1.03  0.0400091  0.0378677 -0.0496007  0.00205737 -0.00526145 -0.00493449  -0.242414 -0.0876317  0.0188454  0.130841 0.0373555   9.80806  38585
             109.573 -0.794343   2.21106   4.52756     3.41742   -0.628266 -0.00710576 180.013       0       0 -0.13     0 -1.03 -0.0401944   0.157953 0.00824108  0.00199858 -0.00535625  -0.0045117  -0.241982 -0.0888671  0.0185321  0.130478 0.0371249   9.80806  38601
             109.772 -0.51457  2.28695  4.78412     3.4024  -0.580331 -0.0230644 180.013       0       0 -0.13     0 -1.03 -0.0900499   0.249152  -0.105057  0.00198849 -0.00538819 -0.00461384   -0.24372 -0.0916544  0.0207534  0.129443 0.0371892   9.80808  38366
             109.973 -0.677843   2.17782   4.65745     3.3931  -0.482166 -0.0385077 180.013       0       0 -0.13     0 -1.03 -0.0756389   0.734505  -0.225261  0.00188632 -0.00535703 -0.00458505  -0.248346 -0.0979775  0.0169141  0.127125 0.0383979    9.8081  38812
             110.173 -0.514125   2.26508   4.56998    3.39222   -0.41812 -0.0302186 180.013       0       0 -0.13     0 -1.03 -0.00331421     0.36956   0.0134853   0.0024455 -0.00544172 -0.00440127  -0.247239 -0.0947015  0.0153511  0.128269 0.0384696   9.80809  38317
             110.373 -0.417461   2.29707   4.49197    3.41418  -0.359086 -0.0314444 180.013       0       0 -0.13     0 -1.03   0.124296   0.256138 -0.0253609  0.00210932 -0.00527757 -0.00432836  -0.249668 -0.0905495  0.0155089  0.129328 0.0395088   9.80807  38283
             110.772 -0.351289   2.31642   4.53284    3.40607  -0.187721 -0.0337487 180.013       0       0 -0.13     0 -1.03 -0.0822934     0.4826  0.0576947  0.00302198 -0.00449779 -0.00427797  -0.246715 -0.0977325  0.0212664  0.127242 0.0377866    9.8081  38247
             110.972 -0.316251   2.31097   4.51058    3.42001  -0.115632 -0.0367183 180.013       0       0 -0.13     0 -1.03 0.0618965   0.16806  0.233286  0.00277249 -0.00497566  -0.0042837  -0.250721 -0.0936914  0.0269443  0.127863 0.0389894   9.80809  38179
             111.171 -0.313547   2.31925   4.48298     3.4381 -0.0461533 -0.0330757 180.013       0       0 -0.13     0 -1.03 0.0590781   0.37979  0.156057  0.00232906 -0.00472572 -0.00416028  -0.251737 -0.0945342  0.0292592  0.127478 0.0391564   9.80809  38031
             111.371 -0.333601    2.3312   4.37575    3.42601  0.0288625 -0.0359859 180.013       0       0 -0.13     0 -1.03 -0.0678709   0.363102  0.0117138  0.00242101 -0.00491129 -0.00391321  -0.248329 -0.0966669  0.0336194 0.126912 0.037832  9.80811  38322
             111.572 -0.341642   2.33149   4.43257    3.43693   0.106559 -0.0411756 180.013       0       0 -0.13     0 -1.03  0.0531037   0.371201 -0.0695894  0.00233298 -0.00495049 -0.00401283  -0.254196 -0.0957598  0.0344967  0.126778 0.0394445    9.8081  38713
             111.772 -0.354686   2.33102   4.39939    3.42041   0.196578 -0.0456482 180.013       0       0 -0.13     0 -1.03  -0.109105    0.50129 0.00176768  0.00233079 -0.00466177 -0.00387777  -0.251905 -0.0976232  0.0341592  0.126424 0.0387638   9.80811  38313
             111.971 -0.93996  2.12009  4.19648    3.40776   0.305497 -0.0291851 180.013       0       0 -0.13     0 -1.03 -0.132632  0.611698 -0.270055  0.00243086 -0.00487604 -0.00385265  -0.253362 -0.0979506  0.0302895  0.126368 0.0393785   9.80811  37838
             112.172 -0.887226   2.09079   4.29361    3.36758   0.399439 -0.0838751 180.013       0       0 -0.13     0 -1.03 -0.213217  0.446321 -0.247152  0.00226311 -0.00484995 -0.00378224  -0.252715 -0.0973794  0.0308703  0.126537 0.0392038   9.80811  38384
             112.372 -0.854584   2.11093   4.02794    3.36499   0.476738 -0.0877236 180.013       0       0 -0.13     0 -1.03  -0.045993    0.36872 -0.0385256  0.00219851 -0.00512625 -0.00331847  -0.258728 -0.0911966  0.0260752  0.127752 0.0414822   9.80808  37885
             112.772 -0.784562   2.14415    4.1145   3.40372  0.619653 -0.097775 180.013       0       0 -0.13     0 -1.03   0.128577   0.258792 -0.0701808  0.00213296 -0.00486135 -0.00346089  -0.265018 -0.0951853  0.0269346  0.126615 0.0427039   9.80809  37743
             112.971 -0.822854   2.11246   4.02041    3.3891  0.704458 -0.110667 180.013       0       0 -0.13     0 -1.03 -0.320154  0.587803 -0.258993  0.00192808 -0.00513305 -0.00346143  -0.261568 -0.0995866  0.0225852  0.125894 0.0423408    9.8081  37745
             113.171 -0.769374   2.13988   4.02295   3.42221   0.77217 -0.106306 180.013       0       0 -0.13     0 -1.03   0.118996   0.266677 -0.0608774  0.00241769  -0.0045873 -0.00346331  -0.265448 -0.0957007   0.020297  0.126662 0.0434857   9.80809  37824
             113.371 -0.776767   2.11506    3.8144   3.42767  0.856213 -0.115068 180.013       0       0 -0.13     0 -1.03  0.0151379   0.411449 -0.0811508  0.00245576 -0.00437849 -0.00304489 -0.263262 -0.104646 0.0158039 0.124815 0.043031  9.80811  37997
             113.571 -0.876884   2.09661   3.68681   3.43645  0.938853 -0.120639 180.013       0       0 -0.13     0 -1.03   0.0443819    0.409564 -0.00282418  0.00217898  -0.0043189 -0.00293283 -0.264727 -0.104643 0.0161316  0.124778 0.0433192   9.80811  37922
             113.971 -0.821041   2.12447   3.83445   3.42444   1.09726 -0.122795 180.013       0       0 -0.13     0 -1.03 -0.0795444   0.370006  -0.162235  0.00157503 -0.00360552 -0.00310929  -0.261216  -0.102477 0.00699503  0.125323 0.0437065    9.8081  37474
             114.371 -0.381438   2.31214   3.71008    3.42863    1.23686 -0.0996956 180.013       0       0 -0.13     0 -1.03 0.0436918  0.319111 0.0411645  0.00134623 -0.00402997 -0.00279039   -0.263063   -0.101316 -0.00396314  0.125663 0.0450173   9.80809  36839
             114.571 -0.403985    2.3256   3.56265    3.41366    1.31855 -0.0801948 180.013       0       0 -0.13     0 -1.03 -0.104458  0.468597  0.220998  0.00154352 -0.00386383 -0.00262744    -0.260826    -0.103112 -7.97164e-05 0.125244 0.044385   9.8081  36700
             114.771 -0.440457   2.32916   3.45146    3.42894    1.39516 -0.0778388 180.013       0       0 -0.13     0 -1.03  0.0603008   0.383507 -0.0394759 0.000940378 -0.00380207 -0.00241427  -0.268406  -0.102834 0.00589544  0.124955 0.0456395    9.8081  36196
             114.971 -0.444078   2.34513   3.59172    3.47015    1.46287 -0.0750612 180.013       0       0 -0.13     0 -1.03   0.2464 0.317336 0.199376 0.000987904 -0.00363546 -0.00245473  -0.274373 -0.0991093 0.00578967  0.125554 0.0466764   9.80809  35890
             115.171 -0.451433   2.34913   3.51857   3.43507   1.54841 -0.068312 180.013       0       0 -0.13     0 -1.03 -0.180473  0.453978 0.0300205 0.000693306 -0.00407562 -0.00229116  -0.271591  -0.100378 0.00712345  0.125293 0.0462279   9.80809  35866
             115.371 -0.457246   2.35292   3.60175    3.42555    1.61816 -0.0701791 180.013       0       0 -0.13     0 -1.03 -0.0703232   0.339993 -0.0443353 0.000946458 -0.00392688 -0.00238424  -0.275883 -0.0958776 0.00653801   0.12603 0.0469496   9.80808  35812
              115.57 -0.448097   2.33284   3.44065    3.42887    1.71305 -0.0781505 180.013       0       0 -0.13     0 -1.03 0.0123085  0.429244 -0.110362 0.000967909 -0.00361566 -0.00205824   -0.28083  -0.102065 0.00504587  0.125105 0.0477587   9.80809  36057
              115.77 -0.477948    2.3417   3.37555    3.46511    1.77755 -0.0730261 180.013       0       0 -0.13     0 -1.03  0.180412  0.336877 0.0225242 0.000445917 -0.00389981 -0.00205084   -0.286375   -0.094253 -0.00131324  0.126712 0.0489012   9.80806  35873
              116.17 -0.510365   2.36588   3.46077    3.45059    1.92092 -0.0609687 180.013       0       0 -0.13     0 -1.03 -0.13968 0.338691 0.057593 0.000991097 -0.00235198 -0.00207477  -0.281258 -0.0972476 0.00805744 0.125712 0.047789  9.80808  35637
              116.37 -0.496572   2.34692   3.43052     3.4169    2.00248 -0.0702411 180.013       0       0 -0.13     0 -1.03 -0.183218  0.368778 -0.071763  0.00218384 -0.00253335 -0.00191081  -0.281719 -0.0995483 0.00987286  0.125274 0.0477494   9.80808  35648
              116.57 -0.496267   2.35666    3.3669    3.40033    2.08092 -0.0784034 180.013       0       0 -0.13     0 -1.03 -0.130964  0.306455 -0.126141  0.00243965 -0.00315581 -0.00178771 -0.287028 -0.100587 0.0066784  0.125251 0.0486351   9.80808  35483
              116.77 -0.504043   2.34899   3.27128    3.40431    2.14712 -0.0771778 180.013       0       0 -0.13     0 -1.03 -0.00117826    0.293371   0.0728868  0.00245992 -0.00342698 -0.00160871 -0.294009 -0.101052  0.003393  0.125328 0.0497238   9.80807  35374
              116.97 -0.514639   2.36148   3.49718    3.46845    2.19011 -0.0749401 180.013       0       0 -0.13     0 -1.03   0.489771   0.076713 -0.0187235  0.00243452 -0.00347894 -0.00161009  -0.306377 -0.0957563  0.0049005  0.126032 0.0513624   9.80806  35225
              117.17 -0.512032   2.36313   3.54306    3.46177    2.20302 -0.0733311 180.013       0       0 -0.13     0 -1.03 -0.0241919  0.0580743 0.00898458  0.00223738 -0.00400156 -0.00167769  -0.302701 -0.0964846 0.00489074  0.125916 0.0509123   9.80806  35084
              117.37 -0.523814   2.37016   3.49035    3.44522     2.1955 -0.0667395 180.013       0       0 -0.13     0 -1.03 -0.0514153 -0.0264104  0.0288124 0.00238572 -0.0040423 -0.0016447  -0.300299 -0.0930289 0.00424605  0.126435 0.0505924   9.80805  35159
              117.57 -0.514888   2.35995   3.48962    3.43452    2.20248 -0.0709095 180.013       0       0 -0.13     0 -1.03   0.027757  0.0546567 -0.0338569  0.00236404 -0.00379738 -0.00148754  -0.297517 -0.0966166 0.00603025  0.125831 0.0501261   9.80806  34830
              117.77 -0.515004   2.34819   3.22602   3.39715   2.21141 -0.073394 180.013       0       0 -0.13     0 -1.03  -0.144848  0.0417998 -0.0399559  0.00246083  -0.0029899 -0.00119144  -0.286705 -0.0987556 0.00509506   0.12558 0.0485594   9.80808  34669
              117.97 -0.52685  2.34947  3.03734    3.31705    2.21092 -0.0723664 180.013       0       0 -0.13     0 -1.03  -0.547883 -0.0714691  0.0618313  0.00243008 -0.00253667 -0.00116476  -0.278385 -0.0994143 0.00384213   0.12553 0.0474436   9.80808  34775
              118.17 -0.556594   2.35598   2.82204  3.28931  2.19176 -0.06112 180.013       0       0 -0.13     0 -1.03 -0.161466 -0.105802 0.0514316   0.00253108  -0.00183997 -0.000884646   -0.28216 -0.0987028  0.0035488  0.125653 0.0477802   9.80808  34712
              118.37 -0.555203   2.33734   2.75591     3.2681    2.18385 -0.0488627 180.013       0       0 -0.13     0 -1.03 -0.0964568 -0.0399511  0.0585523   0.00242544  -0.00143434 -0.000807152  -0.283237  -0.100857 0.00289905  0.125536 0.0479239   9.80808  34823
              118.57 -0.535063   2.31817   2.76642     3.2069    2.18787 -0.0548123 180.013       0       0 -0.13     0 -1.03   -0.281028   0.0248729 -0.00277814   0.00252373  -0.00122918 -0.000793719  -0.274182  -0.105485 0.00717062  0.124809 0.0472671   9.80809  35148
             118.769 -0.527048   2.30278   2.71375    3.14697    2.18717 -0.0593974 180.013       0       0 -0.13     0 -1.03    -0.312937 -0.000953385   -0.0613207  0.00248612 -0.00104428 -0.00067267  -0.273628  -0.104194 0.00776367  0.124845 0.0471895   9.80809  35321
             119.169 -0.506778   2.26624    2.6013     2.9976    2.18933 -0.0619623 180.013       0       0 -0.13     0 -1.03   -0.388678 -0.00107694  -0.0165604   0.00258024 -0.000743274 -0.000645471  -0.271598   -0.10465 0.00577398  0.124854 0.0471317   9.80809  35573
             119.369 -0.492313   2.21638    2.3586    2.90233    2.19277 -0.0586317 180.013       0       0 -0.13     0 -1.03  -0.453472  0.0186647 -0.0238343   0.00292964 -1.31861e-05 -0.000238965  -0.269972  -0.105435 0.00418042  0.124798 0.0470848   9.80809  35654
             119.569 -0.52133    2.242  2.29286    2.82293    2.18263 -0.0538635 180.013       0       0 -0.13     0 -1.03  -0.418376 -0.0592519  0.0190888   0.00255789 -0.000397308 -0.000158461  -0.272476  -0.102347 0.00181471  0.125008 0.0471277   9.80809  35612
             119.769 -0.536493   2.25007   2.16379    2.72503     2.1841 -0.0464572 180.013       0       0 -0.13     0 -1.03 -0.491622 0.0133592 0.0297172   0.00272857 -0.000104266 -2.83529e-05    -0.26988   -0.105303 -0.00125976  0.124985 0.0472352   9.80809  36026
             120.169 -0.882496   2.00516   1.97735    2.53904    2.21418 -0.0973968 180.013       0       0 -0.13     0 -1.03 -0.439047 0.0885041 -0.264459   0.00331527 -0.000309727  4.82738e-05   -0.270684   -0.107706 -0.00374721  0.125091 0.0473689   9.80809  36372
             120.368 -0.896728   1.95606   1.87668   2.43779   2.22202 -0.114436 180.013       0       0 -0.13     0 -1.03 -0.507952 0.0245879 -0.121132  0.00264812 0.000115884  0.00018657   -0.269619   -0.105988 -0.00889596 0.125008 0.047725  9.80809  36660
              120.57 -0.89882  1.95497  1.74514   2.35046   2.20767 -0.107372 180.013       0       0 -0.13     0 -1.03   -0.439854   -0.077589 0.000589896  0.00212021 -0.00025096 0.000411748  -0.272648  -0.100733 -0.0163364 0.124901 0.048023  9.80809  37276
             120.768 -0.919188   1.96337   1.65782   2.25692   2.20826 -0.108056 180.013       0       0 -0.13     0 -1.03   -0.482107 -0.00265895  -0.0099771   0.00230292 -0.000171095  0.000529637  -0.272221  -0.103864 -0.0190256  0.124994 0.0482923   9.80808  37052
             120.968 -0.922981   1.92101    1.5887   2.16782    2.2152 -0.106474 180.013       0       0 -0.13     0 -1.03 -0.471917  0.052721 -0.360325   0.00230217 -0.000228796  0.000550637 -0.273758  -0.10469 -0.024384  0.125063 0.0485728   9.80808  37709
             121.168 -0.915362   1.95121   1.46361    2.09602    2.21471 -0.0971128 180.013       0       0 -0.13     0 -1.03  -0.356546 -0.0115652  0.0191773   0.00236039 -0.000261607  0.000755167  -0.274638  -0.104143 -0.0278439  0.125005 0.0487237   9.80808  37967
              121.37 -0.887556   1.94849   1.41344     2.0108    2.20551 -0.0872634 180.013       0       0 -0.13     0 -1.03  -0.418473 -0.0474762  0.0425873   0.00233649 -0.000360376  0.000758662  -0.272512   -0.10311 -0.0293112  0.124862 0.0489388   9.80808  38293
             121.568 -0.911256   1.94121   1.32812    1.87177    2.20938 -0.0878615 180.013       0       0 -0.13     0 -1.03  -0.679972  0.0294442 0.00671611  0.00259998 0.000252623  0.00105741   -0.25945  -0.106991 -0.0296846  0.124899 0.0500734   9.80808  37696
             121.968 -0.846486   1.89584   1.15465    1.71567    2.20386 -0.0860696 180.013       0       0 -0.13     0 -1.03  -0.278563 -0.0678846  0.0152927  0.00264078 0.000891902  0.00129186  -0.274973  -0.106283 -0.0288979  0.125139 0.0486904   9.80808  38158
             122.169 -0.811711   1.88275  0.993979    1.65827    2.19768 -0.0799443 180.013       0       0 -0.13     0 -1.03 -0.287958 -0.035564 0.0180816  0.00241518 0.000773233  0.00157628   -0.27514  -0.107062 -0.0311811  0.125242 0.0488058   9.80808  38400
             122.369 -0.868608   1.92262  0.817106    1.57167    2.20379 -0.0705708 180.013       0       0 -0.13     0 -1.03 -0.430607 0.0268436 0.0504484  0.00246849 0.000673141  0.00170798  -0.268758  -0.109914 -0.0317682  0.125473 0.0496066   9.80807  38047
             122.568 -0.78839  1.95568 0.836995    1.45018    2.20808 -0.0640637 180.013       0       0 -0.13     0 -1.03  -0.60972 0.0251611 0.0570093  0.00242007 0.000857097  0.00186369  -0.260111   -0.10996 -0.0291779  0.125411 0.0505914   9.80807  37855
             122.769 -0.732003    2.0088   0.67499    1.36479    2.20201 -0.0374185 180.013       0       0 -0.13     0 -1.03  -0.443329 -0.0343604   0.116658  0.00215696 0.000573803  0.00204552  -0.269195   -0.10763 -0.0329362  0.125155 0.0495286   9.80808  38251
             122.969 -0.596049   2.06336  0.653787     1.3063    2.19078 -0.0218852 180.013       0       0 -0.13     0 -1.03 -0.237372 -0.098185 -0.324156  0.00221922 0.000872143  0.00205145 -0.276497 -0.107522 -0.035448  0.125191 0.0486038   9.80808  37978
             123.167 -0.568739   2.05953  0.556245    1.25297    2.18157 -0.0201004 180.013       0       0 -0.13     0 -1.03  -0.264762 -0.0459961  0.0107591 0.00206327 0.00103724 0.00230949  -0.276176   -0.10781 -0.0380549  0.125285 0.0487048   9.80808  37742
             123.367 -0.542261   2.02609  0.488737    1.20827    2.18271 -0.0222342 180.013       0       0 -0.13     0 -1.03   -0.232488   0.0144617 -0.00345317 0.00202925 0.00116418 0.00224441  -0.277352  -0.109827 -0.0376567  0.125601 0.0485183   9.80808  38062
             123.567 -0.54248  2.03907 0.449345    1.10972    2.19535 -0.0185579 180.013       0       0 -0.13     0 -1.03 -0.473328 0.0572139 0.0403895 0.00206789 0.00114211 0.00236543  -0.263136  -0.111733 -0.0363645  0.125937 0.0509062   9.80806  38147
             123.769 -0.55498  2.00209 0.384757    1.01224    2.19729 -0.0205712 180.013       0       0 -0.13     0 -1.03 -0.482628 0.0132575 0.0246129 0.00189887 0.00102226 0.00247004  -0.263309  -0.109407 -0.0331955  0.125515 0.0508592   9.80807  38427
             123.967 -0.545309   1.99842  0.250565    0.93181    2.19233 -0.0173793 180.013       0       0 -0.13     0 -1.03  -0.398126 -0.0524625 -0.0282738 0.00188781 0.00101874 0.00249457  -0.266936  -0.108541 -0.0327102  0.125349 0.0502304   9.80807  37814
             124.167 -0.551752   2.00124 0.0991673   0.860353    2.19938 -0.0142474 180.013       0       0 -0.13     0 -1.03 -0.358151 0.0402533  0.019906 0.00174166 0.00105908 0.00279144   -0.26712  -0.109317 -0.0329196  0.125491 0.0501946   9.80807  38126
             124.368   -0.559731     1.99562 -0.00397846    0.816213     2.20965 -0.00644669 180.013       0       0 -0.13     0 -1.03 -0.243421  0.050324 0.0371659 0.0017409  0.001347 0.0028373  -0.272163  -0.110192 -0.0324782    0.1256 0.0492232   9.80807  38369
             124.568 -0.547629   1.97917 0.0263927   0.763289    2.20558 -0.0154084 180.013       0       0 -0.13     0 -1.03  -0.269478  -0.014726 -0.0667218 0.00173635 0.00135326 0.00278044  -0.272464  -0.106899 -0.0308919  0.124905 0.0492075   9.80808  38085
             125.168 -0.558137   1.94596 -0.180062   0.522269    2.21497 -0.0248076 180.013       0       0 -0.13     0 -1.03 -0.504049 0.0485347 0.0176474 0.00165549 0.00136749 0.00307043  -0.268271  -0.107523 -0.0307843  0.125105 0.0500567   9.80807  38345
             125.566 -0.716784   1.92953 -0.209338   0.316602    2.21272 -0.0279703 180.013       0       0 -0.13     0 -1.03 -0.645334 -0.102261  0.013335  0.00186119 0.000163097  0.00327777  -0.272184  -0.108257 -0.0275038  0.125279 0.0490887   9.80808  37982
             125.968 -0.444811   1.86736 -0.153433   0.476697    2.12204 -0.0271993 180.013       0       0 -0.13     0 -1.03  0.789418 -0.361565 0.0184355 0.00217362 0.00132743 0.00277086  -0.311561   -0.11869 -0.0296208  0.126401 0.0393863   9.80811  38544
             126.168 -0.510257   1.93943 -0.126213   0.516658    2.05369 -0.0121649 180.013       0       0 -0.13     0 -1.03  0.231251 -0.342446 0.0997776   0.00196561 -0.000870426   0.00287359  -0.295101  -0.115607 -0.0302602   0.12641 0.0437702   9.80809  38232
             126.366  -0.508592    1.93147 0.00859924   0.538416    1.97488 -0.0101469 180.013       0       0 -0.13     0 -1.03  0.111735 -0.429871 0.0505114  0.00205045 -0.00108573  0.00252452  -0.290902  -0.116379 -0.0269289  0.126663 0.0447632   9.80808  37897
             126.566 -0.485105   1.93473  0.214258   0.506844    1.89864 -0.0135577 180.013       0       0 -0.13     0 -1.03  -0.128831  -0.376424 -0.0437711   0.00206414 -0.000642162   0.00224946  -0.277632  -0.117763 -0.0246755  0.127318 0.0476956   9.80806  38358
             126.767 -0.474613   1.92824  0.240976   0.477183    1.81767 -0.0112154 180.013       0       0 -0.13     0 -1.03   -0.12564  -0.402306 -0.0462586   0.00187233 -0.000640956   0.00229501  -0.277075  -0.114275 -0.0255767  0.126619 0.0478706   9.80807  38448
             126.967 -0.879217   1.75981  0.028008   0.457058     1.7728 -0.0417164 180.013       0       0 -0.13     0 -1.03 -0.0816866  0.0398838  -0.608062   0.00181184 -0.000624173   0.00232592  -0.276822  -0.120611 -0.0233159  0.127776 0.0478561   9.80805  38360
             127.366 -0.631514   1.82565  0.152202   0.465354    1.60808 -0.0452894 180.013       0       0 -0.13     0 -1.03  0.0623676  -0.464544 -0.0547742  0.0023899 -1.769e-06 0.00192757  -0.278473   -0.11546 -0.0295607  0.126788 0.0478212   9.80806  38264
             127.567 -0.497269   1.88402  0.196028   0.471849    1.51681 -0.0203419 180.013       0       0 -0.13     0 -1.03 0.0450134 -0.450496   0.24546   0.00232806 -5.38961e-05   0.00171797   -0.2762 -0.115858  -0.03201   0.12694 0.0483764   9.80806  38427
             127.767 -0.550524   1.88905  0.339129    0.445674     1.44624 -0.00531653 180.013       0       0 -0.13     0 -1.03  -0.11396 -0.314492 0.0906161  0.00253828 0.000166417  0.00158649  -0.268808   -0.11821 -0.0284657   0.12753 0.0497049   9.80804  38356
             127.966 -0.816657   1.75981  0.247641   0.402146    1.37886 -0.0288709 180.013       0       0 -0.13     0 -1.03 -0.184714 -0.470304 -0.524417  0.00246026 0.000315952  0.00162945  -0.265005  -0.117924 -0.0238864  0.127626 0.0503118   9.80804  38107
             128.165 -0.695549   1.79171  0.174949    0.41764    1.28924 -0.0292488 180.013       0       0 -0.13     0 -1.03  0.0595878  -0.523324 -0.0643846  0.00206123 0.000758078  0.00152013  -0.267175  -0.118774 -0.0285011  0.127652 0.0500784   9.80804  38442
             128.367 -0.526347   1.86929  0.408545   0.431616    1.18577 -0.0152414 180.013       0       0 -0.13     0 -1.03 0.0740784 -0.485602 0.0124886  0.00184213 0.000935309  0.00113947  -0.266269  -0.119493 -0.0326284  0.127712 0.0503995   9.80804  38679
             128.567 -0.607614   1.83469  0.508015   0.461206    1.10525 -0.0130685 180.013       0       0 -0.13     0 -1.03  0.140626 -0.396268  0.049056  0.00177757 0.000713104 0.000814278   -0.26849  -0.121991 -0.0321734  0.128133 0.0499927   9.80804  38420
             128.765 -0.597167   1.85058  0.614426    0.411979     1.02454 -0.00461104 180.013       0       0 -0.13     0 -1.03 -0.234025 -0.403204  0.105844  0.00167544  0.00124746 0.000812253  -0.250511  -0.121345 -0.0319843  0.128035 0.0528012   9.80802  38354
             129.166 -0.97224  1.84705 0.500388  0.383151   0.88691 0.0300894 180.013       0       0 -0.13     0 -1.03 0.0324281 -0.384341 0.0607279  0.00126569 0.000758293 0.000800442  -0.254295  -0.120279 -0.0301887  0.127951 0.0522173   9.80803  38935
             129.366 -0.761774   1.79253  0.703713   0.402607   0.782023 0.00247663 180.013       0       0 -0.13     0 -1.03   0.17412 -0.534259 -0.165081 -0.000102288  0.000732832  0.000595332  -0.255098  -0.118491 -0.0284595  0.127616 0.0517674   9.80803  38507
             129.565 -0.422998   1.90372  0.680255  0.441241  0.677896 0.0054737 180.013       0       0 -0.13     0 -1.03   0.184966  -0.512981 -0.0132376 -4.26052e-05  0.000540248   0.00043377   -0.25567  -0.118139 -0.0334465  0.127605 0.0520727   9.80803  38037
             129.765 -0.410745   1.92263  0.900238  0.408547  0.589261 0.0140379 180.013       0       0 -0.13     0 -1.03  -0.14824 -0.377292 0.0357622 -3.1834e-07  0.00131817 0.000238431  -0.240999   -0.11756 -0.0386507  0.127318 0.0538518   9.80803  38571
             129.966 -0.325382   1.89502  0.793515   0.372049    0.49587 0.00616681 180.013       0       0 -0.13     0 -1.03  -0.19509 -0.494155 -0.125889 0.000102945  0.00135408 0.000244738  -0.240459  -0.113169 -0.0355071  0.126892 0.0539208   9.80803  39028
             130.166 -0.38114  1.91721 0.696158   0.378036   0.416117 0.00788243 180.013       0       0 -0.13     0 -1.03 0.0147187  -0.38262 0.0419544 0.000166754   0.0017555 0.000362657    -0.2428  -0.114345 -0.0367635  0.127015 0.0536981   9.80803  38640
             130.365 -0.398936   1.91925  0.733461  0.393102  0.334974 0.0233638 180.013       0       0 -0.13     0 -1.03 0.0890579 -0.371958  0.119535 0.000139848  0.00219405 0.000239876  -0.245421  -0.112044 -0.0366757  0.126818 0.0534214   9.80803  38397
             130.766 -0.420847   1.92573    1.1032 0.399256 0.158787 0.027325 180.013       0       0 -0.13     0 -1.03 -0.00704225   -0.414297   0.0980706  0.000247688   0.00215452 -0.000515617  -0.241032  -0.113192 -0.0323488  0.126973 0.0540151   9.80803  38896
             130.966 -0.275739   1.93132  0.875473  0.353999 0.0666024 0.0218357 180.013       0       0 -0.13     0 -1.03  -0.325877  -0.587048 -0.0726992  0.000272003   0.00248255 -0.000459433  -0.235485  -0.111406 -0.0267581  0.126932 0.0547968   9.80803  38868
             131.164 -0.308167   1.90279  0.784579   0.344035 -0.0234412  0.0107722 180.013       0       0 -0.13     0 -1.03 -0.0805572  -0.497221 -0.0741455  0.000527774   0.00276941 -0.000376035 -0.238034 -0.112765   -0.0274  0.127038 0.0546601   9.80803  38718
             131.366 -0.38184  1.87242  0.85023   0.357582  -0.102143 0.00992653 180.013       0       0 -0.13     0 -1.03 0.0698227 -0.411177 -0.128079  0.000238174   0.00302531 -0.000530987  -0.241629  -0.117444 -0.0297085  0.127439 0.0543386   9.80802  39252
             131.766 -0.478071   1.82754    1.2244   0.353075  -0.258148 0.00906762 180.013       0       0 -0.13     0 -1.03 -0.0449513  -0.380495  -0.084061 0.000594652  0.00323317 -0.00132406  -0.23751 -0.124261 -0.042322  0.128045 0.0546694   9.80801  38949
             131.965 -0.478306   1.86529   1.11934  0.324389 -0.344669 0.0112772 180.013       0       0 -0.13     0 -1.03 -0.167011 -0.401406  -0.12357 0.000433315  0.00338971 -0.00131394  -0.235144  -0.122421 -0.0465755  0.127753 0.0549416   9.80801  38881
             132.365 -0.296735    1.9239   1.21369  0.338274 -0.532434 0.0223575 180.013       0       0 -0.13     0 -1.03 0.0191923 -0.378633 0.0978452 0.000576402  0.00346172  -0.0014654  -0.237656  -0.121679 -0.0477733  0.127739 0.0548004   9.80802  38742
             132.564 -0.317288     1.917   1.12211  0.318888  -0.58581 0.0176224 180.013       0       0 -0.13     0 -1.03  -0.150545  -0.197558 0.00734955 0.000733356  0.00339793  -0.0012928  -0.234341  -0.123689 -0.0417064   0.12798 0.0551784   9.80801  38424
             132.765 -0.271227    1.9286   1.08872  0.304423 -0.618419 0.0145752 180.013       0       0 -0.13     0 -1.03  -0.170781  -0.112258 0.00435333 0.000449404  0.00291093 -0.00134212  -0.241065  -0.120654 -0.0399511  0.128001 0.0548539   9.80801  39004
             132.965 -0.285722   1.92263   1.24919   0.325158  -0.610934 0.00659758 180.013       0       0 -0.13     0 -1.03  0.188259  0.135725 -0.104484 0.000557921  0.00275942 -0.00142456  -0.252457  -0.126117 -0.0386654  0.128491 0.0543754   9.80801  38713
             133.365 -0.231387   1.93414   1.43499   0.520056  -0.610517 0.00466288 180.013       0       0 -0.13     0 -1.03  0.409261 0.0146122 0.0197372 0.000573848  0.00272324  -0.0019981  -0.256728  -0.124817 -0.0395358 0.128488 0.054093  9.80801  38701
             133.565 -0.268858   1.97362   1.65962  0.600314 -0.613664 0.0103368 180.013       0       0 -0.13     0 -1.03   0.356997 -0.0123162  0.0459446 0.000583901  0.00280633 -0.00228568  -0.258187  -0.123474 -0.0397958  0.128444 0.0539951   9.80801  38942
             133.765 -0.298471   1.96815   1.89355  0.702895 -0.598611 0.0214081 180.013       0       0 -0.13     0 -1.03   0.49658 0.0665548 0.0296506 0.000886042  0.00234437 -0.00268148  -0.265898  -0.126621 -0.0412905  0.128653 0.0538149   9.80801  39041
             133.965 -0.333546   1.93686   2.07565  0.810048 -0.591082 0.0202703 180.013       0       0 -0.13     0 -1.03  0.531921 0.0436306  0.160958 0.000826701   0.0021995 -0.00270629  -0.267906  -0.125126 -0.0380928  0.128663 0.0538884   9.80801  38888
             134.165 -0.307327   1.95756   2.16084  0.902503  -0.60838 0.0172878 180.013       0       0 -0.13     0 -1.03   0.478651 -0.0584936  0.0259735 0.000868653  0.00202935 -0.00281929  -0.267086  -0.124144 -0.0366959  0.128714 0.0538701   9.80801  38740
             134.365 -0.32811  1.99777  2.22755  0.991403 -0.608428 0.0129204 180.013       0       0 -0.13     0 -1.03    0.430507 -0.00598665  -0.0169293 0.000870776  0.00161486 -0.00303366  -0.266747  -0.127436 -0.0360875  0.128554 0.0539052   9.80801  38828
             134.565 -0.261688    1.9946   2.26204   1.08087 -0.593581 0.0033229 180.013       0       0 -0.13     0 -1.03   0.436376  0.0993884 -0.0167003  0.00105842  0.00151277 -0.00316303  -0.267099  -0.130326 -0.0346315  0.128437 0.0539886   9.80801  39074
             134.964 -0.320111   2.05244   2.61124   1.30573  -0.59468 0.0170695 180.013       0       0 -0.13     0 -1.03   0.625945 -0.0307028   0.024011 0.000681951  0.00119559 -0.00368367 -0.273723 -0.126783 -0.039636 0.128713 0.054225  9.80801  38917
             135.164 -0.312773   2.03567   2.75584   1.39005 -0.591973 0.0127508 180.013       0       0 -0.13     0 -1.03  0.439592 0.0202856 0.0236151 0.000609186 0.000676031 -0.00385662  -0.269424  -0.128503 -0.0357205  0.128481 0.0539862   9.80801  38899
             135.364 -0.295177   2.06919   2.84218    1.47348  -0.598835 0.00761265 180.013       0       0 -0.13     0 -1.03   0.410875 -0.0138145 0.00474226 0.000574401 0.000528527 -0.00395666  -0.268691  -0.125643 -0.0325114  0.12874 0.053941  9.80801  38977
             135.564 -0.2726 2.10218 2.88139   1.57191 -0.592982 0.0102311 180.013       0       0 -0.13     0 -1.03  0.460231 0.0270622 0.0116232 0.000809763 0.000368765 -0.00406804  -0.274261  -0.127443 -0.0319551  0.128529 0.0545783   9.80801  39104
             135.764 -0.322659    2.0966   3.02642    1.67577  -0.588166 0.00589399 180.013       0       0 -0.13     0 -1.03   0.516106   0.042386 -0.0029584 0.000779827 0.000178957  -0.0042533  -0.277107  -0.126123 -0.0275865  0.128581 0.0550252     9.808  38787
             135.964 -0.282205   2.08038   3.05775    1.78559  -0.584337 0.00477707 180.013       0       0 -0.13     0 -1.03   0.603893 -0.0793163  0.0553623 0.000816413 0.000107209 -0.00426281 -0.278102 -0.125758 -0.027077 0.128608  0.05516    9.808  38582
             136.164 -0.347399   2.08482   3.27096    1.86488  -0.585305 0.00256535 180.013       0       0 -0.13     0 -1.03   0.391068 0.00438357 -0.0054617  0.000585533 -0.000297333  -0.00457616  -0.276821  -0.126419 -0.0266512  0.128518 0.0549772     9.808  38575
             136.364 -0.310725   2.12873   3.21544     1.94458   -0.583659 -0.00188531 180.013       0       0 -0.13     0 -1.03   0.391254 0.00195334 -0.0324429  0.000676639 -0.000322449  -0.00442663  -0.277033   -0.12649 -0.0262495  0.128505 0.0550106     9.808  38696
             136.564 -0.328877   2.14369    3.3828     2.04455    -0.58128 -0.00320514 180.013       0       0 -0.13     0 -1.03   0.481956 0.00976608 -0.0280692  0.000579269 -0.000420399   -0.0047382  -0.282526  -0.125119 -0.0288685  0.128659 0.0558578     9.808  38769
             136.764 -0.316474   2.17597   3.57766    2.14801  -0.575982 0.00345852 180.013       0       0 -0.13     0 -1.03  0.515439 0.0309477  0.042369 0.000643123 -0.00026613 -0.00502065  -0.283217  -0.124937 -0.0296839  0.128691 0.0559593     9.808  38758
             137.164 -0.340498    2.1579   3.72427     2.34789   -0.572316 -0.00889017 180.013       0       0 -0.13     0 -1.03    0.48435 0.00760751 -0.0962938   0.00045904 -0.000337763  -0.00501951  -0.283351   -0.12434 -0.0324792  0.128879 0.0560004   9.80799  38664
             137.364 -0.366413   2.17024   3.80409    2.44428  -0.565335 -0.0102481 180.013       0       0 -0.13     0 -1.03   0.468225  0.0378655 -0.0192619  0.000548643 -0.000258976  -0.00515442  -0.282986  -0.124578 -0.0340538  0.128866 0.0559528   9.80799  38672
             137.564 -0.313748    2.1944     4.036    2.55382  -0.564774 -0.0117616 180.013       0       0 -0.13     0 -1.03    0.545507 -0.00212815  -0.0551188  0.000284044 -0.000641588  -0.00553698   -0.28537  -0.122241 -0.0358143 0.129264 0.056513  9.80799  38520
             137.764 -0.313427   2.22103   4.20183    2.64405   -0.55618 -0.0124136 180.013       0       0 -0.13     0 -1.03   0.453431  0.0560969 -0.0109595 0.000174312 0.000111544 -0.00563519  -0.281231  -0.124618 -0.0366996 0.128963 0.055595  9.80799  38491
             137.963 -0.275898   2.17482   4.27502     2.7388   -0.55439 -0.0109513 180.013       0       0 -0.13     0 -1.03   0.457649 -0.0928155  -0.110494 5.11346e-05 1.54507e-05 -0.00565243  -0.281308  -0.123064 -0.0373634  0.129335 0.0557084   9.80799  38692
             138.163 -0.308552   2.25264   4.32251     2.83412   -0.557153 -0.00755774 180.013       0       0 -0.13     0 -1.03    0.48514 -0.0133891  0.0386814 4.46039e-05 7.93589e-05 -0.00575731  -0.281566  -0.123749 -0.0381343  0.129186 0.0557296   9.80799  38750
             138.363 -0.320548   2.25052   4.37603    2.90686  -0.549421 -0.0142665 180.013       0       0 -0.13     0 -1.03   0.431821  0.0534689 -0.0288933 -6.33262e-05  3.52277e-06   -0.0056991   -0.27745  -0.127708 -0.0362146  0.128443 0.0545526   9.80801  38829
             138.563 -0.312972   2.23183   4.42939    3.00434  -0.546777 -0.0177612 180.013       0       0 -0.13     0 -1.03    0.63849  0.0282373 -0.0187942 -7.64502e-05  0.000553051  -0.00569422  -0.274674  -0.125246 -0.0364334  0.129206 0.0540378     9.808  38934
             138.763 -0.391381   2.16145   4.13383    3.06777  -0.521503 -0.0573432 180.013       0       0 -0.13     0 -1.03  0.356519  0.151108 -0.181269 0.000408436  0.00164171 -0.00532605  -0.257625  -0.135735 -0.0282883   0.12738 0.0492368   9.80805  38798
             138.963 -0.514229    2.1931   4.21902    2.99098  -0.521629 -0.0396986 180.013       0       0 -0.13     0 -1.03  -0.813382 -0.0357782   0.236116 0.000155941  0.00429889 -0.00533115 -0.227276 -0.139893 -0.037902  0.128558 0.0416448   9.80807  38319
             139.163 -0.357819   2.26233   4.27971    2.96502  -0.548098 -0.0163062 180.013       0       0 -0.13     0 -1.03 -0.150698 -0.130544  0.121666 0.000199443   0.0048695 -0.00530794  -0.231786  -0.138073 -0.0373467  0.128742 0.0426266   9.80806  38004
             139.363 -0.36797  2.28509   4.2573     2.95171   -0.548996 -0.00549163 180.013       0       0 -0.13     0 -1.03 -0.0952951 -0.0125382  0.0726953 0.000136031   0.0048195 -0.00524066  -0.236644  -0.141925 -0.0353709  0.127666 0.0434331   9.80807  37406
             139.563 -0.393387   2.27025   4.25851     2.95435   -0.539396 -0.00843655 180.013       0       0 -0.13     0 -1.03 -0.00530991   0.0489308  0.00542087 0.000248037  0.00454038 -0.00520996  -0.243872  -0.143026 -0.0313232  0.127005 0.0448806   9.80808  36664
             139.764 -0.375183   2.26963   4.25604    2.96881  -0.538128 -0.0161283 180.013       0       0 -0.13     0 -1.03  0.0543218  0.0123553 -0.0258523 6.54073e-05  0.00423971 -0.00516565 -0.247764 -0.139144 -0.029049  0.127609 0.0458817   9.80806  36186
             139.963 -0.350233   2.27528   4.23845   2.97167  -0.54448 -0.013417 180.013       0       0 -0.13     0 -1.03 -0.0243069 -0.0593209   0.037755 4.21438e-05  0.00425761 -0.00515922 -0.245681 -0.137708 -0.030578  0.128052 0.0455203   9.80806  35753
             140.163 -0.361252   2.26538   4.25724    2.96731  -0.543428 -0.0143691 180.013       0       0 -0.13     0 -1.03 -0.0341462 0.00730008  0.0022486 2.22924e-05  0.00421357  -0.0051323 -0.245925 -0.138101 -0.030268  0.127952 0.0455515   9.80806  36254
             140.363 -0.375075     2.287   4.28371     2.95997   -0.540694 -0.00942477 180.013       0       0 -0.13     0 -1.03 -0.0497869  0.0170446  0.0219198 3.79138e-05  0.00413599 -0.00511736  -0.246108  -0.138091 -0.0307572  0.127958 0.0455939   9.80806  36441
             140.564 -0.376097    2.2641   4.25685    2.95759  -0.539076 -0.0125002 180.013       0       0 -0.13     0 -1.03  -0.0260187   0.0121835 -0.00309719 2.26975e-05  0.00407105 -0.00504495  -0.248686    -0.1365 -0.0289121 0.128136 0.046192  9.80805  36858
             140.764 -0.380739   2.26584   4.26247    2.96129   -0.53754 -0.0147304 180.013       0       0 -0.13     0 -1.03  0.00617268   0.0105712 -0.00710539 -1.90678e-05   0.00387091  -0.00502212  -0.251183  -0.135311 -0.0284603 0.128264 0.046768  9.80805  36671
             141.162 -0.376406   2.26176   4.26094     2.9674  -0.542504 -0.0151741 180.013       0       0 -0.13     0 -1.03  0.0073589 -0.0218614 0.00602105 -0.000188201   0.00373024    -0.005012  -0.251508  -0.134605 -0.0285431    0.1284 0.0468692   9.80805  36636
             141.364 -0.368485   2.27773   4.26367    2.96341  -0.540973 -0.0111905 180.013       0       0 -0.13     0 -1.03 -0.0309169  0.0120372  0.0215827 0.000107161  0.00385777 -0.00497863  -0.251272  -0.135306 -0.0287242  0.128269 0.0467912   9.80805  37009
             141.563 -0.370113   2.27218   4.25082    2.96476  -0.541689 -0.0106105 180.013       0       0 -0.13     0 -1.03 -0.00680348 0.000698276  0.00941813 -4.2873e-05  0.00351309 -0.00493726  -0.253051    -0.1338 -0.0280001  0.128486 0.0472109   9.80804  36690
             141.762 -0.354723   2.27493   4.26881     2.96733    -0.54169 -0.00812907 180.013       0       0 -0.13     0 -1.03 -9.23581e-05   0.00390807    0.0148309 -7.34222e-05   0.00337933  -0.00491504  -0.254429  -0.133087 -0.0280464  0.128575 0.0475196   9.80804  36435
             141.962 -0.368384   2.27522   4.26893   2.96548 -0.543152 -0.011066 180.013       0       0 -0.13     0 -1.03   -0.026887 -0.00876279  -0.0209652 -7.2564e-05  0.00338264 -0.00491143  -0.254144  -0.132598 -0.0266782 0.128654 0.047472  9.80804  36669
             142.163 -0.370532   2.26618   4.26878    2.96752  -0.544426 -0.0148986 180.013       0       0 -0.13     0 -1.03 -0.00136289 -0.00261456  -0.0166458 -6.22692e-05   0.00337175  -0.00486481  -0.254457  -0.132518 -0.0266995  0.128658 0.0475372   9.80804  36966
             142.363 -0.38293  2.25767    4.258      2.969  -0.540622 -0.0166531 180.013       0       0 -0.13     0 -1.03 -0.00536562   0.0211927 -0.00806201 -5.38727e-05   0.00334223  -0.00481246  -0.255239  -0.133067 -0.0268037  0.128523 0.0476693   9.80804  36837
             142.562 -0.373174    2.2566   4.28951     2.9712  -0.540498 -0.0182921 180.013       0       0 -0.13     0 -1.03 0.000763162  0.00378115 -0.00527399 -0.000135288   0.00324538  -0.00480986  -0.256127  -0.131482 -0.0267007  0.128798 0.0479052   9.80804  36619
             142.762 -0.364096   2.26948   4.34183    2.96767  -0.542295 -0.0145673 180.013       0       0 -0.13     0 -1.03  -0.0268983 -0.00443367   0.0168333 -0.000217532   0.00325273  -0.00482693  -0.255423  -0.130858 -0.0276725  0.128966 0.0477994   9.80804  36912
             143.163 -0.367105   2.25285   4.24593    2.96437  -0.543142 -0.0172103 180.013       0       0 -0.13     0 -1.03 -0.00923779   0.0038695  -0.0137512 -0.000251224   0.00306425  -0.00479838  -0.256184  -0.130572 -0.0272366  0.128983 0.0479597   9.80803  36582
             143.362 -0.383997   2.25893   4.25824    2.96203    -0.5385 -0.0154089 180.013       0       0 -0.13     0 -1.03 -0.0226706  0.0262973 0.00427348 -6.57535e-05   0.00297906  -0.00477301  -0.256322  -0.130884 -0.0276873  0.128926 0.0479768   9.80804  37652
             143.562 -0.387988   2.25589   4.25094    2.96604  -0.537207 -0.0167894 180.013       0       0 -0.13     0 -1.03   0.0109733  0.00859091 -0.00275742 -0.00022424  0.00265438  -0.0047499  -0.258052   -0.12936 -0.0271971  0.129143 0.0483547   9.80803  38104
             143.763 -0.371141   2.26636   4.25871    2.96803  -0.537712 -0.0153299 180.013       0       0 -0.13     0 -1.03 -0.000312894   0.00178108   0.00814509 -0.00031417  0.00258259 -0.00472636  -0.258179  -0.128624 -0.0275139  0.129282 0.0484074   9.80803  38189
