0.600118 -0.000025 -0.000002 -0.000001 -0.005344 0.004997 0.000200 0.000000 0.000000 0.000000 -0.003121 0.001976 0.000127 0.000000 0.000000 0.000000 0.000163 -0.000257 -0.001435 0.000000 -0.000000 -0.000000 0.086700 0.067977 9.808381 
0.800012 -0.000030 -0.000011 0.000020 -0.006850 0.004738 -0.000044 0.000000 0.000000 0.000000 -0.008110 -0.001119 -0.001276 0.000000 0.000000 0.000000 0.000165 -0.000256 -0.001438 0.000003 0.000002 0.000001 0.086698 0.067976 9.808381 
1.201384 -0.000008 -0.000029 0.000080 -0.010762 -0.000190 0.000162 0.000000 0.000000 0.000000 -0.010494 -0.016729 0.000756 0.000000 0.000000 0.000000 0.000078 -0.000250 -0.001447 0.000303 0.004795 -0.001709 0.086395 0.063356 9.808415 
1.600084 -0.000018 -0.000045 0.000248 -0.016076 0.003227 -0.000166 0.000000 0.000000 0.000000 -0.014869 0.016653 -0.001417 0.000000 0.000000 0.000000 0.000159 -0.000243 -0.001468 0.001050 -0.003926 -0.000489 0.085686 0.071743 9.808363 
1.801363 -0.000021 -0.000054 0.000382 -0.015954 0.002749 -0.000294 0.000000 0.000000 0.000000 0.000311 -0.002381 -0.000324 0.000000 0.000000 0.000000 0.000172 -0.000234 -0.001480 -0.003133 0.001584 -0.000990 0.089697 0.066447 9.808365 
2.001451 -0.000018 -0.000043 0.000171 -0.013698 0.000534 -0.000444 0.000000 0.000000 0.000000 0.011347 -0.011514 -0.000502 0.000000 0.000000 0.000000 0.000174 -0.000233 -0.001464 -0.006157 0.004241 -0.000741 0.092605 0.063900 9.808355 
2.400060 -0.000014 -0.000055 0.000131 -0.017998 0.000715 -0.000384 0.000000 0.000000 0.000000 -0.017501 0.004471 0.000189 0.000000 0.000000 0.000000 0.000149 -0.000267 -0.001461 0.000577 0.000471 -0.001152 0.086140 0.067512 9.808389 
2.601466 -0.000013 -0.000059 0.000350 -0.018797 0.000267 -0.000361 0.000000 0.000000 0.000000 -0.005249 -0.002664 -0.000059 0.000000 0.000000 0.000000 0.000158 -0.000252 -0.001478 -0.001747 0.001606 -0.001230 0.088365 0.066423 9.808377 
3.000101 -0.000014 -0.000058 -0.000004 -0.018794 -0.000201 -0.000296 0.000000 0.000000 0.000000 0.001906 -0.000904 0.000467 0.000000 0.000000 0.000000 0.000158 -0.000257 -0.001451 -0.002749 0.001244 -0.001173 0.089325 0.066771 9.808366 
3.200163 -0.000013 -0.000051 0.000088 -0.017095 -0.000130 -0.000154 0.000000 0.000000 0.000000 0.008478 0.000044 0.000541 0.000000 0.000000 0.000000 0.000160 -0.000259 -0.001459 -0.003620 0.001082 -0.001306 0.090157 0.066925 9.808357 
3.401539 -0.000012 -0.000068 0.000446 -0.019978 0.001375 -0.000360 0.000000 0.000000 0.000000 -0.012408 0.007772 -0.000985 0.000000 0.000000 0.000000 0.000152 -0.000278 -0.001490 0.000383 -0.000428 -0.000706 0.086336 0.068373 9.808382 
3.601498 -0.000021 -0.000044 0.000113 -0.017349 -0.001365 -0.000440 0.000000 0.000000 0.000000 0.011126 -0.013454 -0.000315 0.000000 0.000000 0.000000 0.000185 -0.000249 -0.001467 -0.004213 0.003659 -0.000873 0.090728 0.064469 9.808369 
3.800227 -0.000010 -0.000053 -0.000120 -0.017210 -0.001860 -0.000501 0.000000 0.000000 0.000000 0.001896 -0.003447 -0.000399 0.000000 0.000000 0.000000 0.000174 -0.000258 -0.001450 -0.002396 0.001696 -0.000881 0.088991 0.066341 9.808372 
4.000180 -0.000011 -0.000054 0.000085 -0.018689 -0.002359 -0.000507 0.000000 0.000000 0.000000 -0.006238 -0.002527 -0.000009 0.000000 0.000000 0.000000 0.000174 -0.000263 -0.001468 -0.000928 0.001485 -0.001013 0.087590 0.066543 9.808383 
4.201553 -0.000017 -0.000053 0.000252 -0.018333 -0.000869 -0.000406 0.000000 0.000000 0.000000 0.001150 0.006744 0.000512 0.000000 0.000000 0.000000 0.000178 -0.000265 -0.001482 -0.002000 0.000072 -0.001208 0.088611 0.067887 9.808365 
4.401504 -0.000025 -0.000049 0.000204 -0.017199 0.000426 -0.000546 0.000000 0.000000 0.000000 0.005237 0.006663 -0.000888 0.000000 0.000000 0.000000 0.000179 -0.000264 -0.001479 -0.002598 0.000110 -0.000914 0.089183 0.067852 9.808360 
5.201694 -0.000017 -0.000060 0.000243 -0.020038 -0.001924 -0.000408 0.000000 0.000000 0.000000 -0.009641 -0.009834 -0.000226 0.000000 0.000000 0.000000 0.000188 -0.000273 -0.001487 -0.001936 0.000712 -0.001355 0.088551 0.067277 9.808370 
5.400253 -0.000024 -0.000050 0.000144 -0.018970 -0.000618 -0.000454 0.000000 0.000000 0.000000 0.005002 0.006466 -0.000582 0.000000 0.000000 0.000000 0.000193 -0.000276 -0.001483 -0.002305 0.000269 -0.001420 0.088897 0.067694 9.808364 
5.801607 -0.000017 -0.000058 0.000220 -0.020889 -0.001525 -0.000134 0.000000 0.000000 0.000000 -0.007387 -0.005055 0.001058 0.000000 0.000000 0.000000 0.000202 -0.000283 -0.001491 -0.001232 0.001265 -0.001818 0.087880 0.066749 9.808379 
6.001657 -0.000022 -0.000062 0.000243 -0.020592 -0.001057 -0.000261 0.000000 0.000000 0.000000 0.000991 0.001912 -0.001415 0.000000 0.000000 0.000000 0.000197 -0.000277 -0.001494 -0.001962 0.000650 -0.001542 0.088571 0.067332 9.808369 
6.201647 -0.000022 -0.000064 0.000231 -0.021426 -0.002320 -0.000153 0.000000 0.000000 0.000000 -0.003358 -0.006057 0.000703 0.000000 0.000000 0.000000 0.000201 -0.000281 -0.001496 -0.001459 0.001498 -0.001862 0.088094 0.066530 9.808379 
6.400413 -0.000016 -0.000057 0.000143 -0.021165 -0.002537 -0.000376 0.000000 0.000000 0.000000 0.001021 -0.001599 -0.001246 0.000000 0.000000 0.000000 0.000194 -0.000275 -0.001492 -0.001936 0.000905 -0.001553 0.088546 0.067091 9.808371 
6.601655 -0.000015 -0.000064 0.000240 -0.023181 -0.001176 -0.000338 0.000000 0.000000 0.000000 -0.009011 0.006483 0.000259 0.000000 0.000000 0.000000 0.000178 -0.000292 -0.001497 -0.000775 -0.000007 -0.001771 0.087452 0.067947 9.808375 
6.801646 -0.000025 -0.000067 0.000273 -0.023828 0.000662 -0.000170 0.000000 0.000000 0.000000 -0.003811 0.008955 0.000925 0.000000 0.000000 0.000000 0.000174 -0.000283 -0.001499 -0.001350 -0.000268 -0.001856 0.087991 0.068191 9.808368 
7.001658 -0.000023 -0.000067 0.000251 -0.023789 -0.000172 -0.000113 0.000000 0.000000 0.000000 0.000173 -0.003745 0.000417 0.000000 0.000000 0.000000 0.000181 -0.000281 -0.001499 -0.001740 0.000978 -0.001767 0.088359 0.067024 9.808373 
7.401666 -0.000019 -0.000064 0.000327 -0.023135 -0.000499 -0.000297 0.000000 0.000000 0.000000 0.002115 -0.000144 -0.000983 0.000000 0.000000 0.000000 0.000186 -0.000282 -0.001503 -0.001823 0.000685 -0.001589 0.088438 0.067300 9.808370 
7.601697 -0.000021 -0.000060 0.000223 -0.022199 0.000912 -0.000193 0.000000 0.000000 0.000000 0.004447 0.006935 0.000797 0.000000 0.000000 0.000000 0.000186 -0.000280 -0.001498 -0.001945 0.000277 -0.001790 0.088550 0.067679 9.808367 
7.801738 -0.000021 -0.000061 0.000133 -0.021354 -0.000457 -0.000345 0.000000 0.000000 0.000000 0.004292 -0.005983 -0.000791 0.000000 0.000000 0.000000 0.000204 -0.000278 -0.001492 -0.001970 0.001389 -0.001532 0.088577 0.066644 9.808374 
8.001668 -0.000022 -0.000060 0.000185 -0.021255 0.000199 -0.000467 0.000000 0.000000 0.000000 0.000480 0.002889 -0.000730 0.000000 0.000000 0.000000 0.000207 -0.000274 -0.001495 -0.001667 0.000618 -0.001562 0.088294 0.067362 9.808371 
8.201758 -0.000022 -0.000054 0.000101 -0.020953 -0.000750 -0.000194 0.000000 0.000000 0.000000 0.001678 -0.004382 0.001408 0.000000 0.000000 0.000000 0.000197 -0.000275 -0.001491 -0.001750 0.001185 -0.001849 0.088368 0.066833 9.808374 
8.401709 -0.000023 -0.000056 0.000135 -0.021135 0.000832 -0.000338 0.000000 0.000000 0.000000 -0.000725 0.006911 -0.001257 0.000000 0.000000 0.000000 0.000185 -0.000276 -0.001494 -0.001515 0.000188 -0.001608 0.088153 0.067759 9.808370 
8.601763 -0.000018 -0.000054 0.000101 -0.020067 -0.001187 -0.000457 0.000000 0.000000 0.000000 0.005359 -0.009367 -0.000535 0.000000 0.000000 0.000000 0.000213 -0.000265 -0.001493 -0.001990 0.001540 -0.001696 0.088592 0.066507 9.808374 
8.801790 -0.000021 -0.000052 0.000110 -0.019689 -0.000424 -0.000478 0.000000 0.000000 0.000000 0.002075 0.002952 -0.000368 0.000000 0.000000 0.000000 0.000193 -0.000271 -0.001495 -0.001704 0.000519 -0.001727 0.088327 0.067450 9.808370 
9.001730 -0.000017 -0.000053 -0.000088 -0.020019 -0.000995 -0.000380 0.000000 0.000000 0.000000 -0.001179 -0.002684 0.000597 0.000000 0.000000 0.000000 0.000189 -0.000267 -0.001486 -0.001479 0.000895 -0.001845 0.088118 0.067103 9.808375 
9.201824 -0.000018 -0.000056 -0.000004 -0.021379 -0.002265 -0.000387 0.000000 0.000000 0.000000 -0.006415 -0.005707 -0.000178 0.000000 0.000000 0.000000 0.000184 -0.000261 -0.001493 -0.001148 0.001130 -0.001812 0.087814 0.066887 9.808379 
9.601772 -0.000021 -0.000053 0.000039 -0.020670 -0.000984 -0.000577 0.000000 0.000000 0.000000 0.004272 0.006029 -0.000731 0.000000 0.000000 0.000000 0.000196 -0.000269 -0.001498 -0.001694 0.000528 -0.001774 0.088316 0.067438 9.808371 
9.801836 -0.000016 -0.000057 0.000085 -0.021805 -0.001811 -0.000354 0.000000 0.000000 0.000000 -0.004604 -0.003386 0.001379 0.000000 0.000000 0.000000 0.000194 -0.000269 -0.001502 -0.001290 0.000960 -0.001987 0.087945 0.067043 9.808377 
10.001811 -0.000017 -0.000059 0.000031 -0.021701 -0.001094 -0.000331 0.000000 0.000000 0.000000 -0.000156 0.002991 0.000001 0.000000 0.000000 0.000000 0.000193 -0.000268 -0.001501 -0.001561 0.000551 -0.001859 0.088194 0.067417 9.808372 
10.201916 -0.000020 -0.000060 0.000245 -0.023272 -0.000347 -0.000396 0.000000 0.000000 0.000000 -0.006931 0.003629 -0.000469 0.000000 0.000000 0.000000 0.000194 -0.000269 -0.001512 -0.001071 0.000481 -0.001810 0.087748 0.067481 9.808375 
10.401827 -0.000015 -0.000064 0.000080 -0.023605 -0.002327 -0.000279 0.000000 0.000000 0.000000 -0.001762 -0.009761 0.001070 0.000000 0.000000 0.000000 0.000183 -0.000272 -0.001505 -0.001379 0.001281 -0.001917 0.088027 0.066755 9.808378 
10.601859 -0.000013 -0.000051 -0.000029 -0.020882 -0.002299 -0.000286 0.000000 0.000000 0.000000 0.011687 -0.000750 -0.000244 0.000000 0.000000 0.000000 0.000203 -0.000300 -0.001499 -0.002173 0.000752 -0.001802 0.088747 0.067235 9.808368 
10.801912 -0.000014 -0.000061 0.000120 -0.022684 -0.001596 -0.000338 0.000000 0.000000 0.000000 -0.006855 0.003549 -0.000017 0.000000 0.000000 0.000000 0.000204 -0.000289 -0.001510 -0.001026 0.000460 -0.001810 0.087711 0.067499 9.808376 
11.201985 -0.000014 -0.000063 0.000126 -0.022263 -0.001489 -0.000657 0.000000 0.000000 0.000000 0.003624 -0.001382 -0.000678 0.000000 0.000000 0.000000 0.000191 -0.000315 -0.001516 -0.001439 0.000625 -0.001713 0.088083 0.067350 9.808373 
11.400663 -0.000011 -0.000060 -0.000202 -0.022621 -0.001879 -0.000287 0.000000 0.000000 0.000000 -0.000957 -0.001930 0.002178 0.000000 0.000000 0.000000 0.000189 -0.000303 -0.001500 -0.001249 0.000645 -0.001997 0.087911 0.067331 9.808375 
11.602020 -0.000014 -0.000062 0.000020 -0.022455 -0.002069 -0.000390 0.000000 0.000000 0.000000 0.000750 -0.001185 -0.000737 0.000000 0.000000 0.000000 0.000189 -0.000302 -0.001513 -0.001333 0.000594 -0.001761 0.087988 0.067378 9.808374 
11.802069 -0.000012 -0.000061 0.000125 -0.022869 -0.002515 -0.000179 0.000000 0.000000 0.000000 -0.001722 -0.002111 0.000954 0.000000 0.000000 0.000000 0.000191 -0.000305 -0.001519 -0.001185 0.000637 -0.001942 0.087855 0.067339 9.808375 
12.002046 -0.000013 -0.000064 0.000054 -0.023938 -0.002501 -0.000279 0.000000 0.000000 0.000000 -0.005197 0.000171 -0.001059 0.000000 0.000000 0.000000 0.000193 -0.000302 -0.001516 -0.001005 0.000528 -0.001828 0.087695 0.067437 9.808376 
12.202049 -0.000012 -0.000062 -0.000057 -0.022938 -0.003021 -0.000408 0.000000 0.000000 0.000000 0.004017 -0.002578 -0.000825 0.000000 0.000000 0.000000 0.000189 -0.000312 -0.001510 -0.001499 0.000675 -0.001891 0.088133 0.067306 9.808373 
12.402079 -0.000009 -0.000068 0.000080 -0.023995 -0.003497 -0.000546 0.000000 0.000000 0.000000 -0.004081 -0.002367 -0.000801 0.000000 0.000000 0.000000 0.000188 -0.000317 -0.001519 -0.001027 0.000640 -0.001931 0.087715 0.067337 9.808377 
12.603309 -0.000008 -0.000062 0.000280 -0.023955 -0.003694 -0.000450 0.000000 0.000000 0.000000 -0.000274 -0.001132 0.000429 0.000000 0.000000 0.000000 0.000187 -0.000315 -0.001529 -0.001233 0.000567 -0.002075 0.087895 0.067400 9.808375 
12.803341 -0.000015 -0.000065 0.000010 -0.024461 -0.003555 -0.000081 0.000000 0.000000 0.000000 -0.002303 0.000603 0.001797 0.000000 0.000000 0.000000 0.000187 -0.000315 -0.001516 -0.001125 0.000470 -0.002215 0.087800 0.067485 9.808375 
13.002203 -0.000013 -0.000060 -0.000065 -0.022526 -0.002931 -0.000491 0.000000 0.000000 0.000000 0.009250 0.002882 -0.002959 0.000000 0.000000 0.000000 0.000189 -0.000324 -0.001513 -0.001624 0.000367 -0.001959 0.088240 0.067577 9.808370 
13.202227 -0.000014 -0.000061 0.000055 -0.021318 -0.001449 -0.000558 0.000000 0.000000 0.000000 0.006600 0.007126 -0.000252 0.000000 0.000000 0.000000 0.000197 -0.000317 -0.001521 -0.001492 0.000174 -0.002153 0.088123 0.067744 9.808370 
13.603395 -0.000018 -0.000061 0.000096 -0.024134 -0.002392 0.000043 0.000000 0.000000 0.000000 -0.011451 -0.005747 0.001929 0.000000 0.000000 0.000000 0.000209 -0.000327 -0.001524 -0.000831 0.000637 -0.002292 0.087546 0.067341 9.808378 
13.802339 -0.000017 -0.000057 0.000064 -0.022499 -0.002144 -0.000174 0.000000 0.000000 0.000000 0.006519 0.000705 -0.001177 0.000000 0.000000 0.000000 0.000204 -0.000317 -0.001521 -0.001408 0.000432 -0.002054 0.088047 0.067520 9.808372 
14.002307 -0.000011 -0.000055 0.000016 -0.021260 -0.003085 -0.000336 0.000000 0.000000 0.000000 0.006297 -0.004470 -0.000558 0.000000 0.000000 0.000000 0.000197 -0.000316 -0.001519 -0.001411 0.000644 -0.002067 0.088050 0.067337 9.808374 
14.202250 -0.000015 -0.000055 0.000113 -0.019939 -0.002327 -0.000219 0.000000 0.000000 0.000000 0.006323 0.003045 0.000533 0.000000 0.000000 0.000000 0.000215 -0.000316 -0.001524 -0.001413 0.000290 -0.002182 0.088051 0.067642 9.808372 
14.602116 -0.000013 -0.000052 -0.000086 -0.019687 -0.001999 -0.000440 0.000000 0.000000 0.000000 -0.001146 0.000022 -0.000530 0.000000 0.000000 0.000000 0.000213 -0.000317 -0.001516 -0.001153 0.000364 -0.002026 0.087829 0.067579 9.808374 
14.802127 -0.000012 -0.000062 0.000118 -0.022864 -0.003474 -0.000109 0.000000 0.000000 0.000000 -0.014780 -0.006824 0.001687 0.000000 0.000000 0.000000 0.000224 -0.000333 -0.001526 -0.000736 0.000584 -0.002209 0.087473 0.067391 9.808378 
15.002118 -0.000013 -0.000057 0.000204 -0.021518 -0.003160 -0.000115 0.000000 0.000000 0.000000 0.005076 0.000937 -0.000211 0.000000 0.000000 0.000000 0.000226 -0.000341 -0.001530 -0.001460 0.000297 -0.002104 0.088088 0.067634 9.808371 
15.203425 -0.000015 -0.000057 0.000259 -0.021074 -0.002754 -0.000281 0.000000 0.000000 0.000000 0.002174 0.002224 -0.000631 0.000000 0.000000 0.000000 0.000228 -0.000333 -0.001533 -0.001367 0.000256 -0.002043 0.088010 0.067670 9.808372 
15.602217 -0.000011 -0.000057 0.000096 -0.021436 -0.002935 -0.000111 0.000000 0.000000 0.000000 -0.001585 -0.001423 0.000574 0.000000 0.000000 0.000000 0.000224 -0.000331 -0.001525 -0.001245 0.000366 -0.002155 0.087907 0.067575 9.808373 
15.802198 -0.000010 -0.000053 0.000052 -0.020612 -0.003622 -0.000000 0.000000 0.000000 0.000000 0.003234 -0.003140 0.000440 0.000000 0.000000 0.000000 0.000224 -0.000332 -0.001525 -0.001406 0.000431 -0.002148 0.088042 0.067522 9.808372 
16.003504 -0.000013 -0.000058 0.000263 -0.022019 -0.003940 0.000021 0.000000 0.000000 0.000000 -0.006173 -0.001134 -0.000195 0.000000 0.000000 0.000000 0.000225 -0.000327 -0.001533 -0.001050 0.000365 -0.002136 0.087745 0.067577 9.808375 
16.202254 -0.000018 -0.000058 0.000029 -0.022457 -0.003141 -0.000215 0.000000 0.000000 0.000000 -0.002886 0.003357 -0.001264 0.000000 0.000000 0.000000 0.000231 -0.000330 -0.001521 -0.001195 0.000155 -0.002079 0.087866 0.067752 9.808372 
16.402153 -0.000013 -0.000055 0.000049 -0.020019 -0.002582 -0.000352 0.000000 0.000000 0.000000 0.010687 0.002377 -0.000679 0.000000 0.000000 0.000000 0.000232 -0.000321 -0.001521 -0.001801 0.000199 -0.002114 0.088367 0.067716 9.808368 
16.602211 -0.000011 -0.000057 0.000213 -0.020399 -0.003044 -0.000303 0.000000 0.000000 0.000000 -0.000002 -0.001623 0.000534 0.000000 0.000000 0.000000 0.000237 -0.000336 -0.001528 -0.001289 0.000381 -0.002160 0.087944 0.067565 9.808373 
16.803573 -0.000010 -0.000064 0.000325 -0.023142 -0.002650 -0.000142 0.000000 0.000000 0.000000 -0.012302 0.001729 0.001053 0.000000 0.000000 0.000000 0.000231 -0.000351 -0.001534 -0.000748 0.000212 -0.002177 0.087499 0.067704 9.808376 
17.002259 -0.000015 -0.000058 0.000105 -0.021635 -0.002299 -0.000129 0.000000 0.000000 0.000000 0.006543 0.001513 0.000179 0.000000 0.000000 0.000000 0.000231 -0.000359 -0.001528 -0.001428 0.000229 -0.002133 0.088057 0.067692 9.808371 
17.202252 -0.000013 -0.000057 0.000020 -0.021157 -0.003127 -0.000218 0.000000 0.000000 0.000000 0.003148 -0.003690 -0.000131 0.000000 0.000000 0.000000 0.000220 -0.000352 -0.001526 -0.001297 0.000416 -0.002086 0.087950 0.067539 9.808373 
17.402315 -0.000008 -0.000057 0.000088 -0.020278 -0.003072 -0.000608 0.000000 0.000000 0.000000 0.004332 -0.000042 -0.002232 0.000000 0.000000 0.000000 0.000218 -0.000351 -0.001529 -0.001342 0.000263 -0.001959 0.087988 0.067664 9.808372 
17.802309 -0.000010 -0.000059 -0.000108 -0.021573 -0.002557 -0.000216 0.000000 0.000000 0.000000 -0.005633 0.001883 0.002082 0.000000 0.000000 0.000000 0.000217 -0.000359 -0.001519 -0.001032 0.000220 -0.002226 0.087735 0.067698 9.808374 
18.203679 -0.000012 -0.000073 0.000125 -0.024282 -0.002174 -0.000328 0.000000 0.000000 0.000000 -0.007157 0.001078 -0.000673 0.000000 0.000000 0.000000 0.000215 -0.000351 -0.001529 -0.001007 0.000232 -0.002093 0.087716 0.067689 9.808374 
18.403675 -0.000010 -0.000070 0.000087 -0.024369 -0.003532 -0.000067 0.000000 0.000000 0.000000 -0.000596 -0.006759 0.001660 0.000000 0.000000 0.000000 0.000189 -0.000371 -0.001525 -0.001169 0.000436 -0.002227 0.087844 0.067525 9.808374 
18.602386 -0.000009 -0.000074 0.000012 -0.024608 -0.002972 -0.000199 0.000000 0.000000 0.000000 -0.001412 0.002120 -0.000837 0.000000 0.000000 0.000000 0.000186 -0.000370 -0.001524 -0.001140 0.000099 -0.002051 0.087822 0.067794 9.808373 
18.802366 -0.000011 -0.000064 0.000116 -0.023621 -0.002535 -0.000180 0.000000 0.000000 0.000000 0.004123 0.002237 0.000231 0.000000 0.000000 0.000000 0.000186 -0.000366 -0.001528 -0.001367 0.000105 -0.002113 0.088001 0.067788 9.808371 
19.003665 -0.000012 -0.000061 0.000211 -0.023234 -0.002053 -0.000004 0.000000 0.000000 0.000000 0.001934 0.002491 0.000670 0.000000 0.000000 0.000000 0.000185 -0.000364 -0.001533 -0.001296 0.000104 -0.002162 0.087945 0.067789 9.808371 
19.203702 -0.000009 -0.000071 0.000197 -0.026013 -0.004085 0.000232 0.000000 0.000000 0.000000 -0.011179 -0.008505 0.001324 0.000000 0.000000 0.000000 0.000172 -0.000348 -0.001534 -0.000803 0.000519 -0.002197 0.087558 0.067463 9.808377 
19.402375 0.000006 -0.000078 0.000310 -0.026771 -0.006722 -0.000225 0.000000 0.000000 0.000000 -0.004892 -0.012685 -0.002520 0.000000 0.000000 0.000000 0.000174 -0.000344 -0.001540 -0.001054 0.000703 -0.001963 0.087756 0.067321 9.808376 
19.602352 -0.000008 -0.000076 0.000189 -0.026513 -0.003846 -0.000235 0.000000 0.000000 0.000000 -0.000477 0.011862 0.000150 0.000000 0.000000 0.000000 0.000141 -0.000337 -0.001536 -0.001234 -0.000291 -0.002104 0.087894 0.068095 9.808370 
20.202399 -0.000008 -0.000080 0.000123 -0.027054 -0.004621 -0.000308 0.000000 0.000000 0.000000 -0.000839 -0.009061 0.000064 0.000000 0.000000 0.000000 0.000156 -0.000337 -0.001534 -0.001226 0.000070 -0.002098 0.087888 0.067815 9.808372 
20.602422 -0.000009 -0.000075 0.000206 -0.026625 -0.004145 0.000012 0.000000 0.000000 0.000000 0.001434 0.003977 0.000737 0.000000 0.000000 0.000000 0.000152 -0.000339 -0.001535 -0.001250 -0.000103 -0.002171 0.087906 0.067947 9.808371 
21.002403 -0.000009 -0.000078 0.000163 -0.027298 -0.004801 -0.000118 0.000000 0.000000 0.000000 -0.006406 -0.003458 -0.001199 0.000000 0.000000 0.000000 0.000156 -0.000342 -0.001532 -0.001164 0.000080 -0.002104 0.087841 0.067807 9.808372 
21.202479 -0.000002 -0.000064 0.001052 -0.023322 -0.002432 -0.000769 0.000000 0.000000 0.000000 -0.034756 0.007436 -0.003095 0.000000 0.000000 0.000000 0.000125 -0.000361 -0.001659 -0.002341 -0.000242 -0.002138 0.088730 0.068051 9.808363 
21.403852 -0.000011 -0.000017 0.002980 -0.008790 -0.007085 -0.000749 0.000000 0.000000 0.000000 0.003621 -0.023369 0.011938 0.000000 0.000000 0.000000 0.000163 -0.000261 -0.001776 -0.007346 0.001009 -0.002156 0.092491 0.067099 9.808334 
21.603837 -0.000018 0.000120 0.005249 0.033713 -0.017006 -0.000247 0.000000 0.000000 0.000000 0.200154 -0.059614 0.001118 0.000000 0.000000 0.000000 0.000169 0.000054 -0.001961 -0.014027 0.002179 -0.001857 0.097526 0.066305 9.808291 
21.802479 -0.000012 0.000209 0.002543 0.052699 -0.018032 -0.000289 0.000000 0.000000 0.000000 0.148781 0.005927 -0.011676 0.000000 0.000000 0.000000 0.000131 -0.000068 -0.001746 -0.009947 0.000262 -0.002313 0.094372 0.067530 9.808314 
22.002451 -0.000028 0.000216 0.000339 0.051563 -0.003699 -0.000365 0.000000 0.000000 0.000000 0.032631 0.075145 -0.003185 0.000000 0.000000 0.000000 0.000183 -0.000078 -0.001732 -0.005224 -0.002118 -0.003027 0.090659 0.068902 9.808339 
22.203823 -0.000024 0.000232 0.006518 0.066771 -0.007988 -0.001054 0.000000 0.000000 0.000000 0.038372 -0.011477 -0.008662 0.000000 0.000000 0.000000 0.000047 -0.000102 -0.002151 -0.006366 0.000646 -0.003204 0.091584 0.066894 9.808344 
22.403855 -0.000045 0.000309 0.009625 0.101490 -0.017776 -0.000818 0.000000 0.000000 0.000000 0.117095 -0.057644 -0.001272 0.000000 0.000000 0.000000 0.000036 -0.000147 -0.002304 -0.011458 0.002008 -0.003564 0.095354 0.065992 9.808315 
22.602549 -0.000038 0.000461 0.008505 0.146392 -0.037801 -0.001123 0.000000 0.000000 0.000000 0.220018 -0.103489 -0.013645 0.000000 0.000000 0.000000 0.000039 -0.000002 -0.002166 -0.014756 0.003868 -0.003793 0.097964 0.064962 9.808296 
22.802571 -0.000019 0.000583 0.010338 0.184576 -0.044998 -0.000053 0.000000 0.000000 0.000000 0.230442 -0.045591 -0.004127 0.000000 0.000000 0.000000 0.000008 -0.000001 -0.002281 -0.013037 0.001823 -0.004687 0.096422 0.066173 9.808303 
23.003905 -0.000051 0.000613 0.005056 0.180881 -0.027112 -0.001094 0.000000 0.000000 0.000000 -0.003358 0.087832 -0.004260 0.000000 0.000000 0.000000 0.000065 -0.000027 -0.002054 -0.006076 -0.002761 -0.004655 0.090754 0.068373 9.808342 
23.203865 -0.000103 0.000634 0.007108 0.208882 -0.014659 -0.001559 0.000000 0.000000 0.000000 0.074210 0.057063 -0.011337 0.000000 0.000000 0.000000 0.000027 -0.000318 -0.002164 -0.010630 -0.001345 -0.004664 0.094196 0.068043 9.808312 
23.403928 -0.000142 0.000810 0.008894 0.260463 -0.021266 -0.001959 0.000000 0.000000 0.000000 0.230582 -0.028934 -0.033867 0.000000 0.000000 0.000000 0.000000 -0.000419 -0.002210 -0.015973 0.001947 -0.004927 0.098335 0.066254 9.808283 
23.603917 -0.000090 0.000969 0.008027 0.314118 -0.024287 -0.001284 0.000000 0.000000 0.000000 0.244921 -0.015794 -0.003107 0.000000 0.000000 0.000000 0.000061 -0.000440 -0.002221 -0.017263 0.001610 -0.006957 0.099233 0.066621 9.808272 
23.802578 -0.000138 0.001122 0.010266 0.351611 -0.016693 -0.000480 0.000000 0.000000 0.000000 0.183653 0.034651 0.038131 0.000000 0.000000 0.000000 0.000193 -0.000343 -0.002394 -0.015915 -0.000108 -0.005105 0.098052 0.067666 9.808277 
24.003893 -0.000193 0.001274 0.013260 0.408380 -0.011072 0.000155 0.000000 0.000000 0.000000 0.268020 0.025728 -0.024027 0.000000 0.000000 0.000000 0.000184 -0.000605 -0.002478 -0.018371 0.000494 -0.004569 0.099852 0.067568 9.808259 
24.204004 -0.000205 0.001479 0.016410 0.474547 -0.019990 -0.000669 0.000000 0.000000 0.000000 0.322380 -0.048331 0.016309 0.000000 0.000000 0.000000 0.000015 -0.000715 -0.002765 -0.019583 0.002316 -0.005555 0.100981 0.066505 9.808255 
24.402634 -0.000202 0.001643 0.016669 0.517786 -0.022903 -0.000052 0.000000 0.000000 0.000000 0.220179 -0.013167 0.030565 0.000000 0.000000 0.000000 -0.000053 -0.000680 -0.002806 -0.016772 0.000885 -0.004221 0.098785 0.066859 9.808275 
24.602669 -0.000205 0.001798 0.017316 0.572646 -0.016355 -0.000066 0.000000 0.000000 0.000000 0.267960 0.033904 -0.011006 0.000000 0.000000 0.000000 0.000011 -0.000672 -0.002817 -0.018175 -0.000159 -0.003958 0.099429 0.067906 9.808261 
24.804040 -0.000275 0.002025 0.019442 0.653123 -0.023118 -0.000540 0.000000 0.000000 0.000000 0.382249 -0.029296 0.000695 0.000000 0.000000 0.000000 -0.000141 -0.000903 -0.002885 -0.020961 0.001938 -0.006585 0.101848 0.067329 9.808240 
25.004004 -0.000310 0.002269 0.017605 0.708512 -0.021900 -0.001630 0.000000 0.000000 0.000000 0.274449 0.013197 -0.002846 0.000000 0.000000 0.000000 0.000012 -0.000637 -0.002858 -0.018629 0.000493 -0.006748 0.099940 0.067543 9.808258 
25.202642 -0.000275 0.002305 0.019062 0.750801 -0.014764 -0.001208 0.000000 0.000000 0.000000 0.203398 0.029036 -0.027325 0.000000 0.000000 0.000000 0.000060 -0.000637 -0.002972 -0.017733 -0.000356 -0.005725 0.099115 0.067799 9.808265 
25.402678 -0.000289 0.002548 0.022285 0.831018 -0.008508 -0.002530 0.000000 0.000000 0.000000 0.370000 0.027232 0.013345 0.000000 0.000000 0.000000 0.000126 -0.000865 -0.003180 -0.023494 0.000679 -0.006512 0.103030 0.068800 9.808218 
25.604026 -0.000335 0.002878 0.026552 0.921367 -0.020165 -0.001430 0.000000 0.000000 0.000000 0.470831 -0.059800 -0.014897 0.000000 0.000000 0.000000 -0.000004 -0.000919 -0.003364 -0.024626 0.003100 -0.006418 0.104473 0.067655 9.808210 
25.803967 -0.000393 0.003091 0.026864 0.988904 -0.025837 -0.002137 0.000000 0.000000 0.000000 0.336904 -0.023547 -0.027801 0.000000 0.000000 0.000000 0.000167 -0.000652 -0.003351 -0.021694 0.001321 -0.007657 0.102109 0.067619 9.808235 
26.002734 -0.000435 0.003271 0.028546 1.059624 -0.031098 -0.000212 0.000000 0.000000 0.000000 0.332107 -0.033337 0.043597 0.000000 0.000000 0.000000 0.000112 -0.000677 -0.003412 -0.022322 0.001512 -0.007755 0.102536 0.067778 9.808230 
26.202718 -0.000516 0.003497 0.028429 1.144252 -0.034002 -0.000356 0.000000 0.000000 0.000000 0.396066 -0.033664 0.011211 0.000000 0.000000 0.000000 0.000207 -0.000893 -0.003388 -0.024845 0.001743 -0.006460 0.103962 0.068683 9.808209 
26.404080 -0.000558 0.003786 0.028842 1.229367 -0.021819 -0.000337 0.000000 0.000000 0.000000 0.413738 0.061658 0.028895 0.000000 0.000000 0.000000 0.000381 -0.000960 -0.003451 -0.025720 0.000017 -0.006111 0.103653 0.069981 9.808203 
26.604065 -0.000631 0.004098 0.031300 1.319469 -0.016859 0.000223 0.000000 0.000000 0.000000 0.435727 0.020874 0.003172 0.000000 0.000000 0.000000 0.000314 -0.001090 -0.003666 -0.026259 0.001380 -0.005788 0.104522 0.069497 9.808197 
26.802757 -0.000676 0.004328 0.033815 1.401311 -0.026395 0.000768 0.000000 0.000000 0.000000 0.412193 -0.032213 0.000427 0.000000 0.000000 0.000000 0.000088 -0.001031 -0.003736 -0.024959 0.003358 -0.006522 0.104724 0.067916 9.808206 
27.004077 -0.000737 0.004559 0.034838 1.493387 -0.025619 0.003204 0.000000 0.000000 0.000000 0.440253 -0.008704 0.043281 0.000000 0.000000 0.000000 0.000200 -0.001148 -0.003850 -0.026609 0.002356 -0.004994 0.105022 0.069100 9.808194 
27.204122 -0.000863 0.004871 0.038219 1.592645 -0.027644 0.002373 0.000000 0.000000 0.000000 0.482750 -0.008910 0.018629 0.000000 0.000000 0.000000 0.000209 -0.001289 -0.003981 -0.027531 0.002656 -0.002212 0.105499 0.069338 9.808188 
27.404157 -0.000895 0.005152 0.039759 1.699071 -0.030584 0.002838 0.000000 0.000000 0.000000 0.531049 -0.018490 0.036132 0.000000 0.000000 0.000000 0.000236 -0.001429 -0.004027 -0.028683 0.003592 -0.000033 0.106424 0.069512 9.808176 
27.604114 -0.000981 0.005448 0.041760 1.800253 -0.036260 0.002346 0.000000 0.000000 0.000000 0.508038 -0.027790 0.005202 0.000000 0.000000 0.000000 0.000226 -0.001400 -0.004168 -0.027670 0.003228 0.000531 0.105779 0.069107 9.808186 
27.802822 -0.001094 0.005696 0.043097 1.869634 -0.034347 0.004873 0.000000 0.000000 0.000000 0.360956 0.033413 0.042639 0.000000 0.000000 0.000000 0.000193 -0.001074 -0.004267 -0.024349 0.000924 0.002830 0.103096 0.068114 9.808222 
28.004121 -0.001157 0.005983 0.045949 1.979677 -0.030929 0.003938 0.000000 0.000000 0.000000 0.565526 -0.012935 -0.079019 0.000000 0.000000 0.000000 0.000335 -0.001336 -0.004340 -0.027999 0.002607 0.001796 0.105512 0.069597 9.808186 
28.205498 -0.001179 0.006115 0.046658 2.093797 -0.012618 0.001578 0.000000 0.000000 0.000000 0.562732 0.099039 0.049038 0.000000 0.000000 0.000000 0.000554 -0.001260 -0.004309 -0.028981 0.001080 0.002426 0.104862 0.070712 9.808185 
28.404210 -0.001245 0.006450 0.048042 2.200812 -0.026035 0.003033 0.000000 0.000000 0.000000 0.550807 -0.059701 -0.011877 0.000000 0.000000 0.000000 0.000216 -0.001253 -0.004333 -0.026396 0.004422 0.001652 0.106167 0.068089 9.808189 
28.602840 -0.001279 0.006614 0.049492 2.289891 -0.030919 0.002950 0.000000 0.000000 0.000000 0.451798 -0.040429 -0.010916 0.000000 0.000000 0.000000 0.000358 -0.001054 -0.004481 -0.024266 0.002161 0.000733 0.104128 0.067515 9.808215 
28.804188 -0.001453 0.006973 0.054366 2.379759 -0.023918 0.004905 0.000000 0.000000 0.000000 0.438238 0.023610 0.018892 0.000000 0.000000 0.000000 0.000461 -0.000979 -0.004776 -0.024547 0.000216 -0.000460 0.103092 0.068349 9.808220 
29.004190 -0.001449 0.007164 0.054729 2.480916 -0.027732 0.004298 0.000000 0.000000 0.000000 0.554182 -0.037769 0.020854 0.000000 0.000000 0.000000 0.000446 -0.000982 -0.004796 -0.025215 0.001538 0.002688 0.103974 0.068215 9.808212 
29.402920 -0.001470 0.007617 0.054781 2.618975 -0.028215 0.002625 0.000000 0.000000 0.000000 0.293418 0.009357 -0.034738 0.000000 0.000000 0.000000 0.000639 -0.000813 -0.004699 -0.021201 -0.001755 0.003260 0.100836 0.066280 9.808258 
29.604319 -0.001502 0.007661 0.055224 2.695800 -0.019913 0.002847 0.000000 0.000000 0.000000 0.365600 0.032595 0.016258 0.000000 0.000000 0.000000 0.000590 -0.000885 -0.004839 -0.023488 -0.001134 0.001810 0.101813 0.067689 9.808238 
29.804312 -0.001549 0.007842 0.059965 2.770194 -0.012739 0.004895 0.000000 0.000000 0.000000 0.412336 0.049370 0.008109 0.000000 0.000000 0.000000 0.000560 -0.000821 -0.005072 -0.023025 -0.001343 0.001339 0.101591 0.067478 9.808242 
30.004231 -0.001658 0.007981 0.060852 2.867817 -0.021426 0.007225 0.000000 0.000000 0.000000 0.673403 -0.025620 0.026532 0.000000 0.000000 0.000000 0.000304 -0.000461 -0.005017 -0.021053 0.000955 0.003282 0.102524 0.065564 9.808245 
30.202926 -0.001795 0.008182 0.056580 2.958441 -0.007438 -0.002746 0.000000 0.000000 0.000000 0.520415 0.076103 -0.059271 0.000000 0.000000 0.000000 0.000628 0.000160 -0.004799 -0.016945 -0.004645 0.005594 0.097724 0.063326 9.808309 
30.404256 -0.001761 0.008320 0.056644 2.879630 -0.022427 0.003803 0.000000 0.000000 0.000000 -0.421968 -0.054156 0.051946 0.000000 0.000000 0.000000 0.000412 0.001957 -0.004805 0.004366 -0.013912 0.002605 0.087840 0.050774 9.808475 
30.604256 -0.001601 0.008042 0.055896 2.847335 -0.029559 0.003334 0.000000 0.000000 0.000000 -0.204054 -0.045160 -0.008828 0.000000 0.000000 0.000000 0.000396 0.001252 -0.004780 -0.001820 -0.010733 0.004408 0.091228 0.053979 9.808427 
30.804241 -0.001605 0.008046 0.055897 2.839639 -0.022114 0.002794 0.000000 0.000000 0.000000 -0.057111 0.031622 -0.003772 0.000000 0.000000 0.000000 0.000533 0.000894 -0.004761 -0.006748 -0.010478 0.004034 0.092563 0.057054 9.808397 
31.004329 -0.001647 0.008123 0.056313 2.848054 -0.017474 0.002294 0.000000 0.000000 0.000000 0.041537 0.019273 -0.001390 0.000000 0.000000 0.000000 0.000502 0.000708 -0.004754 -0.008822 -0.009032 0.003950 0.093960 0.058025 9.808378 
31.204312 -0.001664 0.008178 0.056871 2.859180 -0.023054 0.002255 0.000000 0.000000 0.000000 0.056338 0.002649 0.000934 0.000000 0.000000 0.000000 0.000331 0.000690 -0.004768 -0.008377 -0.007779 0.003999 0.094638 0.057460 9.808375 
31.604411 -0.001675 0.007971 0.060856 2.825980 0.018822 0.002542 0.000000 0.000000 0.000000 -0.160505 0.183016 0.013824 0.000000 0.000000 0.000000 0.000501 0.001112 -0.004988 -0.006549 -0.009953 0.004186 0.092863 0.056839 9.808396 
32.004455 -0.001894 0.008169 0.058129 2.858707 0.097463 0.001790 0.000000 0.000000 0.000000 0.161023 0.200529 0.014391 0.000000 0.000000 0.000000 0.000265 0.000180 -0.004820 -0.009649 -0.007340 0.004880 0.095090 0.058207 9.808366 
32.204501 -0.001942 0.008152 0.058982 2.856313 0.133756 0.002346 0.000000 0.000000 0.000000 -0.004407 0.203182 0.014589 0.000000 0.000000 0.000000 0.000391 0.000812 -0.004787 -0.006958 -0.009104 0.006092 0.093402 0.056638 9.808392 
32.604450 -0.002162 0.008197 0.054787 2.852723 0.221407 0.002280 0.000000 0.000000 0.000000 -0.018018 0.207054 -0.051031 0.000000 0.000000 0.000000 0.000664 0.000684 -0.004564 -0.008044 -0.009427 0.003345 0.093525 0.057483 9.808386 
32.804517 -0.002203 0.008101 0.057757 2.838945 0.265738 0.002471 0.000000 0.000000 0.000000 -0.070451 0.220603 -0.019424 0.000000 0.000000 0.000000 0.000667 0.000784 -0.004609 -0.007209 -0.010122 0.002063 0.093013 0.057168 9.808392 
33.004498 -0.002280 0.008214 0.055846 2.843546 0.317788 0.002179 0.000000 0.000000 0.000000 0.042833 0.268763 0.002781 0.000000 0.000000 0.000000 0.000729 0.000721 -0.004588 -0.009161 -0.010274 -0.000170 0.093525 0.058523 9.808380 
33.205770 -0.002395 0.008225 0.057943 2.852915 0.344642 0.004088 0.000000 0.000000 0.000000 0.034049 0.159169 0.050929 0.000000 0.000000 0.000000 0.000393 0.000749 -0.004634 -0.008265 -0.008008 0.001323 0.094554 0.057388 9.808376 
33.403064 -0.002463 0.008271 0.056153 2.859632 0.384866 0.002547 0.000000 0.000000 0.000000 0.031367 0.161918 -0.061168 0.000000 0.000000 0.000000 0.000629 0.000811 -0.004613 -0.008990 -0.009855 0.000256 0.093694 0.058317 9.808379 
33.804600 -0.002599 0.008311 0.058871 2.868931 0.465526 0.003747 0.000000 0.000000 0.000000 0.023760 0.203937 -0.034338 0.000000 0.000000 0.000000 0.000799 0.000738 -0.004666 -0.010092 -0.011674 -0.000507 0.092915 0.059419 9.808380 
34.004647 -0.002687 0.008261 0.058070 2.859038 0.498433 0.002555 0.000000 0.000000 0.000000 -0.042104 0.184799 -0.022541 0.000000 0.000000 0.000000 0.000797 0.000821 -0.004608 -0.008148 -0.011426 -0.001579 0.092674 0.058299 9.808389 
34.204700 -0.002704 0.008242 0.054801 2.852776 0.557373 0.002384 0.000000 0.000000 0.000000 -0.052934 0.293633 0.051367 0.000000 0.000000 0.000000 0.001038 0.000781 -0.004452 -0.009758 -0.013634 -0.000899 0.091644 0.059655 9.808390 
34.403202 -0.002804 0.008252 0.053394 2.844920 0.604501 0.003638 0.000000 0.000000 0.000000 -0.035984 0.248757 0.028965 0.000000 0.000000 0.000000 0.000864 0.000748 -0.004273 -0.008935 -0.011145 0.002497 0.092739 0.058391 9.808388 
34.605809 -0.002886 0.008329 0.050791 2.855548 0.650190 0.000832 0.000000 0.000000 0.000000 0.037891 0.233851 -0.003918 0.000000 0.000000 0.000000 0.000878 0.000564 -0.004132 -0.010808 -0.008925 0.003368 0.094360 0.058868 9.808369 
34.804731 -0.002992 0.008440 0.053507 2.876178 0.686244 0.000599 0.000000 0.000000 0.000000 0.085602 0.170768 0.003622 0.000000 0.000000 0.000000 0.000720 0.000393 -0.004290 -0.012157 -0.007177 0.005264 0.095529 0.059016 9.808357 
35.003200 -0.003054 0.008339 0.050690 2.852434 0.737114 -0.001387 0.000000 0.000000 0.000000 -0.174069 0.288728 -0.069244 0.000000 0.000000 0.000000 0.000859 0.000490 -0.004265 -0.009031 -0.010908 0.003054 0.092816 0.058646 9.808386 
35.203187 -0.003091 0.008272 0.053127 2.846402 0.791093 0.001526 0.000000 0.000000 0.000000 -0.058316 0.289133 0.035120 0.000000 0.000000 0.000000 0.000924 0.000468 -0.004483 -0.010836 -0.009080 0.002186 0.094272 0.059058 9.808369 
35.604507 -0.003455 0.008530 0.054656 2.868201 0.916672 0.002396 0.000000 0.000000 0.000000 0.079610 0.316498 0.033777 0.000000 0.000000 0.000000 0.000860 0.000495 -0.004496 -0.014604 -0.008225 0.004069 0.095631 0.060573 9.808347 
36.003197 -0.003625 0.008576 0.051418 2.856483 1.031194 0.002337 0.000000 0.000000 0.000000 -0.070039 0.296009 0.002963 0.000000 0.000000 0.000000 0.001132 0.000517 -0.004169 -0.013842 -0.010704 0.009716 0.093845 0.060269 9.808366 
36.204562 -0.003735 0.008551 0.047557 2.856017 1.091180 0.004488 0.000000 0.000000 0.000000 0.001708 0.281037 -0.000143 0.000000 0.000000 0.000000 0.001115 0.000443 -0.003931 -0.015051 -0.010246 0.011806 0.094278 0.060689 9.808359 
36.404603 -0.003861 0.008757 0.049364 2.879452 1.143634 0.002250 0.000000 0.000000 0.000000 0.114791 0.279793 -0.029461 0.000000 0.000000 0.000000 0.001012 0.000341 -0.004022 -0.017461 -0.008048 0.010593 0.096094 0.061374 9.808337 
36.603264 -0.003997 0.008887 0.048825 2.878858 1.201693 0.000381 0.000000 0.000000 0.000000 -0.016058 0.274007 -0.083543 0.000000 0.000000 0.000000 0.001168 0.000490 -0.004026 -0.015412 -0.009807 0.008485 0.094869 0.061192 9.808350 
36.803294 -0.004059 0.008745 0.049455 2.870540 1.259248 0.001869 0.000000 0.000000 0.000000 -0.067652 0.275220 0.026578 0.000000 0.000000 0.000000 0.001104 0.000590 -0.003997 -0.015043 -0.010423 0.003430 0.094734 0.061583 9.808349 
37.005962 -0.004242 0.008962 0.050598 2.898956 1.311798 0.003894 0.000000 0.000000 0.000000 0.188744 0.253400 0.007863 0.000000 0.000000 0.000000 0.000989 0.000294 -0.004014 -0.018533 -0.008281 0.004916 0.096664 0.062401 9.808325 
37.205998 -0.004450 0.009085 0.050612 2.899529 1.375746 0.004955 0.000000 0.000000 0.000000 0.015446 0.329897 0.009355 0.000000 0.000000 0.000000 0.001024 0.000557 -0.003910 -0.016187 -0.010684 0.003062 0.094983 0.062217 9.808343 
37.404639 -0.004664 0.009229 0.047778 2.902582 1.436293 0.006296 0.000000 0.000000 0.000000 0.027846 0.318414 0.033313 0.000000 0.000000 0.000000 0.000939 0.000563 -0.003787 -0.015971 -0.009905 0.005443 0.095158 0.061676 9.808345 
37.604642 -0.004718 0.009284 0.046184 2.894837 1.499818 0.008976 0.000000 0.000000 0.000000 -0.044589 0.336822 0.030114 0.000000 0.000000 0.000000 0.000898 0.000606 -0.003592 -0.014946 -0.010707 0.006790 0.094430 0.061310 9.808354 
37.806000 -0.004803 0.009262 0.046723 2.911947 1.550843 0.006194 0.000000 0.000000 0.000000 0.082794 0.238054 -0.039744 0.000000 0.000000 0.000000 0.000781 0.000393 -0.003671 -0.017610 -0.007841 0.007900 0.096380 0.061494 9.808334 
38.006002 -0.004933 0.009300 0.045713 2.901509 1.616001 0.005992 0.000000 0.000000 0.000000 -0.074852 0.334991 -0.014882 0.000000 0.000000 0.000000 0.000896 0.000618 -0.003659 -0.015286 -0.010400 0.004138 0.094891 0.061673 9.808347 
38.404707 -0.005222 0.009535 0.047691 2.926251 1.740096 0.011773 0.000000 0.000000 0.000000 0.099487 0.254486 0.062291 0.000000 0.000000 0.000000 0.000798 0.000365 -0.003724 -0.018595 -0.010061 0.001589 0.096224 0.063145 9.808325 
38.806079 -0.005320 0.009408 0.044130 2.923164 1.867717 0.006681 0.000000 0.000000 0.000000 -0.047182 0.317169 -0.045509 0.000000 0.000000 0.000000 0.001205 0.000793 -0.003480 -0.016962 -0.012031 0.003628 0.094806 0.062874 9.808340 
39.004762 -0.005385 0.009449 0.041297 2.919615 1.936811 0.004961 0.000000 0.000000 0.000000 0.007874 0.355411 -0.026270 0.000000 0.000000 0.000000 0.001243 0.000763 -0.003374 -0.016948 -0.012407 0.002929 0.094676 0.063005 9.808341 
39.206049 -0.005509 0.009489 0.042020 2.958667 1.988784 0.001934 0.000000 0.000000 0.000000 0.175311 0.260741 -0.025181 0.000000 0.000000 0.000000 0.001084 0.000519 -0.003415 -0.019669 -0.010033 0.000568 0.096454 0.063544 9.808320 
39.604787 -0.005692 0.009592 0.042634 2.936674 2.101672 0.004389 0.000000 0.000000 0.000000 -0.164395 0.301390 -0.031624 0.000000 0.000000 0.000000 0.001289 0.001440 -0.003449 -0.014192 -0.012244 -0.003203 0.094091 0.062762 9.808348 
39.804772 -0.005785 0.009522 0.042942 2.932152 2.166831 0.004821 0.000000 0.000000 0.000000 -0.029608 0.289053 0.017279 0.000000 0.000000 0.000000 0.001387 0.000977 -0.003460 -0.016587 -0.012086 -0.002877 0.094925 0.063473 9.808335 
40.006245 -0.005951 0.009774 0.044892 2.947378 2.225175 0.004377 0.000000 0.000000 0.000000 0.092387 0.160932 -0.068893 0.000000 0.000000 0.000000 0.001543 0.000829 -0.003437 -0.018835 -0.013312 -0.003474 0.095276 0.064669 9.808324 
40.206109 -0.006114 0.009940 0.044843 2.970070 2.242618 0.005328 0.000000 0.000000 0.000000 0.119005 0.028840 0.002517 0.000000 0.000000 0.000000 0.001519 0.000831 -0.003441 -0.019063 -0.013490 -0.004842 0.095384 0.064883 9.808322 
40.404842 -0.006078 0.009856 0.041581 2.957538 2.246581 0.008407 0.000000 0.000000 0.000000 0.021313 0.028471 0.014212 0.000000 0.000000 0.000000 0.001438 0.001259 -0.003325 -0.014581 -0.014910 -0.005259 0.093544 0.063782 9.808347 
40.606160 -0.006020 0.009793 0.041572 2.942405 2.243334 0.008567 0.000000 0.000000 0.000000 0.011953 0.007968 -0.009651 0.000000 0.000000 0.000000 0.001370 0.001450 -0.003109 -0.009646 -0.014895 -0.004870 0.091982 0.062063 9.808372 
40.806209 -0.006066 0.009698 0.036370 2.890802 2.245419 0.009783 0.000000 0.000000 0.000000 -0.217120 0.001593 0.035684 0.000000 0.000000 0.000000 0.001400 0.001317 -0.002911 -0.001582 -0.017668 -0.004676 0.088504 0.060321 9.808415 
41.004844 -0.005864 0.009391 0.035139 2.836478 2.255514 0.011276 0.000000 0.000000 0.000000 -0.318885 0.057759 0.011579 0.000000 0.000000 0.000000 0.001432 0.001297 -0.002865 -0.001072 -0.019507 -0.002147 0.087684 0.060596 9.808421 
41.204902 -0.005950 0.009359 0.037003 2.796081 2.252764 0.009050 0.000000 0.000000 0.000000 -0.198735 -0.012959 0.003020 0.000000 0.000000 0.000000 0.001321 0.001187 -0.002961 -0.003105 -0.017977 -0.001089 0.088672 0.060425 9.808413 
41.404840 -0.005859 0.009179 0.033308 2.748473 2.254115 0.010834 0.000000 0.000000 0.000000 -0.207420 -0.008765 0.006611 0.000000 0.000000 0.000000 0.001316 0.001188 -0.002621 -0.001820 -0.019182 -0.001606 0.087991 0.060610 9.808418 
41.606184 -0.005802 0.009020 0.030999 2.693129 2.247136 0.009500 0.000000 0.000000 0.000000 -0.263515 -0.042772 0.000616 0.000000 0.000000 0.000000 0.001305 0.001097 -0.002426 0.000480 -0.019234 -0.001615 0.087175 0.060092 9.808429 
42.004730 -0.005828 0.008750 0.029189 2.570131 2.243501 0.014235 0.000000 0.000000 0.000000 -0.337384 -0.011131 0.017165 0.000000 0.000000 0.000000 0.001445 0.001246 -0.002245 0.001189 -0.020389 -0.003120 0.086804 0.060509 9.808429 
42.204599 -0.005824 0.008602 0.026855 2.525263 2.236038 0.015481 0.000000 0.000000 0.000000 -0.230952 -0.061528 0.000042 0.000000 0.000000 0.000000 0.001287 0.000851 -0.002123 -0.000546 -0.019706 -0.004092 0.087606 0.060578 9.808422 
42.405854 -0.005848 0.008551 0.025500 2.469498 2.239367 0.017108 0.000000 0.000000 0.000000 -0.268624 0.014519 0.000809 0.000000 0.000000 0.000000 0.001420 0.000930 -0.002061 0.000289 -0.021535 -0.004354 0.087112 0.061186 9.808422 
42.605609 -0.005795 0.008377 0.026477 2.411584 2.248767 0.017727 0.000000 0.000000 0.000000 -0.262942 0.038524 0.008237 0.000000 0.000000 0.000000 0.001478 0.000928 -0.002090 0.001333 -0.022574 -0.004204 0.086625 0.061479 9.808425 
43.004034 -0.005778 0.008009 0.021495 2.251844 2.250936 0.020355 0.000000 0.000000 0.000000 -0.448374 -0.007144 -0.018137 0.000000 0.000000 0.000000 0.001371 0.000947 -0.001634 0.005816 -0.022619 -0.003791 0.084922 0.061076 9.808442 
43.405067 -0.005656 0.007574 0.016098 2.090883 2.244774 0.022688 0.000000 0.000000 0.000000 -0.408142 -0.025722 0.013119 0.000000 0.000000 0.000000 0.001315 0.000903 -0.001232 0.004339 -0.022262 -0.004673 0.085528 0.061144 9.808437 
43.603658 -0.005596 0.007498 0.017469 2.051976 2.242137 0.022878 0.000000 0.000000 0.000000 -0.193439 -0.019468 0.000002 0.000000 0.000000 0.000000 0.001338 0.000941 -0.001306 0.000464 -0.022417 -0.004829 0.086977 0.061185 9.808424 
43.804802 -0.005590 0.007313 0.016045 1.980535 2.245663 0.024794 0.000000 0.000000 0.000000 -0.336870 0.010272 0.012282 0.000000 0.000000 0.000000 0.001394 0.001057 -0.001208 0.004610 -0.023464 -0.005155 0.085550 0.061839 9.808432 
44.004750 -0.005432 0.006971 0.012972 1.868871 2.255629 0.025932 0.000000 0.000000 0.000000 -0.591407 0.051093 0.009415 0.000000 0.000000 0.000000 0.001401 0.001199 -0.001130 0.009586 -0.024700 -0.002705 0.083659 0.062426 9.808445 
44.203188 -0.005360 0.006758 0.011049 1.779210 2.254514 0.023487 0.000000 0.000000 0.000000 -0.467531 -0.010042 0.006380 0.000000 0.000000 0.000000 0.001252 0.000883 -0.000958 0.007000 -0.023945 -0.001233 0.084475 0.061872 9.808441 
44.403136 -0.005239 0.006454 0.009037 1.712011 2.249601 0.025093 0.000000 0.000000 0.000000 -0.377969 -0.040951 -0.025361 0.000000 0.000000 0.000000 0.001223 0.000544 -0.000827 0.003797 -0.023937 -0.002694 0.085680 0.061608 9.808432 
44.604253 -0.005085 0.006210 0.007465 1.639448 2.248043 0.023338 0.000000 0.000000 0.000000 -0.363268 -0.017953 0.022601 0.000000 0.000000 0.000000 0.001327 0.000512 -0.000746 0.003737 -0.025139 -0.000978 0.085796 0.061944 9.808429 
44.804135 -0.005003 0.005949 0.007969 1.570935 2.252225 0.023528 0.000000 0.000000 0.000000 -0.351257 0.024365 -0.012582 0.000000 0.000000 0.000000 0.001361 0.000574 -0.000730 0.003223 -0.026225 -0.002892 0.086247 0.062296 9.808423 
45.003989 -0.005012 0.005821 0.005845 1.507597 2.258189 0.024006 0.000000 0.000000 0.000000 -0.318216 0.037159 0.030372 0.000000 0.000000 0.000000 0.001419 0.000545 -0.000679 0.002495 -0.026476 -0.001885 0.086476 0.062220 9.808421 
45.203834 -0.004968 0.005604 0.004008 1.420608 2.260457 0.021821 0.000000 0.000000 0.000000 -0.409614 0.016757 0.020247 0.000000 0.000000 0.000000 0.001412 0.000636 -0.000494 0.004442 -0.025954 -0.000489 0.085697 0.062392 9.808427 
45.403697 -0.004908 0.005439 0.000852 1.332537 2.262323 0.022883 0.000000 0.000000 0.000000 -0.444405 0.014056 -0.008080 0.000000 0.000000 0.000000 0.001328 0.000649 -0.000259 0.004788 -0.025477 0.000232 0.085466 0.062282 9.808430 
45.803498 -0.004864 0.005030 -0.000435 1.182643 2.258564 0.022249 0.000000 0.000000 0.000000 -0.381286 -0.025848 -0.001145 0.000000 0.000000 0.000000 0.001153 0.000027 -0.000256 0.002259 -0.025448 0.000050 0.086218 0.061661 9.808427 
46.003303 -0.004947 0.004970 -0.000031 1.131872 2.258655 0.023256 0.000000 0.000000 0.000000 -0.212008 -0.009504 0.040560 0.000000 0.000000 0.000000 0.001266 -0.000202 -0.000248 0.001077 -0.026388 0.001217 0.086785 0.061509 9.808423 
46.203207 -0.004871 0.004838 -0.002280 1.074489 2.265840 0.025315 0.000000 0.000000 0.000000 -0.286888 0.046042 -0.052920 0.000000 0.000000 0.000000 0.001299 -0.000103 -0.000031 0.002134 -0.026844 0.001410 0.086595 0.061919 9.808422 
46.403141 -0.004823 0.004572 -0.005255 1.004596 2.271818 0.023090 0.000000 0.000000 0.000000 -0.320381 0.023859 0.016427 0.000000 0.000000 0.000000 0.001314 -0.000050 0.000091 0.003716 -0.026428 0.000269 0.086074 0.062263 9.808425 
46.602891 -0.004772 0.004364 -0.005998 0.920972 2.279608 0.022286 0.000000 0.000000 0.000000 -0.395891 0.036159 -0.022651 0.000000 0.000000 0.000000 0.001392 0.000242 0.000152 0.006592 -0.026345 -0.000313 0.085306 0.063114 9.808426 
46.802759 -0.004675 0.004089 -0.009240 0.803119 2.277155 0.022306 0.000000 0.000000 0.000000 -0.569512 -0.013516 -0.028935 0.000000 0.000000 0.000000 0.001151 0.000691 0.000316 0.011082 -0.023924 -0.001190 0.083414 0.063999 9.808437 
47.002633 -0.004520 0.003895 -0.011083 0.692001 2.280752 0.018255 0.000000 0.000000 0.000000 -0.562232 0.022204 -0.007357 0.000000 0.000000 0.000000 0.001227 0.000675 0.000378 0.011390 -0.024690 0.000645 0.083602 0.064186 9.808434 
47.202479 -0.004495 0.003597 -0.012734 0.629372 2.286576 0.015701 0.000000 0.000000 0.000000 -0.338817 0.027418 -0.008213 0.000000 0.000000 0.000000 0.001287 0.000068 0.000515 0.007406 -0.025803 -0.000822 0.084879 0.063022 9.808430 
47.402399 -0.004507 0.003428 -0.015701 0.574185 2.283978 0.018129 0.000000 0.000000 0.000000 -0.273172 -0.022946 0.029264 0.000000 0.000000 0.000000 0.001165 -0.000209 0.000668 0.005498 -0.025387 -0.001042 0.085109 0.062219 9.808433 
47.802103 -0.004292 0.003142 -0.015927 0.392984 2.314622 0.009345 0.000000 0.000000 0.000000 -0.529794 0.097648 -0.038972 0.000000 0.000000 0.000000 0.001562 -0.000162 0.000659 0.012162 -0.026751 0.000752 0.084516 0.065131 9.808420 
48.002031 -0.004647 0.002962 -0.019364 0.263850 2.338754 0.009415 0.000000 0.000000 0.000000 -0.659999 0.107501 0.061908 0.000000 0.000000 0.000000 0.001528 -0.000066 0.000750 0.013739 -0.027236 0.000793 0.084471 0.065880 9.808415 
48.401704 -0.004581 0.002908 -0.021313 0.212957 2.291014 0.018601 0.000000 0.000000 0.000000 0.004471 -0.193564 0.028261 0.000000 0.000000 0.000000 0.000697 -0.000843 0.000907 0.000013 -0.026162 0.001241 0.086233 0.060029 9.808437 
48.601553 -0.004257 0.002621 -0.025495 0.114983 2.298479 0.016786 0.000000 0.000000 0.000000 -0.462627 0.045748 -0.023805 0.000000 0.000000 0.000000 0.000823 -0.000555 0.001091 0.012257 -0.027352 0.001209 0.085069 0.065552 9.808412 
48.801402 -0.004289 0.002388 -0.025398 0.026978 2.322224 0.017608 0.000000 0.000000 0.000000 -0.419438 0.107488 0.032315 0.000000 0.000000 0.000000 0.001159 -0.000427 0.000992 0.012734 -0.029257 0.003775 0.085912 0.065936 9.808402 
49.001258 -0.004340 0.002211 -0.024925 -0.041362 2.345124 0.018153 0.000000 0.000000 0.000000 -0.333506 0.090524 -0.006771 0.000000 0.000000 0.000000 0.001310 -0.000806 0.001070 0.011118 -0.031252 0.002691 0.087018 0.065366 9.808396 
49.201139 -0.004471 0.002008 -0.028433 -0.105726 2.343582 0.020091 0.000000 0.000000 0.000000 -0.286323 -0.010522 0.036972 0.000000 0.000000 0.000000 0.000701 -0.001022 0.001286 0.010151 -0.029208 0.003911 0.086166 0.064624 9.808409 
49.401012 -0.004303 0.001665 -0.030475 -0.209194 2.328148 0.016377 0.000000 0.000000 0.000000 -0.511331 -0.080170 -0.051118 0.000000 0.000000 0.000000 0.000423 -0.000550 0.001337 0.014810 -0.025456 0.004248 0.083948 0.066422 9.808416 
49.600907 -0.004125 0.001582 -0.031741 -0.304604 2.334594 0.014381 0.000000 0.000000 0.000000 -0.483302 0.034054 -0.014454 0.000000 0.000000 0.000000 0.000836 -0.000579 0.001420 0.015139 -0.028540 0.001536 0.085395 0.066928 9.808400 
49.999274 -0.004154 0.001135 -0.034901 -0.464542 2.371766 0.011904 0.000000 0.000000 0.000000 -0.361834 0.101675 -0.002341 0.000000 0.000000 0.000000 0.001285 -0.001318 0.001514 0.013939 -0.030386 0.001788 0.086384 0.066391 9.808395 
50.199147 -0.004107 0.000881 -0.037351 -0.600391 2.393348 -0.001154 0.000000 0.000000 0.000000 -0.787450 0.121021 -0.078120 0.000000 0.000000 0.000000 0.001330 -0.000679 0.001703 0.019316 -0.028523 0.004959 0.085348 0.069000 9.808386 
50.399024 -0.004316 0.001171 -0.035296 -0.703169 2.387738 -0.007773 0.000000 0.000000 0.000000 -0.725725 -0.060460 -0.019981 0.000000 0.000000 0.000000 0.000880 -0.002535 0.001686 0.007127 -0.030795 0.004565 0.086661 0.062633 9.808417 
50.600195 0.004556 0.038507 -0.029104 -0.480653 2.331381 -0.008464 0.000000 0.000000 0.000000 0.955152 -0.440789 -0.032984 0.000000 0.000000 0.000000 0.000229 -0.009973 0.002185 -0.035961 -0.049728 0.003879 0.096260 0.039282 9.808449 
50.998654 -0.004242 0.031155 -0.029511 -0.450469 2.254321 -0.059165 0.000000 0.000000 0.000000 -0.205682 -0.055313 -0.129977 0.000000 0.000000 0.000000 0.002384 -0.003867 0.001562 -0.012615 -0.046556 0.007652 0.093186 0.052012 9.808419 
51.198508 -0.005002 0.029425 -0.025518 -0.537625 2.188910 -0.061537 0.000000 0.000000 0.000000 -0.491623 -0.293666 0.033612 0.000000 0.000000 0.000000 0.001385 -0.003320 0.001409 -0.011900 -0.039414 0.005636 0.090289 0.051853 9.808447 
51.798158 -0.006693 0.029689 -0.027339 -0.535061 2.011922 -0.037594 0.000000 0.000000 0.000000 0.247090 -0.276234 0.024115 0.000000 0.000000 0.000000 0.001367 -0.008138 0.001339 -0.019236 -0.043117 0.003480 0.093174 0.048249 9.808439 
51.998024 -0.007740 0.028666 -0.024644 -0.510697 1.961014 -0.048234 0.000000 0.000000 0.000000 0.098500 -0.136243 -0.115312 0.000000 0.000000 0.000000 0.001213 -0.007897 0.001306 -0.019138 -0.041997 0.006570 0.091553 0.048528 9.808453 
52.199236 -0.006183 0.029639 -0.024401 -0.522540 1.896354 -0.044396 0.000000 0.000000 0.000000 -0.065183 -0.319522 0.025809 0.000000 0.000000 0.000000 0.001212 -0.007828 0.001270 -0.018261 -0.038869 0.005962 0.090221 0.048662 9.808464 
52.399072 -0.006877 0.029361 -0.023609 -0.506443 1.830262 -0.044416 0.000000 0.000000 0.000000 0.064391 -0.338376 -0.020368 0.000000 0.000000 0.000000 0.001160 -0.007774 0.001070 -0.022918 -0.040706 0.006124 0.091423 0.046846 9.808462 
52.597593 -0.006433 0.029492 -0.022424 -0.523142 1.758656 -0.038354 0.000000 0.000000 0.000000 -0.091785 -0.358057 0.019776 0.000000 0.000000 0.000000 0.001183 -0.007724 0.001075 -0.018087 -0.038754 0.004345 0.090637 0.048640 9.808461 
52.797502 -0.006265 0.029365 -0.021421 -0.524566 1.676307 -0.032078 0.000000 0.000000 0.000000 -0.016908 -0.429762 0.027489 0.000000 0.000000 0.000000 0.001042 -0.007649 0.000948 -0.020542 -0.038773 0.001905 0.091622 0.047502 9.808457 
53.198580 -0.006361 0.029339 -0.023400 -0.552931 1.540874 -0.021970 0.000000 0.000000 0.000000 -0.127169 -0.284527 0.044509 0.000000 0.000000 0.000000 0.001742 -0.007110 0.001017 -0.019552 -0.039919 0.005598 0.090980 0.048210 9.808460 
53.798291 -0.006605 0.030011 -0.019193 -0.547033 1.350447 -0.002675 0.000000 0.000000 0.000000 0.047275 -0.278082 0.063625 0.000000 0.000000 0.000000 0.001716 -0.008121 0.000546 -0.024132 -0.041012 0.009291 0.090908 0.046640 9.808468 
53.998138 -0.005984 0.030264 -0.019389 -0.536349 1.293571 -0.012091 0.000000 0.000000 0.000000 0.026690 -0.283022 -0.065653 0.000000 0.000000 0.000000 0.001675 -0.008081 0.000488 -0.024734 -0.041033 0.010039 0.090730 0.046422 9.808471 
54.198030 -0.005740 0.030328 -0.016443 -0.547314 1.215367 -0.004720 0.000000 0.000000 0.000000 -0.064236 -0.396919 0.036538 0.000000 0.000000 0.000000 0.001433 -0.008072 0.000307 -0.023734 -0.038462 0.008358 0.090135 0.046465 9.808476 
54.397919 -0.004901 0.029973 -0.017188 -0.590295 1.137705 -0.013079 0.000000 0.000000 0.000000 -0.237774 -0.378370 -0.021311 0.000000 0.000000 0.000000 0.001362 -0.008165 0.000379 -0.020562 -0.038254 0.009016 0.089423 0.047562 9.808477 
54.597804 -0.005543 0.030143 -0.020330 -0.633966 1.078689 -0.007086 0.000000 0.000000 0.000000 -0.248974 -0.257545 0.038192 0.000000 0.000000 0.000000 0.001394 -0.008063 0.000576 -0.021686 -0.039241 0.006939 0.090498 0.047299 9.808468 
54.797720 -0.005161 0.030538 -0.019053 -0.596807 1.029396 -0.011699 0.000000 0.000000 0.000000 0.145540 -0.299640 -0.092541 0.000000 0.000000 0.000000 0.001557 -0.008992 0.000398 -0.033137 -0.043853 0.005777 0.094068 0.044072 9.808450 
54.997594 -0.005095 0.030247 -0.015170 -0.592373 0.958666 -0.009578 0.000000 0.000000 0.000000 -0.021448 -0.383246 0.024526 0.000000 0.000000 0.000000 0.001448 -0.008732 0.000321 -0.030978 -0.042144 0.003293 0.093895 0.044486 9.808450 
55.197483 -0.005172 0.030249 -0.016373 -0.608627 0.882738 -0.004188 0.000000 0.000000 0.000000 -0.120376 -0.359698 0.034017 0.000000 0.000000 0.000000 0.001387 -0.008559 0.000421 -0.030458 -0.042516 0.003348 0.093930 0.044721 9.808448 
55.397399 -0.004932 0.030358 -0.013601 -0.602862 0.814238 -0.004899 0.000000 0.000000 0.000000 0.021780 -0.362107 0.014958 0.000000 0.000000 0.000000 0.001532 -0.008638 0.000233 -0.034866 -0.045517 0.005734 0.094889 0.043866 9.808443 
55.597251 -0.004786 0.030378 -0.014095 -0.623075 0.750213 -0.005488 0.000000 0.000000 0.000000 -0.116923 -0.345777 -0.045508 0.000000 0.000000 0.000000 0.001646 -0.008531 0.000245 -0.031722 -0.047092 0.006571 0.094700 0.045142 9.808439 
55.798213 -0.004598 0.030047 -0.014227 -0.629835 0.677593 -0.013783 0.000000 0.000000 0.000000 -0.071114 -0.348568 -0.075441 0.000000 0.000000 0.000000 0.001546 -0.008607 0.000280 -0.034183 -0.046206 0.003572 0.095614 0.044188 9.808434 
55.997008 -0.004231 0.030374 -0.015370 -0.631443 0.602852 -0.011751 0.000000 0.000000 0.000000 -0.044002 -0.419895 -0.006247 0.000000 0.000000 0.000000 0.001552 -0.008742 0.000296 -0.035829 -0.045944 0.000477 0.096628 0.043555 9.808427 
56.196922 -0.004218 0.030459 -0.012476 -0.622936 0.530796 -0.008476 0.000000 0.000000 0.000000 0.003473 -0.373948 -0.001512 0.000000 0.000000 0.000000 0.001485 -0.008624 -0.000092 -0.036489 -0.047433 -0.000383 0.097389 0.043544 9.808420 
56.395161 -0.004632 0.029976 -0.011257 -0.646081 0.457508 -0.007949 0.000000 0.000000 0.000000 -0.129134 -0.370065 -0.058421 0.000000 0.000000 0.000000 0.001657 -0.008537 -0.000037 -0.033535 -0.047150 -0.000987 0.097014 0.044379 9.808420 
56.596382 -0.004012 0.030285 -0.010287 -0.632971 0.391952 -0.011595 0.000000 0.000000 0.000000 0.032757 -0.415238 -0.112296 0.000000 0.000000 0.000000 0.001769 -0.009097 -0.000178 -0.037962 -0.050664 -0.005148 0.099750 0.043604 9.808396 
56.797582 -0.004478 0.030111 -0.008502 -0.680576 0.335498 -0.010725 0.000000 0.000000 0.000000 -0.298594 -0.320352 -0.044336 0.000000 0.000000 0.000000 0.002494 -0.008266 -0.000314 -0.029938 -0.053317 -0.011118 0.100463 0.046090 9.808377 
56.996133 -0.004343 0.029999 -0.009407 -0.693783 0.270995 -0.013283 0.000000 0.000000 0.000000 -0.042892 -0.327012 -0.240384 0.000000 0.000000 0.000000 0.002444 -0.008741 -0.000280 -0.034035 -0.053413 -0.016549 0.102436 0.044973 9.808362 
57.196023 -0.004230 0.030181 -0.011535 -0.657290 0.214739 -0.010495 0.000000 0.000000 0.000000 0.149152 -0.319769 -0.019135 0.000000 0.000000 0.000000 0.002505 -0.008584 -0.000198 -0.035616 -0.054418 -0.019629 0.103643 0.044723 9.808350 
57.397226 -0.004071 0.030274 -0.009577 -0.649490 0.136530 -0.002582 0.000000 0.000000 0.000000 0.006071 -0.393511 -0.004490 0.000000 0.000000 0.000000 0.002098 -0.008536 -0.000376 -0.034663 -0.051164 -0.019951 0.102784 0.044371 9.808361 
57.597091 -0.004096 0.030274 -0.006098 -0.669684 0.057410 0.002129 0.000000 0.000000 0.000000 -0.120634 -0.369712 0.006951 0.000000 0.000000 0.000000 0.002065 -0.008180 -0.000578 -0.031112 -0.051036 -0.021839 0.102614 0.045250 9.808359 
57.795672 -0.004004 0.030275 -0.006850 -0.697027 -0.007584 0.001731 0.000000 0.000000 0.000000 -0.152555 -0.344359 -0.052158 0.000000 0.000000 0.000000 0.002151 -0.007990 -0.000578 -0.029186 -0.052553 -0.023997 0.103144 0.045967 9.808350 
57.995494 -0.003835 0.030316 -0.004625 -0.683672 -0.068703 0.004085 0.000000 0.000000 0.000000 0.094232 -0.264645 0.030617 0.000000 0.000000 0.000000 0.002075 -0.008292 -0.000578 -0.034231 -0.052982 -0.024909 0.104412 0.045076 9.808341 
58.195386 -0.004149 0.030527 -0.006012 -0.710058 -0.150011 0.008227 0.000000 0.000000 0.000000 -0.159355 -0.369441 0.082785 0.000000 0.000000 0.000000 0.001917 -0.008301 -0.000393 -0.031744 -0.050248 -0.024465 0.103362 0.044966 9.808352 
58.395316 -0.003943 0.030595 -0.008672 -0.733917 -0.222448 0.009477 0.000000 0.000000 0.000000 -0.165495 -0.333298 0.069127 0.000000 0.000000 0.000000 0.001895 -0.008231 -0.000210 -0.035616 -0.050661 -0.018920 0.102958 0.044396 9.808359 
58.595194 -0.004063 0.030567 -0.008945 -0.724381 -0.278561 0.010578 0.000000 0.000000 0.000000 0.012232 -0.337014 0.037183 0.000000 0.000000 0.000000 0.002069 -0.008615 -0.000258 -0.042477 -0.054368 -0.017058 0.104487 0.043823 9.808346 
58.794979 -0.003818 0.030547 -0.006448 -0.700219 -0.341467 0.008815 0.000000 0.000000 0.000000 0.077840 -0.335081 0.008428 0.000000 0.000000 0.000000 0.002143 -0.008679 -0.000516 -0.046074 -0.055649 -0.016385 0.105227 0.043268 9.808340 
58.996310 -0.003792 0.030577 -0.004475 -0.707047 -0.412118 0.009992 0.000000 0.000000 0.000000 -0.054793 -0.392398 0.086834 0.000000 0.000000 0.000000 0.002321 -0.008427 -0.000543 -0.043161 -0.055742 -0.013474 0.104066 0.044030 9.808349 
59.196107 -0.003558 0.030455 -0.001648 -0.717016 -0.474080 0.010474 0.000000 0.000000 0.000000 -0.086908 -0.314558 0.041550 0.000000 0.000000 0.000000 0.002511 -0.008496 -0.000874 -0.043666 -0.057261 -0.012366 0.104179 0.044306 9.808347 
59.394735 -0.003829 0.030518 -0.000442 -0.761067 -0.529529 0.016950 0.000000 0.000000 0.000000 -0.235251 -0.283798 0.079500 0.000000 0.000000 0.000000 0.002597 -0.008323 -0.000823 -0.039815 -0.058006 -0.012375 0.103590 0.045070 9.808349 
59.593249 -0.004030 0.030708 -0.003245 -0.758504 -0.587452 0.026299 0.000000 0.000000 0.000000 -0.021985 -0.304377 0.071520 0.000000 0.000000 0.000000 0.002349 -0.008954 -0.000669 -0.049394 -0.058486 -0.008342 0.104682 0.043881 9.808343 
59.794415 -0.003687 0.030744 -0.003770 -0.739462 -0.660641 0.023077 0.000000 0.000000 0.000000 0.053080 -0.370645 0.007529 0.000000 0.000000 0.000000 0.002045 -0.009222 -0.000684 -0.055616 -0.056314 -0.002133 0.104296 0.042413 9.808354 
59.994265 -0.003325 0.030702 -0.001684 -0.726214 -0.719106 0.015225 0.000000 0.000000 0.000000 0.039623 -0.222384 -0.040920 0.000000 0.000000 0.000000 0.002160 -0.009261 -0.000770 -0.056794 -0.058184 -0.000477 0.104422 0.042546 9.808352 
60.394025 -0.003483 0.030784 0.001346 -0.723259 -0.782732 0.022009 0.000000 0.000000 0.000000 -0.037319 -0.131210 0.024620 0.000000 0.000000 0.000000 0.001945 -0.009185 -0.000867 -0.057674 -0.056101 -0.000945 0.104387 0.042040 9.808354 
60.593925 -0.003487 0.030557 0.001054 -0.728180 -0.763001 0.022449 0.000000 0.000000 0.000000 -0.055606 0.102934 0.000870 0.000000 0.000000 0.000000 0.002162 -0.009116 -0.000869 -0.057880 -0.062028 0.000115 0.104787 0.043120 9.808345 
60.793791 -0.003535 0.030440 -0.001419 -0.764085 -0.754723 0.016615 0.000000 0.000000 0.000000 -0.291672 0.035225 -0.027709 0.000000 0.000000 0.000000 0.002042 -0.009113 -0.000807 -0.056565 -0.060479 0.001091 0.104176 0.042936 9.808353 
60.993682 -0.002634 0.031882 0.002139 -0.805808 -0.757664 0.005888 0.000000 0.000000 0.000000 -0.329373 -0.049231 -0.094998 0.000000 0.000000 0.000000 0.001951 -0.009574 -0.000830 -0.060661 -0.059665 0.001070 0.104865 0.042368 9.808348 
61.194899 -0.003650 0.033605 0.005876 -0.697241 -0.765139 0.001899 0.000000 0.000000 0.000000 0.389706 -0.058345 -0.002352 0.000000 0.000000 0.000000 0.002009 -0.008772 -0.001118 -0.070970 -0.060357 0.000203 0.106973 0.041290 9.808330 
61.394743 -0.003002 0.031501 0.008320 -0.542249 -0.762768 0.008037 0.000000 0.000000 0.000000 0.736259 -0.015303 0.024483 0.000000 0.000000 0.000000 0.002072 -0.008553 -0.001353 -0.079786 -0.062191 -0.003004 0.109673 0.040917 9.808302 
61.593383 -0.002771 0.031542 0.009952 -0.439114 -0.761628 0.017488 0.000000 0.000000 0.000000 0.507332 0.005096 0.018091 0.000000 0.000000 0.000000 0.002129 -0.008152 -0.001437 -0.072912 -0.063559 -0.005744 0.109163 0.041528 9.808305 
61.793262 -0.002650 0.031980 0.011430 -0.363196 -0.772125 0.015297 0.000000 0.000000 0.000000 0.341304 -0.042939 -0.004325 0.000000 0.000000 0.000000 0.002030 -0.008047 -0.001615 -0.070762 -0.061745 -0.005050 0.108571 0.041217 9.808313 
62.194253 -0.002839 0.032292 0.017896 -0.152734 -0.777523 0.008029 0.000000 0.000000 0.000000 0.585538 -0.012807 -0.031964 0.000000 0.000000 0.000000 0.002313 -0.008890 -0.001726 -0.073088 -0.062536 -0.008951 0.109835 0.041371 9.808298 
62.392843 -0.002743 0.032587 0.020455 -0.065957 -0.777868 0.008437 0.000000 0.000000 0.000000 0.403533 0.009374 0.028236 0.000000 0.000000 0.000000 0.002591 -0.007858 -0.001865 -0.071364 -0.062989 -0.008454 0.109386 0.041374 9.808303 
62.592710 -0.002765 0.032686 0.021565 0.020175 -0.767378 0.005783 0.000000 0.000000 0.000000 0.388905 0.047865 -0.030089 0.000000 0.000000 0.000000 0.002746 -0.008003 -0.001991 -0.072327 -0.063890 -0.010526 0.109893 0.041628 9.808296 
62.793941 -0.003305 0.032802 0.023372 0.119230 -0.768353 0.010258 0.000000 0.000000 0.000000 0.461679 0.004077 0.013850 0.000000 0.000000 0.000000 0.002579 -0.008194 -0.002038 -0.075897 -0.061222 -0.011202 0.110929 0.041581 9.808285 
62.993813 -0.003325 0.033062 0.023987 0.225651 -0.771516 0.011599 0.000000 0.000000 0.000000 0.519908 -0.034428 -0.029922 0.000000 0.000000 0.000000 0.002521 -0.008386 -0.002064 -0.077998 -0.060574 -0.011987 0.111526 0.041780 9.808277 
63.192323 -0.003375 0.033220 0.027373 0.332306 -0.778308 0.008129 0.000000 0.000000 0.000000 0.506623 -0.041414 -0.000347 0.000000 0.000000 0.000000 0.002374 -0.008412 -0.002344 -0.078558 -0.060464 -0.011723 0.111579 0.041823 9.808276 
63.392216 -0.003503 0.033441 0.029877 0.418141 -0.785457 0.006323 0.000000 0.000000 0.000000 0.398428 -0.035734 0.010254 0.000000 0.000000 0.000000 0.002282 -0.008315 -0.002542 -0.076413 -0.061028 -0.012785 0.111368 0.041677 9.808279 
63.593450 -0.003725 0.033577 0.031439 0.495777 -0.782829 0.008173 0.000000 0.000000 0.000000 0.359467 0.011567 0.039927 0.000000 0.000000 0.000000 0.002428 -0.008190 -0.002602 -0.076845 -0.063104 -0.011784 0.110885 0.041991 9.808283 
63.793321 -0.003925 0.033838 0.032406 0.590726 -0.778418 0.015314 0.000000 0.000000 0.000000 0.465317 0.005126 0.018947 0.000000 0.000000 0.000000 0.002501 -0.008423 -0.002690 -0.080029 -0.063070 -0.011718 0.111313 0.042617 9.808276 
63.991915 -0.003987 0.034089 0.033176 0.681377 -0.771958 0.017163 0.000000 0.000000 0.000000 0.415893 0.057810 0.084957 0.000000 0.000000 0.000000 0.002508 -0.008486 -0.002713 -0.081188 -0.063300 -0.009181 0.110886 0.042710 9.808280 
64.191712 -0.003647 0.034394 0.035746 0.799234 -0.780632 0.005339 0.000000 0.000000 0.000000 0.531453 -0.041411 -0.016605 0.000000 0.000000 0.000000 0.002353 -0.008664 -0.003037 -0.083932 -0.061131 -0.007113 0.111314 0.042844 9.808275 
64.592830 -0.004178 0.034926 0.041073 0.961693 -0.788566 0.011119 0.000000 0.000000 0.000000 0.325003 -0.003621 -0.005146 0.000000 0.000000 0.000000 0.002477 -0.008428 -0.003440 -0.082068 -0.062384 -0.009619 0.111239 0.042743 9.808276 
64.791381 -0.004424 0.034927 0.041786 1.042899 -0.779344 0.003292 0.000000 0.000000 0.000000 0.387700 0.050663 -0.014958 0.000000 0.000000 0.000000 0.002610 -0.008558 -0.003486 -0.085149 -0.062749 -0.007732 0.111144 0.043422 9.808274 
64.992617 -0.004440 0.035004 0.042975 1.145190 -0.776823 0.002370 0.000000 0.000000 0.000000 0.537122 -0.013020 0.071683 0.000000 0.000000 0.000000 0.002610 -0.008661 -0.003503 -0.088199 -0.060548 -0.005232 0.111580 0.043904 9.808267 
65.192511 -0.003984 0.035573 0.043133 1.283558 -0.784223 -0.003712 0.000000 0.000000 0.000000 0.648337 -0.045641 -0.020068 0.000000 0.000000 0.000000 0.002492 -0.008732 -0.003674 -0.091370 -0.059135 -0.003683 0.111978 0.044582 9.808259 
65.392407 -0.004810 0.035951 0.047630 1.357717 -0.785771 -0.006630 0.000000 0.000000 0.000000 0.359053 0.006954 -0.002433 0.000000 0.000000 0.000000 0.002376 -0.008939 -0.004064 -0.084192 -0.063515 -0.003164 0.110045 0.042890 9.808289 
65.590948 -0.004936 0.035821 0.049095 1.435097 -0.765413 -0.006854 0.000000 0.000000 0.000000 0.349081 0.094603 -0.009407 0.000000 0.000000 0.000000 0.002450 -0.008643 -0.004176 -0.086947 -0.066664 -0.004854 0.109637 0.044082 9.808288 
65.992041 -0.004347 0.036459 0.049742 1.647068 -0.748412 -0.020684 0.000000 0.000000 0.000000 0.565205 0.017678 -0.055946 0.000000 0.000000 0.000000 0.002201 -0.009254 -0.004209 -0.092997 -0.062460 -0.003846 0.111138 0.045801 9.808263 
66.191961 -0.004325 0.037038 0.054130 1.745945 -0.764934 -0.016004 0.000000 0.000000 0.000000 0.490779 -0.083840 0.029189 0.000000 0.000000 0.000000 0.002049 -0.009130 -0.004510 -0.090805 -0.060948 -0.004975 0.111799 0.045093 9.808259 
66.390505 -0.004708 0.037030 0.057685 1.814709 -0.760075 -0.015100 0.000000 0.000000 0.000000 0.313147 0.027178 0.055559 0.000000 0.000000 0.000000 0.002140 -0.008871 -0.004729 -0.089234 -0.066146 -0.001163 0.109249 0.044368 9.808291 
66.591715 -0.005092 0.037391 0.060121 1.907224 -0.762964 -0.014583 0.000000 0.000000 0.000000 0.408951 -0.011728 0.053251 0.000000 0.000000 0.000000 0.001878 -0.009082 -0.004895 -0.094468 -0.062221 0.001441 0.110334 0.045925 9.808272 
66.791558 -0.005112 0.037365 0.061874 2.001784 -0.761267 -0.017725 0.000000 0.000000 0.000000 0.438647 -0.010461 -0.000171 0.000000 0.000000 0.000000 0.001970 -0.009084 -0.004969 -0.098328 -0.061786 0.004971 0.109870 0.046986 9.808272 
67.391214 -0.004680 0.038165 0.067000 2.296634 -0.767474 -0.032341 0.000000 0.000000 0.000000 0.477702 0.003840 -0.022319 0.000000 0.000000 0.000000 0.001989 -0.010962 -0.005046 -0.101307 -0.060866 0.007798 0.109633 0.048014 9.808270 
67.790976 -0.004756 0.038670 0.071517 2.473949 -0.749400 -0.040907 0.000000 0.000000 0.000000 0.413801 0.047974 -0.013780 0.000000 0.000000 0.000000 0.002812 -0.010907 -0.005256 -0.102281 -0.061841 0.007769 0.109163 0.048362 9.808273 
67.989546 -0.004520 0.038377 0.068501 2.582551 -0.736730 -0.046851 0.000000 0.000000 0.000000 0.522175 0.047819 -0.240597 0.000000 0.000000 0.000000 0.002847 -0.010875 -0.005223 -0.104701 -0.060217 0.002866 0.110746 0.050128 9.808247 
68.190717 -0.004745 0.038738 0.073276 2.690178 -0.729920 -0.043184 0.000000 0.000000 0.000000 0.503714 0.022886 -0.043169 0.000000 0.000000 0.000000 0.002669 -0.010778 -0.005567 -0.104297 -0.059501 -0.001060 0.111659 0.050480 9.808235 
68.390750 -0.004902 0.039194 0.077297 2.783976 -0.733344 -0.041981 0.000000 0.000000 0.000000 0.457956 -0.011992 0.011865 0.000000 0.000000 0.000000 0.002631 -0.010750 -0.005748 -0.102242 -0.058484 -0.002402 0.112435 0.049816 9.808229 
68.589211 -0.005028 0.039286 0.078769 2.871968 -0.725097 -0.040031 0.000000 0.000000 0.000000 0.408128 0.051357 0.032661 0.000000 0.000000 0.000000 0.002725 -0.010705 -0.005745 -0.103068 -0.059531 -0.002606 0.111916 0.050106 9.808234 
68.789093 -0.004978 0.039479 0.078724 2.958019 -0.727972 -0.043385 0.000000 0.000000 0.000000 0.411444 -0.015068 -0.052326 0.000000 0.000000 0.000000 0.002520 -0.010653 -0.005642 -0.102408 -0.057257 -0.003120 0.113153 0.050156 9.808219 
68.990293 -0.004912 0.039646 0.079764 3.040839 -0.723936 -0.048999 0.000000 0.000000 0.000000 0.394379 0.051438 -0.081613 0.000000 0.000000 0.000000 0.002508 -0.010698 -0.005648 -0.102741 -0.057599 -0.004869 0.113209 0.050483 9.808217 
69.190170 -0.004920 0.039887 0.082279 3.142218 -0.716723 -0.049864 0.000000 0.000000 0.000000 0.498601 0.029687 -0.001466 0.000000 0.000000 0.000000 0.002486 -0.010554 -0.005951 -0.103968 -0.056526 -0.005768 0.113683 0.051264 9.808207 
69.388759 -0.005064 0.040185 0.084194 3.212970 -0.716752 -0.045970 0.000000 0.000000 0.000000 0.347106 0.002649 0.020528 0.000000 0.000000 0.000000 0.002499 -0.010519 -0.006067 -0.099199 -0.058290 -0.006655 0.113572 0.048962 9.808220 
69.789835 -0.005118 0.040221 0.084461 3.371020 -0.711918 -0.064803 0.000000 0.000000 0.000000 0.460071 0.026912 -0.061819 0.000000 0.000000 0.000000 0.002512 -0.010157 -0.006017 -0.099670 -0.058098 -0.005405 0.113409 0.049055 9.808222 
69.989720 -0.005208 0.040351 0.087361 3.386843 -0.721054 -0.056818 0.000000 0.000000 0.000000 -0.055079 -0.055508 0.103481 0.000000 0.000000 0.000000 0.002467 -0.010094 -0.006031 -0.090672 -0.061737 -0.008599 0.113644 0.044616 9.808240 
70.188245 -0.005633 0.040643 0.087872 3.327401 -0.711825 -0.046953 0.000000 0.000000 0.000000 -0.336505 0.126873 0.081797 0.000000 0.000000 0.000000 0.002275 -0.010469 -0.005888 -0.089321 -0.063694 -0.008084 0.112853 0.043645 9.808254 
70.389450 -0.005900 0.040907 0.084985 3.328862 -0.698071 -0.029869 0.000000 0.000000 0.000000 -0.060928 0.168366 0.118762 0.000000 0.000000 0.000000 0.002102 -0.010407 -0.005852 -0.095787 -0.050208 -0.007461 0.118188 0.048818 9.808166 
70.589344 -0.005830 0.040751 0.085132 3.344713 -0.633313 -0.034926 0.000000 0.000000 0.000000 0.036963 0.315433 0.031151 0.000000 0.000000 0.000000 0.002698 -0.010661 -0.005859 -0.105360 -0.053012 -0.000419 0.114454 0.052070 9.808194 
70.789273 -0.005403 0.040406 0.085973 3.343247 -0.546420 -0.053793 0.000000 0.000000 0.000000 -0.039206 0.403247 -0.080514 0.000000 0.000000 0.000000 0.003110 -0.010519 -0.005818 -0.108716 -0.058116 0.004421 0.110819 0.052438 9.808234 
70.989137 -0.005663 0.040415 0.081688 3.334993 -0.488734 -0.056678 0.000000 0.000000 0.000000 -0.062457 0.218745 0.070390 0.000000 0.000000 0.000000 0.003079 -0.010486 -0.005750 -0.107400 -0.055857 0.004335 0.112071 0.052155 9.808221 
71.388902 -0.005785 0.040432 0.081066 3.318733 -0.404080 -0.054812 0.000000 0.000000 0.000000 -0.075524 0.172466 -0.007781 0.000000 0.000000 0.000000 0.002849 -0.010315 -0.005593 -0.109264 -0.055003 0.006295 0.111971 0.052856 9.808218 
71.588806 -0.005969 0.040615 0.082417 3.307284 -0.366690 -0.049757 0.000000 0.000000 0.000000 -0.075756 0.156605 0.048605 0.000000 0.000000 0.000000 0.002808 -0.010275 -0.005593 -0.110692 -0.055469 0.007886 0.111382 0.053224 9.808223 
71.787420 -0.006149 0.040606 0.079245 3.323088 -0.322845 -0.045656 0.000000 0.000000 0.000000 0.056896 0.213728 0.003208 0.000000 0.000000 0.000000 0.002897 -0.010675 -0.005411 -0.116559 -0.054657 0.009271 0.110890 0.055739 9.808215 
72.188580 -0.008703 0.040171 0.080350 3.348611 -0.230707 -0.038486 0.000000 0.000000 0.000000 0.041027 0.260533 0.050612 0.000000 0.000000 0.000000 0.002695 -0.010966 -0.005419 -0.117481 -0.053805 0.009429 0.111144 0.056211 9.808209 
72.388395 -0.006777 0.040757 0.081688 3.351125 -0.198971 -0.046001 0.000000 0.000000 0.000000 -0.019513 0.149602 -0.049120 0.000000 0.000000 0.000000 0.001755 -0.010909 -0.005489 -0.117018 -0.052186 0.010515 0.111757 0.056001 9.808203 
72.588220 -0.006704 0.040717 0.081090 3.334344 -0.153271 -0.047168 0.000000 0.000000 0.000000 -0.104760 0.220828 -0.010171 0.000000 0.000000 0.000000 0.002078 -0.010768 -0.005412 -0.117082 -0.056411 0.009866 0.110028 0.055702 9.808225 
72.788110 -0.006791 0.040847 0.082260 3.320134 -0.113726 -0.044483 0.000000 0.000000 0.000000 -0.096702 0.209582 0.050091 0.000000 0.000000 0.000000 0.001918 -0.010755 -0.005420 -0.118841 -0.052837 0.012090 0.111091 0.056561 9.808208 
73.186601 -0.006906 0.040766 0.080982 3.315849 -0.031828 -0.049702 0.000000 0.000000 0.000000 -0.007439 0.190222 -0.004472 0.000000 0.000000 0.000000 0.001674 -0.011390 -0.005326 -0.121368 -0.050949 0.014939 0.111224 0.057549 9.808201 
73.387828 -0.006686 0.040378 0.077860 3.304303 0.027699 -0.053013 0.000000 0.000000 0.000000 -0.093302 0.321253 0.028178 0.000000 0.000000 0.000000 0.002403 -0.011150 -0.005091 -0.122192 -0.052709 0.016169 0.110171 0.057553 9.808212 
73.587835 -0.006580 0.040604 0.077000 3.338504 0.047765 -0.064465 0.000000 0.000000 0.000000 0.150388 0.059830 -0.101359 0.000000 0.000000 0.000000 0.001590 -0.012105 -0.005003 -0.127383 -0.041575 0.016820 0.114239 0.060665 9.808147 
73.986169 -0.006977 0.040698 0.077618 3.280929 0.118401 -0.053202 0.000000 0.000000 0.000000 -0.269870 0.235964 0.027490 0.000000 0.000000 0.000000 0.002163 -0.010878 -0.004947 -0.120535 -0.049350 0.013337 0.112101 0.057748 9.808189 
74.187441 -0.006763 0.040276 0.075437 3.350260 0.148976 -0.060163 0.000000 0.000000 0.000000 0.306944 0.133280 -0.045723 0.000000 0.000000 0.000000 0.001804 -0.011488 -0.004943 -0.135503 -0.037749 0.013533 0.115692 0.064324 9.808107 
74.387397 -0.006936 0.040698 0.077855 3.371892 0.188864 -0.063357 0.000000 0.000000 0.000000 0.079704 0.234676 0.013154 0.000000 0.000000 0.000000 0.002099 -0.011104 -0.005026 -0.130554 -0.042281 0.012938 0.114309 0.062209 9.808137 
74.587231 -0.007295 0.040874 0.078826 3.367842 0.236299 -0.057941 0.000000 0.000000 0.000000 -0.043530 0.241610 0.068892 0.000000 0.000000 0.000000 0.002106 -0.010848 -0.005021 -0.128008 -0.044046 0.013062 0.113758 0.061100 9.808150 
74.785690 -0.007196 0.040833 0.080876 3.367522 0.284982 -0.061563 0.000000 0.000000 0.000000 -0.021116 0.255519 -0.070281 0.000000 0.000000 0.000000 0.002192 -0.010854 -0.005176 -0.130082 -0.044032 0.012189 0.113743 0.062000 9.808145 
74.985584 -0.007390 0.040613 0.079090 3.339162 0.339629 -0.062270 0.000000 0.000000 0.000000 -0.225845 0.336702 0.164111 0.000000 0.000000 0.000000 0.002148 -0.010634 -0.005110 -0.127767 -0.045461 0.012640 0.113280 0.060932 9.808157 
75.186965 -0.007170 0.040520 0.075429 3.325085 0.402191 -0.061830 0.000000 0.000000 0.000000 -0.082676 0.292788 0.007401 0.000000 0.000000 0.000000 0.002339 -0.010559 -0.004775 -0.129472 -0.044298 0.013875 0.113463 0.061608 9.808150 
75.386913 -0.007323 0.040528 0.073785 3.314523 0.475114 -0.066854 0.000000 0.000000 0.000000 -0.079845 0.335783 -0.056820 0.000000 0.000000 0.000000 0.002277 -0.010409 -0.004564 -0.132060 -0.046069 0.015852 0.112355 0.062343 9.808158 
75.585294 -0.007528 0.040746 0.072763 3.333689 0.530290 -0.063080 0.000000 0.000000 0.000000 0.050073 0.279298 0.043475 0.000000 0.000000 0.000000 0.002266 -0.010704 -0.004490 -0.138519 -0.038343 0.014089 0.115146 0.065284 9.808107 
75.785213 -0.007695 0.040556 0.072114 3.344778 0.590039 -0.063881 0.000000 0.000000 0.000000 0.042830 0.279130 0.003898 0.000000 0.000000 0.000000 0.002522 -0.010675 -0.004438 -0.140403 -0.039005 0.016358 0.114504 0.065791 9.808111 
76.186490 -0.007828 0.040778 0.073205 3.332177 0.729945 -0.062585 0.000000 0.000000 0.000000 -0.082307 0.385955 -0.051906 0.000000 0.000000 0.000000 0.002938 -0.010060 -0.004452 -0.139106 -0.040469 0.013581 0.114444 0.065491 9.808114 
76.384850 -0.006925 0.039863 0.073002 3.336323 0.809350 -0.095230 0.000000 0.000000 0.000000 -0.006231 0.419433 -0.158960 0.000000 0.000000 0.000000 0.002407 -0.010976 -0.004345 -0.141072 -0.038552 0.014484 0.114893 0.066127 9.808104 
76.586260 -0.007062 0.039803 0.070877 3.344218 0.882324 -0.096324 0.000000 0.000000 0.000000 0.028373 0.329143 -0.036022 0.000000 0.000000 0.000000 0.002251 -0.011008 -0.004153 -0.140953 -0.035538 0.010271 0.116603 0.066532 9.808081 
76.786174 -0.007217 0.039735 0.069276 3.351548 0.957783 -0.101644 0.000000 0.000000 0.000000 0.042202 0.357471 -0.046712 0.000000 0.000000 0.000000 0.002433 -0.010918 -0.004064 -0.142133 -0.037759 0.008005 0.116129 0.067027 9.808084 
77.184441 -0.007654 0.040032 0.069468 3.367969 1.103570 -0.087980 0.000000 0.000000 0.000000 0.028067 0.404893 0.165908 0.000000 0.000000 0.000000 0.002743 -0.011024 -0.004060 -0.143614 -0.038861 0.011639 0.115288 0.067227 9.808092 
77.385738 -0.008018 0.040312 0.069433 3.376720 1.182396 -0.093735 0.000000 0.000000 0.000000 0.011731 0.353879 -0.084477 0.000000 0.000000 0.000000 0.002557 -0.011609 -0.004083 -0.145047 -0.038877 0.013148 0.115096 0.067505 9.808092 
77.586879 -0.008035 0.040321 0.069823 3.363873 1.253616 -0.093719 0.000000 0.000000 0.000000 -0.108017 0.402461 0.069706 0.000000 0.000000 0.000000 0.002531 -0.011600 -0.003968 -0.143708 -0.038545 0.010646 0.115469 0.067324 9.808089 
77.985443 -0.008598 0.040560 0.063698 3.351444 1.394466 -0.088857 0.000000 0.000000 0.000000 -0.036306 0.274145 -0.086986 0.000000 0.000000 0.000000 0.001887 -0.011662 -0.003476 -0.146996 -0.035441 0.017652 0.115568 0.067861 9.808084 
78.185198 -0.008701 0.040592 0.063170 3.360369 1.466917 -0.091043 0.000000 0.000000 0.000000 0.015713 0.342775 -0.010697 0.000000 0.000000 0.000000 0.002275 -0.011871 -0.003406 -0.149496 -0.036382 0.014519 0.115721 0.068972 9.808075 
78.386550 -0.008968 0.040767 0.065361 3.388319 1.530957 -0.083223 0.000000 0.000000 0.000000 0.126490 0.325529 0.041178 0.000000 0.000000 0.000000 0.001853 -0.012204 -0.003524 -0.153012 -0.032284 0.013750 0.117019 0.069941 9.808053 
78.586286 -0.009075 0.040874 0.064364 3.396362 1.595470 -0.083625 0.000000 0.000000 0.000000 0.031680 0.292486 -0.063487 0.000000 0.000000 0.000000 0.002118 -0.012034 -0.003578 -0.150888 -0.034678 0.014080 0.116283 0.069388 9.808065 
78.784926 -0.007298 0.038370 0.065401 3.347428 1.654774 -0.089293 0.000000 0.000000 0.000000 -0.294466 0.266517 -0.178388 0.000000 0.000000 0.000000 0.002262 -0.011352 -0.003509 -0.143982 -0.038571 0.009515 0.115646 0.067803 9.808084 
78.984856 -0.008900 0.040239 0.062687 3.380589 1.725307 -0.086686 0.000000 0.000000 0.000000 0.266770 0.338315 0.151288 0.000000 0.000000 0.000000 0.002420 -0.012531 -0.003459 -0.153934 -0.036950 0.007353 0.116453 0.070750 9.808054 
79.186030 -0.009298 0.040575 0.063163 3.369630 1.806781 -0.086958 0.000000 0.000000 0.000000 -0.039635 0.348867 -0.015762 0.000000 0.000000 0.000000 0.002513 -0.012431 -0.003352 -0.149745 -0.040565 0.009444 0.115179 0.069553 9.808077 
79.385868 -0.009225 0.040250 0.061633 3.363302 1.865383 -0.081977 0.000000 0.000000 0.000000 -0.039177 0.220435 0.056803 0.000000 0.000000 0.000000 0.002559 -0.012152 -0.003267 -0.150093 -0.039412 0.008329 0.115626 0.069690 9.808071 
79.584487 -0.009137 0.040298 0.065748 3.431924 1.882161 -0.087900 0.000000 0.000000 0.000000 0.311397 -0.013508 -0.007218 0.000000 0.000000 0.000000 0.002723 -0.011058 -0.003720 -0.166950 -0.032952 0.012880 0.117143 0.073543 9.808025 
79.784322 -0.009308 0.040531 0.066161 3.421986 1.890727 -0.085604 0.000000 0.000000 0.000000 -0.054050 0.047515 0.011492 0.000000 0.000000 0.000000 0.002770 -0.010874 -0.003699 -0.154729 -0.039807 0.012444 0.115128 0.070673 9.808070 
79.985574 -0.009183 0.040021 0.067633 3.385280 1.873462 -0.066660 0.000000 0.000000 0.000000 -0.210210 -0.125950 0.120086 0.000000 0.000000 0.000000 0.002526 -0.010608 -0.003716 -0.150537 -0.037570 0.010410 0.115935 0.069631 9.808068 
80.184221 -0.009422 0.040502 0.066067 3.352088 1.877902 -0.064394 0.000000 0.000000 0.000000 -0.079483 0.024366 0.021153 0.000000 0.000000 0.000000 0.002656 -0.010134 -0.003396 -0.151354 -0.040114 0.011778 0.115041 0.069770 9.808077 
80.384148 -0.009083 0.039869 0.061462 3.333464 1.900211 -0.075919 0.000000 0.000000 0.000000 -0.057719 0.092559 -0.033058 0.000000 0.000000 0.000000 0.002733 -0.009956 -0.002998 -0.151135 -0.044069 0.014815 0.113491 0.069466 9.808097 
80.584005 -0.009458 0.040334 0.058029 3.262384 1.897451 -0.075276 0.000000 0.000000 0.000000 -0.361670 -0.015057 -0.028770 0.000000 0.000000 0.000000 0.002613 -0.009651 -0.002842 -0.138647 -0.043921 0.011723 0.113748 0.066270 9.808117 
80.785229 -0.009326 0.039982 0.057094 3.175805 1.888778 -0.062923 0.000000 0.000000 0.000000 -0.457425 -0.029925 0.059025 0.000000 0.000000 0.000000 0.002513 -0.009375 -0.002676 -0.136375 -0.043390 0.009807 0.114007 0.065820 9.808117 
80.983728 -0.009457 0.039954 0.055290 3.143572 1.884605 -0.067430 0.000000 0.000000 0.000000 -0.092681 -0.035001 -0.134859 0.000000 0.000000 0.000000 0.002569 -0.009424 -0.002587 -0.145426 -0.041261 0.010989 0.114714 0.067647 9.808096 
81.183696 -0.009388 0.039776 0.052027 3.093972 1.878056 -0.062391 0.000000 0.000000 0.000000 -0.248920 -0.031970 0.032305 0.000000 0.000000 0.000000 0.002387 -0.009479 -0.002253 -0.143145 -0.041919 0.008798 0.114710 0.067315 9.808098 
81.383585 -0.009301 0.039663 0.049927 2.997437 1.877125 -0.060999 0.000000 0.000000 0.000000 -0.474223 0.000941 0.036011 0.000000 0.000000 0.000000 0.002404 -0.009391 -0.002098 -0.136816 -0.044993 0.008999 0.113768 0.066284 9.808116 
81.584832 -0.009339 0.039391 0.048901 2.925740 1.879462 -0.058984 0.000000 0.000000 0.000000 -0.391318 0.001800 0.016346 0.000000 0.000000 0.000000 0.002423 -0.009755 -0.002067 -0.141571 -0.044071 0.006712 0.114470 0.067137 9.808102 
81.783305 -0.009364 0.039410 0.048914 2.861377 1.880263 -0.054740 0.000000 0.000000 0.000000 -0.352244 -0.000092 0.016873 0.000000 0.000000 0.000000 0.002378 -0.009832 -0.002039 -0.144503 -0.043657 0.006627 0.114741 0.067535 9.808096 
81.983274 -0.009037 0.038903 0.045154 2.792451 1.879109 -0.056068 0.000000 0.000000 0.000000 -0.358304 -0.020372 -0.047043 0.000000 0.000000 0.000000 0.002388 -0.009856 -0.001992 -0.144893 -0.043704 0.006433 0.114783 0.067603 9.808095 
82.184506 -0.009014 0.038745 0.044920 2.734243 1.878364 -0.056285 0.000000 0.000000 0.000000 -0.310617 -0.021331 0.004476 0.000000 0.000000 0.000000 0.002471 -0.009746 -0.001920 -0.146010 -0.043814 0.005800 0.114918 0.067774 9.808093 
82.384337 -0.009126 0.038764 0.043909 2.665116 1.875438 -0.052554 0.000000 0.000000 0.000000 -0.363583 -0.026000 0.016158 0.000000 0.000000 0.000000 0.002380 -0.009574 -0.001850 -0.145330 -0.044022 0.004668 0.114973 0.067762 9.808092 
82.582873 -0.008923 0.038507 0.042687 2.600913 1.876479 -0.054068 0.000000 0.000000 0.000000 -0.347513 -0.004928 -0.072722 0.000000 0.000000 0.000000 0.002354 -0.009482 -0.001659 -0.147104 -0.044806 0.002591 0.115268 0.068115 9.808086 
82.782843 -0.009027 0.038350 0.040596 2.552425 1.864379 -0.048932 0.000000 0.000000 0.000000 -0.276883 -0.067303 -0.015657 0.000000 0.000000 0.000000 0.002153 -0.009662 -0.001521 -0.151068 -0.041891 -0.000861 0.116250 0.068445 9.808072 
82.984042 -0.008949 0.038363 0.039098 2.498033 1.870356 -0.045906 0.000000 0.000000 0.000000 -0.282178 0.077399 0.103159 0.000000 0.000000 0.000000 0.002307 -0.009656 -0.001508 -0.151575 -0.044532 0.000046 0.115971 0.068670 9.808074 
83.183957 -0.009193 0.038211 0.038814 2.424891 1.875015 -0.039273 0.000000 0.000000 0.000000 -0.377976 0.022607 0.037978 0.000000 0.000000 0.000000 0.002278 -0.009640 -0.001519 -0.150942 -0.044105 0.000763 0.115872 0.068585 9.808076 
83.382588 -0.008995 0.038105 0.040116 2.345810 1.874526 -0.040499 0.000000 0.000000 0.000000 -0.406514 -0.000934 -0.014794 0.000000 0.000000 0.000000 0.002195 -0.009581 -0.001483 -0.150774 -0.043498 0.002062 0.115773 0.068482 9.808078 
83.582369 -0.008992 0.037956 0.037892 2.287532 1.870060 -0.043008 0.000000 0.000000 0.000000 -0.314477 -0.037767 -0.003075 0.000000 0.000000 0.000000 0.002096 -0.009728 -0.001349 -0.155057 -0.042068 0.002521 0.116168 0.068599 9.808072 
83.783625 -0.008906 0.037755 0.036171 2.222622 1.872602 -0.040870 0.000000 0.000000 0.000000 -0.342830 0.003918 0.008037 0.000000 0.000000 0.000000 0.002329 -0.009620 -0.001257 -0.154967 -0.044637 0.000709 0.116190 0.068869 9.808070 
83.983542 -0.008781 0.037459 0.033906 2.135968 1.880701 -0.035391 0.000000 0.000000 0.000000 -0.513011 0.036359 0.145629 0.000000 0.000000 0.000000 0.002365 -0.009647 -0.001199 -0.153332 -0.046628 0.000847 0.115945 0.068951 9.808072 
84.182122 -0.008709 0.037315 0.031664 2.109418 1.872579 -0.038866 0.000000 0.000000 0.000000 -0.182971 -0.060308 -0.020685 0.000000 0.000000 0.000000 0.002463 -0.009013 -0.001017 -0.158003 -0.045699 0.002145 0.116276 0.068987 9.808068 
84.381968 -0.008738 0.037173 0.030416 2.063166 1.859661 -0.033797 0.000000 0.000000 0.000000 -0.242261 -0.064139 0.014697 0.000000 0.000000 0.000000 0.002416 -0.008912 -0.000901 -0.156991 -0.045960 0.001210 0.116270 0.069019 9.808068 
84.783119 -0.008800 0.037308 0.029499 1.894933 1.869969 -0.036745 0.000000 0.000000 0.000000 -0.482513 0.052173 -0.038197 0.000000 0.000000 0.000000 0.003041 -0.007847 -0.000847 -0.151572 -0.049979 0.004158 0.115597 0.069343 9.808074 
85.182921 -0.008337 0.036397 0.026404 1.759791 1.873767 -0.038819 0.000000 0.000000 0.000000 -0.294352 -0.031694 -0.005945 0.000000 0.000000 0.000000 0.002766 -0.008500 -0.000770 -0.154551 -0.049169 0.004613 0.115786 0.069201 9.808072 
85.382884 -0.008359 0.036353 0.027342 1.721683 1.866311 -0.036375 0.000000 0.000000 0.000000 -0.216154 -0.047566 0.009660 0.000000 0.000000 0.000000 0.002544 -0.009607 -0.000864 -0.157398 -0.048866 0.004405 0.116015 0.069097 9.808071 
85.582729 -0.008116 0.035756 0.025073 1.637032 1.869643 -0.042033 0.000000 0.000000 0.000000 -0.422209 0.015398 -0.028946 0.000000 0.000000 0.000000 0.002616 -0.008831 -0.000583 -0.150463 -0.052165 0.005979 0.115476 0.069620 9.808073 
85.781290 -0.008000 0.035889 0.022480 1.555214 1.864184 -0.040734 0.000000 0.000000 0.000000 -0.426556 -0.026016 -0.028313 0.000000 0.000000 0.000000 0.002547 -0.008895 -0.000391 -0.150790 -0.050690 0.004158 0.115588 0.069523 9.808073 
85.981209 -0.008484 0.035904 0.020767 1.477944 1.865449 -0.034729 0.000000 0.000000 0.000000 -0.381790 0.000523 0.153490 0.000000 0.000000 0.000000 0.002566 -0.008915 -0.000362 -0.152055 -0.051896 0.004556 0.115727 0.069550 9.808071 
86.182407 -0.008577 0.035800 0.018615 1.391350 1.868919 -0.028014 0.000000 0.000000 0.000000 -0.459620 0.013887 0.033190 0.000000 0.000000 0.000000 0.002546 -0.008867 -0.000115 -0.152029 -0.052328 0.005903 0.115658 0.069559 9.808071 
86.382287 -0.008505 0.035600 0.017073 1.320175 1.865850 -0.032282 0.000000 0.000000 0.000000 -0.384595 -0.010657 -0.001211 0.000000 0.000000 0.000000 0.002554 -0.008985 -0.000028 -0.156352 -0.051799 0.007842 0.115796 0.069108 9.808073 
86.580934 -0.008445 0.035202 0.015605 1.243187 1.870648 -0.031321 0.000000 0.000000 0.000000 -0.403552 0.014888 -0.008179 0.000000 0.000000 0.000000 0.002563 -0.008825 0.000116 -0.156597 -0.053804 0.007346 0.116061 0.069236 9.808069 
86.780839 -0.008219 0.035091 0.013528 1.184370 1.875498 -0.032943 0.000000 0.000000 0.000000 -0.333203 0.018818 -0.049128 0.000000 0.000000 0.000000 0.002493 -0.008856 0.000280 -0.161306 -0.054727 0.007355 0.116487 0.068771 9.808067 
87.181915 -0.008181 0.034977 0.013016 1.053590 1.880257 -0.023649 0.000000 0.000000 0.000000 -0.310374 0.013178 0.037539 0.000000 0.000000 0.000000 0.002678 -0.008761 0.000284 -0.161448 -0.055253 0.011750 0.116290 0.068758 9.808070 
87.580372 -0.008198 0.034527 0.008804 0.879808 1.882884 -0.026708 0.000000 0.000000 0.000000 -0.484283 0.016751 0.024049 0.000000 0.000000 0.000000 0.002705 -0.007682 0.000675 -0.158692 -0.055204 0.015527 0.115905 0.069162 9.808071 
87.781578 -0.008151 0.034111 0.008646 0.786250 1.887983 -0.026888 0.000000 0.000000 0.000000 -0.489437 0.013989 0.000127 0.000000 0.000000 0.000000 0.002731 -0.007554 0.000796 -0.160015 -0.056057 0.014964 0.116133 0.069043 9.808069 
87.981534 -0.008144 0.034028 0.006186 0.732621 1.881810 -0.025718 0.000000 0.000000 0.000000 -0.202043 -0.058796 -0.092130 0.000000 0.000000 0.000000 0.002751 -0.007572 0.000814 -0.166266 -0.055137 0.012427 0.116436 0.067968 9.808073 
88.180069 -0.007889 0.033698 0.004445 0.651243 1.892753 -0.031683 0.000000 0.000000 0.000000 -0.396129 0.047221 0.008523 0.000000 0.000000 0.000000 0.002919 -0.007323 0.000969 -0.163144 -0.056416 0.011850 0.116577 0.068601 9.808067 
88.381385 -0.007885 0.033538 0.004291 0.581466 1.892687 -0.026218 0.000000 0.000000 0.000000 -0.347295 0.000515 0.037945 0.000000 0.000000 0.000000 0.002807 -0.007349 0.000833 -0.165441 -0.055036 0.012280 0.116387 0.068108 9.808073 
88.581212 -0.007783 0.033151 0.004359 0.473037 1.900058 -0.031236 0.000000 0.000000 0.000000 -0.548482 0.035850 -0.031278 0.000000 0.000000 0.000000 0.002966 -0.007101 0.000970 -0.157946 -0.056475 0.013829 0.116324 0.069679 9.808063 
88.781109 -0.007593 0.032871 0.001626 0.400284 1.899328 -0.033802 0.000000 0.000000 0.000000 -0.385007 -0.018862 -0.038570 0.000000 0.000000 0.000000 0.002825 -0.007588 0.001077 -0.164751 -0.055815 0.011881 0.116544 0.068305 9.808070 
88.979642 -0.007653 0.032917 -0.000747 0.336560 1.907663 -0.029439 0.000000 0.000000 0.000000 -0.298541 0.050541 0.069225 0.000000 0.000000 0.000000 0.002971 -0.007678 0.001104 -0.165896 -0.057835 0.009574 0.117082 0.068139 9.808065 
89.380825 -0.007567 0.032345 -0.003279 0.181359 1.908718 -0.019786 0.000000 0.000000 0.000000 -0.412479 -0.015783 0.017787 0.000000 0.000000 0.000000 0.002780 -0.007377 0.001360 -0.165502 -0.056896 0.009553 0.116861 0.068208 9.808067 
89.580785 -0.007761 0.032469 -0.006037 0.103635 1.905761 -0.015687 0.000000 0.000000 0.000000 -0.394896 -0.021438 0.021820 0.000000 0.000000 0.000000 0.002712 -0.007594 0.001609 -0.166675 -0.057090 0.010210 0.116900 0.067942 9.808068 
89.780635 -0.007493 0.032421 -0.007673 0.020201 1.910736 -0.018208 0.000000 0.000000 0.000000 -0.429127 0.019408 -0.024677 0.000000 0.000000 0.000000 0.002724 -0.007589 0.001622 -0.165779 -0.058829 0.012379 0.117247 0.068182 9.808062 
89.980705 -0.007174 0.032091 -0.007000 -0.071382 1.919566 -0.023618 0.000000 0.000000 0.000000 -0.496079 0.043277 0.051459 0.000000 0.000000 0.000000 0.002772 -0.007560 0.001615 -0.164891 -0.059940 0.014000 0.117499 0.068419 9.808058 
90.180387 -0.007199 0.032014 -0.008902 -0.146399 1.925595 -0.019002 0.000000 0.000000 0.000000 -0.405368 0.020530 0.028816 0.000000 0.000000 0.000000 0.002767 -0.007479 0.001823 -0.166457 -0.060369 0.013977 0.117620 0.068004 9.808059 
90.380314 -0.007229 0.031866 -0.011406 -0.211950 1.921251 -0.018197 0.000000 0.000000 0.000000 -0.336158 -0.034203 0.016415 0.000000 0.000000 0.000000 0.002776 -0.007484 0.001959 -0.168544 -0.059785 0.015213 0.117438 0.067479 9.808065 
90.578949 -0.007391 0.031698 -0.013394 -0.291667 1.930873 -0.017224 0.000000 0.000000 0.000000 -0.405847 0.046322 -0.006046 0.000000 0.000000 0.000000 0.003231 -0.007153 0.002084 -0.165254 -0.062514 0.014641 0.118228 0.068362 9.808049 
90.780117 -0.007342 0.031354 -0.015124 -0.389277 1.938746 -0.015504 0.000000 0.000000 0.000000 -0.493959 0.045032 0.019569 0.000000 0.000000 0.000000 0.003198 -0.006920 0.002205 -0.163072 -0.061687 0.012760 0.118066 0.068966 9.808047 
90.980064 -0.007231 0.031463 -0.015522 -0.453445 1.933204 -0.009460 0.000000 0.000000 0.000000 -0.294230 -0.123338 0.000428 0.000000 0.000000 0.000000 0.003104 -0.007283 0.002182 -0.169357 -0.061656 0.011682 0.117962 0.067099 9.808061 
91.179897 -0.007162 0.031364 -0.017004 -0.547834 1.941500 -0.012230 0.000000 0.000000 0.000000 -0.492429 0.030993 -0.018170 0.000000 0.000000 0.000000 0.002934 -0.007386 0.002391 -0.167688 -0.062547 0.011758 0.118279 0.067587 9.808054 
91.378515 -0.006811 0.031386 -0.017799 -0.635751 1.942641 -0.010499 0.000000 0.000000 0.000000 -0.626236 -0.017048 -0.007732 0.000000 0.000000 0.000000 0.002985 -0.007666 0.002338 -0.173093 -0.062715 0.010303 0.118217 0.065943 9.808066 
91.579767 -0.008958 0.032698 -0.016057 -0.727206 1.946584 0.010857 0.000000 0.000000 0.000000 -0.572674 -0.084660 0.085617 0.000000 0.000000 0.000000 0.003164 -0.007813 0.002237 -0.184974 -0.068941 0.005833 0.119773 0.062076 9.808072 
91.779704 -0.005904 0.032196 -0.014939 -0.638420 1.923840 -0.028582 0.000000 0.000000 0.000000 0.373376 -0.249882 -0.196833 0.000000 0.000000 0.000000 0.003352 -0.009567 0.002252 -0.225094 -0.084705 0.014985 0.123239 0.049215 9.808102 
91.979535 -0.006728 0.030881 -0.014792 -0.602780 1.881750 -0.012342 0.000000 0.000000 0.000000 0.119167 -0.222468 -0.044289 0.000000 0.000000 0.000000 0.003272 -0.009306 0.002191 -0.216771 -0.085157 0.001988 0.124547 0.051487 9.808074 
92.379416 -0.006938 0.031320 -0.017020 -0.628075 1.722654 -0.011371 0.000000 0.000000 0.000000 -0.129192 -0.495399 -0.102272 0.000000 0.000000 0.000000 0.002929 -0.008897 0.002355 -0.214618 -0.082135 -0.000492 0.123682 0.052279 9.808081 
92.579314 -0.006684 0.030893 -0.015769 -0.628802 1.646701 -0.008978 0.000000 0.000000 0.000000 -0.013497 -0.396084 0.011249 0.000000 0.000000 0.000000 0.003423 -0.009243 0.002274 -0.216680 -0.086867 -0.005614 0.124990 0.051750 9.808067 
92.779161 -0.006935 0.030748 -0.014811 -0.609964 1.557725 -0.005515 0.000000 0.000000 0.000000 0.096327 -0.479250 -0.055394 0.000000 0.000000 0.000000 0.003321 -0.009526 0.002083 -0.221635 -0.087032 -0.010877 0.124963 0.050330 9.808075 
92.977735 -0.006836 0.031273 -0.013612 -0.639634 1.473173 0.005317 0.000000 0.000000 0.000000 -0.280488 -0.391233 0.124678 0.000000 0.000000 0.000000 0.003297 -0.009224 0.002041 -0.214026 -0.086844 -0.013050 0.125192 0.052677 9.808060 
93.178989 -0.006504 0.031150 -0.011755 -0.671163 1.402623 0.009942 0.000000 0.000000 0.000000 -0.189054 -0.329787 0.072589 0.000000 0.000000 0.000000 0.003238 -0.009190 0.001958 -0.215670 -0.087432 -0.011854 0.125280 0.052180 9.808061 
93.378888 -0.006246 0.030913 -0.015772 -0.690965 1.329711 0.008287 0.000000 0.000000 0.000000 -0.101448 -0.348651 0.005072 0.000000 0.000000 0.000000 0.002780 -0.009272 0.002281 -0.220061 -0.085432 -0.010024 0.124641 0.050970 9.808076 
93.578740 -0.006018 0.031059 -0.013861 -0.659085 1.252589 0.004501 0.000000 0.000000 0.000000 0.131302 -0.392006 -0.004145 0.000000 0.000000 0.000000 0.002757 -0.009549 0.002032 -0.230624 -0.088649 -0.010098 0.125407 0.048058 9.808081 
93.778659 -0.006323 0.030993 -0.011334 -0.656981 1.174666 0.008401 0.000000 0.000000 0.000000 0.030691 -0.379137 0.044977 0.000000 0.000000 0.000000 0.002991 -0.009378 0.001731 -0.225541 -0.087196 -0.006637 0.125063 0.049556 9.808078 
93.978611 -0.005739 0.031258 -0.011315 -0.680745 1.105045 0.008019 0.000000 0.000000 0.000000 -0.210158 -0.304620 -0.041155 0.000000 0.000000 0.000000 0.002998 -0.009480 0.001732 -0.220250 -0.086667 -0.003782 0.125007 0.051119 9.808070 
94.178540 -0.006438 0.031596 -0.009260 -0.692268 1.027093 0.018754 0.000000 0.000000 0.000000 -0.102904 -0.405002 0.013549 0.000000 0.000000 0.000000 0.002934 -0.009546 0.001495 -0.221522 -0.086626 -0.004670 0.125005 0.050806 9.808072 
94.378428 -0.005457 0.031710 -0.009756 -0.714719 0.930006 0.011548 0.000000 0.000000 0.000000 -0.102499 -0.451732 -0.010166 0.000000 0.000000 0.000000 0.002866 -0.009496 0.001740 -0.222472 -0.084722 -0.003180 0.124532 0.050549 9.808079 
94.778228 -0.005790 0.030934 -0.010274 -0.710060 0.789811 0.007899 0.000000 0.000000 0.000000 0.053656 -0.361094 -0.076387 0.000000 0.000000 0.000000 0.002736 -0.009056 0.001442 -0.224840 -0.090486 -0.010769 0.126067 0.050016 9.808062 
95.179394 -0.005011 0.031279 -0.007159 -0.713612 0.637049 0.011879 0.000000 0.000000 0.000000 -0.067704 -0.402104 0.041841 0.000000 0.000000 0.000000 0.002197 -0.008841 0.001374 -0.224374 -0.088348 -0.007282 0.125475 0.050217 9.808069 
95.378060 -0.005103 0.031076 -0.005895 -0.737348 0.558065 0.011218 0.000000 0.000000 0.000000 -0.117680 -0.402900 -0.003169 0.000000 0.000000 0.000000 0.002800 -0.008298 0.001362 -0.222865 -0.089320 -0.006000 0.125757 0.050598 9.808063 
95.578081 -0.005163 0.030887 -0.010691 -0.765192 0.481573 0.004591 0.000000 0.000000 0.000000 -0.145339 -0.392924 -0.077892 0.000000 0.000000 0.000000 0.003113 -0.008152 0.001781 -0.221541 -0.091167 -0.005986 0.126132 0.050908 9.808057 
95.779047 -0.004347 0.030989 -0.008098 -0.740468 0.411435 0.004514 0.000000 0.000000 0.000000 0.125552 -0.381730 0.013382 0.000000 0.000000 0.000000 0.003836 -0.009015 0.001536 -0.230513 -0.096924 -0.004360 0.127515 0.049081 9.808048 
96.177691 -0.004508 0.030923 -0.006337 -0.754382 0.267696 0.006852 0.000000 0.000000 0.000000 -0.103117 -0.334990 0.048906 0.000000 0.000000 0.000000 0.004019 -0.007899 0.001467 -0.227458 -0.096522 -0.001592 0.127437 0.049889 9.808045 
96.377596 -0.004592 0.030703 -0.003944 -0.762124 0.196616 0.005455 0.000000 0.000000 0.000000 -0.051319 -0.408486 -0.002317 0.000000 0.000000 0.000000 0.003704 -0.008762 0.001331 -0.229243 -0.096422 -0.001681 0.127433 0.049499 9.808047 
96.578683 -0.004722 0.030767 -0.004540 -0.776894 0.119277 0.008516 0.000000 0.000000 0.000000 -0.051788 -0.367846 0.019002 0.000000 0.000000 0.000000 0.003402 -0.008373 0.001358 -0.227550 -0.096217 -0.004875 0.127383 0.049869 9.808046 
96.778585 -0.004992 0.030702 -0.006399 -0.796486 0.044698 0.011063 0.000000 0.000000 0.000000 -0.121405 -0.385221 0.044488 0.000000 0.000000 0.000000 0.003303 -0.007971 0.001553 -0.226465 -0.095280 -0.003283 0.127152 0.050055 9.808048 
97.175754 -0.004816 0.030727 -0.003210 -0.776627 -0.115980 0.012183 0.000000 0.000000 0.000000 0.125548 -0.373448 0.060811 0.000000 0.000000 0.000000 0.003029 -0.008993 0.001436 -0.230407 -0.095438 -0.002694 0.127229 0.049274 9.808051 
97.375632 -0.004913 0.030710 -0.002102 -0.797906 -0.186452 0.015674 0.000000 0.000000 0.000000 -0.110880 -0.338859 -0.041913 0.000000 0.000000 0.000000 0.003078 -0.006840 0.001469 -0.225838 -0.094564 -0.002492 0.127006 0.050275 9.808049 
97.577079 -0.004316 0.030912 -0.000262 -0.808200 -0.269266 0.011492 0.000000 0.000000 0.000000 -0.072452 -0.445115 -0.049869 0.000000 0.000000 0.000000 0.003023 -0.007366 0.001366 -0.228713 -0.094481 -0.002967 0.127058 0.049736 9.808051 
97.777008 -0.004772 0.030735 -0.000702 -0.816014 -0.349861 0.008633 0.000000 0.000000 0.000000 -0.021718 -0.365944 0.016273 0.000000 0.000000 0.000000 0.003430 -0.007239 0.001455 -0.228343 -0.098037 -0.004922 0.127636 0.049871 9.808043 
97.975468 -0.004786 0.030786 -0.003603 -0.800740 -0.407668 0.014987 0.000000 0.000000 0.000000 0.038999 -0.299079 0.092331 0.000000 0.000000 0.000000 0.003627 -0.007519 0.001489 -0.232229 -0.101461 -0.004227 0.128302 0.049373 9.808037 
98.377916 -0.003913 0.030719 0.000218 -0.808917 -0.538813 0.011525 0.000000 0.000000 0.000000 -0.018595 -0.297725 0.045808 0.000000 0.000000 0.000000 0.004293 -0.007473 0.000938 -0.231761 -0.099642 0.000196 0.128061 0.049601 9.808039 
98.576481 -0.003917 0.030568 0.000419 -0.831961 -0.599145 0.016012 0.000000 0.000000 0.000000 -0.099862 -0.245697 0.085233 0.000000 0.000000 0.000000 0.004123 -0.007297 0.000925 -0.228448 -0.097524 0.005757 0.127687 0.050522 9.808039 
98.776312 -0.003908 0.030712 0.003080 -0.848146 -0.675201 0.021339 0.000000 0.000000 0.000000 -0.101284 -0.387447 0.008535 0.000000 0.000000 0.000000 0.003654 -0.007402 0.000693 -0.230661 -0.093541 0.010285 0.127116 0.050187 9.808048 
98.976222 -0.004176 0.030676 0.003275 -0.871596 -0.749366 0.025323 0.000000 0.000000 0.000000 -0.138412 -0.227498 0.348958 0.000000 0.000000 0.000000 0.003667 -0.007333 0.000705 -0.230889 -0.092056 0.017525 0.126838 0.050183 9.808052 
99.176161 -0.004313 0.030831 0.002289 -0.864392 -0.775127 0.023683 0.000000 0.000000 0.000000 0.027106 -0.093562 0.029244 0.000000 0.000000 0.000000 0.003637 -0.007133 0.000679 -0.233246 -0.092146 0.021092 0.126874 0.050030 9.808052 
99.377450 -0.003948 0.030585 0.003648 -0.875521 -0.759594 0.015396 0.000000 0.000000 0.000000 -0.081674 0.083661 -0.036553 0.000000 0.000000 0.000000 0.003780 -0.007058 0.000638 -0.230023 -0.097914 0.023116 0.127525 0.050689 9.808040 
99.575966 -0.003522 0.030689 -0.000258 -0.880007 -0.741383 0.001963 0.000000 0.000000 0.000000 -0.149058 0.084395 -0.062277 0.000000 0.000000 0.000000 0.003691 -0.007793 0.000740 -0.235249 -0.098604 0.024175 0.127802 0.050035 9.808040 
99.775891 -0.003877 0.032583 0.002109 -0.846907 -0.743153 0.013514 0.000000 0.000000 0.000000 0.046073 -0.021627 0.022562 0.000000 0.000000 0.000000 0.003379 -0.009124 0.000543 -0.252832 -0.095932 0.017953 0.127955 0.047489 9.808050 
99.977139 -0.003719 0.032186 0.005799 -0.747221 -0.760486 0.012086 0.000000 0.000000 0.000000 0.653192 -0.151463 0.078341 0.000000 0.000000 0.000000 0.003384 -0.009563 0.000502 -0.268497 -0.095337 0.019881 0.128357 0.045164 9.808056 
100.177120 -0.003003 0.031957 0.009363 -0.643743 -0.753659 0.009919 0.000000 0.000000 0.000000 0.496165 0.022665 -0.042365 0.000000 0.000000 0.000000 0.003232 -0.009445 0.000069 -0.267379 -0.097083 0.020244 0.128512 0.045373 9.808053 
100.375661 -0.002968 0.031680 0.013175 -0.533252 -0.752933 0.002551 0.000000 0.000000 0.000000 0.543450 0.004576 -0.084257 0.000000 0.000000 0.000000 0.003234 -0.009249 -0.000354 -0.269083 -0.095954 0.017789 0.128525 0.045106 9.808054 
100.574211 -0.003192 0.031554 0.015619 -0.419389 -0.748724 0.006120 0.000000 0.000000 0.000000 0.575847 0.029959 -0.020521 0.000000 0.000000 0.000000 0.003132 -0.009049 -0.000497 -0.269650 -0.096362 0.013704 0.128695 0.045019 9.808052 
100.775398 -0.003614 0.031741 0.016334 -0.322827 -0.752880 0.007702 0.000000 0.000000 0.000000 0.493301 0.003173 0.017336 0.000000 0.000000 0.000000 0.002871 -0.008780 -0.000605 -0.265552 -0.093578 0.012086 0.128376 0.045131 9.808056 
101.175233 -0.003335 0.032343 0.020747 -0.128513 -0.752143 0.008687 0.000000 0.000000 0.000000 0.492723 -0.005632 -0.009055 0.000000 0.000000 0.000000 0.003001 -0.008669 -0.000727 -0.265392 -0.093573 0.015015 0.128337 0.045178 9.808056 
101.373947 -0.003626 0.032634 0.024812 -0.021040 -0.750129 0.013462 0.000000 0.000000 0.000000 0.521024 0.001436 0.018431 0.000000 0.000000 0.000000 0.003077 -0.009130 -0.001058 -0.266581 -0.093652 0.015537 0.128382 0.045161 9.808056 
101.575086 -0.003730 0.032701 0.023963 0.058051 -0.749907 0.009560 0.000000 0.000000 0.000000 0.405278 0.021696 -0.007546 0.000000 0.000000 0.000000 0.002954 -0.008450 -0.000955 -0.261540 -0.093716 0.014391 0.128160 0.045160 9.808059 
101.776375 -0.003667 0.032912 0.024151 0.139163 -0.758824 0.004219 0.000000 0.000000 0.000000 0.389123 -0.037821 -0.039212 0.000000 0.000000 0.000000 0.002714 -0.008471 -0.001020 -0.261765 -0.091056 0.012405 0.128271 0.045042 9.808058 
101.974899 -0.003675 0.033194 0.026400 0.238518 -0.760570 0.009385 0.000000 0.000000 0.000000 0.535937 -0.036458 0.256067 0.000000 0.000000 0.000000 0.002752 -0.008539 -0.001058 -0.265722 -0.092646 0.013888 0.128398 0.045189 9.808056 
102.174905 -0.003979 0.033533 0.029707 0.353814 -0.753052 0.016322 0.000000 0.000000 0.000000 0.571969 0.040100 0.072140 0.000000 0.000000 0.000000 0.002668 -0.008277 -0.001454 -0.266348 -0.093198 0.015840 0.128369 0.045241 9.808056 
102.374811 -0.004276 0.033680 0.032698 0.453909 -0.752458 0.021392 0.000000 0.000000 0.000000 0.502020 0.015811 0.069430 0.000000 0.000000 0.000000 0.002648 -0.008086 -0.001757 -0.264271 -0.092047 0.017229 0.128272 0.045123 9.808057 
102.575999 -0.004730 0.033992 0.035623 0.549168 -0.751737 0.018880 0.000000 0.000000 0.000000 0.481163 0.004769 0.010020 0.000000 0.000000 0.000000 0.002610 -0.008077 -0.001956 -0.262923 -0.091260 0.019276 0.128195 0.045016 9.808059 
102.774577 -0.004751 0.034057 0.036208 0.660844 -0.756293 0.016111 0.000000 0.000000 0.000000 0.551665 -0.015801 0.005097 0.000000 0.000000 0.000000 0.002351 -0.008171 -0.002001 -0.265991 -0.089276 0.019852 0.128458 0.045173 9.808055 
102.974472 -0.004912 0.034479 0.038266 0.764286 -0.761096 0.017306 0.000000 0.000000 0.000000 0.485431 -0.008092 -0.036074 0.000000 0.000000 0.000000 0.002341 -0.008109 -0.002050 -0.265014 -0.088614 0.018082 0.128560 0.045092 9.808054 
103.174357 -0.004785 0.034744 0.039898 0.858047 -0.755599 0.015625 0.000000 0.000000 0.000000 0.476126 0.023708 -0.032902 0.000000 0.000000 0.000000 0.002273 -0.007954 -0.002302 -0.264803 -0.089046 0.017736 0.128519 0.045082 9.808054 
103.374258 -0.005003 0.034928 0.043135 0.952565 -0.757255 0.012839 0.000000 0.000000 0.000000 0.481004 -0.008950 -0.020033 0.000000 0.000000 0.000000 0.002275 -0.008115 -0.002579 -0.264012 -0.087551 0.016675 0.128687 0.044959 9.808053 
103.574258 -0.005043 0.034980 0.044167 1.041616 -0.766477 0.010192 0.000000 0.000000 0.000000 0.446054 -0.044641 -0.025947 0.000000 0.000000 0.000000 0.002101 -0.007892 -0.002510 -0.262101 -0.086242 0.017011 0.128791 0.044686 9.808053 
103.974013 -0.004693 0.035558 0.046075 1.207213 -0.747333 0.000498 0.000000 0.000000 0.000000 0.400410 0.101424 -0.065144 0.000000 0.000000 0.000000 0.002552 -0.007953 -0.002874 -0.261962 -0.088763 0.016142 0.128452 0.044724 9.808057 
104.175359 -0.004572 0.035400 0.049008 1.298336 -0.740228 -0.004191 0.000000 0.000000 0.000000 0.439681 0.026858 -0.035306 0.000000 0.000000 0.000000 0.002524 -0.007790 -0.003103 -0.263137 -0.086989 0.012790 0.128753 0.044810 9.808053 
104.375207 -0.004753 0.035796 0.050319 1.413956 -0.745547 0.001095 0.000000 0.000000 0.000000 0.562453 -0.026190 0.042781 0.000000 0.000000 0.000000 0.002401 -0.007712 -0.003179 -0.268506 -0.082956 0.012780 0.129474 0.045582 9.808040 
104.573796 -0.005153 0.036305 0.052581 1.536848 -0.756190 0.006403 0.000000 0.000000 0.000000 0.631797 -0.053963 0.084047 0.000000 0.000000 0.000000 0.002357 -0.007736 -0.003323 -0.270588 -0.081033 0.016592 0.129647 0.045869 9.808036 
104.773642 -0.005015 0.036524 0.052159 1.609819 -0.748702 0.005453 0.000000 0.000000 0.000000 0.385218 0.057461 0.015484 0.000000 0.000000 0.000000 0.002857 -0.006956 -0.003346 -0.262561 -0.086790 0.021886 0.128317 0.044341 9.808060 
104.974874 -0.004932 0.036468 0.056345 1.698882 -0.738737 -0.008640 0.000000 0.000000 0.000000 0.452240 0.152617 0.002301 0.000000 0.000000 0.000000 0.002791 -0.006922 -0.003405 -0.264861 -0.084334 0.025876 0.128666 0.044738 9.808054 
105.174817 -0.004597 0.036551 0.058224 1.791882 -0.735926 -0.009616 0.000000 0.000000 0.000000 0.448778 0.019993 0.011964 0.000000 0.000000 0.000000 0.002898 -0.006734 -0.003598 -0.264724 -0.082962 0.026073 0.128920 0.044704 9.808051 
105.373386 -0.005133 0.036748 0.057513 1.893081 -0.733900 -0.006294 0.000000 0.000000 0.000000 0.509109 -0.006412 0.015113 0.000000 0.000000 0.000000 0.002870 -0.006726 -0.003580 -0.266039 -0.082085 0.024822 0.129143 0.045025 9.808046 
105.573426 -0.005152 0.036994 0.058859 1.988366 -0.735176 -0.006768 0.000000 0.000000 0.000000 0.487076 -0.005698 0.025087 0.000000 0.000000 0.000000 0.002757 -0.006802 -0.003664 -0.264473 -0.082182 0.028473 0.129035 0.044602 9.808050 
105.774560 -0.005170 0.037480 0.060969 2.074644 -0.732521 -0.015398 0.000000 0.000000 0.000000 0.425797 0.026829 -0.061508 0.000000 0.000000 0.000000 0.002841 -0.006652 -0.003751 -0.263022 -0.083834 0.029163 0.128671 0.044230 9.808056 
105.974439 -0.005101 0.037741 0.062595 2.176055 -0.732541 -0.013805 0.000000 0.000000 0.000000 0.520156 -0.096323 0.160653 0.000000 0.000000 0.000000 0.002878 -0.006721 -0.003790 -0.265930 -0.082083 0.027979 0.129060 0.044948 9.808048 
106.173115 -0.005328 0.037878 0.066288 2.291857 -0.731986 -0.015485 0.000000 0.000000 0.000000 0.586813 -0.000785 -0.099027 0.000000 0.000000 0.000000 0.002588 -0.006619 -0.004046 -0.266621 -0.082632 0.028704 0.128890 0.045087 9.808050 
106.372934 -0.005328 0.038187 0.069410 2.391394 -0.734629 -0.015869 0.000000 0.000000 0.000000 0.501092 -0.016057 -0.004015 0.000000 0.000000 0.000000 0.002535 -0.006829 -0.004236 -0.263905 -0.083678 0.026582 0.128806 0.044473 9.808053 
106.574168 -0.005374 0.038299 0.070216 2.477874 -0.728182 -0.017643 0.000000 0.000000 0.000000 0.416603 0.041399 0.046922 0.000000 0.000000 0.000000 0.002572 -0.006604 -0.004332 -0.262182 -0.086421 0.030509 0.127981 0.043789 9.808067 
106.972731 -0.005145 0.038549 0.071971 2.688904 -0.714681 -0.023786 0.000000 0.000000 0.000000 0.560961 0.011392 -0.030884 0.000000 0.000000 0.000000 0.002614 -0.007552 -0.004417 -0.266216 -0.085216 0.031683 0.128060 0.044922 9.808061 
107.173939 -0.005477 0.038890 0.075643 2.804019 -0.722267 -0.026908 0.000000 0.000000 0.000000 0.557204 -0.036404 -0.041994 0.000000 0.000000 0.000000 0.002160 -0.007582 -0.004815 -0.266450 -0.083285 0.027608 0.128700 0.045184 9.808052 
107.373917 -0.005429 0.039065 0.079765 2.877035 -0.715266 -0.027414 0.000000 0.000000 0.000000 0.373357 0.032668 -0.005183 0.000000 0.000000 0.000000 0.002209 -0.006891 -0.004985 -0.259713 -0.090052 0.027121 0.127209 0.042897 9.808081 
107.573799 -0.005512 0.039319 0.076797 2.947012 -0.703037 -0.031294 0.000000 0.000000 0.000000 0.345513 0.072858 -0.061232 0.000000 0.000000 0.000000 0.002347 -0.007031 -0.004791 -0.259377 -0.091082 0.023985 0.127059 0.042838 9.808083 
107.773711 -0.005553 0.039616 0.077755 3.048754 -0.703875 -0.028732 0.000000 0.000000 0.000000 0.499427 -0.011523 0.020882 0.000000 0.000000 0.000000 0.002134 -0.007387 -0.004878 -0.264383 -0.084554 0.023339 0.128714 0.045001 9.808052 
107.972340 -0.005488 0.039924 0.079740 3.151421 -0.701366 -0.033222 0.000000 0.000000 0.000000 0.488180 0.076095 -0.012688 0.000000 0.000000 0.000000 0.002087 -0.007312 -0.004907 -0.265707 -0.084470 0.025791 0.128531 0.045330 9.808053 
108.172161 -0.005497 0.040089 0.084101 3.243018 -0.697676 -0.037456 0.000000 0.000000 0.000000 0.452011 0.009779 -0.002314 0.000000 0.000000 0.000000 0.002126 -0.007278 -0.005181 -0.265377 -0.084242 0.025994 0.128611 0.045235 9.808053 
108.573361 -0.005742 0.040020 0.086829 3.409406 -0.688820 -0.026238 0.000000 0.000000 0.000000 0.609483 0.048242 -0.014774 0.000000 0.000000 0.000000 0.002008 -0.006151 -0.005222 -0.262192 -0.085165 0.022282 0.128880 0.044299 9.808053 
108.973239 -0.016193 0.037833 0.082063 3.458413 -0.638038 0.009649 0.000000 0.000000 0.000000 -0.045331 0.163558 0.100471 0.000000 0.000000 0.000000 0.002823 -0.004580 -0.004862 -0.239277 -0.097614 0.013310 0.127958 0.035762 9.808100 
109.173074 -0.016064 0.038228 0.084792 3.407067 -0.641022 0.001954 0.000000 0.000000 0.000000 -0.269775 -0.020536 -0.043165 0.000000 0.000000 0.000000 0.002597 -0.004202 -0.004923 -0.232779 -0.095450 0.019315 0.129237 0.033518 9.808091 
109.373019 -0.015504 0.037918 0.085926 3.419028 -0.648793 -0.005167 0.000000 0.000000 0.000000 0.040009 0.037868 -0.049601 0.000000 0.000000 0.000000 0.002057 -0.005261 -0.004934 -0.242414 -0.087632 0.018845 0.130841 0.037355 9.808056 
109.572920 -0.015378 0.038019 0.079271 3.417419 -0.628266 -0.007106 0.000000 0.000000 0.000000 -0.040194 0.157953 0.008241 0.000000 0.000000 0.000000 0.001999 -0.005356 -0.004512 -0.241982 -0.088867 0.018532 0.130478 0.037125 9.808062 
109.771563 -0.010640 0.039514 0.083660 3.402400 -0.580331 -0.023064 0.000000 0.000000 0.000000 -0.090050 0.249152 -0.105057 0.000000 0.000000 0.000000 0.001988 -0.005388 -0.004614 -0.243720 -0.091654 0.020753 0.129443 0.037189 9.808075 
109.972805 -0.013366 0.037505 0.081496 3.393098 -0.482166 -0.038508 0.000000 0.000000 0.000000 -0.075639 0.734505 -0.225261 0.000000 0.000000 0.000000 0.001886 -0.005357 -0.004585 -0.248346 -0.097978 0.016914 0.127125 0.038398 9.808101 
110.172682 -0.010543 0.039151 0.079922 3.392224 -0.418120 -0.030219 0.000000 0.000000 0.000000 -0.003314 0.369560 0.013485 0.000000 0.000000 0.000000 0.002446 -0.005442 -0.004401 -0.247239 -0.094702 0.015351 0.128269 0.038470 9.808086 
110.372682 -0.008852 0.039782 0.078529 3.414179 -0.359086 -0.031444 0.000000 0.000000 0.000000 0.124296 0.256138 -0.025361 0.000000 0.000000 0.000000 0.002109 -0.005278 -0.004328 -0.249668 -0.090550 0.015509 0.129328 0.039509 9.808068 
110.772464 -0.007726 0.040163 0.079220 3.406070 -0.187721 -0.033749 0.000000 0.000000 0.000000 -0.082293 0.482600 0.057695 0.000000 0.000000 0.000000 0.003022 -0.004498 -0.004278 -0.246715 -0.097733 0.021266 0.127242 0.037787 9.808102 
110.972368 -0.007103 0.040093 0.078819 3.420013 -0.115632 -0.036718 0.000000 0.000000 0.000000 0.061896 0.168060 0.233286 0.000000 0.000000 0.000000 0.002772 -0.004976 -0.004284 -0.250721 -0.093691 0.026944 0.127863 0.038989 9.808089 
111.170954 -0.007052 0.040241 0.078337 3.438097 -0.046153 -0.033076 0.000000 0.000000 0.000000 0.059078 0.379790 0.156057 0.000000 0.000000 0.000000 0.002329 -0.004726 -0.004160 -0.251737 -0.094534 0.029259 0.127478 0.039156 9.808093 
111.370838 -0.007372 0.040442 0.076473 3.426008 0.028863 -0.035986 0.000000 0.000000 0.000000 -0.067871 0.363102 0.011714 0.000000 0.000000 0.000000 0.002421 -0.004911 -0.003913 -0.248329 -0.096667 0.033619 0.126912 0.037832 9.808106 
111.572148 -0.007532 0.040438 0.077468 3.436928 0.106559 -0.041176 0.000000 0.000000 0.000000 0.053104 0.371201 -0.069589 0.000000 0.000000 0.000000 0.002333 -0.004950 -0.004013 -0.254196 -0.095760 0.034497 0.126778 0.039444 9.808101 
111.771969 -0.007748 0.040423 0.076893 3.420411 0.196578 -0.045648 0.000000 0.000000 0.000000 -0.109105 0.501290 0.001768 0.000000 0.000000 0.000000 0.002331 -0.004662 -0.003878 -0.251905 -0.097623 0.034159 0.126424 0.038764 9.808109 
111.970649 -0.017750 0.036382 0.073531 3.407755 0.305497 -0.029185 0.000000 0.000000 0.000000 -0.132632 0.611698 -0.270055 0.000000 0.000000 0.000000 0.002431 -0.004876 -0.003853 -0.253362 -0.097951 0.030289 0.126368 0.039379 9.808107 
112.171816 -0.016842 0.035891 0.075205 3.367581 0.399439 -0.083875 0.000000 0.000000 0.000000 -0.213217 0.446321 -0.247152 0.000000 0.000000 0.000000 0.002263 -0.004850 -0.003782 -0.252715 -0.097379 0.030870 0.126537 0.039204 9.808105 
112.371723 -0.016201 0.036300 0.070561 3.364994 0.476738 -0.087724 0.000000 0.000000 0.000000 -0.045993 0.368720 -0.038526 0.000000 0.000000 0.000000 0.002199 -0.005126 -0.003318 -0.258728 -0.091197 0.026075 0.127752 0.041482 9.808080 
112.771616 -0.015028 0.036912 0.072053 3.403725 0.619653 -0.097775 0.000000 0.000000 0.000000 0.128577 0.258792 -0.070181 0.000000 0.000000 0.000000 0.002133 -0.004861 -0.003461 -0.265018 -0.095185 0.026935 0.126615 0.042704 9.808090 
112.971498 -0.015646 0.036347 0.070420 3.389099 0.704458 -0.110667 0.000000 0.000000 0.000000 -0.320154 0.587803 -0.258993 0.000000 0.000000 0.000000 0.001928 -0.005133 -0.003461 -0.261568 -0.099587 0.022585 0.125894 0.042341 9.808101 
113.171458 -0.014731 0.036858 0.070450 3.422206 0.772170 -0.106306 0.000000 0.000000 0.000000 0.118996 0.266677 -0.060877 0.000000 0.000000 0.000000 0.002418 -0.004587 -0.003463 -0.265448 -0.095701 0.020297 0.126662 0.043486 9.808086 
113.371326 -0.014778 0.036447 0.066810 3.427667 0.856213 -0.115068 0.000000 0.000000 0.000000 0.015138 0.411449 -0.081151 0.000000 0.000000 0.000000 0.002456 -0.004378 -0.003045 -0.263262 -0.104646 0.015804 0.124815 0.043031 9.808111 
113.571233 -0.016474 0.036084 0.064614 3.436446 0.938853 -0.120639 0.000000 0.000000 0.000000 0.044382 0.409564 -0.002824 0.000000 0.000000 0.000000 0.002179 -0.004319 -0.002933 -0.264727 -0.104643 0.016132 0.124778 0.043319 9.808111 
113.971059 -0.015562 0.036582 0.067176 3.424445 1.097262 -0.122795 0.000000 0.000000 0.000000 -0.079544 0.370006 -0.162235 0.000000 0.000000 0.000000 0.001575 -0.003606 -0.003109 -0.261216 -0.102477 0.006995 0.125323 0.043706 9.808102 
114.370897 -0.007960 0.040122 0.064874 3.428633 1.236863 -0.099696 0.000000 0.000000 0.000000 0.043692 0.319111 0.041165 0.000000 0.000000 0.000000 0.001346 -0.004030 -0.002790 -0.263063 -0.101316 -0.003963 0.125663 0.045017 9.808092 
114.570849 -0.008309 0.040354 0.062310 3.413662 1.318547 -0.080195 0.000000 0.000000 0.000000 -0.104458 0.468597 0.220998 0.000000 0.000000 0.000000 0.001544 -0.003864 -0.002627 -0.260826 -0.103112 -0.000080 0.125244 0.044385 9.808100 
114.770807 -0.008908 0.040405 0.060382 3.428937 1.395163 -0.077839 0.000000 0.000000 0.000000 0.060301 0.383507 -0.039476 0.000000 0.000000 0.000000 0.000940 -0.003802 -0.002414 -0.268406 -0.102834 0.005895 0.124955 0.045640 9.808098 
114.970684 -0.009029 0.040671 0.062832 3.470147 1.462873 -0.075061 0.000000 0.000000 0.000000 0.246400 0.317336 0.199376 0.000000 0.000000 0.000000 0.000988 -0.003635 -0.002455 -0.274373 -0.099109 0.005790 0.125554 0.046676 9.808085 
115.170660 -0.009134 0.040742 0.061559 3.435070 1.548415 -0.068312 0.000000 0.000000 0.000000 -0.180473 0.453978 0.030021 0.000000 0.000000 0.000000 0.000693 -0.004076 -0.002291 -0.271591 -0.100378 0.007123 0.125293 0.046228 9.808091 
115.370590 -0.009267 0.040799 0.063012 3.425552 1.618163 -0.070179 0.000000 0.000000 0.000000 -0.070323 0.339993 -0.044335 0.000000 0.000000 0.000000 0.000946 -0.003927 -0.002384 -0.275883 -0.095878 0.006538 0.126030 0.046950 9.808078 
115.570494 -0.009039 0.040466 0.060197 3.428868 1.713050 -0.078151 0.000000 0.000000 0.000000 0.012309 0.429244 -0.110362 0.000000 0.000000 0.000000 0.000968 -0.003616 -0.002058 -0.280830 -0.102065 0.005046 0.125105 0.047759 9.808086 
115.770399 -0.009541 0.040610 0.059072 3.465113 1.777548 -0.073026 0.000000 0.000000 0.000000 0.180412 0.336877 0.022524 0.000000 0.000000 0.000000 0.000446 -0.003900 -0.002051 -0.286375 -0.094253 -0.001313 0.126712 0.048901 9.808060 
116.170308 -0.010150 0.041008 0.060572 3.450594 1.920921 -0.060969 0.000000 0.000000 0.000000 -0.139680 0.338691 0.057593 0.000000 0.000000 0.000000 0.000991 -0.002352 -0.002075 -0.281258 -0.097248 0.008057 0.125712 0.047789 9.808078 
116.370276 -0.009888 0.040687 0.060038 3.416901 2.002481 -0.070241 0.000000 0.000000 0.000000 -0.183218 0.368778 -0.071763 0.000000 0.000000 0.000000 0.002184 -0.002533 -0.001911 -0.281719 -0.099548 0.009873 0.125274 0.047749 9.808084 
116.570238 -0.009865 0.040862 0.058929 3.400328 2.080917 -0.078403 0.000000 0.000000 0.000000 -0.130964 0.306455 -0.126141 0.000000 0.000000 0.000000 0.002440 -0.003156 -0.001788 -0.287028 -0.100587 0.006678 0.125251 0.048635 9.808080 
116.770093 -0.009963 0.040732 0.057262 3.404308 2.147117 -0.077178 0.000000 0.000000 0.000000 -0.001178 0.293371 0.072887 0.000000 0.000000 0.000000 0.002460 -0.003427 -0.001609 -0.294009 -0.101052 0.003393 0.125328 0.049724 9.808073 
116.970102 -0.010235 0.040925 0.061209 3.468452 2.190108 -0.074940 0.000000 0.000000 0.000000 0.489771 0.076713 -0.018723 0.000000 0.000000 0.000000 0.002435 -0.003479 -0.001610 -0.306377 -0.095756 0.004901 0.126032 0.051362 9.808056 
117.169961 -0.010207 0.040952 0.062009 3.461770 2.203024 -0.073331 0.000000 0.000000 0.000000 -0.024192 0.058074 0.008985 0.000000 0.000000 0.000000 0.002237 -0.004002 -0.001678 -0.302701 -0.096485 0.004891 0.125916 0.050912 9.808060 
117.369859 -0.010397 0.041073 0.061094 3.445221 2.195504 -0.066739 0.000000 0.000000 0.000000 -0.051415 -0.026410 0.028812 0.000000 0.000000 0.000000 0.002386 -0.004042 -0.001645 -0.300299 -0.093029 0.004246 0.126435 0.050592 9.808055 
117.569793 -0.010236 0.040899 0.061077 3.434517 2.202484 -0.070910 0.000000 0.000000 0.000000 0.027757 0.054657 -0.033857 0.000000 0.000000 0.000000 0.002364 -0.003797 -0.001488 -0.297517 -0.096617 0.006030 0.125831 0.050126 9.808065 
117.769710 -0.010138 0.040717 0.056477 3.397152 2.211410 -0.073394 0.000000 0.000000 0.000000 -0.144848 0.041800 -0.039956 0.000000 0.000000 0.000000 0.002461 -0.002990 -0.001191 -0.286705 -0.098756 0.005095 0.125580 0.048559 9.808076 
117.969678 -0.010278 0.040749 0.053188 3.317052 2.210919 -0.072366 0.000000 0.000000 0.000000 -0.547883 -0.071469 0.061831 0.000000 0.000000 0.000000 0.002430 -0.002537 -0.001165 -0.278385 -0.099414 0.003842 0.125530 0.047444 9.808082 
118.169639 -0.010723 0.040869 0.049443 3.289311 2.191764 -0.061120 0.000000 0.000000 0.000000 -0.161466 -0.105802 0.051432 0.000000 0.000000 0.000000 0.002531 -0.001840 -0.000885 -0.282160 -0.098703 0.003549 0.125653 0.047780 9.808079 
118.369635 -0.010667 0.040550 0.048287 3.268099 2.183854 -0.048863 0.000000 0.000000 0.000000 -0.096457 -0.039951 0.058552 0.000000 0.000000 0.000000 0.002425 -0.001434 -0.000807 -0.283237 -0.100857 0.002899 0.125536 0.047924 9.808080 
118.569593 -0.010311 0.040223 0.048462 3.206901 2.187870 -0.054812 0.000000 0.000000 0.000000 -0.281028 0.024873 -0.002778 0.000000 0.000000 0.000000 0.002524 -0.001229 -0.000794 -0.274182 -0.105485 0.007171 0.124809 0.047267 9.808092 
118.769323 -0.010147 0.039963 0.047538 3.146969 2.187166 -0.059397 0.000000 0.000000 0.000000 -0.312937 -0.000953 -0.061321 0.000000 0.000000 0.000000 0.002486 -0.001044 -0.000673 -0.273628 -0.104194 0.007764 0.124845 0.047189 9.808092 
119.169061 -0.009739 0.039343 0.045567 2.997599 2.189327 -0.061962 0.000000 0.000000 0.000000 -0.388678 -0.001077 -0.016560 0.000000 0.000000 0.000000 0.002580 -0.000743 -0.000645 -0.271598 -0.104650 0.005774 0.124854 0.047132 9.808092 
119.368922 -0.009386 0.038498 0.041323 2.902325 2.192770 -0.058632 0.000000 0.000000 0.000000 -0.453472 0.018665 -0.023834 0.000000 0.000000 0.000000 0.002930 -0.000013 -0.000239 -0.269972 -0.105435 0.004180 0.124798 0.047085 9.808093 
119.568870 -0.009879 0.038940 0.040188 2.822930 2.182634 -0.053863 0.000000 0.000000 0.000000 -0.418376 -0.059252 0.019089 0.000000 0.000000 0.000000 0.002558 -0.000397 -0.000158 -0.272476 -0.102347 0.001815 0.125008 0.047128 9.808090 
119.768822 -0.010102 0.039087 0.037941 2.725030 2.184102 -0.046457 0.000000 0.000000 0.000000 -0.491622 0.013359 0.029717 0.000000 0.000000 0.000000 0.002729 -0.000104 -0.000028 -0.269880 -0.105303 -0.001260 0.124985 0.047235 9.808090 
120.168567 -0.016002 0.034724 0.034774 2.539040 2.214179 -0.097397 0.000000 0.000000 0.000000 -0.439047 0.088504 -0.264459 0.000000 0.000000 0.000000 0.003315 -0.000310 0.000048 -0.270684 -0.107706 -0.003747 0.125091 0.047369 9.808088 
120.368475 -0.016206 0.033877 0.033015 2.437791 2.222020 -0.114436 0.000000 0.000000 0.000000 -0.507952 0.024588 -0.121132 0.000000 0.000000 0.000000 0.002648 0.000116 0.000187 -0.269619 -0.105988 -0.008896 0.125008 0.047725 9.808087 
120.569770 -0.016203 0.033876 0.030720 2.350456 2.207669 -0.107372 0.000000 0.000000 0.000000 -0.439854 -0.077589 0.000590 0.000000 0.000000 0.000000 0.002120 -0.000251 0.000412 -0.272648 -0.100733 -0.016336 0.124901 0.048023 9.808087 
120.768386 -0.016535 0.034030 0.029204 2.256923 2.208260 -0.108056 0.000000 0.000000 0.000000 -0.482107 -0.002659 -0.009977 0.000000 0.000000 0.000000 0.002303 -0.000171 0.000530 -0.272221 -0.103864 -0.019026 0.124994 0.048292 9.808085 
120.968289 -0.016570 0.033299 0.027993 2.167825 2.215196 -0.106474 0.000000 0.000000 0.000000 -0.471917 0.052721 -0.360325 0.000000 0.000000 0.000000 0.002302 -0.000229 0.000551 -0.273758 -0.104690 -0.024384 0.125063 0.048573 9.808082 
121.168151 -0.016407 0.033846 0.025812 2.096025 2.214708 -0.097113 0.000000 0.000000 0.000000 -0.356546 -0.011565 0.019177 0.000000 0.000000 0.000000 0.002360 -0.000262 0.000755 -0.274638 -0.104143 -0.027844 0.125005 0.048724 9.808082 
121.369504 -0.015907 0.033812 0.024928 2.010801 2.205513 -0.087263 0.000000 0.000000 0.000000 -0.418473 -0.047476 0.042587 0.000000 0.000000 0.000000 0.002336 -0.000360 0.000759 -0.272512 -0.103110 -0.029311 0.124862 0.048939 9.808083 
121.568105 -0.016294 0.033692 0.023445 1.871771 2.209376 -0.087861 0.000000 0.000000 0.000000 -0.679972 0.029444 0.006716 0.000000 0.000000 0.000000 0.002600 0.000253 0.001057 -0.259450 -0.106991 -0.029685 0.124899 0.050073 9.808077 
121.967917 -0.015104 0.032936 0.020393 1.715669 2.203857 -0.086070 0.000000 0.000000 0.000000 -0.278563 -0.067885 0.015293 0.000000 0.000000 0.000000 0.002641 0.000892 0.001292 -0.274973 -0.106283 -0.028898 0.125139 0.048690 9.808081 
122.169186 -0.014449 0.032734 0.017578 1.658274 2.197680 -0.079944 0.000000 0.000000 0.000000 -0.287958 -0.035564 0.018082 0.000000 0.000000 0.000000 0.002415 0.000773 0.001576 -0.275140 -0.107062 -0.031181 0.125242 0.048806 9.808079 
122.369045 -0.015397 0.033444 0.014513 1.571671 2.203790 -0.070571 0.000000 0.000000 0.000000 -0.430607 0.026844 0.050448 0.000000 0.000000 0.000000 0.002468 0.000673 0.001708 -0.268758 -0.109914 -0.031768 0.125473 0.049607 9.808072 
122.567678 -0.014007 0.034029 0.014840 1.450179 2.208077 -0.064064 0.000000 0.000000 0.000000 -0.609720 0.025161 0.057009 0.000000 0.000000 0.000000 0.002420 0.000857 0.001864 -0.260111 -0.109960 -0.029178 0.125411 0.050591 9.808068 
122.768895 -0.012980 0.034982 0.012002 1.364786 2.202005 -0.037419 0.000000 0.000000 0.000000 -0.443329 -0.034360 0.116658 0.000000 0.000000 0.000000 0.002157 0.000574 0.002046 -0.269195 -0.107630 -0.032936 0.125155 0.049529 9.808076 
122.968849 -0.010606 0.035950 0.011596 1.306303 2.190781 -0.021885 0.000000 0.000000 0.000000 -0.237372 -0.098185 -0.324156 0.000000 0.000000 0.000000 0.002219 0.000872 0.002051 -0.276497 -0.107522 -0.035448 0.125191 0.048604 9.808081 
123.167478 -0.010099 0.035894 0.009885 1.252966 2.181573 -0.020100 0.000000 0.000000 0.000000 -0.264762 -0.045996 0.010759 0.000000 0.000000 0.000000 0.002063 0.001037 0.002309 -0.276176 -0.107810 -0.038055 0.125285 0.048705 9.808079 
123.367381 -0.009613 0.035319 0.008696 1.208268 2.182712 -0.022234 0.000000 0.000000 0.000000 -0.232488 0.014462 -0.003453 0.000000 0.000000 0.000000 0.002029 0.001164 0.002244 -0.277352 -0.109827 -0.037657 0.125601 0.048518 9.808076 
123.567287 -0.009606 0.035548 0.008010 1.109715 2.195347 -0.018558 0.000000 0.000000 0.000000 -0.473328 0.057214 0.040390 0.000000 0.000000 0.000000 0.002068 0.001142 0.002365 -0.263136 -0.111733 -0.036364 0.125937 0.050906 9.808059 
123.768530 -0.009802 0.034908 0.006883 1.012239 2.197287 -0.020571 0.000000 0.000000 0.000000 -0.482628 0.013257 0.024613 0.000000 0.000000 0.000000 0.001899 0.001022 0.002470 -0.263309 -0.109407 -0.033195 0.125515 0.050859 9.808065 
123.967101 -0.009592 0.034855 0.004538 0.931810 2.192329 -0.017379 0.000000 0.000000 0.000000 -0.398126 -0.052463 -0.028274 0.000000 0.000000 0.000000 0.001888 0.001019 0.002495 -0.266936 -0.108541 -0.032710 0.125349 0.050230 9.808070 
124.167028 -0.009658 0.034917 0.001899 0.860353 2.199382 -0.014247 0.000000 0.000000 0.000000 -0.358151 0.040253 0.019906 0.000000 0.000000 0.000000 0.001742 0.001059 0.002791 -0.267120 -0.109317 -0.032920 0.125491 0.050195 9.808069 
124.368303 -0.009766 0.034828 0.000101 0.816213 2.209651 -0.006447 0.000000 0.000000 0.000000 -0.243421 0.050324 0.037166 0.000000 0.000000 0.000000 0.001741 0.001347 0.002837 -0.272163 -0.110192 -0.032478 0.125600 0.049223 9.808072 
124.568197 -0.009564 0.034538 0.000626 0.763289 2.205578 -0.015408 0.000000 0.000000 0.000000 -0.269478 -0.014726 -0.066722 0.000000 0.000000 0.000000 0.001736 0.001353 0.002780 -0.272464 -0.106899 -0.030892 0.124905 0.049208 9.808081 
125.168056 -0.009686 0.033976 -0.002977 0.522269 2.214968 -0.024808 0.000000 0.000000 0.000000 -0.504049 0.048535 0.017647 0.000000 0.000000 0.000000 0.001655 0.001367 0.003070 -0.268271 -0.107523 -0.030784 0.125105 0.050057 9.808074 
125.566500 -0.012447 0.033697 -0.003442 0.316602 2.212724 -0.027970 0.000000 0.000000 0.000000 -0.645334 -0.102261 0.013335 0.000000 0.000000 0.000000 0.001861 0.000163 0.003278 -0.272184 -0.108257 -0.027504 0.125279 0.049089 9.808077 
125.967700 -0.007719 0.032599 -0.002551 0.476697 2.122044 -0.027199 0.000000 0.000000 0.000000 0.789418 -0.361565 0.018436 0.000000 0.000000 0.000000 0.002174 0.001327 0.002771 -0.311561 -0.118690 -0.029621 0.126401 0.039386 9.808106 
126.167623 -0.008867 0.033857 -0.002052 0.516658 2.053693 -0.012165 0.000000 0.000000 0.000000 0.231251 -0.342446 0.099778 0.000000 0.000000 0.000000 0.001966 -0.000870 0.002874 -0.295101 -0.115607 -0.030260 0.126410 0.043770 9.808088 
126.366163 -0.008878 0.033707 0.000300 0.538416 1.974883 -0.010147 0.000000 0.000000 0.000000 0.111735 -0.429871 0.050511 0.000000 0.000000 0.000000 0.002050 -0.001086 0.002525 -0.290902 -0.116379 -0.026929 0.126663 0.044763 9.808080 
126.566141 -0.008528 0.033749 0.003882 0.506844 1.898641 -0.013558 0.000000 0.000000 0.000000 -0.128831 -0.376424 -0.043771 0.000000 0.000000 0.000000 0.002064 -0.000642 0.002249 -0.277632 -0.117763 -0.024675 0.127318 0.047696 9.808058 
126.767338 -0.008353 0.033634 0.004344 0.477183 1.817665 -0.011215 0.000000 0.000000 0.000000 -0.125640 -0.402306 -0.046259 0.000000 0.000000 0.000000 0.001872 -0.000641 0.002295 -0.277075 -0.114275 -0.025577 0.126619 0.047871 9.808066 
126.967345 -0.015350 0.030708 0.000724 0.457058 1.772798 -0.041716 0.000000 0.000000 0.000000 -0.081687 0.039884 -0.608062 0.000000 0.000000 0.000000 0.001812 -0.000624 0.002326 -0.276822 -0.120611 -0.023316 0.127776 0.047856 9.808051 
127.365813 -0.011063 0.031846 0.002832 0.465354 1.608083 -0.045289 0.000000 0.000000 0.000000 0.062368 -0.464544 -0.054774 0.000000 0.000000 0.000000 0.002390 -0.000002 0.001928 -0.278473 -0.115460 -0.029561 0.126788 0.047821 9.808064 
127.567111 -0.008734 0.032865 0.003563 0.471849 1.516811 -0.020342 0.000000 0.000000 0.000000 0.045013 -0.450496 0.245460 0.000000 0.000000 0.000000 0.002328 -0.000054 0.001718 -0.276200 -0.115858 -0.032010 0.126940 0.048376 9.808059 
127.767033 -0.009704 0.032939 0.006076 0.445674 1.446237 -0.005317 0.000000 0.000000 0.000000 -0.113960 -0.314492 0.090616 0.000000 0.000000 0.000000 0.002538 0.000166 0.001586 -0.268808 -0.118210 -0.028466 0.127530 0.049705 9.808045 
127.965605 -0.014318 0.030681 0.004540 0.402146 1.378858 -0.028871 0.000000 0.000000 0.000000 -0.184714 -0.470304 -0.524417 0.000000 0.000000 0.000000 0.002460 0.000316 0.001629 -0.265005 -0.117924 -0.023886 0.127626 0.050312 9.808041 
128.165498 -0.012185 0.031250 0.003243 0.417640 1.289236 -0.029249 0.000000 0.000000 0.000000 0.059588 -0.523324 -0.064385 0.000000 0.000000 0.000000 0.002061 0.000758 0.001520 -0.267175 -0.118774 -0.028501 0.127652 0.050078 9.808042 
128.366781 -0.009301 0.032590 0.007279 0.431616 1.185772 -0.015241 0.000000 0.000000 0.000000 0.074078 -0.485602 0.012489 0.000000 0.000000 0.000000 0.001842 0.000935 0.001139 -0.266269 -0.119493 -0.032628 0.127712 0.050399 9.808039 
128.566735 -0.010745 0.031971 0.009035 0.461206 1.105247 -0.013068 0.000000 0.000000 0.000000 0.140626 -0.396268 0.049056 0.000000 0.000000 0.000000 0.001778 0.000713 0.000814 -0.268490 -0.121991 -0.032173 0.128133 0.049993 9.808036 
128.765290 -0.010594 0.032240 0.010890 0.411979 1.024538 -0.004611 0.000000 0.000000 0.000000 -0.234025 -0.403204 0.105844 0.000000 0.000000 0.000000 0.001675 0.001247 0.000812 -0.250511 -0.121345 -0.031984 0.128035 0.052801 9.808022 
129.166464 -0.017107 0.032160 0.009005 0.383151 0.886910 0.030089 0.000000 0.000000 0.000000 0.032428 -0.384341 0.060728 0.000000 0.000000 0.000000 0.001266 0.000758 0.000800 -0.254295 -0.120279 -0.030189 0.127951 0.052217 9.808026 
129.366399 -0.013485 0.031201 0.012488 0.402607 0.782023 0.002477 0.000000 0.000000 0.000000 0.174120 -0.534259 -0.165081 0.000000 0.000000 0.000000 -0.000102 0.000733 0.000595 -0.255098 -0.118491 -0.028460 0.127616 0.051767 9.808033 
129.565000 -0.007579 0.033179 0.011993 0.441241 0.677896 0.005474 0.000000 0.000000 0.000000 0.184966 -0.512981 -0.013238 0.000000 0.000000 0.000000 -0.000043 0.000540 0.000434 -0.255670 -0.118139 -0.033447 0.127605 0.052073 9.808032 
129.764941 -0.007431 0.033497 0.015830 0.408547 0.589261 0.014038 0.000000 0.000000 0.000000 -0.148240 -0.377292 0.035762 0.000000 0.000000 0.000000 -0.000000 0.001318 0.000238 -0.240999 -0.117560 -0.038651 0.127318 0.053852 9.808026 
129.966190 -0.005907 0.033032 0.013941 0.372049 0.495870 0.006167 0.000000 0.000000 0.000000 -0.195090 -0.494155 -0.125889 0.000000 0.000000 0.000000 0.000103 0.001354 0.000245 -0.240459 -0.113169 -0.035507 0.126892 0.053921 9.808031 
130.166143 -0.006854 0.033418 0.012259 0.378036 0.416117 0.007882 0.000000 0.000000 0.000000 0.014719 -0.382620 0.041954 0.000000 0.000000 0.000000 0.000167 0.001756 0.000363 -0.242800 -0.114345 -0.036764 0.127015 0.053698 9.808031 
130.364736 -0.007176 0.033450 0.012916 0.393102 0.334974 0.023364 0.000000 0.000000 0.000000 0.089058 -0.371958 0.119535 0.000000 0.000000 0.000000 0.000140 0.002194 0.000240 -0.245421 -0.112044 -0.036676 0.126818 0.053421 9.808035 
130.765885 -0.007667 0.033536 0.019375 0.399256 0.158787 0.027325 0.000000 0.000000 0.000000 -0.007042 -0.414297 0.098071 0.000000 0.000000 0.000000 0.000248 0.002155 -0.000516 -0.241032 -0.113192 -0.032349 0.126973 0.054015 9.808029 
130.965813 -0.005069 0.033668 0.015358 0.353999 0.066602 0.021836 0.000000 0.000000 0.000000 -0.325877 -0.587048 -0.072699 0.000000 0.000000 0.000000 0.000272 0.002483 -0.000459 -0.235485 -0.111406 -0.026758 0.126932 0.054797 9.808026 
131.164454 -0.005605 0.033170 0.013780 0.344035 -0.023441 0.010772 0.000000 0.000000 0.000000 -0.080557 -0.497221 -0.074146 0.000000 0.000000 0.000000 0.000528 0.002769 -0.000376 -0.238034 -0.112765 -0.027400 0.127038 0.054660 9.808025 
131.365694 -0.006906 0.032627 0.014946 0.357582 -0.102143 0.009927 0.000000 0.000000 0.000000 0.069823 -0.411177 -0.128079 0.000000 0.000000 0.000000 0.000238 0.003025 -0.000531 -0.241629 -0.117444 -0.029709 0.127439 0.054339 9.808022 
131.765550 -0.008683 0.031804 0.021499 0.353075 -0.258148 0.009068 0.000000 0.000000 0.000000 -0.044951 -0.380495 -0.084061 0.000000 0.000000 0.000000 0.000595 0.003233 -0.001324 -0.237510 -0.124261 -0.042322 0.128045 0.054669 9.808012 
131.965475 -0.008664 0.032470 0.019669 0.324389 -0.344669 0.011277 0.000000 0.000000 0.000000 -0.167011 -0.401406 -0.123570 0.000000 0.000000 0.000000 0.000433 0.003390 -0.001314 -0.235144 -0.122421 -0.046575 0.127753 0.054942 9.808014 
132.365320 -0.005534 0.033520 0.021266 0.338274 -0.532434 0.022358 0.000000 0.000000 0.000000 0.019192 -0.378633 0.097845 0.000000 0.000000 0.000000 0.000576 0.003462 -0.001465 -0.237656 -0.121679 -0.047773 0.127739 0.054800 9.808015 
132.563926 -0.005864 0.033400 0.019674 0.318888 -0.585810 0.017622 0.000000 0.000000 0.000000 -0.150545 -0.197558 0.007350 0.000000 0.000000 0.000000 0.000733 0.003398 -0.001293 -0.234341 -0.123689 -0.041706 0.127980 0.055178 9.808010 
132.765201 -0.005053 0.033612 0.019078 0.304423 -0.618419 0.014575 0.000000 0.000000 0.000000 -0.170781 -0.112258 0.004353 0.000000 0.000000 0.000000 0.000449 0.002911 -0.001342 -0.241065 -0.120654 -0.039951 0.128001 0.054854 9.808011 
132.965104 -0.005352 0.033498 0.021882 0.325158 -0.610934 0.006598 0.000000 0.000000 0.000000 0.188259 0.135725 -0.104484 0.000000 0.000000 0.000000 0.000558 0.002759 -0.001425 -0.252457 -0.126117 -0.038665 0.128491 0.054375 9.808008 
133.364992 -0.004460 0.033702 0.025109 0.520056 -0.610517 0.004663 0.000000 0.000000 0.000000 0.409261 0.014612 0.019737 0.000000 0.000000 0.000000 0.000574 0.002723 -0.001998 -0.256728 -0.124817 -0.039536 0.128488 0.054093 9.808009 
133.564892 -0.005190 0.034373 0.029042 0.600314 -0.613664 0.010337 0.000000 0.000000 0.000000 0.356997 -0.012316 0.045945 0.000000 0.000000 0.000000 0.000584 0.002806 -0.002286 -0.258187 -0.123474 -0.039796 0.128444 0.053995 9.808010 
133.764816 -0.005775 0.034259 0.033132 0.702895 -0.598611 0.021408 0.000000 0.000000 0.000000 0.496580 0.066555 0.029651 0.000000 0.000000 0.000000 0.000886 0.002344 -0.002681 -0.265898 -0.126621 -0.041290 0.128653 0.053815 9.808009 
133.964746 -0.006432 0.033693 0.036319 0.810048 -0.591082 0.020270 0.000000 0.000000 0.000000 0.531921 0.043631 0.160958 0.000000 0.000000 0.000000 0.000827 0.002199 -0.002706 -0.267906 -0.125126 -0.038093 0.128663 0.053888 9.808008 
134.164716 -0.006006 0.034058 0.037799 0.902503 -0.608380 0.017288 0.000000 0.000000 0.000000 0.478651 -0.058494 0.025973 0.000000 0.000000 0.000000 0.000869 0.002029 -0.002819 -0.267086 -0.124144 -0.036696 0.128714 0.053870 9.808008 
134.364591 -0.006403 0.034749 0.038971 0.991403 -0.608428 0.012920 0.000000 0.000000 0.000000 0.430507 -0.005987 -0.016929 0.000000 0.000000 0.000000 0.000871 0.001615 -0.003034 -0.266747 -0.127436 -0.036087 0.128554 0.053905 9.808009 
134.564562 -0.005253 0.034715 0.039553 1.080866 -0.593581 0.003323 0.000000 0.000000 0.000000 0.436376 0.099388 -0.016700 0.000000 0.000000 0.000000 0.001058 0.001513 -0.003163 -0.267099 -0.130326 -0.034632 0.128437 0.053989 9.808011 
134.964385 -0.006401 0.035686 0.045666 1.305730 -0.594680 0.017070 0.000000 0.000000 0.000000 0.625945 -0.030703 0.024011 0.000000 0.000000 0.000000 0.000682 0.001196 -0.003684 -0.273723 -0.126783 -0.039636 0.128713 0.054225 9.808006 
135.164380 -0.006311 0.035388 0.048187 1.390049 -0.591973 0.012751 0.000000 0.000000 0.000000 0.439592 0.020286 0.023615 0.000000 0.000000 0.000000 0.000609 0.000676 -0.003857 -0.269424 -0.128503 -0.035720 0.128481 0.053986 9.808010 
135.364287 -0.006045 0.035976 0.049689 1.473479 -0.598835 0.007613 0.000000 0.000000 0.000000 0.410875 -0.013815 0.004742 0.000000 0.000000 0.000000 0.000574 0.000529 -0.003957 -0.268691 -0.125643 -0.032511 0.128740 0.053941 9.808007 
135.564165 -0.005678 0.036560 0.050368 1.571907 -0.592982 0.010231 0.000000 0.000000 0.000000 0.460231 0.027062 0.011623 0.000000 0.000000 0.000000 0.000810 0.000369 -0.004068 -0.274261 -0.127443 -0.031955 0.128529 0.054578 9.808006 
135.764109 -0.006595 0.036433 0.052914 1.675773 -0.588166 0.005894 0.000000 0.000000 0.000000 0.516106 0.042386 -0.002958 0.000000 0.000000 0.000000 0.000780 0.000179 -0.004253 -0.277107 -0.126123 -0.027587 0.128581 0.055025 9.808003 
135.964039 -0.005892 0.036167 0.053447 1.785595 -0.584337 0.004777 0.000000 0.000000 0.000000 0.603893 -0.079316 0.055362 0.000000 0.000000 0.000000 0.000816 0.000107 -0.004263 -0.278102 -0.125758 -0.027077 0.128608 0.055160 9.808002 
136.164028 -0.007099 0.036201 0.057189 1.864881 -0.585305 0.002565 0.000000 0.000000 0.000000 0.391068 0.004384 -0.005462 0.000000 0.000000 0.000000 0.000586 -0.000297 -0.004576 -0.276821 -0.126419 -0.026651 0.128518 0.054977 9.808004 
136.363922 -0.006463 0.036989 0.056210 1.944579 -0.583659 -0.001885 0.000000 0.000000 0.000000 0.391254 0.001953 -0.032443 0.000000 0.000000 0.000000 0.000677 -0.000322 -0.004427 -0.277033 -0.126490 -0.026249 0.128505 0.055011 9.808004 
136.563852 -0.006842 0.037231 0.059137 2.044548 -0.581280 -0.003205 0.000000 0.000000 0.000000 0.481956 0.009766 -0.028069 0.000000 0.000000 0.000000 0.000579 -0.000420 -0.004738 -0.282526 -0.125119 -0.028868 0.128659 0.055858 9.807997 
136.763835 -0.006706 0.037790 0.062535 2.148008 -0.575982 0.003459 0.000000 0.000000 0.000000 0.515439 0.030948 0.042369 0.000000 0.000000 0.000000 0.000643 -0.000266 -0.005021 -0.283217 -0.124937 -0.029684 0.128691 0.055959 9.807996 
137.163700 -0.007163 0.037453 0.065100 2.347890 -0.572316 -0.008890 0.000000 0.000000 0.000000 0.484350 0.007608 -0.096294 0.000000 0.000000 0.000000 0.000459 -0.000338 -0.005020 -0.283351 -0.124340 -0.032479 0.128879 0.056000 9.807993 
137.363612 -0.007649 0.037649 0.066502 2.444278 -0.565335 -0.010248 0.000000 0.000000 0.000000 0.468225 0.037865 -0.019262 0.000000 0.000000 0.000000 0.000549 -0.000259 -0.005154 -0.282986 -0.124578 -0.034054 0.128866 0.055953 9.807994 
137.563659 -0.006821 0.038088 0.070532 2.553822 -0.564774 -0.011762 0.000000 0.000000 0.000000 0.545507 -0.002128 -0.055119 0.000000 0.000000 0.000000 0.000284 -0.000642 -0.005537 -0.285370 -0.122241 -0.035814 0.129264 0.056513 9.807985 
137.763639 -0.006888 0.038543 0.073427 2.644049 -0.556180 -0.012414 0.000000 0.000000 0.000000 0.453431 0.056097 -0.010959 0.000000 0.000000 0.000000 0.000174 0.000112 -0.005635 -0.281231 -0.124618 -0.036700 0.128963 0.055595 9.807995 
137.963495 -0.006228 0.037758 0.074690 2.738800 -0.554390 -0.010951 0.000000 0.000000 0.000000 0.457649 -0.092816 -0.110494 0.000000 0.000000 0.000000 0.000051 0.000015 -0.005652 -0.281308 -0.123064 -0.037363 0.129335 0.055708 9.807989 
138.163469 -0.006864 0.039091 0.075532 2.834123 -0.557153 -0.007558 0.000000 0.000000 0.000000 0.485140 -0.013389 0.038681 0.000000 0.000000 0.000000 0.000045 0.000079 -0.005757 -0.281566 -0.123749 -0.038134 0.129186 0.055730 9.807991 
138.363339 -0.007091 0.039043 0.076470 2.906865 -0.549421 -0.014267 0.000000 0.000000 0.000000 0.431821 0.053469 -0.028893 0.000000 0.000000 0.000000 -0.000063 0.000004 -0.005699 -0.277450 -0.127708 -0.036215 0.128443 0.054553 9.808007 
138.563368 -0.006964 0.038719 0.077398 3.004343 -0.546777 -0.017761 0.000000 0.000000 0.000000 0.638490 0.028237 -0.018794 0.000000 0.000000 0.000000 -0.000076 0.000553 -0.005694 -0.274674 -0.125246 -0.036433 0.129206 0.054038 9.808000 
138.763258 -0.008187 0.037459 0.072264 3.067773 -0.521503 -0.057343 0.000000 0.000000 0.000000 0.356519 0.151108 -0.181269 0.000000 0.000000 0.000000 0.000408 0.001642 -0.005326 -0.257625 -0.135735 -0.028288 0.127380 0.049237 9.808049 
138.963189 -0.010378 0.037926 0.073793 2.990979 -0.521629 -0.039699 0.000000 0.000000 0.000000 -0.813382 -0.035778 0.236116 0.000000 0.000000 0.000000 0.000156 0.004299 -0.005331 -0.227276 -0.139893 -0.037902 0.128558 0.041645 9.808069 
139.163166 -0.007715 0.039231 0.074803 2.965015 -0.548098 -0.016306 0.000000 0.000000 0.000000 -0.150698 -0.130544 0.121666 0.000000 0.000000 0.000000 0.000199 0.004869 -0.005308 -0.231786 -0.138073 -0.037347 0.128742 0.042627 9.808062 
139.363131 -0.007899 0.039622 0.074416 2.951710 -0.548996 -0.005492 0.000000 0.000000 0.000000 -0.095295 -0.012538 0.072695 0.000000 0.000000 0.000000 0.000136 0.004820 -0.005241 -0.236644 -0.141925 -0.035371 0.127666 0.043433 9.808073 
139.563063 -0.008334 0.039347 0.074445 2.954346 -0.539396 -0.008437 0.000000 0.000000 0.000000 -0.005310 0.048931 0.005421 0.000000 0.000000 0.000000 0.000248 0.004540 -0.005210 -0.243872 -0.143026 -0.031323 0.127005 0.044881 9.808075 
139.764112 -0.008015 0.039348 0.074396 2.968807 -0.538128 -0.016128 0.000000 0.000000 0.000000 0.054322 0.012355 -0.025852 0.000000 0.000000 0.000000 0.000065 0.004240 -0.005166 -0.247764 -0.139144 -0.029049 0.127609 0.045882 9.808063 
139.962959 -0.007577 0.039464 0.074081 2.971671 -0.544480 -0.013417 0.000000 0.000000 0.000000 -0.024307 -0.059321 0.037755 0.000000 0.000000 0.000000 0.000042 0.004258 -0.005159 -0.245681 -0.137708 -0.030578 0.128052 0.045520 9.808058 
140.162676 -0.007770 0.039283 0.074412 2.967314 -0.543428 -0.014369 0.000000 0.000000 0.000000 -0.034146 0.007300 0.002249 0.000000 0.000000 0.000000 0.000022 0.004214 -0.005132 -0.245925 -0.138101 -0.030268 0.127952 0.045552 9.808060 
140.362556 -0.008034 0.039649 0.074880 2.959969 -0.540694 -0.009425 0.000000 0.000000 0.000000 -0.049787 0.017045 0.021920 0.000000 0.000000 0.000000 0.000038 0.004136 -0.005117 -0.246108 -0.138091 -0.030757 0.127958 0.045594 9.808059 
140.563787 -0.008027 0.039251 0.074410 2.957586 -0.539076 -0.012500 0.000000 0.000000 0.000000 -0.026019 0.012183 -0.003097 0.000000 0.000000 0.000000 0.000023 0.004071 -0.005045 -0.248686 -0.136500 -0.028912 0.128136 0.046192 9.808054 
140.763787 -0.008112 0.039278 0.074510 2.961290 -0.537540 -0.014730 0.000000 0.000000 0.000000 0.006173 0.010571 -0.007105 0.000000 0.000000 0.000000 -0.000019 0.003871 -0.005022 -0.251183 -0.135311 -0.028460 0.128264 0.046768 9.808050 
141.162233 -0.008033 0.039210 0.074482 2.967401 -0.542504 -0.015174 0.000000 0.000000 0.000000 0.007359 -0.021861 0.006021 0.000000 0.000000 0.000000 -0.000188 0.003730 -0.005012 -0.251508 -0.134605 -0.028543 0.128400 0.046869 9.808048 
141.363594 -0.007906 0.039493 0.074527 2.963414 -0.540973 -0.011190 0.000000 0.000000 0.000000 -0.030917 0.012037 0.021583 0.000000 0.000000 0.000000 0.000107 0.003858 -0.004979 -0.251272 -0.135306 -0.028724 0.128269 0.046791 9.808050 
141.563449 -0.007926 0.039396 0.074303 2.964755 -0.541689 -0.010610 0.000000 0.000000 0.000000 -0.006803 0.000698 0.009418 0.000000 0.000000 0.000000 -0.000043 0.003513 -0.004937 -0.253051 -0.133800 -0.028000 0.128486 0.047211 9.808045 
141.762047 -0.007666 0.039453 0.074612 2.967327 -0.541690 -0.008129 0.000000 0.000000 0.000000 -0.000092 0.003908 0.014831 0.000000 0.000000 0.000000 -0.000073 0.003379 -0.004915 -0.254429 -0.133087 -0.028046 0.128575 0.047520 9.808042 
141.962007 -0.007904 0.039449 0.074619 2.965476 -0.543152 -0.011066 0.000000 0.000000 0.000000 -0.026887 -0.008763 -0.020965 0.000000 0.000000 0.000000 -0.000073 0.003383 -0.004911 -0.254144 -0.132598 -0.026678 0.128654 0.047472 9.808041 
142.163293 -0.007936 0.039290 0.074617 2.967521 -0.544426 -0.014899 0.000000 0.000000 0.000000 -0.001363 -0.002615 -0.016646 0.000000 0.000000 0.000000 -0.000062 0.003372 -0.004865 -0.254457 -0.132518 -0.026699 0.128658 0.047537 9.808041 
142.363182 -0.008143 0.039134 0.074432 2.969001 -0.540622 -0.016653 0.000000 0.000000 0.000000 -0.005366 0.021193 -0.008062 0.000000 0.000000 0.000000 -0.000054 0.003342 -0.004812 -0.255239 -0.133067 -0.026804 0.128523 0.047669 9.808042 
142.561838 -0.007983 0.039120 0.074979 2.971198 -0.540498 -0.018292 0.000000 0.000000 0.000000 0.000763 0.003781 -0.005274 0.000000 0.000000 0.000000 -0.000135 0.003245 -0.004810 -0.256127 -0.131482 -0.026701 0.128798 0.047905 9.808037 
142.761733 -0.007851 0.039347 0.075889 2.967670 -0.542295 -0.014567 0.000000 0.000000 0.000000 -0.026898 -0.004434 0.016833 0.000000 0.000000 0.000000 -0.000218 0.003253 -0.004827 -0.255423 -0.130858 -0.027672 0.128966 0.047799 9.808036 
143.163023 -0.007860 0.039061 0.074216 2.964369 -0.543142 -0.017210 0.000000 0.000000 0.000000 -0.009238 0.003870 -0.013751 0.000000 0.000000 0.000000 -0.000251 0.003064 -0.004798 -0.256184 -0.130572 -0.027237 0.128983 0.047960 9.808035 
143.361575 -0.008162 0.039156 0.074437 2.962030 -0.538500 -0.015409 0.000000 0.000000 0.000000 -0.022671 0.026297 0.004273 0.000000 0.000000 0.000000 -0.000066 0.002979 -0.004773 -0.256322 -0.130884 -0.027687 0.128926 0.047977 9.808035 
143.561535 -0.008228 0.039100 0.074311 2.966039 -0.537207 -0.016789 0.000000 0.000000 0.000000 0.010973 0.008591 -0.002757 0.000000 0.000000 0.000000 -0.000224 0.002654 -0.004750 -0.258052 -0.129360 -0.027197 0.129143 0.048355 9.808031 
143.762831 -0.007943 0.039294 0.074441 2.968033 -0.537712 -0.015330 0.000000 0.000000 0.000000 -0.000313 0.001781 0.008145 0.000000 0.000000 0.000000 -0.000314 0.002583 -0.004726 -0.258179 -0.128624 -0.027514 0.129282 0.048407 9.808029 
