[INFO] [launch]: All log files can be found below /home/nvidia/.ros/log/2026-10-06-12-05-52-811489-nvidia-desktop-8063
[INFO] [launch]: Default logging verbosity is set to INFO
[INFO] [imu_si_publisher-1]: process started with pid [8069]
[INFO] [fastlio_mapping-2]: process started with pid [8071]
[imu_si_publisher-1] [INFO] [1791259552.965028063] [imu_si_publisher]: IMU SI bridge started: /livox/imu -> /livox/imu_si, acc_scale=9.80665
[fastlio_mapping-2] [INFO] [1791259553.099176687] [laser_mapping]: p_pre->lidar_type 0
[fastlio_mapping-2] Multi thread started 
[fastlio_mapping-2] ~~~~/home/nvidia/ros2_ws/src/fast_lio2/ file opened
[fastlio_mapping-2] [INFO] [1791259553.113224848] [laser_mapping]: Node init finished.
[fastlio_mapping-2] IMU Initial Done
[fastlio_mapping-2] [WARN] [1791259626.927829540] [laser_mapping]: No point, skip this scan!
[fastlio_mapping-2] 
[fastlio_mapping-2] [INFO] [1791259627.146936748] [laser_mapping]: Initialize the map kdtree
[fastlio_mapping-2] [ mapping ]: time: IMU + Map + Input Downsample: 0.026332 ave match: 0.094738 ave solve: 0.004800  ave ICP: 0.100560  map incre: 0.014251 ave total: 0.141143 icp: 0.099757 construct H: 0.001473 
[fastlio_mapping-2] [ mapping ]: time: IMU + Map + Input Downsample: 0.018118 ave match: 0.093813 ave solve: 0.005355  ave ICP: 0.099458  map incre: 0.013130 ave total: 0.135924 icp: 0.099419 construct H: 0.001637 
[fastlio_mapping-2] [ mapping ]: time: IMU + Map + Input Downsample: 0.021889 ave match: 0.094909 ave solve: 0.005506  ave ICP: 0.103436  map incre: 0.009653 ave total: 0.135609 icp: 0.100673 construct H: 0.001680 
[fastlio_mapping-2] [ mapping ]: time: IMU + Map + Input Downsample: 0.022489 ave match: 0.095433 ave solve: 0.005511  ave ICP: 0.103126  map incre: 0.008742 ave total: 0.135296 icp: 0.101206 construct H: 0.001684 
[fastlio_mapping-2] [ mapping ]: time: IMU + Map + Input Downsample: 0.024278 ave match: 0.097195 ave solve: 0.005255  ave ICP: 0.109006  map incre: 0.006975 ave total: 0.136288 icp: 0.102700 construct H: 0.001600 
[fastlio_mapping-2] [ mapping ]: time: IMU + Map + Input Downsample: 0.023336 ave match: 0.096819 ave solve: 0.005307  ave ICP: 0.101055  map incre: 0.006211 ave total: 0.135341 icp: 0.102376 construct H: 0.001611 
[fastlio_mapping-2] [ mapping ]: time: IMU + Map + Input Downsample: 0.025311 ave match: 0.097740 ave solve: 0.005451  ave ICP: 0.110154  map incre: 0.005315 ave total: 0.136118 icp: 0.103440 construct H: 0.001724 
[fastlio_mapping-2] [ mapping ]: time: IMU + Map + Input Downsample: 0.020595 ave match: 0.097233 ave solve: 0.005460  ave ICP: 0.099777  map incre: 0.005380 ave total: 0.134822 icp: 0.102945 construct H: 0.001717 
[fastlio_mapping-2] [ mapping ]: time: IMU + Map + Input Downsample: 0.024770 ave match: 0.098092 ave solve: 0.005641  ave ICP: 0.112612  map incre: 0.005774 ave total: 0.135748 icp: 0.103985 construct H: 0.001736 
[fastlio_mapping-2] [ mapping ]: time: IMU + Map + Input Downsample: 0.021748 ave match: 0.097914 ave solve: 0.005632  ave ICP: 0.102444  map incre: 0.004958 ave total: 0.135088 icp: 0.103798 construct H: 0.001728 
[fastlio_mapping-2] [ mapping ]: time: IMU + Map + Input Downsample: 0.022682 ave match: 0.098031 ave solve: 0.005633  ave ICP: 0.105427  map incre: 0.004976 ave total: 0.134906 icp: 0.103917 construct H: 0.001722 
[fastlio_mapping-2] [ mapping ]: time: IMU + Map + Input Downsample: 0.024786 ave match: 0.098728 ave solve: 0.005626  ave ICP: 0.112549  map incre: 0.004667 ave total: 0.135497 icp: 0.104608 construct H: 0.001717 
[fastlio_mapping-2] [ mapping ]: time: IMU + Map + Input Downsample: 0.021048 ave match: 0.098524 ave solve: 0.005618  ave ICP: 0.102172  map incre: 0.004901 ave total: 0.134930 icp: 0.104396 construct H: 0.001713 
[fastlio_mapping-2] [ mapping ]: time: IMU + Map + Input Downsample: 0.021252 ave match: 0.097956 ave solve: 0.005511  ave ICP: 0.095154  map incre: 0.003607 ave total: 0.133865 icp: 0.103717 construct H: 0.001680 
[fastlio_mapping-2] [ mapping ]: time: IMU + Map + Input Downsample: 0.020680 ave match: 0.097909 ave solve: 0.005517  ave ICP: 0.103395  map incre: 0.003825 ave total: 0.133467 icp: 0.103674 construct H: 0.001679 
[fastlio_mapping-2] [ mapping ]: time: IMU + Map + Input Downsample: 0.022369 ave match: 0.097871 ave solve: 0.005512  ave ICP: 0.103352  map incre: 0.004568 ave total: 0.133268 icp: 0.103632 construct H: 0.001677 
[fastlio_mapping-2] [ mapping ]: time: IMU + Map + Input Downsample: 0.021675 ave match: 0.097426 ave solve: 0.005432  ave ICP: 0.094966  map incre: 0.003185 ave total: 0.132478 icp: 0.103104 construct H: 0.001652 
[fastlio_mapping-2] [ mapping ]: time: IMU + Map + Input Downsample: 0.021859 ave match: 0.097438 ave solve: 0.005430  ave ICP: 0.103546  map incre: 0.003348 ave total: 0.132271 icp: 0.103114 construct H: 0.001651 
[fastlio_mapping-2] [ mapping ]: time: IMU + Map + Input Downsample: 0.021059 ave match: 0.097448 ave solve: 0.005431  ave ICP: 0.103623  map incre: 0.003283 ave total: 0.132044 icp: 0.103125 construct H: 0.001651 
[fastlio_mapping-2] [ mapping ]: time: IMU + Map + Input Downsample: 0.022514 ave match: 0.097254 ave solve: 0.005359  ave ICP: 0.098024  map incre: 0.003016 ave total: 0.131619 icp: 0.102856 construct H: 0.001631 
[fastlio_mapping-2] [ mapping ]: time: IMU + Map + Input Downsample: 0.023712 ave match: 0.096963 ave solve: 0.005301  ave ICP: 0.095752  map incre: 0.002976 ave total: 0.131182 icp: 0.102506 construct H: 0.001613 
[fastlio_mapping-2] [ mapping ]: time: IMU + Map + Input Downsample: 0.021775 ave match: 0.096719 ave solve: 0.005242  ave ICP: 0.096050  map incre: 0.002961 ave total: 0.130710 icp: 0.102200 construct H: 0.001596 
[fastlio_mapping-2] [ mapping ]: time: IMU + Map + Input Downsample: 0.021906 ave match: 0.096506 ave solve: 0.005190  ave ICP: 0.096306  map incre: 0.003177 ave total: 0.130305 icp: 0.101932 construct H: 0.001580 
[fastlio_mapping-2] [ mapping ]: time: IMU + Map + Input Downsample: 0.023716 ave match: 0.096639 ave solve: 0.005198  ave ICP: 0.105644  map incre: 0.002972 ave total: 0.130389 icp: 0.102074 construct H: 0.001583 
[fastlio_mapping-2] [ mapping ]: time: IMU + Map + Input Downsample: 0.021680 ave match: 0.096721 ave solve: 0.005210  ave ICP: 0.104751  map incre: 0.002911 ave total: 0.130347 icp: 0.102168 construct H: 0.001585 
[fastlio_mapping-2] [ mapping ]: time: IMU + Map + Input Downsample: 0.021429 ave match: 0.096547 ave solve: 0.005173  ave ICP: 0.096970  map incre: 0.002861 ave total: 0.129998 icp: 0.101957 construct H: 0.001573 
[fastlio_mapping-2] [ mapping ]: time: IMU + Map + Input Downsample: 0.020788 ave match: 0.096601 ave solve: 0.005180  ave ICP: 0.103954  map incre: 0.002837 ave total: 0.129908 icp: 0.102020 construct H: 0.001575 
[fastlio_mapping-2] [ mapping ]: time: IMU + Map + Input Downsample: 0.021786 ave match: 0.096701 ave solve: 0.005190  ave ICP: 0.105454  map incre: 0.002899 ave total: 0.129916 icp: 0.102132 construct H: 0.001578 
[fastlio_mapping-2] [ mapping ]: time: IMU + Map + Input Downsample: 0.023605 ave match: 0.096759 ave solve: 0.005200  ave ICP: 0.104440  map incre: 0.003620 ave total: 0.129977 icp: 0.102201 construct H: 0.001580 
[fastlio_mapping-2] [ mapping ]: time: IMU + Map + Input Downsample: 0.021460 ave match: 0.096722 ave solve: 0.005206  ave ICP: 0.101621  map incre: 0.002436 ave total: 0.129828 icp: 0.102170 construct H: 0.001583 
[fastlio_mapping-2] [ mapping ]: time: IMU + Map + Input Downsample: 0.024140 ave match: 0.096712 ave solve: 0.005213  ave ICP: 0.102394  map incre: 0.002444 ave total: 0.129801 icp: 0.102167 construct H: 0.001585 
[fastlio_mapping-2] [ mapping ]: time: IMU + Map + Input Downsample: 0.021119 ave match: 0.096753 ave solve: 0.005218  ave ICP: 0.103963  map incre: 0.002147 ave total: 0.129720 icp: 0.102213 construct H: 0.001587 
[fastlio_mapping-2] [ mapping ]: time: IMU + Map + Input Downsample: 0.023427 ave match: 0.096639 ave solve: 0.005184  ave ICP: 0.097596  map incre: 0.002455 ave total: 0.129531 icp: 0.102064 construct H: 0.001576 
[fastlio_mapping-2] [ mapping ]: time: IMU + Map + Input Downsample: 0.020559 ave match: 0.096702 ave solve: 0.005188  ave ICP: 0.104704  map incre: 0.002248 ave total: 0.129472 icp: 0.102132 construct H: 0.001578 
[fastlio_mapping-2] [ mapping ]: time: IMU + Map + Input Downsample: 0.023346 ave match: 0.096568 ave solve: 0.005158  ave ICP: 0.096598  map incre: 0.002184 ave total: 0.129262 icp: 0.101966 construct H: 0.001569 
[fastlio_mapping-2] [ mapping ]: time: IMU + Map + Input Downsample: 0.022051 ave match: 0.096542 ave solve: 0.005127  ave ICP: 0.100115  map incre: 0.002276 ave total: 0.129128 icp: 0.101908 construct H: 0.001559 
[fastlio_mapping-2] [ mapping ]: time: IMU + Map + Input Downsample: 0.024989 ave match: 0.096547 ave solve: 0.005136  ave ICP: 0.102755  map incre: 0.002280 ave total: 0.129152 icp: 0.101922 construct H: 0.001561 
[fastlio_mapping-2] [ mapping ]: time: IMU + Map + Input Downsample: 0.025794 ave match: 0.096751 ave solve: 0.005114  ave ICP: 0.109139  map incre: 0.002175 ave total: 0.129362 icp: 0.102104 construct H: 0.001555 
[fastlio_mapping-2] [ mapping ]: time: IMU + Map + Input Downsample: 0.022059 ave match: 0.096777 ave solve: 0.005122  ave ICP: 0.103747  map incre: 0.002336 ave total: 0.129330 icp: 0.102138 construct H: 0.001557 
[fastlio_mapping-2] [ mapping ]: time: IMU + Map + Input Downsample: 0.024882 ave match: 0.097029 ave solve: 0.005140  ave ICP: 0.113287  map incre: 0.002520 ave total: 0.129614 icp: 0.102409 construct H: 0.001561 
[fastlio_mapping-2] [ mapping ]: time: IMU + Map + Input Downsample: 0.024430 ave match: 0.097029 ave solve: 0.005148  ave ICP: 0.103073  map incre: 0.002205 ave total: 0.129617 icp: 0.102417 construct H: 0.001563 
[fastlio_mapping-2] [ mapping ]: time: IMU + Map + Input Downsample: 0.021985 ave match: 0.097063 ave solve: 0.005154  ave ICP: 0.104382  map incre: 0.002478 ave total: 0.129598 icp: 0.102458 construct H: 0.001565 
[fastlio_mapping-2] [ mapping ]: time: IMU + Map + Input Downsample: 0.015319 ave match: 0.097077 ave solve: 0.005161  ave ICP: 0.103634  map incre: 0.002613 ave total: 0.129411 icp: 0.102479 construct H: 0.001567 
[fastlio_mapping-2] [ mapping ]: time: IMU + Map + Input Downsample: 0.021409 ave match: 0.097143 ave solve: 0.005166  ave ICP: 0.105889  map incre: 0.002254 ave total: 0.129415 icp: 0.102550 construct H: 0.001569 
[fastlio_mapping-2] [ mapping ]: time: IMU + Map + Input Downsample: 0.023918 ave match: 0.097151 ave solve: 0.005172  ave ICP: 0.103612  map incre: 0.002338 ave total: 0.129425 icp: 0.102565 construct H: 0.001571 
[fastlio_mapping-2] [ mapping ]: time: IMU + Map + Input Downsample: 0.024451 ave match: 0.097347 ave solve: 0.005178  ave ICP: 0.112100  map incre: 0.002830 ave total: 0.129641 icp: 0.102766 construct H: 0.001572 
[fastlio_mapping-2] [ mapping ]: time: IMU + Map + Input Downsample: 0.022806 ave match: 0.097215 ave solve: 0.005154  ave ICP: 0.095715  map incre: 0.002148 ave total: 0.129450 icp: 0.102609 construct H: 0.001565 
[fastlio_mapping-2] [ mapping ]: time: IMU + Map + Input Downsample: 0.020185 ave match: 0.097146 ave solve: 0.005131  ave ICP: 0.098497  map incre: 0.002130 ave total: 0.129270 icp: 0.102516 construct H: 0.001558 
[fastlio_mapping-2] [ mapping ]: time: IMU + Map + Input Downsample: 0.022391 ave match: 0.097119 ave solve: 0.005138  ave ICP: 0.101825  map incre: 0.002122 ave total: 0.129210 icp: 0.102496 construct H: 0.001561 
[fastlio_mapping-2] [ mapping ]: time: IMU + Map + Input Downsample: 0.021983 ave match: 0.097007 ave solve: 0.005115  ave ICP: 0.096017  map incre: 0.001878 ave total: 0.129024 icp: 0.102361 construct H: 0.001554 
[fastlio_mapping-2] [ mapping ]: time: IMU + Map + Input Downsample: 0.021505 ave match: 0.097011 ave solve: 0.005120  ave ICP: 0.103065  map incre: 0.002025 ave total: 0.128976 icp: 0.102370 construct H: 0.001556 
[fastlio_mapping-2] [ mapping ]: time: IMU + Map + Input Downsample: 0.022053 ave match: 0.097091 ave solve: 0.005126  ave ICP: 0.107132  map incre: 0.002061 ave total: 0.129020 icp: 0.102457 construct H: 0.001558 
[fastlio_mapping-2] [ mapping ]: time: IMU + Map + Input Downsample: 0.022713 ave match: 0.096987 ave solve: 0.005105  ave ICP: 0.096121  map incre: 0.002291 ave total: 0.128871 icp: 0.102331 construct H: 0.001552 
[fastlio_mapping-2] [ mapping ]: time: IMU + Map + Input Downsample: 0.023889 ave match: 0.097038 ave solve: 0.005110  ave ICP: 0.105648  map incre: 0.002041 ave total: 0.128921 icp: 0.102387 construct H: 0.001553 
[fastlio_mapping-2] [ mapping ]: time: IMU + Map + Input Downsample: 0.021436 ave match: 0.096957 ave solve: 0.005091  ave ICP: 0.097140  map incre: 0.001976 ave total: 0.128769 icp: 0.102286 construct H: 0.001548 
[fastlio_mapping-2] [ mapping ]: time: IMU + Map + Input Downsample: 0.020569 ave match: 0.097000 ave solve: 0.005097  ave ICP: 0.105304  map incre: 0.002332 ave total: 0.128759 icp: 0.102335 construct H: 0.001549 
[fastlio_mapping-2] [ mapping ]: time: IMU + Map + Input Downsample: 0.023084 ave match: 0.097002 ave solve: 0.005104  ave ICP: 0.103212  map incre: 0.002359 ave total: 0.128757 icp: 0.102344 construct H: 0.001551 
[fastlio_mapping-2] [ mapping ]: time: IMU + Map + Input Downsample: 0.020446 ave match: 0.096925 ave solve: 0.005085  ave ICP: 0.097103  map incre: 0.002012 ave total: 0.128598 icp: 0.102248 construct H: 0.001546 
[fastlio_mapping-2] [ mapping ]: time: IMU + Map + Input Downsample: 0.022156 ave match: 0.096868 ave solve: 0.005067  ave ICP: 0.098131  map incre: 0.001875 ave total: 0.128489 icp: 0.102173 construct H: 0.001540 
[fastlio_mapping-2] [ mapping ]: time: IMU + Map + Input Downsample: 0.020743 ave match: 0.096867 ave solve: 0.005050  ave ICP: 0.101358  map incre: 0.001719 ave total: 0.128411 icp: 0.102154 construct H: 0.001535 
[fastlio_mapping-2] [ mapping ]: time: IMU + Map + Input Downsample: 0.022526 ave match: 0.096994 ave solve: 0.005057  ave ICP: 0.110723  map incre: 0.002067 ave total: 0.128525 icp: 0.102289 construct H: 0.001537 
[fastlio_mapping-2] [ mapping ]: time: IMU + Map + Input Downsample: 0.024199 ave match: 0.097008 ave solve: 0.005062  ave ICP: 0.103680  map incre: 0.002245 ave total: 0.128550 icp: 0.102307 construct H: 0.001539 
[fastlio_mapping-2] [ mapping ]: time: IMU + Map + Input Downsample: 0.017208 ave match: 0.096968 ave solve: 0.005068  ave ICP: 0.100508  map incre: 0.002224 ave total: 0.128414 icp: 0.102274 construct H: 0.001541 
[fastlio_mapping-2] [ mapping ]: time: IMU + Map + Input Downsample: 0.020694 ave match: 0.096950 ave solve: 0.005073  ave ICP: 0.101752  map incre: 0.002218 ave total: 0.128355 icp: 0.102261 construct H: 0.001542 
[fastlio_mapping-2] [ mapping ]: time: IMU + Map + Input Downsample: 0.021915 ave match: 0.096983 ave solve: 0.005078  ave ICP: 0.105052  map incre: 0.002146 ave total: 0.128367 icp: 0.102299 construct H: 0.001543 
[fastlio_mapping-2] [ mapping ]: time: IMU + Map + Input Downsample: 0.023282 ave match: 0.097020 ave solve: 0.005082  ave ICP: 0.105310  map incre: 0.002126 ave total: 0.128402 icp: 0.102340 construct H: 0.001545 
[fastlio_mapping-2] [ mapping ]: time: IMU + Map + Input Downsample: 0.020672 ave match: 0.096906 ave solve: 0.005067  ave ICP: 0.093942  map incre: 0.002296 ave total: 0.128231 icp: 0.102210 construct H: 0.001540 
[fastlio_mapping-2] [ mapping ]: time: IMU + Map + Input Downsample: 0.016891 ave match: 0.096840 ave solve: 0.005072  ave ICP: 0.098350  map incre: 0.002497 ave total: 0.128077 icp: 0.102150 construct H: 0.001542 
[fastlio_mapping-2] [ mapping ]: time: IMU + Map + Input Downsample: 0.021333 ave match: 0.096822 ave solve: 0.005077  ave ICP: 0.101567  map incre: 0.002393 ave total: 0.128036 icp: 0.102137 construct H: 0.001543 
[fastlio_mapping-2] [ mapping ]: time: IMU + Map + Input Downsample: 0.021859 ave match: 0.096878 ave solve: 0.005079  ave ICP: 0.106540  map incre: 0.002827 ave total: 0.128082 icp: 0.102195 construct H: 0.001544 
[fastlio_mapping-2] [ mapping ]: time: IMU + Map + Input Downsample: 0.020683 ave match: 0.096831 ave solve: 0.005082  ave ICP: 0.099417  map incre: 0.002291 ave total: 0.128002 icp: 0.102152 construct H: 0.001545 
[fastlio_mapping-2] [ mapping ]: time: IMU + Map + Input Downsample: 0.020884 ave match: 0.096803 ave solve: 0.005067  ave ICP: 0.099355  map incre: 0.002439 ave total: 0.127928 icp: 0.102108 construct H: 0.001541 
[fastlio_mapping-2] [ mapping ]: time: IMU + Map + Input Downsample: 0.021495 ave match: 0.096784 ave solve: 0.005070  ave ICP: 0.101180  map incre: 0.002193 ave total: 0.127886 icp: 0.102092 construct H: 0.001542 
[fastlio_mapping-2] [ mapping ]: time: IMU + Map + Input Downsample: 0.024328 ave match: 0.096809 ave solve: 0.005074  ave ICP: 0.104584  map incre: 0.002457 ave total: 0.127933 icp: 0.102121 construct H: 0.001543 
[fastlio_mapping-2] [ mapping ]: time: IMU + Map + Input Downsample: 0.023393 ave match: 0.096804 ave solve: 0.005076  ave ICP: 0.102331  map incre: 0.002656 ave total: 0.127939 icp: 0.102119 construct H: 0.001543 
[fastlio_mapping-2] [ mapping ]: time: IMU + Map + Input Downsample: 0.024039 ave match: 0.096839 ave solve: 0.005078  ave ICP: 0.105185  map incre: 0.002183 ave total: 0.127985 icp: 0.102155 construct H: 0.001544 
[fastlio_mapping-2] [ mapping ]: time: IMU + Map + Input Downsample: 0.020544 ave match: 0.096834 ave solve: 0.005081  ave ICP: 0.102359  map incre: 0.002228 ave total: 0.127947 icp: 0.102154 construct H: 0.001545 
[fastlio_mapping-2] [ mapping ]: time: IMU + Map + Input Downsample: 0.022788 ave match: 0.096786 ave solve: 0.005065  ave ICP: 0.097450  map incre: 0.001953 ave total: 0.127874 icp: 0.102089 construct H: 0.001540 
[fastlio_mapping-2] [ mapping ]: time: IMU + Map + Input Downsample: 0.024696 ave match: 0.096871 ave solve: 0.005084  ave ICP: 0.110652  map incre: 0.003806 ave total: 0.128016 icp: 0.102193 construct H: 0.001547 
[fastlio_mapping-2] [ mapping ]: time: IMU + Map + Input Downsample: 0.022209 ave match: 0.096881 ave solve: 0.005086  ave ICP: 0.103429  map incre: 0.002505 ave total: 0.128018 icp: 0.102205 construct H: 0.001548 
[fastlio_mapping-2] [ mapping ]: time: IMU + Map + Input Downsample: 0.021786 ave match: 0.096920 ave solve: 0.005088  ave ICP: 0.105809  map incre: 0.002424 ave total: 0.128043 icp: 0.102246 construct H: 0.001548 
[fastlio_mapping-2] [ mapping ]: time: IMU + Map + Input Downsample: 0.023483 ave match: 0.096923 ave solve: 0.005073  ave ICP: 0.101467  map incre: 0.002139 ave total: 0.128031 icp: 0.102233 construct H: 0.001544 
[fastlio_mapping-2] [ mapping ]: time: IMU + Map + Input Downsample: 0.015463 ave match: 0.096800 ave solve: 0.005059  ave ICP: 0.091112  map incre: 0.001949 ave total: 0.127796 icp: 0.102095 construct H: 0.001539 
[fastlio_mapping-2] [ mapping ]: time: IMU + Map + Input Downsample: 0.025717 ave match: 0.096804 ave solve: 0.005060  ave ICP: 0.102919  map incre: 0.003969 ave total: 0.127853 icp: 0.102101 construct H: 0.001540 
[fastlio_mapping-2] [ mapping ]: time: IMU + Map + Input Downsample: 0.021068 ave match: 0.096783 ave solve: 0.005046  ave ICP: 0.099406  map incre: 0.002281 ave total: 0.127793 icp: 0.102065 construct H: 0.001535 
[fastlio_mapping-2] [ mapping ]: time: IMU + Map + Input Downsample: 0.022388 ave match: 0.096812 ave solve: 0.005047  ave ICP: 0.104900  map incre: 0.002420 ave total: 0.127816 icp: 0.102095 construct H: 0.001535 
[fastlio_mapping-2] [ mapping ]: time: IMU + Map + Input Downsample: 0.026486 ave match: 0.096943 ave solve: 0.005046  ave ICP: 0.113806  map incre: 0.002644 ave total: 0.127989 icp: 0.102225 construct H: 0.001535 
[fastlio_mapping-2] [ mapping ]: time: IMU + Map + Input Downsample: 0.022162 ave match: 0.096945 ave solve: 0.005046  ave ICP: 0.102618  map incre: 0.002890 ave total: 0.127986 icp: 0.102227 construct H: 0.001535 
[fastlio_mapping-2] [ mapping ]: time: IMU + Map + Input Downsample: 0.022153 ave match: 0.096840 ave solve: 0.005032  ave ICP: 0.091982  map incre: 0.002048 ave total: 0.127853 icp: 0.102108 construct H: 0.001531 
[fastlio_mapping-2] [ mapping ]: time: IMU + Map + Input Downsample: 0.019526 ave match: 0.096732 ave solve: 0.005019  ave ICP: 0.091482  map incre: 0.003286 ave total: 0.127702 icp: 0.101986 construct H: 0.001527 
[fastlio_mapping-2] [ mapping ]: time: IMU + Map + Input Downsample: 0.021429 ave match: 0.096684 ave solve: 0.005021  ave ICP: 0.098103  map incre: 0.002438 ave total: 0.127639 icp: 0.101940 construct H: 0.001527 
[fastlio_mapping-2] [ mapping ]: time: IMU + Map + Input Downsample: 0.021886 ave match: 0.096664 ave solve: 0.005020  ave ICP: 0.100318  map incre: 0.002158 ave total: 0.127604 icp: 0.101920 construct H: 0.001527 
[fastlio_mapping-2] [ mapping ]: time: IMU + Map + Input Downsample: 0.022699 ave match: 0.096622 ave solve: 0.005020  ave ICP: 0.098398  map incre: 0.002066 ave total: 0.127556 icp: 0.101878 construct H: 0.001527 
[fastlio_mapping-2] [ mapping ]: time: IMU + Map + Input Downsample: 0.023817 ave match: 0.096597 ave solve: 0.005006  ave ICP: 0.098477  map incre: 0.002001 ave total: 0.127521 icp: 0.101838 construct H: 0.001523 
[fastlio_mapping-2] [ mapping ]: time: IMU + Map + Input Downsample: 0.024486 ave match: 0.096630 ave solve: 0.005005  ave ICP: 0.105287  map incre: 0.002097 ave total: 0.127567 icp: 0.101870 construct H: 0.001523 
[fastlio_mapping-2] [ mapping ]: time: IMU + Map + Input Downsample: 0.020404 ave match: 0.096560 ave solve: 0.005004  ave ICP: 0.095351  map incre: 0.001793 ave total: 0.127463 icp: 0.101799 construct H: 0.001523 
[fastlio_mapping-2] [ mapping ]: time: IMU + Map + Input Downsample: 0.023224 ave match: 0.096589 ave solve: 0.004994  ave ICP: 0.103891  map incre: 0.001870 ave total: 0.127478 icp: 0.101818 construct H: 0.001521 
[fastlio_mapping-2] [ mapping ]: time: IMU + Map + Input Downsample: 0.016180 ave match: 0.096454 ave solve: 0.004992  ave ICP: 0.088560  map incre: 0.001927 ave total: 0.127266 icp: 0.101680 construct H: 0.001520 
[fastlio_mapping-2] [ mapping ]: time: IMU + Map + Input Downsample: 0.021191 ave match: 0.096404 ave solve: 0.004989  ave ICP: 0.096898  map incre: 0.005034 ave total: 0.127224 icp: 0.101628 construct H: 0.001519 
[fastlio_mapping-2] [ mapping ]: time: IMU + Map + Input Downsample: 0.021736 ave match: 0.096430 ave solve: 0.004996  ave ICP: 0.105149  map incre: 0.007441 ave total: 0.127295 icp: 0.101660 construct H: 0.001521 
[fastlio_mapping-2] [ mapping ]: time: IMU + Map + Input Downsample: 0.018456 ave match: 0.096365 ave solve: 0.004993  ave ICP: 0.095106  map incre: 0.008339 ave total: 0.127242 icp: 0.101592 construct H: 0.001520 
[fastlio_mapping-2] [ mapping ]: time: IMU + Map + Input Downsample: 0.016904 ave match: 0.096325 ave solve: 0.004991  ave ICP: 0.097546  map incre: 0.007132 ave total: 0.127186 icp: 0.101549 construct H: 0.001519 
[fastlio_mapping-2] [ mapping ]: time: IMU + Map + Input Downsample: 0.017710 ave match: 0.096252 ave solve: 0.004988  ave ICP: 0.094082  map incre: 0.007134 ave total: 0.127106 icp: 0.101474 construct H: 0.001518 
[fastlio_mapping-2] [ mapping ]: time: IMU + Map + Input Downsample: 0.018152 ave match: 0.096230 ave solve: 0.004987  ave ICP: 0.099574  map incre: 0.006669 ave total: 0.127080 icp: 0.101452 construct H: 0.001518 
[fastlio_mapping-2] [ mapping ]: time: IMU + Map + Input Downsample: 0.022640 ave match: 0.096236 ave solve: 0.004986  ave ICP: 0.102263  map incre: 0.008535 ave total: 0.127141 icp: 0.101457 construct H: 0.001517 
[fastlio_mapping-2] [ mapping ]: time: IMU + Map + Input Downsample: 0.023158 ave match: 0.096212 ave solve: 0.004985  ave ICP: 0.099134  map incre: 0.010258 ave total: 0.127192 icp: 0.101432 construct H: 0.001517 
[fastlio_mapping-2] [ mapping ]: time: IMU + Map + Input Downsample: 0.023224 ave match: 0.096269 ave solve: 0.004998  ave ICP: 0.109107  map incre: 0.010115 ave total: 0.127334 icp: 0.101501 construct H: 0.001521 
[fastlio_mapping-2] [ mapping ]: time: IMU + Map + Input Downsample: 0.021802 ave match: 0.096267 ave solve: 0.004999  ave ICP: 0.101769  map incre: 0.007229 ave total: 0.127366 icp: 0.101501 construct H: 0.001521 
[fastlio_mapping-2] [ mapping ]: time: IMU + Map + Input Downsample: 0.021693 ave match: 0.096348 ave solve: 0.005000  ave ICP: 0.110722  map incre: 0.008553 ave total: 0.127491 icp: 0.101583 construct H: 0.001521 
[fastlio_mapping-2] [ mapping ]: time: IMU + Map + Input Downsample: 0.020762 ave match: 0.096341 ave solve: 0.005001  ave ICP: 0.101299  map incre: 0.007417 ave total: 0.127509 icp: 0.101577 construct H: 0.001522 
[fastlio_mapping-2] [ mapping ]: time: IMU + Map + Input Downsample: 0.019704 ave match: 0.096326 ave solve: 0.005004  ave ICP: 0.100553  map incre: 0.007650 ave total: 0.127513 icp: 0.101565 construct H: 0.001522 
[fastlio_mapping-2] [ mapping ]: time: IMU + Map + Input Downsample: 0.016938 ave match: 0.096304 ave solve: 0.005005  ave ICP: 0.099471  map incre: 0.008634 ave total: 0.127491 icp: 0.101544 construct H: 0.001523 
[fastlio_mapping-2] [ mapping ]: time: IMU + Map + Input Downsample: 0.021558 ave match: 0.096321 ave solve: 0.005008  ave ICP: 0.103982  map incre: 0.007506 ave total: 0.127540 icp: 0.101564 construct H: 0.001524 
[fastlio_mapping-2] [ mapping ]: time: IMU + Map + Input Downsample: 0.021325 ave match: 0.096349 ave solve: 0.005010  ave ICP: 0.105214  map incre: 0.007729 ave total: 0.127599 icp: 0.101593 construct H: 0.001524 
[fastlio_mapping-2] [ mapping ]: time: IMU + Map + Input Downsample: 0.025863 ave match: 0.096467 ave solve: 0.005012  ave ICP: 0.115873  map incre: 0.009776 ave total: 0.127807 icp: 0.101715 construct H: 0.001525 
[fastlio_mapping-2] [ mapping ]: time: IMU + Map + Input Downsample: 0.013785 ave match: 0.096449 ave solve: 0.005014  ave ICP: 0.100041  map incre: 0.008567 ave total: 0.127760 icp: 0.101698 construct H: 0.001525 
[fastlio_mapping-2] [ mapping ]: time: IMU + Map + Input Downsample: 0.024444 ave match: 0.096485 ave solve: 0.005015  ave ICP: 0.106401  map incre: 0.007798 ave total: 0.127853 icp: 0.101736 construct H: 0.001525 
[fastlio_mapping-2] [ mapping ]: time: IMU + Map + Input Downsample: 0.025516 ave match: 0.096623 ave solve: 0.005024  ave ICP: 0.119279  map incre: 0.009613 ave total: 0.128078 icp: 0.101882 construct H: 0.001527 
[fastlio_mapping-2] [ mapping ]: time: IMU + Map + Input Downsample: 0.022442 ave match: 0.096691 ave solve: 0.005024  ave ICP: 0.110433  map incre: 0.008567 ave total: 0.128191 icp: 0.101950 construct H: 0.001527 
[fastlio_mapping-2] [ mapping ]: time: IMU + Map + Input Downsample: 0.023355 ave match: 0.096826 ave solve: 0.005025  ave ICP: 0.118585  map incre: 0.007551 ave total: 0.128368 icp: 0.102087 construct H: 0.001527 
[fastlio_mapping-2] [ mapping ]: time: IMU + Map + Input Downsample: 0.013839 ave match: 0.096832 ave solve: 0.005025  ave ICP: 0.103049  map incre: 0.008664 ave total: 0.128345 icp: 0.102092 construct H: 0.001527 
[fastlio_mapping-2] [ mapping ]: time: IMU + Map + Input Downsample: 0.020691 ave match: 0.096897 ave solve: 0.005025  ave ICP: 0.110258  map incre: 0.007223 ave total: 0.128425 icp: 0.102157 construct H: 0.001527 
[fastlio_mapping-2] [ mapping ]: time: IMU + Map + Input Downsample: 0.020110 ave match: 0.096958 ave solve: 0.005025  ave ICP: 0.110054  map incre: 0.008896 ave total: 0.128512 icp: 0.102219 construct H: 0.001527 
[fastlio_mapping-2] [ mapping ]: time: IMU + Map + Input Downsample: 0.023508 ave match: 0.097032 ave solve: 0.005025  ave ICP: 0.111593  map incre: 0.009108 ave total: 0.128638 icp: 0.102292 construct H: 0.001527 
[fastlio_mapping-2] [ mapping ]: time: IMU + Map + Input Downsample: 0.021497 ave match: 0.097090 ave solve: 0.005025  ave ICP: 0.109996  map incre: 0.009297 ave total: 0.128736 icp: 0.102351 construct H: 0.001527 
[fastlio_mapping-2] [ mapping ]: time: IMU + Map + Input Downsample: 0.024574 ave match: 0.097263 ave solve: 0.005022  ave ICP: 0.124088  map incre: 0.011527 ave total: 0.128985 icp: 0.102521 construct H: 0.001526 
[fastlio_mapping-2] [ mapping ]: time: IMU + Map + Input Downsample: 0.022441 ave match: 0.097354 ave solve: 0.005021  ave ICP: 0.114188  map incre: 0.010859 ave total: 0.129131 icp: 0.102611 construct H: 0.001526 
[fastlio_mapping-2] [ mapping ]: time: IMU + Map + Input Downsample: 0.022722 ave match: 0.097417 ave solve: 0.005020  ave ICP: 0.110771  map incre: 0.009302 ave total: 0.129238 icp: 0.102672 construct H: 0.001525 
[fastlio_mapping-2] [ mapping ]: time: IMU + Map + Input Downsample: 0.015126 ave match: 0.097447 ave solve: 0.005017  ave ICP: 0.106495  map incre: 0.010306 ave total: 0.129259 icp: 0.102700 construct H: 0.001524 
[fastlio_mapping-2] [ mapping ]: time: IMU + Map + Input Downsample: 0.022219 ave match: 0.097593 ave solve: 0.005015  ave ICP: 0.121594  map incre: 0.013233 ave total: 0.129472 icp: 0.102843 construct H: 0.001523 
[fastlio_mapping-2] [ mapping ]: time: IMU + Map + Input Downsample: 0.021131 ave match: 0.097677 ave solve: 0.005012  ave ICP: 0.113798  map incre: 0.010000 ave total: 0.129590 icp: 0.102924 construct H: 0.001522 
[fastlio_mapping-2] [ mapping ]: time: IMU + Map + Input Downsample: 0.021726 ave match: 0.097748 ave solve: 0.005009  ave ICP: 0.112289  map incre: 0.010377 ave total: 0.129702 icp: 0.102992 construct H: 0.001521 
[fastlio_mapping-2] [ mapping ]: time: IMU + Map + Input Downsample: 0.013898 ave match: 0.097772 ave solve: 0.005005  ave ICP: 0.105961  map incre: 0.011228 ave total: 0.129713 icp: 0.103012 construct H: 0.001520 
[fastlio_mapping-2] [ mapping ]: time: IMU + Map + Input Downsample: 0.026540 ave match: 0.097916 ave solve: 0.005002  ave ICP: 0.122307  map incre: 0.012099 ave total: 0.129946 icp: 0.103154 construct H: 0.001519 
[fastlio_mapping-2] [ mapping ]: time: IMU + Map + Input Downsample: 0.023255 ave match: 0.098044 ave solve: 0.005003  ave ICP: 0.121088  map incre: 0.011947 ave total: 0.130141 icp: 0.103282 construct H: 0.001519 
[fastlio_mapping-2] [ mapping ]: time: IMU + Map + Input Downsample: 0.019923 ave match: 0.098106 ave solve: 0.005001  ave ICP: 0.111682  map incre: 0.009823 ave total: 0.130224 icp: 0.103342 construct H: 0.001518 
[fastlio_mapping-2] [ mapping ]: time: IMU + Map + Input Downsample: 0.023297 ave match: 0.098186 ave solve: 0.004997  ave ICP: 0.114180  map incre: 0.008397 ave total: 0.130338 icp: 0.103419 construct H: 0.001517 
[fastlio_mapping-2] [ mapping ]: time: IMU + Map + Input Downsample: 0.024253 ave match: 0.098331 ave solve: 0.004993  ave ICP: 0.123076  map incre: 0.016908 ave total: 0.130584 icp: 0.103559 construct H: 0.001516 
[fastlio_mapping-2] [ mapping ]: time: IMU + Map + Input Downsample: 0.020889 ave match: 0.098402 ave solve: 0.004988  ave ICP: 0.113065  map incre: 0.010555 ave total: 0.130684 icp: 0.103625 construct H: 0.001514 
[fastlio_mapping-2] [ mapping ]: time: IMU + Map + Input Downsample: 0.026706 ave match: 0.098548 ave solve: 0.004989  ave ICP: 0.124643  map incre: 0.008181 ave total: 0.130890 icp: 0.103772 construct H: 0.001515 
[fastlio_mapping-2] [ mapping ]: time: IMU + Map + Input Downsample: 0.023695 ave match: 0.098682 ave solve: 0.004985  ave ICP: 0.122578  map incre: 0.006557 ave total: 0.131046 icp: 0.103902 construct H: 0.001514 
[fastlio_mapping-2] [ mapping ]: time: IMU + Map + Input Downsample: 0.014793 ave match: 0.098725 ave solve: 0.004982  ave ICP: 0.109807  map incre: 0.004851 ave total: 0.131035 icp: 0.103942 construct H: 0.001513 
[fastlio_mapping-2] [ mapping ]: time: IMU + Map + Input Downsample: 0.022223 ave match: 0.098811 ave solve: 0.004978  ave ICP: 0.115868  map incre: 0.004907 ave total: 0.131118 icp: 0.104023 construct H: 0.001511 
[fastlio_mapping-2] [ mapping ]: time: IMU + Map + Input Downsample: 0.024665 ave match: 0.098931 ave solve: 0.004975  ave ICP: 0.121157  map incre: 0.006537 ave total: 0.131266 icp: 0.104140 construct H: 0.001510 
[fastlio_mapping-2] [ mapping ]: time: IMU + Map + Input Downsample: 0.016571 ave match: 0.098995 ave solve: 0.004971  ave ICP: 0.113256  map incre: 0.007796 ave total: 0.131310 icp: 0.104201 construct H: 0.001509 
[fastlio_mapping-2] [ mapping ]: time: IMU + Map + Input Downsample: 0.022111 ave match: 0.099122 ave solve: 0.004968  ave ICP: 0.122478  map incre: 0.007718 ave total: 0.131453 icp: 0.104324 construct H: 0.001508 
[fastlio_mapping-2] [ mapping ]: time: IMU + Map + Input Downsample: 0.027046 ave match: 0.099184 ave solve: 0.004965  ave ICP: 0.113364  map incre: 0.006007 ave total: 0.131555 icp: 0.104383 construct H: 0.001507 
[fastlio_mapping-2] [ mapping ]: time: IMU + Map + Input Downsample: 0.024222 ave match: 0.099273 ave solve: 0.004959  ave ICP: 0.117042  map incre: 0.006328 ave total: 0.131663 icp: 0.104466 construct H: 0.001505 
[fastlio_mapping-2] [ mapping ]: time: IMU + Map + Input Downsample: 0.023981 ave match: 0.099349 ave solve: 0.004956  ave ICP: 0.115553  map incre: 0.005530 ave total: 0.131753 icp: 0.104538 construct H: 0.001504 
[fastlio_mapping-2] [ mapping ]: time: IMU + Map + Input Downsample: 0.020782 ave match: 0.099426 ave solve: 0.004952  ave ICP: 0.115887  map incre: 0.005928 ave total: 0.131826 icp: 0.104612 construct H: 0.001503 
[fastlio_mapping-2] [ mapping ]: time: IMU + Map + Input Downsample: 0.013881 ave match: 0.099449 ave solve: 0.004948  ave ICP: 0.107739  map incre: 0.005516 ave total: 0.131795 icp: 0.104631 construct H: 0.001502 
[fastlio_mapping-2] [ mapping ]: time: IMU + Map + Input Downsample: 0.022984 ave match: 0.099554 ave solve: 0.004943  ave ICP: 0.120123  map incre: 0.005082 ave total: 0.131903 icp: 0.104730 construct H: 0.001500 
[fastlio_mapping-2] [ mapping ]: time: IMU + Map + Input Downsample: 0.020068 ave match: 0.099652 ave solve: 0.004939  ave ICP: 0.119398  map incre: 0.004872 ave total: 0.131984 icp: 0.104823 construct H: 0.001499 
[fastlio_mapping-2] [ mapping ]: time: IMU + Map + Input Downsample: 0.022542 ave match: 0.099714 ave solve: 0.004935  ave ICP: 0.114052  map incre: 0.005467 ave total: 0.132049 icp: 0.104882 construct H: 0.001498 
[fastlio_mapping-2] [ mapping ]: time: IMU + Map + Input Downsample: 0.024233 ave match: 0.099825 ave solve: 0.004931  ave ICP: 0.121769  map incre: 0.009352 ave total: 0.132200 icp: 0.104988 construct H: 0.001497 
[fastlio_mapping-2] [ mapping ]: time: IMU + Map + Input Downsample: 0.014239 ave match: 0.099819 ave solve: 0.004926  ave ICP: 0.103794  map incre: 0.006036 ave total: 0.132147 icp: 0.104979 construct H: 0.001495 
[fastlio_mapping-2] [ mapping ]: time: IMU + Map + Input Downsample: 0.025977 ave match: 0.099939 ave solve: 0.004931  ave ICP: 0.125595  map incre: 0.006087 ave total: 0.132310 icp: 0.105104 construct H: 0.001501 
[fastlio_mapping-2] [ mapping ]: time: IMU + Map + Input Downsample: 0.013988 ave match: 0.099941 ave solve: 0.004926  ave ICP: 0.104774  map incre: 0.006941 ave total: 0.132268 icp: 0.105100 construct H: 0.001499 
[fastlio_mapping-2] [ mapping ]: time: IMU + Map + Input Downsample: 0.015624 ave match: 0.099943 ave solve: 0.004922  ave ICP: 0.104897  map incre: 0.005963 ave total: 0.132232 icp: 0.105097 construct H: 0.001498 
[fastlio_mapping-2] [ mapping ]: time: IMU + Map + Input Downsample: 0.025110 ave match: 0.100039 ave solve: 0.004918  ave ICP: 0.120219  map incre: 0.006077 ave total: 0.132352 icp: 0.105189 construct H: 0.001497 
[fastlio_mapping-2] [ mapping ]: time: IMU + Map + Input Downsample: 0.024271 ave match: 0.100096 ave solve: 0.004913  ave ICP: 0.113949  map incre: 0.005350 ave total: 0.132421 icp: 0.105242 construct H: 0.001496 
[fastlio_mapping-2] [ mapping ]: time: IMU + Map + Input Downsample: 0.021135 ave match: 0.100139 ave solve: 0.004908  ave ICP: 0.111752  map incre: 0.005494 ave total: 0.132458 icp: 0.105280 construct H: 0.001494 
[fastlio_mapping-2] [ mapping ]: time: IMU + Map + Input Downsample: 0.019938 ave match: 0.100174 ave solve: 0.004903  ave ICP: 0.110368  map incre: 0.005914 ave total: 0.132481 icp: 0.105309 construct H: 0.001492 
[fastlio_mapping-2] [ mapping ]: time: IMU + Map + Input Downsample: 0.025887 ave match: 0.100215 ave solve: 0.004897  ave ICP: 0.111325  map incre: 0.006463 ave total: 0.132549 icp: 0.105343 construct H: 0.001490 
[fastlio_mapping-2] [ mapping ]: time: IMU + Map + Input Downsample: 0.019840 ave match: 0.100275 ave solve: 0.004892  ave ICP: 0.114760  map incre: 0.006247 ave total: 0.132600 icp: 0.105399 construct H: 0.001489 
[fastlio_mapping-2] [ mapping ]: time: IMU + Map + Input Downsample: 0.022991 ave match: 0.100289 ave solve: 0.004887  ave ICP: 0.107177  map incre: 0.005401 ave total: 0.132618 icp: 0.105407 construct H: 0.001488 
[fastlio_mapping-2] [ mapping ]: time: IMU + Map + Input Downsample: 0.025569 ave match: 0.100372 ave solve: 0.004881  ave ICP: 0.118845  map incre: 0.006336 ave total: 0.132726 icp: 0.105484 construct H: 0.001486 
[fastlio_mapping-2] [ mapping ]: time: IMU + Map + Input Downsample: 0.018328 ave match: 0.100394 ave solve: 0.004875  ave ICP: 0.108466  map incre: 0.005374 ave total: 0.132723 icp: 0.105500 construct H: 0.001484 
[fastlio_mapping-2] [ mapping ]: time: IMU + Map + Input Downsample: 0.023884 ave match: 0.100431 ave solve: 0.004870  ave ICP: 0.111008  map incre: 0.005971 ave total: 0.132771 icp: 0.105531 construct H: 0.001482 
[fastlio_mapping-2] [ mapping ]: time: IMU + Map + Input Downsample: 0.020294 ave match: 0.100467 ave solve: 0.004864  ave ICP: 0.110994  map incre: 0.005819 ave total: 0.132797 icp: 0.105561 construct H: 0.001481 
[fastlio_mapping-2] [ mapping ]: time: IMU + Map + Input Downsample: 0.017734 ave match: 0.100480 ave solve: 0.004858  ave ICP: 0.107003  map incre: 0.007037 ave total: 0.132791 icp: 0.105568 construct H: 0.001478 
[fastlio_mapping-2] [ mapping ]: time: IMU + Map + Input Downsample: 0.020684 ave match: 0.100507 ave solve: 0.004853  ave ICP: 0.109695  map incre: 0.006822 ave total: 0.132816 icp: 0.105590 construct H: 0.001477 
[fastlio_mapping-2] [ mapping ]: time: IMU + Map + Input Downsample: 0.022466 ave match: 0.100549 ave solve: 0.004848  ave ICP: 0.112226  map incre: 0.006134 ave total: 0.132862 icp: 0.105626 construct H: 0.001475 
[fastlio_mapping-2] [ mapping ]: time: IMU + Map + Input Downsample: 0.027828 ave match: 0.100638 ave solve: 0.004848  ave ICP: 0.121393  map incre: 0.007948 ave total: 0.133002 icp: 0.105715 construct H: 0.001473 
[fastlio_mapping-2] [ mapping ]: time: IMU + Map + Input Downsample: 0.025591 ave match: 0.100712 ave solve: 0.004842  ave ICP: 0.118006  map incre: 0.006485 ave total: 0.133100 icp: 0.105783 construct H: 0.001471 
[fastlio_mapping-2] [ mapping ]: time: IMU + Map + Input Downsample: 0.018016 ave match: 0.100768 ave solve: 0.004836  ave ICP: 0.114770  map incre: 0.007414 ave total: 0.133140 icp: 0.105832 construct H: 0.001469 
[fastlio_mapping-2] [ mapping ]: time: IMU + Map + Input Downsample: 0.022172 ave match: 0.100813 ave solve: 0.004832  ave ICP: 0.113280  map incre: 0.007482 ave total: 0.133195 icp: 0.105873 construct H: 0.001467 
[fastlio_mapping-2] [ mapping ]: time: IMU + Map + Input Downsample: 0.019814 ave match: 0.100836 ave solve: 0.004825  ave ICP: 0.109189  map incre: 0.006863 ave total: 0.133210 icp: 0.105890 construct H: 0.001465 
[fastlio_mapping-2] [ mapping ]: time: IMU + Map + Input Downsample: 0.021246 ave match: 0.100876 ave solve: 0.004820  ave ICP: 0.112328  map incre: 0.008294 ave total: 0.133259 icp: 0.105924 construct H: 0.001463 
[fastlio_mapping-2] [ mapping ]: time: IMU + Map + Input Downsample: 0.020954 ave match: 0.100905 ave solve: 0.004815  ave ICP: 0.110487  map incre: 0.006265 ave total: 0.133283 icp: 0.105947 construct H: 0.001461 
[fastlio_mapping-2] [ mapping ]: time: IMU + Map + Input Downsample: 0.024660 ave match: 0.101013 ave solve: 0.004810  ave ICP: 0.125016  map incre: 0.006605 ave total: 0.133411 icp: 0.106050 construct H: 0.001460 
[fastlio_mapping-2] [ mapping ]: time: IMU + Map + Input Downsample: 0.023587 ave match: 0.101026 ave solve: 0.004805  ave ICP: 0.107733  map incre: 0.010211 ave total: 0.133455 icp: 0.106058 construct H: 0.001458 
[fastlio_mapping-2] [ mapping ]: time: IMU + Map + Input Downsample: 0.016564 ave match: 0.101011 ave solve: 0.004800  ave ICP: 0.102765  map incre: 0.006717 ave total: 0.133415 icp: 0.106038 construct H: 0.001456 
[fastlio_mapping-2] [ mapping ]: time: IMU + Map + Input Downsample: 0.023991 ave match: 0.101042 ave solve: 0.004795  ave ICP: 0.111075  map incre: 0.009712 ave total: 0.133476 icp: 0.106064 construct H: 0.001454 
[fastlio_mapping-2] [ mapping ]: time: IMU + Map + Input Downsample: 0.020599 ave match: 0.101071 ave solve: 0.004790  ave ICP: 0.110626  map incre: 0.006237 ave total: 0.133498 icp: 0.106087 construct H: 0.001452 
[fastlio_mapping-2] [ mapping ]: time: IMU + Map + Input Downsample: 0.021124 ave match: 0.101084 ave solve: 0.004785  ave ICP: 0.107797  map incre: 0.005794 ave total: 0.133505 icp: 0.106094 construct H: 0.001450 
[fastlio_mapping-2] [ mapping ]: time: IMU + Map + Input Downsample: 0.022657 ave match: 0.101148 ave solve: 0.004784  ave ICP: 0.118332  map incre: 0.004255 ave total: 0.133567 icp: 0.106158 construct H: 0.001449 
[fastlio_mapping-2] [ mapping ]: time: IMU + Map + Input Downsample: 0.021916 ave match: 0.101214 ave solve: 0.004779  ave ICP: 0.117750  map incre: 0.005378 ave total: 0.133628 icp: 0.106218 construct H: 0.001448 
[fastlio_mapping-2] [ mapping ]: time: IMU + Map + Input Downsample: 0.023339 ave match: 0.101272 ave solve: 0.004775  ave ICP: 0.116672  map incre: 0.004405 ave total: 0.133685 icp: 0.106272 construct H: 0.001446 
[fastlio_mapping-2] [ mapping ]: time: IMU + Map + Input Downsample: 0.022355 ave match: 0.101322 ave solve: 0.004771  ave ICP: 0.115400  map incre: 0.004885 ave total: 0.133733 icp: 0.106318 construct H: 0.001444 
[fastlio_mapping-2] [ mapping ]: time: IMU + Map + Input Downsample: 0.013305 ave match: 0.101323 ave solve: 0.004767  ave ICP: 0.105968  map incre: 0.004760 ave total: 0.133682 icp: 0.106315 construct H: 0.001443 
[fastlio_mapping-2] [ mapping ]: time: IMU + Map + Input Downsample: 0.022533 ave match: 0.101396 ave solve: 0.004764  ave ICP: 0.120033  map incre: 0.004301 ave total: 0.133750 icp: 0.106385 construct H: 0.001441 
[fastlio_mapping-2] [ mapping ]: time: IMU + Map + Input Downsample: 0.020486 ave match: 0.101445 ave solve: 0.004760  ave ICP: 0.115231  map incre: 0.004258 ave total: 0.133783 icp: 0.106429 construct H: 0.001440 
[fastlio_mapping-2] [ mapping ]: time: IMU + Map + Input Downsample: 0.020646 ave match: 0.101512 ave solve: 0.004754  ave ICP: 0.118748  map incre: 0.004593 ave total: 0.133835 icp: 0.106491 construct H: 0.001438 
[fastlio_mapping-2] [ mapping ]: time: IMU + Map + Input Downsample: 0.013353 ave match: 0.101499 ave solve: 0.004748  ave ICP: 0.103025  map incre: 0.005057 ave total: 0.133772 icp: 0.106472 construct H: 0.001436 
[fastlio_mapping-2] [ mapping ]: time: IMU + Map + Input Downsample: 0.021664 ave match: 0.101531 ave solve: 0.004742  ave ICP: 0.111727  map incre: 0.004833 ave total: 0.133794 icp: 0.106497 construct H: 0.001434 
[fastlio_mapping-2] [ mapping ]: time: IMU + Map + Input Downsample: 0.019541 ave match: 0.101554 ave solve: 0.004736  ave ICP: 0.110185  map incre: 0.004984 ave total: 0.133799 icp: 0.106514 construct H: 0.001432 
[fastlio_mapping-2] [ mapping ]: time: IMU + Map + Input Downsample: 0.024327 ave match: 0.101639 ave solve: 0.004732  ave ICP: 0.122886  map incre: 0.005440 ave total: 0.133894 icp: 0.106595 construct H: 0.001431 
[fastlio_mapping-2] [ mapping ]: time: IMU + Map + Input Downsample: 0.021678 ave match: 0.101684 ave solve: 0.004728  ave ICP: 0.114820  map incre: 0.005168 ave total: 0.133933 icp: 0.106634 construct H: 0.001429 
[fastlio_mapping-2] [ mapping ]: time: IMU + Map + Input Downsample: 0.013756 ave match: 0.101726 ave solve: 0.004725  ave ICP: 0.114883  map incre: 0.005632 ave total: 0.133935 icp: 0.106674 construct H: 0.001427 
[fastlio_mapping-2] [ mapping ]: time: IMU + Map + Input Downsample: 0.018191 ave match: 0.101738 ave solve: 0.004719  ave ICP: 0.108138  map incre: 0.005591 ave total: 0.133925 icp: 0.106680 construct H: 0.001426 
[fastlio_mapping-2] [ mapping ]: time: IMU + Map + Input Downsample: 0.021667 ave match: 0.101772 ave solve: 0.004713  ave ICP: 0.112692  map incre: 0.005000 ave total: 0.133952 icp: 0.106708 construct H: 0.001424 
[fastlio_mapping-2] [ mapping ]: time: IMU + Map + Input Downsample: 0.023893 ave match: 0.101811 ave solve: 0.004708  ave ICP: 0.113930  map incre: 0.005759 ave total: 0.133999 icp: 0.106742 construct H: 0.001422 
[fastlio_mapping-2] [ mapping ]: time: IMU + Map + Input Downsample: 0.026136 ave match: 0.101880 ave solve: 0.004705  ave ICP: 0.120487  map incre: 0.007347 ave total: 0.134097 icp: 0.106807 construct H: 0.001421 
[fastlio_mapping-2] [ mapping ]: time: IMU + Map + Input Downsample: 0.014288 ave match: 0.101934 ave solve: 0.004700  ave ICP: 0.117040  map incre: 0.005169 ave total: 0.134109 icp: 0.106856 construct H: 0.001419 
[fastlio_mapping-2] [ mapping ]: time: IMU + Map + Input Downsample: 0.021073 ave match: 0.102025 ave solve: 0.004695  ave ICP: 0.124915  map incre: 0.005936 ave total: 0.134195 icp: 0.106942 construct H: 0.001418 
[fastlio_mapping-2] [ mapping ]: time: IMU + Map + Input Downsample: 0.022472 ave match: 0.102076 ave solve: 0.004690  ave ICP: 0.116637  map incre: 0.006324 ave total: 0.134250 icp: 0.106987 construct H: 0.001416 
[fastlio_mapping-2] [ mapping ]: time: IMU + Map + Input Downsample: 0.014727 ave match: 0.102080 ave solve: 0.004684  ave ICP: 0.106914  map incre: 0.006367 ave total: 0.134220 icp: 0.106986 construct H: 0.001414 
[fastlio_mapping-2] [ mapping ]: time: IMU + Map + Input Downsample: 0.021081 ave match: 0.102103 ave solve: 0.004679  ave ICP: 0.110840  map incre: 0.006063 ave total: 0.134238 icp: 0.107003 construct H: 0.001413 
[fastlio_mapping-2] [ mapping ]: time: IMU + Map + Input Downsample: 0.023090 ave match: 0.102131 ave solve: 0.004674  ave ICP: 0.111965  map incre: 0.005467 ave total: 0.134268 icp: 0.107025 construct H: 0.001411 
[fastlio_mapping-2] [ mapping ]: time: IMU + Map + Input Downsample: 0.018689 ave match: 0.102175 ave solve: 0.004669  ave ICP: 0.115577  map incre: 0.006237 ave total: 0.134297 icp: 0.107064 construct H: 0.001409 
[fastlio_mapping-2] [ mapping ]: time: IMU + Map + Input Downsample: 0.020743 ave match: 0.102233 ave solve: 0.004663  ave ICP: 0.118663  map incre: 0.007555 ave total: 0.134357 icp: 0.107117 construct H: 0.001408 
[fastlio_mapping-2] [ mapping ]: time: IMU + Map + Input Downsample: 0.022762 ave match: 0.102275 ave solve: 0.004658  ave ICP: 0.115044  map incre: 0.005655 ave total: 0.134400 icp: 0.107153 construct H: 0.001406 
[fastlio_mapping-2] [ mapping ]: time: IMU + Map + Input Downsample: 0.019613 ave match: 0.102321 ave solve: 0.004653  ave ICP: 0.116291  map incre: 0.005550 ave total: 0.134433 icp: 0.107194 construct H: 0.001404 
[fastlio_mapping-2] [ mapping ]: time: IMU + Map + Input Downsample: 0.024688 ave match: 0.102409 ave solve: 0.004648  ave ICP: 0.125180  map incre: 0.007583 ave total: 0.134540 icp: 0.107276 construct H: 0.001403 
[fastlio_mapping-2] [ mapping ]: time: IMU + Map + Input Downsample: 0.014601 ave match: 0.102433 ave solve: 0.004642  ave ICP: 0.111398  map incre: 0.010724 ave total: 0.134550 icp: 0.107294 construct H: 0.001401 
[fastlio_mapping-2] [ mapping ]: time: IMU + Map + Input Downsample: 0.020433 ave match: 0.102512 ave solve: 0.004636  ave ICP: 0.123426  map incre: 0.006219 ave total: 0.134621 icp: 0.107367 construct H: 0.001399 
[fastlio_mapping-2] [ mapping ]: time: IMU + Map + Input Downsample: 0.024452 ave match: 0.102591 ave solve: 0.004634  ave ICP: 0.124474  map incre: 0.007989 ave total: 0.134724 icp: 0.107444 construct H: 0.001400 
[fastlio_mapping-2] [ mapping ]: time: IMU + Map + Input Downsample: 0.024118 ave match: 0.102675 ave solve: 0.004629  ave ICP: 0.125160  map incre: 0.007004 ave total: 0.134822 icp: 0.107523 construct H: 0.001398 
[fastlio_mapping-2] [ mapping ]: time: IMU + Map + Input Downsample: 0.023062 ave match: 0.102714 ave solve: 0.004624  ave ICP: 0.115146  map incre: 0.005475 ave total: 0.134862 icp: 0.107556 construct H: 0.001397 
[fastlio_mapping-2] [ mapping ]: time: IMU + Map + Input Downsample: 0.023890 ave match: 0.102763 ave solve: 0.004618  ave ICP: 0.117417  map incre: 0.007523 ave total: 0.134926 icp: 0.107600 construct H: 0.001395 
[fastlio_mapping-2] [ mapping ]: time: IMU + Map + Input Downsample: 0.017433 ave match: 0.102784 ave solve: 0.004613  ave ICP: 0.111200  map incre: 0.006248 ave total: 0.134925 icp: 0.107615 construct H: 0.001393 
[fastlio_mapping-2] [ mapping ]: time: IMU + Map + Input Downsample: 0.021405 ave match: 0.102823 ave solve: 0.004608  ave ICP: 0.115457  map incre: 0.006163 ave total: 0.134962 icp: 0.107648 construct H: 0.001392 
[fastlio_mapping-2] [ mapping ]: time: IMU + Map + Input Downsample: 0.014568 ave match: 0.102837 ave solve: 0.004602  ave ICP: 0.109786  map incre: 0.006317 ave total: 0.134943 icp: 0.107657 construct H: 0.001390 
[fastlio_mapping-2] [ mapping ]: time: IMU + Map + Input Downsample: 0.024155 ave match: 0.102884 ave solve: 0.004597  ave ICP: 0.117513  map incre: 0.005406 ave total: 0.134996 icp: 0.107699 construct H: 0.001388 
[fastlio_mapping-2] [ mapping ]: time: IMU + Map + Input Downsample: 0.024256 ave match: 0.102953 ave solve: 0.004591  ave ICP: 0.121989  map incre: 0.010238 ave total: 0.135092 icp: 0.107761 construct H: 0.001386 
[fastlio_mapping-2] [ mapping ]: time: IMU + Map + Input Downsample: 0.020595 ave match: 0.102995 ave solve: 0.004584  ave ICP: 0.116189  map incre: 0.015345 ave total: 0.135167 icp: 0.107797 construct H: 0.001384 
[fastlio_mapping-2] [ mapping ]: time: IMU + Map + Input Downsample: 0.020807 ave match: 0.103042 ave solve: 0.004577  ave ICP: 0.116968  map incre: 0.020734 ave total: 0.135269 icp: 0.107836 construct H: 0.001382 
[fastlio_mapping-2] [ mapping ]: time: IMU + Map + Input Downsample: 0.019939 ave match: 0.103076 ave solve: 0.004569  ave ICP: 0.113932  map incre: 0.019550 ave total: 0.135348 icp: 0.107861 construct H: 0.001379 
[fastlio_mapping-2] [ mapping ]: time: IMU + Map + Input Downsample: 0.021212 ave match: 0.103128 ave solve: 0.004561  ave ICP: 0.118318  map incre: 0.015215 ave total: 0.135433 icp: 0.107905 construct H: 0.001377 
[fastlio_mapping-2] [ mapping ]: time: IMU + Map + Input Downsample: 0.014353 ave match: 0.103150 ave solve: 0.004553  ave ICP: 0.111460  map incre: 0.011839 ave total: 0.135442 icp: 0.107919 construct H: 0.001374 
[fastlio_mapping-2] [ mapping ]: time: IMU + Map + Input Downsample: 0.021365 ave match: 0.103191 ave solve: 0.004545  ave ICP: 0.115730  map incre: 0.008840 ave total: 0.135487 icp: 0.107951 construct H: 0.001371 
[fastlio_mapping-2] [ mapping ]: time: IMU + Map + Input Downsample: 0.023461 ave match: 0.103238 ave solve: 0.004537  ave ICP: 0.117174  map incre: 0.009015 ave total: 0.135548 icp: 0.107990 construct H: 0.001369 
[fastlio_mapping-2] [ mapping ]: time: IMU + Map + Input Downsample: 0.021267 ave match: 0.103284 ave solve: 0.004529  ave ICP: 0.117239  map incre: 0.009486 ave total: 0.135601 icp: 0.108028 construct H: 0.001366 
[fastlio_mapping-2] [ mapping ]: time: IMU + Map + Input Downsample: 0.019107 ave match: 0.103342 ave solve: 0.004521  ave ICP: 0.119899  map incre: 0.009701 ave total: 0.135657 icp: 0.108077 construct H: 0.001364 
[fastlio_mapping-2] [ mapping ]: time: IMU + Map + Input Downsample: 0.016270 ave match: 0.103378 ave solve: 0.004512  ave ICP: 0.114746  map incre: 0.006567 ave total: 0.135665 icp: 0.108104 construct H: 0.001361 
[fastlio_mapping-2] [ mapping ]: time: IMU + Map + Input Downsample: 0.020977 ave match: 0.103419 ave solve: 0.004504  ave ICP: 0.116194  map incre: 0.007190 ave total: 0.135702 icp: 0.108137 construct H: 0.001358 
[fastlio_mapping-2] [ mapping ]: time: IMU + Map + Input Downsample: 0.022914 ave match: 0.103461 ave solve: 0.004496  ave ICP: 0.116325  map incre: 0.006906 ave total: 0.135746 icp: 0.108170 construct H: 0.001356 
[fastlio_mapping-2] [ mapping ]: time: IMU + Map + Input Downsample: 0.021688 ave match: 0.103507 ave solve: 0.004488  ave ICP: 0.117363  map incre: 0.006537 ave total: 0.135787 icp: 0.108208 construct H: 0.001353 
[fastlio_mapping-2] [ mapping ]: time: IMU + Map + Input Downsample: 0.023178 ave match: 0.103584 ave solve: 0.004480  ave ICP: 0.125205  map incre: 0.008279 ave total: 0.135874 icp: 0.108277 construct H: 0.001351 
[fastlio_mapping-2] [ mapping ]: time: IMU + Map + Input Downsample: 0.022122 ave match: 0.103635 ave solve: 0.004472  ave ICP: 0.118737  map incre: 0.006996 ave total: 0.135924 icp: 0.108319 construct H: 0.001348 
[fastlio_mapping-2] [ mapping ]: time: IMU + Map + Input Downsample: 0.024820 ave match: 0.103727 ave solve: 0.004464  ave ICP: 0.128883  map incre: 0.007163 ave total: 0.136027 icp: 0.108403 construct H: 0.001345 
[fastlio_mapping-2] [ mapping ]: time: IMU + Map + Input Downsample: 0.023378 ave match: 0.103776 ave solve: 0.004456  ave ICP: 0.118509  map incre: 0.007464 ave total: 0.136082 icp: 0.108443 construct H: 0.001343 
[fastlio_mapping-2] [ mapping ]: time: IMU + Map + Input Downsample: 0.024737 ave match: 0.103822 ave solve: 0.004448  ave ICP: 0.117885  map incre: 0.006617 ave total: 0.136136 icp: 0.108481 construct H: 0.001340 
[fastlio_mapping-2] [ mapping ]: time: IMU + Map + Input Downsample: 0.022787 ave match: 0.103894 ave solve: 0.004441  ave ICP: 0.124559  map incre: 0.008098 ave total: 0.136214 icp: 0.108545 construct H: 0.001338 
[fastlio_mapping-2] [ mapping ]: time: IMU + Map + Input Downsample: 0.023995 ave match: 0.103990 ave solve: 0.004433  ave ICP: 0.130371  map incre: 0.008104 ave total: 0.136321 icp: 0.108633 construct H: 0.001335 
[fastlio_mapping-2] [ mapping ]: time: IMU + Map + Input Downsample: 0.020032 ave match: 0.104066 ave solve: 0.004426  ave ICP: 0.126094  map incre: 0.009095 ave total: 0.136398 icp: 0.108702 construct H: 0.001333 
[fastlio_mapping-2] [ mapping ]: time: IMU + Map + Input Downsample: 0.016123 ave match: 0.104113 ave solve: 0.004420  ave ICP: 0.119416  map incre: 0.007131 ave total: 0.136423 icp: 0.108744 construct H: 0.001331 
[fastlio_mapping-2] [ mapping ]: time: IMU + Map + Input Downsample: 0.015003 ave match: 0.104137 ave solve: 0.004413  ave ICP: 0.112863  map incre: 0.005413 ave total: 0.136410 icp: 0.108759 construct H: 0.001328 
[fastlio_mapping-2] [ mapping ]: time: IMU + Map + Input Downsample: 0.019839 ave match: 0.104185 ave solve: 0.004405  ave ICP: 0.119102  map incre: 0.006067 ave total: 0.136445 icp: 0.108800 construct H: 0.001326 
[fastlio_mapping-2] [ mapping ]: time: IMU + Map + Input Downsample: 0.021588 ave match: 0.104230 ave solve: 0.004397  ave ICP: 0.118288  map incre: 0.006334 ave total: 0.136484 icp: 0.108836 construct H: 0.001323 
[fastlio_mapping-2] [ mapping ]: time: IMU + Map + Input Downsample: 0.020950 ave match: 0.104278 ave solve: 0.004390  ave ICP: 0.119386  map incre: 0.006589 ave total: 0.136525 icp: 0.108877 construct H: 0.001321 
[fastlio_mapping-2] [ mapping ]: time: IMU + Map + Input Downsample: 0.021834 ave match: 0.104323 ave solve: 0.004382  ave ICP: 0.118727  map incre: 0.006305 ave total: 0.136566 icp: 0.108914 construct H: 0.001319 
[fastlio_mapping-2] [ mapping ]: time: IMU + Map + Input Downsample: 0.017194 ave match: 0.104360 ave solve: 0.004376  ave ICP: 0.116756  map incre: 0.006004 ave total: 0.136579 icp: 0.108944 construct H: 0.001316 
[fastlio_mapping-2] [ mapping ]: time: IMU + Map + Input Downsample: 0.021204 ave match: 0.104409 ave solve: 0.004368  ave ICP: 0.119635  map incre: 0.006531 ave total: 0.136622 icp: 0.108985 construct H: 0.001314 
[fastlio_mapping-2] [ mapping ]: time: IMU + Map + Input Downsample: 0.022168 ave match: 0.104481 ave solve: 0.004361  ave ICP: 0.125943  map incre: 0.007692 ave total: 0.136696 icp: 0.109050 construct H: 0.001312 
[fastlio_mapping-2] [ mapping ]: time: IMU + Map + Input Downsample: 0.025870 ave match: 0.104603 ave solve: 0.004355  ave ICP: 0.139023  map incre: 0.008015 ave total: 0.136837 icp: 0.109166 construct H: 0.001310 
[fastlio_mapping-2] [ mapping ]: time: IMU + Map + Input Downsample: 0.025213 ave match: 0.104681 ave solve: 0.004348  ave ICP: 0.127521  map incre: 0.008427 ave total: 0.136932 icp: 0.109235 construct H: 0.001307 
[fastlio_mapping-2] [ mapping ]: time: IMU + Map + Input Downsample: 0.021059 ave match: 0.104724 ave solve: 0.004341  ave ICP: 0.119003  map incre: 0.006495 ave total: 0.136969 icp: 0.109272 construct H: 0.001305 
[fastlio_mapping-2] [ mapping ]: time: IMU + Map + Input Downsample: 0.023726 ave match: 0.104764 ave solve: 0.004334  ave ICP: 0.117906  map incre: 0.006475 ave total: 0.137012 icp: 0.109304 construct H: 0.001303 
[fastlio_mapping-2] [ mapping ]: time: IMU + Map + Input Downsample: 0.014910 ave match: 0.104785 ave solve: 0.004327  ave ICP: 0.113468  map incre: 0.007918 ave total: 0.137009 icp: 0.109319 construct H: 0.001301 
[fastlio_mapping-2] [ mapping ]: time: IMU + Map + Input Downsample: 0.021877 ave match: 0.104832 ave solve: 0.004321  ave ICP: 0.119909  map incre: 0.007298 ave total: 0.137055 icp: 0.109358 construct H: 0.001299 
[fastlio_mapping-2] [ mapping ]: time: IMU + Map + Input Downsample: 0.020658 ave match: 0.104870 ave solve: 0.004314  ave ICP: 0.118115  map incre: 0.006310 ave total: 0.137085 icp: 0.109390 construct H: 0.001297 
[fastlio_mapping-2] [ mapping ]: time: IMU + Map + Input Downsample: 0.022054 ave match: 0.104918 ave solve: 0.004308  ave ICP: 0.120579  map incre: 0.006489 ave total: 0.137131 icp: 0.109432 construct H: 0.001294 
[fastlio_mapping-2] [ mapping ]: time: IMU + Map + Input Downsample: 0.019559 ave match: 0.104958 ave solve: 0.004301  ave ICP: 0.118141  map incre: 0.019742 ave total: 0.137208 icp: 0.109463 construct H: 0.001292 
[fastlio_mapping-2] [ mapping ]: time: IMU + Map + Input Downsample: 0.022248 ave match: 0.105009 ave solve: 0.004293  ave ICP: 0.121223  map incre: 0.009974 ave total: 0.137269 icp: 0.109506 construct H: 0.001290 
[fastlio_mapping-2] [ mapping ]: time: IMU + Map + Input Downsample: 0.014313 ave match: 0.105025 ave solve: 0.004286  ave ICP: 0.112055  map incre: 0.007613 ave total: 0.137256 icp: 0.109515 construct H: 0.001287 
[fastlio_mapping-2] [ mapping ]: time: IMU + Map + Input Downsample: 0.022884 ave match: 0.105087 ave solve: 0.004279  ave ICP: 0.124511  map incre: 0.007586 ave total: 0.137323 icp: 0.109570 construct H: 0.001285 
[fastlio_mapping-2] [ mapping ]: time: IMU + Map + Input Downsample: 0.022427 ave match: 0.105106 ave solve: 0.004271  ave ICP: 0.112775  map incre: 0.007525 ave total: 0.137343 icp: 0.109581 construct H: 0.001283 
[fastlio_mapping-2] [ mapping ]: time: IMU + Map + Input Downsample: 0.021579 ave match: 0.105129 ave solve: 0.004264  ave ICP: 0.114214  map incre: 0.004258 ave total: 0.137353 icp: 0.109597 construct H: 0.001280 
[fastlio_mapping-2] [ mapping ]: time: IMU + Map + Input Downsample: 0.026361 ave match: 0.105199 ave solve: 0.004258  ave ICP: 0.127052  map incre: 0.005675 ave total: 0.137433 icp: 0.109660 construct H: 0.001278 
[fastlio_mapping-2] [ mapping ]: time: IMU + Map + Input Downsample: 0.016029 ave match: 0.105242 ave solve: 0.004250  ave ICP: 0.119456  map incre: 0.009515 ave total: 0.137461 icp: 0.109695 construct H: 0.001276 
[fastlio_mapping-2] [ mapping ]: time: IMU + Map + Input Downsample: 0.018481 ave match: 0.105276 ave solve: 0.004243  ave ICP: 0.117298  map incre: 0.012484 ave total: 0.137500 icp: 0.109722 construct H: 0.001274 
[fastlio_mapping-2] [ mapping ]: time: IMU + Map + Input Downsample: 0.020960 ave match: 0.105355 ave solve: 0.004237  ave ICP: 0.129890  map incre: 0.011229 ave total: 0.137590 icp: 0.109794 construct H: 0.001271 
[fastlio_mapping-2] [ mapping ]: time: IMU + Map + Input Downsample: 0.025617 ave match: 0.105439 ave solve: 0.004230  ave ICP: 0.131181  map incre: 0.009218 ave total: 0.137693 icp: 0.109871 construct H: 0.001269 
[fastlio_mapping-2] [ mapping ]: time: IMU + Map + Input Downsample: 0.014081 ave match: 0.105462 ave solve: 0.004223  ave ICP: 0.114441  map incre: 0.008141 ave total: 0.137690 icp: 0.109886 construct H: 0.001267 
[fastlio_mapping-2] [ mapping ]: time: IMU + Map + Input Downsample: 0.014043 ave match: 0.105488 ave solve: 0.004216  ave ICP: 0.115514  map incre: 0.007177 ave total: 0.137686 icp: 0.109906 construct H: 0.001265 
[fastlio_mapping-2] [ mapping ]: time: IMU + Map + Input Downsample: 0.022297 ave match: 0.105549 ave solve: 0.004209  ave ICP: 0.125174  map incre: 0.005988 ave total: 0.137743 icp: 0.109959 construct H: 0.001263 
[fastlio_mapping-2] [ mapping ]: time: IMU + Map + Input Downsample: 0.021587 ave match: 0.105595 ave solve: 0.004203  ave ICP: 0.121050  map incre: 0.006767 ave total: 0.137785 icp: 0.109998 construct H: 0.001260 
[fastlio_mapping-2] [ mapping ]: time: IMU + Map + Input Downsample: 0.015592 ave match: 0.105627 ave solve: 0.004196  ave ICP: 0.117490  map incre: 0.006620 ave total: 0.137792 icp: 0.110024 construct H: 0.001258 
[fastlio_mapping-2] [ mapping ]: time: IMU + Map + Input Downsample: 0.025997 ave match: 0.105730 ave solve: 0.004190  ave ICP: 0.137458  map incre: 0.007075 ave total: 0.137908 icp: 0.110120 construct H: 0.001256 
[fastlio_mapping-2] [ mapping ]: time: IMU + Map + Input Downsample: 0.019033 ave match: 0.105804 ave solve: 0.004187  ave ICP: 0.130415  map incre: 0.007515 ave total: 0.137976 icp: 0.110191 construct H: 0.001256 
[fastlio_mapping-2] [ mapping ]: time: IMU + Map + Input Downsample: 0.019903 ave match: 0.105837 ave solve: 0.004181  ave ICP: 0.117874  map incre: 0.007017 ave total: 0.138000 icp: 0.110217 construct H: 0.001254 
[fastlio_mapping-2] [ mapping ]: time: IMU + Map + Input Downsample: 0.019448 ave match: 0.105872 ave solve: 0.004175  ave ICP: 0.118739  map incre: 0.007046 ave total: 0.138025 icp: 0.110246 construct H: 0.001252 
[fastlio_mapping-2] [ mapping ]: time: IMU + Map + Input Downsample: 0.014984 ave match: 0.105902 ave solve: 0.004168  ave ICP: 0.117162  map incre: 0.006738 ave total: 0.138028 icp: 0.110269 construct H: 0.001250 
[fastlio_mapping-2] [ mapping ]: time: IMU + Map + Input Downsample: 0.022092 ave match: 0.105956 ave solve: 0.004162  ave ICP: 0.124173  map incre: 0.006666 ave total: 0.138080 icp: 0.110317 construct H: 0.001248 
[fastlio_mapping-2] [ mapping ]: time: IMU + Map + Input Downsample: 0.021525 ave match: 0.105998 ave solve: 0.004156  ave ICP: 0.120896  map incre: 0.005432 ave total: 0.138114 icp: 0.110353 construct H: 0.001246 
[fastlio_mapping-2] [ mapping ]: time: IMU + Map + Input Downsample: 0.021035 ave match: 0.106048 ave solve: 0.004151  ave ICP: 0.123344  map incre: 0.006247 ave total: 0.138158 icp: 0.110397 construct H: 0.001244 
[fastlio_mapping-2] [ mapping ]: time: IMU + Map + Input Downsample: 0.014419 ave match: 0.106074 ave solve: 0.004145  ave ICP: 0.116419  map incre: 0.006297 ave total: 0.138154 icp: 0.110417 construct H: 0.001242 
[fastlio_mapping-2] [ mapping ]: time: IMU + Map + Input Downsample: 0.019041 ave match: 0.106107 ave solve: 0.004139  ave ICP: 0.118472  map incre: 0.006354 ave total: 0.138174 icp: 0.110444 construct H: 0.001240 
[fastlio_mapping-2] [ mapping ]: time: IMU + Map + Input Downsample: 0.024804 ave match: 0.106152 ave solve: 0.004133  ave ICP: 0.122296  map incre: 0.005423 ave total: 0.138223 icp: 0.110483 construct H: 0.001238 
[fastlio_mapping-2] [ mapping ]: time: IMU + Map + Input Downsample: 0.021706 ave match: 0.106196 ave solve: 0.004128  ave ICP: 0.121778  map incre: 0.006169 ave total: 0.138262 icp: 0.110521 construct H: 0.001236 
[fastlio_mapping-2] [ mapping ]: time: IMU + Map + Input Downsample: 0.020778 ave match: 0.106240 ave solve: 0.004122  ave ICP: 0.122146  map incre: 0.006423 ave total: 0.138300 icp: 0.110559 construct H: 0.001235 
[fastlio_mapping-2] [ mapping ]: time: IMU + Map + Input Downsample: 0.014490 ave match: 0.106302 ave solve: 0.004118  ave ICP: 0.127717  map incre: 0.006602 ave total: 0.138336 icp: 0.110617 construct H: 0.001233 
[fastlio_mapping-2] [ mapping ]: time: IMU + Map + Input Downsample: 0.017911 ave match: 0.106369 ave solve: 0.004112  ave ICP: 0.128938  map incre: 0.006016 ave total: 0.138385 icp: 0.110678 construct H: 0.001232 
[fastlio_mapping-2] [ mapping ]: time: IMU + Map + Input Downsample: 0.020624 ave match: 0.106410 ave solve: 0.004107  ave ICP: 0.121660  map incre: 0.006108 ave total: 0.138419 icp: 0.110714 construct H: 0.001230 
[fastlio_mapping-2] [ mapping ]: time: IMU + Map + Input Downsample: 0.020659 ave match: 0.106456 ave solve: 0.004102  ave ICP: 0.122918  map incre: 0.005313 ave total: 0.138454 icp: 0.110754 construct H: 0.001228 
[fastlio_mapping-2] [ mapping ]: time: IMU + Map + Input Downsample: 0.022691 ave match: 0.106522 ave solve: 0.004097  ave ICP: 0.129115  map incre: 0.006880 ave total: 0.138522 icp: 0.110815 construct H: 0.001227 
[fastlio_mapping-2] [ mapping ]: time: IMU + Map + Input Downsample: 0.021273 ave match: 0.106572 ave solve: 0.004092  ave ICP: 0.124493  map incre: 0.006255 ave total: 0.138567 icp: 0.110859 construct H: 0.001225 
[fastlio_mapping-2] [ mapping ]: time: IMU + Map + Input Downsample: 0.025429 ave match: 0.106652 ave solve: 0.004089  ave ICP: 0.134319  map incre: 0.006460 ave total: 0.138660 icp: 0.110937 construct H: 0.001226 
[fastlio_mapping-2] [ mapping ]: time: IMU + Map + Input Downsample: 0.022399 ave match: 0.106724 ave solve: 0.004085  ave ICP: 0.131650  map incre: 0.006355 ave total: 0.138732 icp: 0.111005 construct H: 0.001224 
[fastlio_mapping-2] [ mapping ]: time: IMU + Map + Input Downsample: 0.021838 ave match: 0.106776 ave solve: 0.004080  ave ICP: 0.125261  map incre: 0.008844 ave total: 0.138789 icp: 0.111051 construct H: 0.001223 
[fastlio_mapping-2] [ mapping ]: time: IMU + Map + Input Downsample: 0.015523 ave match: 0.106815 ave solve: 0.004076  ave ICP: 0.122005  map incre: 0.008776 ave total: 0.138814 icp: 0.111086 construct H: 0.001221 
[fastlio_mapping-2] [ mapping ]: time: IMU + Map + Input Downsample: 0.018222 ave match: 0.106862 ave solve: 0.004071  ave ICP: 0.124045  map incre: 0.006710 ave total: 0.138847 icp: 0.111128 construct H: 0.001220 
[fastlio_mapping-2] [ mapping ]: time: IMU + Map + Input Downsample: 0.023074 ave match: 0.106929 ave solve: 0.004067  ave ICP: 0.130387  map incre: 0.007749 ave total: 0.138920 icp: 0.111190 construct H: 0.001218 
[fastlio_mapping-2] [ mapping ]: time: IMU + Map + Input Downsample: 0.015083 ave match: 0.106998 ave solve: 0.004063  ave ICP: 0.131532  map incre: 0.013118 ave total: 0.138988 icp: 0.111256 construct H: 0.001217 
[fastlio_mapping-2] [ mapping ]: time: IMU + Map + Input Downsample: 0.015129 ave match: 0.107041 ave solve: 0.004059  ave ICP: 0.123377  map incre: 0.010246 ave total: 0.139020 icp: 0.111294 construct H: 0.001215 
[fastlio_mapping-2] [ mapping ]: time: IMU + Map + Input Downsample: 0.022496 ave match: 0.107104 ave solve: 0.004054  ave ICP: 0.129406  map incre: 0.009557 ave total: 0.139093 icp: 0.111352 construct H: 0.001214 
[fastlio_mapping-2] [ mapping ]: time: IMU + Map + Input Downsample: 0.024806 ave match: 0.107201 ave solve: 0.004050  ave ICP: 0.140183  map incre: 0.013148 ave total: 0.139219 icp: 0.111444 construct H: 0.001212 
[fastlio_mapping-2] [ mapping ]: time: IMU + Map + Input Downsample: 0.022783 ave match: 0.107268 ave solve: 0.004045  ave ICP: 0.131021  map incre: 0.010460 ave total: 0.139300 icp: 0.111506 construct H: 0.001211 
[fastlio_mapping-2] [ mapping ]: time: IMU + Map + Input Downsample: 0.016473 ave match: 0.107305 ave solve: 0.004041  ave ICP: 0.122031  map incre: 0.007363 ave total: 0.139321 icp: 0.111539 construct H: 0.001210 
[fastlio_mapping-2] [ mapping ]: time: IMU + Map + Input Downsample: 0.018228 ave match: 0.107375 ave solve: 0.004036  ave ICP: 0.132297  map incre: 0.008804 ave total: 0.139385 icp: 0.111605 construct H: 0.001208 
[fastlio_mapping-2] [ mapping ]: time: IMU + Map + Input Downsample: 0.021961 ave match: 0.107437 ave solve: 0.004032  ave ICP: 0.129837  map incre: 0.007255 ave total: 0.139448 icp: 0.111662 construct H: 0.001207 
[fastlio_mapping-2] [ mapping ]: time: IMU + Map + Input Downsample: 0.020428 ave match: 0.107517 ave solve: 0.004028  ave ICP: 0.135626  map incre: 0.009411 ave total: 0.139531 icp: 0.111737 construct H: 0.001206 
[fastlio_mapping-2] [ mapping ]: time: IMU + Map + Input Downsample: 0.014214 ave match: 0.107548 ave solve: 0.004023  ave ICP: 0.120314  map incre: 0.006593 ave total: 0.139536 icp: 0.111764 construct H: 0.001204 
[fastlio_mapping-2] [ mapping ]: time: IMU + Map + Input Downsample: 0.023135 ave match: 0.107586 ave solve: 0.004018  ave ICP: 0.122423  map incre: 0.005910 ave total: 0.139574 icp: 0.111796 construct H: 0.001203 
[fastlio_mapping-2] [ mapping ]: time: IMU + Map + Input Downsample: 0.018027 ave match: 0.107633 ave solve: 0.004013  ave ICP: 0.125361  map incre: 0.005379 ave total: 0.139603 icp: 0.111838 construct H: 0.001201 
[fastlio_mapping-2] [ mapping ]: time: IMU + Map + Input Downsample: 0.014010 ave match: 0.107653 ave solve: 0.004008  ave ICP: 0.116588  map incre: 0.005035 ave total: 0.139590 icp: 0.111852 construct H: 0.001199 
[fastlio_mapping-2] [ mapping ]: time: IMU + Map + Input Downsample: 0.013619 ave match: 0.107676 ave solve: 0.004003  ave ICP: 0.117796  map incre: 0.005054 ave total: 0.139581 icp: 0.111870 construct H: 0.001198 
[fastlio_mapping-2] [ mapping ]: time: IMU + Map + Input Downsample: 0.015799 ave match: 0.107699 ave solve: 0.003998  ave ICP: 0.118086  map incre: 0.005510 ave total: 0.139580 icp: 0.111889 construct H: 0.001196 
[fastlio_mapping-2] [ mapping ]: time: IMU + Map + Input Downsample: 0.024521 ave match: 0.107774 ave solve: 0.003993  ave ICP: 0.134519  map incre: 0.004546 ave total: 0.139655 icp: 0.111958 construct H: 0.001195 
[fastlio_mapping-2] [ mapping ]: time: IMU + Map + Input Downsample: 0.017133 ave match: 0.107806 ave solve: 0.003989  ave ICP: 0.121052  map incre: 0.004014 ave total: 0.139663 icp: 0.111986 construct H: 0.001193 
[fastlio_mapping-2] [ mapping ]: time: IMU + Map + Input Downsample: 0.022281 ave match: 0.107850 ave solve: 0.003984  ave ICP: 0.124824  map incre: 0.006726 ave total: 0.139707 icp: 0.112025 construct H: 0.001192 
[fastlio_mapping-2] [ mapping ]: time: IMU + Map + Input Downsample: 0.019291 ave match: 0.107893 ave solve: 0.003979  ave ICP: 0.124714  map incre: 0.006051 ave total: 0.139738 icp: 0.112063 construct H: 0.001190 
[fastlio_mapping-2] [ mapping ]: time: IMU + Map + Input Downsample: 0.019911 ave match: 0.107931 ave solve: 0.003975  ave ICP: 0.123268  map incre: 0.006231 ave total: 0.139768 icp: 0.112096 construct H: 0.001188 
[fastlio_mapping-2] [ mapping ]: time: IMU + Map + Input Downsample: 0.014237 ave match: 0.107960 ave solve: 0.003970  ave ICP: 0.120330  map incre: 0.005008 ave total: 0.139768 icp: 0.112121 construct H: 0.001187 
[fastlio_mapping-2] [ mapping ]: time: IMU + Map + Input Downsample: 0.014501 ave match: 0.107977 ave solve: 0.003965  ave ICP: 0.116320  map incre: 0.006746 ave total: 0.139761 icp: 0.112133 construct H: 0.001185 
[fastlio_mapping-2] [ mapping ]: time: IMU + Map + Input Downsample: 0.019575 ave match: 0.108015 ave solve: 0.003961  ave ICP: 0.123074  map incre: 0.004909 ave total: 0.139785 icp: 0.112165 construct H: 0.001184 
[fastlio_mapping-2] [ mapping ]: time: IMU + Map + Input Downsample: 0.021136 ave match: 0.108045 ave solve: 0.003956  ave ICP: 0.120952  map incre: 0.004887 ave total: 0.139807 icp: 0.112191 construct H: 0.001182 
[fastlio_mapping-2] [ mapping ]: time: IMU + Map + Input Downsample: 0.020481 ave match: 0.108111 ave solve: 0.003952  ave ICP: 0.132803  map incre: 0.004636 ave total: 0.139861 icp: 0.112253 construct H: 0.001181 
[fastlio_mapping-2] [ mapping ]: time: IMU + Map + Input Downsample: 0.013859 ave match: 0.108131 ave solve: 0.003948  ave ICP: 0.117587  map incre: 0.005500 ave total: 0.139853 icp: 0.112268 construct H: 0.001180 
[fastlio_mapping-2] [ mapping ]: time: IMU + Map + Input Downsample: 0.021987 ave match: 0.108199 ave solve: 0.003943  ave ICP: 0.133632  map incre: 0.005147 ave total: 0.139916 icp: 0.112331 construct H: 0.001178 
[fastlio_mapping-2] [ mapping ]: time: IMU + Map + Input Downsample: 0.013554 ave match: 0.108217 ave solve: 0.003938  ave ICP: 0.116933  map incre: 0.006738 ave total: 0.139908 icp: 0.112344 construct H: 0.001177 
[fastlio_mapping-2] [ mapping ]: time: IMU + Map + Input Downsample: 0.013718 ave match: 0.108236 ave solve: 0.003933  ave ICP: 0.117079  map incre: 0.006073 ave total: 0.139898 icp: 0.112358 construct H: 0.001175 
[fastlio_mapping-2] [ mapping ]: time: IMU + Map + Input Downsample: 0.021921 ave match: 0.108271 ave solve: 0.003929  ave ICP: 0.122803  map incre: 0.011511 ave total: 0.139947 icp: 0.112388 construct H: 0.001173 
[fastlio_mapping-2] [ mapping ]: time: IMU + Map + Input Downsample: 0.020124 ave match: 0.108305 ave solve: 0.003924  ave ICP: 0.122816  map incre: 0.008163 ave total: 0.139980 icp: 0.112418 construct H: 0.001172 
[fastlio_mapping-2] [ mapping ]: time: IMU + Map + Input Downsample: 0.023086 ave match: 0.108366 ave solve: 0.003921  ave ICP: 0.132503  map incre: 0.007337 ave total: 0.140049 icp: 0.112475 construct H: 0.001171 
[fastlio_mapping-2] [ mapping ]: time: IMU + Map + Input Downsample: 0.023064 ave match: 0.108420 ave solve: 0.003916  ave ICP: 0.129049  map incre: 0.006243 ave total: 0.140103 icp: 0.112524 construct H: 0.001170 
[fastlio_mapping-2] [ mapping ]: time: IMU + Map + Input Downsample: 0.021271 ave match: 0.108462 ave solve: 0.003912  ave ICP: 0.125652  map incre: 0.006743 ave total: 0.140143 icp: 0.112562 construct H: 0.001169 
[fastlio_mapping-2] [ mapping ]: time: IMU + Map + Input Downsample: 0.021215 ave match: 0.108491 ave solve: 0.003907  ave ICP: 0.121113  map incre: 0.006080 ave total: 0.140167 icp: 0.112586 construct H: 0.001167 
[fastlio_mapping-2] [ mapping ]: time: IMU + Map + Input Downsample: 0.019218 ave match: 0.108516 ave solve: 0.003903  ave ICP: 0.119891  map incre: 0.005480 ave total: 0.140180 icp: 0.112606 construct H: 0.001166 
[fastlio_mapping-2] [ mapping ]: time: IMU + Map + Input Downsample: 0.019438 ave match: 0.108543 ave solve: 0.003898  ave ICP: 0.120756  map incre: 0.005460 ave total: 0.140196 icp: 0.112629 construct H: 0.001164 
[fastlio_mapping-2] [ mapping ]: time: IMU + Map + Input Downsample: 0.014145 ave match: 0.108578 ave solve: 0.003895  ave ICP: 0.123776  map incre: 0.004930 ave total: 0.140204 icp: 0.112661 construct H: 0.001163 
[fastlio_mapping-2] [ mapping ]: time: IMU + Map + Input Downsample: 0.017541 ave match: 0.108617 ave solve: 0.003892  ave ICP: 0.125223  map incre: 0.006254 ave total: 0.140229 icp: 0.112696 construct H: 0.001162 
[fastlio_mapping-2] [ mapping ]: time: IMU + Map + Input Downsample: 0.015624 ave match: 0.108628 ave solve: 0.003887  ave ICP: 0.115088  map incre: 0.005191 ave total: 0.140217 icp: 0.112702 construct H: 0.001160 
[fastlio_mapping-2] [ mapping ]: time: IMU + Map + Input Downsample: 0.014308 ave match: 0.108656 ave solve: 0.003883  ave ICP: 0.121231  map incre: 0.005194 ave total: 0.140218 icp: 0.112726 construct H: 0.001159 
[fastlio_mapping-2] [ mapping ]: time: IMU + Map + Input Downsample: 0.012800 ave match: 0.108659 ave solve: 0.003878  ave ICP: 0.111964  map incre: 0.005403 ave total: 0.140189 icp: 0.112723 construct H: 0.001158 
[fastlio_mapping-2] [ mapping ]: time: IMU + Map + Input Downsample: 0.015797 ave match: 0.108676 ave solve: 0.003874  ave ICP: 0.117289  map incre: 0.004813 ave total: 0.140183 icp: 0.112736 construct H: 0.001156 
[fastlio_mapping-2] [ mapping ]: time: IMU + Map + Input Downsample: 0.019498 ave match: 0.108705 ave solve: 0.003869  ave ICP: 0.121602  map incre: 0.004621 ave total: 0.140199 icp: 0.112760 construct H: 0.001155 
[fastlio_mapping-2] [ mapping ]: time: IMU + Map + Input Downsample: 0.013975 ave match: 0.108712 ave solve: 0.003864  ave ICP: 0.113851  map incre: 0.008470 ave total: 0.140187 icp: 0.112762 construct H: 0.001153 
[fastlio_mapping-2] [ mapping ]: time: IMU + Map + Input Downsample: 0.020134 ave match: 0.108724 ave solve: 0.003859  ave ICP: 0.115428  map incre: 0.006233 ave total: 0.140192 icp: 0.112769 construct H: 0.001152 
[fastlio_mapping-2] [ mapping ]: time: IMU + Map + Input Downsample: 0.020969 ave match: 0.108773 ave solve: 0.003855  ave ICP: 0.128532  map incre: 0.008532 ave total: 0.140243 icp: 0.112813 construct H: 0.001150 
[fastlio_mapping-2] [ mapping ]: time: IMU + Map + Input Downsample: 0.012689 ave match: 0.108778 ave solve: 0.003850  ave ICP: 0.113103  map incre: 0.004584 ave total: 0.140215 icp: 0.112813 construct H: 0.001149 
[fastlio_mapping-2] [ mapping ]: time: IMU + Map + Input Downsample: 0.018604 ave match: 0.108813 ave solve: 0.003845  ave ICP: 0.123917  map incre: 0.004599 ave total: 0.140234 icp: 0.112843 construct H: 0.001147 
[fastlio_mapping-2] [ mapping ]: time: IMU + Map + Input Downsample: 0.014633 ave match: 0.108830 ave solve: 0.003841  ave ICP: 0.117482  map incre: 0.004513 ave total: 0.140224 icp: 0.112855 construct H: 0.001146 
[fastlio_mapping-2] [ mapping ]: time: IMU + Map + Input Downsample: 0.025230 ave match: 0.108856 ave solve: 0.003836  ave ICP: 0.120957  map incre: 0.005336 ave total: 0.140256 icp: 0.112877 construct H: 0.001144 
[fastlio_mapping-2] [ mapping ]: time: IMU + Map + Input Downsample: 0.018762 ave match: 0.108895 ave solve: 0.003831  ave ICP: 0.125226  map incre: 0.003836 ave total: 0.140277 icp: 0.112911 construct H: 0.001143 
[fastlio_mapping-2] [ mapping ]: time: IMU + Map + Input Downsample: 0.020194 ave match: 0.108923 ave solve: 0.003827  ave ICP: 0.121560  map incre: 0.003792 ave total: 0.140292 icp: 0.112934 construct H: 0.001141 
[fastlio_mapping-2] [ mapping ]: time: IMU + Map + Input Downsample: 0.013098 ave match: 0.108928 ave solve: 0.003822  ave ICP: 0.113288  map incre: 0.004232 ave total: 0.140265 icp: 0.112934 construct H: 0.001140 
[fastlio_mapping-2] [ mapping ]: time: IMU + Map + Input Downsample: 0.013568 ave match: 0.108935 ave solve: 0.003818  ave ICP: 0.113905  map incre: 0.003938 ave total: 0.140240 icp: 0.112936 construct H: 0.001138 
[fastlio_mapping-2] [ mapping ]: time: IMU + Map + Input Downsample: 0.020463 ave match: 0.108956 ave solve: 0.003813  ave ICP: 0.119129  map incre: 0.003484 ave total: 0.140248 icp: 0.112952 construct H: 0.001137 
[fastlio_mapping-2] [ mapping ]: time: IMU + Map + Input Downsample: 0.013363 ave match: 0.108962 ave solve: 0.003809  ave ICP: 0.113744  map incre: 0.003066 ave total: 0.140220 icp: 0.112954 construct H: 0.001135 
[fastlio_mapping-2] [ mapping ]: time: IMU + Map + Input Downsample: 0.022123 ave match: 0.108997 ave solve: 0.003804  ave ICP: 0.124232  map incre: 0.003856 ave total: 0.140248 icp: 0.112984 construct H: 0.001134 
[fastlio_mapping-2] [ mapping ]: time: IMU + Map + Input Downsample: 0.022041 ave match: 0.109021 ave solve: 0.003800  ave ICP: 0.120466  map incre: 0.004061 ave total: 0.140265 icp: 0.113004 construct H: 0.001132 
[fastlio_mapping-2] [ mapping ]: time: IMU + Map + Input Downsample: 0.015269 ave match: 0.109027 ave solve: 0.003795  ave ICP: 0.113706  map incre: 0.003847 ave total: 0.140245 icp: 0.113005 construct H: 0.001131 
[fastlio_mapping-2] [ mapping ]: time: IMU + Map + Input Downsample: 0.025938 ave match: 0.109103 ave solve: 0.003791  ave ICP: 0.139708  map incre: 0.004109 ave total: 0.140325 icp: 0.113077 construct H: 0.001130 
[fastlio_mapping-2] [ mapping ]: time: IMU + Map + Input Downsample: 0.026649 ave match: 0.109140 ave solve: 0.003787  ave ICP: 0.125151  map incre: 0.006404 ave total: 0.140374 icp: 0.113109 construct H: 0.001128 
[fastlio_mapping-2] [ mapping ]: time: IMU + Map + Input Downsample: 0.016297 ave match: 0.109159 ave solve: 0.003783  ave ICP: 0.118976  map incre: 0.004548 ave total: 0.140373 icp: 0.113124 construct H: 0.001127 
[fastlio_mapping-2] [ mapping ]: time: IMU + Map + Input Downsample: 0.024169 ave match: 0.109192 ave solve: 0.003778  ave ICP: 0.123889  map incre: 0.004425 ave total: 0.140405 icp: 0.113152 construct H: 0.001125 
[fastlio_mapping-2] [ mapping ]: time: IMU + Map + Input Downsample: 0.020299 ave match: 0.109221 ave solve: 0.003774  ave ICP: 0.122398  map incre: 0.004600 ave total: 0.140424 icp: 0.113177 construct H: 0.001124 
[fastlio_mapping-2] [ mapping ]: time: IMU + Map + Input Downsample: 0.014398 ave match: 0.109236 ave solve: 0.003769  ave ICP: 0.117139  map incre: 0.004159 ave total: 0.140411 icp: 0.113186 construct H: 0.001123 
[fastlio_mapping-2] [ mapping ]: time: IMU + Map + Input Downsample: 0.014313 ave match: 0.109251 ave solve: 0.003765  ave ICP: 0.117346  map incre: 0.003496 ave total: 0.140397 icp: 0.113197 construct H: 0.001121 
[fastlio_mapping-2] [ mapping ]: time: IMU + Map + Input Downsample: 0.021680 ave match: 0.109272 ave solve: 0.003760  ave ICP: 0.119887  map incre: 0.004128 ave total: 0.140411 icp: 0.113214 construct H: 0.001120 
[fastlio_mapping-2] [ mapping ]: time: IMU + Map + Input Downsample: 0.022742 ave match: 0.109300 ave solve: 0.003756  ave ICP: 0.122191  map incre: 0.004021 ave total: 0.140434 icp: 0.113237 construct H: 0.001118 
[fastlio_mapping-2] [ mapping ]: time: IMU + Map + Input Downsample: 0.013715 ave match: 0.109311 ave solve: 0.003752  ave ICP: 0.115834  map incre: 0.003609 ave total: 0.140415 icp: 0.113243 construct H: 0.001117 
[fastlio_mapping-2] [ mapping ]: time: IMU + Map + Input Downsample: 0.013761 ave match: 0.109323 ave solve: 0.003747  ave ICP: 0.116497  map incre: 0.003701 ave total: 0.140398 icp: 0.113251 construct H: 0.001116 
[fastlio_mapping-2] [ mapping ]: time: IMU + Map + Input Downsample: 0.018880 ave match: 0.109345 ave solve: 0.003743  ave ICP: 0.120122  map incre: 0.004437 ave total: 0.140406 icp: 0.113269 construct H: 0.001114 
[fastlio_mapping-2] [ mapping ]: time: IMU + Map + Input Downsample: 0.026240 ave match: 0.109371 ave solve: 0.003739  ave ICP: 0.121653  map incre: 0.004277 ave total: 0.140437 icp: 0.113290 construct H: 0.001113 
[fastlio_mapping-2] [ mapping ]: time: IMU + Map + Input Downsample: 0.013831 ave match: 0.109388 ave solve: 0.003735  ave ICP: 0.118524  map incre: 0.004027 ave total: 0.140426 icp: 0.113303 construct H: 0.001112 
[fastlio_mapping-2] [ mapping ]: time: IMU + Map + Input Downsample: 0.020565 ave match: 0.109417 ave solve: 0.003731  ave ICP: 0.122778  map incre: 0.004121 ave total: 0.140445 icp: 0.113327 construct H: 0.001110 
[fastlio_mapping-2] [ mapping ]: time: IMU + Map + Input Downsample: 0.014125 ave match: 0.109431 ave solve: 0.003727  ave ICP: 0.117457  map incre: 0.003688 ave total: 0.140431 icp: 0.113337 construct H: 0.001109 
[fastlio_mapping-2] [ mapping ]: time: IMU + Map + Input Downsample: 0.027223 ave match: 0.109473 ave solve: 0.003722  ave ICP: 0.127985  map incre: 0.004095 ave total: 0.140480 icp: 0.113375 construct H: 0.001108 
[fastlio_mapping-2] [ mapping ]: time: IMU + Map + Input Downsample: 0.021126 ave match: 0.109501 ave solve: 0.003718  ave ICP: 0.122577  map incre: 0.003966 ave total: 0.140499 icp: 0.113398 construct H: 0.001106 
[fastlio_mapping-2] [ mapping ]: time: IMU + Map + Input Downsample: 0.024034 ave match: 0.109544 ave solve: 0.003714  ave ICP: 0.128557  map incre: 0.004796 ave total: 0.140543 icp: 0.113437 construct H: 0.001105 
[fastlio_mapping-2] [ mapping ]: time: IMU + Map + Input Downsample: 0.015432 ave match: 0.109570 ave solve: 0.003710  ave ICP: 0.122085  map incre: 0.003728 ave total: 0.140545 icp: 0.113459 construct H: 0.001104 
[fastlio_mapping-2] [ mapping ]: time: IMU + Map + Input Downsample: 0.024368 ave match: 0.109617 ave solve: 0.003706  ave ICP: 0.130341  map incre: 0.004027 ave total: 0.140592 icp: 0.113502 construct H: 0.001102 
[fastlio_mapping-2] [ mapping ]: time: IMU + Map + Input Downsample: 0.022115 ave match: 0.109676 ave solve: 0.003703  ave ICP: 0.135452  map incre: 0.004100 ave total: 0.140647 icp: 0.113558 construct H: 0.001101 
[fastlio_mapping-2] [ mapping ]: time: IMU + Map + Input Downsample: 0.023412 ave match: 0.109741 ave solve: 0.003699  ave ICP: 0.137543  map incre: 0.003853 ave total: 0.140709 icp: 0.113618 construct H: 0.001100 
[fastlio_mapping-2] [ mapping ]: time: IMU + Map + Input Downsample: 0.015304 ave match: 0.109769 ave solve: 0.003695  ave ICP: 0.123233  map incre: 0.004272 ave total: 0.140714 icp: 0.113642 construct H: 0.001099 
[fastlio_mapping-2] [ mapping ]: time: IMU + Map + Input Downsample: 0.015414 ave match: 0.109790 ave solve: 0.003691  ave ICP: 0.120615  map incre: 0.003976 ave total: 0.140712 icp: 0.113659 construct H: 0.001097 
[fastlio_mapping-2] [ mapping ]: time: IMU + Map + Input Downsample: 0.013897 ave match: 0.109806 ave solve: 0.003687  ave ICP: 0.118619  map incre: 0.003566 ave total: 0.140701 icp: 0.113671 construct H: 0.001096 
[fastlio_mapping-2] [ mapping ]: time: IMU + Map + Input Downsample: 0.023384 ave match: 0.109830 ave solve: 0.003684  ave ICP: 0.121826  map incre: 0.003182 ave total: 0.140720 icp: 0.113691 construct H: 0.001095 
[fastlio_mapping-2] [ mapping ]: time: IMU + Map + Input Downsample: 0.023186 ave match: 0.109865 ave solve: 0.003680  ave ICP: 0.125945  map incre: 0.003965 ave total: 0.140752 icp: 0.113722 construct H: 0.001094 
[fastlio_mapping-2] [ mapping ]: time: IMU + Map + Input Downsample: 0.014771 ave match: 0.109884 ave solve: 0.003676  ave ICP: 0.119816  map incre: 0.003408 ave total: 0.140745 icp: 0.113737 construct H: 0.001093 
[fastlio_mapping-2] [ mapping ]: time: IMU + Map + Input Downsample: 0.014833 ave match: 0.109905 ave solve: 0.003672  ave ICP: 0.120968  map incre: 0.003005 ave total: 0.140740 icp: 0.113754 construct H: 0.001091 
[fastlio_mapping-2] [ mapping ]: time: IMU + Map + Input Downsample: 0.014863 ave match: 0.109921 ave solve: 0.003668  ave ICP: 0.118468  map incre: 0.003388 ave total: 0.140730 icp: 0.113766 construct H: 0.001090 
[fastlio_mapping-2] [ mapping ]: time: IMU + Map + Input Downsample: 0.016424 ave match: 0.109939 ave solve: 0.003664  ave ICP: 0.119916  map incre: 0.003154 ave total: 0.140727 icp: 0.113780 construct H: 0.001089 
[fastlio_mapping-2] [ mapping ]: time: IMU + Map + Input Downsample: 0.021642 ave match: 0.109975 ave solve: 0.003660  ave ICP: 0.126760  map incre: 0.003499 ave total: 0.140755 icp: 0.113812 construct H: 0.001087 
[fastlio_mapping-2] [ mapping ]: time: IMU + Map + Input Downsample: 0.021623 ave match: 0.110009 ave solve: 0.003656  ave ICP: 0.125877  map incre: 0.003082 ave total: 0.140779 icp: 0.113842 construct H: 0.001086 
[fastlio_mapping-2] [ mapping ]: time: IMU + Map + Input Downsample: 0.014116 ave match: 0.110021 ave solve: 0.003652  ave ICP: 0.117319  map incre: 0.003531 ave total: 0.140765 icp: 0.113850 construct H: 0.001085 
[fastlio_mapping-2] [ mapping ]: time: IMU + Map + Input Downsample: 0.024340 ave match: 0.110054 ave solve: 0.003649  ave ICP: 0.125926  map incre: 0.006262 ave total: 0.140804 icp: 0.113879 construct H: 0.001084 
[fastlio_mapping-2] [ mapping ]: time: IMU + Map + Input Downsample: 0.020291 ave match: 0.110085 ave solve: 0.003645  ave ICP: 0.125101  map incre: 0.004557 ave total: 0.140827 icp: 0.113906 construct H: 0.001082 
[fastlio_mapping-2] [ mapping ]: time: IMU + Map + Input Downsample: 0.014510 ave match: 0.110105 ave solve: 0.003641  ave ICP: 0.120809  map incre: 0.006241 ave total: 0.140829 icp: 0.113922 construct H: 0.001081 
[fastlio_mapping-2] [ mapping ]: time: IMU + Map + Input Downsample: 0.013681 ave match: 0.110118 ave solve: 0.003638  ave ICP: 0.117814  map incre: 0.003963 ave total: 0.140815 icp: 0.113931 construct H: 0.001080 
[fastlio_mapping-2] [ mapping ]: time: IMU + Map + Input Downsample: 0.021997 ave match: 0.110156 ave solve: 0.003634  ave ICP: 0.128063  map incre: 0.003157 ave total: 0.140846 icp: 0.113965 construct H: 0.001079 
[fastlio_mapping-2] [ mapping ]: time: IMU + Map + Input Downsample: 0.028437 ave match: 0.110204 ave solve: 0.003630  ave ICP: 0.132253  map incre: 0.002924 ave total: 0.140902 icp: 0.114009 construct H: 0.001078 
[fastlio_mapping-2] [ mapping ]: time: IMU + Map + Input Downsample: 0.022662 ave match: 0.110243 ave solve: 0.003627  ave ICP: 0.128700  map incre: 0.002931 ave total: 0.140935 icp: 0.114045 construct H: 0.001076 
[fastlio_mapping-2] [ mapping ]: time: IMU + Map + Input Downsample: 0.013488 ave match: 0.110262 ave solve: 0.003623  ave ICP: 0.120163  map incre: 0.003010 ave total: 0.140924 icp: 0.114059 construct H: 0.001075 
[fastlio_mapping-2] [ mapping ]: time: IMU + Map + Input Downsample: 0.014193 ave match: 0.110278 ave solve: 0.003619  ave ICP: 0.119619  map incre: 0.003145 ave total: 0.140915 icp: 0.114072 construct H: 0.001074 
[fastlio_mapping-2] [ mapping ]: time: IMU + Map + Input Downsample: 0.015124 ave match: 0.110291 ave solve: 0.003615  ave ICP: 0.117916  map incre: 0.003818 ave total: 0.140905 icp: 0.114081 construct H: 0.001073 
[fastlio_mapping-2] [ mapping ]: time: IMU + Map + Input Downsample: 0.015538 ave match: 0.110330 ave solve: 0.003612  ave ICP: 0.128975  map incre: 0.003474 ave total: 0.140922 icp: 0.114117 construct H: 0.001072 
[fastlio_mapping-2] [ mapping ]: time: IMU + Map + Input Downsample: 0.024816 ave match: 0.110383 ave solve: 0.003610  ave ICP: 0.135221  map incre: 0.003101 ave total: 0.140976 icp: 0.114167 construct H: 0.001071 
[fastlio_mapping-2] [ mapping ]: time: IMU + Map + Input Downsample: 0.015474 ave match: 0.110418 ave solve: 0.003606  ave ICP: 0.127050  map incre: 0.003646 ave total: 0.140989 icp: 0.114197 construct H: 0.001070 
[fastlio_mapping-2] [ mapping ]: time: IMU + Map + Input Downsample: 0.013691 ave match: 0.110425 ave solve: 0.003602  ave ICP: 0.116046  map incre: 0.004476 ave total: 0.140972 icp: 0.114201 construct H: 0.001069 
[fastlio_mapping-2] [ mapping ]: time: IMU + Map + Input Downsample: 0.014171 ave match: 0.110436 ave solve: 0.003599  ave ICP: 0.117357  map incre: 0.004432 ave total: 0.140960 icp: 0.114208 construct H: 0.001068 
[fastlio_mapping-2] [ mapping ]: time: IMU + Map + Input Downsample: 0.019297 ave match: 0.110457 ave solve: 0.003595  ave ICP: 0.121481  map incre: 0.003255 ave total: 0.140968 icp: 0.114225 construct H: 0.001066 
[fastlio_mapping-2] [ mapping ]: time: IMU + Map + Input Downsample: 0.020351 ave match: 0.110490 ave solve: 0.003591  ave ICP: 0.126948  map incre: 0.003124 ave total: 0.140990 icp: 0.114255 construct H: 0.001065 
[fastlio_mapping-2] [ mapping ]: time: IMU + Map + Input Downsample: 0.017768 ave match: 0.110516 ave solve: 0.003588  ave ICP: 0.123844  map incre: 0.003807 ave total: 0.141001 icp: 0.114277 construct H: 0.001064 
[fastlio_mapping-2] [ mapping ]: time: IMU + Map + Input Downsample: 0.017176 ave match: 0.110545 ave solve: 0.003585  ave ICP: 0.125596  map incre: 0.003247 ave total: 0.141013 icp: 0.114303 construct H: 0.001063 
[fastlio_mapping-2] [ mapping ]: time: IMU + Map + Input Downsample: 0.016078 ave match: 0.110575 ave solve: 0.003583  ave ICP: 0.126158  map incre: 0.002994 ave total: 0.141023 icp: 0.114331 construct H: 0.001063 
[fastlio_mapping-2] [ mapping ]: time: IMU + Map + Input Downsample: 0.015419 ave match: 0.110586 ave solve: 0.003579  ave ICP: 0.117430  map incre: 0.003546 ave total: 0.141012 icp: 0.114338 construct H: 0.001061 
[fastlio_mapping-2] [ mapping ]: time: IMU + Map + Input Downsample: 0.025377 ave match: 0.110610 ave solve: 0.003576  ave ICP: 0.123449  map incre: 0.002904 ave total: 0.141037 icp: 0.114359 construct H: 0.001060 
[fastlio_mapping-2] [ mapping ]: time: IMU + Map + Input Downsample: 0.024896 ave match: 0.110675 ave solve: 0.003572  ave ICP: 0.140507  map incre: 0.004419 ave total: 0.141105 icp: 0.114420 construct H: 0.001059 
[fastlio_mapping-2] [ mapping ]: time: IMU + Map + Input Downsample: 0.019431 ave match: 0.110700 ave solve: 0.003569  ave ICP: 0.123909  map incre: 0.002795 ave total: 0.141117 icp: 0.114441 construct H: 0.001058 
[fastlio_mapping-2] [ mapping ]: time: IMU + Map + Input Downsample: 0.020117 ave match: 0.110733 ave solve: 0.003565  ave ICP: 0.127240  map incre: 0.004844 ave total: 0.141143 icp: 0.114471 construct H: 0.001057 
[fastlio_mapping-2] [ mapping ]: time: IMU + Map + Input Downsample: 0.026198 ave match: 0.110781 ave solve: 0.003563  ave ICP: 0.134001  map incre: 0.003955 ave total: 0.141197 icp: 0.114516 construct H: 0.001056 
[fastlio_mapping-2] [ mapping ]: time: IMU + Map + Input Downsample: 0.013553 ave match: 0.110788 ave solve: 0.003559  ave ICP: 0.116360  map incre: 0.003171 ave total: 0.141178 icp: 0.114520 construct H: 0.001055 
[fastlio_mapping-2] [ mapping ]: time: IMU + Map + Input Downsample: 0.016401 ave match: 0.110818 ave solve: 0.003556  ave ICP: 0.126063  map incre: 0.002728 ave total: 0.141188 icp: 0.114546 construct H: 0.001054 
[fastlio_mapping-2] [ mapping ]: time: IMU + Map + Input Downsample: 0.014052 ave match: 0.110829 ave solve: 0.003553  ave ICP: 0.118177  map incre: 0.002769 ave total: 0.141173 icp: 0.114554 construct H: 0.001053 
[fastlio_mapping-2] [ mapping ]: time: IMU + Map + Input Downsample: 0.024359 ave match: 0.110852 ave solve: 0.003549  ave ICP: 0.123160  map incre: 0.003148 ave total: 0.141195 icp: 0.114573 construct H: 0.001052 
[fastlio_mapping-2] [ mapping ]: time: IMU + Map + Input Downsample: 0.022451 ave match: 0.110872 ave solve: 0.003546  ave ICP: 0.121878  map incre: 0.003705 ave total: 0.141211 icp: 0.114589 construct H: 0.001051 
[fastlio_mapping-2] [ mapping ]: time: IMU + Map + Input Downsample: 0.022239 ave match: 0.110905 ave solve: 0.003543  ave ICP: 0.127810  map incre: 0.004928 ave total: 0.141243 icp: 0.114619 construct H: 0.001050 
[fastlio_mapping-2] [ mapping ]: time: IMU + Map + Input Downsample: 0.014197 ave match: 0.110913 ave solve: 0.003540  ave ICP: 0.116954  map incre: 0.008698 ave total: 0.141240 icp: 0.114624 construct H: 0.001049 
[fastlio_mapping-2] [ mapping ]: time: IMU + Map + Input Downsample: 0.014616 ave match: 0.110921 ave solve: 0.003537  ave ICP: 0.117167  map incre: 0.006566 ave total: 0.141233 icp: 0.114629 construct H: 0.001048 
[fastlio_mapping-2] [ mapping ]: time: IMU + Map + Input Downsample: 0.024153 ave match: 0.110942 ave solve: 0.003534  ave ICP: 0.122384  map incre: 0.003318 ave total: 0.141253 icp: 0.114646 construct H: 0.001047 
[fastlio_mapping-2] [ mapping ]: time: IMU + Map + Input Downsample: 0.020831 ave match: 0.110965 ave solve: 0.003531  ave ICP: 0.123734  map incre: 0.003257 ave total: 0.141268 icp: 0.114666 construct H: 0.001046 
[fastlio_mapping-2] [ mapping ]: time: IMU + Map + Input Downsample: 0.019490 ave match: 0.110990 ave solve: 0.003528  ave ICP: 0.124653  map incre: 0.003450 ave total: 0.141282 icp: 0.114689 construct H: 0.001045 
[fastlio_mapping-2] [ mapping ]: time: IMU + Map + Input Downsample: 0.014029 ave match: 0.110997 ave solve: 0.003525  ave ICP: 0.116387  map incre: 0.004740 ave total: 0.141268 icp: 0.114692 construct H: 0.001044 
[fastlio_mapping-2] [ mapping ]: time: IMU + Map + Input Downsample: 0.014211 ave match: 0.111003 ave solve: 0.003521  ave ICP: 0.116048  map incre: 0.003658 ave total: 0.141252 icp: 0.114694 construct H: 0.001043 
[fastlio_mapping-2] [ mapping ]: time: IMU + Map + Input Downsample: 0.023648 ave match: 0.111017 ave solve: 0.003518  ave ICP: 0.119789  map incre: 0.005179 ave total: 0.141268 icp: 0.114705 construct H: 0.001042 
[fastlio_mapping-2] [ mapping ]: time: IMU + Map + Input Downsample: 0.026723 ave match: 0.111040 ave solve: 0.003515  ave ICP: 0.123843  map incre: 0.006970 ave total: 0.141305 icp: 0.114725 construct H: 0.001041 
[fastlio_mapping-2] [ mapping ]: time: IMU + Map + Input Downsample: 0.014012 ave match: 0.111051 ave solve: 0.003512  ave ICP: 0.118152  map incre: 0.005275 ave total: 0.141297 icp: 0.114732 construct H: 0.001040 
[fastlio_mapping-2] [ mapping ]: time: IMU + Map + Input Downsample: 0.013960 ave match: 0.111064 ave solve: 0.003509  ave ICP: 0.119252  map incre: 0.004211 ave total: 0.141288 icp: 0.114742 construct H: 0.001039 
[fastlio_mapping-2] [ mapping ]: time: IMU + Map + Input Downsample: 0.018717 ave match: 0.111087 ave solve: 0.003506  ave ICP: 0.123723  map incre: 0.004260 ave total: 0.141300 icp: 0.114762 construct H: 0.001038 
[fastlio_mapping-2] [ mapping ]: time: IMU + Map + Input Downsample: 0.022695 ave match: 0.111116 ave solve: 0.003502  ave ICP: 0.126629  map incre: 0.004324 ave total: 0.141328 icp: 0.114788 construct H: 0.001037 
[fastlio_mapping-2] [ mapping ]: time: IMU + Map + Input Downsample: 0.021980 ave match: 0.111134 ave solve: 0.003499  ave ICP: 0.121510  map incre: 0.003318 ave total: 0.141340 icp: 0.114802 construct H: 0.001036 
[fastlio_mapping-2] [ mapping ]: time: IMU + Map + Input Downsample: 0.022135 ave match: 0.111174 ave solve: 0.003496  ave ICP: 0.131927  map incre: 0.004269 ave total: 0.141378 icp: 0.114840 construct H: 0.001035 
[fastlio_mapping-2] [ mapping ]: time: IMU + Map + Input Downsample: 0.013611 ave match: 0.111185 ave solve: 0.003493  ave ICP: 0.118599  map incre: 0.004168 ave total: 0.141367 icp: 0.114848 construct H: 0.001034 
[fastlio_mapping-2] [ mapping ]: time: IMU + Map + Input Downsample: 0.014345 ave match: 0.111204 ave solve: 0.003490  ave ICP: 0.122131  map incre: 0.003883 ave total: 0.141365 icp: 0.114863 construct H: 0.001033 
[fastlio_mapping-2] [ mapping ]: time: IMU + Map + Input Downsample: 0.025729 ave match: 0.111226 ave solve: 0.003487  ave ICP: 0.123678  map incre: 0.003320 ave total: 0.141390 icp: 0.114882 construct H: 0.001032 
[fastlio_mapping-2] [ mapping ]: time: IMU + Map + Input Downsample: 0.023952 ave match: 0.111255 ave solve: 0.003484  ave ICP: 0.126724  map incre: 0.002956 ave total: 0.141417 icp: 0.114908 construct H: 0.001031 
[fastlio_mapping-2] [ mapping ]: time: IMU + Map + Input Downsample: 0.024883 ave match: 0.111296 ave solve: 0.003482  ave ICP: 0.132612  map incre: 0.002833 ave total: 0.141459 icp: 0.114946 construct H: 0.001030 
[fastlio_mapping-2] [ mapping ]: time: IMU + Map + Input Downsample: 0.026436 ave match: 0.111341 ave solve: 0.003479  ave ICP: 0.134194  map incre: 0.003341 ave total: 0.141509 icp: 0.114988 construct H: 0.001029 
[fastlio_mapping-2] [ mapping ]: time: IMU + Map + Input Downsample: 0.022566 ave match: 0.111371 ave solve: 0.003476  ave ICP: 0.127337  map incre: 0.003294 ave total: 0.141534 icp: 0.115015 construct H: 0.001028 
[fastlio_mapping-2] [ mapping ]: time: IMU + Map + Input Downsample: 0.016412 ave match: 0.111405 ave solve: 0.003473  ave ICP: 0.129823  map incre: 0.005694 ave total: 0.141557 icp: 0.115047 construct H: 0.001027 
[fastlio_mapping-2] [ mapping ]: time: IMU + Map + Input Downsample: 0.016357 ave match: 0.111421 ave solve: 0.003470  ave ICP: 0.120881  map incre: 0.002777 ave total: 0.141554 icp: 0.115059 construct H: 0.001026 
[fastlio_mapping-2] [ mapping ]: time: IMU + Map + Input Downsample: 0.014435 ave match: 0.111436 ave solve: 0.003468  ave ICP: 0.121233  map incre: 0.002851 ave total: 0.141547 icp: 0.115072 construct H: 0.001025 
[fastlio_mapping-2] [ mapping ]: time: IMU + Map + Input Downsample: 0.023653 ave match: 0.111465 ave solve: 0.003465  ave ICP: 0.127062  map incre: 0.002958 ave total: 0.141574 icp: 0.115097 construct H: 0.001024 
[fastlio_mapping-2] [ mapping ]: time: IMU + Map + Input Downsample: 0.023767 ave match: 0.111510 ave solve: 0.003462  ave ICP: 0.135050  map incre: 0.003293 ave total: 0.141618 icp: 0.115140 construct H: 0.001024 
[fastlio_mapping-2] [ mapping ]: time: IMU + Map + Input Downsample: 0.024685 ave match: 0.111554 ave solve: 0.003460  ave ICP: 0.134324  map incre: 0.003140 ave total: 0.141663 icp: 0.115181 construct H: 0.001023 
[fastlio_mapping-2] [ mapping ]: time: IMU + Map + Input Downsample: 0.019710 ave match: 0.111587 ave solve: 0.003458  ave ICP: 0.129609  map incre: 0.003660 ave total: 0.141688 icp: 0.115212 construct H: 0.001022 
[fastlio_mapping-2] [ mapping ]: time: IMU + Map + Input Downsample: 0.014962 ave match: 0.111619 ave solve: 0.003455  ave ICP: 0.129082  map incre: 0.004211 ave total: 0.141702 icp: 0.115241 construct H: 0.001021 
[fastlio_mapping-2] [ mapping ]: time: IMU + Map + Input Downsample: 0.013813 ave match: 0.111641 ave solve: 0.003453  ave ICP: 0.124671  map incre: 0.003471 ave total: 0.141702 icp: 0.115261 construct H: 0.001020 
[fastlio_mapping-2] [ mapping ]: time: IMU + Map + Input Downsample: 0.019539 ave match: 0.111670 ave solve: 0.003450  ave ICP: 0.127514  map incre: 0.003307 ave total: 0.141721 icp: 0.115287 construct H: 0.001020 
[fastlio_mapping-2] [ mapping ]: time: IMU + Map + Input Downsample: 0.013906 ave match: 0.111696 ave solve: 0.003448  ave ICP: 0.126566  map incre: 0.003444 ave total: 0.141726 icp: 0.115311 construct H: 0.001019 
[fastlio_mapping-2] [ mapping ]: time: IMU + Map + Input Downsample: 0.023094 ave match: 0.111737 ave solve: 0.003445  ave ICP: 0.133436  map incre: 0.002940 ave total: 0.141764 icp: 0.115349 construct H: 0.001018 
[fastlio_mapping-2] [ mapping ]: time: IMU + Map + Input Downsample: 0.013873 ave match: 0.111763 ave solve: 0.003443  ave ICP: 0.126790  map incre: 0.004964 ave total: 0.141772 icp: 0.115373 construct H: 0.001017 
[fastlio_mapping-2] [ mapping ]: time: IMU + Map + Input Downsample: 0.013683 ave match: 0.111782 ave solve: 0.003441  ave ICP: 0.123403  map incre: 0.003251 ave total: 0.141769 icp: 0.115389 construct H: 0.001016 
[fastlio_mapping-2] [ mapping ]: time: IMU + Map + Input Downsample: 0.014308 ave match: 0.111803 ave solve: 0.003438  ave ICP: 0.124197  map incre: 0.003046 ave total: 0.141769 icp: 0.115408 construct H: 0.001016 
[fastlio_mapping-2] [ mapping ]: time: IMU + Map + Input Downsample: 0.022726 ave match: 0.111851 ave solve: 0.003436  ave ICP: 0.137142  map incre: 0.003318 ave total: 0.141814 icp: 0.115453 construct H: 0.001015 
[fastlio_mapping-2] [ mapping ]: time: IMU + Map + Input Downsample: 0.022729 ave match: 0.111896 ave solve: 0.003434  ave ICP: 0.135991  map incre: 0.004536 ave total: 0.141860 icp: 0.115496 construct H: 0.001014 
[fastlio_mapping-2] [ mapping ]: time: IMU + Map + Input Downsample: 0.017692 ave match: 0.111922 ave solve: 0.003432  ave ICP: 0.127161  map incre: 0.003615 ave total: 0.141874 icp: 0.115520 construct H: 0.001014 
[fastlio_mapping-2] [ mapping ]: time: IMU + Map + Input Downsample: 0.016674 ave match: 0.111948 ave solve: 0.003429  ave ICP: 0.126688  map incre: 0.003877 ave total: 0.141885 icp: 0.115543 construct H: 0.001013 
[fastlio_mapping-2] [ mapping ]: time: IMU + Map + Input Downsample: 0.017729 ave match: 0.111977 ave solve: 0.003427  ave ICP: 0.128718  map incre: 0.003724 ave total: 0.141902 icp: 0.115570 construct H: 0.001012 
[fastlio_mapping-2] [ mapping ]: time: IMU + Map + Input Downsample: 0.016947 ave match: 0.112005 ave solve: 0.003425  ave ICP: 0.127950  map incre: 0.003446 ave total: 0.141916 icp: 0.115596 construct H: 0.001011 
[fastlio_mapping-2] [ mapping ]: time: IMU + Map + Input Downsample: 0.014252 ave match: 0.112044 ave solve: 0.003423  ave ICP: 0.133425  map incre: 0.003668 ave total: 0.141936 icp: 0.115633 construct H: 0.001011 
[fastlio_mapping-2] [ mapping ]: time: IMU + Map + Input Downsample: 0.021376 ave match: 0.112092 ave solve: 0.003420  ave ICP: 0.137837  map incre: 0.009590 ave total: 0.141992 icp: 0.115678 construct H: 0.001010 
[fastlio_mapping-2] [ mapping ]: time: IMU + Map + Input Downsample: 0.017202 ave match: 0.112125 ave solve: 0.003418  ave ICP: 0.130345  map incre: 0.011271 ave total: 0.142027 icp: 0.115709 construct H: 0.001009 
[fastlio_mapping-2] [ mapping ]: time: IMU + Map + Input Downsample: 0.013444 ave match: 0.112144 ave solve: 0.003416  ave ICP: 0.124216  map incre: 0.007028 ave total: 0.142033 icp: 0.115726 construct H: 0.001009 
[fastlio_mapping-2] [ mapping ]: time: IMU + Map + Input Downsample: 0.013988 ave match: 0.112163 ave solve: 0.003414  ave ICP: 0.124058  map incre: 0.004432 ave total: 0.142034 icp: 0.115742 construct H: 0.001008 
[fastlio_mapping-2] [ mapping ]: time: IMU + Map + Input Downsample: 0.022074 ave match: 0.112211 ave solve: 0.003412  ave ICP: 0.137697  map incre: 0.004811 ave total: 0.142081 icp: 0.115787 construct H: 0.001007 
[fastlio_mapping-2] [ mapping ]: time: IMU + Map + Input Downsample: 0.017620 ave match: 0.112246 ave solve: 0.003409  ave ICP: 0.131869  map incre: 0.004069 ave total: 0.142105 icp: 0.115820 construct H: 0.001006 
[fastlio_mapping-2] [ mapping ]: time: IMU + Map + Input Downsample: 0.016915 ave match: 0.112287 ave solve: 0.003407  ave ICP: 0.135028  map incre: 0.005223 ave total: 0.142136 icp: 0.115859 construct H: 0.001006 
[fastlio_mapping-2] [ mapping ]: time: IMU + Map + Input Downsample: 0.014173 ave match: 0.112305 ave solve: 0.003405  ave ICP: 0.123663  map incre: 0.003915 ave total: 0.142135 icp: 0.115875 construct H: 0.001005 
[fastlio_mapping-2] [ mapping ]: time: IMU + Map + Input Downsample: 0.018032 ave match: 0.112329 ave solve: 0.003403  ave ICP: 0.126415  map incre: 0.003511 ave total: 0.142147 icp: 0.115896 construct H: 0.001004 
[fastlio_mapping-2] [ mapping ]: time: IMU + Map + Input Downsample: 0.013743 ave match: 0.112348 ave solve: 0.003400  ave ICP: 0.124439  map incre: 0.003492 ave total: 0.142146 icp: 0.115913 construct H: 0.001003 
[fastlio_mapping-2] [ mapping ]: time: IMU + Map + Input Downsample: 0.013652 ave match: 0.112359 ave solve: 0.003398  ave ICP: 0.120404  map incre: 0.003436 ave total: 0.142136 icp: 0.115922 construct H: 0.001003 
[fastlio_mapping-2] [ mapping ]: time: IMU + Map + Input Downsample: 0.019215 ave match: 0.112385 ave solve: 0.003395  ave ICP: 0.127718  map incre: 0.003312 ave total: 0.142153 icp: 0.115945 construct H: 0.001002 
[fastlio_mapping-2] [ mapping ]: time: IMU + Map + Input Downsample: 0.026693 ave match: 0.112445 ave solve: 0.003393  ave ICP: 0.144161  map incre: 0.003376 ave total: 0.142219 icp: 0.116002 construct H: 0.001001 
[fastlio_mapping-2] [ mapping ]: time: IMU + Map + Input Downsample: 0.013855 ave match: 0.112464 ave solve: 0.003391  ave ICP: 0.124564  map incre: 0.003705 ave total: 0.142218 icp: 0.116019 construct H: 0.001001 
[fastlio_mapping-2] [ mapping ]: time: IMU + Map + Input Downsample: 0.024360 ave match: 0.112511 ave solve: 0.003389  ave ICP: 0.138490  map incre: 0.002862 ave total: 0.142266 icp: 0.116064 construct H: 0.001000 
[fastlio_mapping-2] [ mapping ]: time: IMU + Map + Input Downsample: 0.007541 ave match: 0.112527 ave solve: 0.003387  ave ICP: 0.122804  map incre: 0.003385 ave total: 0.142249 icp: 0.116077 construct H: 0.000999 
[fastlio_mapping-2] [ mapping ]: time: IMU + Map + Input Downsample: 0.013678 ave match: 0.112543 ave solve: 0.003384  ave ICP: 0.123007  map incre: 0.004309 ave total: 0.142246 icp: 0.116091 construct H: 0.000998 
[fastlio_mapping-2] [ mapping ]: time: IMU + Map + Input Downsample: 0.017615 ave match: 0.112562 ave solve: 0.003382  ave ICP: 0.124417  map incre: 0.003250 ave total: 0.142252 icp: 0.116107 construct H: 0.000998 
[fastlio_mapping-2] [ mapping ]: time: IMU + Map + Input Downsample: 0.014155 ave match: 0.112573 ave solve: 0.003379  ave ICP: 0.120924  map incre: 0.003076 ave total: 0.142244 icp: 0.116116 construct H: 0.000997 
[fastlio_mapping-2] [ mapping ]: time: IMU + Map + Input Downsample: 0.020836 ave match: 0.112601 ave solve: 0.003377  ave ICP: 0.128838  map incre: 0.003590 ave total: 0.142266 icp: 0.116142 construct H: 0.000996 
[fastlio_mapping-2] [ mapping ]: time: IMU + Map + Input Downsample: 0.021943 ave match: 0.112632 ave solve: 0.003374  ave ICP: 0.130679  map incre: 0.010846 ave total: 0.142309 icp: 0.116170 construct H: 0.000995 
[fastlio_mapping-2] [ mapping ]: time: IMU + Map + Input Downsample: 0.018355 ave match: 0.112690 ave solve: 0.003373  ave ICP: 0.144105  map incre: 0.006557 ave total: 0.142363 icp: 0.116226 construct H: 0.000995 
[fastlio_mapping-2] [ mapping ]: time: IMU + Map + Input Downsample: 0.022047 ave match: 0.112729 ave solve: 0.003370  ave ICP: 0.134933  map incre: 0.005929 ave total: 0.142404 icp: 0.116262 construct H: 0.000994 
[fastlio_mapping-2] [ mapping ]: time: IMU + Map + Input Downsample: 0.015032 ave match: 0.112766 ave solve: 0.003368  ave ICP: 0.134081  map incre: 0.007204 ave total: 0.142432 icp: 0.116297 construct H: 0.000993 
[fastlio_mapping-2] [ mapping ]: time: IMU + Map + Input Downsample: 0.014146 ave match: 0.112801 ave solve: 0.003366  ave ICP: 0.133495  map incre: 0.004217 ave total: 0.142451 icp: 0.116331 construct H: 0.000992 
[fastlio_mapping-2] [ mapping ]: time: IMU + Map + Input Downsample: 0.021197 ave match: 0.112835 ave solve: 0.003364  ave ICP: 0.132189  map incre: 0.008872 ave total: 0.142490 icp: 0.116362 construct H: 0.000992 
[fastlio_mapping-2] [ mapping ]: time: IMU + Map + Input Downsample: 0.016496 ave match: 0.112852 ave solve: 0.003361  ave ICP: 0.124079  map incre: 0.004481 ave total: 0.142495 icp: 0.116376 construct H: 0.000991 
[fastlio_mapping-2] [ mapping ]: time: IMU + Map + Input Downsample: 0.018991 ave match: 0.112879 ave solve: 0.003358  ave ICP: 0.128857  map incre: 0.004092 ave total: 0.142514 icp: 0.116400 construct H: 0.000990 
[fastlio_mapping-2] [ mapping ]: time: IMU + Map + Input Downsample: 0.017916 ave match: 0.112900 ave solve: 0.003356  ave ICP: 0.125922  map incre: 0.003917 ave total: 0.142524 icp: 0.116419 construct H: 0.000989 
[fastlio_mapping-2] [ mapping ]: time: IMU + Map + Input Downsample: 0.020524 ave match: 0.112921 ave solve: 0.003353  ave ICP: 0.126189  map incre: 0.004414 ave total: 0.142541 icp: 0.116437 construct H: 0.000988 
[fastlio_mapping-2] [ mapping ]: time: IMU + Map + Input Downsample: 0.012965 ave match: 0.112927 ave solve: 0.003350  ave ICP: 0.118338  map incre: 0.003317 ave total: 0.142526 icp: 0.116440 construct H: 0.000987 
[fastlio_mapping-2] [ mapping ]: time: IMU + Map + Input Downsample: 0.015848 ave match: 0.112939 ave solve: 0.003348  ave ICP: 0.121444  map incre: 0.003721 ave total: 0.142523 icp: 0.116450 construct H: 0.000987 
[fastlio_mapping-2] [ mapping ]: time: IMU + Map + Input Downsample: 0.013337 ave match: 0.112939 ave solve: 0.003345  ave ICP: 0.115508  map incre: 0.004556 ave total: 0.142505 icp: 0.116447 construct H: 0.000986 
[fastlio_mapping-2] [ mapping ]: time: IMU + Map + Input Downsample: 0.016831 ave match: 0.112946 ave solve: 0.003343  ave ICP: 0.118965  map incre: 0.005478 ave total: 0.142502 icp: 0.116452 construct H: 0.000985 
[fastlio_mapping-2] [ mapping ]: time: IMU + Map + Input Downsample: 0.021660 ave match: 0.112957 ave solve: 0.003340  ave ICP: 0.120763  map incre: 0.005802 ave total: 0.142513 icp: 0.116459 construct H: 0.000984 
[fastlio_mapping-2] [ mapping ]: time: IMU + Map + Input Downsample: 0.018996 ave match: 0.112965 ave solve: 0.003338  ave ICP: 0.119339  map incre: 0.005308 ave total: 0.142516 icp: 0.116464 construct H: 0.000984 
[fastlio_mapping-2] [ mapping ]: time: IMU + Map + Input Downsample: 0.019378 ave match: 0.112984 ave solve: 0.003335  ave ICP: 0.125542  map incre: 0.005838 ave total: 0.142532 icp: 0.116482 construct H: 0.000983 
[fastlio_mapping-2] [ mapping ]: time: IMU + Map + Input Downsample: 0.019657 ave match: 0.113000 ave solve: 0.003333  ave ICP: 0.123360  map incre: 0.003772 ave total: 0.142540 icp: 0.116494 construct H: 0.000982 
[fastlio_mapping-2] [ mapping ]: time: IMU + Map + Input Downsample: 0.019734 ave match: 0.113012 ave solve: 0.003330  ave ICP: 0.121514  map incre: 0.004890 ave total: 0.142547 icp: 0.116503 construct H: 0.000981 
[fastlio_mapping-2] [ mapping ]: time: IMU + Map + Input Downsample: 0.018868 ave match: 0.113016 ave solve: 0.003327  ave ICP: 0.117909  map incre: 0.005370 ave total: 0.142546 icp: 0.116505 construct H: 0.000980 
[fastlio_mapping-2] [ mapping ]: time: IMU + Map + Input Downsample: 0.014082 ave match: 0.113015 ave solve: 0.003325  ave ICP: 0.114540  map incre: 0.003402 ave total: 0.142526 icp: 0.116501 construct H: 0.000979 
[fastlio_mapping-2] [ mapping ]: time: IMU + Map + Input Downsample: 0.017534 ave match: 0.113029 ave solve: 0.003322  ave ICP: 0.122425  map incre: 0.003374 ave total: 0.142527 icp: 0.116512 construct H: 0.000978 
[fastlio_mapping-2] [ mapping ]: time: IMU + Map + Input Downsample: 0.020049 ave match: 0.113038 ave solve: 0.003319  ave ICP: 0.120353  map incre: 0.003061 ave total: 0.142529 icp: 0.116519 construct H: 0.000978 
[fastlio_mapping-2] [ mapping ]: time: IMU + Map + Input Downsample: 0.018336 ave match: 0.113044 ave solve: 0.003317  ave ICP: 0.118349  map incre: 0.003061 ave total: 0.142524 icp: 0.116522 construct H: 0.000977 
[fastlio_mapping-2] [ mapping ]: time: IMU + Map + Input Downsample: 0.018466 ave match: 0.113073 ave solve: 0.003314  ave ICP: 0.130821  map incre: 0.003192 ave total: 0.142543 icp: 0.116548 construct H: 0.000976 
[fastlio_mapping-2] [ mapping ]: time: IMU + Map + Input Downsample: 0.020150 ave match: 0.113082 ave solve: 0.003312  ave ICP: 0.120114  map incre: 0.002916 ave total: 0.142544 icp: 0.116554 construct H: 0.000975 
[fastlio_mapping-2] [ mapping ]: time: IMU + Map + Input Downsample: 0.022737 ave match: 0.113114 ave solve: 0.003312  ave ICP: 0.133637  map incre: 0.002846 ave total: 0.142576 icp: 0.116586 construct H: 0.000975 
[fastlio_mapping-2] [ mapping ]: time: IMU + Map + Input Downsample: 0.022535 ave match: 0.113123 ave solve: 0.003309  ave ICP: 0.120400  map incre: 0.002732 ave total: 0.142582 icp: 0.116593 construct H: 0.000974 
[fastlio_mapping-2] [ mapping ]: time: IMU + Map + Input Downsample: 0.013070 ave match: 0.113122 ave solve: 0.003306  ave ICP: 0.114421  map incre: 0.002620 ave total: 0.142558 icp: 0.116588 construct H: 0.000973 
[fastlio_mapping-2] [ mapping ]: time: IMU + Map + Input Downsample: 0.013807 ave match: 0.113124 ave solve: 0.003304  ave ICP: 0.116501  map incre: 0.003028 ave total: 0.142541 icp: 0.116588 construct H: 0.000972 
[fastlio_mapping-2] [ mapping ]: time: IMU + Map + Input Downsample: 0.017703 ave match: 0.113135 ave solve: 0.003301  ave ICP: 0.121568  map incre: 0.002667 ave total: 0.142540 icp: 0.116597 construct H: 0.000971 
[fastlio_mapping-2] [ mapping ]: time: IMU + Map + Input Downsample: 0.024909 ave match: 0.113170 ave solve: 0.003298  ave ICP: 0.133942  map incre: 0.002899 ave total: 0.142576 icp: 0.116629 construct H: 0.000970 
[fastlio_mapping-2] [ mapping ]: time: IMU + Map + Input Downsample: 0.018315 ave match: 0.113196 ave solve: 0.003296  ave ICP: 0.129238  map incre: 0.002731 ave total: 0.142591 icp: 0.116652 construct H: 0.000970 
[fastlio_mapping-2] [ mapping ]: time: IMU + Map + Input Downsample: 0.014501 ave match: 0.113217 ave solve: 0.003294  ave ICP: 0.126652  map incre: 0.002921 ave total: 0.142593 icp: 0.116670 construct H: 0.000969 
[fastlio_mapping-2] [ mapping ]: time: IMU + Map + Input Downsample: 0.024455 ave match: 0.113237 ave solve: 0.003291  ave ICP: 0.126583  map incre: 0.003466 ave total: 0.142616 icp: 0.116688 construct H: 0.000968 
[fastlio_mapping-2] [ mapping ]: time: IMU + Map + Input Downsample: 0.022999 ave match: 0.113269 ave solve: 0.003289  ave ICP: 0.132307  map incre: 0.002999 ave total: 0.142645 icp: 0.116717 construct H: 0.000967 
[fastlio_mapping-2] [ mapping ]: time: IMU + Map + Input Downsample: 0.013430 ave match: 0.113271 ave solve: 0.003286  ave ICP: 0.116956  map incre: 0.002362 ave total: 0.142627 icp: 0.116717 construct H: 0.000966 
[fastlio_mapping-2] [ mapping ]: time: IMU + Map + Input Downsample: 0.013559 ave match: 0.113278 ave solve: 0.003284  ave ICP: 0.119424  map incre: 0.003284 ave total: 0.142615 icp: 0.116722 construct H: 0.000966 
[fastlio_mapping-2] [ mapping ]: time: IMU + Map + Input Downsample: 0.013600 ave match: 0.113281 ave solve: 0.003281  ave ICP: 0.116868  map incre: 0.002621 ave total: 0.142597 icp: 0.116721 construct H: 0.000965 
[fastlio_mapping-2] [ mapping ]: time: IMU + Map + Input Downsample: 0.020945 ave match: 0.113298 ave solve: 0.003279  ave ICP: 0.124790  map incre: 0.002679 ave total: 0.142608 icp: 0.116736 construct H: 0.000964 
[fastlio_mapping-2] [ mapping ]: time: IMU + Map + Input Downsample: 0.023508 ave match: 0.113316 ave solve: 0.003277  ave ICP: 0.125583  map incre: 0.003313 ave total: 0.142626 icp: 0.116752 construct H: 0.000963 
[fastlio_mapping-2] [ mapping ]: time: IMU + Map + Input Downsample: 0.025683 ave match: 0.113338 ave solve: 0.003274  ave ICP: 0.127849  map incre: 0.004276 ave total: 0.142654 icp: 0.116772 construct H: 0.000962 
[fastlio_mapping-2] [ mapping ]: time: IMU + Map + Input Downsample: 0.018795 ave match: 0.113359 ave solve: 0.003272  ave ICP: 0.126833  map incre: 0.003092 ave total: 0.142666 icp: 0.116790 construct H: 0.000962 
[fastlio_mapping-2] [ mapping ]: time: IMU + Map + Input Downsample: 0.022916 ave match: 0.113381 ave solve: 0.003269  ave ICP: 0.127767  map incre: 0.003384 ave total: 0.142687 icp: 0.116810 construct H: 0.000961 
[fastlio_mapping-2] [ mapping ]: time: IMU + Map + Input Downsample: 0.021501 ave match: 0.113401 ave solve: 0.003267  ave ICP: 0.126264  map incre: 0.002942 ave total: 0.142701 icp: 0.116826 construct H: 0.000960 
[fastlio_mapping-2] [ mapping ]: time: IMU + Map + Input Downsample: 0.021792 ave match: 0.113417 ave solve: 0.003264  ave ICP: 0.124445  map incre: 0.003241 ave total: 0.142714 icp: 0.116840 construct H: 0.000959 
[fastlio_mapping-2] [ mapping ]: time: IMU + Map + Input Downsample: 0.024857 ave match: 0.113442 ave solve: 0.003262  ave ICP: 0.129343  map incre: 0.003005 ave total: 0.142741 icp: 0.116862 construct H: 0.000958 
[fastlio_mapping-2] [ mapping ]: time: IMU + Map + Input Downsample: 0.021224 ave match: 0.113460 ave solve: 0.003260  ave ICP: 0.125663  map incre: 0.003396 ave total: 0.142755 icp: 0.116878 construct H: 0.000958 
[fastlio_mapping-2] [ mapping ]: time: IMU + Map + Input Downsample: 0.025923 ave match: 0.113509 ave solve: 0.003257  ave ICP: 0.143134  map incre: 0.003654 ave total: 0.142810 icp: 0.116925 construct H: 0.000957 
[fastlio_mapping-2] [ mapping ]: time: IMU + Map + Input Downsample: 0.016606 ave match: 0.113520 ave solve: 0.003255  ave ICP: 0.121752  map incre: 0.005166 ave total: 0.142811 icp: 0.116933 construct H: 0.000956 
[fastlio_mapping-2] [ mapping ]: time: IMU + Map + Input Downsample: 0.022937 ave match: 0.113529 ave solve: 0.003253  ave ICP: 0.120892  map incre: 0.007366 ave total: 0.142826 icp: 0.116940 construct H: 0.000956 
[fastlio_mapping-2] [ mapping ]: time: IMU + Map + Input Downsample: 0.020936 ave match: 0.113554 ave solve: 0.003251  ave ICP: 0.129714  map incre: 0.008328 ave total: 0.142856 icp: 0.116963 construct H: 0.000955 
[fastlio_mapping-2] [ mapping ]: time: IMU + Map + Input Downsample: 0.022339 ave match: 0.113584 ave solve: 0.003249  ave ICP: 0.132788  map incre: 0.005769 ave total: 0.142888 icp: 0.116991 construct H: 0.000954 
[fastlio_mapping-2] [ mapping ]: time: IMU + Map + Input Downsample: 0.019355 ave match: 0.113601 ave solve: 0.003247  ave ICP: 0.125456  map incre: 0.003397 ave total: 0.142898 icp: 0.117006 construct H: 0.000953 
[fastlio_mapping-2] [ mapping ]: time: IMU + Map + Input Downsample: 0.025279 ave match: 0.113638 ave solve: 0.003245  ave ICP: 0.136248  map incre: 0.003273 ave total: 0.142938 icp: 0.117040 construct H: 0.000953 
[fastlio_mapping-2] [ mapping ]: time: IMU + Map + Input Downsample: 0.019863 ave match: 0.113652 ave solve: 0.003242  ave ICP: 0.123872  map incre: 0.003561 ave total: 0.142946 icp: 0.117052 construct H: 0.000952 
[fastlio_mapping-2] [ mapping ]: time: IMU + Map + Input Downsample: 0.013665 ave match: 0.113657 ave solve: 0.003240  ave ICP: 0.118815  map incre: 0.003350 ave total: 0.142933 icp: 0.117054 construct H: 0.000951 
[fastlio_mapping-2] [ mapping ]: time: IMU + Map + Input Downsample: 0.023339 ave match: 0.113678 ave solve: 0.003238  ave ICP: 0.127620  map incre: 0.003848 ave total: 0.142954 icp: 0.117073 construct H: 0.000950 
[fastlio_mapping-2] [ mapping ]: time: IMU + Map + Input Downsample: 0.020905 ave match: 0.113699 ave solve: 0.003235  ave ICP: 0.127786  map incre: 0.003854 ave total: 0.142972 icp: 0.117092 construct H: 0.000950 
[fastlio_mapping-2] [ mapping ]: time: IMU + Map + Input Downsample: 0.022288 ave match: 0.113721 ave solve: 0.003233  ave ICP: 0.128461  map incre: 0.003668 ave total: 0.142992 icp: 0.117112 construct H: 0.000949 
[fastlio_mapping-2] [ mapping ]: time: IMU + Map + Input Downsample: 0.013641 ave match: 0.113730 ave solve: 0.003231  ave ICP: 0.120937  map incre: 0.006592 ave total: 0.142989 icp: 0.117118 construct H: 0.000948 
[fastlio_mapping-2] [ mapping ]: time: IMU + Map + Input Downsample: 0.013621 ave match: 0.113740 ave solve: 0.003228  ave ICP: 0.121549  map incre: 0.003454 ave total: 0.142981 icp: 0.117126 construct H: 0.000947 
[fastlio_mapping-2] [ mapping ]: time: IMU + Map + Input Downsample: 0.015050 ave match: 0.113769 ave solve: 0.003226  ave ICP: 0.132287  map incre: 0.003845 ave total: 0.142996 icp: 0.117152 construct H: 0.000947 
[fastlio_mapping-2] [ mapping ]: time: IMU + Map + Input Downsample: 0.019035 ave match: 0.113789 ave solve: 0.003224  ave ICP: 0.127456  map incre: 0.003808 ave total: 0.143009 icp: 0.117170 construct H: 0.000946 
[fastlio_mapping-2] [ mapping ]: time: IMU + Map + Input Downsample: 0.023875 ave match: 0.113805 ave solve: 0.003222  ave ICP: 0.125261  map incre: 0.003653 ave total: 0.143026 icp: 0.117184 construct H: 0.000945 
[fastlio_mapping-2] [ mapping ]: time: IMU + Map + Input Downsample: 0.017715 ave match: 0.113841 ave solve: 0.003220  ave ICP: 0.136294  map incre: 0.004416 ave total: 0.143054 icp: 0.117217 construct H: 0.000945 
[fastlio_mapping-2] [ mapping ]: time: IMU + Map + Input Downsample: 0.013868 ave match: 0.113870 ave solve: 0.003218  ave ICP: 0.132784  map incre: 0.007133 ave total: 0.143073 icp: 0.117244 construct H: 0.000944 
[fastlio_mapping-2] [ mapping ]: time: IMU + Map + Input Downsample: 0.016791 ave match: 0.113892 ave solve: 0.003216  ave ICP: 0.128562  map incre: 0.003556 ave total: 0.143083 icp: 0.117264 construct H: 0.000943 
[fastlio_mapping-2] [ mapping ]: time: IMU + Map + Input Downsample: 0.017119 ave match: 0.113921 ave solve: 0.003213  ave ICP: 0.132432  map incre: 0.003855 ave total: 0.143101 icp: 0.117290 construct H: 0.000943 
[fastlio_mapping-2] [ mapping ]: time: IMU + Map + Input Downsample: 0.014033 ave match: 0.113931 ave solve: 0.003211  ave ICP: 0.122281  map incre: 0.003280 ave total: 0.143095 icp: 0.117299 construct H: 0.000942 
[fastlio_mapping-2] [ mapping ]: time: IMU + Map + Input Downsample: 0.014167 ave match: 0.113947 ave solve: 0.003209  ave ICP: 0.125552  map incre: 0.003604 ave total: 0.143096 icp: 0.117313 construct H: 0.000941 
[fastlio_mapping-2] [ mapping ]: time: IMU + Map + Input Downsample: 0.013822 ave match: 0.113959 ave solve: 0.003207  ave ICP: 0.122948  map incre: 0.003937 ave total: 0.143091 icp: 0.117322 construct H: 0.000941 
[fastlio_mapping-2] [ mapping ]: time: IMU + Map + Input Downsample: 0.023352 ave match: 0.113984 ave solve: 0.003205  ave ICP: 0.130510  map incre: 0.004792 ave total: 0.143119 icp: 0.117345 construct H: 0.000940 
[fastlio_mapping-2] [ mapping ]: time: IMU + Map + Input Downsample: 0.020233 ave match: 0.114015 ave solve: 0.003203  ave ICP: 0.134079  map incre: 0.003502 ave total: 0.143144 icp: 0.117373 construct H: 0.000939 
[fastlio_mapping-2] [ mapping ]: time: IMU + Map + Input Downsample: 0.014115 ave match: 0.114029 ave solve: 0.003201  ave ICP: 0.124961  map incre: 0.003291 ave total: 0.143143 icp: 0.117386 construct H: 0.000939 
[fastlio_mapping-2] [ mapping ]: time: IMU + Map + Input Downsample: 0.021815 ave match: 0.114041 ave solve: 0.003199  ave ICP: 0.123252  map incre: 0.004157 ave total: 0.143154 icp: 0.117396 construct H: 0.000938 
[fastlio_mapping-2] [ mapping ]: time: IMU + Map + Input Downsample: 0.014849 ave match: 0.114051 ave solve: 0.003197  ave ICP: 0.122093  map incre: 0.003162 ave total: 0.143148 icp: 0.117404 construct H: 0.000937 
[fastlio_mapping-2] [ mapping ]: time: IMU + Map + Input Downsample: 0.014611 ave match: 0.114059 ave solve: 0.003195  ave ICP: 0.121302  map incre: 0.003910 ave total: 0.143143 icp: 0.117410 construct H: 0.000937 
[fastlio_mapping-2] [ mapping ]: time: IMU + Map + Input Downsample: 0.020215 ave match: 0.114081 ave solve: 0.003193  ave ICP: 0.129067  map incre: 0.003547 ave total: 0.143159 icp: 0.117430 construct H: 0.000936 
[fastlio_mapping-2] [ mapping ]: time: IMU + Map + Input Downsample: 0.014019 ave match: 0.114095 ave solve: 0.003191  ave ICP: 0.124710  map incre: 0.003573 ave total: 0.143158 icp: 0.117442 construct H: 0.000935 
[fastlio_mapping-2] [ mapping ]: time: IMU + Map + Input Downsample: 0.020071 ave match: 0.114108 ave solve: 0.003189  ave ICP: 0.123989  map incre: 0.003634 ave total: 0.143166 icp: 0.117453 construct H: 0.000935 
[fastlio_mapping-2] [ mapping ]: time: IMU + Map + Input Downsample: 0.014381 ave match: 0.114116 ave solve: 0.003187  ave ICP: 0.121077  map incre: 0.004045 ave total: 0.143160 icp: 0.117459 construct H: 0.000934 
[fastlio_mapping-2] [ mapping ]: time: IMU + Map + Input Downsample: 0.014117 ave match: 0.114124 ave solve: 0.003185  ave ICP: 0.121450  map incre: 0.004098 ave total: 0.143153 icp: 0.117465 construct H: 0.000933 
[fastlio_mapping-2] [ mapping ]: time: IMU + Map + Input Downsample: 0.021549 ave match: 0.114142 ave solve: 0.003183  ave ICP: 0.126839  map incre: 0.005294 ave total: 0.143172 icp: 0.117481 construct H: 0.000933 
[fastlio_mapping-2] [ mapping ]: time: IMU + Map + Input Downsample: 0.013923 ave match: 0.114150 ave solve: 0.003181  ave ICP: 0.121064  map incre: 0.004910 ave total: 0.143166 icp: 0.117486 construct H: 0.000932 
[fastlio_mapping-2] [ mapping ]: time: IMU + Map + Input Downsample: 0.014446 ave match: 0.114159 ave solve: 0.003179  ave ICP: 0.121819  map incre: 0.004553 ave total: 0.143162 icp: 0.117493 construct H: 0.000931 
[fastlio_mapping-2] [ mapping ]: time: IMU + Map + Input Downsample: 0.014304 ave match: 0.114167 ave solve: 0.003178  ave ICP: 0.121384  map incre: 0.004450 ave total: 0.143157 icp: 0.117499 construct H: 0.000931 
[fastlio_mapping-2] [ mapping ]: time: IMU + Map + Input Downsample: 0.020754 ave match: 0.114187 ave solve: 0.003176  ave ICP: 0.128276  map incre: 0.005206 ave total: 0.143176 icp: 0.117517 construct H: 0.000930 
[fastlio_mapping-2] [ mapping ]: time: IMU + Map + Input Downsample: 0.024528 ave match: 0.114208 ave solve: 0.003173  ave ICP: 0.128662  map incre: 0.004085 ave total: 0.143200 icp: 0.117536 construct H: 0.000930 
[fastlio_mapping-2] [ mapping ]: time: IMU + Map + Input Downsample: 0.024741 ave match: 0.114233 ave solve: 0.003172  ave ICP: 0.131922  map incre: 0.004106 ave total: 0.143230 icp: 0.117560 construct H: 0.000929 
[fastlio_mapping-2] [ mapping ]: time: IMU + Map + Input Downsample: 0.021141 ave match: 0.114266 ave solve: 0.003170  ave ICP: 0.136164  map incre: 0.004144 ave total: 0.143261 icp: 0.117591 construct H: 0.000928 
[fastlio_mapping-2] [ mapping ]: time: IMU + Map + Input Downsample: 0.015743 ave match: 0.114293 ave solve: 0.003168  ave ICP: 0.132646  map incre: 0.004789 ave total: 0.143278 icp: 0.117616 construct H: 0.000928 
[fastlio_mapping-2] [ mapping ]: time: IMU + Map + Input Downsample: 0.014369 ave match: 0.114302 ave solve: 0.003167  ave ICP: 0.122030  map incre: 0.004174 ave total: 0.143273 icp: 0.117623 construct H: 0.000927 
[fastlio_mapping-2] [ mapping ]: time: IMU + Map + Input Downsample: 0.016094 ave match: 0.114317 ave solve: 0.003165  ave ICP: 0.125655  map incre: 0.003643 ave total: 0.143277 icp: 0.117636 construct H: 0.000927 
[fastlio_mapping-2] [ mapping ]: time: IMU + Map + Input Downsample: 0.024763 ave match: 0.114336 ave solve: 0.003163  ave ICP: 0.128015  map incre: 0.003617 ave total: 0.143299 icp: 0.117653 construct H: 0.000926 
[fastlio_mapping-2] [ mapping ]: time: IMU + Map + Input Downsample: 0.020512 ave match: 0.114358 ave solve: 0.003161  ave ICP: 0.129909  map incre: 0.003181 ave total: 0.143316 icp: 0.117673 construct H: 0.000925 
[fastlio_mapping-2] [ mapping ]: time: IMU + Map + Input Downsample: 0.014350 ave match: 0.114373 ave solve: 0.003159  ave ICP: 0.125565  map incre: 0.003655 ave total: 0.143317 icp: 0.117686 construct H: 0.000925 
[fastlio_mapping-2] [ mapping ]: time: IMU + Map + Input Downsample: 0.019296 ave match: 0.114393 ave solve: 0.003158  ave ICP: 0.128633  map incre: 0.003691 ave total: 0.143331 icp: 0.117704 construct H: 0.000924 
[fastlio_mapping-2] [ mapping ]: time: IMU + Map + Input Downsample: 0.014116 ave match: 0.114405 ave solve: 0.003156  ave ICP: 0.124569  map incre: 0.003764 ave total: 0.143329 icp: 0.117715 construct H: 0.000924 
[fastlio_mapping-2] [ mapping ]: time: IMU + Map + Input Downsample: 0.019055 ave match: 0.114423 ave solve: 0.003154  ave ICP: 0.127819  map incre: 0.004556 ave total: 0.143343 icp: 0.117732 construct H: 0.000923 
[fastlio_mapping-2] [ mapping ]: time: IMU + Map + Input Downsample: 0.014902 ave match: 0.114441 ave solve: 0.003153  ave ICP: 0.127295  map incre: 0.004023 ave total: 0.143348 icp: 0.117747 construct H: 0.000923 
[fastlio_mapping-2] [ mapping ]: time: IMU + Map + Input Downsample: 0.014490 ave match: 0.114455 ave solve: 0.003151  ave ICP: 0.125594  map incre: 0.004050 ave total: 0.143349 icp: 0.117760 construct H: 0.000922 
[fastlio_mapping-2] [ mapping ]: time: IMU + Map + Input Downsample: 0.021918 ave match: 0.114493 ave solve: 0.003150  ave ICP: 0.139676  map incre: 0.003993 ave total: 0.143386 icp: 0.117796 construct H: 0.000922 
[fastlio_mapping-2] [ mapping ]: time: IMU + Map + Input Downsample: 0.013919 ave match: 0.114527 ave solve: 0.003148  ave ICP: 0.137832  map incre: 0.003357 ave total: 0.143406 icp: 0.117829 construct H: 0.000921 
[fastlio_mapping-2] [ mapping ]: time: IMU + Map + Input Downsample: 0.014122 ave match: 0.114544 ave solve: 0.003146  ave ICP: 0.127128  map incre: 0.003733 ave total: 0.143408 icp: 0.117844 construct H: 0.000920 
[fastlio_mapping-2] [ mapping ]: time: IMU + Map + Input Downsample: 0.014493 ave match: 0.114559 ave solve: 0.003145  ave ICP: 0.126100  map incre: 0.003150 ave total: 0.143409 icp: 0.117857 construct H: 0.000920 
[fastlio_mapping-2] [ mapping ]: time: IMU + Map + Input Downsample: 0.014939 ave match: 0.114580 ave solve: 0.003143  ave ICP: 0.129916  map incre: 0.003913 ave total: 0.143418 icp: 0.117877 construct H: 0.000919 
[fastlio_mapping-2] [ mapping ]: time: IMU + Map + Input Downsample: 0.016938 ave match: 0.114603 ave solve: 0.003142  ave ICP: 0.130914  map incre: 0.003561 ave total: 0.143431 icp: 0.117898 construct H: 0.000919 
[fastlio_mapping-2] [ mapping ]: time: IMU + Map + Input Downsample: 0.014261 ave match: 0.114618 ave solve: 0.003140  ave ICP: 0.126366  map incre: 0.003453 ave total: 0.143432 icp: 0.117911 construct H: 0.000918 
[fastlio_mapping-2] [ mapping ]: time: IMU + Map + Input Downsample: 0.018187 ave match: 0.114641 ave solve: 0.003138  ave ICP: 0.130902  map incre: 0.006424 ave total: 0.143452 icp: 0.117932 construct H: 0.000918 
[fastlio_mapping-2] [ mapping ]: time: IMU + Map + Input Downsample: 0.013823 ave match: 0.114658 ave solve: 0.003137  ave ICP: 0.127845  map incre: 0.005498 ave total: 0.143458 icp: 0.117948 construct H: 0.000917 
[fastlio_mapping-2] [ mapping ]: time: IMU + Map + Input Downsample: 0.013400 ave match: 0.114671 ave solve: 0.003135  ave ICP: 0.124942  map incre: 0.005207 ave total: 0.143458 icp: 0.117959 construct H: 0.000917 
[fastlio_mapping-2] [ mapping ]: time: IMU + Map + Input Downsample: 0.016659 ave match: 0.114707 ave solve: 0.003134  ave ICP: 0.139261  map incre: 0.003649 ave total: 0.143485 icp: 0.117994 construct H: 0.000916 
[fastlio_mapping-2] [ mapping ]: time: IMU + Map + Input Downsample: 0.013214 ave match: 0.114706 ave solve: 0.003132  ave ICP: 0.116479  map incre: 0.002909 ave total: 0.143467 icp: 0.117990 construct H: 0.000916 
[fastlio_mapping-2] [ mapping ]: time: IMU + Map + Input Downsample: 0.025200 ave match: 0.114732 ave solve: 0.003130  ave ICP: 0.134222  map incre: 0.002293 ave total: 0.143497 icp: 0.118015 construct H: 0.000915 
[fastlio_mapping-2] [ mapping ]: time: IMU + Map + Input Downsample: 0.016781 ave match: 0.114733 ave solve: 0.003128  ave ICP: 0.117672  map incre: 0.002227 ave total: 0.143486 icp: 0.118014 construct H: 0.000915 
[fastlio_mapping-2] [ mapping ]: time: IMU + Map + Input Downsample: 0.024431 ave match: 0.114742 ave solve: 0.003127  ave ICP: 0.122188  map incre: 0.002304 ave total: 0.143494 icp: 0.118021 construct H: 0.000914 
[fastlio_mapping-2] [ mapping ]: time: IMU + Map + Input Downsample: 0.020633 ave match: 0.114752 ave solve: 0.003125  ave ICP: 0.123660  map incre: 0.002178 ave total: 0.143499 icp: 0.118029 construct H: 0.000914 
[fastlio_mapping-2] [ mapping ]: time: IMU + Map + Input Downsample: 0.013938 ave match: 0.114751 ave solve: 0.003123  ave ICP: 0.116420  map incre: 0.002116 ave total: 0.143481 icp: 0.118026 construct H: 0.000913 
[fastlio_mapping-2] [ mapping ]: time: IMU + Map + Input Downsample: 0.014029 ave match: 0.114752 ave solve: 0.003121  ave ICP: 0.118034  map incre: 0.001933 ave total: 0.143466 icp: 0.118025 construct H: 0.000912 
[fastlio_mapping-2] [ mapping ]: time: IMU + Map + Input Downsample: 0.023102 ave match: 0.114763 ave solve: 0.003119  ave ICP: 0.123862  map incre: 0.002044 ave total: 0.143475 icp: 0.118034 construct H: 0.000912 
[fastlio_mapping-2] [ mapping ]: time: IMU + Map + Input Downsample: 0.024932 ave match: 0.114774 ave solve: 0.003117  ave ICP: 0.123894  map incre: 0.002067 ave total: 0.143487 icp: 0.118043 construct H: 0.000911 
[fastlio_mapping-2] [ mapping ]: time: IMU + Map + Input Downsample: 0.013151 ave match: 0.114772 ave solve: 0.003115  ave ICP: 0.116258  map incre: 0.002040 ave total: 0.143468 icp: 0.118040 construct H: 0.000911 
[fastlio_mapping-2] [ mapping ]: time: IMU + Map + Input Downsample: 0.022440 ave match: 0.114778 ave solve: 0.003114  ave ICP: 0.120847  map incre: 0.002083 ave total: 0.143471 icp: 0.118044 construct H: 0.000910 
[fastlio_mapping-2] [ mapping ]: time: IMU + Map + Input Downsample: 0.023075 ave match: 0.114785 ave solve: 0.003112  ave ICP: 0.121382  map incre: 0.002066 ave total: 0.143475 icp: 0.118049 construct H: 0.000909 
[fastlio_mapping-2] [ mapping ]: time: IMU + Map + Input Downsample: 0.024773 ave match: 0.114795 ave solve: 0.003110  ave ICP: 0.123252  map incre: 0.002021 ave total: 0.143486 icp: 0.118057 construct H: 0.000909 
[fastlio_mapping-2] [ mapping ]: time: IMU + Map + Input Downsample: 0.021042 ave match: 0.114803 ave solve: 0.003108  ave ICP: 0.122553  map incre: 0.002216 ave total: 0.143490 icp: 0.118063 construct H: 0.000908 
[fastlio_mapping-2] [ mapping ]: time: IMU + Map + Input Downsample: 0.025469 ave match: 0.114835 ave solve: 0.003106  ave ICP: 0.136864  map incre: 0.002373 ave total: 0.143524 icp: 0.118093 construct H: 0.000908 
[fastlio_mapping-2] [ mapping ]: time: IMU + Map + Input Downsample: 0.016295 ave match: 0.114849 ave solve: 0.003105  ave ICP: 0.126412  map incre: 0.002338 ave total: 0.143526 icp: 0.118106 construct H: 0.000907 
[fastlio_mapping-2] [ mapping ]: time: IMU + Map + Input Downsample: 0.021929 ave match: 0.114865 ave solve: 0.003103  ave ICP: 0.127442  map incre: 0.002169 ave total: 0.143539 icp: 0.118120 construct H: 0.000907 
[fastlio_mapping-2] [ mapping ]: time: IMU + Map + Input Downsample: 0.020269 ave match: 0.114878 ave solve: 0.003102  ave ICP: 0.125566  map incre: 0.002337 ave total: 0.143546 icp: 0.118131 construct H: 0.000906 
[fastlio_mapping-2] [INFO] [1791259823.499478959] [laser_mapping]: Saving map to /home/nvidia/drone/stage1_m2dgr_experiments/results/Parking_02/fastlio_filter03/map.pcd...
