[INFO] [launch]: All log files can be found below /home/nvidia/.ros/log/2026-10-06-12-15-40-599176-nvidia-desktop-8763
[INFO] [launch]: Default logging verbosity is set to INFO
[INFO] [imu_si_publisher-1]: process started with pid [8769]
[INFO] [fastlio_mapping-2]: process started with pid [8771]
[INFO] [rviz2-3]: process started with pid [8773]
[imu_si_publisher-1] [INFO] [1791260140.759680402] [imu_si_publisher]: IMU SI bridge started: /livox/imu -> /livox/imu_si, acc_scale=9.80665
[fastlio_mapping-2] [INFO] [1791260140.876316765] [laser_mapping]: p_pre->lidar_type 0
[fastlio_mapping-2] Multi thread started 
[fastlio_mapping-2] ~~~~/home/nvidia/ros2_ws/src/fast_lio2/ file opened
[fastlio_mapping-2] [INFO] [1791260140.894488007] [laser_mapping]: Node init finished.
[rviz2-3] [INFO] [1791260141.995632352] [rviz2]: Stereo is NOT SUPPORTED
[rviz2-3] [INFO] [1791260141.995894154] [rviz2]: OpenGl version: 4.6 (GLSL 4.6)
[rviz2-3] [INFO] [1791260142.051708599] [rviz2]: Stereo is NOT SUPPORTED
[fastlio_mapping-2] IMU Initial Done
[fastlio_mapping-2] [WARN] [1791260241.222295447] [laser_mapping]: No point, skip this scan!
[fastlio_mapping-2] 
[fastlio_mapping-2] [INFO] [1791260241.441740466] [laser_mapping]: Initialize the map kdtree
[fastlio_mapping-2] [ mapping ]: time: IMU + Map + Input Downsample: 0.022731 ave match: 0.086239 ave solve: 0.005026  ave ICP: 0.092466  map incre: 0.014923 ave total: 0.130120 icp: 0.091499 construct H: 0.001467 
[fastlio_mapping-2] [ mapping ]: time: IMU + Map + Input Downsample: 0.018270 ave match: 0.089693 ave solve: 0.005473  ave ICP: 0.099781  map incre: 0.013959 ave total: 0.131065 icp: 0.095427 construct H: 0.001620 
[fastlio_mapping-2] [ mapping ]: time: IMU + Map + Input Downsample: 0.019231 ave match: 0.090357 ave solve: 0.005568  ave ICP: 0.098111  map incre: 0.009551 ave total: 0.129674 icp: 0.096192 construct H: 0.001654 
[fastlio_mapping-2] [ mapping ]: time: IMU + Map + Input Downsample: 0.016781 ave match: 0.090165 ave solve: 0.005567  ave ICP: 0.095801  map incre: 0.008805 ave total: 0.127603 icp: 0.096004 construct H: 0.001656 
[fastlio_mapping-2] [ mapping ]: time: IMU + Map + Input Downsample: 0.015076 ave match: 0.088887 ave solve: 0.005275  ave ICP: 0.088478  map incre: 0.006476 ave total: 0.124088 icp: 0.094421 construct H: 0.001573 
[fastlio_mapping-2] [ mapping ]: time: IMU + Map + Input Downsample: 0.017119 ave match: 0.089726 ave solve: 0.005245  ave ICP: 0.099647  map incre: 0.006278 ave total: 0.123914 icp: 0.095233 construct H: 0.001603 
[fastlio_mapping-2] [ mapping ]: time: IMU + Map + Input Downsample: 0.015376 ave match: 0.090218 ave solve: 0.005274  ave ICP: 0.099241  map incre: 0.006158 ave total: 0.123466 icp: 0.095753 construct H: 0.001608 
[fastlio_mapping-2] [ mapping ]: time: IMU + Map + Input Downsample: 0.014436 ave match: 0.090368 ave solve: 0.005283  ave ICP: 0.097364  map incre: 0.005912 ave total: 0.122747 icp: 0.095910 construct H: 0.001612 
[fastlio_mapping-2] [ mapping ]: time: IMU + Map + Input Downsample: 0.015927 ave match: 0.089894 ave solve: 0.005149  ave ICP: 0.090721  map incre: 0.004856 ave total: 0.121497 icp: 0.095295 construct H: 0.001568 
[fastlio_mapping-2] [ mapping ]: time: IMU + Map + Input Downsample: 0.014041 ave match: 0.089974 ave solve: 0.005177  ave ICP: 0.096779  map incre: 0.005052 ave total: 0.120935 icp: 0.095403 construct H: 0.001574 
[fastlio_mapping-2] [ mapping ]: time: IMU + Map + Input Downsample: 0.015679 ave match: 0.091073 ave solve: 0.005203  ave ICP: 0.108213  map incre: 0.004779 ave total: 0.121638 icp: 0.096534 construct H: 0.001584 
[fastlio_mapping-2] [ mapping ]: time: IMU + Map + Input Downsample: 0.017545 ave match: 0.091553 ave solve: 0.005257  ave ICP: 0.103410  map incre: 0.005019 ave total: 0.121999 icp: 0.097072 construct H: 0.001589 
[fastlio_mapping-2] [ mapping ]: time: IMU + Map + Input Downsample: 0.015434 ave match: 0.091162 ave solve: 0.005159  ave ICP: 0.090999  map incre: 0.004219 ave total: 0.121127 icp: 0.096577 construct H: 0.001559 
[fastlio_mapping-2] [ mapping ]: time: IMU + Map + Input Downsample: 0.014028 ave match: 0.091021 ave solve: 0.005172  ave ICP: 0.095127  map incre: 0.003860 ave total: 0.120547 icp: 0.096449 construct H: 0.001563 
[fastlio_mapping-2] [ mapping ]: time: IMU + Map + Input Downsample: 0.013935 ave match: 0.090863 ave solve: 0.005187  ave ICP: 0.094694  map incre: 0.003911 ave total: 0.120013 icp: 0.096305 construct H: 0.001565 
[fastlio_mapping-2] [ mapping ]: time: IMU + Map + Input Downsample: 0.015302 ave match: 0.090469 ave solve: 0.005119  ave ICP: 0.089242  map incre: 0.003829 ave total: 0.119286 icp: 0.095841 construct H: 0.001543 
[fastlio_mapping-2] [ mapping ]: time: IMU + Map + Input Downsample: 0.015756 ave match: 0.090548 ave solve: 0.005138  ave ICP: 0.097880  map incre: 0.003530 ave total: 0.119161 icp: 0.095939 construct H: 0.001550 
[fastlio_mapping-2] [ mapping ]: time: IMU + Map + Input Downsample: 0.014759 ave match: 0.090312 ave solve: 0.005083  ave ICP: 0.091165  map incre: 0.003407 ave total: 0.118615 icp: 0.095645 construct H: 0.001532 
[fastlio_mapping-2] [ mapping ]: time: IMU + Map + Input Downsample: 0.014829 ave match: 0.090254 ave solve: 0.005097  ave ICP: 0.095160  map incre: 0.003749 ave total: 0.118358 icp: 0.095602 construct H: 0.001536 
[fastlio_mapping-2] [ mapping ]: time: IMU + Map + Input Downsample: 0.014857 ave match: 0.091004 ave solve: 0.005151  ave ICP: 0.112978  map incre: 0.003536 ave total: 0.119009 icp: 0.096430 construct H: 0.001549 
[fastlio_mapping-2] [ mapping ]: time: IMU + Map + Input Downsample: 0.014105 ave match: 0.090930 ave solve: 0.005164  ave ICP: 0.095455  map incre: 0.003360 ave total: 0.118719 icp: 0.096367 construct H: 0.001552 
[fastlio_mapping-2] [ mapping ]: time: IMU + Map + Input Downsample: 0.015720 ave match: 0.090958 ave solve: 0.005185  ave ICP: 0.097857  map incre: 0.003073 ave total: 0.118625 icp: 0.096417 construct H: 0.001555 
[fastlio_mapping-2] [ mapping ]: time: IMU + Map + Input Downsample: 0.017315 ave match: 0.090879 ave solve: 0.005193  ave ICP: 0.095120  map incre: 0.002985 ave total: 0.118486 icp: 0.096345 construct H: 0.001558 
[fastlio_mapping-2] [ mapping ]: time: IMU + Map + Input Downsample: 0.014900 ave match: 0.091249 ave solve: 0.005216  ave ICP: 0.106159  map incre: 0.003214 ave total: 0.118727 icp: 0.096739 construct H: 0.001568 
[fastlio_mapping-2] [ mapping ]: time: IMU + Map + Input Downsample: 0.014020 ave match: 0.091144 ave solve: 0.005226  ave ICP: 0.094697  map incre: 0.002928 ave total: 0.118444 icp: 0.096643 construct H: 0.001570 
[fastlio_mapping-2] [ mapping ]: time: IMU + Map + Input Downsample: 0.018306 ave match: 0.091084 ave solve: 0.005182  ave ICP: 0.094182  map incre: 0.002561 ave total: 0.118313 icp: 0.096536 construct H: 0.001556 
[fastlio_mapping-2] [ mapping ]: time: IMU + Map + Input Downsample: 0.014388 ave match: 0.090831 ave solve: 0.005138  ave ICP: 0.088848  map incre: 0.002677 ave total: 0.117854 icp: 0.096237 construct H: 0.001543 
[fastlio_mapping-2] [ mapping ]: time: IMU + Map + Input Downsample: 0.016148 ave match: 0.090835 ave solve: 0.005148  ave ICP: 0.096950  map incre: 0.003036 ave total: 0.117792 icp: 0.096250 construct H: 0.001546 
[fastlio_mapping-2] [ mapping ]: time: IMU + Map + Input Downsample: 0.016706 ave match: 0.090686 ave solve: 0.005109  ave ICP: 0.091106  map incre: 0.003803 ave total: 0.117579 icp: 0.096060 construct H: 0.001534 
[fastlio_mapping-2] [ mapping ]: time: IMU + Map + Input Downsample: 0.014627 ave match: 0.090888 ave solve: 0.005125  ave ICP: 0.103058  map incre: 0.002913 ave total: 0.117680 icp: 0.096278 construct H: 0.001537 
[fastlio_mapping-2] [ mapping ]: time: IMU + Map + Input Downsample: 0.019829 ave match: 0.090974 ave solve: 0.005147  ave ICP: 0.100014  map incre: 0.002388 ave total: 0.117827 icp: 0.096387 construct H: 0.001540 
[fastlio_mapping-2] [ mapping ]: time: IMU + Map + Input Downsample: 0.014674 ave match: 0.090790 ave solve: 0.005112  ave ICP: 0.089897  map incre: 0.002533 ave total: 0.117492 icp: 0.096166 construct H: 0.001531 
[fastlio_mapping-2] [ mapping ]: time: IMU + Map + Input Downsample: 0.019045 ave match: 0.090919 ave solve: 0.005117  ave ICP: 0.100887  map incre: 0.002499 ave total: 0.117641 icp: 0.096298 construct H: 0.001533 
[fastlio_mapping-2] [ mapping ]: time: IMU + Map + Input Downsample: 0.020367 ave match: 0.091278 ave solve: 0.005126  ave ICP: 0.109286  map incre: 0.002378 ave total: 0.118065 icp: 0.096668 construct H: 0.001538 
[fastlio_mapping-2] [ mapping ]: time: IMU + Map + Input Downsample: 0.015781 ave match: 0.091158 ave solve: 0.005098  ave ICP: 0.091760  map incre: 0.002439 ave total: 0.117834 icp: 0.096518 construct H: 0.001529 
[fastlio_mapping-2] [ mapping ]: time: IMU + Map + Input Downsample: 0.017123 ave match: 0.091126 ave solve: 0.005068  ave ICP: 0.094615  map incre: 0.002511 ave total: 0.117734 icp: 0.096455 construct H: 0.001521 
[fastlio_mapping-2] [ mapping ]: time: IMU + Map + Input Downsample: 0.014082 ave match: 0.091129 ave solve: 0.005075  ave ICP: 0.097173  map incre: 0.002323 ave total: 0.117622 icp: 0.096464 construct H: 0.001524 
[fastlio_mapping-2] [ mapping ]: time: IMU + Map + Input Downsample: 0.013995 ave match: 0.091212 ave solve: 0.005082  ave ICP: 0.100245  map incre: 0.002271 ave total: 0.117592 icp: 0.096555 construct H: 0.001526 
[fastlio_mapping-2] [ mapping ]: time: IMU + Map + Input Downsample: 0.014165 ave match: 0.091350 ave solve: 0.005094  ave ICP: 0.102871  map incre: 0.002481 ave total: 0.117642 icp: 0.096704 construct H: 0.001531 
[fastlio_mapping-2] [ mapping ]: time: IMU + Map + Input Downsample: 0.019035 ave match: 0.091437 ave solve: 0.005100  ave ICP: 0.100753  map incre: 0.002654 ave total: 0.117762 icp: 0.096797 construct H: 0.001533 
[fastlio_mapping-2] [ mapping ]: time: IMU + Map + Input Downsample: 0.014992 ave match: 0.091989 ave solve: 0.005130  ave ICP: 0.120994  map incre: 0.002189 ave total: 0.118260 icp: 0.097380 construct H: 0.001543 
[fastlio_mapping-2] [ mapping ]: time: IMU + Map + Input Downsample: 0.017098 ave match: 0.092088 ave solve: 0.005134  ave ICP: 0.102057  map incre: 0.002114 ave total: 0.118331 icp: 0.097482 construct H: 0.001544 
[fastlio_mapping-2] [ mapping ]: time: IMU + Map + Input Downsample: 0.018543 ave match: 0.092247 ave solve: 0.005128  ave ICP: 0.104527  map incre: 0.003121 ave total: 0.118514 icp: 0.097636 construct H: 0.001542 
[fastlio_mapping-2] [ mapping ]: time: IMU + Map + Input Downsample: 0.013854 ave match: 0.092296 ave solve: 0.005132  ave ICP: 0.100426  map incre: 0.002517 ave total: 0.118475 icp: 0.097690 construct H: 0.001543 
[fastlio_mapping-2] [ mapping ]: time: IMU + Map + Input Downsample: 0.013826 ave match: 0.092286 ave solve: 0.005139  ave ICP: 0.098513  map incre: 0.002514 ave total: 0.118395 icp: 0.097686 construct H: 0.001545 
[fastlio_mapping-2] [ mapping ]: time: IMU + Map + Input Downsample: 0.014078 ave match: 0.092283 ave solve: 0.005144  ave ICP: 0.098172  map incre: 0.002945 ave total: 0.118325 icp: 0.097688 construct H: 0.001546 
[fastlio_mapping-2] [ mapping ]: time: IMU + Map + Input Downsample: 0.019544 ave match: 0.092597 ave solve: 0.005150  ave ICP: 0.113091  map incre: 0.002931 ave total: 0.118692 icp: 0.098008 construct H: 0.001548 
[fastlio_mapping-2] [ mapping ]: time: IMU + Map + Input Downsample: 0.018172 ave match: 0.092887 ave solve: 0.005161  ave ICP: 0.113051  map incre: 0.003486 ave total: 0.119026 icp: 0.098310 construct H: 0.001550 
[fastlio_mapping-2] [ mapping ]: time: IMU + Map + Input Downsample: 0.021918 ave match: 0.092867 ave solve: 0.005165  ave ICP: 0.098145  map incre: 0.002559 ave total: 0.119099 icp: 0.098294 construct H: 0.001552 
[fastlio_mapping-2] [ mapping ]: time: IMU + Map + Input Downsample: 0.015465 ave match: 0.093035 ave solve: 0.005171  ave ICP: 0.107291  map incre: 0.003235 ave total: 0.119237 icp: 0.098467 construct H: 0.001552 
[fastlio_mapping-2] [ mapping ]: time: IMU + Map + Input Downsample: 0.020150 ave match: 0.093284 ave solve: 0.005188  ave ICP: 0.112490  map incre: 0.002840 ave total: 0.119555 icp: 0.098733 construct H: 0.001555 
[fastlio_mapping-2] [ mapping ]: time: IMU + Map + Input Downsample: 0.020219 ave match: 0.093400 ave solve: 0.005189  ave ICP: 0.106078  map incre: 0.003120 ave total: 0.119745 icp: 0.098850 construct H: 0.001556 
[fastlio_mapping-2] [ mapping ]: time: IMU + Map + Input Downsample: 0.014698 ave match: 0.093255 ave solve: 0.005165  ave ICP: 0.090198  map incre: 0.002984 ave total: 0.119521 icp: 0.098680 construct H: 0.001548 
[fastlio_mapping-2] [ mapping ]: time: IMU + Map + Input Downsample: 0.013825 ave match: 0.093115 ave solve: 0.005143  ave ICP: 0.090213  map incre: 0.003266 ave total: 0.119295 icp: 0.098516 construct H: 0.001541 
[fastlio_mapping-2] [ mapping ]: time: IMU + Map + Input Downsample: 0.014364 ave match: 0.093084 ave solve: 0.005145  ave ICP: 0.097352  map incre: 0.003562 ave total: 0.119222 icp: 0.098488 construct H: 0.001542 
[fastlio_mapping-2] [ mapping ]: time: IMU + Map + Input Downsample: 0.015864 ave match: 0.093097 ave solve: 0.005147  ave ICP: 0.099658  map incre: 0.003062 ave total: 0.119210 icp: 0.098503 construct H: 0.001543 
[fastlio_mapping-2] [ mapping ]: time: IMU + Map + Input Downsample: 0.014230 ave match: 0.093167 ave solve: 0.005148  ave ICP: 0.102883  map incre: 0.002628 ave total: 0.119220 icp: 0.098574 construct H: 0.001543 
[fastlio_mapping-2] [ mapping ]: time: IMU + Map + Input Downsample: 0.013991 ave match: 0.093145 ave solve: 0.005147  ave ICP: 0.097552  map incre: 0.003103 ave total: 0.119141 icp: 0.098550 construct H: 0.001543 
[fastlio_mapping-2] [ mapping ]: time: IMU + Map + Input Downsample: 0.014049 ave match: 0.093014 ave solve: 0.005124  ave ICP: 0.089870  map incre: 0.002661 ave total: 0.118928 icp: 0.098395 construct H: 0.001536 
[fastlio_mapping-2] [ mapping ]: time: IMU + Map + Input Downsample: 0.016273 ave match: 0.092998 ave solve: 0.005129  ave ICP: 0.098255  map incre: 0.004384 ave total: 0.118928 icp: 0.098385 construct H: 0.001536 
[fastlio_mapping-2] [ mapping ]: time: IMU + Map + Input Downsample: 0.016264 ave match: 0.093090 ave solve: 0.005132  ave ICP: 0.104633  map incre: 0.002754 ave total: 0.119005 icp: 0.098480 construct H: 0.001536 
[fastlio_mapping-2] [ mapping ]: time: IMU + Map + Input Downsample: 0.014370 ave match: 0.093062 ave solve: 0.005133  ave ICP: 0.097171  map incre: 0.003649 ave total: 0.118944 icp: 0.098452 construct H: 0.001537 
[fastlio_mapping-2] [ mapping ]: time: IMU + Map + Input Downsample: 0.014711 ave match: 0.093160 ave solve: 0.005137  ave ICP: 0.105197  map incre: 0.002807 ave total: 0.119003 icp: 0.098554 construct H: 0.001537 
[fastlio_mapping-2] [ mapping ]: time: IMU + Map + Input Downsample: 0.014234 ave match: 0.093097 ave solve: 0.005135  ave ICP: 0.094808  map incre: 0.002647 ave total: 0.118889 icp: 0.098490 construct H: 0.001537 
[fastlio_mapping-2] [ mapping ]: time: IMU + Map + Input Downsample: 0.018506 ave match: 0.093270 ave solve: 0.005139  ave ICP: 0.110304  map incre: 0.002375 ave total: 0.119078 icp: 0.098666 construct H: 0.001537 
[fastlio_mapping-2] [ mapping ]: time: IMU + Map + Input Downsample: 0.015341 ave match: 0.093363 ave solve: 0.005143  ave ICP: 0.105407  map incre: 0.003287 ave total: 0.119153 icp: 0.098763 construct H: 0.001539 
[fastlio_mapping-2] [ mapping ]: time: IMU + Map + Input Downsample: 0.012902 ave match: 0.093263 ave solve: 0.005124  ave ICP: 0.091294  map incre: 0.002071 ave total: 0.118961 icp: 0.098643 construct H: 0.001535 
[fastlio_mapping-2] [ mapping ]: time: IMU + Map + Input Downsample: 0.012783 ave match: 0.093269 ave solve: 0.005126  ave ICP: 0.099537  map incre: 0.002201 ave total: 0.118896 icp: 0.098650 construct H: 0.001534 
[fastlio_mapping-2] [ mapping ]: time: IMU + Map + Input Downsample: 0.013197 ave match: 0.093144 ave solve: 0.005124  ave ICP: 0.090309  map incre: 0.006497 ave total: 0.118767 icp: 0.098524 construct H: 0.001532 
[fastlio_mapping-2] [ mapping ]: time: IMU + Map + Input Downsample: 0.012615 ave match: 0.092966 ave solve: 0.005117  ave ICP: 0.086011  map incre: 0.009214 ave total: 0.118611 icp: 0.098340 construct H: 0.001530 
[fastlio_mapping-2] [ mapping ]: time: IMU + Map + Input Downsample: 0.013020 ave match: 0.092809 ave solve: 0.005116  ave ICP: 0.087451  map incre: 0.008785 ave total: 0.118479 icp: 0.098181 construct H: 0.001529 
[fastlio_mapping-2] [ mapping ]: time: IMU + Map + Input Downsample: 0.011909 ave match: 0.092722 ave solve: 0.005117  ave ICP: 0.092379  map incre: 0.008367 ave total: 0.118398 icp: 0.098095 construct H: 0.001530 
[fastlio_mapping-2] [ mapping ]: time: IMU + Map + Input Downsample: 0.011705 ave match: 0.092644 ave solve: 0.005113  ave ICP: 0.092396  map incre: 0.008774 ave total: 0.118322 icp: 0.098013 construct H: 0.001529 
[fastlio_mapping-2] [ mapping ]: time: IMU + Map + Input Downsample: 0.011827 ave match: 0.092662 ave solve: 0.005119  ave ICP: 0.100351  map incre: 0.011985 ave total: 0.118401 icp: 0.098037 construct H: 0.001528 
[fastlio_mapping-2] [ mapping ]: time: IMU + Map + Input Downsample: 0.012019 ave match: 0.092617 ave solve: 0.005117  ave ICP: 0.094914  map incre: 0.010275 ave total: 0.118386 icp: 0.097990 construct H: 0.001528 
[fastlio_mapping-2] [ mapping ]: time: IMU + Map + Input Downsample: 0.015309 ave match: 0.092714 ave solve: 0.005124  ave ICP: 0.106428  map incre: 0.009245 ave total: 0.118551 icp: 0.098094 construct H: 0.001529 
[fastlio_mapping-2] [ mapping ]: time: IMU + Map + Input Downsample: 0.014317 ave match: 0.092687 ave solve: 0.005121  ave ICP: 0.096138  map incre: 0.009282 ave total: 0.118567 icp: 0.098064 construct H: 0.001528 
[fastlio_mapping-2] [ mapping ]: time: IMU + Map + Input Downsample: 0.014305 ave match: 0.092880 ave solve: 0.005129  ave ICP: 0.114083  map incre: 0.010344 ave total: 0.118825 icp: 0.098265 construct H: 0.001530 
[fastlio_mapping-2] [ mapping ]: time: IMU + Map + Input Downsample: 0.015331 ave match: 0.092947 ave solve: 0.005131  ave ICP: 0.104035  map incre: 0.011122 ave total: 0.118973 icp: 0.098333 construct H: 0.001531 
[fastlio_mapping-2] [ mapping ]: time: IMU + Map + Input Downsample: 0.019782 ave match: 0.093186 ave solve: 0.005142  ave ICP: 0.118780  map incre: 0.008993 ave total: 0.119330 icp: 0.098584 construct H: 0.001536 
[fastlio_mapping-2] [ mapping ]: time: IMU + Map + Input Downsample: 0.014727 ave match: 0.093222 ave solve: 0.005144  ave ICP: 0.102025  map incre: 0.007674 ave total: 0.119393 icp: 0.098622 construct H: 0.001537 
[fastlio_mapping-2] [ mapping ]: time: IMU + Map + Input Downsample: 0.016859 ave match: 0.093387 ave solve: 0.005152  ave ICP: 0.113392  map incre: 0.010358 ave total: 0.119652 icp: 0.098796 construct H: 0.001538 
[fastlio_mapping-2] [ mapping ]: time: IMU + Map + Input Downsample: 0.014214 ave match: 0.093495 ave solve: 0.005158  ave ICP: 0.108793  map incre: 0.009097 ave total: 0.119802 icp: 0.098911 construct H: 0.001539 
[fastlio_mapping-2] [ mapping ]: time: IMU + Map + Input Downsample: 0.017194 ave match: 0.093640 ave solve: 0.005160  ave ICP: 0.111586  map incre: 0.012830 ave total: 0.120061 icp: 0.099058 construct H: 0.001539 
[fastlio_mapping-2] [ mapping ]: time: IMU + Map + Input Downsample: 0.013976 ave match: 0.093729 ave solve: 0.005161  ave ICP: 0.107091  map incre: 0.011244 ave total: 0.120206 icp: 0.099148 construct H: 0.001539 
[fastlio_mapping-2] [ mapping ]: time: IMU + Map + Input Downsample: 0.014120 ave match: 0.093827 ave solve: 0.005160  ave ICP: 0.107862  map incre: 0.009376 ave total: 0.120335 icp: 0.099244 construct H: 0.001539 
[fastlio_mapping-2] [ mapping ]: time: IMU + Map + Input Downsample: 0.013808 ave match: 0.093904 ave solve: 0.005158  ave ICP: 0.106161  map incre: 0.009103 ave total: 0.120436 icp: 0.099320 construct H: 0.001539 
[fastlio_mapping-2] [ mapping ]: time: IMU + Map + Input Downsample: 0.017829 ave match: 0.094074 ave solve: 0.005159  ave ICP: 0.114587  map incre: 0.009989 ave total: 0.120685 icp: 0.099489 construct H: 0.001540 
[fastlio_mapping-2] [ mapping ]: time: IMU + Map + Input Downsample: 0.014263 ave match: 0.094161 ave solve: 0.005157  ave ICP: 0.107661  map incre: 0.010868 ave total: 0.120821 icp: 0.099576 construct H: 0.001539 
[fastlio_mapping-2] [ mapping ]: time: IMU + Map + Input Downsample: 0.015271 ave match: 0.094251 ave solve: 0.005154  ave ICP: 0.107749  map incre: 0.009874 ave total: 0.120955 icp: 0.099662 construct H: 0.001538 
[fastlio_mapping-2] [ mapping ]: time: IMU + Map + Input Downsample: 0.015146 ave match: 0.094329 ave solve: 0.005150  ave ICP: 0.106751  map incre: 0.009918 ave total: 0.121075 icp: 0.099736 construct H: 0.001537 
[fastlio_mapping-2] [ mapping ]: time: IMU + Map + Input Downsample: 0.014307 ave match: 0.094442 ave solve: 0.005148  ave ICP: 0.110296  map incre: 0.010809 ave total: 0.121231 icp: 0.099847 construct H: 0.001537 
[fastlio_mapping-2] [ mapping ]: time: IMU + Map + Input Downsample: 0.016215 ave match: 0.094599 ave solve: 0.005145  ave ICP: 0.114512  map incre: 0.016338 ave total: 0.121508 icp: 0.100001 construct H: 0.001536 
[fastlio_mapping-2] [ mapping ]: time: IMU + Map + Input Downsample: 0.013862 ave match: 0.094661 ave solve: 0.005140  ave ICP: 0.105692  map incre: 0.011784 ave total: 0.121613 icp: 0.100057 construct H: 0.001534 
[fastlio_mapping-2] [ mapping ]: time: IMU + Map + Input Downsample: 0.029595 ave match: 0.094751 ave solve: 0.005135  ave ICP: 0.108426  map incre: 0.011055 ave total: 0.121902 icp: 0.100142 construct H: 0.001533 
[fastlio_mapping-2] [ mapping ]: time: IMU + Map + Input Downsample: 0.016955 ave match: 0.094925 ave solve: 0.005130  ave ICP: 0.116657  map incre: 0.011016 ave total: 0.122139 icp: 0.100310 construct H: 0.001532 
[fastlio_mapping-2] [ mapping ]: time: IMU + Map + Input Downsample: 0.020266 ave match: 0.095132 ave solve: 0.005133  ave ICP: 0.121149  map incre: 0.011871 ave total: 0.122460 icp: 0.100521 construct H: 0.001531 
[fastlio_mapping-2] [ mapping ]: time: IMU + Map + Input Downsample: 0.015770 ave match: 0.095261 ave solve: 0.005130  ave ICP: 0.113252  map incre: 0.011441 ave total: 0.122644 icp: 0.100647 construct H: 0.001529 
[fastlio_mapping-2] [ mapping ]: time: IMU + Map + Input Downsample: 0.014374 ave match: 0.095369 ave solve: 0.005124  ave ICP: 0.110945  map incre: 0.009798 ave total: 0.122770 icp: 0.100748 construct H: 0.001528 
[fastlio_mapping-2] [ mapping ]: time: IMU + Map + Input Downsample: 0.013972 ave match: 0.095472 ave solve: 0.005118  ave ICP: 0.110816  map incre: 0.010184 ave total: 0.122892 icp: 0.100845 construct H: 0.001526 
[fastlio_mapping-2] [ mapping ]: time: IMU + Map + Input Downsample: 0.014938 ave match: 0.095610 ave solve: 0.005110  ave ICP: 0.114335  map incre: 0.017491 ave total: 0.123128 icp: 0.100975 construct H: 0.001524 
[fastlio_mapping-2] [ mapping ]: time: IMU + Map + Input Downsample: 0.015359 ave match: 0.095737 ave solve: 0.005104  ave ICP: 0.113638  map incre: 0.011225 ave total: 0.123296 icp: 0.101096 construct H: 0.001521 
[fastlio_mapping-2] [ mapping ]: time: IMU + Map + Input Downsample: 0.016560 ave match: 0.095904 ave solve: 0.005100  ave ICP: 0.118341  map incre: 0.010835 ave total: 0.123513 icp: 0.101260 construct H: 0.001520 
[fastlio_mapping-2] [ mapping ]: time: IMU + Map + Input Downsample: 0.014001 ave match: 0.095974 ave solve: 0.005094  ave ICP: 0.108130  map incre: 0.005912 ave total: 0.123557 icp: 0.101323 construct H: 0.001518 
[fastlio_mapping-2] [ mapping ]: time: IMU + Map + Input Downsample: 0.016135 ave match: 0.096090 ave solve: 0.005092  ave ICP: 0.113668  map incre: 0.013693 ave total: 0.123747 icp: 0.101436 construct H: 0.001517 
[fastlio_mapping-2] [ mapping ]: time: IMU + Map + Input Downsample: 0.013838 ave match: 0.096130 ave solve: 0.005087  ave ICP: 0.105601  map incre: 0.006209 ave total: 0.123765 icp: 0.101472 construct H: 0.001516 
[fastlio_mapping-2] [ mapping ]: time: IMU + Map + Input Downsample: 0.013991 ave match: 0.096197 ave solve: 0.005082  ave ICP: 0.108411  map incre: 0.005553 ave total: 0.123804 icp: 0.101533 construct H: 0.001515 
[fastlio_mapping-2] [ mapping ]: time: IMU + Map + Input Downsample: 0.015418 ave match: 0.096283 ave solve: 0.005077  ave ICP: 0.110665  map incre: 0.006025 ave total: 0.123881 icp: 0.101614 construct H: 0.001514 
[fastlio_mapping-2] [ mapping ]: time: IMU + Map + Input Downsample: 0.013940 ave match: 0.096334 ave solve: 0.005072  ave ICP: 0.106950  map incre: 0.005118 ave total: 0.123900 icp: 0.101659 construct H: 0.001512 
[fastlio_mapping-2] [ mapping ]: time: IMU + Map + Input Downsample: 0.014326 ave match: 0.096402 ave solve: 0.005067  ave ICP: 0.109086  map incre: 0.005678 ave total: 0.123948 icp: 0.101723 construct H: 0.001510 
[fastlio_mapping-2] [ mapping ]: time: IMU + Map + Input Downsample: 0.016593 ave match: 0.096509 ave solve: 0.005063  ave ICP: 0.113382  map incre: 0.005611 ave total: 0.124052 icp: 0.101825 construct H: 0.001509 
[fastlio_mapping-2] [ mapping ]: time: IMU + Map + Input Downsample: 0.014153 ave match: 0.096645 ave solve: 0.005061  ave ICP: 0.117274  map incre: 0.004951 ave total: 0.124162 icp: 0.101959 construct H: 0.001508 
[fastlio_mapping-2] [ mapping ]: time: IMU + Map + Input Downsample: 0.015998 ave match: 0.096801 ave solve: 0.005060  ave ICP: 0.119858  map incre: 0.009391 ave total: 0.124349 icp: 0.102114 construct H: 0.001508 
[fastlio_mapping-2] [ mapping ]: time: IMU + Map + Input Downsample: 0.015438 ave match: 0.096873 ave solve: 0.005056  ave ICP: 0.110132  map incre: 0.007043 ave total: 0.124422 icp: 0.102182 construct H: 0.001506 
[fastlio_mapping-2] [ mapping ]: time: IMU + Map + Input Downsample: 0.016411 ave match: 0.096990 ave solve: 0.005049  ave ICP: 0.115092  map incre: 0.006658 ave total: 0.124541 icp: 0.102291 construct H: 0.001504 
[fastlio_mapping-2] [ mapping ]: time: IMU + Map + Input Downsample: 0.013970 ave match: 0.097049 ave solve: 0.005042  ave ICP: 0.108764  map incre: 0.006418 ave total: 0.124581 icp: 0.102343 construct H: 0.001502 
[fastlio_mapping-2] [ mapping ]: time: IMU + Map + Input Downsample: 0.015304 ave match: 0.097094 ave solve: 0.005035  ave ICP: 0.107059  map incre: 0.006367 ave total: 0.124616 icp: 0.102381 construct H: 0.001500 
[fastlio_mapping-2] [ mapping ]: time: IMU + Map + Input Downsample: 0.020021 ave match: 0.097340 ave solve: 0.005028  ave ICP: 0.130947  map incre: 0.006853 ave total: 0.124898 icp: 0.102620 construct H: 0.001497 
[fastlio_mapping-2] [ mapping ]: time: IMU + Map + Input Downsample: 0.014889 ave match: 0.097414 ave solve: 0.005022  ave ICP: 0.111050  map incre: 0.006811 ave total: 0.124964 icp: 0.102688 construct H: 0.001495 
[fastlio_mapping-2] [ mapping ]: time: IMU + Map + Input Downsample: 0.013847 ave match: 0.097457 ave solve: 0.005016  ave ICP: 0.107481  map incre: 0.005883 ave total: 0.124982 icp: 0.102724 construct H: 0.001493 
[fastlio_mapping-2] [ mapping ]: time: IMU + Map + Input Downsample: 0.014878 ave match: 0.097501 ave solve: 0.005010  ave ICP: 0.107823  map incre: 0.006524 ave total: 0.125017 icp: 0.102762 construct H: 0.001491 
[fastlio_mapping-2] [ mapping ]: time: IMU + Map + Input Downsample: 0.020618 ave match: 0.097777 ave solve: 0.005002  ave ICP: 0.135795  map incre: 0.007440 ave total: 0.125336 icp: 0.103029 construct H: 0.001489 
[fastlio_mapping-2] [ mapping ]: time: IMU + Map + Input Downsample: 0.021894 ave match: 0.097945 ave solve: 0.005007  ave ICP: 0.124800  map incre: 0.008189 ave total: 0.125576 icp: 0.103203 construct H: 0.001490 
[fastlio_mapping-2] [ mapping ]: time: IMU + Map + Input Downsample: 0.013862 ave match: 0.098000 ave solve: 0.004999  ave ICP: 0.109289  map incre: 0.008369 ave total: 0.125624 icp: 0.103249 construct H: 0.001487 
[fastlio_mapping-2] [ mapping ]: time: IMU + Map + Input Downsample: 0.014359 ave match: 0.098041 ave solve: 0.004992  ave ICP: 0.108015  map incre: 0.009034 ave total: 0.125670 icp: 0.103284 construct H: 0.001485 
[fastlio_mapping-2] [ mapping ]: time: IMU + Map + Input Downsample: 0.019244 ave match: 0.098062 ave solve: 0.004984  ave ICP: 0.105328  map incre: 0.009282 ave total: 0.125735 icp: 0.103296 construct H: 0.001483 
[fastlio_mapping-2] [ mapping ]: time: IMU + Map + Input Downsample: 0.013711 ave match: 0.098057 ave solve: 0.004976  ave ICP: 0.101874  map incre: 0.006461 ave total: 0.125706 icp: 0.103282 construct H: 0.001480 
[fastlio_mapping-2] [ mapping ]: time: IMU + Map + Input Downsample: 0.014324 ave match: 0.098197 ave solve: 0.004984  ave ICP: 0.122640  map incre: 0.007718 ave total: 0.125854 icp: 0.103431 construct H: 0.001481 
[fastlio_mapping-2] [ mapping ]: time: IMU + Map + Input Downsample: 0.013223 ave match: 0.098215 ave solve: 0.004976  ave ICP: 0.105091  map incre: 0.007369 ave total: 0.125853 icp: 0.103441 construct H: 0.001478 
[fastlio_mapping-2] [ mapping ]: time: IMU + Map + Input Downsample: 0.012984 ave match: 0.098217 ave solve: 0.004967  ave ICP: 0.102939  map incre: 0.008349 ave total: 0.125841 icp: 0.103434 construct H: 0.001475 
[fastlio_mapping-2] [ mapping ]: time: IMU + Map + Input Downsample: 0.013035 ave match: 0.098298 ave solve: 0.004962  ave ICP: 0.113775  map incre: 0.010430 ave total: 0.125928 icp: 0.103510 construct H: 0.001473 
[fastlio_mapping-2] [ mapping ]: time: IMU + Map + Input Downsample: 0.017153 ave match: 0.098391 ave solve: 0.004954  ave ICP: 0.115029  map incre: 0.008002 ave total: 0.126036 icp: 0.103594 construct H: 0.001471 
[fastlio_mapping-2] [ mapping ]: time: IMU + Map + Input Downsample: 0.014958 ave match: 0.098438 ave solve: 0.004946  ave ICP: 0.109115  map incre: 0.006550 ave total: 0.126070 icp: 0.103633 construct H: 0.001468 
[fastlio_mapping-2] [ mapping ]: time: IMU + Map + Input Downsample: 0.016895 ave match: 0.098555 ave solve: 0.004939  ave ICP: 0.118638  map incre: 0.007190 ave total: 0.126195 icp: 0.103742 construct H: 0.001466 
[fastlio_mapping-2] [ mapping ]: time: IMU + Map + Input Downsample: 0.012982 ave match: 0.098582 ave solve: 0.004927  ave ICP: 0.106088  map incre: 0.008778 ave total: 0.126207 icp: 0.103757 construct H: 0.001463 
[fastlio_mapping-2] [ mapping ]: time: IMU + Map + Input Downsample: 0.017083 ave match: 0.098629 ave solve: 0.004919  ave ICP: 0.109327  map incre: 0.010905 ave total: 0.126289 icp: 0.103795 construct H: 0.001460 
[fastlio_mapping-2] [ mapping ]: time: IMU + Map + Input Downsample: 0.013333 ave match: 0.098684 ave solve: 0.004911  ave ICP: 0.110547  map incre: 0.007157 ave total: 0.126323 icp: 0.103841 construct H: 0.001458 
[fastlio_mapping-2] [ mapping ]: time: IMU + Map + Input Downsample: 0.014059 ave match: 0.098877 ave solve: 0.004907  ave ICP: 0.130513  map incre: 0.005259 ave total: 0.126494 icp: 0.104031 construct H: 0.001456 
[fastlio_mapping-2] [ mapping ]: time: IMU + Map + Input Downsample: 0.013529 ave match: 0.098939 ave solve: 0.004907  ave ICP: 0.112933  map incre: 0.006205 ave total: 0.126538 icp: 0.104092 construct H: 0.001456 
[fastlio_mapping-2] [ mapping ]: time: IMU + Map + Input Downsample: 0.013378 ave match: 0.099015 ave solve: 0.004902  ave ICP: 0.114442  map incre: 0.004989 ave total: 0.126583 icp: 0.104164 construct H: 0.001454 
[fastlio_mapping-2] [ mapping ]: time: IMU + Map + Input Downsample: 0.017010 ave match: 0.099106 ave solve: 0.004897  ave ICP: 0.116742  map incre: 0.006151 ave total: 0.126677 icp: 0.104249 construct H: 0.001452 
[fastlio_mapping-2] [ mapping ]: time: IMU + Map + Input Downsample: 0.018402 ave match: 0.099163 ave solve: 0.004891  ave ICP: 0.111910  map incre: 0.005100 ave total: 0.126739 icp: 0.104300 construct H: 0.001449 
[fastlio_mapping-2] [ mapping ]: time: IMU + Map + Input Downsample: 0.015981 ave match: 0.099200 ave solve: 0.004882  ave ICP: 0.108571  map incre: 0.005581 ave total: 0.126762 icp: 0.104328 construct H: 0.001447 
[fastlio_mapping-2] [ mapping ]: time: IMU + Map + Input Downsample: 0.020615 ave match: 0.099390 ave solve: 0.004880  ave ICP: 0.133998  map incre: 0.007173 ave total: 0.127006 icp: 0.104516 construct H: 0.001447 
[fastlio_mapping-2] [ mapping ]: time: IMU + Map + Input Downsample: 0.013460 ave match: 0.099409 ave solve: 0.004872  ave ICP: 0.106323  map incre: 0.005456 ave total: 0.126993 icp: 0.104526 construct H: 0.001445 
[fastlio_mapping-2] [ mapping ]: time: IMU + Map + Input Downsample: 0.021126 ave match: 0.099503 ave solve: 0.004864  ave ICP: 0.117435  map incre: 0.005656 ave total: 0.127111 icp: 0.104612 construct H: 0.001442 
[fastlio_mapping-2] [ mapping ]: time: IMU + Map + Input Downsample: 0.013476 ave match: 0.099517 ave solve: 0.004856  ave ICP: 0.105669  map incre: 0.005893 ave total: 0.127097 icp: 0.104617 construct H: 0.001440 
[fastlio_mapping-2] [ mapping ]: time: IMU + Map + Input Downsample: 0.015711 ave match: 0.099616 ave solve: 0.004855  ave ICP: 0.119592  map incre: 0.009816 ave total: 0.127219 icp: 0.104715 construct H: 0.001438 
[fastlio_mapping-2] [ mapping ]: time: IMU + Map + Input Downsample: 0.017226 ave match: 0.099736 ave solve: 0.004848  ave ICP: 0.121841  map incre: 0.005605 ave total: 0.127336 icp: 0.104828 construct H: 0.001436 
[fastlio_mapping-2] [ mapping ]: time: IMU + Map + Input Downsample: 0.015300 ave match: 0.099821 ave solve: 0.004842  ave ICP: 0.117033  map incre: 0.006802 ave total: 0.127415 icp: 0.104906 construct H: 0.001434 
[fastlio_mapping-2] [ mapping ]: time: IMU + Map + Input Downsample: 0.014499 ave match: 0.099958 ave solve: 0.004837  ave ICP: 0.125214  map incre: 0.005749 ave total: 0.127534 icp: 0.105038 construct H: 0.001433 
[fastlio_mapping-2] [ mapping ]: time: IMU + Map + Input Downsample: 0.015659 ave match: 0.099996 ave solve: 0.004833  ave ICP: 0.110600  map incre: 0.006888 ave total: 0.127571 icp: 0.105072 construct H: 0.001431 
[fastlio_mapping-2] [ mapping ]: time: IMU + Map + Input Downsample: 0.014072 ave match: 0.100011 ave solve: 0.004825  ave ICP: 0.106259  map incre: 0.006560 ave total: 0.127567 icp: 0.105078 construct H: 0.001428 
[fastlio_mapping-2] [ mapping ]: time: IMU + Map + Input Downsample: 0.013662 ave match: 0.100079 ave solve: 0.004818  ave ICP: 0.115041  map incre: 0.006887 ave total: 0.127619 icp: 0.105140 construct H: 0.001426 
[fastlio_mapping-2] [ mapping ]: time: IMU + Map + Input Downsample: 0.013838 ave match: 0.100110 ave solve: 0.004811  ave ICP: 0.109171  map incre: 0.005760 ave total: 0.127626 icp: 0.105163 construct H: 0.001424 
[fastlio_mapping-2] [ mapping ]: time: IMU + Map + Input Downsample: 0.015623 ave match: 0.100186 ave solve: 0.004805  ave ICP: 0.116491  map incre: 0.005919 ave total: 0.127693 icp: 0.105234 construct H: 0.001422 
[fastlio_mapping-2] [ mapping ]: time: IMU + Map + Input Downsample: 0.013583 ave match: 0.100194 ave solve: 0.004798  ave ICP: 0.105609  map incre: 0.007966 ave total: 0.127690 icp: 0.105233 construct H: 0.001420 
[fastlio_mapping-2] [ mapping ]: time: IMU + Map + Input Downsample: 0.013605 ave match: 0.100225 ave solve: 0.004791  ave ICP: 0.109474  map incre: 0.008214 ave total: 0.127713 icp: 0.105257 construct H: 0.001418 
[fastlio_mapping-2] [ mapping ]: time: IMU + Map + Input Downsample: 0.015813 ave match: 0.100319 ave solve: 0.004785  ave ICP: 0.119509  map incre: 0.006619 ave total: 0.127802 icp: 0.105345 construct H: 0.001416 
[fastlio_mapping-2] [ mapping ]: time: IMU + Map + Input Downsample: 0.013993 ave match: 0.100355 ave solve: 0.004778  ave ICP: 0.110243  map incre: 0.005592 ave total: 0.127815 icp: 0.105373 construct H: 0.001414 
[fastlio_mapping-2] [ mapping ]: time: IMU + Map + Input Downsample: 0.016589 ave match: 0.100397 ave solve: 0.004771  ave ICP: 0.111267  map incre: 0.007893 ave total: 0.127864 icp: 0.105408 construct H: 0.001412 
[fastlio_mapping-2] [ mapping ]: time: IMU + Map + Input Downsample: 0.014806 ave match: 0.100432 ave solve: 0.004761  ave ICP: 0.109826  map incre: 0.017028 ave total: 0.127949 icp: 0.105433 construct H: 0.001409 
[fastlio_mapping-2] [ mapping ]: time: IMU + Map + Input Downsample: 0.013786 ave match: 0.100492 ave solve: 0.004753  ave ICP: 0.114289  map incre: 0.008581 ave total: 0.128003 icp: 0.105484 construct H: 0.001406 
[fastlio_mapping-2] [ mapping ]: time: IMU + Map + Input Downsample: 0.016470 ave match: 0.100602 ave solve: 0.004745  ave ICP: 0.122523  map incre: 0.006417 ave total: 0.128109 icp: 0.105585 construct H: 0.001403 
[fastlio_mapping-2] [ mapping ]: time: IMU + Map + Input Downsample: 0.016757 ave match: 0.100687 ave solve: 0.004735  ave ICP: 0.118340  map incre: 0.005851 ave total: 0.128186 icp: 0.105660 construct H: 0.001400 
[fastlio_mapping-2] [ mapping ]: time: IMU + Map + Input Downsample: 0.013875 ave match: 0.100771 ave solve: 0.004725  ave ICP: 0.118237  map incre: 0.006932 ave total: 0.128252 icp: 0.105734 construct H: 0.001397 
[fastlio_mapping-2] [ mapping ]: time: IMU + Map + Input Downsample: 0.017733 ave match: 0.100982 ave solve: 0.004719  ave ICP: 0.140475  map incre: 0.007359 ave total: 0.128475 icp: 0.105939 construct H: 0.001395 
[fastlio_mapping-2] [ mapping ]: time: IMU + Map + Input Downsample: 0.014469 ave match: 0.101055 ave solve: 0.004711  ave ICP: 0.121440  map incre: 0.007728 ave total: 0.128566 icp: 0.106004 construct H: 0.001392 
[fastlio_mapping-2] [ mapping ]: time: IMU + Map + Input Downsample: 0.014884 ave match: 0.101092 ave solve: 0.004701  ave ICP: 0.110757  map incre: 0.011650 ave total: 0.128617 icp: 0.106029 construct H: 0.001389 
[fastlio_mapping-2] [ mapping ]: time: IMU + Map + Input Downsample: 0.015857 ave match: 0.101179 ave solve: 0.004692  ave ICP: 0.119618  map incre: 0.016929 ave total: 0.128757 icp: 0.106107 construct H: 0.001386 
[fastlio_mapping-2] [ mapping ]: time: IMU + Map + Input Downsample: 0.014335 ave match: 0.101261 ave solve: 0.004681  ave ICP: 0.118544  map incre: 0.018045 ave total: 0.128887 icp: 0.106178 construct H: 0.001383 
[fastlio_mapping-2] [ mapping ]: time: IMU + Map + Input Downsample: 0.022739 ave match: 0.101454 ave solve: 0.004670  ave ICP: 0.137650  map incre: 0.019089 ave total: 0.129181 icp: 0.106359 construct H: 0.001380 
[fastlio_mapping-2] [ mapping ]: time: IMU + Map + Input Downsample: 0.015676 ave match: 0.101538 ave solve: 0.004658  ave ICP: 0.119083  map incre: 0.016557 ave total: 0.129309 icp: 0.106430 construct H: 0.001376 
[fastlio_mapping-2] [ mapping ]: time: IMU + Map + Input Downsample: 0.014279 ave match: 0.101615 ave solve: 0.004645  ave ICP: 0.117976  map incre: 0.015885 ave total: 0.129417 icp: 0.106494 construct H: 0.001372 
[fastlio_mapping-2] [ mapping ]: time: IMU + Map + Input Downsample: 0.015265 ave match: 0.101648 ave solve: 0.004633  ave ICP: 0.110345  map incre: 0.006885 ave total: 0.129435 icp: 0.106514 construct H: 0.001368 
[fastlio_mapping-2] [ mapping ]: time: IMU + Map + Input Downsample: 0.014685 ave match: 0.101697 ave solve: 0.004621  ave ICP: 0.113261  map incre: 0.007287 ave total: 0.129468 icp: 0.106550 construct H: 0.001365 
[fastlio_mapping-2] [ mapping ]: time: IMU + Map + Input Downsample: 0.015904 ave match: 0.101774 ave solve: 0.004609  ave ICP: 0.118338  map incre: 0.005019 ave total: 0.129523 icp: 0.106615 construct H: 0.001361 
[fastlio_mapping-2] [ mapping ]: time: IMU + Map + Input Downsample: 0.014459 ave match: 0.101853 ave solve: 0.004598  ave ICP: 0.118984  map incre: 0.012999 ave total: 0.129618 icp: 0.106682 construct H: 0.001357 
[fastlio_mapping-2] [ mapping ]: time: IMU + Map + Input Downsample: 0.014238 ave match: 0.101902 ave solve: 0.004585  ave ICP: 0.113498  map incre: 0.009002 ave total: 0.129658 icp: 0.106718 construct H: 0.001353 
[fastlio_mapping-2] [ mapping ]: time: IMU + Map + Input Downsample: 0.013875 ave match: 0.102004 ave solve: 0.004574  ave ICP: 0.123467  map incre: 0.006543 ave total: 0.129737 icp: 0.106809 construct H: 0.001349 
[fastlio_mapping-2] [ mapping ]: time: IMU + Map + Input Downsample: 0.020694 ave match: 0.102091 ave solve: 0.004563  ave ICP: 0.120700  map incre: 0.007341 ave total: 0.129842 icp: 0.106884 construct H: 0.001346 
[fastlio_mapping-2] [ mapping ]: time: IMU + Map + Input Downsample: 0.015451 ave match: 0.102177 ave solve: 0.004551  ave ICP: 0.120583  map incre: 0.004708 ave total: 0.129902 icp: 0.106957 construct H: 0.001342 
[fastlio_mapping-2] [ mapping ]: time: IMU + Map + Input Downsample: 0.015421 ave match: 0.102214 ave solve: 0.004539  ave ICP: 0.111878  map incre: 0.003907 ave total: 0.129909 icp: 0.106982 construct H: 0.001339 
[fastlio_mapping-2] [ mapping ]: time: IMU + Map + Input Downsample: 0.018230 ave match: 0.102364 ave solve: 0.004529  ave ICP: 0.132912  map incre: 0.004989 ave total: 0.130051 icp: 0.107121 construct H: 0.001335 
[fastlio_mapping-2] [ mapping ]: time: IMU + Map + Input Downsample: 0.017680 ave match: 0.102452 ave solve: 0.004518  ave ICP: 0.121803  map incre: 0.005271 ave total: 0.130131 icp: 0.107198 construct H: 0.001332 
[fastlio_mapping-2] [ mapping ]: time: IMU + Map + Input Downsample: 0.017306 ave match: 0.102539 ave solve: 0.004507  ave ICP: 0.121526  map incre: 0.005710 ave total: 0.130208 icp: 0.107273 construct H: 0.001328 
[fastlio_mapping-2] [ mapping ]: time: IMU + Map + Input Downsample: 0.018052 ave match: 0.102606 ave solve: 0.004496  ave ICP: 0.118123  map incre: 0.006192 ave total: 0.130273 icp: 0.107329 construct H: 0.001325 
[fastlio_mapping-2] [ mapping ]: time: IMU + Map + Input Downsample: 0.018467 ave match: 0.102671 ave solve: 0.004486  ave ICP: 0.117935  map incre: 0.005382 ave total: 0.130335 icp: 0.107383 construct H: 0.001322 
[fastlio_mapping-2] [ mapping ]: time: IMU + Map + Input Downsample: 0.016931 ave match: 0.102802 ave solve: 0.004479  ave ICP: 0.131216  map incre: 0.005401 ave total: 0.130457 icp: 0.107508 construct H: 0.001320 
[fastlio_mapping-2] [ mapping ]: time: IMU + Map + Input Downsample: 0.014718 ave match: 0.102911 ave solve: 0.004469  ave ICP: 0.126526  map incre: 0.004871 ave total: 0.130540 icp: 0.107606 construct H: 0.001317 
[fastlio_mapping-2] [ mapping ]: time: IMU + Map + Input Downsample: 0.019376 ave match: 0.102970 ave solve: 0.004459  ave ICP: 0.117364  map incre: 0.005452 ave total: 0.130601 icp: 0.107655 construct H: 0.001314 
[fastlio_mapping-2] [ mapping ]: time: IMU + Map + Input Downsample: 0.015964 ave match: 0.103017 ave solve: 0.004449  ave ICP: 0.115020  map incre: 0.005980 ave total: 0.130634 icp: 0.107692 construct H: 0.001311 
[fastlio_mapping-2] [ mapping ]: time: IMU + Map + Input Downsample: 0.015302 ave match: 0.103048 ave solve: 0.004438  ave ICP: 0.111859  map incre: 0.004795 ave total: 0.130641 icp: 0.107712 construct H: 0.001307 
[fastlio_mapping-2] [ mapping ]: time: IMU + Map + Input Downsample: 0.014829 ave match: 0.103093 ave solve: 0.004428  ave ICP: 0.114831  map incre: 0.005985 ave total: 0.130667 icp: 0.107746 construct H: 0.001304 
[fastlio_mapping-2] [ mapping ]: time: IMU + Map + Input Downsample: 0.016545 ave match: 0.103218 ave solve: 0.004419  ave ICP: 0.130728  map incre: 0.008567 ave total: 0.130796 icp: 0.107862 construct H: 0.001301 
[fastlio_mapping-2] [ mapping ]: time: IMU + Map + Input Downsample: 0.016706 ave match: 0.103356 ave solve: 0.004411  ave ICP: 0.133467  map incre: 0.007173 ave total: 0.130931 icp: 0.107991 construct H: 0.001298 
[fastlio_mapping-2] [ mapping ]: time: IMU + Map + Input Downsample: 0.016281 ave match: 0.103397 ave solve: 0.004402  ave ICP: 0.114662  map incre: 0.006385 ave total: 0.130964 icp: 0.108023 construct H: 0.001296 
[fastlio_mapping-2] [ mapping ]: time: IMU + Map + Input Downsample: 0.016829 ave match: 0.103481 ave solve: 0.004393  ave ICP: 0.122989  map incre: 0.005106 ave total: 0.131034 icp: 0.108097 construct H: 0.001293 
[fastlio_mapping-2] [ mapping ]: time: IMU + Map + Input Downsample: 0.014289 ave match: 0.103543 ave solve: 0.004384  ave ICP: 0.119093  map incre: 0.004871 ave total: 0.131070 icp: 0.108150 construct H: 0.001290 
[fastlio_mapping-2] [ mapping ]: time: IMU + Map + Input Downsample: 0.019718 ave match: 0.103652 ave solve: 0.004375  ave ICP: 0.128605  map incre: 0.005976 ave total: 0.131186 icp: 0.108250 construct H: 0.001288 
[fastlio_mapping-2] [ mapping ]: time: IMU + Map + Input Downsample: 0.015108 ave match: 0.103760 ave solve: 0.004368  ave ICP: 0.128827  map incre: 0.006185 ave total: 0.131281 icp: 0.108351 construct H: 0.001286 
[fastlio_mapping-2] [ mapping ]: time: IMU + Map + Input Downsample: 0.015259 ave match: 0.103838 ave solve: 0.004360  ave ICP: 0.122840  map incre: 0.006749 ave total: 0.131348 icp: 0.108421 construct H: 0.001283 
[fastlio_mapping-2] [ mapping ]: time: IMU + Map + Input Downsample: 0.017327 ave match: 0.103873 ave solve: 0.004352  ave ICP: 0.114017  map incre: 0.005705 ave total: 0.131376 icp: 0.108447 construct H: 0.001281 
[fastlio_mapping-2] [ mapping ]: time: IMU + Map + Input Downsample: 0.014603 ave match: 0.103913 ave solve: 0.004344  ave ICP: 0.115387  map incre: 0.007733 ave total: 0.131407 icp: 0.108479 construct H: 0.001278 
[fastlio_mapping-2] [ mapping ]: time: IMU + Map + Input Downsample: 0.016734 ave match: 0.103949 ave solve: 0.004334  ave ICP: 0.114219  map incre: 0.004290 ave total: 0.131426 icp: 0.108505 construct H: 0.001275 
[fastlio_mapping-2] [ mapping ]: time: IMU + Map + Input Downsample: 0.014643 ave match: 0.103979 ave solve: 0.004325  ave ICP: 0.113070  map incre: 0.004963 ave total: 0.131432 icp: 0.108525 construct H: 0.001272 
[fastlio_mapping-2] [ mapping ]: time: IMU + Map + Input Downsample: 0.015755 ave match: 0.104049 ave solve: 0.004318  ave ICP: 0.121679  map incre: 0.009306 ave total: 0.131506 icp: 0.108587 construct H: 0.001270 
[fastlio_mapping-2] [ mapping ]: time: IMU + Map + Input Downsample: 0.016721 ave match: 0.104142 ave solve: 0.004309  ave ICP: 0.126541  map incre: 0.006770 ave total: 0.131595 icp: 0.108671 construct H: 0.001267 
[fastlio_mapping-2] [ mapping ]: time: IMU + Map + Input Downsample: 0.017015 ave match: 0.104220 ave solve: 0.004301  ave ICP: 0.123479  map incre: 0.004516 ave total: 0.131659 icp: 0.108740 construct H: 0.001264 
[fastlio_mapping-2] [ mapping ]: time: IMU + Map + Input Downsample: 0.016442 ave match: 0.104308 ave solve: 0.004294  ave ICP: 0.125969  map incre: 0.004575 ave total: 0.131732 icp: 0.108821 construct H: 0.001262 
[fastlio_mapping-2] [ mapping ]: time: IMU + Map + Input Downsample: 0.016091 ave match: 0.104362 ave solve: 0.004285  ave ICP: 0.118824  map incre: 0.004313 ave total: 0.131768 icp: 0.108866 construct H: 0.001259 
[fastlio_mapping-2] [ mapping ]: time: IMU + Map + Input Downsample: 0.014990 ave match: 0.104505 ave solve: 0.004278  ave ICP: 0.138072  map incre: 0.004383 ave total: 0.131889 icp: 0.109002 construct H: 0.001257 
[fastlio_mapping-2] [ mapping ]: time: IMU + Map + Input Downsample: 0.019779 ave match: 0.104557 ave solve: 0.004269  ave ICP: 0.118466  map incre: 0.004030 ave total: 0.131937 icp: 0.109044 construct H: 0.001254 
[fastlio_mapping-2] [ mapping ]: time: IMU + Map + Input Downsample: 0.014575 ave match: 0.104600 ave solve: 0.004261  ave ICP: 0.116991  map incre: 0.004326 ave total: 0.131956 icp: 0.109079 construct H: 0.001251 
[fastlio_mapping-2] [ mapping ]: time: IMU + Map + Input Downsample: 0.021363 ave match: 0.104683 ave solve: 0.004255  ave ICP: 0.125682  map incre: 0.004391 ave total: 0.132047 icp: 0.109155 construct H: 0.001249 
[fastlio_mapping-2] [ mapping ]: time: IMU + Map + Input Downsample: 0.014820 ave match: 0.104705 ave solve: 0.004247  ave ICP: 0.112693  map incre: 0.003919 ave total: 0.132044 icp: 0.109169 construct H: 0.001247 
[fastlio_mapping-2] [ mapping ]: time: IMU + Map + Input Downsample: 0.015310 ave match: 0.104776 ave solve: 0.004239  ave ICP: 0.122992  map incre: 0.003907 ave total: 0.132091 icp: 0.109231 construct H: 0.001245 
[fastlio_mapping-2] [ mapping ]: time: IMU + Map + Input Downsample: 0.016315 ave match: 0.104816 ave solve: 0.004232  ave ICP: 0.116860  map incre: 0.003666 ave total: 0.132112 icp: 0.109265 construct H: 0.001242 
[fastlio_mapping-2] [ mapping ]: time: IMU + Map + Input Downsample: 0.014519 ave match: 0.104889 ave solve: 0.004224  ave ICP: 0.123826  map incre: 0.003705 ave total: 0.132158 icp: 0.109329 construct H: 0.001240 
[fastlio_mapping-2] [ mapping ]: time: IMU + Map + Input Downsample: 0.015900 ave match: 0.105006 ave solve: 0.004221  ave ICP: 0.134631  map incre: 0.005864 ave total: 0.132268 icp: 0.109443 construct H: 0.001239 
[fastlio_mapping-2] [ mapping ]: time: IMU + Map + Input Downsample: 0.014690 ave match: 0.105098 ave solve: 0.004214  ave ICP: 0.128547  map incre: 0.004046 ave total: 0.132336 icp: 0.109528 construct H: 0.001237 
[fastlio_mapping-2] [ mapping ]: time: IMU + Map + Input Downsample: 0.015099 ave match: 0.105141 ave solve: 0.004207  ave ICP: 0.117790  map incre: 0.003993 ave total: 0.132356 icp: 0.109563 construct H: 0.001235 
[fastlio_mapping-2] [ mapping ]: time: IMU + Map + Input Downsample: 0.016324 ave match: 0.105238 ave solve: 0.004201  ave ICP: 0.130036  map incre: 0.003718 ave total: 0.132436 icp: 0.109653 construct H: 0.001232 
[fastlio_mapping-2] [ mapping ]: time: IMU + Map + Input Downsample: 0.014900 ave match: 0.105317 ave solve: 0.004195  ave ICP: 0.126356  map incre: 0.004554 ave total: 0.132495 icp: 0.109726 construct H: 0.001230 
[fastlio_mapping-2] [ mapping ]: time: IMU + Map + Input Downsample: 0.014475 ave match: 0.105415 ave solve: 0.004188  ave ICP: 0.130668  map incre: 0.004073 ave total: 0.132570 icp: 0.109818 construct H: 0.001228 
[fastlio_mapping-2] [ mapping ]: time: IMU + Map + Input Downsample: 0.015988 ave match: 0.105520 ave solve: 0.004183  ave ICP: 0.132682  map incre: 0.005399 ave total: 0.132665 icp: 0.109917 construct H: 0.001226 
[fastlio_mapping-2] [ mapping ]: time: IMU + Map + Input Downsample: 0.015467 ave match: 0.105610 ave solve: 0.004177  ave ICP: 0.129234  map incre: 0.004902 ave total: 0.132740 icp: 0.110000 construct H: 0.001224 
[fastlio_mapping-2] [ mapping ]: time: IMU + Map + Input Downsample: 0.018586 ave match: 0.105691 ave solve: 0.004171  ave ICP: 0.127560  map incre: 0.003938 ave total: 0.132816 icp: 0.110076 construct H: 0.001223 
[fastlio_mapping-2] [ mapping ]: time: IMU + Map + Input Downsample: 0.016496 ave match: 0.105780 ave solve: 0.004166  ave ICP: 0.129704  map incre: 0.004171 ave total: 0.132892 icp: 0.110159 construct H: 0.001221 
[fastlio_mapping-2] [ mapping ]: time: IMU + Map + Input Downsample: 0.014510 ave match: 0.105823 ave solve: 0.004160  ave ICP: 0.119043  map incre: 0.003639 ave total: 0.132911 icp: 0.110196 construct H: 0.001219 
[fastlio_mapping-2] [ mapping ]: time: IMU + Map + Input Downsample: 0.015214 ave match: 0.105905 ave solve: 0.004155  ave ICP: 0.128532  map incre: 0.006557 ave total: 0.132986 icp: 0.110274 construct H: 0.001217 
[fastlio_mapping-2] [ mapping ]: time: IMU + Map + Input Downsample: 0.018577 ave match: 0.106006 ave solve: 0.004154  ave ICP: 0.134194  map incre: 0.004375 ave total: 0.133090 icp: 0.110374 construct H: 0.001217 
[fastlio_mapping-2] [ mapping ]: time: IMU + Map + Input Downsample: 0.016111 ave match: 0.106090 ave solve: 0.004148  ave ICP: 0.128851  map incre: 0.006777 ave total: 0.133170 icp: 0.110452 construct H: 0.001215 
[fastlio_mapping-2] [ mapping ]: time: IMU + Map + Input Downsample: 0.016515 ave match: 0.106202 ave solve: 0.004143  ave ICP: 0.135743  map incre: 0.004875 ave total: 0.133273 icp: 0.110558 construct H: 0.001213 
[fastlio_mapping-2] [ mapping ]: time: IMU + Map + Input Downsample: 0.014736 ave match: 0.106250 ave solve: 0.004137  ave ICP: 0.120754  map incre: 0.006183 ave total: 0.133309 icp: 0.110600 construct H: 0.001211 
[fastlio_mapping-2] [ mapping ]: time: IMU + Map + Input Downsample: 0.015886 ave match: 0.106319 ave solve: 0.004132  ave ICP: 0.125848  map incre: 0.005055 ave total: 0.133366 icp: 0.110663 construct H: 0.001210 
[fastlio_mapping-2] [ mapping ]: time: IMU + Map + Input Downsample: 0.014706 ave match: 0.106372 ave solve: 0.004126  ave ICP: 0.122238  map incre: 0.004673 ave total: 0.133400 icp: 0.110710 construct H: 0.001208 
[fastlio_mapping-2] [ mapping ]: time: IMU + Map + Input Downsample: 0.015052 ave match: 0.106451 ave solve: 0.004121  ave ICP: 0.128658  map incre: 0.005418 ave total: 0.133467 icp: 0.110784 construct H: 0.001207 
[fastlio_mapping-2] [ mapping ]: time: IMU + Map + Input Downsample: 0.016314 ave match: 0.106514 ave solve: 0.004116  ave ICP: 0.125030  map incre: 0.005497 ave total: 0.133523 icp: 0.110842 construct H: 0.001205 
[fastlio_mapping-2] [ mapping ]: time: IMU + Map + Input Downsample: 0.015134 ave match: 0.106547 ave solve: 0.004109  ave ICP: 0.117465  map incre: 0.004126 ave total: 0.133536 icp: 0.110868 construct H: 0.001203 
[fastlio_mapping-2] [ mapping ]: time: IMU + Map + Input Downsample: 0.016763 ave match: 0.106617 ave solve: 0.004104  ave ICP: 0.126956  map incre: 0.004805 ave total: 0.133598 icp: 0.110932 construct H: 0.001201 
[fastlio_mapping-2] [ mapping ]: time: IMU + Map + Input Downsample: 0.014867 ave match: 0.106712 ave solve: 0.004100  ave ICP: 0.133384  map incre: 0.008106 ave total: 0.133692 icp: 0.111023 construct H: 0.001200 
[fastlio_mapping-2] [ mapping ]: time: IMU + Map + Input Downsample: 0.014468 ave match: 0.106792 ave solve: 0.004095  ave ICP: 0.129381  map incre: 0.006467 ave total: 0.133761 icp: 0.111097 construct H: 0.001198 
[fastlio_mapping-2] [ mapping ]: time: IMU + Map + Input Downsample: 0.014683 ave match: 0.106842 ave solve: 0.004089  ave ICP: 0.122427  map incre: 0.004124 ave total: 0.133791 icp: 0.111142 construct H: 0.001197 
[fastlio_mapping-2] [ mapping ]: time: IMU + Map + Input Downsample: 0.015898 ave match: 0.106953 ave solve: 0.004085  ave ICP: 0.137523  map incre: 0.004542 ave total: 0.133890 icp: 0.111248 construct H: 0.001195 
[fastlio_mapping-2] [ mapping ]: time: IMU + Map + Input Downsample: 0.021008 ave match: 0.107049 ave solve: 0.004080  ave ICP: 0.134216  map incre: 0.003470 ave total: 0.133991 icp: 0.111340 construct H: 0.001194 
[fastlio_mapping-2] [ mapping ]: time: IMU + Map + Input Downsample: 0.007650 ave match: 0.107092 ave solve: 0.004075  ave ICP: 0.120627  map incre: 0.003506 ave total: 0.133982 icp: 0.111376 construct H: 0.001192 
[fastlio_mapping-2] [ mapping ]: time: IMU + Map + Input Downsample: 0.020497 ave match: 0.107165 ave solve: 0.004069  ave ICP: 0.128609  map incre: 0.003119 ave total: 0.134055 icp: 0.111444 construct H: 0.001191 
[fastlio_mapping-2] [ mapping ]: time: IMU + Map + Input Downsample: 0.018684 ave match: 0.107209 ave solve: 0.004064  ave ICP: 0.121378  map incre: 0.003256 ave total: 0.134092 icp: 0.111483 construct H: 0.001189 
[fastlio_mapping-2] [ mapping ]: time: IMU + Map + Input Downsample: 0.015969 ave match: 0.107251 ave solve: 0.004059  ave ICP: 0.121208  map incre: 0.003410 ave total: 0.134118 icp: 0.111520 construct H: 0.001187 
[fastlio_mapping-2] [ mapping ]: time: IMU + Map + Input Downsample: 0.008117 ave match: 0.107292 ave solve: 0.004053  ave ICP: 0.120637  map incre: 0.003134 ave total: 0.134110 icp: 0.111555 construct H: 0.001186 
[fastlio_mapping-2] [ mapping ]: time: IMU + Map + Input Downsample: 0.016870 ave match: 0.107353 ave solve: 0.004049  ave ICP: 0.126326  map incre: 0.003797 ave total: 0.134161 icp: 0.111612 construct H: 0.001184 
[fastlio_mapping-2] [ mapping ]: time: IMU + Map + Input Downsample: 0.014038 ave match: 0.107361 ave solve: 0.004043  ave ICP: 0.112317  map incre: 0.003115 ave total: 0.134142 icp: 0.111613 construct H: 0.001182 
[fastlio_mapping-2] [ mapping ]: time: IMU + Map + Input Downsample: 0.016092 ave match: 0.107402 ave solve: 0.004038  ave ICP: 0.121091  map incre: 0.005072 ave total: 0.134174 icp: 0.111649 construct H: 0.001181 
[fastlio_mapping-2] [ mapping ]: time: IMU + Map + Input Downsample: 0.019800 ave match: 0.107460 ave solve: 0.004032  ave ICP: 0.125420  map incre: 0.004581 ave total: 0.134235 icp: 0.111701 construct H: 0.001179 
[fastlio_mapping-2] [ mapping ]: time: IMU + Map + Input Downsample: 0.015257 ave match: 0.107516 ave solve: 0.004027  ave ICP: 0.125020  map incre: 0.003389 ave total: 0.134272 icp: 0.111752 construct H: 0.001177 
[fastlio_mapping-2] [ mapping ]: time: IMU + Map + Input Downsample: 0.013803 ave match: 0.107599 ave solve: 0.004024  ave ICP: 0.132682  map incre: 0.003451 ave total: 0.134333 icp: 0.111832 construct H: 0.001177 
[fastlio_mapping-2] [ mapping ]: time: IMU + Map + Input Downsample: 0.014699 ave match: 0.107701 ave solve: 0.004023  ave ICP: 0.138275  map incre: 0.003733 ave total: 0.134420 icp: 0.111933 construct H: 0.001176 
[fastlio_mapping-2] [ mapping ]: time: IMU + Map + Input Downsample: 0.014996 ave match: 0.107745 ave solve: 0.004018  ave ICP: 0.122191  map incre: 0.003450 ave total: 0.134444 icp: 0.111971 construct H: 0.001174 
[fastlio_mapping-2] [ mapping ]: time: IMU + Map + Input Downsample: 0.014212 ave match: 0.107771 ave solve: 0.004013  ave ICP: 0.118306  map incre: 0.004212 ave total: 0.134453 icp: 0.111993 construct H: 0.001173 
[fastlio_mapping-2] [ mapping ]: time: IMU + Map + Input Downsample: 0.016361 ave match: 0.107816 ave solve: 0.004008  ave ICP: 0.122650  map incre: 0.003322 ave total: 0.134483 icp: 0.112032 construct H: 0.001171 
[fastlio_mapping-2] [ mapping ]: time: IMU + Map + Input Downsample: 0.015242 ave match: 0.107826 ave solve: 0.004003  ave ICP: 0.113463  map incre: 0.003069 ave total: 0.134473 icp: 0.112036 construct H: 0.001169 
[fastlio_mapping-2] [ mapping ]: time: IMU + Map + Input Downsample: 0.015466 ave match: 0.107868 ave solve: 0.003998  ave ICP: 0.122214  map incre: 0.003112 ave total: 0.134497 icp: 0.112073 construct H: 0.001168 
[fastlio_mapping-2] [ mapping ]: time: IMU + Map + Input Downsample: 0.015977 ave match: 0.107892 ave solve: 0.003992  ave ICP: 0.117302  map incre: 0.003190 ave total: 0.134504 icp: 0.112092 construct H: 0.001166 
[fastlio_mapping-2] [ mapping ]: time: IMU + Map + Input Downsample: 0.014289 ave match: 0.107916 ave solve: 0.003987  ave ICP: 0.117360  map incre: 0.003995 ave total: 0.134508 icp: 0.112110 construct H: 0.001164 
[fastlio_mapping-2] [ mapping ]: time: IMU + Map + Input Downsample: 0.015694 ave match: 0.107993 ave solve: 0.003983  ave ICP: 0.131748  map incre: 0.003443 ave total: 0.134570 icp: 0.112183 construct H: 0.001163 
[fastlio_mapping-2] [ mapping ]: time: IMU + Map + Input Downsample: 0.016121 ave match: 0.108036 ave solve: 0.003977  ave ICP: 0.122591  map incre: 0.004842 ave total: 0.134604 icp: 0.112220 construct H: 0.001161 
[fastlio_mapping-2] [ mapping ]: time: IMU + Map + Input Downsample: 0.015420 ave match: 0.108117 ave solve: 0.003975  ave ICP: 0.133958  map incre: 0.003061 ave total: 0.134670 icp: 0.112299 construct H: 0.001160 
[fastlio_mapping-2] [ mapping ]: time: IMU + Map + Input Downsample: 0.014634 ave match: 0.108142 ave solve: 0.003970  ave ICP: 0.117713  map incre: 0.003849 ave total: 0.134676 icp: 0.112318 construct H: 0.001159 
[fastlio_mapping-2] [ mapping ]: time: IMU + Map + Input Downsample: 0.014429 ave match: 0.108176 ave solve: 0.003966  ave ICP: 0.120600  map incre: 0.004222 ave total: 0.134693 icp: 0.112347 construct H: 0.001157 
[fastlio_mapping-2] [ mapping ]: time: IMU + Map + Input Downsample: 0.015078 ave match: 0.108229 ave solve: 0.003960  ave ICP: 0.125851  map incre: 0.004154 ave total: 0.134731 icp: 0.112395 construct H: 0.001156 
[fastlio_mapping-2] [ mapping ]: time: IMU + Map + Input Downsample: 0.014800 ave match: 0.108248 ave solve: 0.003955  ave ICP: 0.116250  map incre: 0.006183 ave total: 0.134740 icp: 0.112408 construct H: 0.001154 
[fastlio_mapping-2] [ mapping ]: time: IMU + Map + Input Downsample: 0.013676 ave match: 0.108260 ave solve: 0.003950  ave ICP: 0.114545  map incre: 0.003727 ave total: 0.134730 icp: 0.112414 construct H: 0.001153 
[fastlio_mapping-2] [ mapping ]: time: IMU + Map + Input Downsample: 0.014171 ave match: 0.108275 ave solve: 0.003945  ave ICP: 0.115642  map incre: 0.003663 ave total: 0.134725 icp: 0.112425 construct H: 0.001151 
[fastlio_mapping-2] [ mapping ]: time: IMU + Map + Input Downsample: 0.014547 ave match: 0.108307 ave solve: 0.003940  ave ICP: 0.120235  map incre: 0.004087 ave total: 0.134741 icp: 0.112452 construct H: 0.001149 
[fastlio_mapping-2] [ mapping ]: time: IMU + Map + Input Downsample: 0.015524 ave match: 0.108337 ave solve: 0.003939  ave ICP: 0.120643  map incre: 0.007187 ave total: 0.134772 icp: 0.112480 construct H: 0.001149 
[fastlio_mapping-2] [ mapping ]: time: IMU + Map + Input Downsample: 0.014171 ave match: 0.108362 ave solve: 0.003934  ave ICP: 0.118597  map incre: 0.004305 ave total: 0.134780 icp: 0.112501 construct H: 0.001147 
[fastlio_mapping-2] [ mapping ]: time: IMU + Map + Input Downsample: 0.008272 ave match: 0.108380 ave solve: 0.003930  ave ICP: 0.116590  map incre: 0.004398 ave total: 0.134760 icp: 0.112514 construct H: 0.001146 
[fastlio_mapping-2] [ mapping ]: time: IMU + Map + Input Downsample: 0.013280 ave match: 0.108392 ave solve: 0.003925  ave ICP: 0.114797  map incre: 0.006011 ave total: 0.134758 icp: 0.112521 construct H: 0.001144 
[fastlio_mapping-2] [ mapping ]: time: IMU + Map + Input Downsample: 0.013031 ave match: 0.108404 ave solve: 0.003920  ave ICP: 0.114848  map incre: 0.003372 ave total: 0.134745 icp: 0.112528 construct H: 0.001143 
[fastlio_mapping-2] [ mapping ]: time: IMU + Map + Input Downsample: 0.017833 ave match: 0.108493 ave solve: 0.003917  ave ICP: 0.137065  map incre: 0.003474 ave total: 0.134829 icp: 0.112614 construct H: 0.001143 
[fastlio_mapping-2] [ mapping ]: time: IMU + Map + Input Downsample: 0.015560 ave match: 0.108522 ave solve: 0.003913  ave ICP: 0.120100  map incre: 0.003616 ave total: 0.134845 icp: 0.112639 construct H: 0.001141 
[fastlio_mapping-2] [ mapping ]: time: IMU + Map + Input Downsample: 0.014034 ave match: 0.108531 ave solve: 0.003908  ave ICP: 0.113965  map incre: 0.002847 ave total: 0.134831 icp: 0.112642 construct H: 0.001140 
[fastlio_mapping-2] [ mapping ]: time: IMU + Map + Input Downsample: 0.014088 ave match: 0.108538 ave solve: 0.003903  ave ICP: 0.113670  map incre: 0.002514 ave total: 0.134815 icp: 0.112644 construct H: 0.001138 
[fastlio_mapping-2] [ mapping ]: time: IMU + Map + Input Downsample: 0.015904 ave match: 0.108594 ave solve: 0.003898  ave ICP: 0.127420  map incre: 0.003430 ave total: 0.134857 icp: 0.112695 construct H: 0.001136 
[fastlio_mapping-2] [ mapping ]: time: IMU + Map + Input Downsample: 0.017011 ave match: 0.108659 ave solve: 0.003895  ave ICP: 0.131181  map incre: 0.004332 ave total: 0.134919 icp: 0.112757 construct H: 0.001135 
[fastlio_mapping-2] [ mapping ]: time: IMU + Map + Input Downsample: 0.014124 ave match: 0.108709 ave solve: 0.003891  ave ICP: 0.126026  map incre: 0.003832 ave total: 0.134950 icp: 0.112802 construct H: 0.001134 
[fastlio_mapping-2] [ mapping ]: time: IMU + Map + Input Downsample: 0.017023 ave match: 0.108751 ave solve: 0.003886  ave ICP: 0.123880  map incre: 0.002568 ave total: 0.134980 icp: 0.112840 construct H: 0.001132 
[fastlio_mapping-2] [ mapping ]: time: IMU + Map + Input Downsample: 0.015087 ave match: 0.108812 ave solve: 0.003882  ave ICP: 0.129770  map incre: 0.003372 ave total: 0.135026 icp: 0.112897 construct H: 0.001131 
[fastlio_mapping-2] [ mapping ]: time: IMU + Map + Input Downsample: 0.015024 ave match: 0.108890 ave solve: 0.003881  ave ICP: 0.135538  map incre: 0.002765 ave total: 0.135089 icp: 0.112973 construct H: 0.001130 
[fastlio_mapping-2] [ mapping ]: time: IMU + Map + Input Downsample: 0.014586 ave match: 0.108934 ave solve: 0.003877  ave ICP: 0.124775  map incre: 0.002795 ave total: 0.135113 icp: 0.113013 construct H: 0.001129 
[fastlio_mapping-2] [ mapping ]: time: IMU + Map + Input Downsample: 0.014997 ave match: 0.108952 ave solve: 0.003872  ave ICP: 0.117112  map incre: 0.002750 ave total: 0.135112 icp: 0.113026 construct H: 0.001127 
[fastlio_mapping-2] [ mapping ]: time: IMU + Map + Input Downsample: 0.016769 ave match: 0.108984 ave solve: 0.003869  ave ICP: 0.121751  map incre: 0.002873 ave total: 0.135134 icp: 0.113054 construct H: 0.001126 
[fastlio_mapping-2] [ mapping ]: time: IMU + Map + Input Downsample: 0.016432 ave match: 0.109036 ave solve: 0.003865  ave ICP: 0.127865  map incre: 0.003173 ave total: 0.135176 icp: 0.113103 construct H: 0.001125 
[fastlio_mapping-2] [ mapping ]: time: IMU + Map + Input Downsample: 0.016828 ave match: 0.109067 ave solve: 0.003861  ave ICP: 0.121212  map incre: 0.003289 ave total: 0.135196 icp: 0.113129 construct H: 0.001124 
[fastlio_mapping-2] [ mapping ]: time: IMU + Map + Input Downsample: 0.019865 ave match: 0.109110 ave solve: 0.003856  ave ICP: 0.124779  map incre: 0.003324 ave total: 0.135240 icp: 0.113167 construct H: 0.001122 
[fastlio_mapping-2] [ mapping ]: time: IMU + Map + Input Downsample: 0.016781 ave match: 0.109142 ave solve: 0.003852  ave ICP: 0.121879  map incre: 0.003081 ave total: 0.135261 icp: 0.113195 construct H: 0.001121 
[fastlio_mapping-2] [ mapping ]: time: IMU + Map + Input Downsample: 0.015489 ave match: 0.109164 ave solve: 0.003848  ave ICP: 0.118628  map incre: 0.003541 ave total: 0.135269 icp: 0.113212 construct H: 0.001120 
[fastlio_mapping-2] [ mapping ]: time: IMU + Map + Input Downsample: 0.016172 ave match: 0.109187 ave solve: 0.003843  ave ICP: 0.119281  map incre: 0.003146 ave total: 0.135281 icp: 0.113231 construct H: 0.001118 
[fastlio_mapping-2] [ mapping ]: time: IMU + Map + Input Downsample: 0.016548 ave match: 0.109242 ave solve: 0.003839  ave ICP: 0.128739  map incre: 0.002961 ave total: 0.135324 icp: 0.113281 construct H: 0.001117 
[fastlio_mapping-2] [ mapping ]: time: IMU + Map + Input Downsample: 0.015569 ave match: 0.109294 ave solve: 0.003835  ave ICP: 0.127903  map incre: 0.003316 ave total: 0.135362 icp: 0.113328 construct H: 0.001116 
[fastlio_mapping-2] [ mapping ]: time: IMU + Map + Input Downsample: 0.014867 ave match: 0.109313 ave solve: 0.003830  ave ICP: 0.117981  map incre: 0.003131 ave total: 0.135364 icp: 0.113343 construct H: 0.001114 
[fastlio_mapping-2] [ mapping ]: time: IMU + Map + Input Downsample: 0.014673 ave match: 0.109336 ave solve: 0.003826  ave ICP: 0.119317  map incre: 0.002808 ave total: 0.135369 icp: 0.113361 construct H: 0.001113 
[fastlio_mapping-2] [ mapping ]: time: IMU + Map + Input Downsample: 0.016853 ave match: 0.109388 ave solve: 0.003822  ave ICP: 0.128625  map incre: 0.005411 ave total: 0.135420 icp: 0.113410 construct H: 0.001111 
[fastlio_mapping-2] [ mapping ]: time: IMU + Map + Input Downsample: 0.014221 ave match: 0.109430 ave solve: 0.003818  ave ICP: 0.125181  map incre: 0.003625 ave total: 0.135445 icp: 0.113447 construct H: 0.001110 
[fastlio_mapping-2] [ mapping ]: time: IMU + Map + Input Downsample: 0.016732 ave match: 0.109454 ave solve: 0.003814  ave ICP: 0.119767  map incre: 0.002926 ave total: 0.135458 icp: 0.113467 construct H: 0.001109 
[fastlio_mapping-2] [ mapping ]: time: IMU + Map + Input Downsample: 0.014872 ave match: 0.109480 ave solve: 0.003809  ave ICP: 0.120348  map incre: 0.003282 ave total: 0.135468 icp: 0.113488 construct H: 0.001107 
[fastlio_mapping-2] [ mapping ]: time: IMU + Map + Input Downsample: 0.007029 ave match: 0.109542 ave solve: 0.003806  ave ICP: 0.131999  map incre: 0.003430 ave total: 0.135490 icp: 0.113547 construct H: 0.001106 
[fastlio_mapping-2] [ mapping ]: time: IMU + Map + Input Downsample: 0.016403 ave match: 0.109583 ave solve: 0.003801  ave ICP: 0.125111  map incre: 0.003219 ave total: 0.135520 icp: 0.113583 construct H: 0.001105 
[fastlio_mapping-2] [ mapping ]: time: IMU + Map + Input Downsample: 0.016262 ave match: 0.109620 ave solve: 0.003797  ave ICP: 0.124333  map incre: 0.003701 ave total: 0.135549 icp: 0.113616 construct H: 0.001104 
[fastlio_mapping-2] [ mapping ]: time: IMU + Map + Input Downsample: 0.016594 ave match: 0.109719 ave solve: 0.003793  ave ICP: 0.143169  map incre: 0.003482 ave total: 0.135638 icp: 0.113710 construct H: 0.001102 
[fastlio_mapping-2] [ mapping ]: time: IMU + Map + Input Downsample: 0.015524 ave match: 0.110050 ave solve: 0.003795  ave ICP: 0.218038  map incre: 0.004008 ave total: 0.135964 icp: 0.114043 construct H: 0.001103 
[fastlio_mapping-2] [ mapping ]: time: IMU + Map + Input Downsample: 0.020954 ave match: 0.110120 ave solve: 0.003793  ave ICP: 0.135809  map incre: 0.004073 ave total: 0.136044 icp: 0.114111 construct H: 0.001102 
[fastlio_mapping-2] [ mapping ]: time: IMU + Map + Input Downsample: 0.022015 ave match: 0.110257 ave solve: 0.003789  ave ICP: 0.156112  map incre: 0.005039 ave total: 0.136194 icp: 0.114243 construct H: 0.001101 
[fastlio_mapping-2] [ mapping ]: time: IMU + Map + Input Downsample: 0.019251 ave match: 0.110328 ave solve: 0.003786  ave ICP: 0.136192  map incre: 0.005202 ave total: 0.136271 icp: 0.114312 construct H: 0.001100 
[fastlio_mapping-2] [ mapping ]: time: IMU + Map + Input Downsample: 0.016676 ave match: 0.110357 ave solve: 0.003782  ave ICP: 0.122477  map incre: 0.003593 ave total: 0.136292 icp: 0.114336 construct H: 0.001099 
[fastlio_mapping-2] [ mapping ]: time: IMU + Map + Input Downsample: 0.007666 ave match: 0.110375 ave solve: 0.003777  ave ICP: 0.118999  map incre: 0.003491 ave total: 0.136273 icp: 0.114350 construct H: 0.001097 
[fastlio_mapping-2] [ mapping ]: time: IMU + Map + Input Downsample: 0.014835 ave match: 0.110393 ave solve: 0.003773  ave ICP: 0.118747  map incre: 0.002914 ave total: 0.136273 icp: 0.114362 construct H: 0.001096 
[fastlio_mapping-2] [ mapping ]: time: IMU + Map + Input Downsample: 0.016021 ave match: 0.110449 ave solve: 0.003769  ave ICP: 0.131284  map incre: 0.004828 ave total: 0.136323 icp: 0.114414 construct H: 0.001094 
[fastlio_mapping-2] [ mapping ]: time: IMU + Map + Input Downsample: 0.015612 ave match: 0.110485 ave solve: 0.003765  ave ICP: 0.125071  map incre: 0.007818 ave total: 0.136361 icp: 0.114446 construct H: 0.001093 
[fastlio_mapping-2] [ mapping ]: time: IMU + Map + Input Downsample: 0.013957 ave match: 0.110519 ave solve: 0.003762  ave ICP: 0.124597  map incre: 0.007752 ave total: 0.136392 icp: 0.114476 construct H: 0.001092 
[fastlio_mapping-2] [ mapping ]: time: IMU + Map + Input Downsample: 0.014440 ave match: 0.110537 ave solve: 0.003757  ave ICP: 0.119344  map incre: 0.006920 ave total: 0.136405 icp: 0.114491 construct H: 0.001091 
[fastlio_mapping-2] [ mapping ]: time: IMU + Map + Input Downsample: 0.016598 ave match: 0.110596 ave solve: 0.003753  ave ICP: 0.132572  map incre: 0.007428 ave total: 0.136468 icp: 0.114545 construct H: 0.001090 
[fastlio_mapping-2] [ mapping ]: time: IMU + Map + Input Downsample: 0.011826 ave match: 0.110628 ave solve: 0.003749  ave ICP: 0.124092  map incre: 0.004537 ave total: 0.136480 icp: 0.114573 construct H: 0.001088 
[fastlio_mapping-2] [ mapping ]: time: IMU + Map + Input Downsample: 0.015910 ave match: 0.110655 ave solve: 0.003745  ave ICP: 0.122021  map incre: 0.004287 ave total: 0.136498 icp: 0.114595 construct H: 0.001087 
[fastlio_mapping-2] [ mapping ]: time: IMU + Map + Input Downsample: 0.014831 ave match: 0.110684 ave solve: 0.003741  ave ICP: 0.123441  map incre: 0.003708 ave total: 0.136515 icp: 0.114621 construct H: 0.001086 
[fastlio_mapping-2] [ mapping ]: time: IMU + Map + Input Downsample: 0.017810 ave match: 0.110759 ave solve: 0.003738  ave ICP: 0.138292  map incre: 0.002982 ave total: 0.136584 icp: 0.114692 construct H: 0.001084 
[fastlio_mapping-2] [ mapping ]: time: IMU + Map + Input Downsample: 0.026273 ave match: 0.110857 ave solve: 0.003734  ave ICP: 0.145960  map incre: 0.004101 ave total: 0.136705 icp: 0.114786 construct H: 0.001084 
[fastlio_mapping-2] [ mapping ]: time: IMU + Map + Input Downsample: 0.020114 ave match: 0.110870 ave solve: 0.003730  ave ICP: 0.118063  map incre: 0.003137 ave total: 0.136719 icp: 0.114795 construct H: 0.001082 
[fastlio_mapping-2] [ mapping ]: time: IMU + Map + Input Downsample: 0.014984 ave match: 0.110905 ave solve: 0.003726  ave ICP: 0.125365  map incre: 0.003871 ave total: 0.136742 icp: 0.114826 construct H: 0.001081 
[fastlio_mapping-2] [ mapping ]: time: IMU + Map + Input Downsample: 0.009600 ave match: 0.110973 ave solve: 0.003723  ave ICP: 0.136573  map incre: 0.003172 ave total: 0.136780 icp: 0.114890 construct H: 0.001080 
[fastlio_mapping-2] [ mapping ]: time: IMU + Map + Input Downsample: 0.018332 ave match: 0.111057 ave solve: 0.003720  ave ICP: 0.142466  map incre: 0.018126 ave total: 0.136907 icp: 0.114972 construct H: 0.001079 
[fastlio_mapping-2] [ mapping ]: time: IMU + Map + Input Downsample: 0.017371 ave match: 0.111098 ave solve: 0.003717  ave ICP: 0.127937  map incre: 0.010574 ave total: 0.136964 icp: 0.115010 construct H: 0.001078 
[fastlio_mapping-2] [ mapping ]: time: IMU + Map + Input Downsample: 0.016778 ave match: 0.111141 ave solve: 0.003713  ave ICP: 0.128318  map incre: 0.004466 ave total: 0.137001 icp: 0.115048 construct H: 0.001077 
[fastlio_mapping-2] [ mapping ]: time: IMU + Map + Input Downsample: 0.015850 ave match: 0.111184 ave solve: 0.003709  ave ICP: 0.128655  map incre: 0.003830 ave total: 0.137035 icp: 0.115087 construct H: 0.001075 
[fastlio_mapping-2] [ mapping ]: time: IMU + Map + Input Downsample: 0.008378 ave match: 0.111193 ave solve: 0.003705  ave ICP: 0.117229  map incre: 0.002622 ave total: 0.137009 icp: 0.115093 construct H: 0.001074 
[fastlio_mapping-2] [ mapping ]: time: IMU + Map + Input Downsample: 0.016795 ave match: 0.111232 ave solve: 0.003702  ave ICP: 0.127274  map incre: 0.003873 ave total: 0.137041 icp: 0.115127 construct H: 0.001073 
[fastlio_mapping-2] [ mapping ]: time: IMU + Map + Input Downsample: 0.016921 ave match: 0.111252 ave solve: 0.003698  ave ICP: 0.120897  map incre: 0.004578 ave total: 0.137057 icp: 0.115143 construct H: 0.001071 
[fastlio_mapping-2] [ mapping ]: time: IMU + Map + Input Downsample: 0.018967 ave match: 0.111328 ave solve: 0.003696  ave ICP: 0.140840  map incre: 0.003780 ave total: 0.137136 icp: 0.115218 construct H: 0.001071 
[fastlio_mapping-2] [ mapping ]: time: IMU + Map + Input Downsample: 0.015073 ave match: 0.111378 ave solve: 0.003693  ave ICP: 0.131403  map incre: 0.006543 ave total: 0.137182 icp: 0.115264 construct H: 0.001070 
[fastlio_mapping-2] [ mapping ]: time: IMU + Map + Input Downsample: 0.016366 ave match: 0.111441 ave solve: 0.003690  ave ICP: 0.136041  map incre: 0.002994 ave total: 0.137236 icp: 0.115324 construct H: 0.001069 
[fastlio_mapping-2] [ mapping ]: time: IMU + Map + Input Downsample: 0.009712 ave match: 0.111498 ave solve: 0.003686  ave ICP: 0.133780  map incre: 0.003970 ave total: 0.137266 icp: 0.115377 construct H: 0.001068 
[fastlio_mapping-2] [ mapping ]: time: IMU + Map + Input Downsample: 0.015409 ave match: 0.111506 ave solve: 0.003683  ave ICP: 0.117328  map incre: 0.005433 ave total: 0.137268 icp: 0.115382 construct H: 0.001067 
[fastlio_mapping-2] [ mapping ]: time: IMU + Map + Input Downsample: 0.015299 ave match: 0.111546 ave solve: 0.003678  ave ICP: 0.127934  map incre: 0.015380 ave total: 0.137330 icp: 0.115417 construct H: 0.001065 
[fastlio_mapping-2] [ mapping ]: time: IMU + Map + Input Downsample: 0.024553 ave match: 0.111663 ave solve: 0.003675  ave ICP: 0.155125  map incre: 0.013213 ave total: 0.137491 icp: 0.115531 construct H: 0.001064 
[fastlio_mapping-2] [ mapping ]: time: IMU + Map + Input Downsample: 0.015306 ave match: 0.111699 ave solve: 0.003671  ave ICP: 0.127137  map incre: 0.003157 ave total: 0.137515 icp: 0.115563 construct H: 0.001063 
[fastlio_mapping-2] [ mapping ]: time: IMU + Map + Input Downsample: 0.015238 ave match: 0.111739 ave solve: 0.003667  ave ICP: 0.128290  map incre: 0.003193 ave total: 0.137541 icp: 0.115598 construct H: 0.001061 
[fastlio_mapping-2] [ mapping ]: time: IMU + Map + Input Downsample: 0.016186 ave match: 0.111774 ave solve: 0.003663  ave ICP: 0.127034  map incre: 0.014007 ave total: 0.137598 icp: 0.115630 construct H: 0.001060 
[fastlio_mapping-2] [ mapping ]: time: IMU + Map + Input Downsample: 0.014539 ave match: 0.111802 ave solve: 0.003659  ave ICP: 0.124393  map incre: 0.012742 ave total: 0.137638 icp: 0.115654 construct H: 0.001059 
[fastlio_mapping-2] [ mapping ]: time: IMU + Map + Input Downsample: 0.016738 ave match: 0.111871 ave solve: 0.003656  ave ICP: 0.139085  map incre: 0.011064 ave total: 0.137722 icp: 0.115720 construct H: 0.001058 
[fastlio_mapping-2] [ mapping ]: time: IMU + Map + Input Downsample: 0.014417 ave match: 0.111910 ave solve: 0.003652  ave ICP: 0.128223  map incre: 0.008495 ave total: 0.137760 icp: 0.115754 construct H: 0.001057 
[fastlio_mapping-2] [ mapping ]: time: IMU + Map + Input Downsample: 0.016356 ave match: 0.111945 ave solve: 0.003648  ave ICP: 0.127239  map incre: 0.016272 ave total: 0.137823 icp: 0.115786 construct H: 0.001055 
[fastlio_mapping-2] [ mapping ]: time: IMU + Map + Input Downsample: 0.015770 ave match: 0.111985 ave solve: 0.003645  ave ICP: 0.129085  map incre: 0.016213 ave total: 0.137889 icp: 0.115822 construct H: 0.001054 
[fastlio_mapping-2] [ mapping ]: time: IMU + Map + Input Downsample: 0.017051 ave match: 0.112038 ave solve: 0.003642  ave ICP: 0.133678  map incre: 0.011453 ave total: 0.137957 icp: 0.115872 construct H: 0.001053 
[fastlio_mapping-2] [ mapping ]: time: IMU + Map + Input Downsample: 0.020196 ave match: 0.112162 ave solve: 0.003639  ave ICP: 0.159082  map incre: 0.010217 ave total: 0.138102 icp: 0.115992 construct H: 0.001052 
[fastlio_mapping-2] [ mapping ]: time: IMU + Map + Input Downsample: 0.014913 ave match: 0.112205 ave solve: 0.003635  ave ICP: 0.130296  map incre: 0.011438 ave total: 0.138155 icp: 0.116031 construct H: 0.001051 
[fastlio_mapping-2] [ mapping ]: time: IMU + Map + Input Downsample: 0.016206 ave match: 0.112250 ave solve: 0.003632  ave ICP: 0.131321  map incre: 0.008998 ave total: 0.138206 icp: 0.116073 construct H: 0.001050 
[fastlio_mapping-2] [ mapping ]: time: IMU + Map + Input Downsample: 0.014706 ave match: 0.112285 ave solve: 0.003628  ave ICP: 0.127766  map incre: 0.008205 ave total: 0.138241 icp: 0.116104 construct H: 0.001049 
[fastlio_mapping-2] [ mapping ]: time: IMU + Map + Input Downsample: 0.017155 ave match: 0.112364 ave solve: 0.003625  ave ICP: 0.143995  map incre: 0.007739 ave total: 0.138326 icp: 0.116181 construct H: 0.001048 
[fastlio_mapping-2] [ mapping ]: time: IMU + Map + Input Downsample: 0.015790 ave match: 0.112418 ave solve: 0.003622  ave ICP: 0.134890  map incre: 0.008116 ave total: 0.138383 icp: 0.116231 construct H: 0.001047 
[fastlio_mapping-2] [ mapping ]: time: IMU + Map + Input Downsample: 0.016069 ave match: 0.112462 ave solve: 0.003619  ave ICP: 0.131565  map incre: 0.009479 ave total: 0.138435 icp: 0.116272 construct H: 0.001046 
[fastlio_mapping-2] [ mapping ]: time: IMU + Map + Input Downsample: 0.014138 ave match: 0.112501 ave solve: 0.003616  ave ICP: 0.129553  map incre: 0.008789 ave total: 0.138474 icp: 0.116308 construct H: 0.001045 
[fastlio_mapping-2] [ mapping ]: time: IMU + Map + Input Downsample: 0.015203 ave match: 0.112533 ave solve: 0.003613  ave ICP: 0.127013  map incre: 0.008347 ave total: 0.138507 icp: 0.116336 construct H: 0.001044 
[fastlio_mapping-2] [ mapping ]: time: IMU + Map + Input Downsample: 0.018256 ave match: 0.112579 ave solve: 0.003611  ave ICP: 0.132375  map incre: 0.009493 ave total: 0.138566 icp: 0.116379 construct H: 0.001043 
[fastlio_mapping-2] [ mapping ]: time: IMU + Map + Input Downsample: 0.015727 ave match: 0.112666 ave solve: 0.003609  ave ICP: 0.148368  map incre: 0.009399 ave total: 0.138662 icp: 0.116466 construct H: 0.001043 
[fastlio_mapping-2] [ mapping ]: time: IMU + Map + Input Downsample: 0.015772 ave match: 0.112712 ave solve: 0.003606  ave ICP: 0.132589  map incre: 0.007558 ave total: 0.138709 icp: 0.116509 construct H: 0.001042 
[fastlio_mapping-2] [ mapping ]: time: IMU + Map + Input Downsample: 0.017388 ave match: 0.112772 ave solve: 0.003604  ave ICP: 0.137943  map incre: 0.006599 ave total: 0.138773 icp: 0.116566 construct H: 0.001041 
[fastlio_mapping-2] [ mapping ]: time: IMU + Map + Input Downsample: 0.006176 ave match: 0.112834 ave solve: 0.003600  ave ICP: 0.138143  map incre: 0.004721 ave total: 0.138800 icp: 0.116624 construct H: 0.001040 
[fastlio_mapping-2] [ mapping ]: time: IMU + Map + Input Downsample: 0.014949 ave match: 0.112871 ave solve: 0.003597  ave ICP: 0.129572  map incre: 0.009366 ave total: 0.138841 icp: 0.116658 construct H: 0.001039 
[fastlio_mapping-2] [ mapping ]: time: IMU + Map + Input Downsample: 0.014516 ave match: 0.112932 ave solve: 0.003595  ave ICP: 0.138666  map incre: 0.010637 ave total: 0.138909 icp: 0.116716 construct H: 0.001038 
[fastlio_mapping-2] [ mapping ]: time: IMU + Map + Input Downsample: 0.016000 ave match: 0.112987 ave solve: 0.003593  ave ICP: 0.136695  map incre: 0.017343 ave total: 0.138993 icp: 0.116769 construct H: 0.001037 
[fastlio_mapping-2] [ mapping ]: time: IMU + Map + Input Downsample: 0.019872 ave match: 0.113131 ave solve: 0.003591  ave ICP: 0.170393  map incre: 0.008875 ave total: 0.139154 icp: 0.116912 construct H: 0.001037 
[fastlio_mapping-2] [ mapping ]: time: IMU + Map + Input Downsample: 0.015820 ave match: 0.113201 ave solve: 0.003588  ave ICP: 0.142232  map incre: 0.007089 ave total: 0.139224 icp: 0.116979 construct H: 0.001036 
[fastlio_mapping-2] [ mapping ]: time: IMU + Map + Input Downsample: 0.018535 ave match: 0.113260 ave solve: 0.003586  ave ICP: 0.138592  map incre: 0.006659 ave total: 0.139290 icp: 0.117035 construct H: 0.001035 
[fastlio_mapping-2] [ mapping ]: time: IMU + Map + Input Downsample: 0.015329 ave match: 0.113304 ave solve: 0.003583  ave ICP: 0.132819  map incre: 0.005909 ave total: 0.139329 icp: 0.117077 construct H: 0.001034 
[fastlio_mapping-2] [ mapping ]: time: IMU + Map + Input Downsample: 0.015338 ave match: 0.113341 ave solve: 0.003581  ave ICP: 0.130608  map incre: 0.005635 ave total: 0.139362 icp: 0.117111 construct H: 0.001034 
[fastlio_mapping-2] [ mapping ]: time: IMU + Map + Input Downsample: 0.017486 ave match: 0.113375 ave solve: 0.003578  ave ICP: 0.128946  map incre: 0.004419 ave total: 0.139392 icp: 0.117142 construct H: 0.001033 
[fastlio_mapping-2] [ mapping ]: time: IMU + Map + Input Downsample: 0.017179 ave match: 0.113431 ave solve: 0.003575  ave ICP: 0.137594  map incre: 0.005534 ave total: 0.139448 icp: 0.117195 construct H: 0.001032 
[fastlio_mapping-2] [ mapping ]: time: IMU + Map + Input Downsample: 0.016371 ave match: 0.113487 ave solve: 0.003573  ave ICP: 0.137920  map incre: 0.017760 ave total: 0.139534 icp: 0.117248 construct H: 0.001031 
[fastlio_mapping-2] [ mapping ]: time: IMU + Map + Input Downsample: 0.015170 ave match: 0.113551 ave solve: 0.003570  ave ICP: 0.140820  map incre: 0.018688 ave total: 0.139626 icp: 0.117310 construct H: 0.001030 
[fastlio_mapping-2] [ mapping ]: time: IMU + Map + Input Downsample: 0.016487 ave match: 0.113605 ave solve: 0.003567  ave ICP: 0.137332  map incre: 0.013908 ave total: 0.139700 icp: 0.117361 construct H: 0.001029 
[fastlio_mapping-2] [ mapping ]: time: IMU + Map + Input Downsample: 0.022826 ave match: 0.113714 ave solve: 0.003564  ave ICP: 0.158294  map incre: 0.008064 ave total: 0.139829 icp: 0.117467 construct H: 0.001029 
[fastlio_mapping-2] [ mapping ]: time: IMU + Map + Input Downsample: 0.014563 ave match: 0.113744 ave solve: 0.003561  ave ICP: 0.127703  map incre: 0.019723 ave total: 0.139887 icp: 0.117493 construct H: 0.001028 
[fastlio_mapping-2] [ mapping ]: time: IMU + Map + Input Downsample: 0.017299 ave match: 0.113826 ave solve: 0.003557  ave ICP: 0.147720  map incre: 0.030213 ave total: 0.140031 icp: 0.117570 construct H: 0.001026 
[fastlio_mapping-2] [ mapping ]: time: IMU + Map + Input Downsample: 0.017171 ave match: 0.113859 ave solve: 0.003554  ave ICP: 0.130097  map incre: 0.022179 ave total: 0.140108 icp: 0.117601 construct H: 0.001026 
[fastlio_mapping-2] [ mapping ]: time: IMU + Map + Input Downsample: 0.015571 ave match: 0.113888 ave solve: 0.003551  ave ICP: 0.127929  map incre: 0.014995 ave total: 0.140155 icp: 0.117627 construct H: 0.001025 
[fastlio_mapping-2] [ mapping ]: time: IMU + Map + Input Downsample: 0.013511 ave match: 0.113914 ave solve: 0.003548  ave ICP: 0.126909  map incre: 0.012903 ave total: 0.140189 icp: 0.117650 construct H: 0.001024 
[fastlio_mapping-2] [ mapping ]: time: IMU + Map + Input Downsample: 0.019658 ave match: 0.114069 ave solve: 0.003545  ave ICP: 0.176931  map incre: 0.011898 ave total: 0.140365 icp: 0.117802 construct H: 0.001023 
[fastlio_mapping-2] [ mapping ]: time: IMU + Map + Input Downsample: 0.013349 ave match: 0.114076 ave solve: 0.003541  ave ICP: 0.119469  map incre: 0.011368 ave total: 0.140375 icp: 0.117805 construct H: 0.001022 
[fastlio_mapping-2] [ mapping ]: time: IMU + Map + Input Downsample: 0.013528 ave match: 0.114088 ave solve: 0.003538  ave ICP: 0.121526  map incre: 0.010220 ave total: 0.140388 icp: 0.117813 construct H: 0.001021 
[fastlio_mapping-2] [ mapping ]: time: IMU + Map + Input Downsample: 0.014878 ave match: 0.114136 ave solve: 0.003535  ave ICP: 0.135567  map incre: 0.010045 ave total: 0.140439 icp: 0.117858 construct H: 0.001020 
[fastlio_mapping-2] [ mapping ]: time: IMU + Map + Input Downsample: 0.015083 ave match: 0.114188 ave solve: 0.003532  ave ICP: 0.137420  map incre: 0.011435 ave total: 0.140499 icp: 0.117907 construct H: 0.001019 
[fastlio_mapping-2] [ mapping ]: time: IMU + Map + Input Downsample: 0.013479 ave match: 0.114202 ave solve: 0.003528  ave ICP: 0.122240  map incre: 0.011094 ave total: 0.140515 icp: 0.117917 construct H: 0.001017 
[fastlio_mapping-2] [ mapping ]: time: IMU + Map + Input Downsample: 0.014857 ave match: 0.114234 ave solve: 0.003524  ave ICP: 0.129285  map incre: 0.010728 ave total: 0.140552 icp: 0.117944 construct H: 0.001016 
[fastlio_mapping-2] [ mapping ]: time: IMU + Map + Input Downsample: 0.018081 ave match: 0.114307 ave solve: 0.003521  ave ICP: 0.145996  map incre: 0.011934 ave total: 0.140641 icp: 0.118014 construct H: 0.001015 
[fastlio_mapping-2] [ mapping ]: time: IMU + Map + Input Downsample: 0.015907 ave match: 0.114342 ave solve: 0.003518  ave ICP: 0.131150  map incre: 0.012555 ave total: 0.140689 icp: 0.118047 construct H: 0.001014 
[fastlio_mapping-2] [ mapping ]: time: IMU + Map + Input Downsample: 0.014614 ave match: 0.114369 ave solve: 0.003514  ave ICP: 0.127139  map incre: 0.009712 ave total: 0.140716 icp: 0.118069 construct H: 0.001013 
[fastlio_mapping-2] [ mapping ]: time: IMU + Map + Input Downsample: 0.013608 ave match: 0.114367 ave solve: 0.003510  ave ICP: 0.116060  map incre: 0.007750 ave total: 0.140708 icp: 0.118063 construct H: 0.001012 
[fastlio_mapping-2] [ mapping ]: time: IMU + Map + Input Downsample: 0.015087 ave match: 0.114418 ave solve: 0.003507  ave ICP: 0.137881  map incre: 0.009192 ave total: 0.140762 icp: 0.118111 construct H: 0.001011 
[fastlio_mapping-2] [ mapping ]: time: IMU + Map + Input Downsample: 0.013203 ave match: 0.114444 ave solve: 0.003504  ave ICP: 0.127597  map incre: 0.007442 ave total: 0.140781 icp: 0.118133 construct H: 0.001010 
[fastlio_mapping-2] [ mapping ]: time: IMU + Map + Input Downsample: 0.013965 ave match: 0.114460 ave solve: 0.003500  ave ICP: 0.123466  map incre: 0.005943 ave total: 0.140787 icp: 0.118146 construct H: 0.001008 
[fastlio_mapping-2] [ mapping ]: time: IMU + Map + Input Downsample: 0.016235 ave match: 0.114516 ave solve: 0.003497  ave ICP: 0.139547  map incre: 0.011657 ave total: 0.140853 icp: 0.118198 construct H: 0.001007 
[fastlio_mapping-2] [ mapping ]: time: IMU + Map + Input Downsample: 0.015060 ave match: 0.114538 ave solve: 0.003493  ave ICP: 0.125993  map incre: 0.006548 ave total: 0.140870 icp: 0.118216 construct H: 0.001006 
[fastlio_mapping-2] [ mapping ]: time: IMU + Map + Input Downsample: 0.017095 ave match: 0.114569 ave solve: 0.003489  ave ICP: 0.130025  map incre: 0.020625 ave total: 0.140937 icp: 0.118243 construct H: 0.001005 
[fastlio_mapping-2] [ mapping ]: time: IMU + Map + Input Downsample: 0.015887 ave match: 0.114610 ave solve: 0.003487  ave ICP: 0.134086  map incre: 0.021877 ave total: 0.141013 icp: 0.118281 construct H: 0.001004 
[fastlio_mapping-2] [ mapping ]: time: IMU + Map + Input Downsample: 0.018092 ave match: 0.114697 ave solve: 0.003485  ave ICP: 0.153235  map incre: 0.014463 ave total: 0.141123 icp: 0.118366 construct H: 0.001003 
[fastlio_mapping-2] [ mapping ]: time: IMU + Map + Input Downsample: 0.015044 ave match: 0.114718 ave solve: 0.003481  ave ICP: 0.126021  map incre: 0.015799 ave total: 0.141162 icp: 0.118384 construct H: 0.001002 
[fastlio_mapping-2] [ mapping ]: time: IMU + Map + Input Downsample: 0.015602 ave match: 0.114752 ave solve: 0.003478  ave ICP: 0.131247  map incre: 0.011738 ave total: 0.141205 icp: 0.118414 construct H: 0.001001 
[fastlio_mapping-2] [ mapping ]: time: IMU + Map + Input Downsample: 0.014304 ave match: 0.114839 ave solve: 0.003476  ave ICP: 0.153521  map incre: 0.011488 ave total: 0.141298 icp: 0.118499 construct H: 0.001000 
[fastlio_mapping-2] [ mapping ]: time: IMU + Map + Input Downsample: 0.015889 ave match: 0.114867 ave solve: 0.003473  ave ICP: 0.129404  map incre: 0.010349 ave total: 0.141333 icp: 0.118524 construct H: 0.000999 
[fastlio_mapping-2] [ mapping ]: time: IMU + Map + Input Downsample: 0.015475 ave match: 0.114889 ave solve: 0.003469  ave ICP: 0.126249  map incre: 0.008093 ave total: 0.141353 icp: 0.118542 construct H: 0.000998 
[fastlio_mapping-2] [ mapping ]: time: IMU + Map + Input Downsample: 0.015901 ave match: 0.114914 ave solve: 0.003466  ave ICP: 0.128050  map incre: 0.026678 ave total: 0.141425 icp: 0.118564 construct H: 0.000997 
[fastlio_mapping-2] [ mapping ]: time: IMU + Map + Input Downsample: 0.007484 ave match: 0.114944 ave solve: 0.003463  ave ICP: 0.129746  map incre: 0.004852 ave total: 0.141426 icp: 0.118590 construct H: 0.000996 
[fastlio_mapping-2] [ mapping ]: time: IMU + Map + Input Downsample: 0.014662 ave match: 0.114965 ave solve: 0.003460  ave ICP: 0.126307  map incre: 0.021025 ave total: 0.141476 icp: 0.118608 construct H: 0.000994 
[fastlio_mapping-2] [ mapping ]: time: IMU + Map + Input Downsample: 0.015958 ave match: 0.115015 ave solve: 0.003457  ave ICP: 0.138805  map incre: 0.016717 ave total: 0.141548 icp: 0.118656 construct H: 0.000994 
[fastlio_mapping-2] [ mapping ]: time: IMU + Map + Input Downsample: 0.016935 ave match: 0.115038 ave solve: 0.003454  ave ICP: 0.129760  map incre: 0.020536 ave total: 0.141610 icp: 0.118675 construct H: 0.000992 
[fastlio_mapping-2] [ mapping ]: time: IMU + Map + Input Downsample: 0.015311 ave match: 0.115085 ave solve: 0.003450  ave ICP: 0.137095  map incre: 0.033017 ave total: 0.141715 icp: 0.118718 construct H: 0.000991 
[fastlio_mapping-2] [ mapping ]: time: IMU + Map + Input Downsample: 0.017482 ave match: 0.115151 ave solve: 0.003447  ave ICP: 0.145458  map incre: 0.019307 ave total: 0.141812 icp: 0.118781 construct H: 0.000990 
[fastlio_mapping-2] [ mapping ]: time: IMU + Map + Input Downsample: 0.019656 ave match: 0.115216 ave solve: 0.003444  ave ICP: 0.144938  map incre: 0.018268 ave total: 0.141910 icp: 0.118843 construct H: 0.000989 
[fastlio_mapping-2] [ mapping ]: time: IMU + Map + Input Downsample: 0.014767 ave match: 0.115276 ave solve: 0.003442  ave ICP: 0.143567  map incre: 0.013229 ave total: 0.141980 icp: 0.118901 construct H: 0.000989 
[fastlio_mapping-2] [ mapping ]: time: IMU + Map + Input Downsample: 0.015891 ave match: 0.115311 ave solve: 0.003437  ave ICP: 0.132221  map incre: 0.033076 ave total: 0.142074 icp: 0.118931 construct H: 0.000988 
[fastlio_mapping-2] [ mapping ]: time: IMU + Map + Input Downsample: 0.016546 ave match: 0.115368 ave solve: 0.003435  ave ICP: 0.142118  map incre: 0.028966 ave total: 0.142182 icp: 0.118985 construct H: 0.000987 
[fastlio_mapping-2] [ mapping ]: time: IMU + Map + Input Downsample: 0.016587 ave match: 0.115418 ave solve: 0.003433  ave ICP: 0.139639  map incre: 0.035178 ave total: 0.142298 icp: 0.119033 construct H: 0.000986 
[fastlio_mapping-2] [ mapping ]: time: IMU + Map + Input Downsample: 0.017572 ave match: 0.115469 ave solve: 0.003430  ave ICP: 0.139602  map incre: 0.037989 ave total: 0.142423 icp: 0.119081 construct H: 0.000985 
[fastlio_mapping-2] [ mapping ]: time: IMU + Map + Input Downsample: 0.017485 ave match: 0.115507 ave solve: 0.003428  ave ICP: 0.135249  map incre: 0.023840 ave total: 0.142503 icp: 0.119118 construct H: 0.000985 
[fastlio_mapping-2] [ mapping ]: time: IMU + Map + Input Downsample: 0.019035 ave match: 0.115598 ave solve: 0.003426  ave ICP: 0.157289  map incre: 0.036606 ave total: 0.142668 icp: 0.119206 construct H: 0.000984 
[fastlio_mapping-2] [ mapping ]: time: IMU + Map + Input Downsample: 0.016177 ave match: 0.115627 ave solve: 0.003424  ave ICP: 0.130657  map incre: 0.018064 ave total: 0.142720 icp: 0.119232 construct H: 0.000983 
[fastlio_mapping-2] [ mapping ]: time: IMU + Map + Input Downsample: 0.016913 ave match: 0.115664 ave solve: 0.003421  ave ICP: 0.137164  map incre: 0.022163 ave total: 0.142799 icp: 0.119267 construct H: 0.000982 
[fastlio_mapping-2] [ mapping ]: time: IMU + Map + Input Downsample: 0.015492 ave match: 0.115689 ave solve: 0.003419  ave ICP: 0.129719  map incre: 0.014441 ave total: 0.142838 icp: 0.119291 construct H: 0.000982 
[fastlio_mapping-2] [ mapping ]: time: IMU + Map + Input Downsample: 0.014409 ave match: 0.115709 ave solve: 0.003417  ave ICP: 0.127384  map incre: 0.011894 ave total: 0.142863 icp: 0.119308 construct H: 0.000981 
[fastlio_mapping-2] [ mapping ]: time: IMU + Map + Input Downsample: 0.016339 ave match: 0.115784 ave solve: 0.003416  ave ICP: 0.151447  map incre: 0.015289 ave total: 0.142956 icp: 0.119382 construct H: 0.000981 
[fastlio_mapping-2] [ mapping ]: time: IMU + Map + Input Downsample: 0.017673 ave match: 0.115850 ave solve: 0.003414  ave ICP: 0.147490  map incre: 0.030287 ave total: 0.143078 icp: 0.119446 construct H: 0.000980 
[fastlio_mapping-2] [ mapping ]: time: IMU + Map + Input Downsample: 0.016561 ave match: 0.115905 ave solve: 0.003414  ave ICP: 0.143332  map incre: 0.031837 ave total: 0.143190 icp: 0.119500 construct H: 0.000981 
[fastlio_mapping-2] [ mapping ]: time: IMU + Map + Input Downsample: 0.015050 ave match: 0.115951 ave solve: 0.003412  ave ICP: 0.139512  map incre: 0.018410 ave total: 0.143259 icp: 0.119545 construct H: 0.000980 
[fastlio_mapping-2] [ mapping ]: time: IMU + Map + Input Downsample: 0.015621 ave match: 0.116005 ave solve: 0.003411  ave ICP: 0.143137  map incre: 0.016561 ave total: 0.143333 icp: 0.119598 construct H: 0.000980 
[fastlio_mapping-2] [ mapping ]: time: IMU + Map + Input Downsample: 0.016377 ave match: 0.116055 ave solve: 0.003409  ave ICP: 0.140847  map incre: 0.026870 ave total: 0.143426 icp: 0.119646 construct H: 0.000979 
[fastlio_mapping-2] [ mapping ]: time: IMU + Map + Input Downsample: 0.016687 ave match: 0.116122 ave solve: 0.003405  ave ICP: 0.147448  map incre: 0.052490 ave total: 0.143594 icp: 0.119709 construct H: 0.000978 
[fastlio_mapping-2] [ mapping ]: time: IMU + Map + Input Downsample: 0.018125 ave match: 0.116236 ave solve: 0.003406  ave ICP: 0.170397  map incre: 0.039051 ave total: 0.143785 icp: 0.119824 construct H: 0.000978 
[fastlio_mapping-2] [ mapping ]: time: IMU + Map + Input Downsample: 0.018385 ave match: 0.116312 ave solve: 0.003404  ave ICP: 0.152659  map incre: 0.063200 ave total: 0.143991 icp: 0.119897 construct H: 0.000977 
[fastlio_mapping-2] [ mapping ]: time: IMU + Map + Input Downsample: 0.016292 ave match: 0.116362 ave solve: 0.003401  ave ICP: 0.140985  map incre: 0.066550 ave total: 0.144173 icp: 0.119944 construct H: 0.000976 
[fastlio_mapping-2] [ mapping ]: time: IMU + Map + Input Downsample: 0.019063 ave match: 0.116439 ave solve: 0.003398  ave ICP: 0.152791  map incre: 0.085124 ave total: 0.144429 icp: 0.120018 construct H: 0.000975 
[fastlio_mapping-2] [ mapping ]: time: IMU + Map + Input Downsample: 0.016252 ave match: 0.116502 ave solve: 0.003393  ave ICP: 0.145746  map incre: 0.099655 ave total: 0.144694 icp: 0.120075 construct H: 0.000974 
[fastlio_mapping-2] [ mapping ]: time: IMU + Map + Input Downsample: 0.017108 ave match: 0.116569 ave solve: 0.003392  ave ICP: 0.149602  map incre: 0.088492 ave total: 0.144943 icp: 0.120141 construct H: 0.000973 
[fastlio_mapping-2] [ mapping ]: time: IMU + Map + Input Downsample: 0.005829 ave match: 0.116617 ave solve: 0.003396  ave ICP: 0.143983  map incre: 0.029481 ave total: 0.145021 icp: 0.120194 construct H: 0.000974 
[fastlio_mapping-2] [ mapping ]: time: IMU + Map + Input Downsample: 0.018404 ave match: 0.116710 ave solve: 0.003390  ave ICP: 0.159177  map incre: 0.109813 ave total: 0.145341 icp: 0.120280 construct H: 0.000973 
[fastlio_mapping-2] [ mapping ]: time: IMU + Map + Input Downsample: 0.016259 ave match: 0.116768 ave solve: 0.003389  ave ICP: 0.146337  map incre: 0.120800 ave total: 0.145650 icp: 0.120338 construct H: 0.000972 
[fastlio_mapping-2] [ mapping ]: time: IMU + Map + Input Downsample: 0.007264 ave match: 0.116814 ave solve: 0.003392  ave ICP: 0.143061  map incre: 0.023882 ave total: 0.145714 icp: 0.120388 construct H: 0.000973 
[fastlio_mapping-2] [ mapping ]: time: IMU + Map + Input Downsample: 0.008244 ave match: 0.116884 ave solve: 0.003388  ave ICP: 0.149874  map incre: 0.089395 ave total: 0.145941 icp: 0.120453 construct H: 0.000972 
[fastlio_mapping-2] [ mapping ]: time: IMU + Map + Input Downsample: 0.018275 ave match: 0.116893 ave solve: 0.003382  ave ICP: 0.122805  map incre: 0.075950 ave total: 0.146100 icp: 0.120456 construct H: 0.000970 
[fastlio_mapping-2] [ mapping ]: time: IMU + Map + Input Downsample: 0.014547 ave match: 0.116914 ave solve: 0.003386  ave ICP: 0.131643  map incre: 0.098890 ave total: 0.146320 icp: 0.120480 construct H: 0.000977 
[fastlio_mapping-2] [ mapping ]: time: IMU + Map + Input Downsample: 0.017018 ave match: 0.116947 ave solve: 0.003380  ave ICP: 0.132906  map incre: 0.111963 ave total: 0.146576 icp: 0.120507 construct H: 0.000975 
[fastlio_mapping-2] [ mapping ]: time: IMU + Map + Input Downsample: 0.015333 ave match: 0.116981 ave solve: 0.003374  ave ICP: 0.133453  map incre: 0.131658 ave total: 0.146872 icp: 0.120535 construct H: 0.000973 
[fastlio_mapping-2] [ mapping ]: time: IMU + Map + Input Downsample: 0.015221 ave match: 0.117007 ave solve: 0.003369  ave ICP: 0.130268  map incre: 0.080109 ave total: 0.147046 icp: 0.120555 construct H: 0.000972 
[fastlio_mapping-2] [ mapping ]: time: IMU + Map + Input Downsample: 0.007909 ave match: 0.117007 ave solve: 0.003372  ave ICP: 0.123573  map incre: 0.028536 ave total: 0.147074 icp: 0.120561 construct H: 0.000973 
[fastlio_mapping-2] No Effective Points!
[fastlio_mapping-2] No Effective Points!
[fastlio_mapping-2] No Effective Points!
[fastlio_mapping-2] No Effective Points!
[fastlio_mapping-2] [ mapping ]: time: IMU + Map + Input Downsample: 0.015990 ave match: 0.116750 ave solve: 0.003365  ave ICP: 0.235895  map incre: 0.090530 ave total: 0.147504 icp: 0.120814 construct H: 0.000971 
[fastlio_mapping-2] [ mapping ]: time: IMU + Map + Input Downsample: 0.013830 ave match: 0.116796 ave solve: 0.003359  ave ICP: 0.138743  map incre: 0.081951 ave total: 0.147695 icp: 0.120852 construct H: 0.000969 
[fastlio_mapping-2] [ mapping ]: time: IMU + Map + Input Downsample: 0.005446 ave match: 0.116757 ave solve: 0.003362  ave ICP: 0.104185  map incre: 0.025553 ave total: 0.147667 icp: 0.120815 construct H: 0.000970 
[fastlio_mapping-2] No Effective Points!
[fastlio_mapping-2] No Effective Points!
[fastlio_mapping-2] No Effective Points!
[fastlio_mapping-2] No Effective Points!
[fastlio_mapping-2] [ mapping ]: time: IMU + Map + Input Downsample: 0.013990 ave match: 0.116502 ave solve: 0.003354  ave ICP: 0.259258  map incre: 0.104724 ave total: 0.148170 icp: 0.121116 construct H: 0.000968 
[fastlio_mapping-2] No Effective Points!
[fastlio_mapping-2] No Effective Points!
[fastlio_mapping-2] No Effective Points!
[fastlio_mapping-2] No Effective Points!
[fastlio_mapping-2] [ mapping ]: time: IMU + Map + Input Downsample: 0.016361 ave match: 0.116248 ave solve: 0.003347  ave ICP: 0.260628  map incre: 0.087185 ave total: 0.148641 icp: 0.121420 construct H: 0.000966 
[fastlio_mapping-2] [ mapping ]: time: IMU + Map + Input Downsample: 0.016813 ave match: 0.116289 ave solve: 0.003341  ave ICP: 0.136152  map incre: 0.098715 ave total: 0.148865 icp: 0.121451 construct H: 0.000964 
