=== FAST-LIO2 official run start: 2026-10-04T15:32:05+08:00 ===
config: /home/nvidia/drone/stage1_m2dgr_experiments/configs/fastlio_parking2.yaml
bag: /home/nvidia/drone/stage1_m2dgr_experiments/bags/Parking_02/parking2_ros2
archived failed start logs: /home/nvidia/drone/stage1_m2dgr_experiments/results/Parking_02/fastlio_default/failed_start_no_time_20261004_153205
[INFO] [launch]: All log files can be found below /home/nvidia/.ros/log/2026-10-04-15-32-06-038237-nvidia-desktop-10391
[INFO] [launch]: Default logging verbosity is set to INFO
[INFO] [imu_si_publisher-1]: process started with pid [10393]
[INFO] [fastlio_mapping-2]: process started with pid [10395]
[imu_si_publisher-1] [INFO] [1791099126.193809198] [imu_si_publisher]: IMU SI bridge started: /livox/imu -> /livox/imu_si, acc_scale=9.80665
[fastlio_mapping-2] [INFO] [1791099126.326009648] [laser_mapping]: p_pre->lidar_type 0
[fastlio_mapping-2] Multi thread started 
[fastlio_mapping-2] ~~~~/home/nvidia/ros2_ws/src/fast_lio2/ file opened
[fastlio_mapping-2] [INFO] [1791099126.340296902] [laser_mapping]: Node init finished.
=== ros2 node list before playback ===
/imu_si_publisher
/laser_mapping
=== playback start: 2026-10-04T15:32:14+08:00 ===
stdin is not a terminal device. Keyboard handling disabled.[INFO] [1791099135.109802846] [rosbag2_storage]: Opened database '/home/nvidia/drone/stage1_m2dgr_experiments/bags/Parking_02/parking2_ros2/parking2_ros2.db3' for READ_ONLY.
[INFO] [1791099135.109956510] [rosbag2_player]: Set rate to 1
[INFO] [1791099135.118299886] [rosbag2_player]: Adding keyboard callbacks.
[INFO] [1791099135.118420391] [rosbag2_player]: Press SPACE for Pause/Resume
[INFO] [1791099135.118448909] [rosbag2_player]: Press CURSOR_RIGHT for Play Next Message
[INFO] [1791099135.118470098] [rosbag2_player]: Press CURSOR_UP for Increase Rate 10%
[INFO] [1791099135.118487957] [rosbag2_player]: Press CURSOR_DOWN for Decrease Rate 10%
[INFO] [1791099135.119420472] [rosbag2_storage]: Opened database '/home/nvidia/drone/stage1_m2dgr_experiments/bags/Parking_02/parking2_ros2/parking2_ros2.db3' for READ_ONLY.
[fastlio_mapping-2] IMU Initial Done
[fastlio_mapping-2] [WARN] [1791099136.387386748] [laser_mapping]: No point, skip this scan!
[fastlio_mapping-2] 
[fastlio_mapping-2] [INFO] [1791099136.611312358] [laser_mapping]: Initialize the map kdtree
[fastlio_mapping-2] [ mapping ]: time: IMU + Map + Input Downsample: 0.027214 ave match: 0.068609 ave solve: 0.002837  ave ICP: 0.072362  map incre: 0.009766 ave total: 0.109342 icp: 0.071578 construct H: 0.000824 
[fastlio_mapping-2] [ mapping ]: time: IMU + Map + Input Downsample: 0.023489 ave match: 0.071863 ave solve: 0.003433  ave ICP: 0.079622  map incre: 0.010980 ave total: 0.111716 icp: 0.075452 construct H: 0.000936 
[fastlio_mapping-2] [ mapping ]: time: IMU + Map + Input Downsample: 0.023436 ave match: 0.070938 ave solve: 0.003542  ave ICP: 0.073357  map incre: 0.007121 ave total: 0.109115 icp: 0.074642 construct H: 0.000994 
[fastlio_mapping-2] [ mapping ]: time: IMU + Map + Input Downsample: 0.024347 ave match: 0.070700 ave solve: 0.003624  ave ICP: 0.074517  map incre: 0.005512 ave total: 0.107931 icp: 0.074495 construct H: 0.001023 
[fastlio_mapping-2] [ mapping ]: time: IMU + Map + Input Downsample: 0.025259 ave match: 0.069676 ave solve: 0.003443  ave ICP: 0.068713  map incre: 0.005442 ave total: 0.106227 icp: 0.073283 construct H: 0.000978 
[fastlio_mapping-2] [ mapping ]: time: IMU + Map + Input Downsample: 0.022108 ave match: 0.068513 ave solve: 0.003323  ave ICP: 0.065851  map incre: 0.004376 ave total: 0.103912 icp: 0.071994 construct H: 0.000948 
[fastlio_mapping-2] [ mapping ]: time: IMU + Map + Input Downsample: 0.022713 ave match: 0.069033 ave solve: 0.003379  ave ICP: 0.076379  map incre: 0.003819 ave total: 0.103769 icp: 0.072574 construct H: 0.000966 
[fastlio_mapping-2] [ mapping ]: time: IMU + Map + Input Downsample: 0.026549 ave match: 0.069623 ave solve: 0.003461  ave ICP: 0.078302  map incre: 0.004419 ave total: 0.104456 icp: 0.073250 construct H: 0.000988 
[fastlio_mapping-2] [ mapping ]: time: IMU + Map + Input Downsample: 0.026496 ave match: 0.069679 ave solve: 0.003470  ave ICP: 0.074155  map incre: 0.004045 ave total: 0.104483 icp: 0.073316 construct H: 0.000993 
[fastlio_mapping-2] [ mapping ]: time: IMU + Map + Input Downsample: 0.019984 ave match: 0.068366 ave solve: 0.003391  ave ICP: 0.059618  map incre: 0.003289 ave total: 0.102324 icp: 0.071920 construct H: 0.000969 
[fastlio_mapping-2] [ mapping ]: time: IMU + Map + Input Downsample: 0.024101 ave match: 0.068653 ave solve: 0.003527  ave ICP: 0.076893  map incre: 0.003404 ave total: 0.102512 icp: 0.072345 construct H: 0.001014 
[fastlio_mapping-2] [ mapping ]: time: IMU + Map + Input Downsample: 0.021609 ave match: 0.068896 ave solve: 0.003530  ave ICP: 0.075574  map incre: 0.003227 ave total: 0.102337 icp: 0.072592 construct H: 0.001017 
[fastlio_mapping-2] [ mapping ]: time: IMU + Map + Input Downsample: 0.022367 ave match: 0.068933 ave solve: 0.003548  ave ICP: 0.073653  map incre: 0.003148 ave total: 0.102093 icp: 0.072647 construct H: 0.001022 
[fastlio_mapping-2] [ mapping ]: time: IMU + Map + Input Downsample: 0.023874 ave match: 0.069388 ave solve: 0.003543  ave ICP: 0.079297  map incre: 0.002578 ave total: 0.102355 icp: 0.073097 construct H: 0.001022 
[fastlio_mapping-2] [ mapping ]: time: IMU + Map + Input Downsample: 0.020981 ave match: 0.069342 ave solve: 0.003546  ave ICP: 0.072842  map incre: 0.002577 ave total: 0.101958 icp: 0.073055 construct H: 0.001025 
[fastlio_mapping-2] [ mapping ]: time: IMU + Map + Input Downsample: 0.024303 ave match: 0.069055 ave solve: 0.003503  ave ICP: 0.068075  map incre: 0.002482 ave total: 0.101514 icp: 0.072724 construct H: 0.001013 
[fastlio_mapping-2] [ mapping ]: time: IMU + Map + Input Downsample: 0.021180 ave match: 0.069320 ave solve: 0.003514  ave ICP: 0.077778  map incre: 0.002713 ave total: 0.101523 icp: 0.073001 construct H: 0.001017 
[fastlio_mapping-2] [ mapping ]: time: IMU + Map + Input Downsample: 0.021944 ave match: 0.069306 ave solve: 0.003517  ave ICP: 0.073076  map incre: 0.002516 ave total: 0.101302 icp: 0.072990 construct H: 0.001019 
[fastlio_mapping-2] [ mapping ]: time: IMU + Map + Input Downsample: 0.026572 ave match: 0.069133 ave solve: 0.003482  ave ICP: 0.069296  map incre: 0.002823 ave total: 0.101164 icp: 0.072781 construct H: 0.001010 
[fastlio_mapping-2] [ mapping ]: time: IMU + Map + Input Downsample: 0.022590 ave match: 0.068983 ave solve: 0.003450  ave ICP: 0.069416  map incre: 0.002668 ave total: 0.100840 icp: 0.072597 construct H: 0.001002 
[fastlio_mapping-2] [ mapping ]: time: IMU + Map + Input Downsample: 0.020127 ave match: 0.069066 ave solve: 0.003465  ave ICP: 0.074961  map incre: 0.002599 ave total: 0.100690 icp: 0.072696 construct H: 0.001006 
[fastlio_mapping-2] [ mapping ]: time: IMU + Map + Input Downsample: 0.023209 ave match: 0.069156 ave solve: 0.003476  ave ICP: 0.075281  map incre: 0.002067 ave total: 0.100684 icp: 0.072797 construct H: 0.001010 
[fastlio_mapping-2] [ mapping ]: time: IMU + Map + Input Downsample: 0.024031 ave match: 0.068984 ave solve: 0.003446  ave ICP: 0.068483  map incre: 0.002006 ave total: 0.100416 icp: 0.072594 construct H: 0.001001 
[fastlio_mapping-2] [ mapping ]: time: IMU + Map + Input Downsample: 0.020310 ave match: 0.068959 ave solve: 0.003424  ave ICP: 0.071700  map incre: 0.002062 ave total: 0.100151 icp: 0.072546 construct H: 0.000995 
[fastlio_mapping-2] [ mapping ]: time: IMU + Map + Input Downsample: 0.026938 ave match: 0.069211 ave solve: 0.003447  ave ICP: 0.079981  map incre: 0.002615 ave total: 0.100527 icp: 0.072822 construct H: 0.001010 
[fastlio_mapping-2] [ mapping ]: time: IMU + Map + Input Downsample: 0.021758 ave match: 0.069311 ave solve: 0.003426  ave ICP: 0.075178  map incre: 0.002263 ave total: 0.100475 icp: 0.072900 construct H: 0.001004 
[fastlio_mapping-2] [ mapping ]: time: IMU + Map + Input Downsample: 0.021967 ave match: 0.069058 ave solve: 0.003398  ave ICP: 0.065551  map incre: 0.001876 ave total: 0.100065 icp: 0.072618 construct H: 0.000996 
[fastlio_mapping-2] [ mapping ]: time: IMU + Map + Input Downsample: 0.022271 ave match: 0.069142 ave solve: 0.003391  ave ICP: 0.075056  map incre: 0.001836 ave total: 0.100033 icp: 0.072693 construct H: 0.000997 
[fastlio_mapping-2] [ mapping ]: time: IMU + Map + Input Downsample: 0.021017 ave match: 0.068978 ave solve: 0.003370  ave ICP: 0.067651  map incre: 0.001886 ave total: 0.099706 icp: 0.072508 construct H: 0.000990 
[fastlio_mapping-2] [ mapping ]: time: IMU + Map + Input Downsample: 0.023390 ave match: 0.069027 ave solve: 0.003378  ave ICP: 0.074624  map incre: 0.001747 ave total: 0.099708 icp: 0.072565 construct H: 0.000993 
[fastlio_mapping-2] [ mapping ]: time: IMU + Map + Input Downsample: 0.021627 ave match: 0.069087 ave solve: 0.003394  ave ICP: 0.075244  map incre: 0.001808 ave total: 0.099675 icp: 0.072642 construct H: 0.000997 
[fastlio_mapping-2] [ mapping ]: time: IMU + Map + Input Downsample: 0.022263 ave match: 0.068999 ave solve: 0.003376  ave ICP: 0.069602  map incre: 0.001817 ave total: 0.099487 icp: 0.072537 construct H: 0.000991 
[fastlio_mapping-2] [ mapping ]: time: IMU + Map + Input Downsample: 0.021978 ave match: 0.069035 ave solve: 0.003386  ave ICP: 0.074367  map incre: 0.001632 ave total: 0.099442 icp: 0.072582 construct H: 0.000995 
[fastlio_mapping-2] [ mapping ]: time: IMU + Map + Input Downsample: 0.019247 ave match: 0.068798 ave solve: 0.003366  ave ICP: 0.064123  map incre: 0.001754 ave total: 0.099020 icp: 0.072326 construct H: 0.000989 
[fastlio_mapping-2] [ mapping ]: time: IMU + Map + Input Downsample: 0.025227 ave match: 0.068895 ave solve: 0.003349  ave ICP: 0.075408  map incre: 0.002076 ave total: 0.099126 icp: 0.072404 construct H: 0.000984 
[fastlio_mapping-2] [ mapping ]: time: IMU + Map + Input Downsample: 0.022912 ave match: 0.068902 ave solve: 0.003358  ave ICP: 0.073266  map incre: 0.001972 ave total: 0.099099 icp: 0.072421 construct H: 0.000986 
[fastlio_mapping-2] [ mapping ]: time: IMU + Map + Input Downsample: 0.020666 ave match: 0.068945 ave solve: 0.003367  ave ICP: 0.074631  map incre: 0.001580 ave total: 0.099039 icp: 0.072473 construct H: 0.000988 
[fastlio_mapping-2] [ mapping ]: time: IMU + Map + Input Downsample: 0.022781 ave match: 0.068799 ave solve: 0.003352  ave ICP: 0.066650  map incre: 0.001844 ave total: 0.098835 icp: 0.072311 construct H: 0.000984 
[fastlio_mapping-2] [ mapping ]: time: IMU + Map + Input Downsample: 0.027912 ave match: 0.069138 ave solve: 0.003365  ave ICP: 0.089184  map incre: 0.001789 ave total: 0.099349 icp: 0.072665 construct H: 0.000989 
[fastlio_mapping-2] [ mapping ]: time: IMU + Map + Input Downsample: 0.027090 ave match: 0.069160 ave solve: 0.003352  ave ICP: 0.073319  map incre: 0.001560 ave total: 0.099414 icp: 0.072673 construct H: 0.000984 
[fastlio_mapping-2] [ mapping ]: time: IMU + Map + Input Downsample: 0.020320 ave match: 0.069187 ave solve: 0.003360  ave ICP: 0.074449  map incre: 0.001668 ave total: 0.099342 icp: 0.072709 construct H: 0.000986 
[fastlio_mapping-2] [ mapping ]: time: IMU + Map + Input Downsample: 0.024039 ave match: 0.069193 ave solve: 0.003367  ave ICP: 0.073565  map incre: 0.001787 ave total: 0.099343 icp: 0.072722 construct H: 0.000988 
[fastlio_mapping-2] [ mapping ]: time: IMU + Map + Input Downsample: 0.023127 ave match: 0.069152 ave solve: 0.003352  ave ICP: 0.070566  map incre: 0.001858 ave total: 0.099255 icp: 0.072665 construct H: 0.000984 
[fastlio_mapping-2] [ mapping ]: time: IMU + Map + Input Downsample: 0.021918 ave match: 0.069234 ave solve: 0.003359  ave ICP: 0.076976  map incre: 0.001940 ave total: 0.099290 icp: 0.072755 construct H: 0.000986 
[fastlio_mapping-2] [ mapping ]: time: IMU + Map + Input Downsample: 0.021903 ave match: 0.069083 ave solve: 0.003344  ave ICP: 0.065524  map incre: 0.001680 ave total: 0.099064 icp: 0.072587 construct H: 0.000981 
[fastlio_mapping-2] [ mapping ]: time: IMU + Map + Input Downsample: 0.023912 ave match: 0.069141 ave solve: 0.003350  ave ICP: 0.075894  map incre: 0.001621 ave total: 0.099115 icp: 0.072652 construct H: 0.000984 
[fastlio_mapping-2] [ mapping ]: time: IMU + Map + Input Downsample: 0.022986 ave match: 0.069086 ave solve: 0.003338  ave ICP: 0.069801  map incre: 0.001479 ave total: 0.099012 icp: 0.072585 construct H: 0.000980 
[fastlio_mapping-2] [ mapping ]: time: IMU + Map + Input Downsample: 0.022681 ave match: 0.068999 ave solve: 0.003325  ave ICP: 0.068031  map incre: 0.001617 ave total: 0.098873 icp: 0.072485 construct H: 0.000976 
[fastlio_mapping-2] [ mapping ]: time: IMU + Map + Input Downsample: 0.026175 ave match: 0.069148 ave solve: 0.003346  ave ICP: 0.081441  map incre: 0.001532 ave total: 0.099083 icp: 0.072656 construct H: 0.000978 
[fastlio_mapping-2] [ mapping ]: time: IMU + Map + Input Downsample: 0.023488 ave match: 0.069108 ave solve: 0.003335  ave ICP: 0.070398  map incre: 0.001472 ave total: 0.099008 icp: 0.072604 construct H: 0.000975 
[fastlio_mapping-2] [ mapping ]: time: IMU + Map + Input Downsample: 0.023290 ave match: 0.069302 ave solve: 0.003345  ave ICP: 0.083356  map incre: 0.001725 ave total: 0.099192 icp: 0.072809 construct H: 0.000980 
[fastlio_mapping-2] [ mapping ]: time: IMU + Map + Input Downsample: 0.020185 ave match: 0.069291 ave solve: 0.003349  ave ICP: 0.072765  map incre: 0.001405 ave total: 0.099099 icp: 0.072802 construct H: 0.000982 
[fastlio_mapping-2] [ mapping ]: time: IMU + Map + Input Downsample: 0.022745 ave match: 0.069271 ave solve: 0.003353  ave ICP: 0.072220  map incre: 0.001639 ave total: 0.099052 icp: 0.072786 construct H: 0.000983 
[fastlio_mapping-2] [ mapping ]: time: IMU + Map + Input Downsample: 0.022663 ave match: 0.069337 ave solve: 0.003358  ave ICP: 0.076923  map incre: 0.001591 ave total: 0.099091 icp: 0.072856 construct H: 0.000984 
[fastlio_mapping-2] [ mapping ]: time: IMU + Map + Input Downsample: 0.025545 ave match: 0.069248 ave solve: 0.003347  ave ICP: 0.067664  map incre: 0.001572 ave total: 0.099013 icp: 0.072757 construct H: 0.000981 
[fastlio_mapping-2] [ mapping ]: time: IMU + Map + Input Downsample: 0.023859 ave match: 0.069356 ave solve: 0.003356  ave ICP: 0.079625  map incre: 0.001667 ave total: 0.099122 icp: 0.072874 construct H: 0.000982 
[fastlio_mapping-2] [ mapping ]: time: IMU + Map + Input Downsample: 0.019837 ave match: 0.069334 ave solve: 0.003347  ave ICP: 0.071432  map incre: 0.001636 ave total: 0.099013 icp: 0.072843 construct H: 0.000980 
[fastlio_mapping-2] [ mapping ]: time: IMU + Map + Input Downsample: 0.021026 ave match: 0.069344 ave solve: 0.003339  ave ICP: 0.073267  map incre: 0.002126 ave total: 0.098969 icp: 0.072845 construct H: 0.000977 
[fastlio_mapping-2] [ mapping ]: time: IMU + Map + Input Downsample: 0.021007 ave match: 0.069403 ave solve: 0.003346  ave ICP: 0.077001  map incre: 0.001671 ave total: 0.098981 icp: 0.072910 construct H: 0.000979 
[fastlio_mapping-2] [ mapping ]: time: IMU + Map + Input Downsample: 0.022970 ave match: 0.069390 ave solve: 0.003350  ave ICP: 0.072667  map incre: 0.001734 ave total: 0.098954 icp: 0.072902 construct H: 0.000981 
[fastlio_mapping-2] [ mapping ]: time: IMU + Map + Input Downsample: 0.026620 ave match: 0.069501 ave solve: 0.003347  ave ICP: 0.079898  map incre: 0.001702 ave total: 0.099106 icp: 0.073010 construct H: 0.000982 
[fastlio_mapping-2] [ mapping ]: time: IMU + Map + Input Downsample: 0.021748 ave match: 0.069459 ave solve: 0.003338  ave ICP: 0.070181  map incre: 0.001627 ave total: 0.099016 icp: 0.072959 construct H: 0.000980 
[fastlio_mapping-2] [ mapping ]: time: IMU + Map + Input Downsample: 0.022816 ave match: 0.069386 ave solve: 0.003329  ave ICP: 0.068011  map incre: 0.001713 ave total: 0.098913 icp: 0.072875 construct H: 0.000977 
[fastlio_mapping-2] [ mapping ]: time: IMU + Map + Input Downsample: 0.019696 ave match: 0.069287 ave solve: 0.003317  ave ICP: 0.066106  map incre: 0.001758 ave total: 0.098736 icp: 0.072765 construct H: 0.000974 
[fastlio_mapping-2] [ mapping ]: time: IMU + Map + Input Downsample: 0.017507 ave match: 0.069263 ave solve: 0.003321  ave ICP: 0.071797  map incre: 0.001600 ave total: 0.098615 icp: 0.072745 construct H: 0.000975 
[fastlio_mapping-2] [ mapping ]: time: IMU + Map + Input Downsample: 0.024183 ave match: 0.069219 ave solve: 0.003324  ave ICP: 0.070285  map incre: 0.001521 ave total: 0.098576 icp: 0.072703 construct H: 0.000975 
[fastlio_mapping-2] [ mapping ]: time: IMU + Map + Input Downsample: 0.019583 ave match: 0.069208 ave solve: 0.003327  ave ICP: 0.072467  map incre: 0.001647 ave total: 0.098503 icp: 0.072695 construct H: 0.000976 
[fastlio_mapping-2] [ mapping ]: time: IMU + Map + Input Downsample: 0.023428 ave match: 0.069235 ave solve: 0.003330  ave ICP: 0.075176  map incre: 0.001800 ave total: 0.098531 icp: 0.072727 construct H: 0.000978 
[fastlio_mapping-2] [ mapping ]: time: IMU + Map + Input Downsample: 0.027203 ave match: 0.069129 ave solve: 0.003322  ave ICP: 0.065136  map incre: 0.001537 ave total: 0.098463 icp: 0.072611 construct H: 0.000975 
[fastlio_mapping-2] [ mapping ]: time: IMU + Map + Input Downsample: 0.022052 ave match: 0.069021 ave solve: 0.003311  ave ICP: 0.064573  map incre: 0.002421 ave total: 0.098329 icp: 0.072492 construct H: 0.000972 
[fastlio_mapping-2] [ mapping ]: time: IMU + Map + Input Downsample: 0.023281 ave match: 0.069031 ave solve: 0.003315  ave ICP: 0.073869  map incre: 0.001480 ave total: 0.098333 icp: 0.072507 construct H: 0.000973 
[fastlio_mapping-2] [ mapping ]: time: IMU + Map + Input Downsample: 0.027528 ave match: 0.069060 ave solve: 0.003309  ave ICP: 0.074434  map incre: 0.002058 ave total: 0.098412 icp: 0.072529 construct H: 0.000971 
[fastlio_mapping-2] [ mapping ]: time: IMU + Map + Input Downsample: 0.022824 ave match: 0.069076 ave solve: 0.003312  ave ICP: 0.074360  map incre: 0.002080 ave total: 0.098424 icp: 0.072549 construct H: 0.000972 
[fastlio_mapping-2] [ mapping ]: time: IMU + Map + Input Downsample: 0.015226 ave match: 0.068946 ave solve: 0.003302  ave ICP: 0.062494  map incre: 0.001597 ave total: 0.098166 icp: 0.072408 construct H: 0.000970 
[fastlio_mapping-2] [ mapping ]: time: IMU + Map + Input Downsample: 0.023952 ave match: 0.068950 ave solve: 0.003300  ave ICP: 0.072876  map incre: 0.002525 ave total: 0.098181 icp: 0.072410 construct H: 0.000969 
[fastlio_mapping-2] [ mapping ]: time: IMU + Map + Input Downsample: 0.024578 ave match: 0.068826 ave solve: 0.003289  ave ICP: 0.062501  map incre: 0.001512 ave total: 0.098055 icp: 0.072276 construct H: 0.000966 
[fastlio_mapping-2] [ mapping ]: time: IMU + Map + Input Downsample: 0.018927 ave match: 0.068684 ave solve: 0.003282  ave ICP: 0.061058  map incre: 0.001761 ave total: 0.097843 icp: 0.072126 construct H: 0.000963 
[fastlio_mapping-2] [ mapping ]: time: IMU + Map + Input Downsample: 0.020174 ave match: 0.068671 ave solve: 0.003286  ave ICP: 0.071741  map incre: 0.001858 ave total: 0.097791 icp: 0.072117 construct H: 0.000964 
[fastlio_mapping-2] [ mapping ]: time: IMU + Map + Input Downsample: 0.017691 ave match: 0.068641 ave solve: 0.003288  ave ICP: 0.070219  map incre: 0.002069 ave total: 0.097692 icp: 0.072089 construct H: 0.000965 
[fastlio_mapping-2] [ mapping ]: time: IMU + Map + Input Downsample: 0.023121 ave match: 0.068612 ave solve: 0.003291  ave ICP: 0.070330  map incre: 0.003292 ave total: 0.097680 icp: 0.072063 construct H: 0.000966 
[fastlio_mapping-2] [ mapping ]: time: IMU + Map + Input Downsample: 0.020252 ave match: 0.068618 ave solve: 0.003291  ave ICP: 0.072915  map incre: 0.001635 ave total: 0.097645 icp: 0.072070 construct H: 0.000966 
[fastlio_mapping-2] [ mapping ]: time: IMU + Map + Input Downsample: 0.019547 ave match: 0.068638 ave solve: 0.003293  ave ICP: 0.074094  map incre: 0.001712 ave total: 0.097617 icp: 0.072091 construct H: 0.000966 
[fastlio_mapping-2] [ mapping ]: time: IMU + Map + Input Downsample: 0.021911 ave match: 0.068620 ave solve: 0.003298  ave ICP: 0.071400  map incre: 0.001537 ave total: 0.097584 icp: 0.072079 construct H: 0.000967 
[fastlio_mapping-2] [ mapping ]: time: IMU + Map + Input Downsample: 0.020437 ave match: 0.068574 ave solve: 0.003300  ave ICP: 0.068663  map incre: 0.004582 ave total: 0.097537 icp: 0.072035 construct H: 0.000968 
[fastlio_mapping-2] [ mapping ]: time: IMU + Map + Input Downsample: 0.018353 ave match: 0.068539 ave solve: 0.003303  ave ICP: 0.069687  map incre: 0.007738 ave total: 0.097516 icp: 0.072003 construct H: 0.000969 
[fastlio_mapping-2] [ mapping ]: time: IMU + Map + Input Downsample: 0.019505 ave match: 0.068474 ave solve: 0.003307  ave ICP: 0.067032  map incre: 0.008025 ave total: 0.097482 icp: 0.071942 construct H: 0.000970 
[fastlio_mapping-2] [ mapping ]: time: IMU + Map + Input Downsample: 0.018535 ave match: 0.068448 ave solve: 0.003310  ave ICP: 0.070385  map incre: 0.007361 ave total: 0.097468 icp: 0.071920 construct H: 0.000971 
[fastlio_mapping-2] [ mapping ]: time: IMU + Map + Input Downsample: 0.018719 ave match: 0.068391 ave solve: 0.003315  ave ICP: 0.067664  map incre: 0.007799 ave total: 0.097431 icp: 0.071867 construct H: 0.000972 
[fastlio_mapping-2] [ mapping ]: time: IMU + Map + Input Downsample: 0.021008 ave match: 0.068470 ave solve: 0.003322  ave ICP: 0.079826  map incre: 0.006435 ave total: 0.097541 icp: 0.071953 construct H: 0.000973 
[fastlio_mapping-2] [ mapping ]: time: IMU + Map + Input Downsample: 0.019205 ave match: 0.068450 ave solve: 0.003325  ave ICP: 0.070754  map incre: 0.006127 ave total: 0.097525 icp: 0.071936 construct H: 0.000974 
[fastlio_mapping-2] [ mapping ]: time: IMU + Map + Input Downsample: 0.020423 ave match: 0.068455 ave solve: 0.003329  ave ICP: 0.073124  map incre: 0.006757 ave total: 0.097556 icp: 0.071945 construct H: 0.000975 
[fastlio_mapping-2] [ mapping ]: time: IMU + Map + Input Downsample: 0.017829 ave match: 0.068416 ave solve: 0.003332  ave ICP: 0.068991  map incre: 0.008356 ave total: 0.097530 icp: 0.071910 construct H: 0.000975 
[fastlio_mapping-2] [ mapping ]: time: IMU + Map + Input Downsample: 0.020081 ave match: 0.068466 ave solve: 0.003343  ave ICP: 0.078553  map incre: 0.008013 ave total: 0.097628 icp: 0.071972 construct H: 0.000977 
[fastlio_mapping-2] [ mapping ]: time: IMU + Map + Input Downsample: 0.020229 ave match: 0.068501 ave solve: 0.003347  ave ICP: 0.076114  map incre: 0.007244 ave total: 0.097691 icp: 0.072013 construct H: 0.000978 
[fastlio_mapping-2] [ mapping ]: time: IMU + Map + Input Downsample: 0.021387 ave match: 0.068619 ave solve: 0.003351  ave ICP: 0.083829  map incre: 0.005218 ave total: 0.097825 icp: 0.072134 construct H: 0.000979 
[fastlio_mapping-2] [ mapping ]: time: IMU + Map + Input Downsample: 0.027258 ave match: 0.068684 ave solve: 0.003355  ave ICP: 0.079156  map incre: 0.005430 ave total: 0.097972 icp: 0.072203 construct H: 0.000980 
[fastlio_mapping-2] [ mapping ]: time: IMU + Map + Input Downsample: 0.021663 ave match: 0.068727 ave solve: 0.003359  ave ICP: 0.077099  map incre: 0.006023 ave total: 0.098042 icp: 0.072250 construct H: 0.000981 
[fastlio_mapping-2] [ mapping ]: time: IMU + Map + Input Downsample: 0.019116 ave match: 0.068743 ave solve: 0.003362  ave ICP: 0.074371  map incre: 0.005454 ave total: 0.098051 icp: 0.072269 construct H: 0.000982 
[fastlio_mapping-2] [ mapping ]: time: IMU + Map + Input Downsample: 0.022927 ave match: 0.068792 ave solve: 0.003366  ave ICP: 0.077793  map incre: 0.005998 ave total: 0.098138 icp: 0.072322 construct H: 0.000984 
[fastlio_mapping-2] [ mapping ]: time: IMU + Map + Input Downsample: 0.026769 ave match: 0.068919 ave solve: 0.003372  ave ICP: 0.085977  map incre: 0.005926 ave total: 0.098344 icp: 0.072456 construct H: 0.000986 
[fastlio_mapping-2] [ mapping ]: time: IMU + Map + Input Downsample: 0.026269 ave match: 0.068973 ave solve: 0.003376  ave ICP: 0.078661  map incre: 0.005362 ave total: 0.098462 icp: 0.072514 construct H: 0.000987 
[fastlio_mapping-2] [ mapping ]: time: IMU + Map + Input Downsample: 0.021893 ave match: 0.068991 ave solve: 0.003379  ave ICP: 0.075028  map incre: 0.008001 ave total: 0.098525 icp: 0.072535 construct H: 0.000988 
[fastlio_mapping-2] [ mapping ]: time: IMU + Map + Input Downsample: 0.022314 ave match: 0.069026 ave solve: 0.003382  ave ICP: 0.076818  map incre: 0.006610 ave total: 0.098596 icp: 0.072574 construct H: 0.000989 
[fastlio_mapping-2] [ mapping ]: time: IMU + Map + Input Downsample: 0.023734 ave match: 0.069079 ave solve: 0.003385  ave ICP: 0.078617  map incre: 0.006691 ave total: 0.098696 icp: 0.072629 construct H: 0.000990 
[fastlio_mapping-2] [ mapping ]: time: IMU + Map + Input Downsample: 0.026180 ave match: 0.069220 ave solve: 0.003388  ave ICP: 0.088502  map incre: 0.009744 ave total: 0.098941 icp: 0.072773 construct H: 0.000991 
[fastlio_mapping-2] [ mapping ]: time: IMU + Map + Input Downsample: 0.023909 ave match: 0.069360 ave solve: 0.003392  ave ICP: 0.088402  map incre: 0.009763 ave total: 0.099159 icp: 0.072918 construct H: 0.000992 
[fastlio_mapping-2] [ mapping ]: time: IMU + Map + Input Downsample: 0.017703 ave match: 0.069406 ave solve: 0.003395  ave ICP: 0.078556  map incre: 0.005925 ave total: 0.099188 icp: 0.072967 construct H: 0.000992 
[fastlio_mapping-2] [ mapping ]: time: IMU + Map + Input Downsample: 0.020616 ave match: 0.069441 ave solve: 0.003397  ave ICP: 0.077133  map incre: 0.006498 ave total: 0.099234 icp: 0.073003 construct H: 0.000993 
[fastlio_mapping-2] [ mapping ]: time: IMU + Map + Input Downsample: 0.024303 ave match: 0.069498 ave solve: 0.003399  ave ICP: 0.079794  map incre: 0.006007 ave total: 0.099334 icp: 0.073062 construct H: 0.000994 
[fastlio_mapping-2] [ mapping ]: time: IMU + Map + Input Downsample: 0.021557 ave match: 0.069565 ave solve: 0.003401  ave ICP: 0.080958  map incre: 0.006517 ave total: 0.099422 icp: 0.073132 construct H: 0.000994 
[fastlio_mapping-2] [ mapping ]: time: IMU + Map + Input Downsample: 0.027346 ave match: 0.069699 ave solve: 0.003403  ave ICP: 0.088685  map incre: 0.008849 ave total: 0.099652 icp: 0.073268 construct H: 0.000995 
[fastlio_mapping-2] [ mapping ]: time: IMU + Map + Input Downsample: 0.022644 ave match: 0.069750 ave solve: 0.003404  ave ICP: 0.079357  map incre: 0.006584 ave total: 0.099731 icp: 0.073319 construct H: 0.000995 
[fastlio_mapping-2] [ mapping ]: time: IMU + Map + Input Downsample: 0.025405 ave match: 0.069809 ave solve: 0.003404  ave ICP: 0.080329  map incre: 0.007048 ave total: 0.099847 icp: 0.073379 construct H: 0.000995 
[fastlio_mapping-2] [ mapping ]: time: IMU + Map + Input Downsample: 0.024494 ave match: 0.069935 ave solve: 0.003409  ave ICP: 0.088673  map incre: 0.007521 ave total: 0.100030 icp: 0.073510 construct H: 0.000996 
[fastlio_mapping-2] [ mapping ]: time: IMU + Map + Input Downsample: 0.021013 ave match: 0.070000 ave solve: 0.003409  ave ICP: 0.081193  map incre: 0.007820 ave total: 0.100117 icp: 0.073575 construct H: 0.000996 
[fastlio_mapping-2] [ mapping ]: time: IMU + Map + Input Downsample: 0.022200 ave match: 0.070081 ave solve: 0.003408  ave ICP: 0.083193  map incre: 0.008284 ave total: 0.100233 icp: 0.073655 construct H: 0.000996 
[fastlio_mapping-2] [ mapping ]: time: IMU + Map + Input Downsample: 0.020832 ave match: 0.070162 ave solve: 0.003409  ave ICP: 0.083467  map incre: 0.007711 ave total: 0.100334 icp: 0.073737 construct H: 0.000997 
[fastlio_mapping-2] [ mapping ]: time: IMU + Map + Input Downsample: 0.024243 ave match: 0.070227 ave solve: 0.003407  ave ICP: 0.081532  map incre: 0.007358 ave total: 0.100443 icp: 0.073800 construct H: 0.000996 
[fastlio_mapping-2] [ mapping ]: time: IMU + Map + Input Downsample: 0.020816 ave match: 0.070324 ave solve: 0.003407  ave ICP: 0.085473  map incre: 0.009012 ave total: 0.100567 icp: 0.073896 construct H: 0.000996 
[fastlio_mapping-2] [ mapping ]: time: IMU + Map + Input Downsample: 0.027230 ave match: 0.070459 ave solve: 0.003407  ave ICP: 0.090596  map incre: 0.008928 ave total: 0.100786 icp: 0.074032 construct H: 0.000996 
[fastlio_mapping-2] [ mapping ]: time: IMU + Map + Input Downsample: 0.017830 ave match: 0.070506 ave solve: 0.003408  ave ICP: 0.080097  map incre: 0.008712 ave total: 0.100834 icp: 0.074080 construct H: 0.000996 
[fastlio_mapping-2] [ mapping ]: time: IMU + Map + Input Downsample: 0.025259 ave match: 0.070570 ave solve: 0.003407  ave ICP: 0.082070  map incre: 0.008170 ave total: 0.100954 icp: 0.074143 construct H: 0.000996 
[fastlio_mapping-2] [ mapping ]: time: IMU + Map + Input Downsample: 0.016787 ave match: 0.070609 ave solve: 0.003406  ave ICP: 0.079099  map incre: 0.007529 ave total: 0.100974 icp: 0.074181 construct H: 0.000995 
[fastlio_mapping-2] [ mapping ]: time: IMU + Map + Input Downsample: 0.021462 ave match: 0.070724 ave solve: 0.003406  ave ICP: 0.088717  map incre: 0.009605 ave total: 0.101126 icp: 0.074296 construct H: 0.000996 
[fastlio_mapping-2] [ mapping ]: time: IMU + Map + Input Downsample: 0.026511 ave match: 0.070799 ave solve: 0.003405  ave ICP: 0.083929  map incre: 0.008062 ave total: 0.101265 icp: 0.074370 construct H: 0.000995 
[fastlio_mapping-2] [ mapping ]: time: IMU + Map + Input Downsample: 0.022171 ave match: 0.070863 ave solve: 0.003404  ave ICP: 0.082573  map incre: 0.007552 ave total: 0.101353 icp: 0.074432 construct H: 0.000995 
[fastlio_mapping-2] [ mapping ]: time: IMU + Map + Input Downsample: 0.024598 ave match: 0.070913 ave solve: 0.003400  ave ICP: 0.080561  map incre: 0.010300 ave total: 0.101464 icp: 0.074478 construct H: 0.000994 
[fastlio_mapping-2] [ mapping ]: time: IMU + Map + Input Downsample: 0.026759 ave match: 0.071070 ave solve: 0.003398  ave ICP: 0.094725  map incre: 0.013594 ave total: 0.101726 icp: 0.074633 construct H: 0.000993 
[fastlio_mapping-2] [ mapping ]: time: IMU + Map + Input Downsample: 0.020897 ave match: 0.071153 ave solve: 0.003396  ave ICP: 0.085288  map incre: 0.007521 ave total: 0.101819 icp: 0.074713 construct H: 0.000992 
[fastlio_mapping-2] [ mapping ]: time: IMU + Map + Input Downsample: 0.024800 ave match: 0.071228 ave solve: 0.003395  ave ICP: 0.084772  map incre: 0.006007 ave total: 0.101925 icp: 0.074788 construct H: 0.000992 
[fastlio_mapping-2] [ mapping ]: time: IMU + Map + Input Downsample: 0.021303 ave match: 0.071290 ave solve: 0.003393  ave ICP: 0.082807  map incre: 0.004475 ave total: 0.101976 icp: 0.074848 construct H: 0.000991 
[fastlio_mapping-2] [ mapping ]: time: IMU + Map + Input Downsample: 0.024646 ave match: 0.071337 ave solve: 0.003391  ave ICP: 0.081170  map incre: 0.003579 ave total: 0.102032 icp: 0.074893 construct H: 0.000991 
[fastlio_mapping-2] [ mapping ]: time: IMU + Map + Input Downsample: 0.022081 ave match: 0.071400 ave solve: 0.003389  ave ICP: 0.083334  map incre: 0.003535 ave total: 0.102084 icp: 0.074954 construct H: 0.000990 
[fastlio_mapping-2] [ mapping ]: time: IMU + Map + Input Downsample: 0.024636 ave match: 0.071574 ave solve: 0.003391  ave ICP: 0.098893  map incre: 0.004907 ave total: 0.102281 icp: 0.075130 construct H: 0.000991 
[fastlio_mapping-2] [ mapping ]: time: IMU + Map + Input Downsample: 0.026417 ave match: 0.071723 ave solve: 0.003389  ave ICP: 0.095384  map incre: 0.005327 ave total: 0.102465 icp: 0.075277 construct H: 0.000991 
[fastlio_mapping-2] [ mapping ]: time: IMU + Map + Input Downsample: 0.026180 ave match: 0.071784 ave solve: 0.003388  ave ICP: 0.083693  map incre: 0.005299 ave total: 0.102558 icp: 0.075336 construct H: 0.000990 
[fastlio_mapping-2] [ mapping ]: time: IMU + Map + Input Downsample: 0.023235 ave match: 0.071884 ave solve: 0.003386  ave ICP: 0.089136  map incre: 0.005528 ave total: 0.102670 icp: 0.075435 construct H: 0.000989 
[fastlio_mapping-2] [ mapping ]: time: IMU + Map + Input Downsample: 0.026670 ave match: 0.072027 ave solve: 0.003386  ave ICP: 0.095533  map incre: 0.006435 ave total: 0.102858 icp: 0.075578 construct H: 0.000989 
[fastlio_mapping-2] [ mapping ]: time: IMU + Map + Input Downsample: 0.017006 ave match: 0.072104 ave solve: 0.003384  ave ICP: 0.086330  map incre: 0.006942 ave total: 0.102912 icp: 0.075653 construct H: 0.000988 
[fastlio_mapping-2] [ mapping ]: time: IMU + Map + Input Downsample: 0.024326 ave match: 0.072164 ave solve: 0.003383  ave ICP: 0.084184  map incre: 0.004272 ave total: 0.102982 icp: 0.075712 construct H: 0.000988 
[fastlio_mapping-2] [ mapping ]: time: IMU + Map + Input Downsample: 0.020588 ave match: 0.072234 ave solve: 0.003381  ave ICP: 0.085539  map incre: 0.004249 ave total: 0.103035 icp: 0.075779 construct H: 0.000987 
[fastlio_mapping-2] [ mapping ]: time: IMU + Map + Input Downsample: 0.022372 ave match: 0.072300 ave solve: 0.003380  ave ICP: 0.085290  map incre: 0.004564 ave total: 0.103099 icp: 0.075844 construct H: 0.000987 
[fastlio_mapping-2] [ mapping ]: time: IMU + Map + Input Downsample: 0.023435 ave match: 0.072341 ave solve: 0.003377  ave ICP: 0.081711  map incre: 0.004479 ave total: 0.103145 icp: 0.075883 construct H: 0.000986 
[fastlio_mapping-2] [ mapping ]: time: IMU + Map + Input Downsample: 0.021774 ave match: 0.072395 ave solve: 0.003375  ave ICP: 0.083601  map incre: 0.005530 ave total: 0.103199 icp: 0.075934 construct H: 0.000985 
[fastlio_mapping-2] [ mapping ]: time: IMU + Map + Input Downsample: 0.022172 ave match: 0.072459 ave solve: 0.003373  ave ICP: 0.085388  map incre: 0.005127 ave total: 0.103264 icp: 0.075997 construct H: 0.000984 
[fastlio_mapping-2] [ mapping ]: time: IMU + Map + Input Downsample: 0.023664 ave match: 0.072529 ave solve: 0.003371  ave ICP: 0.086046  map incre: 0.005118 ave total: 0.103343 icp: 0.076064 construct H: 0.000984 
[fastlio_mapping-2] [ mapping ]: time: IMU + Map + Input Downsample: 0.027278 ave match: 0.072656 ave solve: 0.003369  ave ICP: 0.094864  map incre: 0.005790 ave total: 0.103511 icp: 0.076189 construct H: 0.000983 
[fastlio_mapping-2] [ mapping ]: time: IMU + Map + Input Downsample: 0.013431 ave match: 0.072657 ave solve: 0.003366  ave ICP: 0.076204  map incre: 0.006253 ave total: 0.103459 icp: 0.076187 construct H: 0.000982 
[fastlio_mapping-2] [ mapping ]: time: IMU + Map + Input Downsample: 0.021021 ave match: 0.072697 ave solve: 0.003364  ave ICP: 0.082044  map incre: 0.004774 ave total: 0.103489 icp: 0.076224 construct H: 0.000981 
[fastlio_mapping-2] [ mapping ]: time: IMU + Map + Input Downsample: 0.021171 ave match: 0.072771 ave solve: 0.003362  ave ICP: 0.087308  map incre: 0.005428 ave total: 0.103558 icp: 0.076296 construct H: 0.000981 
[fastlio_mapping-2] [ mapping ]: time: IMU + Map + Input Downsample: 0.021092 ave match: 0.072820 ave solve: 0.003359  ave ICP: 0.083512  map incre: 0.005988 ave total: 0.103605 icp: 0.076342 construct H: 0.000980 
[fastlio_mapping-2] [ mapping ]: time: IMU + Map + Input Downsample: 0.025663 ave match: 0.072862 ave solve: 0.003357  ave ICP: 0.082823  map incre: 0.006835 ave total: 0.103682 icp: 0.076383 construct H: 0.000979 
[fastlio_mapping-2] [ mapping ]: time: IMU + Map + Input Downsample: 0.026718 ave match: 0.072959 ave solve: 0.003354  ave ICP: 0.091048  map incre: 0.005565 ave total: 0.103810 icp: 0.076476 construct H: 0.000978 
[fastlio_mapping-2] [ mapping ]: time: IMU + Map + Input Downsample: 0.023718 ave match: 0.073000 ave solve: 0.003352  ave ICP: 0.082804  map incre: 0.005232 ave total: 0.103862 icp: 0.076515 construct H: 0.000978 
[fastlio_mapping-2] [ mapping ]: time: IMU + Map + Input Downsample: 0.023632 ave match: 0.073035 ave solve: 0.003349  ave ICP: 0.081668  map incre: 0.006018 ave total: 0.103910 icp: 0.076546 construct H: 0.000977 
[fastlio_mapping-2] [ mapping ]: time: IMU + Map + Input Downsample: 0.020890 ave match: 0.073038 ave solve: 0.003346  ave ICP: 0.076848  map incre: 0.005051 ave total: 0.103903 icp: 0.076546 construct H: 0.000976 
[fastlio_mapping-2] [ mapping ]: time: IMU + Map + Input Downsample: 0.024737 ave match: 0.073068 ave solve: 0.003343  ave ICP: 0.081067  map incre: 0.005453 ave total: 0.103950 icp: 0.076573 construct H: 0.000975 
[fastlio_mapping-2] [ mapping ]: time: IMU + Map + Input Downsample: 0.021108 ave match: 0.073131 ave solve: 0.003340  ave ICP: 0.086396  map incre: 0.007612 ave total: 0.104020 icp: 0.076633 construct H: 0.000974 
[fastlio_mapping-2] [ mapping ]: time: IMU + Map + Input Downsample: 0.024629 ave match: 0.073161 ave solve: 0.003337  ave ICP: 0.081199  map incre: 0.006440 ave total: 0.104072 icp: 0.076660 construct H: 0.000973 
[fastlio_mapping-2] [ mapping ]: time: IMU + Map + Input Downsample: 0.021321 ave match: 0.073197 ave solve: 0.003334  ave ICP: 0.082207  map incre: 0.004945 ave total: 0.104100 icp: 0.076693 construct H: 0.000972 
[fastlio_mapping-2] [ mapping ]: time: IMU + Map + Input Downsample: 0.022547 ave match: 0.073225 ave solve: 0.003330  ave ICP: 0.080971  map incre: 0.004829 ave total: 0.104126 icp: 0.076717 construct H: 0.000971 
[fastlio_mapping-2] [ mapping ]: time: IMU + Map + Input Downsample: 0.023929 ave match: 0.073321 ave solve: 0.003329  ave ICP: 0.092839  map incre: 0.006610 ave total: 0.104245 icp: 0.076813 construct H: 0.000971 
[fastlio_mapping-2] [ mapping ]: time: IMU + Map + Input Downsample: 0.022333 ave match: 0.073359 ave solve: 0.003326  ave ICP: 0.082674  map incre: 0.006683 ave total: 0.104290 icp: 0.076847 construct H: 0.000970 
[fastlio_mapping-2] [ mapping ]: time: IMU + Map + Input Downsample: 0.023351 ave match: 0.073366 ave solve: 0.003322  ave ICP: 0.077556  map incre: 0.005905 ave total: 0.104306 icp: 0.076849 construct H: 0.000968 
[fastlio_mapping-2] [ mapping ]: time: IMU + Map + Input Downsample: 0.026326 ave match: 0.073455 ave solve: 0.003323  ave ICP: 0.092460  map incre: 0.007134 ave total: 0.104437 icp: 0.076939 construct H: 0.000969 
[fastlio_mapping-2] [ mapping ]: time: IMU + Map + Input Downsample: 0.020600 ave match: 0.073492 ave solve: 0.003320  ave ICP: 0.082859  map incre: 0.005699 ave total: 0.104465 icp: 0.076973 construct H: 0.000968 
[fastlio_mapping-2] [ mapping ]: time: IMU + Map + Input Downsample: 0.025253 ave match: 0.073565 ave solve: 0.003317  ave ICP: 0.089083  map incre: 0.005562 ave total: 0.104558 icp: 0.077043 construct H: 0.000967 
[fastlio_mapping-2] [ mapping ]: time: IMU + Map + Input Downsample: 0.026059 ave match: 0.073612 ave solve: 0.003317  ave ICP: 0.085136  map incre: 0.008816 ave total: 0.104650 icp: 0.077090 construct H: 0.000967 
[fastlio_mapping-2] [ mapping ]: time: IMU + Map + Input Downsample: 0.021522 ave match: 0.073616 ave solve: 0.003313  ave ICP: 0.077595  map incre: 0.005600 ave total: 0.104650 icp: 0.077091 construct H: 0.000966 
[fastlio_mapping-2] [ mapping ]: time: IMU + Map + Input Downsample: 0.017973 ave match: 0.073619 ave solve: 0.003310  ave ICP: 0.077231  map incre: 0.004638 ave total: 0.104622 icp: 0.077090 construct H: 0.000965 
[fastlio_mapping-2] [ mapping ]: time: IMU + Map + Input Downsample: 0.019685 ave match: 0.073640 ave solve: 0.003307  ave ICP: 0.080408  map incre: 0.006317 ave total: 0.104632 icp: 0.077107 construct H: 0.000964 
[fastlio_mapping-2] [ mapping ]: time: IMU + Map + Input Downsample: 0.021686 ave match: 0.073639 ave solve: 0.003303  ave ICP: 0.076627  map incre: 0.005127 ave total: 0.104625 icp: 0.077103 construct H: 0.000963 
[fastlio_mapping-2] [ mapping ]: time: IMU + Map + Input Downsample: 0.021410 ave match: 0.073621 ave solve: 0.003301  ave ICP: 0.073997  map incre: 0.005430 ave total: 0.104603 icp: 0.077083 construct H: 0.000962 
[fastlio_mapping-2] [ mapping ]: time: IMU + Map + Input Downsample: 0.022047 ave match: 0.073642 ave solve: 0.003298  ave ICP: 0.080503  map incre: 0.003590 ave total: 0.104612 icp: 0.077101 construct H: 0.000961 
[fastlio_mapping-2] [ mapping ]: time: IMU + Map + Input Downsample: 0.022344 ave match: 0.073649 ave solve: 0.003295  ave ICP: 0.078003  map incre: 0.003877 ave total: 0.104610 icp: 0.077104 construct H: 0.000960 
[fastlio_mapping-2] [ mapping ]: time: IMU + Map + Input Downsample: 0.025897 ave match: 0.073725 ave solve: 0.003297  ave ICP: 0.091355  map incre: 0.003318 ave total: 0.104701 icp: 0.077183 construct H: 0.000959 
[fastlio_mapping-2] [ mapping ]: time: IMU + Map + Input Downsample: 0.022478 ave match: 0.073758 ave solve: 0.003295  ave ICP: 0.082729  map incre: 0.004012 ave total: 0.104726 icp: 0.077212 construct H: 0.000958 
[fastlio_mapping-2] [ mapping ]: time: IMU + Map + Input Downsample: 0.019867 ave match: 0.073772 ave solve: 0.003292  ave ICP: 0.079536  map incre: 0.003967 ave total: 0.104719 icp: 0.077224 construct H: 0.000957 
[fastlio_mapping-2] [ mapping ]: time: IMU + Map + Input Downsample: 0.021738 ave match: 0.073812 ave solve: 0.003289  ave ICP: 0.084146  map incre: 0.003627 ave total: 0.104745 icp: 0.077261 construct H: 0.000957 
[fastlio_mapping-2] [ mapping ]: time: IMU + Map + Input Downsample: 0.022081 ave match: 0.073831 ave solve: 0.003286  ave ICP: 0.080416  map incre: 0.003496 ave total: 0.104752 icp: 0.077277 construct H: 0.000956 
[fastlio_mapping-2] [ mapping ]: time: IMU + Map + Input Downsample: 0.020778 ave match: 0.073850 ave solve: 0.003283  ave ICP: 0.080556  map incre: 0.004250 ave total: 0.104757 icp: 0.077292 construct H: 0.000955 
[fastlio_mapping-2] [ mapping ]: time: IMU + Map + Input Downsample: 0.023207 ave match: 0.073886 ave solve: 0.003279  ave ICP: 0.083599  map incre: 0.003652 ave total: 0.104788 icp: 0.077325 construct H: 0.000954 
[fastlio_mapping-2] [ mapping ]: time: IMU + Map + Input Downsample: 0.020566 ave match: 0.073908 ave solve: 0.003276  ave ICP: 0.081101  map incre: 0.003964 ave total: 0.104793 icp: 0.077344 construct H: 0.000953 
[fastlio_mapping-2] [ mapping ]: time: IMU + Map + Input Downsample: 0.020598 ave match: 0.073920 ave solve: 0.003273  ave ICP: 0.079009  map incre: 0.004849 ave total: 0.104791 icp: 0.077351 construct H: 0.000952 
[fastlio_mapping-2] [ mapping ]: time: IMU + Map + Input Downsample: 0.024899 ave match: 0.073918 ave solve: 0.003269  ave ICP: 0.076598  map incre: 0.004824 ave total: 0.104799 icp: 0.077346 construct H: 0.000951 
[fastlio_mapping-2] [ mapping ]: time: IMU + Map + Input Downsample: 0.023320 ave match: 0.073932 ave solve: 0.003265  ave ICP: 0.079704  map incre: 0.004382 ave total: 0.104813 icp: 0.077357 construct H: 0.000949 
[fastlio_mapping-2] [ mapping ]: time: IMU + Map + Input Downsample: 0.021624 ave match: 0.073946 ave solve: 0.003262  ave ICP: 0.079603  map incre: 0.003872 ave total: 0.104815 icp: 0.077367 construct H: 0.000948 
[fastlio_mapping-2] [ mapping ]: time: IMU + Map + Input Downsample: 0.023974 ave match: 0.073958 ave solve: 0.003259  ave ICP: 0.079402  map incre: 0.004833 ave total: 0.104833 icp: 0.077376 construct H: 0.000947 
[fastlio_mapping-2] [ mapping ]: time: IMU + Map + Input Downsample: 0.022906 ave match: 0.073979 ave solve: 0.003256  ave ICP: 0.081053  map incre: 0.004228 ave total: 0.104851 icp: 0.077394 construct H: 0.000947 
[fastlio_mapping-2] [ mapping ]: time: IMU + Map + Input Downsample: 0.014405 ave match: 0.073965 ave solve: 0.003253  ave ICP: 0.074207  map incre: 0.003444 ave total: 0.104783 icp: 0.077376 construct H: 0.000946 
[fastlio_mapping-2] [ mapping ]: time: IMU + Map + Input Downsample: 0.023940 ave match: 0.073979 ave solve: 0.003250  ave ICP: 0.079781  map incre: 0.003970 ave total: 0.104799 icp: 0.077387 construct H: 0.000945 
[fastlio_mapping-2] [ mapping ]: time: IMU + Map + Input Downsample: 0.025741 ave match: 0.074074 ave solve: 0.003247  ave ICP: 0.095318  map incre: 0.004275 ave total: 0.104905 icp: 0.077478 construct H: 0.000944 
[fastlio_mapping-2] [ mapping ]: time: IMU + Map + Input Downsample: 0.025505 ave match: 0.074168 ave solve: 0.003244  ave ICP: 0.095317  map incre: 0.004603 ave total: 0.105012 icp: 0.077569 construct H: 0.000943 
[fastlio_mapping-2] [ mapping ]: time: IMU + Map + Input Downsample: 0.016579 ave match: 0.074162 ave solve: 0.003240  ave ICP: 0.076135  map incre: 0.003826 ave total: 0.104968 icp: 0.077561 construct H: 0.000942 
[fastlio_mapping-2] [ mapping ]: time: IMU + Map + Input Downsample: 0.028484 ave match: 0.074219 ave solve: 0.003237  ave ICP: 0.088258  map incre: 0.004411 ave total: 0.105051 icp: 0.077614 construct H: 0.000941 
[fastlio_mapping-2] [ mapping ]: time: IMU + Map + Input Downsample: 0.023009 ave match: 0.074236 ave solve: 0.003233  ave ICP: 0.080473  map incre: 0.004069 ave total: 0.105064 icp: 0.077627 construct H: 0.000940 
[fastlio_mapping-2] [ mapping ]: time: IMU + Map + Input Downsample: 0.023886 ave match: 0.074256 ave solve: 0.003230  ave ICP: 0.081314  map incre: 0.003950 ave total: 0.105085 icp: 0.077644 construct H: 0.000939 
[fastlio_mapping-2] [ mapping ]: time: IMU + Map + Input Downsample: 0.024949 ave match: 0.074278 ave solve: 0.003227  ave ICP: 0.081585  map incre: 0.005135 ave total: 0.105118 icp: 0.077662 construct H: 0.000938 
[fastlio_mapping-2] [ mapping ]: time: IMU + Map + Input Downsample: 0.021091 ave match: 0.074301 ave solve: 0.003224  ave ICP: 0.081920  map incre: 0.004997 ave total: 0.105132 icp: 0.077682 construct H: 0.000937 
[fastlio_mapping-2] [ mapping ]: time: IMU + Map + Input Downsample: 0.025425 ave match: 0.074314 ave solve: 0.003220  ave ICP: 0.079773  map incre: 0.004951 ave total: 0.105157 icp: 0.077691 construct H: 0.000936 
[fastlio_mapping-2] [ mapping ]: time: IMU + Map + Input Downsample: 0.019018 ave match: 0.074354 ave solve: 0.003218  ave ICP: 0.085461  map incre: 0.004601 ave total: 0.105177 icp: 0.077728 construct H: 0.000935 
[fastlio_mapping-2] [ mapping ]: time: IMU + Map + Input Downsample: 0.025521 ave match: 0.074392 ave solve: 0.003215  ave ICP: 0.085120  map incre: 0.005741 ave total: 0.105232 icp: 0.077763 construct H: 0.000934 
[fastlio_mapping-2] [ mapping ]: time: IMU + Map + Input Downsample: 0.017516 ave match: 0.074403 ave solve: 0.003211  ave ICP: 0.079544  map incre: 0.008029 ave total: 0.105232 icp: 0.077771 construct H: 0.000933 
[fastlio_mapping-2] [ mapping ]: time: IMU + Map + Input Downsample: 0.022565 ave match: 0.074448 ave solve: 0.003207  ave ICP: 0.086492  map incre: 0.006330 ave total: 0.105282 icp: 0.077812 construct H: 0.000932 
[fastlio_mapping-2] [ mapping ]: time: IMU + Map + Input Downsample: 0.028679 ave match: 0.074508 ave solve: 0.003207  ave ICP: 0.090387  map incre: 0.005409 ave total: 0.105375 icp: 0.077872 construct H: 0.000931 
[fastlio_mapping-2] [ mapping ]: time: IMU + Map + Input Downsample: 0.015054 ave match: 0.074496 ave solve: 0.003203  ave ICP: 0.074795  map incre: 0.004246 ave total: 0.105320 icp: 0.077855 construct H: 0.000930 
[fastlio_mapping-2] [ mapping ]: time: IMU + Map + Input Downsample: 0.021513 ave match: 0.074510 ave solve: 0.003200  ave ICP: 0.080400  map incre: 0.006051 ave total: 0.105333 icp: 0.077866 construct H: 0.000929 
[fastlio_mapping-2] [ mapping ]: time: IMU + Map + Input Downsample: 0.024794 ave match: 0.074535 ave solve: 0.003196  ave ICP: 0.082509  map incre: 0.005152 ave total: 0.105367 icp: 0.077887 construct H: 0.000928 
[fastlio_mapping-2] [ mapping ]: time: IMU + Map + Input Downsample: 0.027460 ave match: 0.074604 ave solve: 0.003198  ave ICP: 0.093104  map incre: 0.005436 ave total: 0.105466 icp: 0.077959 construct H: 0.000927 
[fastlio_mapping-2] [ mapping ]: time: IMU + Map + Input Downsample: 0.028953 ave match: 0.074674 ave solve: 0.003197  ave ICP: 0.092573  map incre: 0.005426 ave total: 0.105568 icp: 0.078026 construct H: 0.000926 
[fastlio_mapping-2] [ mapping ]: time: IMU + Map + Input Downsample: 0.027353 ave match: 0.074691 ave solve: 0.003194  ave ICP: 0.081311  map incre: 0.006189 ave total: 0.105612 icp: 0.078040 construct H: 0.000925 
[fastlio_mapping-2] [ mapping ]: time: IMU + Map + Input Downsample: 0.026878 ave match: 0.074745 ave solve: 0.003190  ave ICP: 0.089074  map incre: 0.010680 ave total: 0.105712 icp: 0.078090 construct H: 0.000924 
[fastlio_mapping-2] [ mapping ]: time: IMU + Map + Input Downsample: 0.025563 ave match: 0.074788 ave solve: 0.003186  ave ICP: 0.087215  map incre: 0.011116 ave total: 0.105797 icp: 0.078130 construct H: 0.000923 
[fastlio_mapping-2] [ mapping ]: time: IMU + Map + Input Downsample: 0.021487 ave match: 0.074814 ave solve: 0.003181  ave ICP: 0.082835  map incre: 0.015877 ave total: 0.105864 icp: 0.078150 construct H: 0.000921 
[fastlio_mapping-2] [ mapping ]: time: IMU + Map + Input Downsample: 0.025186 ave match: 0.074843 ave solve: 0.003176  ave ICP: 0.083377  map incre: 0.013304 ave total: 0.105939 icp: 0.078173 construct H: 0.000919 
[fastlio_mapping-2] [ mapping ]: time: IMU + Map + Input Downsample: 0.027883 ave match: 0.074917 ave solve: 0.003172  ave ICP: 0.093683  map incre: 0.013324 ave total: 0.106073 icp: 0.078244 construct H: 0.000918 
[fastlio_mapping-2] [ mapping ]: time: IMU + Map + Input Downsample: 0.029919 ave match: 0.075014 ave solve: 0.003167  ave ICP: 0.098596  map incre: 0.011473 ave total: 0.106229 icp: 0.078336 construct H: 0.000916 
[fastlio_mapping-2] [ mapping ]: time: IMU + Map + Input Downsample: 0.020718 ave match: 0.075080 ave solve: 0.003163  ave ICP: 0.092237  map incre: 0.009890 ave total: 0.106305 icp: 0.078398 construct H: 0.000915 
[fastlio_mapping-2] [ mapping ]: time: IMU + Map + Input Downsample: 0.023302 ave match: 0.075096 ave solve: 0.003158  ave ICP: 0.081053  map incre: 0.006959 ave total: 0.106328 icp: 0.078408 construct H: 0.000913 
[fastlio_mapping-2] [ mapping ]: time: IMU + Map + Input Downsample: 0.023397 ave match: 0.075122 ave solve: 0.003152  ave ICP: 0.083053  map incre: 0.007075 ave total: 0.106361 icp: 0.078428 construct H: 0.000912 
[fastlio_mapping-2] [ mapping ]: time: IMU + Map + Input Downsample: 0.025771 ave match: 0.075156 ave solve: 0.003147  ave ICP: 0.085071  map incre: 0.006764 ave total: 0.106412 icp: 0.078457 construct H: 0.000910 
[fastlio_mapping-2] [ mapping ]: time: IMU + Map + Input Downsample: 0.022868 ave match: 0.075185 ave solve: 0.003143  ave ICP: 0.084118  map incre: 0.006483 ave total: 0.106444 icp: 0.078481 construct H: 0.000909 
[fastlio_mapping-2] [ mapping ]: time: IMU + Map + Input Downsample: 0.024560 ave match: 0.075220 ave solve: 0.003137  ave ICP: 0.085465  map incre: 0.006877 ave total: 0.106490 icp: 0.078511 construct H: 0.000907 
[fastlio_mapping-2] [ mapping ]: time: IMU + Map + Input Downsample: 0.026679 ave match: 0.075249 ave solve: 0.003132  ave ICP: 0.083956  map incre: 0.008889 ave total: 0.106549 icp: 0.078534 construct H: 0.000905 
[fastlio_mapping-2] [ mapping ]: time: IMU + Map + Input Downsample: 0.014411 ave match: 0.075249 ave solve: 0.003127  ave ICP: 0.077637  map incre: 0.005923 ave total: 0.106510 icp: 0.078529 construct H: 0.000904 
[fastlio_mapping-2] [ mapping ]: time: IMU + Map + Input Downsample: 0.023522 ave match: 0.075272 ave solve: 0.003122  ave ICP: 0.082632  map incre: 0.005564 ave total: 0.106534 icp: 0.078546 construct H: 0.000902 
[fastlio_mapping-2] [ mapping ]: time: IMU + Map + Input Downsample: 0.025843 ave match: 0.075301 ave solve: 0.003116  ave ICP: 0.084174  map incre: 0.005873 ave total: 0.106575 icp: 0.078569 construct H: 0.000900 
[fastlio_mapping-2] [ mapping ]: time: IMU + Map + Input Downsample: 0.028655 ave match: 0.075374 ave solve: 0.003111  ave ICP: 0.094423  map incre: 0.006812 ave total: 0.106677 icp: 0.078637 construct H: 0.000899 
[fastlio_mapping-2] [ mapping ]: time: IMU + Map + Input Downsample: 0.025639 ave match: 0.075396 ave solve: 0.003106  ave ICP: 0.082757  map incre: 0.004978 ave total: 0.106706 icp: 0.078654 construct H: 0.000897 
[fastlio_mapping-2] [ mapping ]: time: IMU + Map + Input Downsample: 0.019832 ave match: 0.075408 ave solve: 0.003100  ave ICP: 0.080437  map incre: 0.004038 ave total: 0.106696 icp: 0.078660 construct H: 0.000895 
[fastlio_mapping-2] [ mapping ]: time: IMU + Map + Input Downsample: 0.023577 ave match: 0.075434 ave solve: 0.003095  ave ICP: 0.083654  map incre: 0.004754 ave total: 0.106719 icp: 0.078680 construct H: 0.000894 
[fastlio_mapping-2] [ mapping ]: time: IMU + Map + Input Downsample: 0.026248 ave match: 0.075482 ave solve: 0.003091  ave ICP: 0.089215  map incre: 0.004874 ave total: 0.106777 icp: 0.078724 construct H: 0.000892 
[fastlio_mapping-2] [ mapping ]: time: IMU + Map + Input Downsample: 0.024920 ave match: 0.075514 ave solve: 0.003085  ave ICP: 0.085113  map incre: 0.004817 ave total: 0.106812 icp: 0.078750 construct H: 0.000891 
[fastlio_mapping-2] [ mapping ]: time: IMU + Map + Input Downsample: 0.025051 ave match: 0.075594 ave solve: 0.003082  ave ICP: 0.097571  map incre: 0.004926 ave total: 0.106901 icp: 0.078826 construct H: 0.000889 
[fastlio_mapping-2] [ mapping ]: time: IMU + Map + Input Downsample: 0.014254 ave match: 0.075587 ave solve: 0.003076  ave ICP: 0.076305  map incre: 0.004442 ave total: 0.106850 icp: 0.078814 construct H: 0.000888 
[fastlio_mapping-2] [ mapping ]: time: IMU + Map + Input Downsample: 0.021193 ave match: 0.075629 ave solve: 0.003071  ave ICP: 0.087854  map incre: 0.004941 ave total: 0.106880 icp: 0.078851 construct H: 0.000886 
[fastlio_mapping-2] [ mapping ]: time: IMU + Map + Input Downsample: 0.028862 ave match: 0.075701 ave solve: 0.003069  ave ICP: 0.095690  map incre: 0.005958 ave total: 0.106980 icp: 0.078920 construct H: 0.000885 
[fastlio_mapping-2] [ mapping ]: time: IMU + Map + Input Downsample: 0.026359 ave match: 0.075773 ave solve: 0.003065  ave ICP: 0.095270  map incre: 0.006580 ave total: 0.107069 icp: 0.078988 construct H: 0.000884 
[fastlio_mapping-2] [ mapping ]: time: IMU + Map + Input Downsample: 0.021623 ave match: 0.075808 ave solve: 0.003059  ave ICP: 0.086253  map incre: 0.005617 ave total: 0.107096 icp: 0.079017 construct H: 0.000882 
[fastlio_mapping-2] [ mapping ]: time: IMU + Map + Input Downsample: 0.019341 ave match: 0.075831 ave solve: 0.003055  ave ICP: 0.083755  map incre: 0.005988 ave total: 0.107104 icp: 0.079035 construct H: 0.000881 
[fastlio_mapping-2] [ mapping ]: time: IMU + Map + Input Downsample: 0.023427 ave match: 0.075877 ave solve: 0.003050  ave ICP: 0.089173  map incre: 0.005562 ave total: 0.107150 icp: 0.079076 construct H: 0.000879 
[fastlio_mapping-2] [ mapping ]: time: IMU + Map + Input Downsample: 0.026608 ave match: 0.075908 ave solve: 0.003045  ave ICP: 0.085613  map incre: 0.004279 ave total: 0.107189 icp: 0.079102 construct H: 0.000878 
[fastlio_mapping-2] [ mapping ]: time: IMU + Map + Input Downsample: 0.024218 ave match: 0.075935 ave solve: 0.003041  ave ICP: 0.084975  map incre: 0.004769 ave total: 0.107217 icp: 0.079125 construct H: 0.000876 
[fastlio_mapping-2] [ mapping ]: time: IMU + Map + Input Downsample: 0.023699 ave match: 0.075965 ave solve: 0.003036  ave ICP: 0.085546  map incre: 0.004651 ave total: 0.107244 icp: 0.079149 construct H: 0.000875 
[fastlio_mapping-2] [ mapping ]: time: IMU + Map + Input Downsample: 0.013929 ave match: 0.075962 ave solve: 0.003031  ave ICP: 0.077480  map incre: 0.004001 ave total: 0.107196 icp: 0.079141 construct H: 0.000873 
[fastlio_mapping-2] [ mapping ]: time: IMU + Map + Input Downsample: 0.022721 ave match: 0.075997 ave solve: 0.003026  ave ICP: 0.086890  map incre: 0.005369 ave total: 0.107227 icp: 0.079171 construct H: 0.000872 
[fastlio_mapping-2] [ mapping ]: time: IMU + Map + Input Downsample: 0.025990 ave match: 0.076017 ave solve: 0.003021  ave ICP: 0.083215  map incre: 0.005645 ave total: 0.107258 icp: 0.079186 construct H: 0.000870 
[fastlio_mapping-2] [ mapping ]: time: IMU + Map + Input Downsample: 0.026000 ave match: 0.076049 ave solve: 0.003017  ave ICP: 0.086174  map incre: 0.004757 ave total: 0.107297 icp: 0.079213 construct H: 0.000869 
[fastlio_mapping-2] [ mapping ]: time: IMU + Map + Input Downsample: 0.025878 ave match: 0.076084 ave solve: 0.003012  ave ICP: 0.087147  map incre: 0.004806 ave total: 0.107340 icp: 0.079244 construct H: 0.000868 
[fastlio_mapping-2] [ mapping ]: time: IMU + Map + Input Downsample: 0.016017 ave match: 0.076108 ave solve: 0.003008  ave ICP: 0.084441  map incre: 0.004411 ave total: 0.107330 icp: 0.079264 construct H: 0.000866 
[fastlio_mapping-2] [ mapping ]: time: IMU + Map + Input Downsample: 0.024341 ave match: 0.076140 ave solve: 0.003004  ave ICP: 0.086390  map incre: 0.005065 ave total: 0.107363 icp: 0.079291 construct H: 0.000865 
[fastlio_mapping-2] [ mapping ]: time: IMU + Map + Input Downsample: 0.024807 ave match: 0.076167 ave solve: 0.003000  ave ICP: 0.085334  map incre: 0.006021 ave total: 0.107398 icp: 0.079314 construct H: 0.000864 
[fastlio_mapping-2] [ mapping ]: time: IMU + Map + Input Downsample: 0.021652 ave match: 0.076198 ave solve: 0.002995  ave ICP: 0.086401  map incre: 0.004529 ave total: 0.107419 icp: 0.079340 construct H: 0.000862 
[fastlio_mapping-2] [ mapping ]: time: IMU + Map + Input Downsample: 0.025940 ave match: 0.076220 ave solve: 0.002991  ave ICP: 0.084004  map incre: 0.004794 ave total: 0.107448 icp: 0.079357 construct H: 0.000861 
[fastlio_mapping-2] [ mapping ]: time: IMU + Map + Input Downsample: 0.014835 ave match: 0.076250 ave solve: 0.002987  ave ICP: 0.086426  map incre: 0.004124 ave total: 0.107440 icp: 0.079384 construct H: 0.000860 
[fastlio_mapping-2] [ mapping ]: time: IMU + Map + Input Downsample: 0.024131 ave match: 0.076301 ave solve: 0.002983  ave ICP: 0.091475  map incre: 0.005573 ave total: 0.107493 icp: 0.079430 construct H: 0.000859 
[fastlio_mapping-2] [ mapping ]: time: IMU + Map + Input Downsample: 0.029032 ave match: 0.076352 ave solve: 0.002979  ave ICP: 0.091824  map incre: 0.003827 ave total: 0.107560 icp: 0.079477 construct H: 0.000858 
[fastlio_mapping-2] [ mapping ]: time: IMU + Map + Input Downsample: 0.027655 ave match: 0.076398 ave solve: 0.002975  ave ICP: 0.090565  map incre: 0.004340 ave total: 0.107618 icp: 0.079519 construct H: 0.000856 
[fastlio_mapping-2] [ mapping ]: time: IMU + Map + Input Downsample: 0.020499 ave match: 0.076405 ave solve: 0.002970  ave ICP: 0.080354  map incre: 0.005797 ave total: 0.107615 icp: 0.079521 construct H: 0.000855 
[fastlio_mapping-2] [ mapping ]: time: IMU + Map + Input Downsample: 0.025572 ave match: 0.076425 ave solve: 0.002965  ave ICP: 0.083739  map incre: 0.006880 ave total: 0.107648 icp: 0.079536 construct H: 0.000853 
[fastlio_mapping-2] [ mapping ]: time: IMU + Map + Input Downsample: 0.022276 ave match: 0.076465 ave solve: 0.002961  ave ICP: 0.089100  map incre: 0.004287 ave total: 0.107678 icp: 0.079571 construct H: 0.000852 
[fastlio_mapping-2] [ mapping ]: time: IMU + Map + Input Downsample: 0.025809 ave match: 0.076488 ave solve: 0.002957  ave ICP: 0.084853  map incre: 0.004486 ave total: 0.107707 icp: 0.079590 construct H: 0.000851 
[fastlio_mapping-2] [ mapping ]: time: IMU + Map + Input Downsample: 0.024582 ave match: 0.076567 ave solve: 0.002955  ave ICP: 0.100304  map incre: 0.003723 ave total: 0.107786 icp: 0.079668 construct H: 0.000850 
[fastlio_mapping-2] [ mapping ]: time: IMU + Map + Input Downsample: 0.027032 ave match: 0.076671 ave solve: 0.002951  ave ICP: 0.106304  map incre: 0.004170 ave total: 0.107899 icp: 0.079767 construct H: 0.000848 
[fastlio_mapping-2] [ mapping ]: time: IMU + Map + Input Downsample: 0.025146 ave match: 0.076698 ave solve: 0.002947  ave ICP: 0.086104  map incre: 0.004499 ave total: 0.107928 icp: 0.079790 construct H: 0.000847 
[fastlio_mapping-2] [ mapping ]: time: IMU + Map + Input Downsample: 0.025504 ave match: 0.076725 ave solve: 0.002943  ave ICP: 0.086238  map incre: 0.004514 ave total: 0.107960 icp: 0.079813 construct H: 0.000846 
[fastlio_mapping-2] [ mapping ]: time: IMU + Map + Input Downsample: 0.020550 ave match: 0.076763 ave solve: 0.002939  ave ICP: 0.089199  map incre: 0.004111 ave total: 0.107982 icp: 0.079847 construct H: 0.000845 
[fastlio_mapping-2] [ mapping ]: time: IMU + Map + Input Downsample: 0.016407 ave match: 0.076778 ave solve: 0.002936  ave ICP: 0.083100  map incre: 0.004177 ave total: 0.107966 icp: 0.079858 construct H: 0.000844 
[fastlio_mapping-2] [ mapping ]: time: IMU + Map + Input Downsample: 0.017945 ave match: 0.076822 ave solve: 0.002932  ave ICP: 0.091115  map incre: 0.004336 ave total: 0.107986 icp: 0.079899 construct H: 0.000843 
[fastlio_mapping-2] [ mapping ]: time: IMU + Map + Input Downsample: 0.026143 ave match: 0.076857 ave solve: 0.002928  ave ICP: 0.088515  map incre: 0.004188 ave total: 0.108026 icp: 0.079930 construct H: 0.000841 
[fastlio_mapping-2] [ mapping ]: time: IMU + Map + Input Downsample: 0.022162 ave match: 0.076905 ave solve: 0.002925  ave ICP: 0.092364  map incre: 0.003871 ave total: 0.108064 icp: 0.079974 construct H: 0.000840 
[fastlio_mapping-2] [ mapping ]: time: IMU + Map + Input Downsample: 0.023658 ave match: 0.076938 ave solve: 0.002921  ave ICP: 0.088168  map incre: 0.005144 ave total: 0.108097 icp: 0.080003 construct H: 0.000839 
[fastlio_mapping-2] [ mapping ]: time: IMU + Map + Input Downsample: 0.013601 ave match: 0.076942 ave solve: 0.002917  ave ICP: 0.080218  map incre: 0.005912 ave total: 0.108067 icp: 0.080003 construct H: 0.000838 
[fastlio_mapping-2] [ mapping ]: time: IMU + Map + Input Downsample: 0.022845 ave match: 0.076967 ave solve: 0.002914  ave ICP: 0.086111  map incre: 0.004630 ave total: 0.108087 icp: 0.080024 construct H: 0.000837 
[fastlio_mapping-2] [ mapping ]: time: IMU + Map + Input Downsample: 0.021432 ave match: 0.077014 ave solve: 0.002910  ave ICP: 0.092219  map incre: 0.004861 ave total: 0.108125 icp: 0.080067 construct H: 0.000836 
[fastlio_mapping-2] [ mapping ]: time: IMU + Map + Input Downsample: 0.025815 ave match: 0.077050 ave solve: 0.002907  ave ICP: 0.089403  map incre: 0.004736 ave total: 0.108167 icp: 0.080100 construct H: 0.000835 
[fastlio_mapping-2] [ mapping ]: time: IMU + Map + Input Downsample: 0.014017 ave match: 0.077055 ave solve: 0.002903  ave ICP: 0.080846  map incre: 0.004617 ave total: 0.108136 icp: 0.080102 construct H: 0.000833 
[fastlio_mapping-2] [ mapping ]: time: IMU + Map + Input Downsample: 0.017577 ave match: 0.077078 ave solve: 0.002900  ave ICP: 0.085990  map incre: 0.005593 ave total: 0.108140 icp: 0.080122 construct H: 0.000832 
[fastlio_mapping-2] [ mapping ]: time: IMU + Map + Input Downsample: 0.020970 ave match: 0.077115 ave solve: 0.002897  ave ICP: 0.089798  map incre: 0.004724 ave total: 0.108166 icp: 0.080155 construct H: 0.000831 
[fastlio_mapping-2] [ mapping ]: time: IMU + Map + Input Downsample: 0.021444 ave match: 0.077157 ave solve: 0.002894  ave ICP: 0.091039  map incre: 0.005173 ave total: 0.108200 icp: 0.080193 construct H: 0.000830 
[fastlio_mapping-2] [ mapping ]: time: IMU + Map + Input Downsample: 0.022572 ave match: 0.077199 ave solve: 0.002890  ave ICP: 0.091390  map incre: 0.005997 ave total: 0.108242 icp: 0.080232 construct H: 0.000829 
[fastlio_mapping-2] [ mapping ]: time: IMU + Map + Input Downsample: 0.022612 ave match: 0.077241 ave solve: 0.002887  ave ICP: 0.091357  map incre: 0.004854 ave total: 0.108279 icp: 0.080270 construct H: 0.000828 
[fastlio_mapping-2] [ mapping ]: time: IMU + Map + Input Downsample: 0.021663 ave match: 0.077287 ave solve: 0.002884  ave ICP: 0.092657  map incre: 0.005660 ave total: 0.108321 icp: 0.080313 construct H: 0.000827 
[fastlio_mapping-2] [ mapping ]: time: IMU + Map + Input Downsample: 0.023981 ave match: 0.077323 ave solve: 0.002880  ave ICP: 0.089881  map incre: 0.005038 ave total: 0.108358 icp: 0.080345 construct H: 0.000826 
[fastlio_mapping-2] [ mapping ]: time: IMU + Map + Input Downsample: 0.026022 ave match: 0.077396 ave solve: 0.002878  ave ICP: 0.100652  map incre: 0.007085 ave total: 0.108447 icp: 0.080415 construct H: 0.000825 
[fastlio_mapping-2] [ mapping ]: time: IMU + Map + Input Downsample: 0.020865 ave match: 0.077454 ave solve: 0.002875  ave ICP: 0.096476  map incre: 0.005374 ave total: 0.108497 icp: 0.080470 construct H: 0.000824 
[fastlio_mapping-2] [ mapping ]: time: IMU + Map + Input Downsample: 0.021940 ave match: 0.077510 ave solve: 0.002872  ave ICP: 0.096077  map incre: 0.007761 ave total: 0.108557 icp: 0.080524 construct H: 0.000823 
[fastlio_mapping-2] [ mapping ]: time: IMU + Map + Input Downsample: 0.013411 ave match: 0.077522 ave solve: 0.002869  ave ICP: 0.083341  map incre: 0.006655 ave total: 0.108539 icp: 0.080532 construct H: 0.000823 
[fastlio_mapping-2] [ mapping ]: time: IMU + Map + Input Downsample: 0.025753 ave match: 0.077601 ave solve: 0.002866  ave ICP: 0.102887  map incre: 0.008554 ave total: 0.108638 icp: 0.080609 construct H: 0.000822 
[fastlio_mapping-2] [ mapping ]: time: IMU + Map + Input Downsample: 0.025530 ave match: 0.077696 ave solve: 0.002864  ave ICP: 0.107700  map incre: 0.007945 ave total: 0.108751 icp: 0.080701 construct H: 0.000821 
[fastlio_mapping-2] [ mapping ]: time: IMU + Map + Input Downsample: 0.025968 ave match: 0.077741 ave solve: 0.002861  ave ICP: 0.093463  map incre: 0.005888 ave total: 0.108808 icp: 0.080744 construct H: 0.000820 
[fastlio_mapping-2] [ mapping ]: time: IMU + Map + Input Downsample: 0.021607 ave match: 0.077796 ave solve: 0.002858  ave ICP: 0.096296  map incre: 0.006670 ave total: 0.108862 icp: 0.080796 construct H: 0.000819 
[fastlio_mapping-2] [ mapping ]: time: IMU + Map + Input Downsample: 0.013565 ave match: 0.077815 ave solve: 0.002856  ave ICP: 0.085740  map incre: 0.005314 ave total: 0.108847 icp: 0.080812 construct H: 0.000818 
[fastlio_mapping-2] [ mapping ]: time: IMU + Map + Input Downsample: 0.021778 ave match: 0.077861 ave solve: 0.002853  ave ICP: 0.094066  map incre: 0.005169 ave total: 0.108889 icp: 0.080856 construct H: 0.000818 
[fastlio_mapping-2] [ mapping ]: time: IMU + Map + Input Downsample: 0.021843 ave match: 0.077906 ave solve: 0.002851  ave ICP: 0.093591  map incre: 0.005000 ave total: 0.108928 icp: 0.080898 construct H: 0.000817 
[fastlio_mapping-2] [ mapping ]: time: IMU + Map + Input Downsample: 0.024415 ave match: 0.078009 ave solve: 0.002848  ave ICP: 0.110968  map incre: 0.009411 ave total: 0.109049 icp: 0.080998 construct H: 0.000816 
[fastlio_mapping-2] [ mapping ]: time: IMU + Map + Input Downsample: 0.017867 ave match: 0.078071 ave solve: 0.002849  ave ICP: 0.099787  map incre: 0.009631 ave total: 0.109110 icp: 0.081060 construct H: 0.000817 
[fastlio_mapping-2] [ mapping ]: time: IMU + Map + Input Downsample: 0.014794 ave match: 0.078113 ave solve: 0.002848  ave ICP: 0.093753  map incre: 0.006883 ave total: 0.109131 icp: 0.081102 construct H: 0.000817 
[fastlio_mapping-2] [ mapping ]: time: IMU + Map + Input Downsample: 0.025910 ave match: 0.078150 ave solve: 0.002846  ave ICP: 0.091811  map incre: 0.006279 ave total: 0.109181 icp: 0.081137 construct H: 0.000816 
[fastlio_mapping-2] [ mapping ]: time: IMU + Map + Input Downsample: 0.021021 ave match: 0.078188 ave solve: 0.002843  ave ICP: 0.091816  map incre: 0.005037 ave total: 0.109210 icp: 0.081171 construct H: 0.000815 
[fastlio_mapping-2] [ mapping ]: time: IMU + Map + Input Downsample: 0.020768 ave match: 0.078237 ave solve: 0.002840  ave ICP: 0.095407  map incre: 0.004336 ave total: 0.109248 icp: 0.081217 construct H: 0.000814 
[fastlio_mapping-2] [ mapping ]: time: IMU + Map + Input Downsample: 0.013541 ave match: 0.078252 ave solve: 0.002838  ave ICP: 0.085419  map incre: 0.004259 ave total: 0.109228 icp: 0.081230 construct H: 0.000814 
[fastlio_mapping-2] [ mapping ]: time: IMU + Map + Input Downsample: 0.027662 ave match: 0.078336 ave solve: 0.002835  ave ICP: 0.105975  map incre: 0.004338 ave total: 0.109323 icp: 0.081311 construct H: 0.000813 
[fastlio_mapping-2] [ mapping ]: time: IMU + Map + Input Downsample: 0.021647 ave match: 0.078376 ave solve: 0.002833  ave ICP: 0.093252  map incre: 0.004409 ave total: 0.109355 icp: 0.081349 construct H: 0.000812 
[fastlio_mapping-2] [ mapping ]: time: IMU + Map + Input Downsample: 0.022766 ave match: 0.078454 ave solve: 0.002830  ave ICP: 0.104591  map incre: 0.003737 ave total: 0.109427 icp: 0.081424 construct H: 0.000811 
[fastlio_mapping-2] [ mapping ]: time: IMU + Map + Input Downsample: 0.020883 ave match: 0.078497 ave solve: 0.002828  ave ICP: 0.093937  map incre: 0.006146 ave total: 0.109464 icp: 0.081464 construct H: 0.000811 
[fastlio_mapping-2] [ mapping ]: time: IMU + Map + Input Downsample: 0.021569 ave match: 0.078526 ave solve: 0.002825  ave ICP: 0.089882  map incre: 0.004391 ave total: 0.109485 icp: 0.081490 construct H: 0.000810 
[fastlio_mapping-2] [ mapping ]: time: IMU + Map + Input Downsample: 0.018469 ave match: 0.078554 ave solve: 0.002822  ave ICP: 0.089584  map incre: 0.003116 ave total: 0.109491 icp: 0.081516 construct H: 0.000809 
[fastlio_mapping-2] [ mapping ]: time: IMU + Map + Input Downsample: 0.025784 ave match: 0.078582 ave solve: 0.002820  ave ICP: 0.089595  map incre: 0.002958 ave total: 0.109519 icp: 0.081541 construct H: 0.000808 
[fastlio_mapping-2] [ mapping ]: time: IMU + Map + Input Downsample: 0.023441 ave match: 0.078616 ave solve: 0.002817  ave ICP: 0.091427  map incre: 0.003754 ave total: 0.109549 icp: 0.081571 construct H: 0.000807 
[fastlio_mapping-2] [ mapping ]: time: IMU + Map + Input Downsample: 0.025907 ave match: 0.078693 ave solve: 0.002815  ave ICP: 0.105623  map incre: 0.005559 ave total: 0.109637 icp: 0.081647 construct H: 0.000806 
[fastlio_mapping-2] [ mapping ]: time: IMU + Map + Input Downsample: 0.022621 ave match: 0.078723 ave solve: 0.002812  ave ICP: 0.090325  map incre: 0.004653 ave total: 0.109663 icp: 0.081674 construct H: 0.000806 
[fastlio_mapping-2] [ mapping ]: time: IMU + Map + Input Downsample: 0.021087 ave match: 0.078750 ave solve: 0.002809  ave ICP: 0.089412  map incre: 0.004236 ave total: 0.109679 icp: 0.081698 construct H: 0.000805 
[fastlio_mapping-2] [ mapping ]: time: IMU + Map + Input Downsample: 0.023736 ave match: 0.078780 ave solve: 0.002807  ave ICP: 0.090771  map incre: 0.004757 ave total: 0.109709 icp: 0.081726 construct H: 0.000804 
[fastlio_mapping-2] [ mapping ]: time: IMU + Map + Input Downsample: 0.019558 ave match: 0.078829 ave solve: 0.002804  ave ICP: 0.096562  map incre: 0.003918 ave total: 0.109742 icp: 0.081772 construct H: 0.000803 
[fastlio_mapping-2] [ mapping ]: time: IMU + Map + Input Downsample: 0.023586 ave match: 0.078869 ave solve: 0.002801  ave ICP: 0.093591  map incre: 0.003462 ave total: 0.109777 icp: 0.081808 construct H: 0.000802 
[fastlio_mapping-2] [ mapping ]: time: IMU + Map + Input Downsample: 0.023451 ave match: 0.078936 ave solve: 0.002798  ave ICP: 0.102420  map incre: 0.003919 ave total: 0.109840 icp: 0.081872 construct H: 0.000801 
[fastlio_mapping-2] [ mapping ]: time: IMU + Map + Input Downsample: 0.013333 ave match: 0.078942 ave solve: 0.002796  ave ICP: 0.083178  map incre: 0.003678 ave total: 0.109809 icp: 0.081876 construct H: 0.000800 
[fastlio_mapping-2] [ mapping ]: time: IMU + Map + Input Downsample: 0.023640 ave match: 0.078962 ave solve: 0.002793  ave ICP: 0.087597  map incre: 0.003325 ave total: 0.109824 icp: 0.081893 construct H: 0.000800 
[fastlio_mapping-2] [ mapping ]: time: IMU + Map + Input Downsample: 0.021775 ave match: 0.078989 ave solve: 0.002790  ave ICP: 0.089993  map incre: 0.003911 ave total: 0.109843 icp: 0.081917 construct H: 0.000799 
[fastlio_mapping-2] [ mapping ]: time: IMU + Map + Input Downsample: 0.025294 ave match: 0.079030 ave solve: 0.002787  ave ICP: 0.094539  map incre: 0.004614 ave total: 0.109888 icp: 0.081955 construct H: 0.000798 
[fastlio_mapping-2] [ mapping ]: time: IMU + Map + Input Downsample: 0.026938 ave match: 0.079080 ave solve: 0.002786  ave ICP: 0.097906  map incre: 0.003871 ave total: 0.109947 icp: 0.082004 construct H: 0.000798 
[fastlio_mapping-2] [ mapping ]: time: IMU + Map + Input Downsample: 0.027218 ave match: 0.079117 ave solve: 0.002783  ave ICP: 0.093223  map incre: 0.003691 ave total: 0.109991 icp: 0.082037 construct H: 0.000797 
[fastlio_mapping-2] [ mapping ]: time: IMU + Map + Input Downsample: 0.025077 ave match: 0.079142 ave solve: 0.002781  ave ICP: 0.089713  map incre: 0.005978 ave total: 0.110024 icp: 0.082060 construct H: 0.000796 
[fastlio_mapping-2] [ mapping ]: time: IMU + Map + Input Downsample: 0.023815 ave match: 0.079175 ave solve: 0.002778  ave ICP: 0.092307  map incre: 0.005212 ave total: 0.110059 icp: 0.082091 construct H: 0.000796 
[fastlio_mapping-2] [ mapping ]: time: IMU + Map + Input Downsample: 0.025323 ave match: 0.079202 ave solve: 0.002775  ave ICP: 0.090253  map incre: 0.006052 ave total: 0.110094 icp: 0.082115 construct H: 0.000795 
[fastlio_mapping-2] [ mapping ]: time: IMU + Map + Input Downsample: 0.023203 ave match: 0.079233 ave solve: 0.002773  ave ICP: 0.091552  map incre: 0.004667 ave total: 0.110123 icp: 0.082142 construct H: 0.000794 
[fastlio_mapping-2] [ mapping ]: time: IMU + Map + Input Downsample: 0.024133 ave match: 0.079265 ave solve: 0.002770  ave ICP: 0.091856  map incre: 0.005244 ave total: 0.110157 icp: 0.082171 construct H: 0.000793 
[fastlio_mapping-2] [ mapping ]: time: IMU + Map + Input Downsample: 0.020899 ave match: 0.079294 ave solve: 0.002767  ave ICP: 0.091417  map incre: 0.004564 ave total: 0.110177 icp: 0.082198 construct H: 0.000792 
[fastlio_mapping-2] [ mapping ]: time: IMU + Map + Input Downsample: 0.021342 ave match: 0.079325 ave solve: 0.002764  ave ICP: 0.091487  map incre: 0.005085 ave total: 0.110200 icp: 0.082226 construct H: 0.000791 
[fastlio_mapping-2] [ mapping ]: time: IMU + Map + Input Downsample: 0.020180 ave match: 0.079351 ave solve: 0.002762  ave ICP: 0.090524  map incre: 0.004291 ave total: 0.110215 icp: 0.082250 construct H: 0.000791 
[fastlio_mapping-2] [ mapping ]: time: IMU + Map + Input Downsample: 0.022831 ave match: 0.079373 ave solve: 0.002759  ave ICP: 0.088998  map incre: 0.004663 ave total: 0.110234 icp: 0.082269 construct H: 0.000790 
[fastlio_mapping-2] [ mapping ]: time: IMU + Map + Input Downsample: 0.021907 ave match: 0.079431 ave solve: 0.002760  ave ICP: 0.101713  map incre: 0.004924 ave total: 0.110289 icp: 0.082327 construct H: 0.000789 
[fastlio_mapping-2] [ mapping ]: time: IMU + Map + Input Downsample: 0.017453 ave match: 0.079433 ave solve: 0.002757  ave ICP: 0.082459  map incre: 0.005443 ave total: 0.110274 icp: 0.082326 construct H: 0.000788 
[fastlio_mapping-2] [ mapping ]: time: IMU + Map + Input Downsample: 0.012187 ave match: 0.079431 ave solve: 0.002754  ave ICP: 0.080889  map incre: 0.004290 ave total: 0.110235 icp: 0.082321 construct H: 0.000787 
[fastlio_mapping-2] [ mapping ]: time: IMU + Map + Input Downsample: 0.013297 ave match: 0.079433 ave solve: 0.002751  ave ICP: 0.082390  map incre: 0.003855 ave total: 0.110204 icp: 0.082320 construct H: 0.000787 
[fastlio_mapping-2] [ mapping ]: time: IMU + Map + Input Downsample: 0.021632 ave match: 0.079448 ave solve: 0.002748  ave ICP: 0.086433  map incre: 0.003892 ave total: 0.110209 icp: 0.082332 construct H: 0.000786 
[fastlio_mapping-2] [ mapping ]: time: IMU + Map + Input Downsample: 0.019279 ave match: 0.079468 ave solve: 0.002746  ave ICP: 0.088390  map incre: 0.006110 ave total: 0.110219 icp: 0.082349 construct H: 0.000785 
[fastlio_mapping-2] [ mapping ]: time: IMU + Map + Input Downsample: 0.018477 ave match: 0.079488 ave solve: 0.002743  ave ICP: 0.088423  map incre: 0.004102 ave total: 0.110222 icp: 0.082366 construct H: 0.000784 
[fastlio_mapping-2] [ mapping ]: time: IMU + Map + Input Downsample: 0.018270 ave match: 0.079509 ave solve: 0.002740  ave ICP: 0.088790  map incre: 0.004655 ave total: 0.110226 icp: 0.082384 construct H: 0.000783 
[fastlio_mapping-2] [ mapping ]: time: IMU + Map + Input Downsample: 0.017784 ave match: 0.079538 ave solve: 0.002737  ave ICP: 0.091676  map incre: 0.004885 ave total: 0.110238 icp: 0.082410 construct H: 0.000782 
[fastlio_mapping-2] [ mapping ]: time: IMU + Map + Input Downsample: 0.021718 ave match: 0.079560 ave solve: 0.002735  ave ICP: 0.089411  map incre: 0.005991 ave total: 0.110258 icp: 0.082430 construct H: 0.000782 
[fastlio_mapping-2] [ mapping ]: time: IMU + Map + Input Downsample: 0.020011 ave match: 0.079568 ave solve: 0.002732  ave ICP: 0.084564  map incre: 0.004256 ave total: 0.110254 icp: 0.082435 construct H: 0.000781 
[fastlio_mapping-2] [ mapping ]: time: IMU + Map + Input Downsample: 0.023955 ave match: 0.079587 ave solve: 0.002729  ave ICP: 0.088034  map incre: 0.003482 ave total: 0.110269 icp: 0.082451 construct H: 0.000780 
[fastlio_mapping-2] [ mapping ]: time: IMU + Map + Input Downsample: 0.012275 ave match: 0.079582 ave solve: 0.002727  ave ICP: 0.080207  map incre: 0.003670 ave total: 0.110228 icp: 0.082443 construct H: 0.000779 
[fastlio_mapping-2] [ mapping ]: time: IMU + Map + Input Downsample: 0.017295 ave match: 0.079597 ave solve: 0.002724  ave ICP: 0.087024  map incre: 0.004646 ave total: 0.110225 icp: 0.082456 construct H: 0.000778 
[fastlio_mapping-2] [ mapping ]: time: IMU + Map + Input Downsample: 0.023323 ave match: 0.079621 ave solve: 0.002721  ave ICP: 0.089894  map incre: 0.003485 ave total: 0.110243 icp: 0.082476 construct H: 0.000777 
[fastlio_mapping-2] [ mapping ]: time: IMU + Map + Input Downsample: 0.024294 ave match: 0.079643 ave solve: 0.002719  ave ICP: 0.089597  map incre: 0.003116 ave total: 0.110263 icp: 0.082496 construct H: 0.000776 
[fastlio_mapping-2] [ mapping ]: time: IMU + Map + Input Downsample: 0.022454 ave match: 0.079658 ave solve: 0.002716  ave ICP: 0.086924  map incre: 0.002587 ave total: 0.110268 icp: 0.082508 construct H: 0.000776 
[fastlio_mapping-2] [ mapping ]: time: IMU + Map + Input Downsample: 0.012689 ave match: 0.079652 ave solve: 0.002713  ave ICP: 0.079755  map incre: 0.003450 ave total: 0.110227 icp: 0.082499 construct H: 0.000775 
[fastlio_mapping-2] [ mapping ]: time: IMU + Map + Input Downsample: 0.023359 ave match: 0.079669 ave solve: 0.002710  ave ICP: 0.087947  map incre: 0.002620 ave total: 0.110237 icp: 0.082514 construct H: 0.000774 
[fastlio_mapping-2] [ mapping ]: time: IMU + Map + Input Downsample: 0.022332 ave match: 0.079692 ave solve: 0.002708  ave ICP: 0.089797  map incre: 0.002800 ave total: 0.110251 icp: 0.082533 construct H: 0.000773 
[fastlio_mapping-2] [ mapping ]: time: IMU + Map + Input Downsample: 0.020814 ave match: 0.079707 ave solve: 0.002705  ave ICP: 0.087050  map incre: 0.002546 ave total: 0.110251 icp: 0.082545 construct H: 0.000772 
[fastlio_mapping-2] [ mapping ]: time: IMU + Map + Input Downsample: 0.025984 ave match: 0.079755 ave solve: 0.002704  ave ICP: 0.099438  map incre: 0.002898 ave total: 0.110302 icp: 0.082592 construct H: 0.000772 
[fastlio_mapping-2] [ mapping ]: time: IMU + Map + Input Downsample: 0.016639 ave match: 0.079783 ave solve: 0.002701  ave ICP: 0.092023  map incre: 0.004563 ave total: 0.110310 icp: 0.082618 construct H: 0.000771 
[fastlio_mapping-2] [ mapping ]: time: IMU + Map + Input Downsample: 0.025148 ave match: 0.079794 ave solve: 0.002699  ave ICP: 0.085886  map incre: 0.002672 ave total: 0.110320 icp: 0.082626 construct H: 0.000770 
[fastlio_mapping-2] [ mapping ]: time: IMU + Map + Input Downsample: 0.021459 ave match: 0.079807 ave solve: 0.002696  ave ICP: 0.086794  map incre: 0.002829 ave total: 0.110322 icp: 0.082637 construct H: 0.000769 
[fastlio_mapping-2] [ mapping ]: time: IMU + Map + Input Downsample: 0.021183 ave match: 0.079831 ave solve: 0.002694  ave ICP: 0.090710  map incre: 0.002581 ave total: 0.110334 icp: 0.082658 construct H: 0.000769 
[fastlio_mapping-2] [ mapping ]: time: IMU + Map + Input Downsample: 0.023879 ave match: 0.079852 ave solve: 0.002691  ave ICP: 0.089430  map incre: 0.003335 ave total: 0.110351 icp: 0.082676 construct H: 0.000768 
[fastlio_mapping-2] [ mapping ]: time: IMU + Map + Input Downsample: 0.016324 ave match: 0.079859 ave solve: 0.002689  ave ICP: 0.084507  map incre: 0.003390 ave total: 0.110334 icp: 0.082680 construct H: 0.000767 
[fastlio_mapping-2] [ mapping ]: time: IMU + Map + Input Downsample: 0.023079 ave match: 0.079903 ave solve: 0.002686  ave ICP: 0.097969  map incre: 0.003033 ave total: 0.110372 icp: 0.082722 construct H: 0.000766 
[fastlio_mapping-2] [ mapping ]: time: IMU + Map + Input Downsample: 0.020758 ave match: 0.079931 ave solve: 0.002684  ave ICP: 0.092019  map incre: 0.002781 ave total: 0.110386 icp: 0.082747 construct H: 0.000766 
[fastlio_mapping-2] [ mapping ]: time: IMU + Map + Input Downsample: 0.026761 ave match: 0.079954 ave solve: 0.002682  ave ICP: 0.090765  map incre: 0.003255 ave total: 0.110415 icp: 0.082768 construct H: 0.000765 
[fastlio_mapping-2] [ mapping ]: time: IMU + Map + Input Downsample: 0.024448 ave match: 0.079974 ave solve: 0.002679  ave ICP: 0.089334  map incre: 0.003237 ave total: 0.110433 icp: 0.082785 construct H: 0.000764 
[fastlio_mapping-2] [ mapping ]: time: IMU + Map + Input Downsample: 0.026356 ave match: 0.079996 ave solve: 0.002676  ave ICP: 0.090011  map incre: 0.002952 ave total: 0.110458 icp: 0.082804 construct H: 0.000763 
[fastlio_mapping-2] [ mapping ]: time: IMU + Map + Input Downsample: 0.022080 ave match: 0.080021 ave solve: 0.002674  ave ICP: 0.091345  map incre: 0.003273 ave total: 0.110475 icp: 0.082827 construct H: 0.000762 
[fastlio_mapping-2] [ mapping ]: time: IMU + Map + Input Downsample: 0.021232 ave match: 0.080035 ave solve: 0.002672  ave ICP: 0.087468  map incre: 0.002820 ave total: 0.110478 icp: 0.082839 construct H: 0.000762 
[fastlio_mapping-2] [ mapping ]: time: IMU + Map + Input Downsample: 0.020260 ave match: 0.080051 ave solve: 0.002669  ave ICP: 0.087956  map incre: 0.002649 ave total: 0.110479 icp: 0.082852 construct H: 0.000761 
[fastlio_mapping-2] [ mapping ]: time: IMU + Map + Input Downsample: 0.026426 ave match: 0.080064 ave solve: 0.002666  ave ICP: 0.086900  map incre: 0.002890 ave total: 0.110494 icp: 0.082862 construct H: 0.000760 
[fastlio_mapping-2] [ mapping ]: time: IMU + Map + Input Downsample: 0.026211 ave match: 0.080085 ave solve: 0.002664  ave ICP: 0.090108  map incre: 0.003026 ave total: 0.110518 icp: 0.082880 construct H: 0.000759 
[fastlio_mapping-2] [ mapping ]: time: IMU + Map + Input Downsample: 0.021646 ave match: 0.080104 ave solve: 0.002661  ave ICP: 0.089247  map incre: 0.002781 ave total: 0.110527 icp: 0.082897 construct H: 0.000758 
[fastlio_mapping-2] [ mapping ]: time: IMU + Map + Input Downsample: 0.021058 ave match: 0.080125 ave solve: 0.002659  ave ICP: 0.090256  map incre: 0.002549 ave total: 0.110536 icp: 0.082916 construct H: 0.000758 
[fastlio_mapping-2] [ mapping ]: time: IMU + Map + Input Downsample: 0.021148 ave match: 0.080153 ave solve: 0.002657  ave ICP: 0.092327  map incre: 0.003007 ave total: 0.110551 icp: 0.082940 construct H: 0.000757 
[fastlio_mapping-2] [ mapping ]: time: IMU + Map + Input Downsample: 0.021747 ave match: 0.080182 ave solve: 0.002654  ave ICP: 0.093063  map incre: 0.002747 ave total: 0.110570 icp: 0.082967 construct H: 0.000756 
[fastlio_mapping-2] [ mapping ]: time: IMU + Map + Input Downsample: 0.023633 ave match: 0.080199 ave solve: 0.002652  ave ICP: 0.089002  map incre: 0.002898 ave total: 0.110583 icp: 0.082982 construct H: 0.000755 
[fastlio_mapping-2] [ mapping ]: time: IMU + Map + Input Downsample: 0.028072 ave match: 0.080236 ave solve: 0.002650  ave ICP: 0.096601  map incre: 0.002586 ave total: 0.110628 icp: 0.083017 construct H: 0.000755 
[fastlio_mapping-2] [ mapping ]: time: IMU + Map + Input Downsample: 0.019258 ave match: 0.080244 ave solve: 0.002648  ave ICP: 0.085459  map incre: 0.002579 ave total: 0.110619 icp: 0.083023 construct H: 0.000754 
[fastlio_mapping-2] [ mapping ]: time: IMU + Map + Input Downsample: 0.021585 ave match: 0.080278 ave solve: 0.002645  ave ICP: 0.095101  map incre: 0.002619 ave total: 0.110642 icp: 0.083054 construct H: 0.000753 
[fastlio_mapping-2] [ mapping ]: time: IMU + Map + Input Downsample: 0.024783 ave match: 0.080329 ave solve: 0.002644  ave ICP: 0.102043  map incre: 0.003133 ave total: 0.110693 icp: 0.083103 construct H: 0.000753 
[fastlio_mapping-2] [ mapping ]: time: IMU + Map + Input Downsample: 0.022599 ave match: 0.080345 ave solve: 0.002641  ave ICP: 0.088559  map incre: 0.002487 ave total: 0.110701 icp: 0.083117 construct H: 0.000752 
[fastlio_mapping-2] [ mapping ]: time: IMU + Map + Input Downsample: 0.021258 ave match: 0.080359 ave solve: 0.002639  ave ICP: 0.087681  map incre: 0.002497 ave total: 0.110703 icp: 0.083128 construct H: 0.000751 
[fastlio_mapping-2] [ mapping ]: time: IMU + Map + Input Downsample: 0.020184 ave match: 0.080364 ave solve: 0.002636  ave ICP: 0.084639  map incre: 0.002777 ave total: 0.110694 icp: 0.083131 construct H: 0.000750 
[fastlio_mapping-2] [ mapping ]: time: IMU + Map + Input Downsample: 0.023699 ave match: 0.080382 ave solve: 0.002634  ave ICP: 0.089131  map incre: 0.002514 ave total: 0.110707 icp: 0.083146 construct H: 0.000750 
[fastlio_mapping-2] [ mapping ]: time: IMU + Map + Input Downsample: 0.022038 ave match: 0.080412 ave solve: 0.002632  ave ICP: 0.094073  map incre: 0.002259 ave total: 0.110727 icp: 0.083174 construct H: 0.000749 
[fastlio_mapping-2] [ mapping ]: time: IMU + Map + Input Downsample: 0.021747 ave match: 0.080433 ave solve: 0.002629  ave ICP: 0.090881  map incre: 0.002412 ave total: 0.110738 icp: 0.083193 construct H: 0.000748 
[fastlio_mapping-2] [ mapping ]: time: IMU + Map + Input Downsample: 0.026407 ave match: 0.080473 ave solve: 0.002628  ave ICP: 0.098339  map incre: 0.002439 ave total: 0.110780 icp: 0.083231 construct H: 0.000747 
[fastlio_mapping-2] [ mapping ]: time: IMU + Map + Input Downsample: 0.021039 ave match: 0.080489 ave solve: 0.002625  ave ICP: 0.088767  map incre: 0.002461 ave total: 0.110784 icp: 0.083244 construct H: 0.000747 
[fastlio_mapping-2] [ mapping ]: time: IMU + Map + Input Downsample: 0.025722 ave match: 0.080530 ave solve: 0.002626  ave ICP: 0.099326  map incre: 0.002275 ave total: 0.110827 icp: 0.083285 construct H: 0.000747 
[fastlio_mapping-2] [ mapping ]: time: IMU + Map + Input Downsample: 0.024753 ave match: 0.080572 ave solve: 0.002624  ave ICP: 0.099033  map incre: 0.003762 ave total: 0.110870 icp: 0.083325 construct H: 0.000747 
[fastlio_mapping-2] [ mapping ]: time: IMU + Map + Input Downsample: 0.013187 ave match: 0.080567 ave solve: 0.002621  ave ICP: 0.080876  map incre: 0.004116 ave total: 0.110837 icp: 0.083318 construct H: 0.000746 
[fastlio_mapping-2] [ mapping ]: time: IMU + Map + Input Downsample: 0.020363 ave match: 0.080574 ave solve: 0.002619  ave ICP: 0.085056  map incre: 0.002581 ave total: 0.110830 icp: 0.083322 construct H: 0.000745 
[fastlio_mapping-2] [ mapping ]: time: IMU + Map + Input Downsample: 0.022759 ave match: 0.080585 ave solve: 0.002616  ave ICP: 0.087277  map incre: 0.003248 ave total: 0.110836 icp: 0.083331 construct H: 0.000745 
[fastlio_mapping-2] [ mapping ]: time: IMU + Map + Input Downsample: 0.021296 ave match: 0.080599 ave solve: 0.002614  ave ICP: 0.087850  map incre: 0.004859 ave total: 0.110844 icp: 0.083342 construct H: 0.000744 
[fastlio_mapping-2] [ mapping ]: time: IMU + Map + Input Downsample: 0.023056 ave match: 0.080615 ave solve: 0.002611  ave ICP: 0.089197  map incre: 0.005029 ave total: 0.110861 icp: 0.083356 construct H: 0.000743 
[fastlio_mapping-2] [ mapping ]: time: IMU + Map + Input Downsample: 0.022444 ave match: 0.080629 ave solve: 0.002609  ave ICP: 0.088291  map incre: 0.007539 ave total: 0.110879 icp: 0.083367 construct H: 0.000742 
[fastlio_mapping-2] [ mapping ]: time: IMU + Map + Input Downsample: 0.023593 ave match: 0.080653 ave solve: 0.002607  ave ICP: 0.092202  map incre: 0.002413 ave total: 0.110898 icp: 0.083389 construct H: 0.000742 
[fastlio_mapping-2] [ mapping ]: time: IMU + Map + Input Downsample: 0.020720 ave match: 0.080669 ave solve: 0.002604  ave ICP: 0.088987  map incre: 0.001970 ave total: 0.110900 icp: 0.083402 construct H: 0.000741 
[fastlio_mapping-2] [ mapping ]: time: IMU + Map + Input Downsample: 0.023510 ave match: 0.080684 ave solve: 0.002602  ave ICP: 0.088765  map incre: 0.002508 ave total: 0.110910 icp: 0.083415 construct H: 0.000740 
[fastlio_mapping-2] [ mapping ]: time: IMU + Map + Input Downsample: 0.025493 ave match: 0.080697 ave solve: 0.002600  ave ICP: 0.087840  map incre: 0.002407 ave total: 0.110922 icp: 0.083425 construct H: 0.000739 
[fastlio_mapping-2] [ mapping ]: time: IMU + Map + Input Downsample: 0.019285 ave match: 0.080701 ave solve: 0.002597  ave ICP: 0.084471  map incre: 0.002498 ave total: 0.110910 icp: 0.083427 construct H: 0.000739 
[fastlio_mapping-2] [ mapping ]: time: IMU + Map + Input Downsample: 0.021256 ave match: 0.080712 ave solve: 0.002595  ave ICP: 0.087156  map incre: 0.005371 ave total: 0.110917 icp: 0.083436 construct H: 0.000738 
[fastlio_mapping-2] [ mapping ]: time: IMU + Map + Input Downsample: 0.020574 ave match: 0.080721 ave solve: 0.002593  ave ICP: 0.086345  map incre: 0.002348 ave total: 0.110913 icp: 0.083442 construct H: 0.000737 
[fastlio_mapping-2] [ mapping ]: time: IMU + Map + Input Downsample: 0.025890 ave match: 0.080755 ave solve: 0.002592  ave ICP: 0.097196  map incre: 0.001951 ave total: 0.110948 icp: 0.083476 construct H: 0.000737 
[fastlio_mapping-2] [ mapping ]: time: IMU + Map + Input Downsample: 0.014001 ave match: 0.080770 ave solve: 0.002590  ave ICP: 0.088606  map incre: 0.002500 ave total: 0.110934 icp: 0.083488 construct H: 0.000736 
[fastlio_mapping-2] [ mapping ]: time: IMU + Map + Input Downsample: 0.018475 ave match: 0.080764 ave solve: 0.002587  ave ICP: 0.080443  map incre: 0.002218 ave total: 0.110910 icp: 0.083479 construct H: 0.000735 
[fastlio_mapping-2] [ mapping ]: time: IMU + Map + Input Downsample: 0.014073 ave match: 0.080760 ave solve: 0.002585  ave ICP: 0.080942  map incre: 0.003260 ave total: 0.110878 icp: 0.083472 construct H: 0.000734 
[fastlio_mapping-2] [ mapping ]: time: IMU + Map + Input Downsample: 0.022430 ave match: 0.080789 ave solve: 0.002583  ave ICP: 0.094724  map incre: 0.002272 ave total: 0.110899 icp: 0.083499 construct H: 0.000734 
[fastlio_mapping-2] [ mapping ]: time: IMU + Map + Input Downsample: 0.021385 ave match: 0.080810 ave solve: 0.002580  ave ICP: 0.091188  map incre: 0.002639 ave total: 0.110910 icp: 0.083517 construct H: 0.000733 
[fastlio_mapping-2] [ mapping ]: time: IMU + Map + Input Downsample: 0.020433 ave match: 0.080819 ave solve: 0.002578  ave ICP: 0.086523  map incre: 0.002134 ave total: 0.110906 icp: 0.083524 construct H: 0.000732 
[fastlio_mapping-2] [ mapping ]: time: IMU + Map + Input Downsample: 0.026810 ave match: 0.080855 ave solve: 0.002576  ave ICP: 0.097979  map incre: 0.002681 ave total: 0.110946 icp: 0.083558 construct H: 0.000732 
[fastlio_mapping-2] [ mapping ]: time: IMU + Map + Input Downsample: 0.025543 ave match: 0.080869 ave solve: 0.002574  ave ICP: 0.088398  map incre: 0.002090 ave total: 0.110958 icp: 0.083569 construct H: 0.000731 
[fastlio_mapping-2] [ mapping ]: time: IMU + Map + Input Downsample: 0.021588 ave match: 0.080901 ave solve: 0.002571  ave ICP: 0.096179  map incre: 0.002259 ave total: 0.110980 icp: 0.083599 construct H: 0.000730 
[fastlio_mapping-2] [ mapping ]: time: IMU + Map + Input Downsample: 0.022991 ave match: 0.080913 ave solve: 0.002569  ave ICP: 0.087905  map incre: 0.002236 ave total: 0.110986 icp: 0.083609 construct H: 0.000729 
[fastlio_mapping-2] [ mapping ]: time: IMU + Map + Input Downsample: 0.021542 ave match: 0.080928 ave solve: 0.002567  ave ICP: 0.089151  map incre: 0.002074 ave total: 0.110990 icp: 0.083621 construct H: 0.000729 
[fastlio_mapping-2] [ mapping ]: time: IMU + Map + Input Downsample: 0.020591 ave match: 0.080939 ave solve: 0.002565  ave ICP: 0.087866  map incre: 0.002263 ave total: 0.110989 icp: 0.083631 construct H: 0.000728 
[fastlio_mapping-2] [ mapping ]: time: IMU + Map + Input Downsample: 0.025852 ave match: 0.080962 ave solve: 0.002563  ave ICP: 0.092293  map incre: 0.001946 ave total: 0.111011 icp: 0.083651 construct H: 0.000727 
[fastlio_mapping-2] [ mapping ]: time: IMU + Map + Input Downsample: 0.026829 ave match: 0.080994 ave solve: 0.002561  ave ICP: 0.096481  map incre: 0.002936 ave total: 0.111048 icp: 0.083681 construct H: 0.000727 
[fastlio_mapping-2] [ mapping ]: time: IMU + Map + Input Downsample: 0.025580 ave match: 0.081018 ave solve: 0.002559  ave ICP: 0.093061  map incre: 0.002041 ave total: 0.111071 icp: 0.083703 construct H: 0.000726 
[fastlio_mapping-2] [ mapping ]: time: IMU + Map + Input Downsample: 0.023693 ave match: 0.081020 ave solve: 0.002557  ave ICP: 0.084056  map incre: 0.002580 ave total: 0.111069 icp: 0.083703 construct H: 0.000725 
[fastlio_mapping-2] [ mapping ]: time: IMU + Map + Input Downsample: 0.016578 ave match: 0.081016 ave solve: 0.002555  ave ICP: 0.082002  map incre: 0.003368 ave total: 0.111047 icp: 0.083697 construct H: 0.000725 
[fastlio_mapping-2] [ mapping ]: time: IMU + Map + Input Downsample: 0.023092 ave match: 0.081037 ave solve: 0.002553  ave ICP: 0.092132  map incre: 0.002579 ave total: 0.111063 icp: 0.083716 construct H: 0.000724 
[fastlio_mapping-2] [ mapping ]: time: IMU + Map + Input Downsample: 0.023186 ave match: 0.081047 ave solve: 0.002551  ave ICP: 0.087163  map incre: 0.002176 ave total: 0.111067 icp: 0.083723 construct H: 0.000724 
[fastlio_mapping-2] [ mapping ]: time: IMU + Map + Input Downsample: 0.022241 ave match: 0.081056 ave solve: 0.002549  ave ICP: 0.087009  map incre: 0.002261 ave total: 0.111068 icp: 0.083730 construct H: 0.000723 
[fastlio_mapping-2] [ mapping ]: time: IMU + Map + Input Downsample: 0.014212 ave match: 0.081040 ave solve: 0.002547  ave ICP: 0.076481  map incre: 0.002129 ave total: 0.111025 icp: 0.083712 construct H: 0.000722 
[fastlio_mapping-2] [ mapping ]: time: IMU + Map + Input Downsample: 0.026360 ave match: 0.081069 ave solve: 0.002545  ave ICP: 0.095431  map incre: 0.002833 ave total: 0.111057 icp: 0.083739 construct H: 0.000722 
[fastlio_mapping-2] [ mapping ]: time: IMU + Map + Input Downsample: 0.026109 ave match: 0.081066 ave solve: 0.002543  ave ICP: 0.082091  map incre: 0.002151 ave total: 0.111055 icp: 0.083735 construct H: 0.000721 
[fastlio_mapping-2] [ mapping ]: time: IMU + Map + Input Downsample: 0.023466 ave match: 0.081071 ave solve: 0.002541  ave ICP: 0.085132  map incre: 0.003707 ave total: 0.111058 icp: 0.083737 construct H: 0.000721 
[fastlio_mapping-2] [ mapping ]: time: IMU + Map + Input Downsample: 0.020779 ave match: 0.081081 ave solve: 0.002539  ave ICP: 0.087481  map incre: 0.005300 ave total: 0.111064 icp: 0.083745 construct H: 0.000720 
[fastlio_mapping-2] [ mapping ]: time: IMU + Map + Input Downsample: 0.015020 ave match: 0.081089 ave solve: 0.002538  ave ICP: 0.087787  map incre: 0.003671 ave total: 0.111053 icp: 0.083754 construct H: 0.000719 
[fastlio_mapping-2] [ mapping ]: time: IMU + Map + Input Downsample: 0.021530 ave match: 0.081093 ave solve: 0.002536  ave ICP: 0.084818  map incre: 0.002876 ave total: 0.111049 icp: 0.083756 construct H: 0.000719 
[fastlio_mapping-2] [ mapping ]: time: IMU + Map + Input Downsample: 0.023974 ave match: 0.081103 ave solve: 0.002534  ave ICP: 0.087606  map incre: 0.002595 ave total: 0.111056 icp: 0.083764 construct H: 0.000718 
[fastlio_mapping-2] [ mapping ]: time: IMU + Map + Input Downsample: 0.021566 ave match: 0.081114 ave solve: 0.002532  ave ICP: 0.087914  map incre: 0.001984 ave total: 0.111057 icp: 0.083773 construct H: 0.000718 
[fastlio_mapping-2] [ mapping ]: time: IMU + Map + Input Downsample: 0.020474 ave match: 0.081129 ave solve: 0.002530  ave ICP: 0.089309  map incre: 0.001787 ave total: 0.111058 icp: 0.083785 construct H: 0.000717 
[fastlio_mapping-2] [ mapping ]: time: IMU + Map + Input Downsample: 0.020881 ave match: 0.081150 ave solve: 0.002529  ave ICP: 0.092762  map incre: 0.001763 ave total: 0.111068 icp: 0.083805 construct H: 0.000716 
[fastlio_mapping-2] [ mapping ]: time: IMU + Map + Input Downsample: 0.023141 ave match: 0.081159 ave solve: 0.002527  ave ICP: 0.086793  map incre: 0.002256 ave total: 0.111071 icp: 0.083811 construct H: 0.000716 
[fastlio_mapping-2] [ mapping ]: time: IMU + Map + Input Downsample: 0.021078 ave match: 0.081176 ave solve: 0.002525  ave ICP: 0.090605  map incre: 0.001952 ave total: 0.111077 icp: 0.083826 construct H: 0.000715 
[fastlio_mapping-2] [ mapping ]: time: IMU + Map + Input Downsample: 0.024182 ave match: 0.081194 ave solve: 0.002523  ave ICP: 0.091477  map incre: 0.001730 ave total: 0.111091 icp: 0.083843 construct H: 0.000715 
[fastlio_mapping-2] [ mapping ]: time: IMU + Map + Input Downsample: 0.013953 ave match: 0.081188 ave solve: 0.002521  ave ICP: 0.080585  map incre: 0.002102 ave total: 0.111058 icp: 0.083835 construct H: 0.000714 
[fastlio_mapping-2] [ mapping ]: time: IMU + Map + Input Downsample: 0.023143 ave match: 0.081200 ave solve: 0.002519  ave ICP: 0.088382  map incre: 0.001679 ave total: 0.111063 icp: 0.083844 construct H: 0.000713 
[fastlio_mapping-2] [ mapping ]: time: IMU + Map + Input Downsample: 0.023831 ave match: 0.081211 ave solve: 0.002518  ave ICP: 0.088393  map incre: 0.002053 ave total: 0.111070 icp: 0.083854 construct H: 0.000713 
[fastlio_mapping-2] [ mapping ]: time: IMU + Map + Input Downsample: 0.024875 ave match: 0.081254 ave solve: 0.002517  ave ICP: 0.102819  map incre: 0.002125 ave total: 0.111113 icp: 0.083896 construct H: 0.000712 
[fastlio_mapping-2] [ mapping ]: time: IMU + Map + Input Downsample: 0.024757 ave match: 0.081265 ave solve: 0.002515  ave ICP: 0.088581  map incre: 0.001981 ave total: 0.111122 icp: 0.083906 construct H: 0.000712 
[fastlio_mapping-2] [ mapping ]: time: IMU + Map + Input Downsample: 0.013372 ave match: 0.081259 ave solve: 0.002514  ave ICP: 0.080352  map incre: 0.001948 ave total: 0.111088 icp: 0.083897 construct H: 0.000711 
[fastlio_mapping-2] [ mapping ]: time: IMU + Map + Input Downsample: 0.023711 ave match: 0.081270 ave solve: 0.002512  ave ICP: 0.088445  map incre: 0.001983 ave total: 0.111094 icp: 0.083907 construct H: 0.000711 
[fastlio_mapping-2] [ mapping ]: time: IMU + Map + Input Downsample: 0.024359 ave match: 0.081310 ave solve: 0.002510  ave ICP: 0.101227  map incre: 0.001815 ave total: 0.111131 icp: 0.083945 construct H: 0.000710 
[fastlio_mapping-2] [ mapping ]: time: IMU + Map + Input Downsample: 0.025245 ave match: 0.081353 ave solve: 0.002509  ave ICP: 0.102600  map incre: 0.002021 ave total: 0.111173 icp: 0.083986 construct H: 0.000710 
[fastlio_mapping-2] [ mapping ]: time: IMU + Map + Input Downsample: 0.018237 ave match: 0.081360 ave solve: 0.002507  ave ICP: 0.086520  map incre: 0.002187 ave total: 0.111164 icp: 0.083991 construct H: 0.000709 
[fastlio_mapping-2] [ mapping ]: time: IMU + Map + Input Downsample: 0.024615 ave match: 0.081380 ave solve: 0.002505  ave ICP: 0.092544  map incre: 0.001907 ave total: 0.111181 icp: 0.084010 construct H: 0.000709 
[fastlio_mapping-2] [ mapping ]: time: IMU + Map + Input Downsample: 0.025127 ave match: 0.081420 ave solve: 0.002506  ave ICP: 0.103144  map incre: 0.003634 ave total: 0.111227 icp: 0.084051 construct H: 0.000708 
[fastlio_mapping-2] [ mapping ]: time: IMU + Map + Input Downsample: 0.025547 ave match: 0.081432 ave solve: 0.002505  ave ICP: 0.088861  map incre: 0.002105 ave total: 0.111239 icp: 0.084061 construct H: 0.000708 
[fastlio_mapping-2] [ mapping ]: time: IMU + Map + Input Downsample: 0.020546 ave match: 0.081460 ave solve: 0.002503  ave ICP: 0.096144  map incre: 0.001975 ave total: 0.111256 icp: 0.084087 construct H: 0.000707 
[fastlio_mapping-2] [ mapping ]: time: IMU + Map + Input Downsample: 0.019557 ave match: 0.081474 ave solve: 0.002501  ave ICP: 0.090370  map incre: 0.002067 ave total: 0.111257 icp: 0.084100 construct H: 0.000707 
[fastlio_mapping-2] [ mapping ]: time: IMU + Map + Input Downsample: 0.022157 ave match: 0.081503 ave solve: 0.002500  ave ICP: 0.096603  map incre: 0.002381 ave total: 0.111279 icp: 0.084127 construct H: 0.000706 
[fastlio_mapping-2] [ mapping ]: time: IMU + Map + Input Downsample: 0.024137 ave match: 0.081518 ave solve: 0.002499  ave ICP: 0.090680  map incre: 0.002237 ave total: 0.111292 icp: 0.084141 construct H: 0.000706 
[fastlio_mapping-2] [ mapping ]: time: IMU + Map + Input Downsample: 0.021988 ave match: 0.081541 ave solve: 0.002497  ave ICP: 0.094392  map incre: 0.002188 ave total: 0.111308 icp: 0.084163 construct H: 0.000705 
[fastlio_mapping-2] [ mapping ]: time: IMU + Map + Input Downsample: 0.024238 ave match: 0.081590 ave solve: 0.002496  ave ICP: 0.105654  map incre: 0.002215 ave total: 0.111353 icp: 0.084209 construct H: 0.000705 
[fastlio_mapping-2] [ mapping ]: time: IMU + Map + Input Downsample: 0.019172 ave match: 0.081624 ave solve: 0.002494  ave ICP: 0.099556  map incre: 0.002379 ave total: 0.111375 icp: 0.084242 construct H: 0.000704 
[fastlio_mapping-2] [ mapping ]: time: IMU + Map + Input Downsample: 0.016187 ave match: 0.081646 ave solve: 0.002493  ave ICP: 0.093940  map incre: 0.002055 ave total: 0.111377 icp: 0.084263 construct H: 0.000704 
[fastlio_mapping-2] [ mapping ]: time: IMU + Map + Input Downsample: 0.022733 ave match: 0.081659 ave solve: 0.002491  ave ICP: 0.089867  map incre: 0.002220 ave total: 0.111384 icp: 0.084274 construct H: 0.000703 
[fastlio_mapping-2] [ mapping ]: time: IMU + Map + Input Downsample: 0.025148 ave match: 0.081705 ave solve: 0.002490  ave ICP: 0.105670  map incre: 0.004167 ave total: 0.111435 icp: 0.084320 construct H: 0.000703 
[fastlio_mapping-2] [ mapping ]: time: IMU + Map + Input Downsample: 0.021815 ave match: 0.081720 ave solve: 0.002489  ave ICP: 0.090857  map incre: 0.002381 ave total: 0.111443 icp: 0.084333 construct H: 0.000703 
[fastlio_mapping-2] [ mapping ]: time: IMU + Map + Input Downsample: 0.020626 ave match: 0.081742 ave solve: 0.002488  ave ICP: 0.094415  map incre: 0.002881 ave total: 0.111457 icp: 0.084354 construct H: 0.000702 
[fastlio_mapping-2] [ mapping ]: time: IMU + Map + Input Downsample: 0.021430 ave match: 0.081768 ave solve: 0.002487  ave ICP: 0.095945  map incre: 0.002263 ave total: 0.111475 icp: 0.084379 construct H: 0.000702 
[fastlio_mapping-2] [ mapping ]: time: IMU + Map + Input Downsample: 0.021999 ave match: 0.081787 ave solve: 0.002485  ave ICP: 0.092815  map incre: 0.002209 ave total: 0.111487 icp: 0.084396 construct H: 0.000701 
[fastlio_mapping-2] [ mapping ]: time: IMU + Map + Input Downsample: 0.023327 ave match: 0.081809 ave solve: 0.002484  ave ICP: 0.094679  map incre: 0.002374 ave total: 0.111506 icp: 0.084418 construct H: 0.000701 
[fastlio_mapping-2] [ mapping ]: time: IMU + Map + Input Downsample: 0.019648 ave match: 0.081825 ave solve: 0.002483  ave ICP: 0.091376  map incre: 0.002390 ave total: 0.111510 icp: 0.084432 construct H: 0.000701 
[fastlio_mapping-2] [ mapping ]: time: IMU + Map + Input Downsample: 0.021720 ave match: 0.081835 ave solve: 0.002482  ave ICP: 0.088677  map incre: 0.002362 ave total: 0.111513 icp: 0.084441 construct H: 0.000700 
[fastlio_mapping-2] [ mapping ]: time: IMU + Map + Input Downsample: 0.021141 ave match: 0.081860 ave solve: 0.002480  ave ICP: 0.095877  map incre: 0.004082 ave total: 0.111533 icp: 0.084464 construct H: 0.000700 
[fastlio_mapping-2] [ mapping ]: time: IMU + Map + Input Downsample: 0.023177 ave match: 0.081890 ave solve: 0.002479  ave ICP: 0.098396  map incre: 0.011769 ave total: 0.111580 icp: 0.084493 construct H: 0.000699 
[fastlio_mapping-2] [ mapping ]: time: IMU + Map + Input Downsample: 0.021578 ave match: 0.081917 ave solve: 0.002478  ave ICP: 0.096585  map incre: 0.007883 ave total: 0.111610 icp: 0.084519 construct H: 0.000699 
[fastlio_mapping-2] [ mapping ]: time: IMU + Map + Input Downsample: 0.014635 ave match: 0.081929 ave solve: 0.002477  ave ICP: 0.089967  map incre: 0.005234 ave total: 0.111607 icp: 0.084530 construct H: 0.000699 
[fastlio_mapping-2] [ mapping ]: time: IMU + Map + Input Downsample: 0.015206 ave match: 0.081943 ave solve: 0.002476  ave ICP: 0.090993  map incre: 0.005838 ave total: 0.111608 icp: 0.084543 construct H: 0.000698 
[fastlio_mapping-2] [ mapping ]: time: IMU + Map + Input Downsample: 0.025573 ave match: 0.081961 ave solve: 0.002475  ave ICP: 0.093010  map incre: 0.004611 ave total: 0.111632 icp: 0.084560 construct H: 0.000698 
[fastlio_mapping-2] [ mapping ]: time: IMU + Map + Input Downsample: 0.019857 ave match: 0.081973 ave solve: 0.002474  ave ICP: 0.089998  map incre: 0.004965 ave total: 0.111639 icp: 0.084571 construct H: 0.000698 
[fastlio_mapping-2] [ mapping ]: time: IMU + Map + Input Downsample: 0.019292 ave match: 0.081982 ave solve: 0.002472  ave ICP: 0.088719  map incre: 0.003435 ave total: 0.111638 icp: 0.084579 construct H: 0.000697 
[fastlio_mapping-2] [ mapping ]: time: IMU + Map + Input Downsample: 0.023506 ave match: 0.082005 ave solve: 0.002471  ave ICP: 0.094896  map incre: 0.002959 ave total: 0.111659 icp: 0.084600 construct H: 0.000697 
[fastlio_mapping-2] [ mapping ]: time: IMU + Map + Input Downsample: 0.024069 ave match: 0.082026 ave solve: 0.002470  ave ICP: 0.094270  map incre: 0.002667 ave total: 0.111678 icp: 0.084619 construct H: 0.000697 
[fastlio_mapping-2] [ mapping ]: time: IMU + Map + Input Downsample: 0.019779 ave match: 0.082039 ave solve: 0.002469  ave ICP: 0.090783  map incre: 0.002317 ave total: 0.111681 icp: 0.084631 construct H: 0.000696 
[fastlio_mapping-2] [ mapping ]: time: IMU + Map + Input Downsample: 0.020716 ave match: 0.082046 ave solve: 0.002467  ave ICP: 0.087183  map incre: 0.002075 ave total: 0.111677 icp: 0.084636 construct H: 0.000696 
[fastlio_mapping-2] [ mapping ]: time: IMU + Map + Input Downsample: 0.026291 ave match: 0.082090 ave solve: 0.002466  ave ICP: 0.105921  map incre: 0.002546 ave total: 0.111725 icp: 0.084680 construct H: 0.000695 
[fastlio_mapping-2] [ mapping ]: time: IMU + Map + Input Downsample: 0.025631 ave match: 0.082126 ave solve: 0.002465  ave ICP: 0.102232  map incre: 0.002566 ave total: 0.111764 icp: 0.084715 construct H: 0.000695 
[fastlio_mapping-2] [ mapping ]: time: IMU + Map + Input Downsample: 0.025365 ave match: 0.082161 ave solve: 0.002464  ave ICP: 0.101358  map incre: 0.002154 ave total: 0.111800 icp: 0.084749 construct H: 0.000695 
[fastlio_mapping-2] [ mapping ]: time: IMU + Map + Input Downsample: 0.013002 ave match: 0.082161 ave solve: 0.002463  ave ICP: 0.084279  map incre: 0.006319 ave total: 0.111783 icp: 0.084747 construct H: 0.000694 
[fastlio_mapping-2] [ mapping ]: time: IMU + Map + Input Downsample: 0.013406 ave match: 0.082160 ave solve: 0.002461  ave ICP: 0.083948  map incre: 0.005878 ave total: 0.111765 icp: 0.084745 construct H: 0.000694 
[fastlio_mapping-2] [ mapping ]: time: IMU + Map + Input Downsample: 0.019154 ave match: 0.082162 ave solve: 0.002460  ave ICP: 0.085333  map incre: 0.004177 ave total: 0.111759 icp: 0.084745 construct H: 0.000693 
[fastlio_mapping-2] [ mapping ]: time: IMU + Map + Input Downsample: 0.020498 ave match: 0.082188 ave solve: 0.002459  ave ICP: 0.097343  map incre: 0.004350 ave total: 0.111780 icp: 0.084771 construct H: 0.000693 
[fastlio_mapping-2] [ mapping ]: time: IMU + Map + Input Downsample: 0.024480 ave match: 0.082196 ave solve: 0.002457  ave ICP: 0.088152  map incre: 0.003749 ave total: 0.111790 icp: 0.084777 construct H: 0.000693 
[fastlio_mapping-2] [ mapping ]: time: IMU + Map + Input Downsample: 0.018879 ave match: 0.082202 ave solve: 0.002456  ave ICP: 0.087395  map incre: 0.003966 ave total: 0.111787 icp: 0.084782 construct H: 0.000692 
[fastlio_mapping-2] [ mapping ]: time: IMU + Map + Input Downsample: 0.024726 ave match: 0.082248 ave solve: 0.002455  ave ICP: 0.106733  map incre: 0.004246 ave total: 0.111835 icp: 0.084826 construct H: 0.000692 
[fastlio_mapping-2] [ mapping ]: time: IMU + Map + Input Downsample: 0.026065 ave match: 0.082282 ave solve: 0.002454  ave ICP: 0.101692  map incre: 0.005714 ave total: 0.111880 icp: 0.084859 construct H: 0.000692 
[fastlio_mapping-2] [ mapping ]: time: IMU + Map + Input Downsample: 0.019550 ave match: 0.082287 ave solve: 0.002453  ave ICP: 0.086960  map incre: 0.003815 ave total: 0.111876 icp: 0.084863 construct H: 0.000692 
[fastlio_mapping-2] [ mapping ]: time: IMU + Map + Input Downsample: 0.022691 ave match: 0.082301 ave solve: 0.002452  ave ICP: 0.091706  map incre: 0.004060 ave total: 0.111890 icp: 0.084876 construct H: 0.000691 
[fastlio_mapping-2] [ mapping ]: time: IMU + Map + Input Downsample: 0.020248 ave match: 0.082299 ave solve: 0.002450  ave ICP: 0.083033  map incre: 0.002491 ave total: 0.111877 icp: 0.084872 construct H: 0.000691 
[fastlio_mapping-2] [ mapping ]: time: IMU + Map + Input Downsample: 0.024192 ave match: 0.082322 ave solve: 0.002449  ave ICP: 0.099158  map incre: 0.003026 ave total: 0.111907 icp: 0.084894 construct H: 0.000690 
[fastlio_mapping-2] [ mapping ]: time: IMU + Map + Input Downsample: 0.012328 ave match: 0.082314 ave solve: 0.002447  ave ICP: 0.080667  map incre: 0.002494 ave total: 0.111874 icp: 0.084885 construct H: 0.000690 
[fastlio_mapping-2] [ mapping ]: time: IMU + Map + Input Downsample: 0.019327 ave match: 0.082313 ave solve: 0.002446  ave ICP: 0.083554  map incre: 0.002012 ave total: 0.111860 icp: 0.084881 construct H: 0.000689 
[fastlio_mapping-2] [ mapping ]: time: IMU + Map + Input Downsample: 0.021779 ave match: 0.082315 ave solve: 0.002444  ave ICP: 0.085472  map incre: 0.002430 ave total: 0.111855 icp: 0.084882 construct H: 0.000689 
[fastlio_mapping-2] [ mapping ]: time: IMU + Map + Input Downsample: 0.019686 ave match: 0.082326 ave solve: 0.002443  ave ICP: 0.090078  map incre: 0.002298 ave total: 0.111856 icp: 0.084892 construct H: 0.000689 
[fastlio_mapping-2] [ mapping ]: time: IMU + Map + Input Downsample: 0.021900 ave match: 0.082329 ave solve: 0.002442  ave ICP: 0.086257  map incre: 0.002242 ave total: 0.111853 icp: 0.084894 construct H: 0.000688 
[fastlio_mapping-2] [ mapping ]: time: IMU + Map + Input Downsample: 0.021900 ave match: 0.082344 ave solve: 0.002440  ave ICP: 0.091633  map incre: 0.002736 ave total: 0.111861 icp: 0.084906 construct H: 0.000688 
[fastlio_mapping-2] [ mapping ]: time: IMU + Map + Input Downsample: 0.020434 ave match: 0.082363 ave solve: 0.002439  ave ICP: 0.094252  map incre: 0.002921 ave total: 0.111873 icp: 0.084924 construct H: 0.000687 
[fastlio_mapping-2] [ mapping ]: time: IMU + Map + Input Downsample: 0.020331 ave match: 0.082368 ave solve: 0.002437  ave ICP: 0.086830  map incre: 0.003734 ave total: 0.111871 icp: 0.084928 construct H: 0.000687 
[fastlio_mapping-2] [ mapping ]: time: IMU + Map + Input Downsample: 0.022789 ave match: 0.082394 ave solve: 0.002437  ave ICP: 0.097825  map incre: 0.003158 ave total: 0.111895 icp: 0.084952 construct H: 0.000686 
[fastlio_mapping-2] [ mapping ]: time: IMU + Map + Input Downsample: 0.013873 ave match: 0.082395 ave solve: 0.002435  ave ICP: 0.085255  map incre: 0.002983 ave total: 0.111875 icp: 0.084953 construct H: 0.000686 
[fastlio_mapping-2] [ mapping ]: time: IMU + Map + Input Downsample: 0.013277 ave match: 0.082386 ave solve: 0.002434  ave ICP: 0.079823  map incre: 0.002572 ave total: 0.111843 icp: 0.084942 construct H: 0.000686 
[fastlio_mapping-2] [ mapping ]: time: IMU + Map + Input Downsample: 0.023452 ave match: 0.082410 ave solve: 0.002433  ave ICP: 0.097585  map incre: 0.003262 ave total: 0.111868 icp: 0.084966 construct H: 0.000685 
[fastlio_mapping-2] [ mapping ]: time: IMU + Map + Input Downsample: 0.023011 ave match: 0.082434 ave solve: 0.002433  ave ICP: 0.097350  map incre: 0.003307 ave total: 0.111891 icp: 0.084990 construct H: 0.000685 
[fastlio_mapping-2] [ mapping ]: time: IMU + Map + Input Downsample: 0.019201 ave match: 0.082442 ave solve: 0.002432  ave ICP: 0.088496  map incre: 0.002996 ave total: 0.111889 icp: 0.084996 construct H: 0.000684 
[fastlio_mapping-2] [ mapping ]: time: IMU + Map + Input Downsample: 0.021347 ave match: 0.082445 ave solve: 0.002430  ave ICP: 0.085870  map incre: 0.002559 ave total: 0.111885 icp: 0.084997 construct H: 0.000684 
[fastlio_mapping-2] [ mapping ]: time: IMU + Map + Input Downsample: 0.019025 ave match: 0.082442 ave solve: 0.002429  ave ICP: 0.083002  map incre: 0.002371 ave total: 0.111870 icp: 0.084992 construct H: 0.000683 
[fastlio_mapping-2] [ mapping ]: time: IMU + Map + Input Downsample: 0.020125 ave match: 0.082445 ave solve: 0.002427  ave ICP: 0.086131  map incre: 0.002541 ave total: 0.111864 icp: 0.084994 construct H: 0.000683 
[fastlio_mapping-2] [ mapping ]: time: IMU + Map + Input Downsample: 0.019683 ave match: 0.082450 ave solve: 0.002426  ave ICP: 0.086998  map incre: 0.002671 ave total: 0.111859 icp: 0.084997 construct H: 0.000683 
[fastlio_mapping-2] [ mapping ]: time: IMU + Map + Input Downsample: 0.022201 ave match: 0.082473 ave solve: 0.002425  ave ICP: 0.096454  map incre: 0.003700 ave total: 0.111879 icp: 0.085019 construct H: 0.000682 
[fastlio_mapping-2] [ mapping ]: time: IMU + Map + Input Downsample: 0.021566 ave match: 0.082486 ave solve: 0.002423  ave ICP: 0.091582  map incre: 0.002788 ave total: 0.111887 icp: 0.085031 construct H: 0.000682 
[fastlio_mapping-2] [ mapping ]: time: IMU + Map + Input Downsample: 0.020030 ave match: 0.082497 ave solve: 0.002422  ave ICP: 0.089899  map incre: 0.002739 ave total: 0.111889 icp: 0.085040 construct H: 0.000681 
[fastlio_mapping-2] [ mapping ]: time: IMU + Map + Input Downsample: 0.023674 ave match: 0.082524 ave solve: 0.002421  ave ICP: 0.099107  map incre: 0.003331 ave total: 0.111916 icp: 0.085066 construct H: 0.000681 
[fastlio_mapping-2] [ mapping ]: time: IMU + Map + Input Downsample: 0.019218 ave match: 0.082523 ave solve: 0.002419  ave ICP: 0.084304  map incre: 0.001987 ave total: 0.111904 icp: 0.085064 construct H: 0.000680 
[fastlio_mapping-2] [ mapping ]: time: IMU + Map + Input Downsample: 0.022097 ave match: 0.082536 ave solve: 0.002418  ave ICP: 0.091337  map incre: 0.005824 ave total: 0.111918 icp: 0.085076 construct H: 0.000680 
[fastlio_mapping-2] [ mapping ]: time: IMU + Map + Input Downsample: 0.024239 ave match: 0.082538 ave solve: 0.002417  ave ICP: 0.085286  map incre: 0.003112 ave total: 0.111920 icp: 0.085076 construct H: 0.000679 
[fastlio_mapping-2] [ mapping ]: time: IMU + Map + Input Downsample: 0.023019 ave match: 0.082549 ave solve: 0.002415  ave ICP: 0.090205  map incre: 0.002940 ave total: 0.111928 icp: 0.085085 construct H: 0.000679 
[fastlio_mapping-2] [ mapping ]: time: IMU + Map + Input Downsample: 0.022854 ave match: 0.082551 ave solve: 0.002414  ave ICP: 0.086078  map incre: 0.002817 ave total: 0.111927 icp: 0.085086 construct H: 0.000678 
[fastlio_mapping-2] [ mapping ]: time: IMU + Map + Input Downsample: 0.020310 ave match: 0.082560 ave solve: 0.002412  ave ICP: 0.089032  map incre: 0.002712 ave total: 0.111928 icp: 0.085093 construct H: 0.000678 
[fastlio_mapping-2] [ mapping ]: time: IMU + Map + Input Downsample: 0.020512 ave match: 0.082560 ave solve: 0.002411  ave ICP: 0.084854  map incre: 0.002454 ave total: 0.111920 icp: 0.085092 construct H: 0.000678 
[fastlio_mapping-2] [ mapping ]: time: IMU + Map + Input Downsample: 0.020469 ave match: 0.082565 ave solve: 0.002409  ave ICP: 0.087022  map incre: 0.002666 ave total: 0.111916 icp: 0.085095 construct H: 0.000677 
[fastlio_mapping-2] [ mapping ]: time: IMU + Map + Input Downsample: 0.022483 ave match: 0.082569 ave solve: 0.002408  ave ICP: 0.086924  map incre: 0.003245 ave total: 0.111918 icp: 0.085098 construct H: 0.000677 
[fastlio_mapping-2] [ mapping ]: time: IMU + Map + Input Downsample: 0.021413 ave match: 0.082572 ave solve: 0.002406  ave ICP: 0.086313  map incre: 0.002639 ave total: 0.111915 icp: 0.085100 construct H: 0.000676 
[fastlio_mapping-2] [ mapping ]: time: IMU + Map + Input Downsample: 0.025671 ave match: 0.082578 ave solve: 0.002405  ave ICP: 0.087464  map incre: 0.002702 ave total: 0.111922 icp: 0.085104 construct H: 0.000676 
[fastlio_mapping-2] [ mapping ]: time: IMU + Map + Input Downsample: 0.023673 ave match: 0.082583 ave solve: 0.002404  ave ICP: 0.087733  map incre: 0.002853 ave total: 0.111927 icp: 0.085108 construct H: 0.000675 
[fastlio_mapping-2] [ mapping ]: time: IMU + Map + Input Downsample: 0.025184 ave match: 0.082586 ave solve: 0.002402  ave ICP: 0.085960  map incre: 0.002853 ave total: 0.111931 icp: 0.085109 construct H: 0.000675 
[fastlio_mapping-2] [ mapping ]: time: IMU + Map + Input Downsample: 0.022890 ave match: 0.082592 ave solve: 0.002401  ave ICP: 0.088085  map incre: 0.002996 ave total: 0.111934 icp: 0.085114 construct H: 0.000675 
[fastlio_mapping-2] [ mapping ]: time: IMU + Map + Input Downsample: 0.013080 ave match: 0.082582 ave solve: 0.002400  ave ICP: 0.079119  map incre: 0.002304 ave total: 0.111902 icp: 0.085102 construct H: 0.000674 
[fastlio_mapping-2] [ mapping ]: time: IMU + Map + Input Downsample: 0.017807 ave match: 0.082583 ave solve: 0.002398  ave ICP: 0.085244  map incre: 0.001944 ave total: 0.111889 icp: 0.085102 construct H: 0.000674 
[fastlio_mapping-2] [ mapping ]: time: IMU + Map + Input Downsample: 0.023277 ave match: 0.082593 ave solve: 0.002397  ave ICP: 0.089601  map incre: 0.002229 ave total: 0.111895 icp: 0.085109 construct H: 0.000673 
[fastlio_mapping-2] [ mapping ]: time: IMU + Map + Input Downsample: 0.025843 ave match: 0.082599 ave solve: 0.002395  ave ICP: 0.088206  map incre: 0.002132 ave total: 0.111903 icp: 0.085115 construct H: 0.000673 
[fastlio_mapping-2] [ mapping ]: time: IMU + Map + Input Downsample: 0.023716 ave match: 0.082609 ave solve: 0.002394  ave ICP: 0.089954  map incre: 0.002056 ave total: 0.111910 icp: 0.085123 construct H: 0.000672 
[fastlio_mapping-2] [ mapping ]: time: IMU + Map + Input Downsample: 0.012939 ave match: 0.082598 ave solve: 0.002392  ave ICP: 0.078368  map incre: 0.001807 ave total: 0.111875 icp: 0.085110 construct H: 0.000672 
[fastlio_mapping-2] [ mapping ]: time: IMU + Map + Input Downsample: 0.016183 ave match: 0.082611 ave solve: 0.002391  ave ICP: 0.091838  map incre: 0.001926 ave total: 0.111871 icp: 0.085122 construct H: 0.000671 
[fastlio_mapping-2] [ mapping ]: time: IMU + Map + Input Downsample: 0.025660 ave match: 0.082617 ave solve: 0.002389  ave ICP: 0.087671  map incre: 0.002134 ave total: 0.111878 icp: 0.085126 construct H: 0.000671 
[fastlio_mapping-2] [ mapping ]: time: IMU + Map + Input Downsample: 0.023200 ave match: 0.082627 ave solve: 0.002388  ave ICP: 0.090558  map incre: 0.001931 ave total: 0.111885 icp: 0.085135 construct H: 0.000670 
[fastlio_mapping-2] [ mapping ]: time: IMU + Map + Input Downsample: 0.024670 ave match: 0.082642 ave solve: 0.002387  ave ICP: 0.092385  map incre: 0.001919 ave total: 0.111898 icp: 0.085148 construct H: 0.000670 
[fastlio_mapping-2] [ mapping ]: time: IMU + Map + Input Downsample: 0.023323 ave match: 0.082659 ave solve: 0.002385  ave ICP: 0.093950  map incre: 0.005144 ave total: 0.111918 icp: 0.085164 construct H: 0.000670 
[fastlio_mapping-2] [ mapping ]: time: IMU + Map + Input Downsample: 0.014360 ave match: 0.082654 ave solve: 0.002384  ave ICP: 0.081919  map incre: 0.005898 ave total: 0.111900 icp: 0.085157 construct H: 0.000669 
[fastlio_mapping-2] [ mapping ]: time: IMU + Map + Input Downsample: 0.025702 ave match: 0.082662 ave solve: 0.002383  ave ICP: 0.089042  map incre: 0.002083 ave total: 0.111909 icp: 0.085164 construct H: 0.000669 
[fastlio_mapping-2] [ mapping ]: time: IMU + Map + Input Downsample: 0.022489 ave match: 0.082674 ave solve: 0.002381  ave ICP: 0.091288  map incre: 0.002151 ave total: 0.111916 icp: 0.085174 construct H: 0.000668 
[fastlio_mapping-2] [ mapping ]: time: IMU + Map + Input Downsample: 0.025932 ave match: 0.082684 ave solve: 0.002380  ave ICP: 0.090004  map incre: 0.001954 ave total: 0.111927 icp: 0.085183 construct H: 0.000668 
[fastlio_mapping-2] [ mapping ]: time: IMU + Map + Input Downsample: 0.023397 ave match: 0.082697 ave solve: 0.002378  ave ICP: 0.091917  map incre: 0.001411 ave total: 0.111936 icp: 0.085194 construct H: 0.000667 
[fastlio_mapping-2] [ mapping ]: time: IMU + Map + Input Downsample: 0.013282 ave match: 0.082694 ave solve: 0.002377  ave ICP: 0.082830  map incre: 0.003534 ave total: 0.111913 icp: 0.085190 construct H: 0.000667 
[fastlio_mapping-2] [ mapping ]: time: IMU + Map + Input Downsample: 0.027062 ave match: 0.082729 ave solve: 0.002376  ave ICP: 0.104571  map incre: 0.002667 ave total: 0.111954 icp: 0.085224 construct H: 0.000667 
[fastlio_mapping-2] [ mapping ]: time: IMU + Map + Input Downsample: 0.024151 ave match: 0.082758 ave solve: 0.002375  ave ICP: 0.101033  map incre: 0.002092 ave total: 0.111982 icp: 0.085252 construct H: 0.000666 
[fastlio_mapping-2] [ mapping ]: time: IMU + Map + Input Downsample: 0.024291 ave match: 0.082770 ave solve: 0.002374  ave ICP: 0.091036  map incre: 0.002129 ave total: 0.111992 icp: 0.085262 construct H: 0.000666 
[fastlio_mapping-2] [ mapping ]: time: IMU + Map + Input Downsample: 0.013183 ave match: 0.082779 ave solve: 0.002372  ave ICP: 0.090314  map incre: 0.003288 ave total: 0.111983 icp: 0.085271 construct H: 0.000665 
[fastlio_mapping-2] [ mapping ]: time: IMU + Map + Input Downsample: 0.019031 ave match: 0.082784 ave solve: 0.002371  ave ICP: 0.087148  map incre: 0.002630 ave total: 0.111977 icp: 0.085274 construct H: 0.000665 
[fastlio_mapping-2] [ mapping ]: time: IMU + Map + Input Downsample: 0.025658 ave match: 0.082790 ave solve: 0.002370  ave ICP: 0.088436  map incre: 0.002073 ave total: 0.111984 icp: 0.085279 construct H: 0.000664 
[fastlio_mapping-2] [ mapping ]: time: IMU + Map + Input Downsample: 0.023504 ave match: 0.082803 ave solve: 0.002368  ave ICP: 0.091955  map incre: 0.002513 ave total: 0.111995 icp: 0.085290 construct H: 0.000664 
[fastlio_mapping-2] [ mapping ]: time: IMU + Map + Input Downsample: 0.023897 ave match: 0.082811 ave solve: 0.002367  ave ICP: 0.088916  map incre: 0.002395 ave total: 0.112001 icp: 0.085296 construct H: 0.000664 
[fastlio_mapping-2] [ mapping ]: time: IMU + Map + Input Downsample: 0.027690 ave match: 0.082845 ave solve: 0.002366  ave ICP: 0.104127  map incre: 0.004917 ave total: 0.112046 icp: 0.085330 construct H: 0.000663 
[fastlio_mapping-2] [ mapping ]: time: IMU + Map + Input Downsample: 0.026027 ave match: 0.082858 ave solve: 0.002365  ave ICP: 0.092420  map incre: 0.002630 ave total: 0.112062 icp: 0.085342 construct H: 0.000663 
[fastlio_mapping-2] [ mapping ]: time: IMU + Map + Input Downsample: 0.023542 ave match: 0.082870 ave solve: 0.002364  ave ICP: 0.091526  map incre: 0.002171 ave total: 0.112071 icp: 0.085352 construct H: 0.000663 
[fastlio_mapping-2] [ mapping ]: time: IMU + Map + Input Downsample: 0.014468 ave match: 0.082866 ave solve: 0.002362  ave ICP: 0.082900  map incre: 0.002328 ave total: 0.112049 icp: 0.085347 construct H: 0.000662 
[fastlio_mapping-2] [ mapping ]: time: IMU + Map + Input Downsample: 0.015416 ave match: 0.082876 ave solve: 0.002361  ave ICP: 0.090195  map incre: 0.003707 ave total: 0.112044 icp: 0.085356 construct H: 0.000662 
[fastlio_mapping-2] [ mapping ]: time: IMU + Map + Input Downsample: 0.015732 ave match: 0.082874 ave solve: 0.002360  ave ICP: 0.083822  map incre: 0.001831 ave total: 0.112025 icp: 0.085352 construct H: 0.000662 
[fastlio_mapping-2] [ mapping ]: time: IMU + Map + Input Downsample: 0.023233 ave match: 0.082886 ave solve: 0.002359  ave ICP: 0.091749  map incre: 0.002047 ave total: 0.112034 icp: 0.085363 construct H: 0.000661 
[fastlio_mapping-2] [ mapping ]: time: IMU + Map + Input Downsample: 0.020908 ave match: 0.082904 ave solve: 0.002357  ave ICP: 0.094879  map incre: 0.002533 ave total: 0.112045 icp: 0.085379 construct H: 0.000661 
[fastlio_mapping-2] [ mapping ]: time: IMU + Map + Input Downsample: 0.013983 ave match: 0.082902 ave solve: 0.002356  ave ICP: 0.083954  map incre: 0.002585 ave total: 0.112025 icp: 0.085376 construct H: 0.000660 
[fastlio_mapping-2] [ mapping ]: time: IMU + Map + Input Downsample: 0.018757 ave match: 0.082904 ave solve: 0.002355  ave ICP: 0.086418  map incre: 0.001752 ave total: 0.112016 icp: 0.085378 construct H: 0.000660 
[fastlio_mapping-2] [ mapping ]: time: IMU + Map + Input Downsample: 0.024200 ave match: 0.082920 ave solve: 0.002354  ave ICP: 0.093519  map incre: 0.001986 ave total: 0.112029 icp: 0.085391 construct H: 0.000660 
[fastlio_mapping-2] [ mapping ]: time: IMU + Map + Input Downsample: 0.024964 ave match: 0.082937 ave solve: 0.002353  ave ICP: 0.095266  map incre: 0.002819 ave total: 0.112049 icp: 0.085408 construct H: 0.000659 
[fastlio_mapping-2] [ mapping ]: time: IMU + Map + Input Downsample: 0.025873 ave match: 0.082971 ave solve: 0.002352  ave ICP: 0.104401  map incre: 0.002582 ave total: 0.112085 icp: 0.085441 construct H: 0.000659 
[fastlio_mapping-2] [ mapping ]: time: IMU + Map + Input Downsample: 0.022816 ave match: 0.082984 ave solve: 0.002351  ave ICP: 0.092778  map incre: 0.001827 ave total: 0.112095 icp: 0.085453 construct H: 0.000659 
[fastlio_mapping-2] [ mapping ]: time: IMU + Map + Input Downsample: 0.020677 ave match: 0.082995 ave solve: 0.002350  ave ICP: 0.091083  map incre: 0.001836 ave total: 0.112097 icp: 0.085463 construct H: 0.000658 
[fastlio_mapping-2] [ mapping ]: time: IMU + Map + Input Downsample: 0.022709 ave match: 0.083007 ave solve: 0.002348  ave ICP: 0.091954  map incre: 0.002313 ave total: 0.112106 icp: 0.085473 construct H: 0.000658 
[fastlio_mapping-2] [ mapping ]: time: IMU + Map + Input Downsample: 0.014485 ave match: 0.083003 ave solve: 0.002347  ave ICP: 0.082625  map incre: 0.002176 ave total: 0.112083 icp: 0.085468 construct H: 0.000658 
[fastlio_mapping-2] [ mapping ]: time: IMU + Map + Input Downsample: 0.022266 ave match: 0.083029 ave solve: 0.002346  ave ICP: 0.099592  map incre: 0.002524 ave total: 0.112105 icp: 0.085492 construct H: 0.000657 
[fastlio_mapping-2] [ mapping ]: time: IMU + Map + Input Downsample: 0.025525 ave match: 0.083038 ave solve: 0.002344  ave ICP: 0.090236  map incre: 0.002224 ave total: 0.112115 icp: 0.085500 construct H: 0.000657 
[fastlio_mapping-2] [ mapping ]: time: IMU + Map + Input Downsample: 0.021638 ave match: 0.083048 ave solve: 0.002343  ave ICP: 0.091317  map incre: 0.001861 ave total: 0.112120 icp: 0.085509 construct H: 0.000656 
[fastlio_mapping-2] [ mapping ]: time: IMU + Map + Input Downsample: 0.013699 ave match: 0.083047 ave solve: 0.002342  ave ICP: 0.084327  map incre: 0.002014 ave total: 0.112099 icp: 0.085507 construct H: 0.000656 
[fastlio_mapping-2] [ mapping ]: time: IMU + Map + Input Downsample: 0.019757 ave match: 0.083050 ave solve: 0.002341  ave ICP: 0.086721  map incre: 0.001891 ave total: 0.112092 icp: 0.085508 construct H: 0.000656 
[fastlio_mapping-2] [ mapping ]: time: IMU + Map + Input Downsample: 0.023568 ave match: 0.083058 ave solve: 0.002340  ave ICP: 0.090210  map incre: 0.001730 ave total: 0.112098 icp: 0.085516 construct H: 0.000655 
[fastlio_mapping-2] [ mapping ]: time: IMU + Map + Input Downsample: 0.025717 ave match: 0.083087 ave solve: 0.002339  ave ICP: 0.102107  map incre: 0.002010 ave total: 0.112129 icp: 0.085544 construct H: 0.000655 
[fastlio_mapping-2] [ mapping ]: time: IMU + Map + Input Downsample: 0.013817 ave match: 0.083088 ave solve: 0.002338  ave ICP: 0.085222  map incre: 0.002182 ave total: 0.112110 icp: 0.085543 construct H: 0.000655 
[fastlio_mapping-2] [ mapping ]: time: IMU + Map + Input Downsample: 0.020135 ave match: 0.083093 ave solve: 0.002337  ave ICP: 0.088493  map incre: 0.001675 ave total: 0.112107 icp: 0.085547 construct H: 0.000654 
[fastlio_mapping-2] [ mapping ]: time: IMU + Map + Input Downsample: 0.024071 ave match: 0.083114 ave solve: 0.002335  ave ICP: 0.096909  map incre: 0.001669 ave total: 0.112125 icp: 0.085566 construct H: 0.000654 
[fastlio_mapping-2] [ mapping ]: time: IMU + Map + Input Downsample: 0.024591 ave match: 0.083124 ave solve: 0.002334  ave ICP: 0.091545  map incre: 0.001696 ave total: 0.112135 icp: 0.085576 construct H: 0.000654 
[fastlio_mapping-2] [ mapping ]: time: IMU + Map + Input Downsample: 0.024282 ave match: 0.083135 ave solve: 0.002333  ave ICP: 0.091444  map incre: 0.001728 ave total: 0.112144 icp: 0.085585 construct H: 0.000653 
[fastlio_mapping-2] [ mapping ]: time: IMU + Map + Input Downsample: 0.014557 ave match: 0.083140 ave solve: 0.002332  ave ICP: 0.088405  map incre: 0.002291 ave total: 0.112132 icp: 0.085590 construct H: 0.000653 
[fastlio_mapping-2] [ mapping ]: time: IMU + Map + Input Downsample: 0.013981 ave match: 0.083141 ave solve: 0.002331  ave ICP: 0.085785  map incre: 0.002160 ave total: 0.112115 icp: 0.085590 construct H: 0.000653 
[fastlio_mapping-2] [ mapping ]: time: IMU + Map + Input Downsample: 0.021765 ave match: 0.083154 ave solve: 0.002330  ave ICP: 0.092751  map incre: 0.002072 ave total: 0.112122 icp: 0.085601 construct H: 0.000652 
[fastlio_mapping-2] [ mapping ]: time: IMU + Map + Input Downsample: 0.023824 ave match: 0.083166 ave solve: 0.002329  ave ICP: 0.092634  map incre: 0.002261 ave total: 0.112134 icp: 0.085613 construct H: 0.000652 
[fastlio_mapping-2] [ mapping ]: time: IMU + Map + Input Downsample: 0.022017 ave match: 0.083186 ave solve: 0.002328  ave ICP: 0.097026  map incre: 0.001847 ave total: 0.112149 icp: 0.085632 construct H: 0.000652 
[fastlio_mapping-2] [ mapping ]: time: IMU + Map + Input Downsample: 0.023531 ave match: 0.083206 ave solve: 0.002327  ave ICP: 0.097208  map incre: 0.002147 ave total: 0.112167 icp: 0.085651 construct H: 0.000652 
[fastlio_mapping-2] [ mapping ]: time: IMU + Map + Input Downsample: 0.019370 ave match: 0.083222 ave solve: 0.002326  ave ICP: 0.094615  map incre: 0.002007 ave total: 0.112173 icp: 0.085665 construct H: 0.000651 
[fastlio_mapping-2] [ mapping ]: time: IMU + Map + Input Downsample: 0.026964 ave match: 0.083257 ave solve: 0.002326  ave ICP: 0.106140  map incre: 0.001874 ave total: 0.112212 icp: 0.085699 construct H: 0.000651 
[fastlio_mapping-2] [ mapping ]: time: IMU + Map + Input Downsample: 0.024064 ave match: 0.083301 ave solve: 0.002325  ave ICP: 0.111883  map incre: 0.001863 ave total: 0.112255 icp: 0.085743 construct H: 0.000651 
[fastlio_mapping-2] [ mapping ]: time: IMU + Map + Input Downsample: 0.013692 ave match: 0.083320 ave solve: 0.002324  ave ICP: 0.097071  map incre: 0.002236 ave total: 0.112256 icp: 0.085761 construct H: 0.000650 
[fastlio_mapping-2] [ mapping ]: time: IMU + Map + Input Downsample: 0.015855 ave match: 0.083338 ave solve: 0.002324  ave ICP: 0.096108  map incre: 0.001858 ave total: 0.112259 icp: 0.085778 construct H: 0.000650 
[fastlio_mapping-2] [ mapping ]: time: IMU + Map + Input Downsample: 0.018050 ave match: 0.083343 ave solve: 0.002323  ave ICP: 0.088586  map incre: 0.001932 ave total: 0.112253 icp: 0.085782 construct H: 0.000650 
[fastlio_mapping-2] [ mapping ]: time: IMU + Map + Input Downsample: 0.021444 ave match: 0.083366 ave solve: 0.002322  ave ICP: 0.099396  map incre: 0.002500 ave total: 0.112271 icp: 0.085805 construct H: 0.000650 
[fastlio_mapping-2] [ mapping ]: time: IMU + Map + Input Downsample: 0.023251 ave match: 0.083385 ave solve: 0.002321  ave ICP: 0.097015  map incre: 0.004660 ave total: 0.112292 icp: 0.085823 construct H: 0.000650 
[fastlio_mapping-2] [ mapping ]: time: IMU + Map + Input Downsample: 0.013366 ave match: 0.083385 ave solve: 0.002320  ave ICP: 0.085757  map incre: 0.003126 ave total: 0.112276 icp: 0.085822 construct H: 0.000649 
[fastlio_mapping-2] [ mapping ]: time: IMU + Map + Input Downsample: 0.015221 ave match: 0.083388 ave solve: 0.002319  ave ICP: 0.087091  map incre: 0.001981 ave total: 0.112262 icp: 0.085824 construct H: 0.000649 
[fastlio_mapping-2] [ mapping ]: time: IMU + Map + Input Downsample: 0.020649 ave match: 0.083393 ave solve: 0.002318  ave ICP: 0.088557  map incre: 0.001744 ave total: 0.112260 icp: 0.085828 construct H: 0.000649 
[fastlio_mapping-2] [ mapping ]: time: IMU + Map + Input Downsample: 0.022055 ave match: 0.083392 ave solve: 0.002317  ave ICP: 0.084659  map incre: 0.001375 ave total: 0.112253 icp: 0.085825 construct H: 0.000648 
[fastlio_mapping-2] [ mapping ]: time: IMU + Map + Input Downsample: 0.020477 ave match: 0.083393 ave solve: 0.002316  ave ICP: 0.086454  map incre: 0.001321 ave total: 0.112246 icp: 0.085826 construct H: 0.000648 
[fastlio_mapping-2] [ mapping ]: time: IMU + Map + Input Downsample: 0.012775 ave match: 0.083382 ave solve: 0.002315  ave ICP: 0.078551  map incre: 0.001372 ave total: 0.112214 icp: 0.085813 construct H: 0.000648 
=== playback finished: 2026-10-04T15:34:40+08:00 ===
playback_wall_seconds: 146
=== stopping FAST-LIO2 pid 10391 ===
[fastlio_mapping-2] [ mapping ]: time: IMU + Map + Input Downsample: 0.019242 ave match: 0.083379 ave solve: 0.002314  ave ICP: 0.083381  map incre: 0.001340 ave total: 0.112200 icp: 0.085809 construct H: 0.000647 
[fastlio_mapping-2] [ mapping ]: time: IMU + Map + Input Downsample: 0.018831 ave match: 0.083383 ave solve: 0.002313  ave ICP: 0.087926  map incre: 0.001319 ave total: 0.112194 icp: 0.085812 construct H: 0.000647 
[fastlio_mapping-2] [ mapping ]: time: IMU + Map + Input Downsample: 0.024186 ave match: 0.083402 ave solve: 0.002312  ave ICP: 0.097612  map incre: 0.001382 ave total: 0.112212 icp: 0.085831 construct H: 0.000647 
[fastlio_mapping-2] [ mapping ]: time: IMU + Map + Input Downsample: 0.021517 ave match: 0.083407 ave solve: 0.002311  ave ICP: 0.088498  map incre: 0.001200 ave total: 0.112210 icp: 0.085834 construct H: 0.000647 
[fastlio_mapping-2] [ mapping ]: time: IMU + Map + Input Downsample: 0.023158 ave match: 0.083431 ave solve: 0.002310  ave ICP: 0.100378  map incre: 0.002074 ave total: 0.112232 icp: 0.085858 construct H: 0.000646 
[fastlio_mapping-2] [ mapping ]: time: IMU + Map + Input Downsample: 0.022910 ave match: 0.083433 ave solve: 0.002309  ave ICP: 0.086569  map incre: 0.001195 ave total: 0.112230 icp: 0.085858 construct H: 0.000646 
[fastlio_mapping-2] [ mapping ]: time: IMU + Map + Input Downsample: 0.018229 ave match: 0.083439 ave solve: 0.002308  ave ICP: 0.089395  map incre: 0.001278 ave total: 0.112224 icp: 0.085863 construct H: 0.000646 
[fastlio_mapping-2] [ mapping ]: time: IMU + Map + Input Downsample: 0.021304 ave match: 0.083444 ave solve: 0.002307  ave ICP: 0.088455  map incre: 0.001431 ave total: 0.112222 icp: 0.085867 construct H: 0.000645 
[fastlio_mapping-2] [ mapping ]: time: IMU + Map + Input Downsample: 0.016199 ave match: 0.083444 ave solve: 0.002306  ave ICP: 0.085856  map incre: 0.001265 ave total: 0.112208 icp: 0.085867 construct H: 0.000645 
[fastlio_mapping-2] [ mapping ]: time: IMU + Map + Input Downsample: 0.017335 ave match: 0.083440 ave solve: 0.002305  ave ICP: 0.082683  map incre: 0.001259 ave total: 0.112190 icp: 0.085861 construct H: 0.000645 
[fastlio_mapping-2] [ mapping ]: time: IMU + Map + Input Downsample: 0.024004 ave match: 0.083457 ave solve: 0.002304  ave ICP: 0.096240  map incre: 0.001393 ave total: 0.112205 icp: 0.085877 construct H: 0.000644 
[fastlio_mapping-2] [ mapping ]: time: IMU + Map + Input Downsample: 0.022267 ave match: 0.083460 ave solve: 0.002303  ave ICP: 0.087327  map incre: 0.001269 ave total: 0.112203 icp: 0.085879 construct H: 0.000644 
[fastlio_mapping-2] [ mapping ]: time: IMU + Map + Input Downsample: 0.020940 ave match: 0.083469 ave solve: 0.002302  ave ICP: 0.091122  map incre: 0.001328 ave total: 0.112205 icp: 0.085887 construct H: 0.000644 
[fastlio_mapping-2] [ mapping ]: time: IMU + Map + Input Downsample: 0.021085 ave match: 0.083478 ave solve: 0.002301  ave ICP: 0.090831  map incre: 0.001189 ave total: 0.112207 icp: 0.085895 construct H: 0.000643 
[fastlio_mapping-2] [ mapping ]: time: IMU + Map + Input Downsample: 0.024157 ave match: 0.083506 ave solve: 0.002300  ave ICP: 0.103191  map incre: 0.001694 ave total: 0.112234 icp: 0.085922 construct H: 0.000643 
[fastlio_mapping-2] [ mapping ]: time: IMU + Map + Input Downsample: 0.022066 ave match: 0.083518 ave solve: 0.002299  ave ICP: 0.092810  map incre: 0.001324 ave total: 0.112240 icp: 0.085933 construct H: 0.000643 
[fastlio_mapping-2] [ mapping ]: time: IMU + Map + Input Downsample: 0.022768 ave match: 0.083528 ave solve: 0.002298  ave ICP: 0.091884  map incre: 0.001148 ave total: 0.112246 icp: 0.085942 construct H: 0.000642 
=== FAST-LIO2 official run end: 2026-10-04T15:35:02+08:00 ===
=== generated Log files ===
dbg.txt 0 bytes
imu.txt 0 bytes
mat_out.txt 166929 bytes
mat_pre.txt 162825 bytes
pos_log.txt 146781 bytes
=== generated PCD files ===
