             1.19877 0 0 0  8.21739e-05 -0.000175719  -7.8033e-05 180.013       0       0 -0.13     0 -1.03  0.000564094 -0.000768912 -0.000502877   0.00023436 -0.000262987  -0.00159213 0 0 0 0.0903327 0.0659532   9.80836 
             1.40005 -0.000535603   0.00168868    0.0143236 -2.47206e-05    0.0028585  0.000417003 180.013       0       0 -0.13     0 -1.03  0.000676806  5.92127e-05 -0.000575438  0.000234417 -0.000262983  -0.00159215  1.64571e-08 -2.10041e-07 -4.20124e-08 0.0903327 0.0659534   9.80836 
             1.60014 -0.000731233   0.00189412    0.0379618  -0.00527625   0.00606818 -0.000128419 180.013       0       0 -0.13     0 -1.03  -0.0126513  0.00793055 -0.00153509  0.000235047 -0.000262813  -0.00162292  7.48938e-06 -4.63785e-06  5.54301e-07 0.0903255 0.0659576   9.80836 
             1.79873 -0.000823403   0.00142211     0.016385  -0.0054586 -0.00771848 0.000107124 180.013       0       0 -0.13     0 -1.03  -0.0050255  -0.0361361 -0.00012001  0.000122544 -0.000282471  -0.00158294  -0.0031199   0.0169051 -0.00144709 0.0933278 0.0496907   9.80843 
             1.99874 -0.000353932  6.01808e-05  -0.00933107 -0.00853808 -0.00307889  0.00102852 180.013       0       0 -0.13     0 -1.03  -0.0102706 -0.00672052  0.00257529  0.000160578 -0.000272597  -0.00154161 -0.000649482   0.00299091  -0.00311299 0.0909192  0.063054   9.80838 
             2.20015 -0.00126957 1.95872e-05   0.0125325 -0.0176467 0.00208037 0.00115415 180.013       0       0 -0.13     0 -1.03 -0.0300434   0.010368 0.00138099  0.000173461 -0.000259275   -0.0015793  0.00587812 -0.00328629 -0.00249819 0.0846585 0.0690957   9.80839 
             2.40007  -0.00127895 -0.000569602    0.0260331 -0.0139712 0.00162133 0.00102897 180.013       0       0 -0.13     0 -1.03 -0.00583624  0.00405569 0.000667176 0.000183722 -0.00024015 -0.00159963   -0.002055 -0.00106815 -0.00189593 0.0922837 0.0669648   9.80834 
             2.59878  -0.00117671 -0.000801726    0.0222279  -0.0116529  0.00130767 0.000748142 180.013       0       0 -0.13     0 -1.03   0.00438981   0.00110906 -8.73846e-05  0.000185895 -0.000228945  -0.00159301  -0.00442575 -0.000220008  -0.00135127 0.0945659  0.066157   9.80832 
             3.20018 -0.00131671 0.000191451  0.00310494   -0.0113653 -0.000922035   0.00202631 180.013       0       0 -0.13     0 -1.03  0.00316422 -0.00259678   0.0021652   0.00018236 -0.000230166  -0.00156344  -0.0034042  0.00063182 -0.00195382 0.0935811 0.0653339   9.80834 
             3.39891  -0.00171088 -0.000288542    0.0238056  -0.014575 0.00120686 0.00118387 180.013       0       0 -0.13     0 -1.03 -0.00257829  0.00176129  0.00010409  0.000194011 -0.000221863  -0.00159256 -0.00273652  0.00018754 -0.00128288 0.0929473  0.065764   9.80834 
             3.59886 -0.00167888 -0.00027348  0.00792024  -0.0131636  0.00169746 0.000608604 180.013       0       0 -0.13     0 -1.03  0.00356489  0.00184486 -0.00155544  0.000195352 -0.000218985  -0.00156943  -0.00308577  0.000163889 -0.000798034 0.0932857 0.0657898   9.80834 
             3.80024  -0.00144063 -0.000617442    0.0146539  -0.0177581 -0.00266465  0.00114754 180.013       0       0 -0.13     0 -1.03 -0.00828076  -0.0104311 0.000604561  0.000209467 -0.000230485  -0.00157945 -0.000894328   0.00217476  -0.00151459 0.0911842 0.0638603   9.80837 
             4.00019  -0.00175021 -0.000471954    0.0231153 -0.0164007 0.00228712 0.00115046 180.013       0       0 -0.13     0 -1.03 -0.00078163  0.00708072 0.000165703  0.000187568 -0.000223249  -0.00159271 -0.00226779 -0.00133483 -0.00141763 0.0924967 0.0672176   9.80833 
             4.19893  -0.00225292 -0.000375636     0.024267  -0.0137511  0.00274121 0.000719317 180.013       0       0 -0.13     0 -1.03  0.00714154  0.00421651 -0.00118549  0.000190531 -0.000217435   -0.0015937  -0.00348347 -0.000909085  -0.00112392 0.0936613 0.0668134   9.80833 
             4.39893  -0.00183887 -0.000586091    0.0139086  -0.0169758 -0.00148719 0.000932904 180.013       0       0 -0.13     0 -1.03  -0.00301184  -0.00896219 -0.000107937  0.000202445 -0.000229489  -0.00157905 -0.00155717  0.00115293 -0.00142774 0.0918224 0.0648398   9.80836 
             4.60026  -0.00180285 -0.000526129   0.00978641   -0.0168388 -0.000517453   0.00152892 180.013       0       0 -0.13     0 -1.03 -0.000905282  -0.00264711    0.0012204 0.000197473 -0.00022999 -0.00157335 -0.00181465 4.76135e-05 -0.00182912 0.0920628 0.0658918   9.80835 
             4.80038  -0.00214879 -0.000359135    0.0245632  -0.0159996  0.00225852 0.000540135 180.013       0       0 -0.13     0 -1.03  0.00208238  0.00544191 -0.00267798  0.000200519 -0.000228597  -0.00159057 -0.00212853 -0.00113605 -0.00116599 0.0923676 0.0670242   9.80834 
             4.99894  -0.00197149 -0.000682843    0.0238939  -0.0155059 7.65769e-05  0.00123396 180.013       0       0 -0.13     0 -1.03  0.00333096 -0.00252753 0.000198233  0.000192841 -0.000229744  -0.00158989  -0.00212944 -3.74045e-05  -0.00189007 0.0923628 0.0659734   9.80834 
             5.19894  -0.00201872 -0.000648543    0.0178175  -0.0163684  0.00128257 0.000816829 180.013       0       0 -0.13     0 -1.03 7.42198e-05  0.00190701 -0.00152281  0.000192232 -0.000231924  -0.00158285  -0.00160622 -0.000602006  -0.00166876 0.0918663  0.066511   9.80834 
             5.40029  -0.00175956 -0.000905997    0.0149259  -0.0187689 0.000835799  0.00103637 180.013       0       0 -0.13     0 -1.03  -0.00531348 -9.41865e-05  -0.00024931   0.00019423 -0.000236257  -0.00157826 -0.000844531 -0.000359495  -0.00193607 0.0911405 0.0662777   9.80835 
             5.60034  -0.00182413 -0.000549484    0.0172126 -0.0169432 0.00309794 0.00116714 180.013       0       0 -0.13     0 -1.03   0.00238364   0.00558649 -0.000253379  0.000201993 -0.000244915  -0.00158133  -0.00159311 -0.000966158  -0.00201065 0.0918496 0.0668536   9.80834 
             5.80033 -0.00200692 -0.00036705  0.00891991  -0.0118956  0.00159412 0.000957108 180.013       0       0 -0.13     0 -1.03      0.01448  -0.00146863 -0.000596483  0.000172916 -0.000293184  -0.00157408  -0.00262206 -0.000356786  -0.00194399 0.0928255 0.0662777   9.80834 
              5.9991  -0.00181336 -0.000498079    0.0116327  -0.0155329 0.000586366 0.000852542 180.013       0       0 -0.13     0 -1.03 -0.000383159  -0.00312918 -0.000517353  0.000167566 -0.000245046  -0.00157925  -0.00103912 -0.000225501  -0.00194572 0.0913283 0.0661525   9.80835 
             6.20034  -0.00171568 -0.000287613     0.007187  -0.0141883 0.000795851  0.00123827 180.013       0       0 -0.13     0 -1.03  0.00344677 -0.00110874 0.000863466  0.000168646 -0.000244304  -0.00157408  -0.00139661 -0.000432019  -0.00217036 0.0916639 0.0663461   9.80835 
             6.40033  -0.00170987 -0.000479475     0.015254 -0.0187013 0.00288361 0.00102221 180.013       0       0 -0.13     0 -1.03  -0.00875661   0.00474804 -0.000111331  0.000159622 -0.000260542  -0.00158218 -6.07384e-05  -0.00105029   -0.0019841 0.0904051 0.0669304   9.80836 
             6.60034  -0.00196085 -0.000722379     0.011829  -0.0174234 0.000667568  0.00122424 180.013       0       0 -0.13     0 -1.03 -0.00109708  -0.0033876 0.000628827  0.000160805 -0.000260977    -0.001576 -0.000769769 -0.000300079  -0.00207656 0.0910727 0.0662235   9.80835 
             6.79912 -0.00183292 -0.00057493   0.0102119  -0.0152963  0.00233096 0.000965116 180.013       0       0 -0.13     0 -1.03   0.00523718   0.00212605 -0.000121829  0.000170565 -0.000268115  -0.00157455 -0.00124746 -0.00081709 -0.00191428 0.0915229 0.0667113   9.80835 
             7.20038  -0.00157145 -0.000791298   0.00466173   -0.015392 -0.00332113  0.00107812 180.013       0       0 -0.13     0 -1.03  0.00244391 -0.00861928 0.000358183  0.000160449 -0.000264703  -0.00156633 -0.00090798 0.000125958 -0.00196848 0.0912042 0.0658253   9.80836 
             7.60035  -0.00155083 -0.000990632    0.0152987 -0.0201522 0.00459722 0.00102412 180.013       0       0 -0.13     0 -1.03  -0.0060599  0.00763176 0.000319533  0.000150308 -0.000267143  -0.00157895 -0.000380019 -0.000928595  -0.00189091 0.0907103 0.0668139   9.80835 
             8.00039  -0.00148194 -0.000921162   0.00941049  -0.0133487 -0.00128562 0.000512175 180.013       0       0 -0.13     0 -1.03  0.00781658 -0.00548553 -0.00141995  0.000156337 -0.000256247  -0.00156977 -0.000975212 -0.000335998  -0.00180624 0.0912667 0.0662617   9.80835 
             8.40047  -0.00158554 -0.000733797   0.00802544   -0.015685  0.00272656 0.000920855 180.013       0       0 -0.13     0 -1.03  0.000792299   0.00342267 -0.000138223  0.000154598 -0.000257013    -0.001569 -0.00057591  -0.0007783 -0.00197699 0.0908933 0.0666717   9.80835 
             8.80051  -0.00153661 -0.000747287   0.00854005  -0.0152558 5.93649e-05 0.000541635 180.013       0       0 -0.13     0 -1.03 0.000903731 -0.00189401 -0.00118175  0.000158319 -0.000257034  -0.00157032 -0.000583134 -0.000511097  -0.00195242 0.0909002 0.0664241   9.80835 
             9.00048 -0.00149748 -0.00103653  0.00863143  -0.0197837 -0.00188697  0.00133021 180.013       0       0 -0.13     0 -1.03 -0.00850615 -0.00520546 0.000958228  0.000144776 -0.000214523  -0.00157098 -0.000240715 -0.000398647  -0.00212824 0.0905826  0.066319   9.80836 
             9.20046 -0.00136452 -0.00122337   0.0256978  -0.022534 0.00255255 0.00122926 180.013       0       0 -0.13     0 -1.03  -0.0110908   0.0083754 1.83861e-05  0.000214125 -0.000203496   -0.0015909 -0.000103856  -0.00107301   -0.0020291 0.0904576 0.0669396   9.80835 
             9.40052 -0.00181784 -0.00105392  0.00609386  -0.0160525 0.000467935  0.00110183 180.013       0       0 -0.13     0 -1.03    0.0100859 -0.000974509 -0.000228744   0.00021914 -0.000207685  -0.00156989   -0.0015525 -0.000376347  -0.00199953 0.0917892 0.0663019   9.80835 
              9.8006   -0.0013877 -0.000435852 -5.16092e-05  -0.0104891 -0.00478583 0.000494809 180.013       0       0 -0.13     0 -1.03   0.0138868 -0.00968483 -0.00115401  0.000230131 -0.000207253  -0.00156406 -0.00170348 0.000213084 -0.00189725 0.0919293 0.0657626   9.80835 
             10.0005  -0.00167576 -0.000792621    0.0158159 -0.0205957 0.00363675 0.00113305 180.013       0       0 -0.13     0 -1.03  -0.0117964   0.0115582 0.000834856  0.000212223 -0.000231424  -0.00157978 -0.000369501 -0.000851082  -0.00207428 0.0907095 0.0667356   9.80835 
             10.2005  -0.0016731 -0.00133215    0.010032  -0.0217692 -0.00107811   0.0016044 180.013       0       0 -0.13     0 -1.03 -0.00878666 -0.00586384  0.00171258  0.000206007 -0.000232645  -0.00157388 -0.000498553 -0.000112861  -0.00214824 0.0908256 0.0660635   9.80836 
             10.8007  -0.00149147 -0.000864008    0.0103057  -0.0162367 -0.00658214  0.00129523 180.013       0       0 -0.13     0 -1.03  0.00534067 -0.00942997 0.000466298  0.000202681 -0.000246865  -0.00157276 -0.00122887  1.9642e-05 -0.00198962 0.0914905 0.0659447   9.80835 
             11.2007 -0.00177005  -0.0013397   0.0148957   -0.02199  0.0046171 0.00051246 180.013       0       0 -0.13     0 -1.03  -0.00360042   0.00956025 -0.000961941  0.000223883 -0.000233323  -0.00158441  -0.00093936 -0.000498513   -0.0018975 0.0912292 0.0664143   9.80835 
             11.4008 -0.00144784  -0.0012486  0.00930716   -0.0174754 -0.000586702  0.000995711 180.013       0       0 -0.13     0 -1.03    0.0070159  -0.00440283 -4.07882e-05   0.00021333 -0.000238687  -0.00158138  -0.00117686 -0.000170585  -0.00202488 0.0914411 0.0661195   9.80835 
             11.6007  -0.00131403 -0.000899457    0.0163474  -0.0166289 -0.00027641  0.00116536 180.013       0       0 -0.13     0 -1.03   0.00599577  -0.00135578 -1.30499e-05  0.000217937 -0.000239035  -0.00158669  -0.00110581 -0.000312233  -0.00207088 0.0913769 0.0662462   9.80835 
              12.202 -0.00143651 -0.00111078  0.00719659   -0.0194907 -0.000396288 -0.000559722 180.013       0       0 -0.13     0 -1.03 -0.000921938 -0.000977836  -0.00314115  0.000221693 -0.000222391  -0.00157955 -0.000651594  -0.00038128   -0.0019541 0.0909715 0.0663083   9.80835 
             12.8009  -0.00139746 -0.000900149    0.0176516   -0.0170793 -0.000632803  0.000627513 180.013       0       0 -0.13     0 -1.03     0.003264  -0.00093215 -0.000539849  0.000220896 -0.000226161  -0.00158908  -0.00071973 -0.000394363  -0.00221262 0.0910301 0.0663183   9.80835 
              13.401 -0.00192094 -0.00130228 0.000554473  -0.0221333 -0.00155434  0.00201294 180.013       0       0 -0.13     0 -1.03 -0.00307408 -0.00165356  0.00128621  0.000219827 -0.000231089  -0.00157308 -0.000592132 -0.000392786  -0.00234455 0.0909167  0.066316   9.80835 
              13.601  -0.00185863 -0.000767455   0.00779522 -0.0165826 0.00254208 0.00102646 180.013       0       0 -0.13     0 -1.03   0.00701498   0.00551936 -0.000231862 0.000235866 -0.00025275 -0.00157712 -0.000784431 -0.000530835  -0.00220906 0.0910864 0.0664378   9.80835 
             13.8009 -0.00158506 -0.00103084  0.00199002  -0.0189267 -0.00401962   0.0012626 180.013       0       0 -0.13     0 -1.03 -0.00190678  -0.0140111 0.000235733  0.000201033 -0.000234093  -0.00157192 -0.000567269  -7.4973e-05  -0.00227094 0.0908964 0.0660421   9.80836 
             14.0021  -0.00169449 -0.000830867    0.0174605  -0.0160217  0.00301771 0.000934355 180.013       0       0 -0.13     0 -1.03   0.00570829   0.00913128 -0.000411661 0.000234926 -0.00024519  -0.0015865 -0.000882801   -0.0012603  -0.00218545 0.091172 0.067071  9.80835 
             14.2008   -0.0020051 -0.000574244    0.0096296 -0.0144472 0.00146031 0.00113803 180.013       0       0 -0.13     0 -1.03   0.0071495 0.000695365 0.000556168 0.000241967 -0.00024343 -0.00157894 -0.000954985 -0.000769905  -0.00224056 0.0912342 0.0666459   9.80835 
             14.4008  -0.00127584 -0.000524874    0.0029426    -0.017269 -2.08036e-05   0.00104522 180.013       0       0 -0.13     0 -1.03  -0.00326388  -0.00320578 -0.000207183  0.000240146 -0.000242666  -0.00157565 -0.000425073 -0.000564322    -0.002207 0.0907767 0.0664676   9.80835 
             15.4009  -0.00132685 -0.000829915    0.0107624  -0.0232228  0.00277336 -0.00032849 180.013       0       0 -0.13     0 -1.03 -0.00540089  0.00205246 -0.00133873 0.000248031 -0.00024044 -0.00158181 -0.000301952 -0.000815537  -0.00212663 0.0906713 0.0666844   9.80835 
             16.2009  -0.00203734 -0.000566102     0.010681   -0.0132637 -0.000313278   0.00301943 180.013       0       0 -0.13     0 -1.03  0.00656076 -0.00162258  0.00195792  0.000244767 -0.000248268  -0.00158312 -0.000401806 -0.000783257  -0.00234442 0.0907552 0.0666554   9.80835 
             16.4023  -0.00177832 -0.000193294    0.0191315  -0.0156802 -0.00096774  0.00140937 180.013       0       0 -0.13     0 -1.03   0.00139224    -0.002416 -0.000163847  0.000242617 -0.000238403  -0.00158512 -0.000364685 -0.000779377  -0.00219956 0.0907251  0.066653   9.80835 
             16.8009  -0.00153937 -0.000953547     0.019309  -0.0264419 0.000965104  0.00138705 180.013       0       0 -0.13     0 -1.03  -0.0170232  0.00260592 0.000447558  0.000250718 -0.000200879  -0.00158553  2.10484e-05 -0.000874933   -0.0021895 0.0904011 0.0667324   9.80836 
              17.001  -0.00167297 -0.000785256   0.00334395   -0.016318 -0.00174937  0.00160015 180.013       0       0 -0.13     0 -1.03   0.0103103 -0.00429652 0.000507647  0.000235845 -0.000262054  -0.00157553 -0.000804206 -0.000660617  -0.00221023 0.0910896 0.0665559   9.80835 
             17.2023 -0.00140236  -0.0005949   0.0112032   -0.0189433 -0.000885628  0.000836949 180.013       0       0 -0.13     0 -1.03 -0.000816414  0.000277167  -0.00199016  0.000243584 -0.000238595  -0.00158151 -0.000414165 -0.000801679    -0.002064 0.0907676 0.0666732   9.80835 
              17.601 -0.00164907 -0.00112879    0.016018   -0.021158 0.000395799  0.00170982 180.013       0       0 -0.13     0 -1.03 -0.00373608  0.00182155  0.00065519  0.000244053 -0.000238282   -0.0015842 -0.000260917 -0.000900535  -0.00224278 0.0906396 0.0667538   9.80835 
             18.2011 -0.00150904 -0.00143446  0.00528234   -0.0233314 -0.000561273   0.00128023 180.013       0       0 -0.13     0 -1.03  -0.00285477 -0.000386566  0.000306549  0.000242767 -0.000236243  -0.00157521 -0.000245567 -0.000817579  -0.00216842 0.0906276 0.0666859   9.80835 
             18.8024 -0.00108561 -0.00143933 -0.00268861  -0.015209 -0.0018824 0.00059687 180.013       0       0 -0.13     0 -1.03   0.00811254  -0.00115372 -0.000864836  0.000239854 -0.000233815  -0.00156803 -0.000428608 -0.000791225  -0.00212864 0.0907775 0.0666648   9.80835 
             19.8011 -0.00117731 -0.00147116   0.0070851  -0.0279934 -0.00128975  0.00195172 180.013       0       0 -0.13     0 -1.03  -0.00579803 -0.000313742  0.000850393  0.000235242 -0.000243324  -0.00157892 -0.000173324 -0.000809792  -0.00221062 0.0905701 0.0666799   9.80836 
             20.2011 -0.00101808 -0.00168825  0.00740365   -0.020668 -0.00265195  0.00101903 180.013       0       0 -0.13     0 -1.03   0.00486031 -0.000836888 -0.000812676  0.000233483 -0.000249562  -0.00157998 -0.000252142 -0.000797327  -0.00215796 0.0906337 0.0666701   9.80835 
             21.0025 -0.00148354 -0.00170326     0.01135 -0.0542899 -0.0018558 0.00134771 180.013       0       0 -0.13     0 -1.03    -0.17448 0.000192817   0.0120303 0.000231414 -0.00025225 -0.00158011 -0.000198654 -0.000814447  -0.00224644 0.090591 0.066683  9.80835 
             21.2025 -0.00148498  0.00146626    0.191051  -0.0235495 -0.00245414  0.00163127 180.013       0       0 -0.13     0 -1.03  -0.0641043 -0.00808019  0.00545893  0.000206959 -0.000337818  -0.00183338    -0.001625 -0.000798925  -0.00218975 0.0917143 0.0666697   9.80834 
             21.6011 -0.00154194   0.0097321     0.30602      0.1489  -0.0385155 -0.00348994 180.013       0       0 -0.13     0 -1.03     0.3219    -0.0517 -0.0166297  0.000213384 -7.01574e-05  -0.00200754  -0.00464737 -0.000221587   -0.0026511 0.0940062 0.0661556   9.80833 
             21.8025 -0.00161161   0.0124027   0.0502651   0.0452484   0.0125825 -0.00107188 180.013       0       0 -0.13     0 -1.03 -0.0380738  0.0726589 -0.0139806  0.000138156 -0.000392557  -0.00178996  0.00500292 -0.00494297 -0.00327342  0.086234 0.0692186   9.80838 
             22.0025 -0.00225422   0.0132989    0.402003   0.0627229 -0.00465376 0.000163086 180.013       0       0 -0.13     0 -1.03 -0.0343178 -0.0115071 -0.0025606  0.000151291 -0.000318478   -0.0022087  0.00235449  -0.0021579 -0.00361221 0.0884597 0.0672516   9.80837 
             22.2012 -0.00330517   0.0206317    0.575463    0.128268  -0.0228622 0.000887813 180.013       0       0 -0.13     0 -1.03   0.138789 -0.0529108 -0.0059621  0.000189096 -0.000143003  -0.00237972 -0.00544468 0.000119049 -0.00366232 0.0945294 0.0657781   9.80832 
             22.4013 -0.0016171  0.0284879   0.491431    0.203684  -0.0550446 -0.00337011 180.013       0       0 -0.13     0 -1.03   0.299457  -0.106254 -0.0227627   0.00015836 -5.45627e-05  -0.00225651 -0.00948186  0.00288343 -0.00325808 0.0978622 0.0639991    9.8083 
             23.2026 -0.00089878   0.0338459    0.579102   0.333705   -0.05385 -0.0163848 180.013       0       0 -0.13     0 -1.03    0.113857 -0.00506927  -0.0339381  0.00024796 5.47427e-05 -0.00235751  -0.00680091 -0.000442025  -0.00435112 0.0954392 0.0661984   9.80831 
             23.4013 -0.00693004   0.0576125    0.489301    0.325762  -0.0056618 -0.00192131 180.013       0       0 -0.13     0 -1.03 0.0556572 0.0580777 0.0132405  0.00059595 0.000109009 -0.00230457 -0.00650523 -0.00131706 -0.00550529 0.0950653 0.0667964   9.80831 
             23.6026 -0.00928994   0.0652095    0.623653    0.376698 -0.00153485 -0.00613557 180.013       0       0 -0.13     0 -1.03   0.143706  0.0374302 -0.0744326 0.000607383 0.000113061 -0.00252619 -0.00751695 -0.00100766 -0.00667392 0.0958136 0.0666712   9.80831 
             23.8027 -0.0152033  0.0746197   0.788114    0.463911  0.00306863 -0.00247378 180.013       0       0 -0.13     0 -1.03   0.279749  0.0154079 0.00352246 0.000669875 0.000118318 -0.00263871   -0.0117196 -0.000406498  -0.00854044 0.0989904 0.0666634   9.80827 
             24.4027 -0.0130395   0.087776   0.954114    0.670723  -0.0423106 0.000843754 180.013       0       0 -0.13     0 -1.03   0.318565 -0.0518937  0.0111514  0.00055032 5.59029e-05 -0.00288943  -0.0136417  0.00253081 -0.00941969  0.100809 0.0647456   9.80827 
             24.6027 -0.0178958   0.117828    1.15645    0.700295 -0.00988046  0.00282756 180.013       0       0 -0.13     0 -1.03   0.259574  0.0245737 0.00499502  0.00069089 0.000193883 -0.00304424   -0.012719  0.00114017 -0.00954787 0.0998818 0.0655753   9.80827 
             24.8013 -0.0200323   0.129184    1.05123    0.75585 -0.0125489  0.0074079 180.013       0       0 -0.13     0 -1.03    0.249799 -0.00459599  0.00137248 0.000724809 0.000193485 -0.00300953  -0.0128993  0.00137523 -0.00930893  0.100064 0.0654601   9.80827 
             25.0014 -0.0209797   0.137028    1.11511     0.793351 -0.000494629   -0.0012615 180.013       0       0 -0.13     0 -1.03    0.202212   0.0257406 0.000765641 0.000772904  0.00011155  -0.0031077  -0.0125055 0.000205203 -0.00834883 0.0994913 0.0661674   9.80827 
             25.2027 -0.0190653   0.147237    1.29181   0.901999 0.00443367 0.00396783 180.013       0       0 -0.13     0 -1.03    0.374139   0.0172315 -0.00555744  0.000827124 -4.87036e-05  -0.00330871  -0.0192401  0.00120989 -0.00902487   0.10442 0.0670275   9.80822 
             25.4027 -0.0210507   0.166975    1.53305    1.01153 -0.0297578 0.00388782 180.013       0       0 -0.13     0 -1.03    0.450886  -0.0728185 -0.00795906  0.000653232 -0.000132365  -0.00355086  -0.0219593  0.00526863 -0.00875624  0.107286 0.0648857    9.8082 
             25.8014 -0.0257176   0.178525    1.55193    1.10471 -0.0298252   0.016774 180.013       0       0 -0.13     0 -1.03    0.25218 -0.0566924  0.0697805  0.000734442 -0.000117697  -0.00354129   -0.018026   0.0023052 -0.00840385  0.103771 0.0657415   9.80823 
             26.0028 -0.0270113   0.199544    1.64296    1.21235 -0.0398772  0.0129256 180.013       0       0 -0.13     0 -1.03   0.354404 -0.0458778  0.0861441  0.000661933 -0.000458702   -0.0035927  -0.0204194  0.00289631 -0.00708368  0.105508 0.0660989   9.80821 
             26.6028 -0.0337118   0.218801    1.66599   1.47772 0.0217843 0.0132791 180.013       0       0 -0.13     0 -1.03  0.400374 0.0474114 0.0346733   0.00122097 -0.000801746  -0.00366402  -0.0226719 0.000409026 -0.00461643  0.105964 0.0683607   9.80819 
             26.8028 -0.0415436   0.264705    2.01951    1.57582 -0.0294653  0.0212176 180.013       0       0 -0.13     0 -1.03    0.41262 -0.0452314   0.112029   0.00101399 -0.000926537  -0.00415974   -0.022869  0.00250284 -0.00385988  0.106789 0.0670879   9.80819 
             27.2028 -0.0446277    0.28239    2.22654    1.77653 -0.0329609 0.00479627 180.013       0       0 -0.13     0 -1.03   0.464216   -0.01523 0.00956172   0.00101774 -0.000874029  -0.00430961   -0.0239024   0.00219617 -0.000447301  0.107308 0.0675103   9.80818 
             27.4015 -0.0492365   0.320618    2.41518    1.89934 -0.0345241 0.00905137 180.013       0       0 -0.13     0 -1.03    0.514981 -0.00285145   0.0298623   0.0011394 -0.00108442 -0.00452135   -0.0255482   0.00252002 -0.000653325 0.108405 0.068054  9.80816 
             27.6028 -0.0559916   0.332325    2.48996    1.93992 -0.0264783  0.0141874 180.013       0       0 -0.13     0 -1.03    0.36269  0.0161856 0.00644605   0.00105442 -0.000770842  -0.00459456   -0.0220191  0.000921848 -0.000371671  0.105705 0.0672413    9.8082 
             28.0029 -0.0626086    0.34695    2.65953    2.18675 -0.0285717  0.0274321 180.013       0       0 -0.13     0 -1.03  0.533324 0.0114768 0.0495653  0.00106608 -0.00108513 -0.00471539  -0.0265606  0.00295627 0.000196492  0.109088 0.0683947   9.80815 
             28.2015 -0.059481  0.373671   2.77992    2.30242 -0.0228417 0.00689897 180.013       0       0 -0.13     0 -1.03     0.559455 -0.000532531   -0.0109042  0.00110523 -0.00104283 -0.00471218 -0.0271442 0.00286719 0.00260295   0.10911 0.0686826   9.80815 
             28.4029 -0.0636873   0.389896    2.88202    2.37851 -0.0314229  0.0106854 180.013       0       0 -0.13     0 -1.03   0.459975 -0.0257282  0.0310123 0.00117293 -0.0010995 -0.0049039 -0.0246328 0.00248457 0.00227948  0.107738 0.0674788   9.80818 
             28.8016 -0.0689828   0.406291    3.15233      2.5764 -0.00452725  0.00609924 180.013       0       0 -0.13     0 -1.03    0.565843    0.035859 -0.00605494  0.00128009 -0.00105276 -0.00510152  -0.0248385 0.000354144  0.00258308  0.106667 0.0685943   9.80818 
             29.0016 -0.0671714   0.426269    3.22127    2.67974 -0.0561272 0.00739121 180.013       0       0 -0.13     0 -1.03   0.548296  -0.081727 -0.0297645  0.00067542 -0.00105952 -0.00509703 -0.0235681 0.00234499 0.00230433  0.107291 0.0670175   9.80818 
             29.6029 -0.0712803   0.441432    3.17629    2.77759 0.00220084    0.01951 180.013       0       0 -0.13     0 -1.03  0.519967 0.0680191 0.0198187  0.00156992 0.000350965 -0.00501393  -0.0187581 -0.00388441  0.00171891  0.101603 0.0663633   9.80825 
             29.8016 -0.0785518   0.468009    3.52819    3.03072 -0.0168833  0.0144861 180.013       0       0 -0.13     0 -1.03   0.894549  0.0220482 0.00116302  0.00143977   0.0007047 -0.00533544    -0.02159 -0.00137854  0.00233192  0.104216 0.0669098   9.80822 
             30.0029 -0.0813069   0.477609    3.25404    3.07573 0.00856665 -0.0125796 180.013       0       0 -0.13     0 -1.03   0.558485  0.0778485 -0.0664769  0.00138641 0.000232017 -0.00512864   -0.017351 -0.00441563  0.00515395  0.100327 0.0655929   9.80827 
             30.2029 -0.0815899   0.483804    3.28722    2.79026 -0.0311647  0.0176421 180.013       0       0 -0.13     0 -1.03  -0.425342 -0.0425513   0.044913   0.00139057 -0.000566855      -0.0051    0.0143249   -0.0156335 -0.000222272 0.0816759 0.0506637   9.80853 
             30.4029 -0.0761906   0.472132    3.24813    2.79756 -0.0393202  0.0036772 180.013       0       0 -0.13     0 -1.03  -0.208931 -0.0435114 -0.0168132   0.00137152 -0.000630105  -0.00507445 0.00644123 -0.0118467 0.00199276 0.0869855 0.0538458   9.80847 
              30.603 -0.0755381   0.472123    3.23304    2.81383 -0.0146064 0.00354823 180.013       0       0 -0.13     0 -1.03  -0.0828066   0.0360047 -0.00797922    0.0014215 -0.000767171  -0.00504041 0.000142797  -0.0123405  0.00160396 0.0892263 0.0577834   9.80842 
              30.803 -0.0783491   0.476846     3.2492     2.8469 -0.0187181 0.00534933 180.013       0       0 -0.13     0 -1.03  0.0436125  0.0380886 0.00245797   0.00138613 -0.000853737  -0.00502936 -0.00266026 -0.00994979  0.00133966 0.0917626 0.0584932    9.8084 
             31.0044 -0.0780882   0.480121    3.28035    2.86713 -0.0148941 0.00335224 180.013       0       0 -0.13     0 -1.03    0.032958   0.0950451 -0.00612714   0.00130429 -0.000902091  -0.00504109 -0.00321696 -0.00885568   0.0015027 0.0926036 0.0583761   9.80839 
             31.2031 -0.0799379   0.478749    3.36246    2.84431 0.00818089  0.0165082 180.013       0       0 -0.13     0 -1.03 -0.0719464   0.144075  0.0711768   0.00127789 -0.000911431  -0.00528431 -0.00109106  -0.0099164 0.000659326  0.091223 0.0576306   9.80841 
             31.8032 -0.0797475   0.469112    3.52217   2.71981  0.150959 0.0223484 180.013       0       0 -0.13     0 -1.03 -0.176042   0.26617 0.0582657   0.00134148 -0.000727416  -0.00525467 0.00202575 -0.0131886 0.00280738 0.0879353 0.0569431   9.80844 
             32.2031 -0.0941935   0.472733    3.41548      2.88001     0.206888 -0.000874807 180.013       0       0 -0.13     0 -1.03  0.0790678   0.176363 -0.0821016   0.00140985 -0.000812366  -0.00496027 -0.00255894 -0.00998393  0.00401794 0.0913241  0.058609    9.8084 
             32.4032 -0.110789  0.479115   3.17308     2.84573    0.266786 -0.00107149 180.013       0       0 -0.13     0 -1.03 -0.0208305   0.218659 -0.0675222   0.00170611 -0.000529441  -0.00479288 -0.00168866  -0.0112356  0.00325247 0.0903648 0.0584863   9.80841 
             32.6032 -0.114285  0.478398   3.35568     2.81239    0.306505 -0.00141665 180.013       0       0 -0.13     0 -1.03  -0.122078   0.194076 -0.0330328   0.00172419 -0.000233028   -0.0048458 -0.00010403  -0.0119844   0.0014337 0.0894962 0.0578988   9.80842 
             32.8045 -0.118186  0.481859   3.23181   2.83286  0.370665 0.0126369 180.013       0       0 -0.13     0 -1.03 -0.0372081    0.27494   0.046821   0.00176662 -0.000342311  -0.00481007 -0.0034453 -0.0120728 0.00016075 0.0908434 0.0599023    9.8084 
             33.0017 -0.121892  0.487147    3.3488    2.85129   0.372112 0.00241578 180.013       0       0 -0.13     0 -1.03  0.0162102  0.0952621 -0.0670485   0.00146783 -0.000397806  -0.00486107 -0.00380363 -0.00877004 0.000789777 0.0927576 0.0587839   9.80839 
             33.4033 -0.127996  0.489202   3.24693   2.86505  0.440131 0.0197413 180.013       0       0 -0.13     0 -1.03   0.0252895    0.110196 -0.00716539  0.00149568   -0.000364 -0.00481955  -0.00519585   -0.0108899 -0.000331589 0.0921832 0.0604742   9.80838 
             33.6033 -0.133736  0.489366   3.39324   2.87258  0.513511 0.0020755 180.013       0       0 -0.13     0 -1.03  0.0286743   0.235605 -0.0482146   0.00148331 -0.000372683  -0.00485795 -0.00653487  -0.0134465   0.0011654 0.0911836 0.0620531   9.80838 
             34.0019 -0.139329  0.486963   3.36776   2.81821  0.584045 0.0199053 180.013       0       0 -0.13     0 -1.03 -0.0978816   0.233575  0.0747834   0.00154902 -0.000409119  -0.00481153 -0.00421123  -0.0132638 9.83239e-05 0.0904894 0.0607606   9.80839 
             34.2045 -0.146576  0.484101   3.10639   2.81841  0.663278 0.0185008 180.013       0       0 -0.13     0 -1.03 -0.0692864    0.30863  0.0847119   0.00167261 -0.000468984  -0.00443018 -0.00579904   -0.014237  0.00152003 0.0903988 0.0619322   9.80839 
             34.4034 -0.156538  0.491359   2.93487    2.86786   0.701553 0.00790417 180.013       0       0 -0.13     0 -1.03   0.0655294    0.239524 -0.00170655   0.00175976 -0.000450847   -0.0042394 -0.00942428  -0.0110553  0.00440389 0.0932124 0.0626128   9.80836 
             34.6019 -0.158874  0.495743   3.08037    2.89055   0.718526 0.00782222 180.013       0       0 -0.13     0 -1.03 0.0619072  0.176502 0.0288531   0.00175971 -0.000499959  -0.00443538 -0.00942951 -0.00816109  0.00496709 0.0946327 0.0614249   9.80835 
             35.0035 -0.166076  0.488609   2.94654   2.75708  0.864484 0.0235462 180.013       0       0 -0.13     0 -1.03 -0.209279  0.318957 0.0514116   0.00177124 -0.000614141  -0.00439429 -0.00373054  -0.0132853  0.00529241 0.0897913  0.060846    9.8084 
             35.2032 -0.176878  0.491813   3.17259   2.85182  0.916805 0.0141594 180.013       0       0 -0.13     0 -1.03 0.0312028  0.304237 0.0765469   0.00186379 -0.000854567  -0.00459906 -0.00921304  -0.0108126   0.0068562  0.093141 0.0622838   9.80836 
             35.6019 -0.185437  0.499316   3.17021   2.88061   1.01188 0.0238376 180.013       0       0 -0.13     0 -1.03 0.0314475  0.222801 0.0557449   0.00172734 -0.000823474  -0.00458415 -0.0105871 -0.0105863 0.00843501 0.0936706 0.0627231   9.80835 
             35.8032 -0.198638  0.502841   2.96785   2.84342   1.09694 0.0195068 180.013       0       0 -0.13     0 -1.03 -0.0458394   0.288262  0.0530471   0.00179097 -0.000923869  -0.00424793 -0.00948406  -0.0134967   0.0105608 0.0916297  0.063043   9.80837 
             36.0033 -0.206363  0.504526   2.74431    2.84833    1.14153 -0.0137988 180.013       0       0 -0.13     0 -1.03 -0.018778  0.263556  -0.15097   0.00175216 -0.000905097  -0.00402803 -0.0103188 -0.0125192  0.0128226 0.0922977 0.0629376   9.80836 
              36.402 -0.21254  0.50833  2.84158    2.91136    1.23885 -0.0147883 180.013       0       0 -0.13     0 -1.03  0.0571349   0.229415 -0.0427709   0.00166158 -0.000969226  -0.00411895 -0.0134476 -0.0107904 0.00819869 0.0947965 0.0641664   9.80833 
             36.6046 -0.228507  0.515672   2.85174   2.85272   1.31944 0.0124172 180.013       0       0 -0.13     0 -1.03 -0.0682864   0.259313 -0.0203565   0.00154494 -0.000945663   -0.0040974  -0.010138 -0.0137576 0.00487494 0.0923733  0.064428   9.80835 
             36.8047 -0.234921  0.523145   2.93593     2.91177     1.35904 -0.00116502 180.013       0       0 -0.13     0 -1.03   0.110558   0.225891 -0.0415991  0.0014775 -0.0010064  -0.004127 -0.0132782 -0.0123335 0.00514356 0.0943066 0.0651407   9.80833 
             37.4047 -0.243613  0.525019   2.92779  2.88042  1.57614 0.069906 180.013       0       0 -0.13     0 -1.03 -0.0060772   0.319399  0.0945495   0.00160474 -0.000790477  -0.00399521 -0.0112641 -0.0153361 0.00329831 0.0922444 0.0656997   9.80835 
             37.8034 -0.26677 0.539112  2.68496    2.92347    1.64748 -0.0429372 180.013       0       0 -0.13     0 -1.03 0.0270678  0.179822 -0.162265  0.00147836 -0.00083441 -0.00371548 -0.0123933 -0.0140089 0.00858625 0.0929409 0.0650562   9.80834 
             38.0034 -0.282861  0.552891    2.7257   2.89246   1.72181 0.0303418 180.013       0       0 -0.13     0 -1.03 -0.0310875   0.214704   0.115564   0.00169456 -0.000519824   -0.0037496 -0.0116178 -0.0147106 0.00369716  0.092608 0.0656684   9.80834 
             38.6034 -0.292823  0.563163   2.74513  2.94808  1.89233 0.041073 180.013       0       0 -0.13     0 -1.03  0.0583471   0.257383 0.00678717  0.00215523 -0.00117605 -0.00371369  -0.014675 -0.0161875 0.00580588 0.0931862 0.0672239   9.80833 
             38.8047 -0.305125  0.551043    2.3787     2.8957    2.00487 -0.0139618 180.013       0       0 -0.13     0 -1.03 -0.0716702   0.334152  -0.140281  0.00228878 -0.00116025 -0.00313394  -0.013857 -0.0188277 0.00851245 0.0915543 0.0677289   9.80834 
             39.2035 -0.319513  0.567539   2.41666    3.02052    2.08332 -0.0316254 180.013       0       0 -0.13     0 -1.03   0.15144  0.241546 -0.168698    0.0021486 -0.000992292   -0.0031537 -0.0161587  -0.016451 0.00345343 0.0938514  0.068264   9.80831 
             39.6049 -0.327095  0.567537   2.45264     2.883   2.21556 0.0322632 180.013       0       0 -0.13     0 -1.03 -0.0893161   0.143758  0.0520614    0.0021708 -0.000898975   -0.0032074  -0.0100799  -0.0191835 -0.00178804 0.0905607 0.0681652   9.80835 
             39.8048 -0.346145  0.584075   2.59116    2.95661    2.25142 0.00963115 180.013       0       0 -0.13     0 -1.03 0.0976769 0.0461775  -0.02082  0.00232733 -0.00137581 -0.00318112  -0.0133951  -0.0194478 0.000148124 0.0919033 0.0691171   9.80833 
             40.0035 -0.353619  0.592286    2.5768   2.99999   2.24823 0.0175585 180.013       0       0 -0.13     0 -1.03   0.220685  0.0165089 0.00610216  0.00222508 -0.00146062 -0.00319099  -0.0141213     -0.0185 -0.00108945 0.0926426 0.0690714   9.80832 
             40.2048 -0.35697 0.591612  2.38934   2.97323   2.24757 0.0195591 180.013       0       0 -0.13     0 -1.03   0.151707  0.0313841 -0.0048946  0.00214175 -0.00111879 -0.00310496 -0.00822055  -0.0197059 -0.00119983 0.0897006 0.0676348   9.80836 
             40.4049 -0.339963  0.580034   2.40713    2.9373    2.2395 0.0142641 180.013       0       0 -0.13     0 -1.03  0.0188843 -0.0179406  0.0171654   0.00209098 -0.000982421  -0.00289847    -0.002446   -0.0201788 -0.000552981 0.0869595 0.0659073   9.80839 
             40.6035 -0.344638   0.57567   2.08294   2.84854   2.24175 0.0225979 180.013       0       0 -0.13     0 -1.03  -0.242388 -0.0108064  0.0303231  0.00205584 -0.00139265 -0.00268948   0.00499667   -0.0229063 -0.000872739 0.0828805 0.0648634   9.80844 
             40.8036 -0.338429  0.556634   2.02408  2.76613  2.26371 0.017661 180.013       0       0 -0.13     0 -1.03  -0.31385 0.0447158 0.0210097  0.00203593 -0.00143646 -0.00264731 0.00683481 -0.0252752 0.00013282 0.0813411  0.065359   9.80844 
             41.2049 -0.341341  0.552716   2.14253   2.71419   2.24321 0.0101256 180.013       0       0 -0.13     0 -1.03   -0.167213  -0.0513557 -0.00671995  0.00193637  -0.0015093 -0.00273979  0.00446313  -0.0236647 0.000674316 0.0827277 0.0650418   9.80844 
             41.4049 -0.338316    0.5333    1.7943   2.62469   2.24296 0.0169558 180.013       0       0 -0.13     0 -1.03    -0.3021  -0.034135 -0.0023665  0.00189835  -0.0015037 -0.00224238   0.00685841   -0.0244684 -0.000240032 0.0815369 0.0649642   9.80845 
             41.6034 -0.336034   0.51726   1.61618    2.5354   2.24652 0.0167661 180.013       0       0 -0.13     0 -1.03   -0.401382 -0.00999433 -0.00427864  0.00182643 -0.00152256 -0.00211039  0.00807695  -0.0252032 -0.00046889 0.0808208 0.0650082   9.80845 
             41.8033 -0.333801  0.511839   1.69536   2.49493   2.23827 0.0232995 180.013       0       0 -0.13     0 -1.03  -0.297238 -0.0524148  0.0135232  0.00180659 -0.00154885 -0.00208881    0.0060455   -0.0246076 -0.000973504 0.0819154 0.0650742   9.80844 
             42.0045 -0.335917  0.507156   1.54516   2.48012   2.22595 0.0268015 180.013       0       0 -0.13     0 -1.03  -0.192327 -0.0459885  0.0182698  0.00176465 -0.00165926 -0.00197967   0.00350484   -0.0240544 -0.000841641 0.0831711 0.0650243   9.80843 
             42.2043 -0.33571 0.504355  1.46854   2.41521   2.23939 0.0271357 180.013       0       0 -0.13     0 -1.03  -0.224064 0.00106796  0.0147491  0.00177537 -0.00159901 -0.00193138   0.00556204   -0.0260752 -0.000453017 0.0819728 0.0658012   9.80844 
             42.6027 -0.333978  0.492869   1.53374   2.30291   2.25427 0.0248364 180.013       0       0 -0.13     0 -1.03  -0.255542 0.00575646 -0.0217834  0.00180716 -0.00162421  -0.0019663  0.00706594  -0.0274753 0.000237073 0.0811071   0.06634   9.80844 
             43.2023 -0.331714   0.46838   1.24672  1.94444  2.24618 0.049877 180.013       0       0 -0.13     0 -1.03  -0.496079 -0.0107479  0.0644914  0.00170776 -0.00164263 -0.00155673   0.0118848  -0.0273741 0.000125138 0.0788119 0.0659972   9.80846 
             43.4035 -0.32589 0.443686   1.0042   2.00979   2.24176 0.0212597 180.013       0       0 -0.13     0 -1.03  -0.214084 -0.0311352 -0.0548901  0.00164092 -0.00155644 -0.00125811 0.00847049 -0.0272447 0.00181791 0.0803238 0.0659699   9.80845 
             43.6034 -0.320516  0.427003  0.936997   1.89804    2.2448 0.0403237 180.013       0       0 -0.13     0 -1.03  -0.383919 -0.0250376  0.0541153  0.00166413  -0.0015483 -0.00119353   0.0111303  -0.0275535 0.000178135 0.0792878 0.0663413   9.80846 
             43.8019 -0.315824  0.407222  0.769817   1.75035    2.2666 0.0286444 180.013       0       0 -0.13     0 -1.03   -0.565835   0.0460448 -0.00834739  0.00175208 -0.00133017  -0.0010945  0.0148308 -0.0290787 0.00156018 0.0775843  0.067253   9.80846 
             44.2029 -0.310347  0.394345  0.671609   1.57092   2.26974 0.0317809 180.013       0       0 -0.13     0 -1.03  -0.505647 0.00566491  0.0429853   0.00167859   -0.0015286 -0.000921676  0.0125308 -0.0285756  0.0016536 0.0785822 0.0667895   9.80846 
             44.4028 -0.295435  0.360642  0.464055  1.56261  2.24249 0.024891 180.013       0       0 -0.13     0 -1.03   -0.33457 -0.0459967 -0.0451735  0.00158112 -0.00155305 -0.00071131 0.00808869 -0.0275246 0.00173884 0.0804292 0.0657193   9.80845 
             44.6027 -0.295454  0.352612   0.47622   1.49822   2.25217 0.0474626 180.013       0       0 -0.13     0 -1.03  -0.310188 0.00532772    0.15988   0.00160086  -0.00146351 -0.000688763  0.00838974   -0.028458 0.000769881 0.0805654 0.0662403   9.80845 
             44.8025 -0.297609  0.348797  0.352565   1.43857   2.26377 0.0551896 180.013       0       0 -0.13     0 -1.03  -0.29373 0.0297916  0.148265   0.00166499  -0.00146237 -0.000631669 0.00830343 -0.0292014 0.00268001 0.0806036 0.0664813   9.80844 
             45.0024 -0.29618 0.335329 0.271043    1.3219   2.26876 0.0322396 180.013       0       0 -0.13     0 -1.03  -0.438807  0.0289111 -0.0148305   0.00165383  -0.00119113 -0.000490041  0.0112886 -0.0289081 0.00566549 0.0791254 0.0669241   9.80845 
             45.2023 -0.292107  0.318324 0.0886627   1.23602   2.27013 0.0238672 180.013       0       0 -0.13     0 -1.03  -0.426121  0.0263863 0.00400607   0.00161604  -0.00118107 -0.000239874  0.0113251 -0.0284742 0.00611969 0.0789851 0.0667366   9.80845 
             45.4022  -0.292208   0.312033 -0.0245961   1.17859   2.25538 0.0334292 180.013       0       0 -0.13     0 -1.03  -0.402082 -0.0317515  0.0218955   0.00151041  -0.00125688 -0.000179565 0.00865557 -0.0272966 0.00504266 0.0798072 0.0656445   9.80846 
              45.602 -0.285303  0.299286 0.0135556   1.09076   2.25046 0.0438826 180.013       0       0 -0.13     0 -1.03  -0.399897 -0.0497087    0.14112  0.00149215 -0.00121776 -0.00021321 0.00949235 -0.0274708 0.00581321 0.0795111 0.0659154   9.80846 
             45.8019 -0.288607  0.292181 0.0244932  1.07513  2.26346 0.028356 180.013       0       0 -0.13     0 -1.03  -0.241449  0.0218991 -0.0924382   0.00157485  -0.00137261 -0.000195804 0.00649247 -0.0294333  0.0074253 0.0811769 0.0656085   9.80844 
             46.0018 -0.281408  0.281076 -0.130702   1.01646   2.27179 0.0231361 180.013       0       0 -0.13     0 -1.03  -0.223586   0.017176 -0.0140987   0.00160233  -0.00124635 -2.39665e-05 0.00732084 -0.0295987 0.00707826 0.0809392 0.0659299   9.80844 
             46.2016 -0.285022  0.271645 -0.276579  0.926201   2.27574 0.0392868 180.013       0       0 -0.13     0 -1.03  -0.323123 0.00856398  0.0353841  0.00168409 -0.00105048 8.90284e-05 0.0102241 -0.029212 0.0057735  0.079812 0.0667034   9.80845 
             46.6013  -0.28271  0.257023 -0.319308  0.744616   2.29234 0.0226599 180.013       0       0 -0.13     0 -1.03  -0.438835  0.0251161 -0.0553968   0.00164601 -0.000990598  0.000153943  0.0126889 -0.0293508   0.007283 0.0789614 0.0675404   9.80845 
             46.8012 -0.271222  0.230521 -0.603445  0.554716   2.28481 0.0107525 180.013       0       0 -0.13     0 -1.03  -0.653915 0.00113737 -0.0581411   0.00161081 -0.000968115    0.0004872  0.0171319 -0.0275697 0.00704515 0.0768373  0.068545   9.80846 
             47.0011 -0.270866  0.210976 -0.694066  0.537656   2.29371 0.0292147 180.013       0       0 -0.13     0 -1.03  -0.37688 0.0146148 0.0559567   0.00158914 -0.000974045  0.000619879   0.011826 -0.0293035 0.00467899  0.079209 0.0672465   9.80845 
             47.2009 -0.270453  0.205772  -0.86973  0.514955   2.28147 0.0365478 180.013       0       0 -0.13     0 -1.03  -0.250108 -0.0282377  0.0179516  0.00147511 -0.00115695 0.000713122 0.00835267 -0.0292253 0.00507824 0.0801484 0.0657696   9.80845 
             47.6007 -0.271939  0.201331 -0.879561  0.345225   2.30365 0.0042533 180.013       0       0 -0.13     0 -1.03 -0.353717 0.0319696 -0.014868   0.00163506 -0.000966622  0.000665631  0.0119422  -0.029822 0.00684493 0.0794658 0.0674821   9.80845 
             47.8006 -0.264326  0.168153  -1.08644  0.141752   2.37602 0.0204078 180.013       0       0 -0.13     0 -1.03 -0.644128  0.152874 0.0333271   0.00196944 -0.000582205  0.000962429   0.017964 -0.0305208  0.0057324 0.0782919 0.0704607   9.80843 
             48.0004 -0.274102  0.169922  -1.13678  0.267483   2.25703 0.0345338 180.013       0       0 -0.13     0 -1.03 0.00515338  -0.231511   0.104332  0.00136756 -0.00113694  0.00104066 0.00520793 -0.0275449 0.00581361 0.0804175 0.0641397   9.80846 
             48.2002 -0.270858  0.165823  -1.25611  0.185184   2.27503 0.0411055 180.013       0       0 -0.13     0 -1.03  -0.197949 -0.0743301  0.0667958   0.00182964 -0.000734553    0.0010777   0.011276 -0.0296602  0.0069036 0.0800442 0.0674999   9.80844 
             48.4001 -0.254159  0.152218  -1.44198 -0.0023984     2.3169  0.0175996 180.013       0       0 -0.13     0 -1.03  -0.535191  0.0725157 -0.0328454   0.00201807 -8.83941e-06    0.0012026   0.022736 -0.0294536 0.00952885 0.0776725 0.0731732   9.80842 
             48.5999 -0.257268  0.138399  -1.41757 -0.0658548    2.34842  0.0149653 180.013       0       0 -0.13     0 -1.03  -0.379891   0.140578 -0.0519559   0.00227033 -3.64775e-05    0.0010634  0.0206667 -0.0315973 0.00857635 0.0791682 0.0725074   9.80841 
             48.7998 -0.262551  0.125617  -1.38826 -0.102268   2.36799 0.0292086 180.013       0       0 -0.13     0 -1.03 -0.233116  0.106556 0.0210663    0.0022792 -0.000104783   0.00106964  0.0187174 -0.0320841 0.00712989 0.0797231 0.0715335   9.80842 
             48.9997 -0.268691  0.116503  -1.61014 -0.156674   2.34896 0.0374667 180.013       0       0 -0.13     0 -1.03  -0.257784 0.00425961  0.0322049   0.00201892 -0.000358507   0.00131191  0.0182084 -0.0302117 0.00725655 0.0788385 0.0709523   9.80843 
             49.1996 -0.256146 0.0935607  -1.74067 -0.303965   2.31812 0.0124711 180.013       0       0 -0.13     0 -1.03  -0.480257 -0.0623094 -0.0452601  0.00183797 -0.00026599  0.00135721  0.0231164 -0.0256607 0.00986219 0.0757544  0.072563   9.80844 
              49.598 -0.250015 0.0923591  -1.79851 -0.509618   2.35722 0.0329189 180.013       0       0 -0.13     0 -1.03 -0.482954  0.047018 0.0391671    0.0020313 -9.66026e-05   0.00147018   0.025454 -0.0278939 0.00850424  0.076658 0.0741889   9.80842 
             49.7978 -0.252247 0.0662097  -1.98031  -0.556347    2.39168 0.00996938 180.013       0       0 -0.13     0 -1.03  -0.535458  0.0981079 -0.0613833   0.00226344 -0.000537056   0.00156858   0.023581 -0.0303191  0.0102532 0.0781929 0.0734063   9.80841 
             49.9977 -0.243973 0.0501641  -2.07576    -0.828144      2.41744 -0.000820186 180.013       0       0 -0.13     0 -1.03   -1.23983   0.111382 -0.0165474   0.00229873 -0.000461408   0.00166629  0.0292714 -0.0277941  0.0106987 0.0762587 0.0763915   9.80841 
             50.1989  -0.25589 0.0593919  -2.01597 -0.862652   2.35693  0.003718 180.013       0       0 -0.13     0 -1.03   -0.80917  -0.234528 0.00760735  0.00192317 -0.00202966  0.00157214  0.0128387 -0.0308833  0.0102498 0.0791294 0.0671329   9.80845 
             50.3974 0.193331  2.12225 -1.73117  -0.254427    2.23166 -0.0873433 180.013       0       0 -0.13     0 -1.03   1.08963  -0.55053 -0.284467   0.0016289 -0.00739391  0.00202777 -0.0320489 -0.0524121  0.0144487 0.0940832 0.0416304   9.80846 
             50.7972 0.060966  1.95909 -1.81408 -0.220347   2.33508 -0.054478 180.013       0       0 -0.13     0 -1.03  0.317133  0.114635 0.0646334  0.00292959 -0.00495305  0.00169837 -0.0103152 -0.0551959  0.0103003 0.0952891 0.0533676   9.80839 
             50.9984 -0.451994   1.42569  -1.45821 -0.747195   2.12657 -0.165857 180.013       0       0 -0.13     0 -1.03 -0.956443 -0.376062  -0.22617  0.000938636 -0.000371807   0.00162465 -0.00130574  -0.0425342   0.0141446 0.0859538 0.0582748   9.80845 
             51.1982 -0.313216    1.5652  -1.50541  -0.53254   2.07072 -0.138644 180.013       0       0 -0.13     0 -1.03 0.0109303 -0.357802 -0.123925  0.00139746 -0.00738798  0.00131853  -0.015573 -0.0502739 0.00876275 0.0931963 0.0512395   9.80842 
             51.3968 -0.323825   1.61017  -1.28136  -0.521186    2.02704 -0.0833949 180.013       0       0 -0.13     0 -1.03 0.00357494  -0.268594  0.0480156 0.00157561  -0.007407 0.00116481 -0.0143933  -0.051579 0.00436239 0.0950991 0.0517123    9.8084 
             51.7979 -0.498073   1.56941  -1.50588 -0.611393   1.88999 0.0566345 180.013       0       0 -0.13     0 -1.03 -0.206816 -0.305928  0.400527  0.00142283 -0.00686537  0.00131266 -0.0107226 -0.0492035 0.00391535 0.0935255 0.0531131   9.80841 
             51.9978 -0.102118   1.79261  -1.30091 -0.531281   1.78548 0.0142823 180.013       0       0 -0.13     0 -1.03 0.0600454 -0.374688   0.20546 0.00108759 -0.0081341 0.00121765 -0.0154097 -0.0496478  0.0084263 0.0928753 0.0513768   9.80843 
             52.5974 -0.405683   1.67676  -1.29659 -0.485068   1.68816 -0.060067 180.013       0       0 -0.13     0 -1.03 0.00811288   -0.26828 -0.0246115  0.00261913 -0.00831948  0.00106835 -0.0169282 -0.0527185  0.0156168 0.0923066 0.0526098   9.80842 
             52.7973 -0.444093   1.63999  -1.20428  -0.581982    1.52995 -0.0482206 180.013       0       0 -0.13     0 -1.03 -0.183732 -0.427076 0.0140612   0.0016912 -0.00752733 0.000945414 -0.0157006 -0.0498473  0.0149486 0.0910131  0.052672   9.80844 
             52.9972 -0.356168   1.66241  -1.31103  -0.600089    1.45443 -0.0185793 180.013       0       0 -0.13     0 -1.03 -0.152737 -0.418504   0.14109  0.00154806 -0.00746465  0.00110684 -0.0159443 -0.0501237  0.0136378 0.0916766 0.0526318   9.80843 
             53.1956 -0.314913   1.67945  -1.39383  -0.460621    1.40283 -0.0442306 180.013       0       0 -0.13     0 -1.03   0.224809  -0.321382 -0.0227289  0.00155085 -0.00816874  0.00101739 -0.0273636 -0.0559464  0.0171073 0.0950443  0.048838   9.80842 
              53.397 -0.334635   1.70173  -1.21076  -0.569575    1.35575 -0.0225247 180.013       0       0 -0.13     0 -1.03 -0.174963 -0.217009 0.0757098  0.00166582 -0.00701541 0.000840709 -0.0152315  -0.052502  0.0154775 0.0921468 0.0537466   9.80842 
             53.5968 -0.336311   1.67105  -1.07293  -0.595776    1.28426 -0.0329824 180.013       0       0 -0.13     0 -1.03    -0.2431  -0.273835 0.00696254  0.00164666  -0.0070273 0.000702566 -0.0182019 -0.0509326  0.0168939 0.091418  0.05226  9.80843 
             53.7967 -0.31268  1.70878 -1.07743  -0.558445    1.22938 -0.0196461 180.013       0       0 -0.13     0 -1.03 -0.0362438  -0.301143   0.067709  0.00165052 -0.00740044 0.000639663 -0.0220949 -0.0527774  0.0165221 0.0930379 0.0508735   9.80843 
             53.9966 -0.279905    1.7249 -0.904408   -0.577382     1.13047 -0.00127772 180.013       0       0 -0.13     0 -1.03 -0.104172 -0.382308  0.136902  0.00140104 -0.00745348 0.000492149 -0.0225807 -0.0508989  0.0166917 0.0923175  0.050322   9.80844 
             54.1965 -0.206162    1.7099 -0.951345  -0.660529    1.05745 0.00631758 180.013       0       0 -0.13     0 -1.03 -0.296685 -0.315457  0.156821   0.0014469 -0.00724481 0.000539098 -0.0196838 -0.0496996  0.0186423 0.0906912 0.0513061   9.80845 
             54.3964 -0.278179   1.68869  -1.10632  -0.710584    1.00474 -0.0248435 180.013       0       0 -0.13     0 -1.03  -0.322095   -0.34329 -0.0873945  0.00156344 -0.00719947 0.000741949 -0.0211857 -0.0515684  0.0219314 0.0907534 0.0514146   9.80845 
             54.5963 -0.202464   1.69577  -1.04651  -0.607217   0.949443 -0.0415235 180.013       0       0 -0.13     0 -1.03 0.0504949 -0.312466 0.0960698  0.00185261 -0.00789971 0.000552718 -0.0340182 -0.0563466  0.0237979 0.0946883 0.0478601   9.80843 
             54.7962 -0.238342   1.71902 -0.840358 -0.588501  0.884124 0.0302721 180.013       0       0 -0.13     0 -1.03 0.0302782 -0.296621  0.256726   0.0018623 -0.00781875 0.000474656  -0.033808 -0.0563972  0.0214422 0.0954104 0.0476782   9.80842 
             55.1959  -0.23378   1.71384 -0.882115  -0.680537   0.722401 0.00878566 180.013       0       0 -0.13     0 -1.03  -0.175168  -0.423417 -0.0395894   0.0016414 -0.00738247  0.00053166 -0.0321992 -0.0547067  0.0242283 0.0934581 0.0482212   9.80844 
             55.7956 -0.172451   1.70607 -0.757028  -0.73266  0.556614 -0.170366 180.013       0       0 -0.13     0 -1.03 -0.250289 -0.320824 -0.337821   0.0017727 -0.00766906 0.000344274 -0.035094 -0.056524 0.0267188  0.093943 0.0477198   9.80843 
             55.9938 -0.139243   1.70566 -0.701371  -0.642266   0.442096 -0.0298716 180.013       0       0 -0.13     0 -1.03 -0.046699 -0.372575 -0.113776  0.00144424 -0.00800304 9.79126e-05 -0.0346416 -0.0561119  0.0154951 0.0972418 0.0470153   9.80841 
             56.3963 -0.198832    1.6909 -0.593866  -0.752019   0.276974 -0.0559316 180.013       0       0 -0.13     0 -1.03    -0.288 -0.531942 -0.181432   0.0015891 -0.00776123 0.000107119 -0.0324038 -0.0563895  0.0137122 0.0974641 0.0476342    9.8084 
             56.5948 -0.183869   1.70512 -0.433026  -0.742424   0.253469 -0.0230206 180.013       0       0 -0.13     0 -1.03   -0.289119    -0.37168 -0.00146008   0.00218736  -0.00832898 -0.000164968 -0.0333453 -0.0601578  0.0092922  0.100155 0.0480132   9.80837 
             56.9959 -0.155946   1.70045 -0.458461 -0.773004 0.0953493 0.0178597 180.013       0       0 -0.13     0 -1.03 -0.219176 -0.431227  0.019963    0.0021297  -0.00830079 -0.000128716 -0.0352082 -0.0610077 0.00744856  0.101316 0.0475991   9.80836 
             57.1958 -0.173548   1.71757 -0.537904  -0.641048   0.058905 -0.0088826 180.013       0       0 -0.13     0 -1.03  0.0478975  -0.344813 -0.0389337   0.00211913   -0.0081208 -0.000171906 -0.0401954 -0.0635436 0.00818314  0.102984 0.0471231   9.80835 
             57.3944 -0.172441   1.71655 -0.317248   -0.704943  -0.0220752 -0.00837484 180.013       0       0 -0.13     0 -1.03  -0.146854   -0.38317 -0.0788817 0.00215985 -0.0080693 -0.0003184 -0.0356263 -0.0619376 0.00691172  0.101837 0.0478114   9.80835 
             57.7941 -0.161791   1.70812 -0.340515 -0.769617 -0.150679 -0.034506 180.013       0       0 -0.13     0 -1.03  -0.213021  -0.310802 -0.0613005  0.00211889 -0.00798619 -0.00033436 -0.0344302  -0.062807 0.00527718  0.102235 0.0482483   9.80835 
              57.994 -0.176327   1.71926 -0.296015 -0.744346 -0.236259 0.0154548 180.013       0       0 -0.13     0 -1.03 -0.113609 -0.337921  0.088048    0.0019065  -0.00847118 -0.000338026 -0.0355717 -0.0625729 0.00384941  0.102878 0.0479035   9.80834 
             58.3937 -0.188388   1.73119  -0.45447  -0.819759  -0.372372 0.00162337 180.013       0       0 -0.13     0 -1.03 -0.253239 -0.380826 0.0216236   0.00206472   -0.0082717 -0.000170491 -0.0356591 -0.0632005 0.00530154 0.102604 0.048065  9.80835 
              58.595 -0.169056   1.73241  -0.33624  -0.671317  -0.396561 -0.0040201 180.013       0       0 -0.13     0 -1.03  0.164763 -0.243572 -0.133965   0.00239128  -0.00928394 -0.000458416 -0.0428852 -0.0663395 0.00423427 0.105372 0.047226  9.80832 
             58.7948 -0.168667   1.72958 -0.218748  -0.744591  -0.492934 -0.0130375 180.013       0       0 -0.13     0 -1.03  -0.175638  -0.390883 -0.0760031   0.00222161  -0.00907082 -0.000486298 -0.0394604 -0.0640272 0.00307042  0.104344 0.0475567   9.80833 
             58.9934  -0.150903     1.7289 -0.0708367 -0.743862 -0.552333 0.0219903 180.013       0       0 -0.13     0 -1.03 -0.119834 -0.371523  0.119832   0.00230537  -0.00924774 -0.000723146 -0.0404882 -0.0650912 0.00136233  0.105242 0.0476394   9.80832 
             59.1919 -0.153064   1.72393 0.0237079 -0.823584 -0.595374 0.0581996 180.013       0       0 -0.13     0 -1.03  -0.27493 -0.248255  0.251836   0.00231841  -0.00906785 -0.000695992 -0.0361049  -0.066291 0.00250751  0.104085 0.0487434   9.80833 
             59.3931 -0.166428   1.75206 -0.162942 -0.768427 -0.645537 0.0158197 180.013       0       0 -0.13     0 -1.03 -0.0621395   -0.27146 -0.0801825   0.00227375  -0.00946092 -0.000564289 -0.0462011 -0.0674948   0.008093 0.105456 0.047608  9.80832 
             59.5929 -0.149919    1.7358 -0.179291  -0.746927  -0.740293 -0.0258676 180.013       0       0 -0.13     0 -1.03 -0.0112531  -0.320272  -0.250888   0.00184676  -0.00981648 -0.000578398 -0.0489065 -0.0652549 0.00867905  0.105677 0.0466512   9.80832 
             59.9927  -0.136069    1.73438 -0.0693484  -0.735513  -0.745679 0.00343377 180.013       0       0 -0.13     0 -1.03  -0.0630656  0.00297466 -0.00782519  0.00200862 -0.00994735 -0.00067168 -0.0491414 -0.0668124 0.00520714  0.106871 0.0469995   9.80831 
             60.1926 -0.155181   1.72949 0.0951447 -0.740148 -0.813086 0.0320451 180.013       0       0 -0.13     0 -1.03 -0.0799812  -0.127381  0.0430427   0.00181937  -0.00982986 -0.000752849 -0.0495891 -0.0642388 0.00379055  0.106914 0.0463207   9.80831 
             60.3925 -0.142295   1.73114 0.0912053 -0.763114 -0.754489 0.0246775 180.013       0       0 -0.13     0 -1.03  -0.243299  0.0765633 0.00141595   0.00188088  -0.00973308 -0.000760952 -0.0495774 -0.0697668 0.00551048  0.107121 0.0476997    9.8083 
             60.9934  -0.135068    1.71987 -0.0329793   -1.17469  -0.733381 0.00519615 180.013       0       0 -0.13     0 -1.03 -0.824636 0.0605516 0.0342876    0.0017799  -0.00972961 -0.000719586 -0.0486755 -0.0684034 0.00745057  0.106268 0.0474511   9.80831 
             61.1921 -0.0666954    1.75935   0.414444   -0.504271   -0.818395 0.000418178 180.013       0       0 -0.13     0 -1.03   0.558457  -0.128778 -0.0618538 0.00072335 -0.0179836 -0.0011076  -0.061267  -0.068628 0.00541851  0.109652 0.0456771   9.80828 
             61.5931 -0.0533521    1.77344   0.597208 -0.210834 -0.744977 0.0141519 180.013       0       0 -0.13     0 -1.03  0.548638   0.11529 0.0676568  0.00142587  -0.0186158 -0.00119531 -0.0627274 -0.0716116 0.00273848  0.111187 0.0460332   9.80826 
             61.7929 -0.0590073    1.81179   0.852096 -0.207494 -0.787362 0.0137222 180.013       0       0 -0.13     0 -1.03   0.320276 -0.0347196  0.0368805  0.00101826  -0.0176141 -0.00153671 -0.0589605  -0.069217 0.00378395  0.109875 0.0456171   9.80828 
             61.9915 -0.0843582    1.82316     1.0445 -0.0773351  -0.797873  0.0146692 180.013       0       0 -0.13     0 -1.03   0.449763 -0.0378911  0.0387273   0.0010535  -0.0180268 -0.00172891 -0.0629498 -0.0689104 0.00447484  0.110706 0.0455122   9.80827 
             62.1914 -0.0577197    1.84232    1.20377 -0.00414328   -0.787695  -0.0176999 180.013       0       0 -0.13     0 -1.03   0.352831 0.00981113  -0.127181  0.00117168  -0.0179743 -0.00196599 -0.0625318  -0.070305 0.00591892  0.110191 0.0458505   9.80827 
             62.3926 -0.0360388    1.85231    1.26357   0.0781474   -0.776173 -0.00754378 180.013       0       0 -0.13     0 -1.03   0.328666  0.0607487 -0.0339972   0.0011765   -0.017896 -0.00207643 -0.0632962 -0.0706462 0.00344003  0.110951 0.0460083   9.80826 
             62.5925 -0.0735865    1.87122    1.36985  0.177985  -0.77042 0.0147529 180.013       0       0 -0.13     0 -1.03  0.354008  0.113632 0.0808373  0.00109496  -0.0179223 -0.00212107  -0.065577 -0.0690818 0.00168514  0.112135 0.0459414   9.80825 
              62.791 -0.0772759    1.89584    1.41456  0.309338 -0.774559 0.0245949 180.013       0       0 -0.13     0 -1.03  0.484933 0.0327673 0.0914232 0.000905934  -0.0181521 -0.00216963 -0.0685174 -0.0673792 0.00217984  0.112914 0.0459356   9.80824 
             62.9909 -0.0598811    1.89271    1.60699    0.412289   -0.799369 0.000516846 180.013       0       0 -0.13     0 -1.03    0.457856  -0.0422359 -0.00821411 0.000659631  -0.0180785 -0.00242321  -0.069135 -0.0657442 0.00369554  0.112882 0.0455511   9.80824 
             63.1921 -0.0995131    1.92431    1.74248   0.487582  -0.805434 0.00647217 180.013       0       0 -0.13     0 -1.03   0.386061 -0.0362102 0.00305199 0.000607736  -0.0179646 -0.00259587 -0.0677812 -0.0661818 0.00266561  0.112768 0.0455019   9.80825 
             63.5906 -0.102382   1.92657   1.83078   0.649266  -0.787418 0.00265316 180.013       0       0 -0.13     0 -1.03   0.355459  0.0092994 -0.0124728 0.000710831  -0.0177933 -0.00266294 -0.0687189 -0.0681797 0.00285532  0.112555 0.0460794   9.80825 
             63.7904 -0.08273  1.96466  1.94431  0.762916 -0.770584 0.0160658 180.013       0       0 -0.13     0 -1.03  0.388319 0.0450784  0.107524 0.000822361  -0.0177824 -0.00280679  -0.070441 -0.0683964 0.00283961  0.112854 0.0464942   9.80824 
             63.9916 -0.101082   1.98891   2.07793  0.883262 -0.798626 0.0226956 180.013       0       0 -0.13     0 -1.03   0.433109 -0.0488241   0.100316 0.000550995  -0.0181148 -0.00302732 -0.0731199  -0.065867 0.00473747  0.113359 0.0464685   9.80823 
             64.1915 -0.104301   2.00362   2.26059     0.939354    -0.810366 -5.93912e-05 180.013       0       0 -0.13     0 -1.03   0.310288 -0.0568891  -0.067356 0.000552535  -0.0180507  -0.0032752 -0.0720478 -0.0664873 0.00762815  0.112277 0.0461276   9.80825 
             64.3901 -0.121928   2.01677   2.38969     1.01805   -0.796265 -0.00547208 180.013       0       0 -0.13     0 -1.03   0.330854  0.0273075 -0.0203008 0.000514427  -0.0178582  -0.0033777 -0.0738142 -0.0678864 0.00708592  0.112341 0.0468747   9.80824 
             64.5913 -0.121165   2.02025    2.4259    1.11722  -0.774858 -0.0088542 180.013       0       0 -0.13     0 -1.03   0.354491  0.0884085 -0.0548609  0.00060763  -0.0180086 -0.00341138 -0.0766423 -0.0678605 0.00671469  0.112872 0.0477537   9.80823 
             64.7912 -0.0916114    2.03449    2.50733    1.22826  -0.783553 -0.0237719 180.013       0       0 -0.13     0 -1.03   0.419317   0.012302 -0.0617097  0.00047543  -0.0181358 -0.00341535 -0.0783798 -0.0659777 0.00696172   0.11366 0.0480316   9.80822 
             64.9911 -0.102034   2.07041   2.48686    1.39474  -0.803291 -0.0151479 180.013       0       0 -0.13     0 -1.03    0.564313  -0.0484268 -0.00972754 0.000410138  -0.0183127 -0.00353744 -0.0813943 -0.0638927 0.00602628  0.114944 0.0488143   9.80821 
             65.1896 -0.118018   2.09825   2.74427    1.42537  -0.794707 -0.0166566 180.013       0       0 -0.13     0 -1.03    0.32598 -0.0046984 -0.0270839  0.00039185  -0.0182702 -0.00387426 -0.0759153 -0.0677842 0.00567435  0.113061 0.0476614   9.80823 
             65.5907 -0.128339   2.09013   2.84334     1.55362   -0.740873 -0.00803658 180.013       0       0 -0.13     0 -1.03   0.263405  0.0957676 -0.0246587 0.000522336  -0.0179978 -0.00398873 -0.0769159 -0.0706412 0.00401578  0.112646 0.0484776   9.80823 
             65.9892 -0.091733   2.13863   2.89695    1.83162  -0.749074 -0.0449796 180.013       0       0 -0.13     0 -1.03   0.430231  0.0308407 -0.0535713 0.000361583  -0.0183573 -0.00404718 -0.0824806 -0.0670951 0.00489432   0.11426 0.0500867   9.80821 
             66.7887 -0.129452   2.16732    3.3322    2.00911  -0.824166 -0.0275864 180.013       0       0 -0.13     0 -1.03   0.109547 -0.0908081 -0.0179538 0.000282318  -0.0179724 -0.00457093 -0.0799788  -0.066492 0.00249344  0.114935 0.0493336    9.8082 
             66.9899 -0.174114   2.22346   3.57586    2.29642  -0.757858 -0.0267944 180.013       0       0 -0.13     0 -1.03     0.43352   0.0169331 -0.00859953 0.000323775  -0.0181039   -0.004861 -0.0834072 -0.0661408 0.00163555   0.1155 0.050798  9.80819 
             67.3897 -0.145466   2.24006   3.83242    2.45552  -0.806814 -0.0281094 180.013       0       0 -0.13     0 -1.03     0.33319  -0.0904249 -0.00694143 0.000338185  -0.0180423 -0.00506046  -0.0830069   -0.065262 0.000890719    0.1161 0.0507614   9.80818 
             67.5882 -0.134663   2.32044   4.13169    2.56327  -0.734984 -0.0101876 180.013       0       0 -0.13     0 -1.03  0.434649 0.0419261  0.160852  0.00098148  -0.0177914 -0.00526509  -0.0860929  -0.0686283 0.000703246  0.114579 0.0521631   9.80819 
             67.7894 -0.122362   2.29935   3.95373    2.67859  -0.753958 -0.0337823 180.013       0       0 -0.13     0 -1.03    0.482392   -0.049333 -0.00720919 0.000999877  -0.0177982 -0.00524315 -0.0876208 -0.0670939 0.00375218  0.114424 0.0525163   9.80819 
             67.9894 -0.122569    2.3164   4.22698    2.78079  -0.726325 -0.0334051 180.013       0       0 -0.13     0 -1.03  0.449793 0.0505468 0.0130166  0.00103641  -0.0177405 -0.00553078 -0.0887667 -0.0681545  0.0037469  0.113853 0.0530151    9.8082 
             69.1886 -0.136472   2.34128   4.44016   3.16736 -0.786377 -0.194301 180.013       0       0 -0.13     0 -1.03    0.243341 -0.00120252   -0.165248 0.000880452  -0.0176492 -0.00577238 -0.0868869 -0.0656842 0.00331731  0.115212 0.0522854   9.80818 
             69.3885 -0.137306   2.44363   4.93686    3.34679  -0.697653 -0.0559213 180.013       0       0 -0.13     0 -1.03    0.470538    0.119282 -0.00944516  0.00120648  -0.0170743 -0.00613634   -0.085813  -0.0658677 -0.00169019  0.116454 0.0524693   9.80817 
             69.9881 -0.103023   2.42183   4.86894    3.69953  -0.652026 -0.0718244 180.013       0       0 -0.13     0 -1.03  0.444435  0.367054 0.0172723  0.00145202  -0.0167428 -0.00608983   -0.0864378   -0.0648983 -0.000311395  0.116441 0.0525874   9.80817 
              70.188 -0.163778   2.46766   4.86788     3.25617   -0.658434 -0.00660227 180.013       0       0 -0.13     0 -1.03 -0.498768  0.254589  0.110328  0.00102124  -0.0109641 -0.00584142  -0.0782014  -0.0689385 -0.00156586  0.115973 0.0477471    9.8082 
             70.5878 -0.161677   2.45678   4.88851    3.27156   -0.52487 -0.0610901 180.013       0       0 -0.13     0 -1.03  -0.216537    0.24782 -0.0404111  0.00165266  -0.0138042 -0.00623779 -0.0859072 -0.0667512 0.00372803  0.114901 0.0512655   9.80819 
             70.7877 -0.164444   2.43695   4.69788    3.32539  -0.426336 -0.0415951 180.013       0       0 -0.13     0 -1.03 -0.0676979    0.36851   0.117409   0.0018233  -0.0137583 -0.00585671 -0.0917017 -0.0654574 0.00257835  0.114979 0.0546301   9.80817 
             70.9876 -0.166326   2.43584   4.77276     3.309 -0.417581 -0.023137 180.013       0       0 -0.13     0 -1.03 -0.111287  0.154212   0.10338  0.00178981  -0.0136883 -0.00583156 -0.0895763 -0.0621809 0.00354229  0.116794 0.0538344   9.80816 
             71.1875 -0.190924   2.44617   4.65404    3.30464  -0.371644 -0.0407819 180.013       0       0 -0.13     0 -1.03  -0.121422   0.170305 -0.0276213  0.00192313  -0.0137722 -0.00574993 -0.0924308  -0.062059 0.00586369  0.116058 0.0549497   9.80816 
             71.3861 -0.186391   2.44575   4.73799    3.27972  -0.332195 -0.0493891 180.013       0       0 -0.13     0 -1.03  -0.157195   0.189314 -0.0557597  0.00188189  -0.0137151 -0.00575217 -0.0930937 -0.0621611 0.00625577  0.115866 0.0552162   9.80816 
             71.7873 -0.191071   2.43767   4.56516    3.29907  -0.264908 -0.0429564 180.013       0       0 -0.13     0 -1.03 -0.105028  0.173351 0.0582401  0.00178525  -0.0139331 -0.00560312 -0.0983317 -0.0587491 0.00573333  0.117091 0.0582795   9.80813 
             72.1869 -0.196795   2.44489   4.61645     3.38831   -0.179995 -0.00266929 180.013       0       0 -0.13     0 -1.03 0.00925443    0.17525   0.143991  0.00181537  -0.0147444 -0.00563097  -0.101386 -0.0575679  0.0058929  0.117324 0.0598822   9.80812 
             72.5867 -0.215926   2.45623   4.66795    3.23648 -0.0550901 -0.0403436 180.013       0       0 -0.13     0 -1.03  -0.292642   0.279223 -0.0256679  0.00238468  -0.0135378 -0.00562672 -0.0998832 -0.0607522 0.00955057  0.115234 0.0583633   9.80815 
             72.7853 -0.210028   2.43853     4.677    3.29964 -0.0399512 -0.0490344 180.013       0       0 -0.13     0 -1.03 -0.0902756   0.189892 0.00552783 0.00235312 -0.0135136 -0.0054862  -0.103924 -0.0559886 0.00990319  0.117085 0.0607596   9.80811 
             72.9865 -0.230098   2.45081   4.64979     3.32072 -0.00366145   -0.039783 180.013       0       0 -0.13     0 -1.03 -0.0291156   0.194713  0.0433926  0.00233643  -0.0136302 -0.00547119  -0.105623 -0.0545766 0.00896873  0.117777 0.0618823    9.8081 
             73.1865 -0.222918   2.43615   4.48757    3.27984  0.0651307 -0.0580306 180.013       0       0 -0.13     0 -1.03  -0.153752   0.238655 -0.0524643  0.00254915  -0.0133712 -0.00524615  -0.105455 -0.0581915   0.010433  0.115794 0.0612368   9.80813 
             73.3863 -0.23652  2.45512  4.43739    3.34936  0.0643703 -0.0722751 180.013       0       0 -0.13     0 -1.03   0.058596   0.107283 -0.0480654  0.00234905  -0.0137386 -0.00512691  -0.111157 -0.0488357  0.0104194  0.119746 0.0648143   9.80805 
             73.5849 -0.24849  2.45699  4.50372    3.28005  0.0766183 -0.0610796 180.013       0       0 -0.13     0 -1.03 -0.165462  0.121862 -0.236607 0.00220098 -0.0133227 -0.0051981  -0.103458  -0.051686 0.00656487  0.119688 0.0614967   9.80808 
             73.7861 -0.13355  2.48627  4.45639    3.25492   0.140658 -0.0794685 180.013       0       0 -0.13     0 -1.03 -0.187644    0.2299 -0.180375  0.00235004   -0.013322 -0.00519161  -0.104799 -0.0532228 0.00460558   0.11923 0.0622617   9.80808 
             73.9861 -0.240037   2.44851   4.32837   3.41078  0.185073 -0.090334 180.013       0       0 -0.13     0 -1.03  0.240502  0.270393 -0.132725  0.00222278  -0.0136029 -0.00519236  -0.110607 -0.0493203 0.00332514  0.120917 0.0651948   9.80804 
             74.3844 -0.251405   2.46013   4.48032    3.36971   0.263569 -0.0561681 180.013       0       0 -0.13     0 -1.03 -0.0484975   0.214934  0.0395463  0.00224439  -0.0131953 -0.00528928   -0.103142   -0.052073 5.95272e-05  0.120697 0.0621081   9.80806 
             74.5843 -0.244807   2.46179   4.64845    3.35519   0.333869 -0.0354047 180.013       0       0 -0.13     0 -1.03 -0.0555162   0.397809   0.357582  0.00236243  -0.0129946 -0.00542581   -0.103377  -0.0531538 0.000792882  0.120071 0.0620562   9.80807 
             74.7856 -0.244099   2.45633   4.54783    3.29997   0.413703 -0.0424844 180.013       0       0 -0.13     0 -1.03 -0.199765  0.389583  0.111498  0.00236199  -0.0128137 -0.00538174  -0.102977 -0.0539157 0.00490006  0.119058 0.0612778   9.80809 
             74.9856 -0.258021   2.46066   4.33703    3.31193   0.450887 -0.0414194 180.013       0       0 -0.13     0 -1.03 -0.124785  0.251438  0.105063  0.00262099  -0.0126952 -0.00509118  -0.104137 -0.0518875 0.00572981  0.119767 0.0618867   9.80807 
              75.184 -0.263105   2.45524   4.24475  3.28693 0.526346  -0.0575 180.013       0       0 -0.13     0 -1.03  -0.18835  0.319667 0.0447351 0.00262864 -0.0125838 -0.0049332  -0.106113 -0.0533919 0.00790067  0.118633 0.0624622   9.80808 
             75.3839 -0.276692   2.46388   4.18933    3.33138   0.569992 -0.0501561 180.013       0       0 -0.13     0 -1.03 -0.023901  0.248423  0.078224  0.00245797  -0.0131558 -0.00487707  -0.112007 -0.0484013 0.00857474  0.120396 0.0651426   9.80804 
             76.1849 -0.277677   2.45446   4.14471   3.27075  0.787651 0.0146085 180.013       0       0 -0.13     0 -1.03 -0.219864  0.261197  0.103384  0.00248558  -0.0132411 -0.00481656  -0.114793 -0.0484449  0.0104167  0.119989 0.0660986   9.80804 
             76.5848 0.569868  2.60564  4.10851   3.37338  0.960823 -0.139724 180.013       0       0 -0.13     0 -1.03 -0.0710869   0.359406  -0.154072  0.00252533   -0.014357 -0.00463072  -0.116602 -0.0482042  0.0133344  0.119548 0.0665591   9.80805 
             76.9844 0.433528  2.61296  3.95106    3.33713    1.17457 -0.0116001 180.013       0       0 -0.13     0 -1.03 -0.163705  0.473264 0.0778724  0.00270623    -0.01408 -0.00448624  -0.114084  -0.049561 0.00193937  0.121923 0.0659067   9.80802 
             77.3841 0.388776  2.64415  4.03971    3.35992    1.28461 -0.0469724 180.013       0       0 -0.13     0 -1.03 -0.152171  0.463752 0.0472337  0.00222332  -0.0140124 -0.00453987  -0.117187 -0.0431693 0.00573356 0.123335 0.067064    9.808 
             77.7839 0.459832  2.65805   3.8933    3.25514    1.40517 -0.0403487 180.013       0       0 -0.13     0 -1.03  -0.382752   0.259803 0.00973053  0.00196073  -0.0138799 -0.00421868  -0.117021 -0.0421708 0.00543135  0.123793 0.0670085   9.80799 
              78.185 0.252222  2.61894   3.7228    3.35854    1.54848 -0.0560109 180.013       0       0 -0.13     0 -1.03 -0.0555655   0.283718   -0.10764  0.00190862  -0.0151921 -0.00412607  -0.122063 -0.0405562 0.00520034  0.124419 0.0689732   9.80797 
             78.3836 0.266172  2.63327  3.76722     3.4007     1.6048 -0.0949897 180.013       0       0 -0.13     0 -1.03 -0.022433  0.256383 -0.376722  0.00163264  -0.0156482 -0.00421761  -0.124295  -0.039579 0.00433402  0.124992 0.0697772   9.80796 
             78.5835 0.281843   2.6015  3.81698    3.33093    1.67358 -0.0842958 180.013       0       0 -0.13     0 -1.03 -0.246955  0.187728  -0.22396  0.00146918  -0.0159283 -0.00409449    -0.11847  -0.0434778 -0.00472513  0.125471 0.0682508   9.80796 
             78.9846 0.328934  2.61957  3.65627    3.44299    1.73774 -0.0745923 180.013       0       0 -0.13     0 -1.03  0.101993 0.0584603 -0.015511  0.00146289   -0.015552 -0.00407546  -0.125083 -0.0409728  -0.009349  0.127508 0.0705133   9.80792 
              79.383 0.257988  2.61357  3.63005   3.31142   1.87878 -0.026274 180.013       0       0 -0.13     0 -1.03 -0.209186  0.115328 0.0487382  0.00129045  -0.0153793 -0.00393575  -0.123945 -0.0435462 -0.0098755  0.126754 0.0702258   9.80793 
             79.7829 0.187113  2.63812  3.78206    3.49218    1.85527 -0.0315968 180.013       0       0 -0.13     0 -1.03   0.26074 0.0622905 0.0107153 0.000712143  -0.0166287   -0.004012   -0.131227  -0.0379203 -0.00911408  0.128636 0.0722512   9.80789 
             80.1827 0.225402  2.63284  3.88358    3.31305     1.8387 -0.0201091 180.013       0       0 -0.13     0 -1.03  -0.153344 0.00771129 0.00100642 0.000540068  -0.0142777 -0.00398179   -0.125534  -0.0390048 -0.00923484  0.128097 0.0705593   9.80791 
             80.5824 0.195793  2.61696  3.40097   3.11087   1.87105 -0.051193 180.013       0       0 -0.13     0 -1.03  -0.448933  0.0827629 -0.0730647 0.000808575  -0.0132477 -0.00336534  -0.122632 -0.0409895 -0.0086661  0.127266 0.0695296   9.80793 
             81.1835 0.202598  2.54299  3.25401    2.92782    1.83872 -0.0711683 180.013       0       0 -0.13     0 -1.03  -0.463095 0.00955117 -0.0503556 0.000521483  -0.0133891 -0.00305383  -0.124028 -0.0382966 -0.0110816  0.128623 0.0698467   9.80791 
              81.382 0.14942  2.5773 2.88568    2.84637    1.84003 0.00534675 180.013       0       0 -0.13     0 -1.03 -0.500496 0.0166185 0.0221054 0.000379108  -0.0131839 -0.00265108  -0.123192 -0.0383917 -0.0160207  0.129547 0.0696664    9.8079 
              81.582 0.145911  2.56151  2.87657    2.78768    1.83252 0.00393107 180.013       0       0 -0.13     0 -1.03   -0.402176 -0.00416023      0.1506 0.000320056  -0.0132624 -0.00264607  -0.124972 -0.0374548 -0.0142725  0.129562 0.0699908   9.80789 
             81.7832 0.142922  2.55021  2.66614   2.72619   1.83411 0.0106407 180.013       0       0 -0.13     0 -1.03   -0.375585 -0.00242487    0.112184 0.000330616  -0.0132903 -0.00260542  -0.126264 -0.0372966 -0.0131001 0.129519 0.070233  9.80789 
             82.1816 0.173733  2.54301  2.64577   2.57898   1.82559 -0.009382 180.013       0       0 -0.13     0 -1.03  -0.458967 -0.0030541 -0.0279847 0.000415619  -0.0131321   -0.002529  -0.127198 -0.0366977  -0.011863   0.12952 0.0703833   9.80789 
             82.3815 0.140949  2.51837  2.52613    2.52392    1.83504 0.00191325 180.013       0       0 -0.13     0 -1.03  -0.437061  0.0233994 -0.0387744 0.000434565  -0.0129634 -0.00227105  -0.129128 -0.0368343 -0.0131733  0.129935 0.0706763   9.80788 
             82.5827 0.106953  2.50936  2.37953    2.51064    1.81398 0.00682829 180.013       0       0 -0.13     0 -1.03  -0.285629 -0.0542274 0.00369024 0.000430843  -0.0130979 -0.00212157  -0.133633  -0.034263 -0.0148045  0.131117 0.0710804   9.80787 
             82.9813 0.114813   2.4977  2.30908      2.372    1.84926 0.00860475 180.013       0       0 -0.13     0 -1.03   -0.37447   0.071244 0.00114508 0.000409748  -0.0130991 -0.00211618  -0.133489 -0.0361175 -0.0143902  0.130782 0.0712891   9.80787 
             83.3823 0.151178  2.48001  2.36809    2.15311    1.82231 0.00180124 180.013       0       0 -0.13     0 -1.03    -0.545891 -0.000149303   -0.0149326 0.000416974  -0.0129861 -0.00207324  -0.132323 -0.0351256 -0.0143192  0.130733 0.0710515   9.80787 
             83.5822 0.178589  2.45608  2.12877     2.15598     1.82382 -0.00958885 180.013       0       0 -0.13     0 -1.03  -0.431683 0.00346376 -0.0828512  0.00038108  -0.0130887 -0.00182623  -0.138244 -0.0343203 -0.0148056  0.131582 0.0716144   9.80786 
             83.7808 0.112188  2.44877  2.03366   2.02019   1.84994 0.0191156 180.013       0       0 -0.13     0 -1.03 -0.616203 0.0758375 0.0648189 0.000337165  -0.0130184 -0.00178176  -0.135917 -0.0358009 -0.0173518  0.131542 0.0714365   9.80786 
             83.9807 0.139652  2.42006   1.8295     2.08356     1.82785 -0.00471097 180.013       0       0 -0.13     0 -1.03   -0.187569 -0.00155949  -0.0323695 0.000430905  -0.0124586 -0.00153202 -0.142447 -0.033662 -0.016654  0.132375 0.0716619   9.80784 
             84.1819 0.100919  2.42998  1.75097   2.03601   1.82011 0.0101024 180.013       0       0 -0.13     0 -1.03   -0.246642 -0.00719543  0.00511335 0.000426632  -0.0124508 -0.00146198  -0.141757 -0.0329777 -0.0179393  0.132484 0.0714888   9.80784 
             84.3818 0.141407  2.43013  1.74703    1.86885     1.8121 0.00705313 180.013       0       0 -0.13     0 -1.03   -0.539989  -0.0202457 -0.00169286 0.000465902   -0.011999 -0.00143685  -0.130591 -0.0332995  -0.016874  0.130965 0.0712594   9.80787 
             84.5804 0.113963  2.41869  1.79693   1.80498   1.83777 0.0156016 180.013       0       0 -0.13     0 -1.03 -0.418621 0.0903741   0.17461 0.000475451  -0.0119552 -0.00149111  -0.134831  -0.035744 -0.0167569   0.13144 0.0716633   9.80786 
             84.7816 0.100694  2.37574  1.67789   1.78346   1.84134 0.0268555 180.013       0       0 -0.13     0 -1.03 -0.261754 0.0310875  0.082578 0.000506339  -0.0119514 -0.00146204  -0.138897 -0.0348032 -0.0156021  0.131825 0.0716724   9.80785 
             85.1814 0.149112  2.38567  1.58643    1.63206    1.83508 0.00561235 180.013       0       0 -0.13     0 -1.03   -0.402405  0.00801168 -0.00775917 0.000447219  -0.0117545 -0.00133132  -0.138368  -0.034241 -0.0146777  0.131673 0.0716439   9.80785 
             85.5799 0.13907 2.30866   1.494     1.48905     1.83177 0.000330512 180.013       0       0 -0.13     0 -1.03  -0.412185 0.00772978 0.00518865 0.000301693  -0.0114479 -0.00115032  -0.138956 -0.0337488 -0.0152818  0.131818 0.0715617   9.80785 
             85.7811 0.0931262   2.35967   1.23697   1.40266   1.82158 0.0231486 180.013       0       0 -0.13     0 -1.03   -0.462237 -0.00162021   0.0324901 0.000244371  -0.0114218 -0.00080989  -0.138723 -0.0331934  -0.017206  0.132015 0.0714201   9.80785 
              85.981 0.081712  2.35892  1.12246   1.29909   1.83038 0.0194547 180.013       0       0 -0.13     0 -1.03   -0.538134   0.0432852 -0.00453607 0.000202164  -0.0113548 -0.00057133  -0.138468 -0.0338132 -0.0166193  0.131939 0.0715265   9.80785 
             86.1796 0.104679  2.34543  1.01357   1.25722    1.8262 0.0413956 180.013       0       0 -0.13     0 -1.03 -0.407669 0.0145673  0.109817   0.00021572   -0.0113134 -0.000496623  -0.144819 -0.0324991 -0.0177477  0.132725 0.0709991   9.80785 
             86.5807 0.0825135   2.32876  0.972697   1.07088   1.84093 0.0328841 180.013       0       0 -0.13     0 -1.03  -0.49227 0.0490118 0.0379788  0.000189568   -0.0111051 -0.000414697  -0.144481 -0.0328113 -0.0150623  0.132454 0.0711963   9.80785 
             86.9791 0.0874274   2.31079  0.787292   1.03909   1.83208 0.0369237 180.013       0       0 -0.13     0 -1.03  -0.24686   0.01237 0.0718552 -2.57678e-05   -0.0117966 -0.000292237  -0.149944 -0.0322785 -0.0143854 0.132942 0.070687  9.80784 
             87.3803  0.10922   2.2534 0.685431   0.794111    1.86672 -0.0059418 180.013       0       0 -0.13     0 -1.03  -0.528206  0.0568631 -0.0456971  9.55515e-05   -0.0108138 -2.24068e-05  -0.146553 -0.0326824 -0.0118302  0.132324 0.0712184   9.80785 
             87.5802 0.130326  2.23104 0.570973  0.683875   1.82763 0.0242572 180.013       0       0 -0.13     0 -1.03  -0.599617 -0.0299814 -0.0524008 -0.000447183   -0.0106686  0.000127421  -0.146311  -0.030679 -0.0145826  0.132297 0.0709097   9.80785 
             87.7788 0.0785933   2.21314  0.396819  0.697699   1.83336 0.0063384 180.013       0       0 -0.13     0 -1.03  -0.203404 0.00179033  -0.034795 -0.000374307   -0.0114032  0.000157552  -0.151869 -0.0318598 -0.0145239  0.133017 0.0702175   9.80785 
             87.9801 0.069456  2.20206 0.347454    0.573928     1.87002 -0.00325911 180.013       0       0 -0.13     0 -1.03 -0.421512  0.110673 -0.113433 -0.000494101   -0.0114969  0.000340767  -0.149852 -0.0323852 -0.0147481  0.132923 0.0705681   9.80785 
             88.3798 0.0764263   2.16148  0.287846     0.44525     1.85467 -0.00631702 180.013       0       0 -0.13     0 -1.03  -0.406178  0.0168897 -0.0369742 -0.000467807   -0.0113744  0.000286172  -0.152831 -0.0293013 -0.0160244  0.132755 0.0697251   9.80785 
             88.5783 0.0545024   2.14638  0.118921  0.319691    1.8677 0.0356934 180.013       0       0 -0.13     0 -1.03 -0.496873 0.0239363  0.244096 -0.000290169   -0.0109784  0.000588593 -0.149872 -0.029653 -0.018737  0.132705 0.0701421   9.80785 
             88.9795  0.0672368    2.13507 -0.0038959  0.189103   1.86452 0.0870859 180.013       0       0 -0.13     0 -1.03   -0.413204 -0.00175025    0.160734 -0.000240842   -0.0109888   0.00060494  -0.152373 -0.0296123  -0.017117 0.132842 0.069821  9.80785 
             89.1795 0.0436857   2.11828 -0.128089 0.106908  1.86766 0.020862 180.013       0       0 -0.13     0 -1.03  -0.420929  0.0145494 -0.0462922 -0.000282446   -0.0106865  0.000870584   -0.15255 -0.0295632 -0.0151699  0.132758 0.0698888   9.80785 
             89.3793 -0.0353855     2.0526   -0.30812 0.0287617   1.87772 0.0223883 180.013       0       0 -0.13     0 -1.03 -0.411387 0.0387384 0.0234145 -0.00026233  -0.0106717  0.00110553  -0.152887 -0.0300955 -0.0147221  0.132869 0.0698758   9.80785 
             89.5794 -0.109949   1.98664 -0.398237  -0.0751061     1.88569 -0.00104815 180.013       0       0 -0.13     0 -1.03 -0.477581 0.0073794 -0.131112 -0.000211393   -0.0105938   0.00110911  -0.150891 -0.0299202  -0.012292  0.132615 0.0704229   9.80785 
             89.7791 -0.187699   1.93595 -0.352804  -0.193238    1.90206 -0.0367871 180.013       0       0 -0.13     0 -1.03  -0.56486 0.0480269 -0.162586 -0.00020993   -0.010559  0.00111459  -0.149543 -0.0304999 -0.0119768  0.132692 0.0708056   9.80785 
              89.979 -0.156202    1.9106 -0.463328 -0.246976   1.90629 -0.023917 180.013       0       0 -0.13     0 -1.03  -0.444429  0.0351671 -0.0690531 -0.000174901   -0.0103267   0.00134762   -0.15109 -0.0307028 -0.0130937  0.132835 0.0704404   9.80785 
             90.1776 -0.165407     1.913 -0.623404  -0.282673    1.89218 0.00294299 180.013       0       0 -0.13     0 -1.03  -0.314225 -0.0383219  0.0495254 -0.000150034   -0.0102617   0.00148309  -0.155059 -0.0299576 -0.0147733 0.132863 0.069426  9.80785 
             90.3788 -0.197247   1.94707 -0.706498 -0.382419   1.91534 0.0442115 180.013       0       0 -0.13     0 -1.03 -0.413436  0.056486  0.176564 3.17742e-05 -0.00990054  0.00158316  -0.151015 -0.0316458 -0.0166174  0.133174 0.0705505   9.80784 
             90.5787 -0.190368   1.93083 -0.810007  -0.50406   1.91508 0.0396541 180.013       0       0 -0.13     0 -1.03   -0.62802 0.00901793  -0.014918 -4.9006e-05 -0.00963175   0.0016953  -0.148866 -0.0301354 -0.0141902  0.132637 0.0711117   9.80785 
             90.7786  -0.17543    1.9045 -0.857306 -0.536385   1.89026 -0.020443 180.013       0       0 -0.13     0 -1.03  -0.380852 -0.0852535  -0.182868 -5.84187e-05  -0.00973745   0.00167146   -0.15469 -0.0304067 -0.0112904  0.132802 0.0694615   9.80786 
             91.1785 -0.182158   1.87761 -0.937963  -0.851826    1.92597 0.00382876 180.013       0       0 -0.13     0 -1.03  -0.948279 -0.0790789  0.0218488 -0.000165043   -0.0098019   0.00186292  -0.153277 -0.0311667 -0.0123014  0.133027 0.0698915   9.80785 
             91.3784 -0.0423294    2.05961  -0.846284   -0.8411   1.85868 0.0810004 180.013       0       0 -0.13     0 -1.03 -0.595579 -0.341544  0.109612 -0.000511771   -0.0113479   0.00180657  -0.164149 -0.0323346 -0.0165165  0.133422 0.0666234   9.80787 
             91.5782 -0.00823083     3.42483   -0.822309 -0.360902   1.82466 0.0347741 180.013       0       0 -0.13     0 -1.03   0.854049  -0.419873 -0.0328963 7.94666e-05  -0.0175378  0.00199029  -0.203423 -0.0482691  -0.014484 0.138635 0.054418  9.80787 
             91.7768  0.164621   2.49611 -0.762901 -0.663437    1.7815 0.0862343 180.013       0       0 -0.13     0 -1.03 -0.585717  -0.25501  0.130889 -3.16454e-05   -0.0162335    0.0017955  -0.176315 -0.0420082 -0.0162579  0.136781 0.0625052   9.80785 
             91.9781 -0.175464   1.89867  -1.01243    -0.77859     1.66979 -0.00648565 180.013       0       0 -0.13     0 -1.03 -0.618034 -0.466176  -0.23843 0.00028773 -0.0157899 0.00219307  -0.177285 -0.0408344 -0.0140571   0.13608 0.0624132   9.80786 
              92.178 -0.147353   1.85849 -0.943136  -0.678923    1.59867 -0.0317728 180.013       0       0 -0.13     0 -1.03 -0.0979105   -0.44885   -0.21304 0.000446433  -0.0158535  0.00209509  -0.193968 -0.0470781 -0.0156099   0.13834 0.0578249   9.80785 
             92.3778 -0.240463   1.84045 -0.880266   -0.623498     1.55417 -0.00331353 180.013       0       0 -0.13     0 -1.03   0.104522  -0.393906 -0.0585845 0.000786275  -0.0161434  0.00203904  -0.198609 -0.0542504 -0.0209247  0.140689 0.0563828   9.80783 
             92.9776 -0.188168   1.88386 -0.857276  -0.592502    1.26659 -0.0044948 180.013       0       0 -0.13     0 -1.03 -0.0240984  -0.439179 -0.0463042 0.000546437  -0.0163182  0.00187951  -0.202316 -0.0519378 -0.0259334 0.140017 0.055246  9.80785 
             93.1774 -0.367853   1.77535 -0.850195 -0.752667   1.25888 0.0279477 180.013       0       0 -0.13     0 -1.03  -0.26245 -0.313766  0.052862 0.00111483 -0.0144644  0.0018511  -0.199244  -0.052095 -0.0268699   0.14007 0.0562675   9.80784 
             93.3773  -0.21471   1.85097 -0.773899 -0.626006   1.15836 0.0478214 180.013       0       0 -0.13     0 -1.03  0.214946 -0.389028  0.126119 -8.34311e-05   -0.0190507   0.00157823  -0.206378 -0.0520978 -0.0267187  0.140072 0.0541059   9.80785 
             93.5773 -0.201282   1.85773 -0.632852 -0.652911   1.07598 0.0409391 180.013       0       0 -0.13     0 -1.03  0.128973 -0.376804 0.0740218 -0.000159413   -0.0182507   0.00135609  -0.200226 -0.0504466 -0.0232177  0.139545 0.0556807   9.80785 
             93.7772 -0.139683   1.87552 -0.590118 -0.731551   1.01585 0.0349648 180.013       0       0 -0.13     0 -1.03 -0.225158 -0.351032 0.0137973 -0.000238624   -0.0184836   0.00135282  -0.192905 -0.0500052 -0.0217315  0.139272 0.0576685   9.80784 
             93.9771 -0.220123   1.82529  -0.50505   -0.72385   0.944673 0.00924258 180.013       0       0 -0.13     0 -1.03  -0.083309  -0.276538 -0.0695015 -0.000277309   -0.0182157   0.00116425  -0.194296 -0.0500799  -0.021186  0.139363 0.0573548   9.80784 
              94.177 -0.185409   1.86422 -0.529716 -0.732888    0.8407 0.0061418 180.013       0       0 -0.13     0 -1.03 -0.0230637  -0.401492 -0.0768054 -0.000270186   -0.0179245   0.00125629  -0.195493 -0.0460333 -0.0222261  0.138458 0.0569306   9.80786 
             94.3769 -0.164605   1.85508 -0.744435 -0.667024  0.752479 0.0201572 180.013       0       0 -0.13     0 -1.03   0.148026   -0.48149 -0.0367611 -0.000196851     -0.01794   0.00135285  -0.202611  -0.047785 -0.0252771  0.139217 0.0553865   9.80786 
             94.5769 -0.172756   1.85316 -0.546934 -0.727737  0.700011 0.0468062 180.013       0       0 -0.13     0 -1.03 -0.234241 -0.283691  0.233187 -0.000217132   -0.0176587   0.00106352  -0.192481 -0.0498647 -0.0266317  0.139429 0.0579722   9.80784 
             94.7781 -0.180931   1.84947 -0.438174 -0.778433  0.644122 0.0883944 180.013       0       0 -0.13     0 -1.03 -0.300888 -0.276253  0.273685 -0.000263658   -0.0176518   0.00104333   -0.19293 -0.0491836 -0.0248637   0.13925 0.0578274   9.80784 
             94.9767 -0.141988   1.83587 -0.392343 -0.747454  0.529873 0.0492708 180.013       0       0 -0.13     0 -1.03 -0.0787238  -0.456063  0.0830741 -0.00014796  -0.0170689 0.000853613  -0.195499 -0.0485557   -0.02241  0.139251 0.0571785   9.80784 
             95.1768 -0.148846   1.82872 -0.286042 -0.771302  0.463698 0.0363905 180.013       0       0 -0.13     0 -1.03 -0.122584 -0.380809   0.01396 -0.000107464   -0.0170305  0.000765511  -0.194614 -0.0505329  -0.020203   0.13964 0.0574423   9.80784 
             95.3777 -0.178982   1.81207 -0.543455 -0.813216  0.386429 0.0174362 180.013       0       0 -0.13     0 -1.03  -0.155009  -0.427488 -0.0963473 -2.71769e-05   -0.0168274    0.0011237  -0.192782 -0.0511725 -0.0187587  0.139691 0.0578471   9.80783 
             95.5765 -0.140155   1.81581 -0.461471 -0.744418  0.327403 0.0137858 180.013       0       0 -0.13     0 -1.03 -0.0115652  -0.268596 -0.0349725 0.000166901  -0.0171229 0.000873227  -0.203511 -0.0552279 -0.0199599  0.141048 0.0558657   9.80783 
             95.7764 -0.140811   1.79573 -0.361985 -0.808006  0.283168 0.0277215 180.013       0       0 -0.13     0 -1.03 -0.198821 -0.225665 0.0775959 0.000124485  -0.0172381  0.00083906   -0.19931 -0.0549043 -0.0210967  0.140799 0.0568246   9.80782 
             95.9763 -0.148576   1.79976  -0.32755 -0.777773  0.178976 0.0374863 180.013       0       0 -0.13     0 -1.03 -0.0468903  -0.442697   0.102978 0.000296823  -0.0168613 0.000636157  -0.201465 -0.0539804  -0.020912  0.140719 0.0563219   9.80783 
             96.1774 -0.156087   1.78545  -0.20284 -0.789805 0.0947124  0.032348 180.013       0       0 -0.13     0 -1.03 -0.0635746  -0.401414    0.10186 0.000242382  -0.0166998  0.00049264  -0.201772 -0.0539683 -0.0188061  0.140765 0.0562427   9.80783 
             96.3773 -0.161532   1.77252 -0.209667  -0.81427 0.0287582 0.0325363 180.013       0       0 -0.13     0 -1.03 -0.121392 -0.382911   0.10777 8.96168e-05  -0.0164821 0.000540553  -0.200167 -0.0553642 -0.0155091  0.140986 0.0565937   9.80782 
             96.5773  -0.16892   1.75685 -0.336641  -0.832226 -0.0535741  0.0218258 180.013       0       0 -0.13     0 -1.03 -0.168351 -0.361722 0.0649845 0.000218569  -0.0162732 0.000678732  -0.200996 -0.0552485  -0.011623  0.141045 0.0564132   9.80782 
             96.7744  -0.17914   1.77389 -0.221257 -0.755756 -0.102158 0.0305226 180.013       0       0 -0.13     0 -1.03  0.155361 -0.264258  0.118331 0.000223725  -0.0162505 0.000639012  -0.208794 -0.0581591 -0.0111064  0.142008 0.0551881   9.80782 
             96.9743 -0.175661    1.7712 -0.147629 -0.774846 -0.187814 0.0189112 180.013       0       0 -0.13     0 -1.03 0.00526807  -0.327014 -0.0489512  0.00023927  -0.0163212 0.000416999  -0.207972 -0.0572068 -0.0105569  0.141793 0.0552986   9.80782 
             97.1758  -0.183075    1.76734 -0.0853917  -0.842613  -0.278114 0.00693423 180.013       0       0 -0.13     0 -1.03  -0.182283  -0.425555 -0.0866142 0.000380542  -0.0166175 0.000419041  -0.203486 -0.0555175 -0.0106045  0.141247 0.0560175   9.80782 
             97.3757 -0.177035   1.78453 0.0110203 -0.832686 -0.365203 0.0186567 180.013       0       0 -0.13     0 -1.03 -0.0567559  -0.388152  0.0867364 0.000228006  -0.0164986 0.000214578  -0.208373 -0.0559144 -0.0122795  0.141546 0.0552446   9.80782 
             97.5742  -0.212432    1.76806 0.00437469 -0.838065 -0.420302 0.0157536 180.013       0       0 -0.13     0 -1.03 -0.0423274  -0.382942  -0.111906 0.000174212    -0.01617 0.000263188  -0.208809 -0.0585259 -0.0111571  0.142016 0.0553059   9.80782 
             97.7756 -0.235905   1.78717 -0.175056 -0.785064 -0.475068 0.0121176 180.013       0       0 -0.13     0 -1.03  0.124213 -0.258162 0.0375515  0.00010082  -0.0160352 0.000278853  -0.213071 -0.0600394  -0.011544  0.142508 0.0547707   9.80781 
             97.9766  -0.143031    1.77127 -0.0351693 -0.813756 -0.536591 0.0309936 180.013       0       0 -0.13     0 -1.03 -0.0175057  -0.261614  0.0818301  0.000466869   -0.0161834 -1.29706e-05  -0.211792 -0.0594834  -0.011641 0.142349 0.054936  9.80781 
             98.1752 -0.137198    1.7756 0.0495713 -0.840533 -0.606113 0.0103814 180.013       0       0 -0.13     0 -1.03   -0.09265   -0.24456 -0.0276031  0.000806438   -0.0161073 -0.000200164   -0.210884  -0.0574521 -0.00975281 0.142025 0.055006  9.80782 
              98.375 -0.125998   1.76296 0.0461363  -0.873017  -0.674558 0.00588121 180.013       0       0 -0.13     0 -1.03 -0.166533 -0.323645 -0.105814  0.000535588   -0.0161506 -0.000242327  -0.210228 -0.0558704 -0.0106958  0.141707 0.0550081   9.80782 
             98.5749 -0.109463   1.75354  0.205584  -0.879716  -0.764022 0.00837928 180.013       0       0 -0.13     0 -1.03 -0.137091 -0.289395 0.0805521  0.000611697   -0.0162643 -0.000450876  -0.213308 -0.0534383 -0.0121859    0.1415 0.0544188   9.80783 
             98.7748 -0.130858   1.74926  0.233178 -0.904504 -0.787181 0.0552501 180.013       0       0 -0.13     0 -1.03 -0.131641 -0.110927  0.172365  0.000636547   -0.0162387 -0.000434279  -0.213427 -0.0543944 -0.0141963  0.141579 0.0544428   9.80783 
             98.9761 -0.161444   1.77918   0.15154 -0.864269 -0.800965 0.0331903 180.013       0       0 -0.13     0 -1.03 -0.00447954  -0.0901079   0.0447366   0.00065218   -0.0158443 -0.000411684  -0.215338 -0.0548478 -0.0128278  0.141776 0.0542553   9.80783 
             99.1747 -0.108395   1.76575   0.25865 -0.912591 -0.755263  0.013346 180.013       0       0 -0.13     0 -1.03   -0.269412   0.0661097 -0.00749198  0.000553489   -0.0157868 -0.000476138  -0.211478 -0.0609119 -0.0103009  0.142272 0.0550765   9.80781 
             99.7758 -0.0793919    1.79094   0.012097     -1.1096   -0.674321 -0.00541019 180.013       0       0 -0.13     0 -1.03  -0.543739   0.142118 -0.0343528  0.000509076   -0.0161607 -0.000358391   -0.218115   -0.062798 -0.00914451 0.142939 0.054419  9.80781 
             100.173 -0.0655634    1.85473   0.470809 -0.540351 -0.862078 0.0203931 180.013       0       0 -0.13     0 -1.03    0.398348   -0.192262 -0.00388436 0.000162349  -0.0174264 -0.00114734  -0.238322 -0.0604984 -0.0139452  0.143679 0.0514115   9.80781 
             100.374 -0.113501   1.89968  0.899234 -0.309856 -0.759417 0.0408881 180.013       0       0 -0.13     0 -1.03  0.699894 0.0888726  0.143386  0.00133166  -0.0179159 -0.00156697  -0.241545 -0.0652331 -0.0146347  0.144603 0.0511442    9.8078 
             100.575 -0.0746057    1.86586   0.953722 -0.216947 -0.761038 0.0300367 180.013       0       0 -0.13     0 -1.03  0.512803 0.0867917  0.152474 0.000942329  -0.0169374 -0.00163569  -0.238754 -0.0636246 -0.0101738  0.143943 0.0511742   9.80781 
             100.973 -0.085773   1.87542   1.07639 -0.0948224  -0.766909   0.041697 180.013       0       0 -0.13     0 -1.03  0.333831 0.0120688  0.049293 0.000787674  -0.0166252 -0.00167175   -0.235654  -0.0619648 -0.00786406  0.143563 0.0511145   9.80782 
             101.174 -0.0138006    1.91846    1.44577 0.0629671 -0.777205 0.0154516 180.013       0       0 -0.13     0 -1.03  0.503816 0.0159559 0.0646813  0.00102586  -0.0158453 -0.00230132   -0.237422  -0.0616684 -0.00702768  0.143684 0.0510761   9.80781 
             101.375 -0.0730098    1.91014    1.39499  0.119668  -0.75522 0.0338622 180.013       0       0 -0.13     0 -1.03  0.364308 0.0738724  0.156615  0.00104166  -0.0154201 -0.00223306   -0.234205  -0.0633047 -0.00613803  0.143417 0.0512162   9.80782 
             101.574 -0.0885889    1.93124       1.41  0.210871 -0.772487 0.0257548 180.013       0       0 -0.13     0 -1.03  0.413481 0.0241948  0.134955 0.000736326  -0.0156474 -0.00229284   -0.235922  -0.0604192 -0.00247434  0.143567 0.0510663   9.80782 
             101.973 -0.0195323    1.95972    1.55403   0.43683 -0.781279 0.0507882 180.013       0       0 -0.13     0 -1.03   0.496453 0.00798526    0.12945 0.000763045  -0.0156783 -0.00233129   -0.238403  -0.0593074 -0.00117129  0.143792 0.0510786   9.80781 
             102.175 -0.109135   1.97953    1.8876  0.546106 -0.762532 0.0139445 180.013       0       0 -0.13     0 -1.03   0.539843   0.051007 -0.0413487 0.000794247   -0.015125  -0.0029479    -0.238477   -0.0595707 -0.000281342  0.143773 0.0511026   9.80781 
             102.373 -0.12621  1.99051  2.06587  0.647317 -0.754776 0.0213731 180.013       0       0 -0.13     0 -1.03  0.512353 0.0731761 0.0591061 0.000729005  -0.0150575 -0.00310671   -0.237893  -0.0588876 -0.00108315 0.143802 0.051034  9.80781 
             102.573 -0.157148   2.00534   2.07999   0.77092 -0.766233 0.0192668 180.013       0       0 -0.13     0 -1.03  0.610821 0.0528383  0.317265 0.000380926  -0.0148948 -0.00317884  -0.239427 -0.0555967 0.00134316  0.144156 0.0509477   9.80781 
             102.773 -0.0971228     2.0113    2.21842   0.85442 -0.782857 0.0591509 180.013       0       0 -0.13     0 -1.03   0.503785 -0.0295499   0.228743 0.000389746  -0.0149014 -0.00320837  -0.236386 -0.0541032 0.00313641  0.144115 0.0504702   9.80781 
             102.973 -0.127702   2.05236   2.30468  0.938007 -0.767365 0.0278939 180.013       0       0 -0.13     0 -1.03  0.450356 0.0254251 0.0522213 0.000375466   -0.014731 -0.00342402  -0.236191 -0.0545088 0.00482556  0.144076 0.0504589   9.80781 
             103.173 -0.145917   2.05148   2.49338   1.02698 -0.787268 0.0167362 180.013       0       0 -0.13     0 -1.03   0.455159 -0.0485012 -0.0207329 0.000300514  -0.0148336 -0.00368643  -0.235748  -0.052573 0.00615215 0.144312 0.050291  9.80781 
             103.373 -0.127751   2.06347   2.54152   1.13033 -0.794762 0.0181518 180.013       0       0 -0.13     0 -1.03   0.464872 -0.0289785  0.0633738 0.000253364  -0.0148108 -0.00360423  -0.236899 -0.0525977 0.00768498 0.144351 0.050416  9.80781 
             103.573 -0.141987   2.10434   2.43913   1.21606 -0.776888  0.026749 180.013       0       0 -0.13     0 -1.03     0.429119    0.0858478 -0.000923804 0.000397729  -0.0146665  -0.0036839   -0.23655 -0.0550393 0.00915975   0.14391 0.0503869   9.80781 
             103.974 -0.0955063    2.15075    2.66628    1.29861  -0.706168 -0.0240794 180.013       0       0 -0.13     0 -1.03   0.231913   0.155998 -0.0911108 0.000402849  -0.0144777 -0.00374313 -0.233832 -0.056991 0.0117428   0.14345 0.0499365   9.80782 
             104.172 -0.12369  2.13802  2.91091    1.51243  -0.762919 0.00951288 180.013       0       0 -0.13     0 -1.03    0.552011 -0.00558738   0.0473224 0.000543603  -0.0137445 -0.00407304  -0.236914 -0.0543038  0.0104191  0.144066 0.0503738   9.80781 
             104.372 -0.145661   2.17058   3.02201   1.65741 -0.778366 0.0173428 180.013       0       0 -0.13     0 -1.03    0.62931 -0.0316889   0.032297 0.000601922  -0.0135427 -0.00425145  -0.239984 -0.0519511  0.0107104  0.144563 0.0508553    9.8078 
             104.574 -0.12684   2.1791  3.00475      1.681  -0.753057 0.00967826 180.013       0       0 -0.13     0 -1.03    0.236243 -0.00663449  -0.0197633 0.000670934  -0.0135296 -0.00427529  -0.230493 -0.0595197  0.0127406  0.142754 0.0489905   9.80784 
             104.774 -0.103299   2.22374   3.25286    1.76029  -0.754699 -0.0091811 180.013       0       0 -0.13     0 -1.03    0.297009 -0.00221111   -0.104589 0.000652173  -0.0133723 -0.00430219  -0.232727 -0.0587618  0.0131776  0.142938 0.0494529   9.80783 
             105.972 -0.100181   2.20174   3.36275   2.21758 -0.758366 -0.145982 180.013       0       0 -0.13     0 -1.03   0.262264 -0.0388225  -0.187515 0.000571178  -0.0131674  -0.0044516  -0.233848 -0.0586682   0.012919   0.14298 0.0497222   9.80783 
             106.571 -0.171379   2.32434   3.97259    2.66888  -0.760326 0.00264467 180.013       0       0 -0.13     0 -1.03   0.420091  -0.023287 -0.0671996 0.000254336  -0.0127213 -0.00531678  -0.234458 -0.0580403 0.00539481  0.143468 0.0502476   9.80782 
             106.773 -0.139055   2.31536   4.15038    2.77269  -0.711328 -0.0294984 180.013       0       0 -0.13     0 -1.03    0.42765  0.0754268 -0.0668404 0.000190132  -0.0125584 -0.00542836   -0.23503 -0.0586149 0.00690567  0.143199 0.0502569   9.80783 
             106.973 -0.151629    2.3596   4.34305    2.92687   -0.74178 -0.0123032 180.013       0       0 -0.13     0 -1.03   0.585342 -0.0572044 0.00530597 0.000724027  -0.0115504 -0.00581816  -0.236856 -0.0555378 0.00406718   0.14421 0.0511479   9.80781 
             107.172 -0.128299   2.37206   4.58533    2.94202  -0.724043 -0.0256753 180.013       0       0 -0.13     0 -1.03   0.326582  0.0463756 -0.0743797 0.000891006  -0.0110854 -0.00595564  -0.229196 -0.0620989 0.00494276  0.142559 0.0483483   9.80784 
             107.372 -0.149132    2.3867   4.41623    3.00947  -0.700383 -0.0189816 180.013       0       0 -0.13     0 -1.03  0.301315 0.0772313 -0.025525  0.00114953  -0.0112314 -0.00582371  -0.230232 -0.0632356 0.00318568  0.142194 0.0486903   9.80785 
             107.571 -0.152984   2.39466   4.47668    3.14224  -0.716219 -0.0193854 180.013       0       0 -0.13     0 -1.03    0.51132 -0.0330195 -0.0324041 0.000921085  -0.0117832 -0.00590642  -0.235499 -0.0574574 0.00254157  0.143746 0.0509776   9.80781 
             107.771 -0.139759   2.41087   4.58068    3.26373  -0.711464 -0.0238029 180.013       0       0 -0.13     0 -1.03    0.548966 -0.00528565   0.0354379  0.00093188   -0.011778 -0.00590012  -0.237004 -0.0576857 0.00282802  0.143545 0.0514446   9.80781 
             107.972 -0.141878    2.4403   4.82911    3.33751  -0.703671 -0.0228756 180.013       0       0 -0.13     0 -1.03   0.441771  0.0349977 -0.0079731   0.0009414   -0.011773 -0.00618092  -0.236272 -0.0581806 0.00286685  0.143435 0.0511552   9.80782 
             108.172 -0.132787   2.42823   4.91528    3.41707  -0.696531 -0.0169134 180.013       0       0 -0.13     0 -1.03  0.615795  0.054596 0.0133914 0.000908865  -0.0114964 -0.00630158  -0.234287 -0.0592398 0.00310216  0.143236 0.0503752   9.80782 
             108.372 -0.010333    2.4778   5.01145    3.55974  -0.695975 -0.0285558 180.013       0       0 -0.13     0 -1.03   0.798975  0.0524974 -0.0383486 0.000698749  -0.0109152 -0.00622735  -0.232879 -0.0582139 0.00437104 0.143671 0.049909  9.80782 
             108.572 0.0312602   2.40622   4.81682    3.74966  -0.671148 -0.0789994 180.013       0       0 -0.13     0 -1.03  0.904267  0.112411 -0.166487 0.000841065  -0.0108001 -0.00603397  -0.236532 -0.0582604 0.00829734 0.142956 0.050981  9.80783 
             108.772 -0.669032   1.85003   4.71312   3.21777 -0.580719 -0.139437 180.013       0       0 -0.13     0 -1.03  -1.36211  0.376374 -0.268771  0.00139757 -0.00702223 -0.00592329  -0.197006 -0.0827497  0.0110729 0.138254 0.033879  9.80797 
             108.972 -0.740625   2.04628   4.86628    3.27914  -0.647004 -0.0677451 180.013       0       0 -0.13     0 -1.03 -0.565007  0.139368   0.02616  0.00196742 -0.00622675 -0.00598206  -0.201316 -0.0782815 0.00923005 0.139278 0.035664  9.80795 
             109.172 -0.712197   1.98922   4.92627    3.38587  -0.653618 -0.0514481 180.013       0       0 -0.13     0 -1.03 -0.0891217   0.111152   0.101415 0.00185129 -0.0057678 -0.0059358  -0.219132 -0.0625262 0.00827271  0.143053 0.0428318   9.80786 
              109.37 -0.723503   2.02917   4.54694    3.37982  -0.594555 -0.0636415 180.013       0       0 -0.13     0 -1.03  -0.093662   0.232618 -0.0465313  0.00195354 -0.00604241 -0.00567853   -0.22288 -0.0650686  0.0101351  0.141969 0.0436649   9.80788 
             109.571 -0.1661 2.45158 4.81518    3.40669  -0.582391 -0.0123225 180.013       0       0 -0.13     0 -1.03 0.0405199  0.136266 0.0180813  0.00131336 -0.00662411 -0.00579377  -0.225523 -0.0590892 0.00356605  0.143396 0.0456851   9.80785 
             109.971 0.249913  2.52671   4.7375    3.43537  -0.373234 -0.0680315 180.013       0       0 -0.13     0 -1.03 0.0366656  0.436612 -0.126001  0.00168549 -0.00677286 -0.00578357  -0.228719 -0.0631166 0.00562099 0.141881  0.04626  9.80786 
             110.171 -0.14271  2.44069  4.52789    3.41535  -0.287832 -0.0290281 180.013       0       0 -0.13     0 -1.03 -0.0200902   0.490421  0.0235233  0.00178986 -0.00646884 -0.00540769  -0.227907 -0.0632743 0.00430292 0.142009 0.045986  9.80786 
             110.371 -0.176068   2.44309   4.53016     3.42818   -0.193105 -0.00542633 180.013       0       0 -0.13     0 -1.03 -0.00704606     0.50982    0.102834  0.00188363 -0.00651853 -0.00544147  -0.229164 -0.0610496 0.00302889  0.142708 0.0465985   9.80785 
             110.571 -0.175773   2.43639   4.56929    3.39701 -0.0833599 -0.0316108 180.013       0       0 -0.13     0 -1.03 0.0480778  0.861984 -0.255113  0.00168784 -0.00599104 -0.00533369  -0.225105 -0.0614159 0.00648288   0.14267 0.0452032   9.80786 
              110.77 -0.176589   2.43454   4.54589     3.47608 -0.00841125  -0.0872109 180.013       0       0 -0.13     0 -1.03  0.214038  0.603039 -0.274999  0.00137851 -0.00611798  -0.0053222  -0.226962 -0.0528421 0.00653796  0.145182 0.0463394   9.80782 
              110.97 -0.185696    2.4362    4.5129    3.45074  0.0251083 -0.0469258 180.013       0       0 -0.13     0 -1.03   0.029388   0.368448 -0.0332215  0.00151337 -0.00628134 -0.00521158  -0.224613 -0.0516567 0.00495846  0.145711 0.0457968   9.80781 
             111.171 -0.195121      2.45   4.39919    3.42063  0.0839519 -0.0391064 180.013       0       0 -0.13     0 -1.03 -0.0472957   0.273528 -0.0299865  0.00168385 -0.00626675 -0.00493869  -0.221105 -0.0529751 0.00430398 0.145535 0.044705  9.80782 
             111.371 -0.194489    2.4307   4.46463    3.44293   0.160827 -0.0235115 180.013       0       0 -0.13     0 -1.03 0.0359775  0.362267  0.118997  0.00174479 -0.00617055 -0.00499974   -0.22519 -0.0539677 0.00406993  0.145032 0.0458542   9.80782 
             111.569 -0.187859   2.45239   4.43056    3.40117   0.269929 -0.0645017 180.013       0       0 -0.13     0 -1.03 -0.174474  0.400624 -0.490612  0.00223158 -0.00558915 -0.00478275  -0.222368 -0.0602524 0.00735345   0.14323 0.0445608   9.80785 
             111.771 -0.212122   2.43519   4.26258   3.42671  0.317841 -0.121934 180.013       0       0 -0.13     0 -1.03 0.0107362  0.283443  -0.41398   0.0021722 -0.00576684 -0.00476456  -0.224989 -0.0570387 0.00392844   0.14419 0.0456391   9.80783 
              111.97 -0.187281   2.42408   4.32712    3.37978   0.423649 -0.0730181 180.013       0       0 -0.13     0 -1.03  -0.141624   0.399738 -0.0786418  0.00202935 -0.00557519 -0.00468555  -0.224054 -0.0586226 0.00115255  0.14389 0.045417  9.80784 
              112.37 -0.196867   2.43252   4.08485    3.38429   0.542048 -0.0224546 180.013       0       0 -0.13     0 -1.03 -0.0596435   0.161234  0.0612111  0.00210457 -0.00566231 -0.00426338    -0.227162   -0.0578229 -0.000708975  0.144062 0.0463586   9.80783 
              112.57 -0.197664   2.44581   4.16721    3.45031   0.634284 -0.0650833 180.013       0       0 -0.13     0 -1.03  0.173806  0.189786 -0.491416  0.00248452  -0.0057706 -0.00431534  -0.233772 -0.0602142 0.00353171  0.14303 0.047796  9.80784 
              112.77 -0.185758   2.41548   4.07891   3.42302  0.711308 -0.145112 180.013       0       0 -0.13     0 -1.03 0.0146316  0.233597 -0.445066   0.0027036 -0.00543964 -0.00432278  -0.230903  -0.063144 0.00275757 0.142475 0.047154  9.80785 
              112.97 -0.222993   2.41508   4.08482    3.47299   0.780532 -0.0952815 180.013       0       0 -0.13     0 -1.03  0.113709  0.270767 -0.117854  0.00290753 -0.00526206 -0.00428826    -0.231518   -0.0633732 -0.000163708  0.142556 0.0474213   9.80785 
              113.37 -0.179545   2.41664   3.88378    3.44864   0.957444 -0.0961107 180.013       0       0 -0.13     0 -1.03 -0.0259787   0.333519 -0.0781394  0.00258094 -0.00526614 -0.00379587   -0.229048  -0.0713173 -0.00213644  0.140783 0.0467034   9.80788 
              113.57 -0.222595    2.4244   3.75189    3.47957    1.04462 -0.0662592 180.013       0       0 -0.13     0 -1.03 0.0736027  0.436831  0.301955  0.00229657 -0.00512959 -0.00361792   -0.231276  -0.0713622 -0.00546764  0.140853 0.0473862   9.80787 
              113.77 -0.243777   2.41878   3.89918     3.40179     1.14761 -0.00759457 180.013       0       0 -0.13     0 -1.03 -0.228213  0.464501  0.230809  0.00231588 -0.00487801 -0.00363225   -0.227532  -0.0731536 -0.00569279  0.140522 0.0466054   9.80788 
              113.97 -0.224991   2.41491    3.8758    3.41119    1.20529 -0.0549554 180.013       0       0 -0.13     0 -1.03 -0.0975306   0.355874 -0.0118938  0.00231855 -0.00489177 -0.00356218   -0.228856  -0.0720386 -0.00382761  0.140719 0.0467999   9.80788 
             114.369 -0.213249   2.42143   3.74726     3.4015    1.40911 -0.0820269 180.013       0       0 -0.13     0 -1.03  -0.072757   0.470614 -0.0975695  0.00235487 -0.00484879 -0.00323408   -0.231895  -0.0743036 -0.00232278  0.140199 0.0473693   9.80788 
             114.769 -0.250439   2.44019   3.49606   3.49075   1.55035 0.0489262 180.013       0       0 -0.13     0 -1.03 0.122525 0.426659 0.452543  0.00138585 -0.00479601 -0.00278096   -0.235309  -0.0698053 -0.00483186  0.141195 0.0482262   9.80787 
             114.969 -0.314562   2.50368   3.55333     3.4209    1.61671 -0.0408705 180.013       0       0 -0.13     0 -1.03  -0.0866738     0.36818 -0.00374609  0.00121153 -0.00387443 -0.00278651  -0.233241  -0.070206 0.00177405 0.140755 0.047411  9.80788 
             115.169 -0.151296   2.49176   3.65951     3.4097    1.64618 -0.0372402 180.013       0       0 -0.13     0 -1.03 -0.0963981   0.217838 -0.0354805 -0.000179257  -0.00406248  -0.00292844  -0.233352 -0.0668976 0.00158565  0.141306 0.0474136   9.80787 
             115.369 0.135564  2.66916  3.51866  3.44325  1.73717 -0.01797 180.013       0       0 -0.13     0 -1.03 0.0402543  0.358125  0.098043 0.000294014  -0.0045817 -0.00266899   -0.238826  -0.0700989 0.000204754  0.140881 0.0484322   9.80787 
             115.569 0.0887843   2.66938   3.41671    3.52196    1.80652 -0.0281268 180.013       0       0 -0.13     0 -1.03  0.163024  0.377051 -0.210868 5.55893e-05 -0.00521651   -0.002584  -0.246711 -0.0674756 0.00125415  0.141295 0.0498032   9.80786 
             115.769 -0.342826   2.49845   3.44392   3.40869   1.95393 -0.108717 180.013       0       0 -0.13     0 -1.03 -0.298305  0.588126 -0.382687 0.000195635 -0.00488006 -0.00257552   -0.23856 -0.0744003 0.00372132  0.139893 0.0484945   9.80788 
             115.969 -0.370473    2.4788   3.50195    3.41054    1.97064 -0.0625539 180.013       0       0 -0.13     0 -1.03 -0.179057   0.26942  -0.12253 0.000528138 -0.00481724 -0.00263797  -0.239372 -0.0722569 0.00121568 0.140344 0.048648  9.80788 
             116.169 -0.310508   2.50121   3.44331    3.38219     2.0451 -0.0666129 180.013       0       0 -0.13     0 -1.03 -0.215658  0.225702 -0.135633 0.000753006 -0.00517093  -0.0024903    -0.240808   -0.0745036 -0.000231222  0.140045 0.0489543   9.80788 
             116.369 -0.285907   2.51888   3.46162     3.3628     2.1319 -0.0684016 180.013       0       0 -0.13     0 -1.03 -0.185621  0.285441 0.0143216  0.00112468 -0.00530794 -0.00245246    -0.24486  -0.0791729 -0.00235392   0.13938 0.0497199   9.80788 
             116.769 -0.32953  2.52846  3.33508    3.40242    2.18656 -0.0908474 180.013       0       0 -0.13     0 -1.03 -0.0102905 0.00919004  -0.218908  0.00102665 -0.00600077 -0.00225509   -0.252924  -0.0780044 -0.00622418  0.139774 0.0511455   9.80787 
             116.969 -0.0784001    2.60056     3.6244      3.502    2.16465 -0.0407869 180.013       0       0 -0.13     0 -1.03   0.216986 -0.0397712 -0.0166082 0.000838813 -0.00675861 -0.00227432  -0.255505  -0.076912 -0.0092645  0.140108 0.0515927   9.80786 
             117.368 -0.102574   2.61316   3.59042    3.48526    2.16786 -0.0240494 180.013       0       0 -0.13     0 -1.03   0.149418 0.00832401 -0.0119579  0.00129018 -0.00415725 -0.00234854  -0.250394   -0.07868 -0.0100658  0.139842 0.0509043   9.80787 
             117.568 0.0273642   2.64071   3.38065    3.36665    2.18064 -0.0423083 180.013       0       0 -0.13     0 -1.03  -0.203871 -0.0106718  -0.034294  0.00135849  -0.0024354 -0.00177872   -0.241389  -0.0817788 -0.00864853  0.139183 0.0493899   9.80789 
             117.768 -0.106952   2.59591    3.1591    3.18247    2.18284 -0.0337846 180.013       0       0 -0.13     0 -1.03 -0.655483 0.0152985 0.0286441  0.00134201 -0.00243851 -0.00173202  -0.234012 -0.0835193 -0.0097878  0.138966 0.0480634    9.8079 
             117.968 -0.122576   2.60163   2.86693   3.28054   2.15979 -0.019295 180.013       0       0 -0.13     0 -1.03 -0.0784835 -0.0461993  0.0534909  0.00135872 -0.00184801 -0.00128279  -0.239006 -0.0821713 -0.0102899  0.139238 0.0486121   9.80789 
             118.168 -0.029647   2.62247   2.81697     3.26773     2.13595 -0.00186896 180.013       0       0 -0.13     0 -1.03 -0.0631289 -0.0674608     0.1119  0.00116089 -0.00161032 -0.00124037  -0.238872  -0.080515 -0.0103387  0.139405 0.0485591   9.80789 
             118.368 -0.00118283     2.60309     2.84876      3.15585      2.16001 -0.000688958 180.013       0       0 -0.13     0 -1.03 -0.324152 0.0399585 0.0209022   0.00176526 -0.000357827  -0.00121523   -0.228936  -0.0860952 -0.00787468  0.138495 0.0478371   9.80791 
             118.568 0.00246096    2.58004    2.76582    3.09417    2.15236 -0.0215138 180.013       0       0 -0.13     0 -1.03  -0.318684 0.00225305 -0.0847496    0.0015214 -0.000247224  -0.00106514   -0.229318  -0.0842542 -0.00532301  0.138487 0.0478014   9.80791 
             118.768 0.0619909   2.58298   2.67949    3.02296    2.13145 -0.0292724 180.013       0       0 -0.13     0 -1.03  -0.328151 -0.0682742 -0.0844194   0.00146863 -0.000209312  -0.00104613   -0.228414   -0.082878 -0.00604689  0.138613 0.0476887    9.8079 
             118.968 0.0577604   2.55989   2.67224    2.93724     2.1596 -0.0281098 180.013       0       0 -0.13     0 -1.03    -0.3519  0.0419702 -0.0313279   0.00139635 -0.000130026 -0.000925447   -0.227942  -0.0838845 -0.00630932  0.138551 0.0476901   9.80791 
             119.168 0.0202835   2.54658    2.4051    2.83792    2.17023 -0.0252433 180.013       0       0 -0.13     0 -1.03  -0.458332  0.0555352 0.00529484   0.00145355  -0.00035933 -0.000400727   -0.225506  -0.0843933 -0.00686183  0.138467 0.0475348   9.80791 
             119.368 0.00820761    2.53246    2.31039    2.75277    2.13835 -0.0223398 180.013       0       0 -0.13     0 -1.03  -0.456886 -0.0428107 -0.0228026   0.00116524 -0.000356004 -0.000315632   -0.225984  -0.0790388 -0.00849092  0.138858 0.0473596    9.8079 
             119.567 0.00977145    2.54683    2.23707      2.62382      2.15223 -0.000931842 180.013       0       0 -0.13     0 -1.03 -0.595317 0.0336644  0.116591   0.00141758  8.71039e-05 -0.000141856  -0.222119 -0.0817085 -0.0110042  0.138762 0.0473104    9.8079 
             119.767 0.114094  2.48269  2.12132     2.56807     2.13773 -0.00701101 180.013       0       0 -0.13     0 -1.03    -0.405244   -0.0330514 -0.000276485    0.0014322 -0.000129579 -0.000132264    -0.22649  -0.0800772 -0.00934258  0.138878 0.0473682    9.8079 
             119.967 -0.016616   2.45705   2.06437   2.48567   2.16274 0.0116062 180.013       0       0 -0.13     0 -1.03 -0.428614 0.0456378  0.126166   0.00136909 -0.000253859  5.07973e-05   -0.226624  -0.0809118 -0.00939842  0.138885 0.0473989    9.8079 
             120.168 -0.00329784     2.47229     1.93498   2.37831   2.15731 0.0274711 180.013       0       0 -0.13     0 -1.03 -0.496355 0.0229866  0.126321    0.0013752 -0.000402083  0.000261275     -0.225 -0.0793696 -0.0085454  0.138801 0.0473538    9.8079 
             120.367 0.0160221   2.44739   1.82283     2.282   2.13601 0.0235584 180.013       0       0 -0.13     0 -1.03  -0.509851 -0.0272892   0.104455   0.00130476 -0.000439758  0.000490588  -0.226009 -0.0754153 -0.0045218  0.138713 0.0472617   9.80791 
             120.567 0.00820255    2.45038    1.73215    2.18322    2.14592 0.00145091 180.013       0       0 -0.13     0 -1.03 -0.532963 0.0527756 -0.272009   0.00141615 -0.000412449   0.00064046    -0.226844   -0.0770635 -0.000364955  0.138653 0.0473836   9.80791 
             120.767 0.0214316   2.43311   1.67979    2.10788    2.14891 -0.0334863 180.013       0       0 -0.13     0 -1.03 -0.441706 0.0241901 -0.151118   0.00141094 -0.000488736  0.000646061   -0.229079  -0.0766891 -0.00132992   0.13875 0.0472924    9.8079 
             120.968 -0.0228159    2.39985    1.54313  2.04328  2.16198 0.003001 180.013       0       0 -0.13     0 -1.03 -0.396858 0.0612748 0.0331458   0.00137678 -0.000503445  0.000837226   -0.229528  -0.0768478 -0.00251309  0.138802 0.0472592    9.8079 
             121.167 -0.0393186    2.40459    1.48215  1.94136  2.13722 0.035324 180.013       0       0 -0.13     0 -1.03  -0.456311 -0.0167542   0.172209   0.00130837 -0.000558764  0.000847543   -0.227997  -0.0733996 -0.00318006  0.138578 0.0472106   9.80791 
             121.367 -0.107931   2.41492    1.4023   1.76448   2.15993 0.0322483 180.013       0       0 -0.13     0 -1.03 -0.695789 0.0433066 0.0837075  0.00157824 0.000119764   0.0011285   -0.218617  -0.0767717 0.000543214  0.138404 0.0479259   9.80791 
             121.567 0.000930882     2.41014     1.25738    1.76361    2.13138 0.00477866 180.013       0       0 -0.13     0 -1.03  -0.405785  0.0233667 -0.0104377   0.0010491 -0.00115032  0.00117954  -0.233696 -0.0730176 0.00439182  0.138554 0.0468807   9.80791 
             121.768 -0.319841   2.17851   1.18852     1.6386    2.23488 -0.0508138 180.013       0       0 -0.13     0 -1.03  -0.56931  0.338478 -0.163775   0.00160002 -0.000966778   0.00120623  -0.231493  -0.078527 0.00781614  0.138821 0.0472565    9.8079 
             121.968 -0.335491   2.15996   1.07211    1.58657    2.17446 -0.0333495 180.013       0       0 -0.13     0 -1.03  -0.430905  0.0279603 -0.0349157   0.00194664 -0.000926065   0.00141872  -0.232922 -0.0759997 0.00684909  0.138635 0.0470541   9.80791 
             122.166 -0.302114    2.2243  0.884188    1.47766    2.15253 -0.0310281 180.013       0       0 -0.13     0 -1.03  -0.505986 -0.0414055 -0.0575619   0.00188755 -0.000976123   0.00154976  -0.231346 -0.0732745 0.00560192  0.138309 0.0471599   9.80791 
             122.368 -0.292518   2.20033  0.879485    1.33904    2.17375 -0.0255414 180.013       0       0 -0.13     0 -1.03 -0.619748 0.0329728 -0.020237   0.00214514 -0.000734955   0.00166076  -0.227148 -0.0764279 0.00356647   0.13853 0.0477436   9.80791 
             122.966 -0.295765   2.21326  0.709589   1.04887   2.13796 0.0175251 180.013       0       0 -0.13     0 -1.03   -0.60248 -0.0290612  0.0280508   0.0016871 -0.00142411  0.00180101    -0.233937   -0.0743558 -0.000342898  0.138431 0.0469988   9.80791 
             123.166 -0.129181   2.30241  0.541721   1.18001   2.15132 0.0245123 180.013       0       0 -0.13     0 -1.03   -0.166332  -0.0268076 -0.00216164  0.00184544 -0.00406351  0.00181196    -0.237851   -0.0752598 -0.000734428  0.138621 0.0464694   9.80791 
             123.367 -0.146158   2.27673  0.520755     1.02335     2.18097 -0.00396922 180.013       0       0 -0.13     0 -1.03 -0.490124 0.0599685 -0.124183 0.00366611 0.00104234 0.00195589   -0.231598  -0.0766676 0.000525044  0.138732 0.0474798    9.8079 
             123.766 -0.252343   2.19696   0.44849   0.818032    2.17743 -0.0192832 180.013       0       0 -0.13     0 -1.03  -0.490533 0.00522305 -0.0157336 0.00339538 0.00133378 0.00205121    -0.230487   -0.0752312 -0.000353651  0.138526 0.0476277   9.80791 
             124.366 -0.332337   2.17376  0.173221  0.647798   2.18701 0.0883265 180.013       0       0 -0.13     0 -1.03  -0.392651 0.00715294   0.140443  0.00339056 0.000840931     0.00214   -0.232571  -0.0756561 -0.00191888  0.138635 0.0473344   9.80791 
             124.565  -0.253852    2.12188 -0.0524046   0.592683    2.18552 0.00254364 180.013       0       0 -0.13     0 -1.03 -0.358599  0.038214 -0.176259  0.00324005 0.000369061   0.0023271  -0.233526 -0.0757673 0.00319782   0.13858 0.0470611   9.80791 
             124.967 -0.262847   2.11379 -0.142797   0.438885    2.20571 -0.0642189 180.013       0       0 -0.13     0 -1.03   -0.603738 -0.00408786    -0.16449  0.00321919 0.000430137  0.00233664  -0.234209 -0.0761124 0.00243697  0.138645 0.0469402   9.80791 
             125.165 -0.345963   2.03533  -0.24637    0.26634    2.18425 -0.0039414 180.013       0       0 -0.13     0 -1.03  -0.837626  -0.109431 0.00781005   0.00324302 -0.000351103   0.00235591   -0.233589  -0.0755367 0.000570806  0.138507 0.0470803   9.80791 
             125.365 -0.216829   2.20437 -0.142609  0.214325   2.11448 0.0331522 180.013       0       0 -0.13     0 -1.03 -0.542895 -0.338619 0.0289219  0.00278765 -0.00102393  0.00264433    -0.24736  -0.0731555 -0.00582393  0.137694 0.0444779   9.80793 
             125.566  0.073228   2.32768 -0.352447  0.579943   2.05946 0.0119176 180.013       0       0 -0.13     0 -1.03  0.647782 -0.612819  0.245904  0.00296133 -0.00348253  0.00275954   -0.30702 -0.0873164 -0.0035912 0.140108 0.032541  9.80795 
             125.766 -0.0274601     2.1087 -0.0863884  0.566305    2.0358 0.0964649 180.013       0       0 -0.13     0 -1.03  0.197699 -0.307291  0.372112  0.00302849 -0.00340034  0.00271306    -0.29273  -0.0928818 -0.00578622  0.141544 0.0354641   9.80791 
             126.165  -0.120454    2.14804 -0.0700068  0.476776   1.83704 0.0724708 180.013       0       0 -0.13     0 -1.03 -0.0867531  -0.491377   0.108743  0.00315569 -0.00386685   0.0026682   -0.290601   -0.091702 -0.00283652   0.14132 0.0359964   9.80792 
             126.366 -0.186817   2.13575  0.220746  0.499544   1.79513 0.0371624 180.013       0       0 -0.13     0 -1.03  0.0178585  -0.370845 -0.0337915  0.00292332 -0.00359521  0.00182375  -0.292662 -0.0961785 0.00134038 0.142289 0.035568   9.8079 
             126.566 -0.224668   2.07936  0.270077     0.470721      1.72122 -0.000446159 180.013       0       0 -0.13     0 -1.03 -0.0156244  -0.389224 -0.0820677  0.00297303 -0.00379779  0.00183965  -0.289281 -0.0955599 0.00668243 0.142241 0.036255   9.8079 
             126.765 -0.0330866    2.13116  0.0933317  0.472518   1.61727 0.0178183 180.013       0       0 -0.13     0 -1.03 0.00342799  -0.446306  0.0405943  0.00297532 -0.00376861  0.00187611  -0.289876 -0.0928023 0.00429166 0.141742 0.036159  9.80791 
             127.366 -0.154731   2.08746 0.0746456   0.493129    1.47877 -0.0401841 180.013       0       0 -0.13     0 -1.03   0.045806  -0.227194 -0.0532832  0.00287463 -0.00344022  0.00175863  -0.289642 -0.0938331 0.00460455  0.141902 0.0362082   9.80791 
             127.764 -0.172013   2.08619  0.352626   0.393486    1.20027 -0.0875684 180.013       0       0 -0.13     0 -1.03 -0.201236 -0.641622 -0.425957   0.0027985 -0.00325148 0.000928456   -0.287604  -0.0888027 0.000807181 0.141003  0.03655  9.80792 
             127.965 -0.0511242    2.04506   0.236106    0.40708    1.11831 -0.0253983 180.013       0       0 -0.13     0 -1.03 -0.0983513  -0.534977  -0.083389  0.00309661 -0.00358011 0.000922266   -0.288729  -0.0906949 -0.00623694   0.14131 0.0362302   9.80792 
             128.165 -0.134698   2.05569  0.471971   0.440657    1.07345 -0.0318136 180.013       0       0 -0.13     0 -1.03 0.0745456 -0.391569 -0.220248  0.00485013 -0.00422813 0.000664126   -0.290543  -0.0953713 -0.00806679   0.14184 0.0359364   9.80791 
             128.765 -0.260137   1.99641  0.555755   0.558001   0.865338 -0.0473695 180.013       0       0 -0.13     0 -1.03  0.181203 -0.343954 -0.122956  0.00466207 -0.00463497 0.000478723 -0.293623 -0.095573  -0.01243  0.141733 0.0354266   9.80791 
             129.364 -0.213477   1.99149  0.558157   0.308526   0.556169 -0.0365708 180.013       0       0 -0.13     0 -1.03  -0.174422  -0.389144 -0.0806486  0.00425472 -0.00397673 0.000432861  -0.285302 -0.0922116 -0.0171979  0.141079 0.0365977   9.80792 
             129.565 -0.172822   2.04537  0.911431  0.391776  0.483077 0.0386941 180.013       0       0 -0.13     0 -1.03 0.0523908 -0.367165  0.186388   0.00411386   -0.0040125 -0.000240252   -0.28814 -0.0922829 -0.0249782  0.141086 0.0364176   9.80792 
             129.765 -0.124454   2.03516  0.832362  0.345865  0.391684 0.0449989 180.013       0       0 -0.13     0 -1.03 -0.0962643  -0.383754   0.164516   0.00413935   -0.0040306 -0.000212462   -0.28568 -0.0910154 -0.0209816  0.140776 0.0367592   9.80792 
             129.963 -0.161507   2.01084  0.731102  0.375578   0.31929 0.0302618 180.013       0       0 -0.13     0 -1.03 0.0391075 -0.334119   0.12641   0.00409783  -0.00366077 -8.73706e-05     -0.287 -0.0911107 -0.0196554  0.140829 0.0366531   9.80792 
             130.165 -0.195331   2.03328  0.780302  0.402014  0.230527 0.0567358 180.013       0       0 -0.13     0 -1.03  0.083995 -0.462967  0.093314   0.00398569  -0.00311351 -0.000195258  -0.288911 -0.0896961 -0.0193973  0.140741 0.0364491   9.80792 
             130.365 -0.231743   2.01958  0.872224   0.45779    0.1143 0.0523179 180.013       0       0 -0.13     0 -1.03  0.197885 -0.504319  0.154822   0.00394637  -0.00320661 -0.000622244  -0.294272 -0.0882506 -0.0159809  0.140704 0.0358118   9.80793 
             130.763 -0.180082   2.02071   1.16474   0.341462 -0.0382245   0.175327 180.013       0       0 -0.13     0 -1.03 -0.177649 -0.490329  0.509089    0.0039169  -0.00274919 -0.000980026   -0.276143  -0.0932642 -0.00983071  0.141016 0.0376895   9.80791 
             130.964 0.125232  2.07562 0.851625  0.316015 -0.168927 0.0401588 180.013       0       0 -0.13     0 -1.03  -0.136574  -0.560516 -0.0259185  0.00391419 -0.00277846 -0.00086247  -0.276489 -0.0923712 0.00056985  0.141165 0.0376017   9.80791 
             131.164 -0.0721863    2.03012   0.891667  0.364679 -0.226898 0.0112668 180.013       0       0 -0.13     0 -1.03 0.0677783 -0.556488 -0.172436  0.00597417 -0.00447025 -0.00094527  -0.280115 -0.0960647  0.0018033   0.14136 0.0377446   9.80791 
             131.364 -0.0689742    2.00605    1.01043   0.433945  -0.318825 -0.0147739 180.013       0       0 -0.13     0 -1.03  0.201871 -0.494899 -0.225229   0.0063002 -0.00492766 -0.00147494    -0.286715   -0.0983174 -5.25173e-05  0.141678 0.0371381   9.80791 
             131.564 -0.104568   1.98627   1.29318  0.326428 -0.358361 0.0145774 180.013       0       0 -0.13     0 -1.03 -0.222614 -0.218385   0.44324  0.00619214 -0.00458039 -0.00170523   -0.266852   -0.103983 -0.00602852  0.141754 0.0389591    9.8079 
             131.764 -0.143201   1.98234   1.17848  0.265016 -0.444666 0.0961498 180.013       0       0 -0.13     0 -1.03 -0.298406  -0.32128   0.41893  0.00603077 -0.00453626 -0.00165641     -0.2658   -0.100482 -0.00601301  0.141484 0.0389659    9.8079 
             131.964 -0.135841   1.96646   1.07169  0.309464 -0.566655 0.0667176 180.013       0       0 -0.13     0 -1.03 -0.0437589  -0.386406    0.21792  0.00615088 -0.00428921 -0.00162526   -0.268225  -0.0991609 -0.00310641  0.141595 0.0388236    9.8079 
             132.163 -0.117752   1.99934   1.22938  0.319997 -0.626922 0.0381244 180.013       0       0 -0.13     0 -1.03  -0.0634343   -0.272967 0.000455787  0.00613287 -0.00404535 -0.00184667  -0.270794  -0.100289 0.00155024  0.141818 0.0386657    9.8079 
             132.364 -0.128557   1.97071   1.15046   0.264151  -0.628889 0.00438334 180.013       0       0 -0.13     0 -1.03  -0.288611 -0.0509799 -0.0717108   0.0061171 -0.00422899  -0.0017261  -0.266945  -0.105244 0.00581281  0.142101 0.0389818   9.80789 
             132.764 -0.108424   1.98115    1.1234   0.195342   -0.67738 -0.0150797 180.013       0       0 -0.13     0 -1.03  -0.284968 -0.0975871 -0.0851719  0.00581125 -0.00445024 -0.00173854  -0.272679  -0.102323 0.00350854  0.142027 0.0386478    9.8079 
             132.964 -0.0842697     1.9935    1.40851  0.501394  -0.61059 0.0195434 180.013       0       0 -0.13     0 -1.03  0.420276  0.109454 0.0705122  0.00628575 -0.00648182 -0.00188854   -0.28599  -0.106237 0.00110641 0.142505 0.037956  9.80789 
             133.164 -0.0809803    2.00029    1.47182  0.599605 -0.622743 0.0125941 180.013       0       0 -0.13     0 -1.03  0.386024 0.0317439 0.0102926   0.0052622 -0.00733743 -0.00205875   -0.28754  -0.104204 0.00176352  0.142393 0.0378264   9.80789 
             133.563 -0.0826747    2.03101    1.68589   0.745075  -0.646889 0.00183451 180.013       0       0 -0.13     0 -1.03   0.378446 0.00382914  -0.077555  0.00496655 -0.00699948 -0.00241761  -0.287086  -0.101401 0.00241706  0.142293 0.0377882    9.8079 
             133.963 -0.131753   2.08252   2.09302   1.04969 -0.584411 0.0184334 180.013       0       0 -0.13     0 -1.03   0.611618   0.101111 -0.0227138  0.00451554 -0.00558538 -0.00296801   -0.294549   -0.104271 -0.00189926  0.142512 0.0376974   9.80789 
             134.163 -0.132568   2.08136   2.25179   1.08105  -0.62424 0.0323624 180.013       0       0 -0.13     0 -1.03  0.400045 0.0219318  0.189396  0.00502454 -0.00670919 -0.00331435    -0.290682    -0.101622 -0.000910651  0.142464 0.0375523   9.80789 
             134.363 -0.108458   2.10245   2.28886   1.13703 -0.603037 0.0323065 180.013       0       0 -0.13     0 -1.03  0.335791 0.0729519 0.0853262  0.00516756 -0.00650525 -0.00338636  -0.288543  -0.103545 0.00310482  0.142434 0.0374511   9.80789 
             134.763 -0.118414   2.10882   2.48009   1.40561 -0.608295 0.0224534 180.013       0       0 -0.13     0 -1.03  0.576997 0.0581844 0.0454248  0.00459357 -0.00729663  -0.0036898  -0.297132  -0.099178 0.00606828  0.142865 0.0377647   9.80789 
             134.963 -0.108167   2.13174   2.77125    1.48334  -0.611438 0.00690357 180.013       0       0 -0.13     0 -1.03   0.487128  0.0394697 -0.0289067  0.00455746 -0.00715697 -0.00376805  -0.295985 -0.0988383 0.00670337  0.142867 0.0376889   9.80789 
             135.163 -0.107335   2.15125   2.86198   1.54889 -0.624785  0.017506 180.013       0       0 -0.13     0 -1.03   0.382443 -0.0170518  0.0808794  0.00423537  -0.0066733 -0.00383002  -0.294646  -0.098172 0.00682467  0.142918 0.0375602   9.80789 
             135.363 -0.0548398     2.1865    2.90335    1.64846  -0.617357 -0.0153189 180.013       0       0 -0.13     0 -1.03  0.438219 0.0350055 -0.135799  0.00433387 -0.00673023 -0.00396556  -0.297163 -0.0986169 0.00965252  0.142921 0.0378275   9.80789 
             135.563 -0.0957427     2.1844    3.05044    1.77127  -0.607447 -0.0173932 180.013       0       0 -0.13     0 -1.03   0.557756  0.0178778 0.00420417  0.00429657 -0.00683701 -0.00416901  -0.301477 -0.0984178 0.00680275 0.142992 0.038288  9.80788 
             135.763 -0.109798   2.18918   3.09286   1.90353 -0.590119 0.0268982 180.013       0       0 -0.13     0 -1.03  0.611891 0.0773748  0.167628  0.00431646 -0.00688527 -0.00418243  -0.303434 -0.0991369 0.00296385  0.142948 0.0385465   9.80788 
             135.963 -0.123722   2.20256   3.31092   1.94465 -0.610372 0.0256536 180.013       0       0 -0.13     0 -1.03   0.411322 -0.0164399  0.0880364  0.00415121 -0.00727307 -0.00452566  -0.301568  -0.098659 0.00385852  0.143006 0.0383053   9.80788 
             136.163 -0.116986   2.23917   3.25141     2.01199   -0.605469 -0.00725239 180.013       0       0 -0.13     0 -1.03   0.361016 0.00159637 -0.0319493   0.0041731 -0.00717091 -0.00440987  -0.300661  -0.100282 0.00732302  0.142817 0.0381181   9.80789 
             136.363 -0.0933208    2.25563    3.41589     2.12226   -0.611026 -0.00164355 180.013       0       0 -0.13     0 -1.03   0.429232 -0.0277661 0.00535358  0.00404742 -0.00740826 -0.00472799  -0.305916  -0.098522 0.00612185 0.143052 0.038882  9.80788 
             136.562 -0.110222   2.27039   3.63085    2.23026  -0.585571 0.00928732 180.013       0       0 -0.13     0 -1.03  0.515178 0.0522486  0.216512  0.00423872 -0.00733637 -0.00496384  -0.309106  -0.101714 0.00515774  0.142602 0.0393236   9.80788 
             136.762 -0.111885   2.25076   3.67794   2.39505 -0.592051 0.0265379 180.013       0       0 -0.13     0 -1.03  0.709329 0.0202415  0.133391  0.00413771 -0.00760021 -0.00498183  -0.313793 -0.0992779 0.00698103  0.142912 0.0400125   9.80788 
             136.962 -0.1095 2.27987 3.75311    2.45232  -0.588287 -0.0131713 180.013       0       0 -0.13     0 -1.03   0.484267  0.0187454 -0.0435615   0.004162 -0.0079509 -0.0050337  -0.312152 -0.0996002 0.00824577  0.142864 0.0396994   9.80788 
             137.162 -0.124397   2.30417   3.83751    2.53505  -0.586171 -0.0168106 180.013       0       0 -0.13     0 -1.03   0.439823 0.00605743 -0.0682564  0.00410257 -0.00806682 -0.00527451   -0.31114 -0.0999492  0.0077758  0.142821 0.0395172   9.80788 
             137.362 -0.107179   2.31635   4.06954     2.6533  -0.588849 -0.0228925 180.013       0       0 -0.13     0 -1.03    0.509558 -0.00915825    -0.10722  0.00409738  -0.0079123 -0.00566287  -0.314985 -0.0983269 0.00571567  0.143049 0.0402443   9.80787 
             137.562 -0.0864429    2.32757    4.23938     2.7377  -0.570033 -0.0330887 180.013       0       0 -0.13     0 -1.03   0.440517 -0.0297377  -0.450015   0.0042588  -0.0076129 -0.00583651  -0.313137  -0.102005 0.00311788  0.142446 0.0398388   9.80788 
             137.762 -0.109827   2.33129   4.32209    2.82904  -0.583246 -0.0797375 180.013       0       0 -0.13     0 -1.03   0.476636 -0.0506537  -0.323548  0.00425798  -0.0076407 -0.00585494   -0.312714   -0.101342 -0.00115587  0.142669 0.0398162   9.80788 
             137.962 -0.106599   2.34309   4.35711    2.92215  -0.584382 -0.0233281 180.013       0       0 -0.13     0 -1.03   0.544899 -0.0220394 -0.0726532  0.00438564 -0.00776644 -0.00596618  -0.312559  -0.101581 -0.0035715  0.142635 0.0397903   9.80788 
             138.162 -0.104324   2.36062   4.41251    3.00821  -0.559514 -0.0136636 180.013       0       0 -0.13     0 -1.03    0.678303    0.073131 -0.00112324    0.004158 -0.00793091 -0.00590685   -0.308988   -0.106181 -0.00483183  0.141778 0.0388134    9.8079 
             138.362 -0.0590314    2.37754    4.47075    3.16392  -0.560774 -0.0177238 180.013       0       0 -0.13     0 -1.03    0.81185  0.0595889 -0.0178822  0.00410417 -0.00736641  -0.0059018   -0.308126   -0.103129 -0.00442843  0.142494 0.0387496   9.80789 
             138.562 -0.0475776    2.28902    4.19858     3.1089    -0.5225 -0.0431206 180.013       0       0 -0.13     0 -1.03   0.249248   0.138518 -0.0558509  0.00455084 -0.00579584 -0.00554618     -0.28252    -0.114883 -0.000674557   0.14087 0.0323134   9.80794 
             138.762 -0.123147   2.37805   4.26685      2.92576    -0.556026 -0.000316793 180.013       0       0 -0.13     0 -1.03   -0.387128 -0.00828651   0.0819645  0.00424402 -0.00417004  -0.0055769   -0.259075   -0.115855 -0.00518484  0.141863 0.0270211   9.80794 
             138.962 -0.13024  2.39402  4.30101    2.94543  -0.585288 -0.0119673 180.013       0       0 -0.13     0 -1.03   -0.16226 -0.0726326  0.0133319  0.00438078  -0.0037061 -0.00554171  -0.260881  -0.114855 -0.0047299  0.142002 0.0274034   9.80793 
             139.162 -0.115531   2.38032   4.28851    2.93432  -0.567399 -0.0141632 180.013       0       0 -0.13     0 -1.03 -0.127943 0.0107961 0.0018811  0.00401916 -0.00345956 -0.00547486  -0.263544  -0.117367 -0.0043755  0.141413 0.0278355   9.80794 
             139.363 -0.119443   2.34917   4.28612    2.95755  -0.556384 -0.0181895 180.013       0       0 -0.13     0 -1.03  -0.0239062   0.0371137 -0.00917685  0.00395338 -0.00328406 -0.00543587   -0.270703   -0.116283 -0.00402644  0.141396 0.0292994   9.80794 
             139.562 -0.127168   2.37314   4.28553     2.97479   -0.560186 -0.00843136 180.013       0       0 -0.13     0 -1.03 0.0129468 0.0146498  0.017841  0.00379954 -0.00342175 -0.00539577   -0.273171   -0.113783 -0.00578226  0.141845 0.0299281   9.80793 
             139.761 -0.114212    2.3865    4.2748    2.97117  -0.568447 -0.0120705 180.013       0       0 -0.13     0 -1.03  -0.0177067  -0.0139509 -0.00172229  0.00375851 -0.00339882 -0.00538995     -0.2725   -0.112897 -0.00505509  0.142036 0.0298068   9.80793 
             139.961 -0.123635   2.39804   4.28617    2.97631  -0.557251 -0.0137192 180.013       0       0 -0.13     0 -1.03  -0.0106375   0.0262983 -0.00484467  0.00368963 -0.00334476 -0.00535364   -0.272819   -0.113108 -0.00504948  0.141986 0.0298624   9.80793 
             140.162 -0.122898   2.38705   4.31405    2.95494  -0.557917 -0.0127925 180.013       0       0 -0.13     0 -1.03   -0.0684358    0.0194786 -0.000101084  0.00365688 -0.00333604 -0.00533612   -0.270963    -0.11298 -0.00518034  0.142069 0.0295087   9.80793 
             140.362 -0.117485   2.38009   4.28993    2.95947  -0.557315 -0.0150986 180.013       0       0 -0.13     0 -1.03  -0.0383429   0.0170267 -0.00458712  0.00358445  -0.0033545 -0.00527399   -0.273496   -0.111528 -0.00494529  0.142273 0.0300473   9.80792 
             140.561 -0.126387   2.38953   4.29564    2.96361  -0.559471 -0.0117882 180.013       0       0 -0.13     0 -1.03 -0.0246107 0.00876323 0.00528882  0.00349269 -0.00343768 -0.00524812   -0.274777    -0.11035 -0.00557578  0.142474 0.0303533   9.80792 
             140.761 -0.120892   2.38947   4.27988    2.96757  -0.568458 -0.0170228 180.013       0       0 -0.13     0 -1.03 -0.00968428  -0.0196982  -0.0113597  0.00342849 -0.00348266 -0.00524356   -0.275368   -0.109266 -0.00504639  0.142661 0.0304923   9.80792 
             140.962 -0.116341   2.38679   4.29213    2.9691 -0.564427 -0.014176 180.013       0       0 -0.13     0 -1.03 -0.0145468 0.00581921 0.00212337  0.00336208 -0.00342713 -0.00521108   -0.275523   -0.109388 -0.00516314  0.142635 0.0305206   9.80792 
             141.162 -0.11793  2.38403   4.3029    2.96171  -0.557621 -0.0132627 180.013       0       0 -0.13     0 -1.03 -0.0387444  0.0256453 0.00368676  0.00331162 -0.00338878 -0.00517849   -0.275326   -0.110072 -0.00518282  0.142513 0.0304629   9.80792 
             141.361 -0.11782  2.38333  4.28857      2.9681   -0.562218 -0.00950637 180.013       0       0 -0.13     0 -1.03 -0.0168033 0.00706441  0.0111522  0.00322337 -0.00340649 -0.00512967   -0.277034   -0.107883 -0.00565073  0.142887 0.0308641   9.80791 
             141.561 -0.121217    2.3875   4.30197   2.97017 -0.561152 -0.010258 180.013       0       0 -0.13     0 -1.03  -0.018673  0.0124895 0.00564199  0.00318232 -0.00342616  -0.0051036   -0.277816   -0.107571 -0.00524662  0.142918 0.0310135   9.80791 
             141.762 -0.120484   2.37585   4.29762     2.96285   -0.563687 -0.00412085 180.013       0       0 -0.13     0 -1.03 -0.0402161 0.00272273  0.0201569  0.00316248 -0.00341145  -0.0050991   -0.277453   -0.107104 -0.00572423 0.143024 0.030969  9.80791 
             141.962 -0.109745   2.37997   4.29874    2.96815  -0.566401 -0.0158749 180.013       0       0 -0.13     0 -1.03  -0.0196463 0.000768196  -0.0176584  0.00313893  -0.0033332 -0.00506094    -0.27774   -0.106965 -0.00542066  0.143038 0.0310198   9.80791 
             142.161 -0.118348   2.38774    4.2891    2.96902   -0.56279 -0.0181877 180.013       0       0 -0.13     0 -1.03 -0.0213141   0.014117 -0.0146695  0.00309311  -0.0032614 -0.00500059   -0.278375   -0.107041 -0.00551203  0.143009 0.0311354   9.80791 
              142.36 -0.121326   2.39668   4.32717    2.97683  -0.557646 -0.0132592 180.013       0       0 -0.13     0 -1.03 -0.00535002   0.0244411  0.00327962  0.00306107 -0.00323099 -0.00499954   -0.280226   -0.106669 -0.00661334  0.143043 0.0315055   9.80791 
             142.562 -0.127514   2.39352   4.37631   2.96481 -0.563843 -0.010741 180.013       0       0 -0.13     0 -1.03 -0.0468551 0.00500208   0.007038  0.00296223  -0.0031197 -0.00501067   -0.278379   -0.105539 -0.00681361  0.143304 0.0312024    9.8079 
             142.762 -0.117074   2.38933   4.31327    2.95803  -0.560097 -0.0158135 180.013       0       0 -0.13     0 -1.03 -0.0606777  0.0176254 -0.0162193  0.00297072 -0.00315068 -0.00500314   -0.279006   -0.105655 -0.00613898  0.143255 0.0313017    9.8079 
              142.96 -0.112579   2.37413   4.27404    2.98082   -0.56351 -0.0208693 180.013       0       0 -0.13     0 -1.03  0.0173448 0.00545893 -0.0221328  0.00298031 -0.00307735 -0.00498363   -0.279635   -0.105362 -0.00614321  0.143293 0.0314261    9.8079 
              143.16 -0.122964   2.38415   4.28915    2.96235  -0.558715 -0.0132842 180.013       0       0 -0.13     0 -1.03 -0.0476198  0.0210259 0.00671636  0.00297249 -0.00300891 -0.00495498   -0.278485    -0.10591 -0.00662992   0.14323 0.0312218    9.8079 
             143.362 -0.118765   2.38155   4.28932    2.96197   -0.56002 -0.0127222 180.013       0       0 -0.13     0 -1.03 -0.0372782    0.01274 0.00478295  0.00289818   -0.003039 -0.00492397   -0.279508   -0.104772 -0.00659531  0.143403 0.0314255    9.8079 
