             1.19877 -0.000535603   0.00168868    0.0143236 -0.000166783   0.00282976  0.000525504 180.013       0       0 -0.13     0 -1.03  0.000417901  0.000231301 -0.000290829  0.000234417 -0.000262983  -0.00159215  1.64571e-08 -2.10041e-07 -4.20124e-08 0.0903327 0.0659534   9.80836  38918
             1.40005 -0.000731233   0.00189412    0.0379618 -0.00275562  0.00447592 0.000199792 180.013       0       0 -0.13     0 -1.03  -0.0129002   0.0080942 -0.00165463  0.000235047 -0.000262813  -0.00162292  7.48938e-06 -4.63785e-06  5.54301e-07 0.0903255 0.0659576   9.80836  39205
             1.60014 -0.000823403   0.00142211     0.016385 -0.00429658 -0.00118083 8.33256e-05 180.013       0       0 -0.13     0 -1.03 -0.00659745  -0.0299045 2.06006e-05  0.000122544 -0.000282471  -0.00158294  -0.0031199   0.0169051 -0.00144709 0.0933278 0.0496907   9.80843  38853
             1.79873 -0.000353932  6.01808e-05  -0.00933107 -0.00641137 -0.00189208 0.000572665 180.013       0       0 -0.13     0 -1.03  -0.0105417 -0.00512158  0.00225681  0.000160578 -0.000272597  -0.00154161 -0.000649482   0.00299091  -0.00311299 0.0909192  0.063054   9.80838  38602
             1.99874 -0.00126957 1.95872e-05   0.0125325  -0.0119229 7.84136e-05 0.000859403 180.013       0       0 -0.13     0 -1.03 -0.0270638 0.00973618  0.0014975  0.000173461 -0.000259275   -0.0015793  0.00587812 -0.00328629 -0.00249819 0.0846585 0.0690957   9.80839  38871
             2.20015  -0.00127895 -0.000569602    0.0260331  -0.0127709 0.000864078 0.000922972 180.013       0       0 -0.13     0 -1.03 -0.00657224  0.00361142 0.000188521 0.000183722 -0.00024015 -0.00159963   -0.002055 -0.00106815 -0.00189593 0.0922837 0.0669648   9.80834  39104
             2.40007  -0.00117671 -0.000801726    0.0222279  -0.0122998  0.00108626 0.000812512 180.013       0       0 -0.13     0 -1.03   0.00222839   0.00116761 -0.000491006  0.000185895 -0.000228945  -0.00159301  -0.00442575 -0.000220008  -0.00135127 0.0945659  0.066157   9.80832  38790
             2.59878 -0.00131671 0.000191451  0.00310494  -0.0125161 0.000610069  0.00101491 180.013       0       0 -0.13     0 -1.03 0.000320373 -0.00225945  0.00141844   0.00018236 -0.000230166  -0.00156344  -0.0034042  0.00063182 -0.00195382 0.0935811 0.0653339   9.80834  38563
             3.20018  -0.00171088 -0.000288542    0.0238056 -0.0139564 0.00081298 0.00116557 180.013       0       0 -0.13     0 -1.03 -0.00376963  0.00204966 0.000174994  0.000194011 -0.000221863  -0.00159256 -0.00273652  0.00018754 -0.00128288 0.0929473  0.065764   9.80834  38828
             3.39891 -0.00167888 -0.00027348  0.00792024   -0.013686  0.00129811 0.000913072 180.013       0       0 -0.13     0 -1.03  0.00171423  0.00212606 -0.00138327  0.000195352 -0.000218985  -0.00156943  -0.00308577  0.000163889 -0.000798034 0.0932857 0.0657898   9.80834  38597
             3.59886  -0.00144063 -0.000617442    0.0146539   -0.0159802 -0.000682314   0.00103591 180.013       0       0 -0.13     0 -1.03 -0.00901274  -0.0092622 0.000837252  0.000209467 -0.000230485  -0.00157945 -0.000894328   0.00217476  -0.00151459 0.0911842 0.0638603   9.80837  38835
             3.80024  -0.00175021 -0.000471954    0.0231153  -0.0161698 0.000936044  0.00110099 180.013       0       0 -0.13     0 -1.03 -0.00148335  0.00678689 0.000203919  0.000187568 -0.000223249  -0.00159271 -0.00226779 -0.00133483 -0.00141763 0.0924967 0.0672176   9.80833  39137
             4.00019  -0.00225292 -0.000375636     0.024267  -0.0150138  0.00184247 0.000945872 180.013       0       0 -0.13     0 -1.03   0.00568866   0.00473986 -0.000917261  0.000190531 -0.000217435   -0.0015937  -0.00348347 -0.000909085  -0.00112392 0.0936613 0.0668134   9.80833  38856
             4.19893  -0.00183887 -0.000586091    0.0139086  -0.0162466 0.000174017 0.000929583 180.013       0       0 -0.13     0 -1.03 -0.00401949 -0.00787779  5.3559e-05  0.000202445 -0.000229489  -0.00157905 -0.00155717  0.00115293 -0.00142774 0.0918224 0.0648398   9.80836  38637
             4.39893  -0.00180285 -0.000526129   0.00978641  -0.0165915 -4.7648e-05  0.00123742 180.013       0       0 -0.13     0 -1.03 -0.00146784 -0.00208482  0.00147357 0.000197473 -0.00022999 -0.00157335 -0.00181465 4.76135e-05 -0.00182912 0.0920628 0.0658918   9.80835  38904
             4.60026  -0.00214879 -0.000359135    0.0245632  -0.0163248  0.00118152 0.000983669 180.013       0       0 -0.13     0 -1.03  0.00126922  0.00562206 -0.00181091  0.000200519 -0.000228597  -0.00159057 -0.00212853 -0.00113605 -0.00116599 0.0923676 0.0670242   9.80834  39142
             4.80038  -0.00197149 -0.000682843    0.0238939  -0.0160502 0.000595695  0.00113974 180.013       0       0 -0.13     0 -1.03  0.00207602 -0.00256743 0.000615037  0.000192841 -0.000229744  -0.00158989  -0.00212944 -3.74045e-05  -0.00189007 0.0923628 0.0659734   9.80834  38916
             4.99894  -0.00201872 -0.000648543    0.0178175  -0.0163271 0.000922173  0.00105253 180.013       0       0 -0.13     0 -1.03 -0.000560116   0.00165496  -0.00081736  0.000192232 -0.000231924  -0.00158285  -0.00160622 -0.000602006  -0.00166876 0.0918663  0.066511   9.80834  38673
             5.19894  -0.00175956 -0.000905997    0.0149259  -0.0176589 0.000861246  0.00105517 180.013       0       0 -0.13     0 -1.03  -0.00575892  3.49898e-05 -0.000225792   0.00019423 -0.000236257  -0.00157826 -0.000844531 -0.000359495  -0.00193607 0.0911405 0.0662777   9.80835  38905
             5.40029  -0.00182413 -0.000549484    0.0172126 -0.0173088 0.00199238 0.00111572 180.013       0       0 -0.13     0 -1.03  0.00145423  0.00545356 0.000145161  0.000201993 -0.000244915  -0.00158133  -0.00159311 -0.000966158  -0.00201065 0.0918496 0.0668536   9.80834  39172
             5.60034 -0.00200692 -0.00036705  0.00891991  -0.014674 0.00183146 0.00107469 180.013       0       0 -0.13     0 -1.03    0.0133509  -0.00104925 -0.000724367  0.000172916 -0.000293184  -0.00157408  -0.00262206 -0.000356786  -0.00194399 0.0928255 0.0662777   9.80834  38844
             5.80033  -0.00181336 -0.000498079    0.0116327   -0.015357  0.00120653 0.000964865 180.013       0       0 -0.13     0 -1.03  -0.00116612  -0.00283375 -0.000532213  0.000167566 -0.000245046  -0.00157925  -0.00103912 -0.000225501  -0.00194572 0.0913283 0.0661525   9.80835  38818
              5.9991  -0.00171568 -0.000287613     0.007187 -0.0147996 0.00100392 0.00107917 180.013       0       0 -0.13     0 -1.03  0.00290621 -0.00125101 0.000686414  0.000168646 -0.000244304  -0.00157408  -0.00139661 -0.000432019  -0.00217036 0.0916639 0.0663461   9.80835  38594
             6.20034  -0.00170987 -0.000479475     0.015254 -0.0169108 0.00194133 0.00105616 180.013       0       0 -0.13     0 -1.03   -0.0089845   0.00469518 -0.000153015  0.000159622 -0.000260542  -0.00158218 -6.07384e-05  -0.00105029   -0.0019841 0.0904051 0.0669304   9.80836  39130
             6.40033  -0.00196085 -0.000722379     0.011829 -0.0171566 0.00131207 0.00112018 180.013       0       0 -0.13     0 -1.03 -0.00143405  -0.0031129 0.000476612  0.000160805 -0.000260977    -0.001576 -0.000769769 -0.000300079  -0.00207656 0.0910727 0.0662235   9.80835  38838
             6.60034 -0.00183292 -0.00057493   0.0102119  -0.016236 0.00189276 0.00102637 180.013       0       0 -0.13     0 -1.03   0.00421466    0.0023924 -0.000493515  0.000170565 -0.000268115  -0.00157455 -0.00124746 -0.00081709 -0.00191428 0.0915229 0.0667113   9.80835  38858
             6.79912  -0.00157145 -0.000791298   0.00466173 -0.0161832 0.00013235  0.0010191 180.013       0       0 -0.13     0 -1.03   0.0014937  -0.0082125 0.000258112  0.000160449 -0.000264703  -0.00156633 -0.00090798 0.000125958 -0.00196848 0.0912042 0.0658253   9.80836  38572
             7.20038  -0.00155083 -0.000990632    0.0152987  -0.0177917  0.00148172 0.000925769 180.013       0       0 -0.13     0 -1.03  -0.00570112   0.00785797 -0.000175633  0.000150308 -0.000267143  -0.00157895 -0.000380019 -0.000928595  -0.00189091 0.0907103 0.0668139   9.80835  38831
             7.60035  -0.00148194 -0.000921162   0.00941049 -0.0162412 0.00078726 0.00082015 180.013       0       0 -0.13     0 -1.03   0.00668687  -0.00497513 -0.000295808  0.000156337 -0.000256247  -0.00156977 -0.000975212 -0.000335998  -0.00180624 0.0912667 0.0662617   9.80835  38843
             8.00039  -0.00158554 -0.000733797   0.00802544  -0.0158243  0.00139283 0.000925039 180.013       0       0 -0.13     0 -1.03 -0.000161831   0.00331547 -0.000148593  0.000154598 -0.000257013    -0.001569 -0.00057591  -0.0007783 -0.00197699 0.0908933 0.0666717   9.80835  38858
             8.40047  -0.00153661 -0.000747287   0.00854005  -0.0156524 0.000990858 0.000862907 180.013       0       0 -0.13     0 -1.03  0.000959388   -0.0022674 -0.000304941  0.000158319 -0.000257034  -0.00157032 -0.000583134 -0.000511097  -0.00195242 0.0909002 0.0664241   9.80835  38841
             8.80051 -0.00149748 -0.00103653  0.00863143   -0.0181119 -0.000888264   0.00115982 180.013       0       0 -0.13     0 -1.03 -0.00839358 -0.00497068  0.00074212  0.000144776 -0.000214523  -0.00157098 -0.000240715 -0.000398647  -0.00212824 0.0905826  0.066319   9.80836  38889
             9.00048 -0.00136452 -0.00122337   0.0256978  -0.0202908 0.000888896  0.00119233 180.013       0       0 -0.13     0 -1.03  -0.0111904   0.0082706 0.000134654  0.000214125 -0.000203496   -0.0015909 -0.000103856  -0.00107301   -0.0020291 0.0904576 0.0669396   9.80835  38863
             9.20046 -0.00181784 -0.00105392  0.00609386  -0.0179973 0.000677532  0.00115996 180.013       0       0 -0.13     0 -1.03   0.00940015 -0.000986738 -0.000279335   0.00021914 -0.000207685  -0.00156989   -0.0015525 -0.000376347  -0.00199953 0.0917892 0.0663019   9.80835  38889
             9.40052   -0.0013877 -0.000435852 -5.16092e-05   -0.015659 -0.00115382 0.000930972 180.013       0       0 -0.13     0 -1.03   0.0120301 -0.00868289 -0.00108839  0.000230131 -0.000207253  -0.00156406 -0.00170348 0.000213084 -0.00189725 0.0919293 0.0657626   9.80835  38854
              9.8006  -0.00167576 -0.000792621    0.0158159 -0.0182238 0.00133484 0.00102426 180.013       0       0 -0.13     0 -1.03  -0.0120922   0.0115165 0.000480711  0.000212223 -0.000231424  -0.00157978 -0.000369501 -0.000851082  -0.00207428 0.0907095 0.0667356   9.80835  38923
             10.0005  -0.0016731 -0.00133215    0.010032  -0.0200397 9.95323e-05  0.00125831 180.013       0       0 -0.13     0 -1.03 -0.00876941 -0.00578689  0.00162004  0.000206007 -0.000232645  -0.00157388 -0.000498553 -0.000112861  -0.00214824 0.0908256 0.0660635   9.80836  38846
             10.2005  -0.00149147 -0.000864008    0.0103057 -0.0189871 -0.0014374 0.00129436 180.013       0       0 -0.13     0 -1.03   0.0039057 -0.00792562 4.60918e-05  0.000202681 -0.000246865  -0.00157276 -0.00122887  1.9642e-05 -0.00198962 0.0914905 0.0659447   9.80835  38892
             10.8007 -0.00177005  -0.0013397   0.0148957  -0.0202436 0.000658433 0.000863289 180.013       0       0 -0.13     0 -1.03 -0.00525845  0.00988982 -0.00051868  0.000223883 -0.000233323  -0.00158441  -0.00093936 -0.000498513   -0.0018975 0.0912292 0.0664143   9.80835  38841
             11.2007 -0.00144784  -0.0012486  0.00930716   -0.018804 0.000284306 0.000953314 180.013       0       0 -0.13     0 -1.03  0.00632933 -0.00400132 0.000384776   0.00021333 -0.000238687  -0.00158138  -0.00117686 -0.000170585  -0.00202488 0.0914411 0.0661195   9.80835  39082
             11.4008  -0.00131403 -0.000899457    0.0163474   -0.017779 4.98908e-06  0.00109079 180.013       0       0 -0.13     0 -1.03  0.00549339 -0.00148726 0.000462518  0.000217937 -0.000239035  -0.00158669  -0.00110581 -0.000312233  -0.00207088 0.0913769 0.0662462   9.80835  38863
             11.6007 -0.00143651 -0.00111078  0.00719659  -0.0184423  -6.521e-05 0.000897159 180.013       0       0 -0.13     0 -1.03  -0.00246289 -9.88102e-05  -0.00151205  0.000221693 -0.000222391  -0.00157955 -0.000651594  -0.00038128   -0.0019541 0.0909715 0.0663083   9.80835  38843
              12.202  -0.00139746 -0.000900149    0.0176516   -0.0184767 -0.000207766  0.000837789 180.013       0       0 -0.13     0 -1.03    0.0016711 -0.000492663 -4.18247e-05  0.000220896 -0.000226161  -0.00158908  -0.00071973 -0.000394363  -0.00221262 0.0910301 0.0663183   9.80835  39136
             12.8009 -0.00192094 -0.00130228 0.000554473   -0.0200155 -0.000696069   0.00137071 180.013       0       0 -0.13     0 -1.03 -0.00386268 -0.00101989  0.00104695  0.000219827 -0.000231089  -0.00157308 -0.000592132 -0.000392786  -0.00234455 0.0909167  0.066316   9.80835  38893
              13.401  -0.00185863 -0.000767455   0.00779522 -0.0179535 0.00144091   0.001111 180.013       0       0 -0.13     0 -1.03   0.00690088   0.00551751 -0.000623031 0.000235866 -0.00025275 -0.00157712 -0.000784431 -0.000530835  -0.00220906 0.0910864 0.0664378   9.80835  38628
              13.601 -0.00158506 -0.00103084  0.00199002  -0.0185222 -0.00127673  0.00119486 180.013       0       0 -0.13     0 -1.03 -0.00212651  -0.0134852 0.000758339  0.000201033 -0.000234093  -0.00157192 -0.000567269  -7.4973e-05  -0.00227094 0.0908964 0.0660421   9.80836  38911
             13.8009  -0.00169449 -0.000830867    0.0174605  -0.017142 0.00113791   0.001077 180.013       0       0 -0.13     0 -1.03  0.00530032  0.00965714 -0.00094787 0.000234926 -0.00024519  -0.0015865 -0.000882801   -0.0012603  -0.00218545 0.091172 0.067071  9.80835  38920
             14.0021   -0.0020051 -0.000574244    0.0096296 -0.0158147 0.00128672 0.00105157 180.013       0       0 -0.13     0 -1.03  0.00686927  0.00100997 0.000272826 0.000241967 -0.00024343 -0.00157894 -0.000954985 -0.000769905  -0.00224056 0.0912342 0.0666459   9.80835  39102
             14.2008  -0.00127584 -0.000524874    0.0029426  -0.0166403 0.000600145  0.00104792 180.013       0       0 -0.13     0 -1.03 -0.00304635 -0.00320511 8.10067e-05  0.000240146 -0.000242666  -0.00157565 -0.000425073 -0.000564322    -0.002207 0.0907767 0.0664676   9.80835  38589
             14.4008  -0.00132685 -0.000829915    0.0107624  -0.0177759  0.00100414 0.000848309 180.013       0       0 -0.13     0 -1.03 -0.00565925  0.00163803 -0.00129403 0.000248031 -0.00024044 -0.00158181 -0.000301952 -0.000815537  -0.00212663 0.0906713 0.0666844   9.80835  38837
             15.4009  -0.00203734 -0.000566102     0.010681  -0.0175644 0.000758052   0.0018119 180.013       0       0 -0.13     0 -1.03  0.00447732 -0.00149958  0.00164574  0.000244767 -0.000248268  -0.00158312 -0.000401806 -0.000783257  -0.00234442 0.0907552 0.0666554   9.80835  38797
             16.2009  -0.00177832 -0.000193294    0.0191315   -0.0159707 -0.000541624   0.00149559 180.013       0       0 -0.13     0 -1.03   0.00143601  -0.00197992 -0.000398144  0.000242617 -0.000238403  -0.00158512 -0.000364685 -0.000779377  -0.00219956 0.0907251  0.066653   9.80835  38821
             16.4023  -0.00153937 -0.000953547     0.019309  -0.0195516 -5.2982e-05   0.0014048 180.013       0       0 -0.13     0 -1.03   -0.0173978   0.00231536 -0.000203783  0.000250718 -0.000200879  -0.00158553  2.10484e-05 -0.000874933   -0.0021895 0.0904011 0.0667324   9.80836  39070
             16.8009  -0.00167297 -0.000785256   0.00334395   -0.0182992 -0.000900591   0.00147025 180.013       0       0 -0.13     0 -1.03  0.00981004 -0.00419576 0.000706354  0.000235845 -0.000262054  -0.00157553 -0.000804206 -0.000660617  -0.00221023 0.0910896 0.0665559   9.80835  38759
              17.001 -0.00140236  -0.0005949   0.0112032   -0.0187662 -0.000930348   0.00120098 180.013       0       0 -0.13     0 -1.03  -0.00117564 -4.94917e-05  -0.00168496  0.000243584 -0.000238595  -0.00158151 -0.000414165 -0.000801679    -0.002064 0.0907676 0.0666732   9.80835  38738
             17.2023 -0.00164907 -0.00112879    0.016018   -0.0196447 -0.000473489   0.00134678 180.013       0       0 -0.13     0 -1.03 -0.00396419  0.00223788 0.000670584  0.000244053 -0.000238282   -0.0015842 -0.000260917 -0.000900535  -0.00224278 0.0906396 0.0667538   9.80835  38835
              17.601 -0.00150904 -0.00143446  0.00528234   -0.0212789 -0.000292694   0.00132985 180.013       0       0 -0.13     0 -1.03  -0.00405302 -0.000484046 -0.000523564  0.000242767 -0.000236243  -0.00157521 -0.000245567 -0.000817579  -0.00216842 0.0906276 0.0666859   9.80835  38604
             18.2011 -0.00108561 -0.00143933 -0.00268861  -0.0195549 -0.00105354  0.00097798 180.013       0       0 -0.13     0 -1.03   0.00671487  -0.00162117 -0.000363672  0.000239854 -0.000233815  -0.00156803 -0.000428608 -0.000791225  -0.00212864 0.0907775 0.0666648   9.80835  38401
             18.8024 -0.00117731 -0.00147116   0.0070851  -0.0215418 -0.00142822  0.00125521 180.013       0       0 -0.13     0 -1.03 -0.00710727 0.000162928 0.000542329  0.000235242 -0.000243324  -0.00157892 -0.000173324 -0.000809792  -0.00221062 0.0905701 0.0666799   9.80836  38724
             19.8011 -0.00101808 -0.00168825  0.00740365  -0.0223872 -0.00214494  0.00123183 180.013       0       0 -0.13     0 -1.03   0.00355023  -0.00171996 -0.000126423  0.000233483 -0.000249562  -0.00157998 -0.000252142 -0.000797327  -0.00215796 0.0906337 0.0666701   9.80835  36520
             20.2011 -0.00148354 -0.00170326     0.01135  -0.0224023 -0.00213574  0.00156067 180.013       0       0 -0.13     0 -1.03 -9.75885e-05  0.000702236  0.000752143 0.000231414 -0.00025225 -0.00158011 -0.000198654 -0.000814447  -0.00224644 0.090591 0.066683  9.80835  35521
             21.0025 -0.00148498  0.00146626    0.191051  -0.0078472 -0.00193551 0.000207096 180.013       0       0 -0.13     0 -1.03  -0.0822839 3.82476e-05  0.00932916  0.000206959 -0.000337818  -0.00183338    -0.001625 -0.000798925  -0.00218975 0.0917143 0.0666697   9.80834  33170
             21.2025 -0.00154194   0.0097321     0.30602   0.0385424  -0.0145276 0.000885636 180.013       0       0 -0.13     0 -1.03   0.232588 -0.0730047 0.00234753  0.000213384 -7.01574e-05  -0.00200754  -0.00464737 -0.000221587   -0.0026511 0.0940062 0.0661556   9.80833  32799
             21.6011 -0.00161161   0.0124027   0.0502651   0.0457722 -0.00148911 0.000571455 180.013       0       0 -0.13     0 -1.03 -0.00491712    0.077412 -0.00502881  0.000138156 -0.000392557  -0.00178996  0.00500292 -0.00494297 -0.00327342  0.086234 0.0692186   9.80838  32339
             21.8025 -0.00225422   0.0132989    0.402003   0.0627386 -0.00351267 0.000153764 180.013       0       0 -0.13     0 -1.03   0.0405298 -0.00410502 -0.00717371  0.000151291 -0.000318478   -0.0022087  0.00235449  -0.0021579 -0.00361221 0.0884597 0.0672516   9.80837  32807
             22.0025 -0.00330517   0.0206317    0.575463    0.102596   -0.013151 0.000253089 180.013       0       0 -0.13     0 -1.03    0.137612  -0.0560617 -0.00193899  0.000189096 -0.000143003  -0.00237972 -0.00544468 0.000119049 -0.00366232 0.0945294 0.0657781   9.80832  33256
             22.2012 -0.0016171  0.0284879   0.491431     0.15001  -0.0348944 -0.00089305 180.013       0       0 -0.13     0 -1.03   0.239035  -0.112788 -0.0155156   0.00015836 -5.45627e-05  -0.00225651 -0.00948186  0.00288343 -0.00325808 0.0978622 0.0639991    9.8083  33178
             22.4013 -0.00089878   0.0338459    0.579102    0.188662  -0.0396996 0.000731222 180.013       0       0 -0.13     0 -1.03    0.234512  -0.0354133 -0.00127125  0.00024796 5.47427e-05 -0.00235751  -0.00680091 -0.000442025  -0.00435112 0.0954392 0.0661984   9.80831  34082
             23.2026 -0.00693004   0.0576125    0.489301    0.312228  -0.0172887 0.000113879 180.013       0       0 -0.13     0 -1.03   0.0661829   0.0651277 -0.00650493  0.00059595 0.000109009 -0.00230457 -0.00650523 -0.00131706 -0.00550529 0.0950653 0.0667964   9.80831  38699
             23.4013 -0.00928994   0.0652095    0.623653    0.346367 -0.00944798  0.00154023 180.013       0       0 -0.13     0 -1.03  0.153504 0.0380652 0.0318965 0.000607383 0.000113061 -0.00252619 -0.00751695 -0.00100766 -0.00667392 0.0958136 0.0666712   9.80831  38657
             23.6026 -0.0152033  0.0746197   0.788114   0.407474 -0.0020792 0.00136537 180.013       0       0 -0.13     0 -1.03   0.279922  0.0299112 -0.0328709 0.000669875 0.000118318 -0.00263871   -0.0117196 -0.000406498  -0.00854044 0.0989904 0.0666634   9.80827  39222
             23.8027 -0.0130395   0.087776   0.954114  0.475366 -0.010807  0.001039 180.013       0       0 -0.13     0 -1.03   0.331629 -0.0495318  0.0230305  0.00055032 5.59029e-05 -0.00288943  -0.0136417  0.00253081 -0.00941969  0.100809 0.0647456   9.80827  38951
             24.4027 -0.0178958   0.117828    1.15645   0.647095 -0.0136048 0.00220143 180.013       0       0 -0.13     0 -1.03  0.257639 0.0239114  0.014021  0.00069089 0.000193883 -0.00304424   -0.012719  0.00114017 -0.00954787 0.0998818 0.0655753   9.80827  39061
             24.6027 -0.0200323   0.129184    1.05123   0.703607 -0.0129145 0.00172212 180.013       0       0 -0.13     0 -1.03    0.276886  0.00703396 -0.00160091 0.000724809 0.000193485 -0.00300953  -0.0128993  0.00137523 -0.00930893  0.100064 0.0654601   9.80827  38811
             24.8013 -0.0209797   0.137028    1.11511    0.751624 -0.00547849  0.00254098 180.013       0       0 -0.13     0 -1.03   0.228377  0.0291424 -0.0251229 0.000772904  0.00011155  -0.0031077  -0.0125055 0.000205203 -0.00834883 0.0994913 0.0661674   9.80827  38605
             25.0014 -0.0190653   0.147237    1.29181    0.829694 0.000343986  0.00137262 180.013       0       0 -0.13     0 -1.03  0.363224 0.0251483 0.0145877  0.000827124 -4.87036e-05  -0.00330871  -0.0192401  0.00120989 -0.00902487   0.10442 0.0670275   9.80822  38797
             25.2027 -0.0210507   0.166975    1.53305  0.919694  -0.01395 0.0026693 180.013       0       0 -0.13     0 -1.03   0.456056 -0.0703591 -0.0120816  0.000653232 -0.000132365  -0.00355086  -0.0219593  0.00526863 -0.00875624  0.107286 0.0648857    9.8082  38947
             25.4027 -0.0257176   0.178525    1.55193   0.986688 -0.0181689 0.00246431 180.013       0       0 -0.13     0 -1.03   0.335368 -0.0163427 -0.0158252  0.000734442 -0.000117697  -0.00354129   -0.018026   0.0023052 -0.00840385  0.103771 0.0657415   9.80823  38779
             25.8014 -0.0270113   0.199544    1.64296    1.13847 -0.0307856 0.00312127 180.013       0       0 -0.13     0 -1.03   0.370313 -0.0587002  0.0258827  0.000661933 -0.000458702   -0.0035927  -0.0204194  0.00289631 -0.00708368  0.105508 0.0660989   9.80821  38719
             26.0028 -0.0337118   0.218801    1.66599    1.22681 -0.0156364 0.00311424 180.013       0       0 -0.13     0 -1.03   0.41946 0.0684925 0.0320586   0.00122097 -0.000801746  -0.00366402  -0.0226719 0.000409026 -0.00461643  0.105964 0.0683607   9.80819  38972
             26.6028 -0.0415436   0.264705    2.01951    1.49013 -0.0195965 0.00603386 180.013       0       0 -0.13     0 -1.03    0.42961 -0.0571985  0.0190334   0.00101399 -0.000926537  -0.00415974   -0.022869  0.00250284 -0.00385988  0.106789 0.0670879   9.80819  39107
             26.8028 -0.0446277    0.28239    2.22654    1.58798 -0.0236371 0.00782856 180.013       0       0 -0.13     0 -1.03   0.469994 -0.0175567  0.0394572   0.00101774 -0.000874029  -0.00430961   -0.0239024   0.00219617 -0.000447301  0.107308 0.0675103   9.80818  38723
             27.2028 -0.0492365   0.320618    2.41518    1.79652 -0.0314391 0.00628771 180.013       0       0 -0.13     0 -1.03   0.526659 -0.0150722  0.0140822   0.0011394 -0.00108442 -0.00452135   -0.0255482   0.00252002 -0.000653325 0.108405 0.068054  9.80816  38970
             27.4015 -0.0559916   0.332325    2.48996     1.8673 -0.0315703 0.00790202 180.013       0       0 -0.13     0 -1.03  0.358193 0.0196354  0.023369   0.00105442 -0.000770842  -0.00459456   -0.0220191  0.000921848 -0.000371671  0.105705 0.0672413    9.8082  38768
             27.6028 -0.0626086    0.34695    2.65953     1.9765 -0.0287242  0.0103839 180.013       0       0 -0.13     0 -1.03      0.5474 -0.00260811  -0.0166244  0.00106608 -0.00108513 -0.00471539  -0.0265606  0.00295627 0.000196492  0.109088 0.0683947   9.80815  39171
             28.0029 -0.059481  0.373671   2.77992    2.19131 -0.0260476  0.0075488 180.013       0       0 -0.13     0 -1.03  0.549913 0.0193927   -0.0113  0.00110523 -0.00104283 -0.00471218 -0.0271442 0.00286719 0.00260295   0.10911 0.0686826   9.80815  38566
             28.2015 -0.0636873   0.389896    2.88202    2.28351  -0.027702 0.00835315 180.013       0       0 -0.13     0 -1.03    0.468626  -0.0243587 -0.00273654 0.00117293 -0.0010995 -0.0049039 -0.0246328 0.00248457 0.00227948  0.107738 0.0674788   9.80818  38542
             28.4029 -0.0689828   0.406291    3.15233    2.37489  -0.018727 0.00910518 180.013       0       0 -0.13     0 -1.03  0.441773 0.0384056  0.021645  0.00128009 -0.00105276 -0.00510152  -0.0248385 0.000354144  0.00258308  0.106667 0.0685943   9.80818  39316
             28.8016 -0.0671714   0.426269    3.22127    2.56973 -0.0398629 0.00957242 180.013       0       0 -0.13     0 -1.03   0.538653  -0.085128 0.00502419  0.00067542 -0.00105952 -0.00509703 -0.0235681 0.00234499 0.00230433  0.107291 0.0670175   9.80818  38618
             29.0016 -0.0712803   0.441432    3.17629    2.61828 -0.0296114 0.00949778 180.013       0       0 -0.13     0 -1.03   0.252167  0.0538206 -0.0180778  0.00156992 0.000350965 -0.00501393  -0.0187581 -0.00388441  0.00171891  0.101603 0.0663633   9.80825  39095
             29.6029 -0.0785518   0.468009    3.52819   2.86177 -0.020824  0.013201 180.013       0       0 -0.13     0 -1.03  0.756352 0.0114416 0.0110211  0.00143977   0.0007047 -0.00533544    -0.02159 -0.00137854  0.00233192  0.104216 0.0669098   9.80822  39335
             29.8016 -0.0813069   0.477609    3.25404     2.96137 -0.00691652 0.000702197 180.013       0       0 -0.13     0 -1.03   0.558609  0.0774955 -0.0721317  0.00138641 0.000232017 -0.00512864   -0.017351 -0.00441563  0.00515395  0.100327 0.0655929   9.80827  39134
             30.0029 -0.0815899   0.483804    3.28722    2.87127 -0.0230944 0.00839436 180.013       0       0 -0.13     0 -1.03  -0.371121 -0.0411573  0.0475692   0.00139057 -0.000566855      -0.0051    0.0143249   -0.0156335 -0.000222272 0.0816759 0.0506637   9.80853  39522
             30.2029 -0.0761906   0.472132    3.24813    2.83853 -0.0303961   0.006896 180.013       0       0 -0.13     0 -1.03  -0.201345  -0.045183 -0.0151701   0.00137152 -0.000630105  -0.00507445 0.00644123 -0.0118467 0.00199276 0.0869855 0.0538458   9.80847  39292
             30.4029 -0.0755381   0.472123    3.23304    2.82912 -0.0218071  0.0053728 180.013       0       0 -0.13     0 -1.03 -0.0691888   0.035712 -0.0091242    0.0014215 -0.000767171  -0.00504041 0.000142797  -0.0123405  0.00160396 0.0892263 0.0577834   9.80842  39246
              30.603 -0.0783491   0.476846     3.2492     2.8378 -0.0207803 0.00498362 180.013       0       0 -0.13     0 -1.03   0.0442338 -0.00158546  0.00078264   0.00138613 -0.000853737  -0.00502936 -0.00266026 -0.00994979  0.00133966 0.0917626 0.0584932    9.8084  39192
              30.803 -0.0780882   0.480121    3.28035    2.85426  -0.024274 0.00421058 180.013       0       0 -0.13     0 -1.03   0.0773658   0.0116751 -0.00350834   0.00130429 -0.000902091  -0.00504109 -0.00321696 -0.00885568   0.0015027 0.0926036 0.0583761   9.80839  39191
             31.0044 -0.0799379   0.478749    3.36246    2.85338 -0.0146214 0.00707601 180.013       0       0 -0.13     0 -1.03 -0.0298871   0.098422  0.0139852   0.00127789 -0.000911431  -0.00528431 -0.00109106  -0.0099164 0.000659326  0.091223 0.0576306   9.80841  39415
             31.2031 -0.0797475   0.469112    3.52217    2.81971  0.0159104 0.00666072 180.013       0       0 -0.13     0 -1.03 -0.18229 0.184551 0.017686   0.00134148 -0.000727416  -0.00525467 0.00202575 -0.0131886 0.00280738 0.0879353 0.0569431   9.80844  38999
             31.8032 -0.0941935   0.472733    3.41548     2.8396   0.130213 0.00801759 180.013       0       0 -0.13     0 -1.03  0.139477  0.205516 0.0259021   0.00140985 -0.000812366  -0.00496027 -0.00255894 -0.00998393  0.00401794 0.0913241  0.058609    9.8084  39012
             32.2031 -0.110789  0.479115   3.17308    2.84903   0.222436 0.00722989 180.013       0       0 -0.13     0 -1.03 -0.0178177   0.220976 -0.0573865   0.00170611 -0.000529441  -0.00479288 -0.00168866  -0.0112356  0.00325247 0.0903648 0.0584863   9.80841  39103
             32.4032 -0.114285  0.478398   3.35568    2.83297   0.266745 0.00704225 180.013       0       0 -0.13     0 -1.03 -0.0804068   0.219642 -0.0238017   0.00172419 -0.000233028   -0.0048458 -0.00010403  -0.0119844   0.0014337 0.0894962 0.0578988   9.80842  39042
             32.6032 -0.118186  0.481859   3.23181    2.83608    0.31788 0.00703549 180.013       0       0 -0.13     0 -1.03 0.00797095   0.257503  0.0244441   0.00176662 -0.000342311  -0.00481007 -0.0034453 -0.0120728 0.00016075 0.0908434 0.0599023    9.8084  39042
             32.8045 -0.121892  0.487147    3.3488    2.84702   0.345771 0.00736175 180.013       0       0 -0.13     0 -1.03 0.0287968  0.160364 0.0197446   0.00146783 -0.000397806  -0.00486107 -0.00380363 -0.00877004 0.000789777 0.0927576 0.0587839   9.80839  39377
             33.0017 -0.127996  0.489202   3.24693    2.85498   0.387081 0.00735164 180.013       0       0 -0.13     0 -1.03  0.0311795   0.165538 -0.0410021  0.00149568   -0.000364 -0.00481955  -0.00519585   -0.0108899 -0.000331589 0.0921832 0.0604742   9.80838  38431
             33.4033 -0.133736  0.489366   3.39324    2.86648   0.469785 0.00849141 180.013       0       0 -0.13     0 -1.03  0.0284755   0.211312 -0.0422218   0.00148331 -0.000372683  -0.00485795 -0.00653487  -0.0134465   0.0011654 0.0911836 0.0620531   9.80838  39055
             33.6033 -0.139329  0.486963   3.36776    2.85269   0.502863 0.00819922 180.013       0       0 -0.13     0 -1.03 -0.0725874   0.178256 -0.0109001   0.00154902 -0.000409119  -0.00481153 -0.00421123  -0.0132638 9.83239e-05 0.0904894 0.0607606   9.80839  38720
             34.0019 -0.146576  0.484101   3.10639    2.83108   0.602392 0.00706944 180.013       0       0 -0.13     0 -1.03 -0.0579608   0.291498  0.0356878   0.00167261 -0.000468984  -0.00443018 -0.00579904   -0.014237  0.00152003 0.0903988 0.0619322   9.80839  38448
             34.2045 -0.156538  0.491359   2.93487    2.85237   0.652426 0.00624409 180.013       0       0 -0.13     0 -1.03 0.0851235  0.252219 0.0191686   0.00175976 -0.000450847   -0.0042394 -0.00942428  -0.0110553  0.00440389 0.0932124 0.0626128   9.80836  39293
             34.4034 -0.158874  0.495743   3.08037    2.87358   0.686655 0.00542022 180.013       0       0 -0.13     0 -1.03  0.0909551   0.170953 -0.0145144   0.00175971 -0.000499959  -0.00443538 -0.00942951 -0.00816109  0.00496709 0.0946327 0.0614249   9.80835  38551
             34.6019 -0.166076  0.488609   2.94654    2.84115   0.736535 0.00600808 180.013       0       0 -0.13     0 -1.03 -0.200737  0.282624 0.0182513   0.00177124 -0.000614141  -0.00439429 -0.00373054  -0.0132853  0.00529241 0.0897913  0.060846    9.8084  38454
             35.0035 -0.176878  0.491813   3.17259    2.84315   0.856924 0.00684423 180.013       0       0 -0.13     0 -1.03  0.0645041   0.286251 0.00073029   0.00186379 -0.000854567  -0.00459906 -0.00921304  -0.0108126   0.0068562  0.093141 0.0622838   9.80836  39006
             35.2032 -0.185437  0.499316   3.17021    2.86209   0.918633 0.00765324 180.013       0       0 -0.13     0 -1.03  0.078592  0.314592 0.0415269   0.00172734 -0.000823474  -0.00458415 -0.0105871 -0.0105863 0.00843501 0.0936706 0.0627231   9.80835  38714
             35.6019 -0.198638  0.502841   2.96785    2.85392    1.03568 0.00752934 180.013       0       0 -0.13     0 -1.03  -0.059769   0.304326 0.00556501   0.00179097 -0.000923869  -0.00424793 -0.00948406  -0.0134967   0.0105608 0.0916297  0.063043   9.80837  38442
             35.8032 -0.206363  0.504526   2.74431    2.85287    1.09108 0.00867915 180.013       0       0 -0.13     0 -1.03 -0.000329164     0.259254  -0.00589472   0.00175216 -0.000905097  -0.00402803 -0.0103188 -0.0125192  0.0128226 0.0922977 0.0629376   9.80836  38653
             36.0033 -0.21254  0.50833  2.84158    2.87632    1.14139 0.00885265 180.013       0       0 -0.13     0 -1.03   0.104712   0.260956 -0.0336204   0.00166158 -0.000969226  -0.00411895 -0.0134476 -0.0107904 0.00819869 0.0947965 0.0641664   9.80833  38294
              36.402 -0.228507  0.515672   2.85174    2.86892    1.26128 0.00980853 180.013       0       0 -0.13     0 -1.03 -0.0796623   0.307899  0.0336574   0.00154494 -0.000945663   -0.0040974  -0.010138 -0.0137576 0.00487494 0.0923733  0.064428   9.80835  38065
             36.6046 -0.234921  0.523145   2.93593   2.88899   1.31606 0.0103603 180.013       0       0 -0.13     0 -1.03   0.116119   0.240522 -0.0334576  0.0014775 -0.0010064  -0.004127 -0.0132782 -0.0123335 0.00514356 0.0943066 0.0651407   9.80833  38220
             36.8047 -0.243613  0.525019   2.92779   2.88714   1.37751 0.0116463 180.013       0       0 -0.13     0 -1.03 0.00208432   0.313575  0.0230996   0.00160474 -0.000790477  -0.00399521 -0.0112641 -0.0153361 0.00329831 0.0922444 0.0656997   9.80835  37484
             37.4047 -0.26677 0.539112  2.68496   2.90658   1.54936 0.0148203 180.013       0       0 -0.13     0 -1.03  0.0601564   0.253733 -0.0263219  0.00147836 -0.00083441 -0.00371548 -0.0123933 -0.0140089 0.00858625 0.0929409 0.0650562   9.80834  37186
             37.8034 -0.282861  0.552891    2.7257   2.90152   1.67355 0.0162684 180.013       0       0 -0.13     0 -1.03 -0.0396515   0.265902  0.0187352   0.00169456 -0.000519824   -0.0037496 -0.0116178 -0.0147106 0.00369716  0.092608 0.0656684   9.80834  36169
             38.0034 -0.292823  0.563163   2.74513    2.9139   1.73975 0.0196823 180.013       0       0 -0.13     0 -1.03 0.065852 0.301146 0.059175  0.00215523 -0.00117605 -0.00371369  -0.014675 -0.0161875 0.00580588 0.0931862 0.0672239   9.80833  36094
             38.6034 -0.305125  0.551043    2.3787   2.90872   1.93749 0.0121622 180.013       0       0 -0.13     0 -1.03 -0.0427415   0.372127 -0.0560763  0.00228878 -0.00116025 -0.00313394  -0.013857 -0.0188277 0.00851245 0.0915543 0.0677289   9.80834  35429
             38.8047 -0.319513  0.567539   2.41666   2.94855   1.98818 0.0106511 180.013       0       0 -0.13     0 -1.03    0.178517    0.250313 -0.00906122    0.0021486 -0.000992292   -0.0031537 -0.0161587  -0.016451 0.00345343 0.0938514  0.068264   9.80831  35875
             39.2035 -0.327095  0.567537   2.45264  2.92944  2.10372 0.013288 180.013       0       0 -0.13     0 -1.03  -0.145506    0.31474 -0.0316892    0.0021708 -0.000898975   -0.0032074  -0.0100799  -0.0191835 -0.00178804 0.0905607 0.0681652   9.80835  35149
             39.6049 -0.346145  0.584075   2.59116   2.93842   2.23151 0.0126775 180.013       0       0 -0.13     0 -1.03   0.0864412    0.193993 -0.00725119  0.00232733 -0.00137581 -0.00318112  -0.0133951  -0.0194478 0.000148124 0.0919033 0.0691171   9.80833  35574
             39.8048 -0.353619  0.592286    2.5768   2.96645    2.2457 0.0157118 180.013       0       0 -0.13     0 -1.03  0.143623 0.0175953 0.0109552  0.00222508 -0.00146062 -0.00319099  -0.0141213     -0.0185 -0.00108945 0.0926426 0.0690714   9.80832  35257
             40.0035 -0.35697 0.591612  2.38934 2.95516 2.24506 0.01829 180.013       0       0 -0.13     0 -1.03  0.0218055 0.00680255  0.0105962  0.00214175 -0.00111879 -0.00310496 -0.00822055  -0.0197059 -0.00119983 0.0897006 0.0676348   9.80836  35079
             40.2048 -0.339963  0.580034   2.40713   2.93497   2.24052 0.0162409 180.013       0       0 -0.13     0 -1.03 -0.0111927 0.00286738 -0.0209806   0.00209098 -0.000982421  -0.00289847    -0.002446   -0.0201788 -0.000552981 0.0869595 0.0659073   9.80839  35579
             40.4049 -0.344638   0.57567   2.08294   2.88865   2.24348 0.0155797 180.013       0       0 -0.13     0 -1.03  -0.192449 0.00597753  0.0244997  0.00205584 -0.00139265 -0.00268948   0.00499667   -0.0229063 -0.000872739 0.0828805 0.0648634   9.80844  35311
             40.6035 -0.338429  0.556634   2.02408   2.83142   2.25478 0.0162082 180.013       0       0 -0.13     0 -1.03   -0.329299   0.0614793 -0.00698816  0.00203593 -0.00143646 -0.00264731 0.00683481 -0.0252752 0.00013282 0.0813411  0.065359   9.80844  35137
             40.8036 -0.341341  0.552716   2.14253   2.78792    2.2542 0.0139312 180.013       0       0 -0.13     0 -1.03   -0.215186 -0.00203023  0.00206403  0.00193637  -0.0015093 -0.00273979  0.00446313  -0.0236647 0.000674316 0.0827277 0.0650418   9.80844  35525
             41.2049 -0.338316    0.5333    1.7943   2.68191   2.24863 0.0175969 180.013       0       0 -0.13     0 -1.03  -0.274138 -0.0307217  0.0160807  0.00189835  -0.0015037 -0.00224238   0.00685841   -0.0244684 -0.000240032 0.0815369 0.0649642   9.80845  35973
             41.4049 -0.336034   0.51726   1.61618   2.61146    2.2474 0.0180168 180.013       0       0 -0.13     0 -1.03    -0.36196 -0.00996762  0.00325898  0.00182643 -0.00152256 -0.00211039  0.00807695  -0.0252032 -0.00046889 0.0808208 0.0650082   9.80845  35962
             41.6034 -0.333801  0.511839   1.69536 2.55497 2.24437 0.02017 180.013       0       0 -0.13     0 -1.03  -0.301207 -0.0240101  0.0171454  0.00180659 -0.00154885 -0.00208881    0.0060455   -0.0246076 -0.000973504 0.0819154 0.0650742   9.80844  36004
             41.8033 -0.335917  0.507156   1.54516   2.51944   2.23576 0.0220704 180.013       0       0 -0.13     0 -1.03  -0.187892 -0.0666594 0.00727837  0.00176465 -0.00165926 -0.00197967   0.00350484   -0.0240544 -0.000841641 0.0831711 0.0650243   9.80843  36270
             42.0045 -0.33571 0.504355  1.46854   2.46423   2.23752 0.0249427 180.013       0       0 -0.13     0 -1.03  -0.262534  0.0109058 0.00871249  0.00177537 -0.00159901 -0.00193138   0.00556204   -0.0260752 -0.000453017 0.0819728 0.0658012   9.80844  36651
             42.2043 -0.333978  0.492869   1.53374   2.40442   2.24702 0.0237914 180.013       0       0 -0.13     0 -1.03    -0.27341   0.0383351 -0.00251635  0.00180716 -0.00162421  -0.0019663  0.00706594  -0.0274753 0.000237073 0.0811071   0.06634   9.80844  36544
             42.6027 -0.331714   0.46838   1.24672   2.24032   2.24968 0.0259321 180.013       0       0 -0.13     0 -1.03   -0.463791 -0.00430139  -0.0179534  0.00170776 -0.00164263 -0.00155673   0.0118848  -0.0273741 0.000125138 0.0788119 0.0659972   9.80846  36604
             43.2023 -0.32589 0.443686   1.0042   2.05255   2.24585 0.0289169 180.013       0       0 -0.13     0 -1.03  -0.216413 -0.0105269  0.0190127  0.00164092 -0.00155644 -0.00125811 0.00847049 -0.0272447 0.00181791 0.0803238 0.0659699   9.80845  37182
             43.4035 -0.320516  0.427003  0.936997   1.97322   2.24684 0.0300025 180.013       0       0 -0.13     0 -1.03   -0.389179 -0.00335996 -0.00798321  0.00166413  -0.0015483 -0.00119353   0.0111303  -0.0275535 0.000178135 0.0792878 0.0663413   9.80846  38118
             43.6034 -0.315824  0.407222  0.769817   1.86259    2.2571 0.0305389 180.013       0       0 -0.13     0 -1.03   -0.559209   0.0474981 -0.00090604  0.00175208 -0.00133017  -0.0010945  0.0148308 -0.0290787 0.00156018 0.0775843  0.067253   9.80846  38189
             43.8019 -0.310347  0.394345  0.671609   1.76936   2.26233 0.0280506 180.013       0       0 -0.13     0 -1.03  -0.481811  0.0236198 -0.0117857   0.00167859   -0.0015286 -0.000921676  0.0125308 -0.0285756  0.0016536 0.0785822 0.0667895   9.80846  37845
             44.2029 -0.295435  0.360642  0.464055   1.62798    2.2528 0.0308727 180.013       0       0 -0.13     0 -1.03  -0.317385 -0.0526607  0.0396436  0.00158112 -0.00155305 -0.00071131 0.00808869 -0.0275246 0.00173884 0.0804292 0.0657193   9.80845  38171
             44.4028 -0.295454  0.352612   0.47622   1.56181   2.25229 0.0299581 180.013       0       0 -0.13     0 -1.03    -0.3376 0.00329715 -0.0184738   0.00160086  -0.00146351 -0.000688763  0.00838974   -0.028458 0.000769881 0.0805654 0.0662403   9.80845  38056
             44.6027 -0.297609  0.348797  0.352565   1.49894   2.25799 0.0326655 180.013       0       0 -0.13     0 -1.03 -0.306344  0.037136 0.0696954   0.00166499  -0.00146237 -0.000631669 0.00830343 -0.0292014 0.00268001 0.0806036 0.0664813   9.80844  38196
             44.8025 -0.29618 0.335329 0.271043   1.40825   2.26322 0.0311439 180.013       0       0 -0.13     0 -1.03 -0.425276 0.0318424 0.0304912   0.00165383  -0.00119113 -0.000490041  0.0112886 -0.0289081 0.00566549 0.0791254 0.0669241   9.80845  38234
             45.0024 -0.292107  0.318324 0.0886627   1.32083   2.26592 0.0298119 180.013       0       0 -0.13     0 -1.03  -0.4428 0.016121 -0.02692   0.00161604  -0.00118107 -0.000239874  0.0113251 -0.0284742 0.00611969 0.0789851 0.0667366   9.80845  38169
             45.2023  -0.292208   0.312033 -0.0245961   1.25319   2.26042 0.0298962 180.013       0       0 -0.13     0 -1.03  -0.346949 -0.0233573  0.0348504   0.00151041  -0.00125688 -0.000179565 0.00865557 -0.0272966 0.00504266 0.0798072 0.0656445   9.80846  38060
             45.4022 -0.285303  0.299286 0.0135556   1.17248   2.25743 0.0288106 180.013       0       0 -0.13     0 -1.03   -0.429644  -0.0196313 -0.00194471  0.00149215 -0.00121776 -0.00021321 0.00949235 -0.0274708 0.00581321 0.0795111 0.0659154   9.80846  38098
              45.602 -0.288607  0.292181 0.0244932   1.12149   2.26114 0.0305416 180.013       0       0 -0.13     0 -1.03  -0.231182 0.00836843  0.0511841   0.00157485  -0.00137261 -0.000195804 0.00649247 -0.0294333  0.0074253 0.0811769 0.0656085   9.80844  38045
             45.8019 -0.281408  0.281076 -0.130702   1.06653   2.26695 0.0317635 180.013       0       0 -0.13     0 -1.03  -0.279629  0.0404375 -0.0748953   0.00160233  -0.00124635 -2.39665e-05 0.00732084 -0.0295987 0.00707826 0.0809392 0.0659299   9.80844  38176
             46.0018 -0.285022  0.271645 -0.276579  0.992629   2.27265 0.0306279 180.013       0       0 -0.13     0 -1.03  -0.33192 0.0235347 0.0259143  0.00168409 -0.00105048 8.90284e-05 0.0102241 -0.029212 0.0057735  0.079812 0.0667034   9.80845  38130
             46.2016  -0.28271  0.257023 -0.319308  0.909199   2.27966 0.0310113 180.013       0       0 -0.13     0 -1.03   -0.399382   0.0314467 -0.00519065   0.00164601 -0.000990598  0.000153943  0.0126889 -0.0293508   0.007283 0.0789614 0.0675404   9.80845  38182
             46.6013 -0.271222  0.230521 -0.603445   0.68398   2.28524 0.0246456 180.013       0       0 -0.13     0 -1.03  -0.640448 0.00519059 -0.0479069   0.00161081 -0.000968115    0.0004872  0.0171319 -0.0275697 0.00704515 0.0768373  0.068545   9.80846  38242
             46.8012 -0.270866  0.210976 -0.694066   0.61422   2.28949 0.0231521 180.013       0       0 -0.13     0 -1.03  -0.375485  0.0163974 0.00509365   0.00158914 -0.000974045  0.000619879   0.011826 -0.0293035 0.00467899  0.079209 0.0672465   9.80845  38070
             47.0011 -0.270453  0.205772  -0.86973  0.563463   2.28651 0.0269215 180.013       0       0 -0.13     0 -1.03  -0.257866 -0.0238679  0.0429327  0.00147511 -0.00115695 0.000713122 0.00835267 -0.0292253 0.00507824 0.0801484 0.0657696   9.80845  38110
             47.2009 -0.271939  0.201331 -0.879561  0.491659   2.29225 0.0257823 180.013       0       0 -0.13     0 -1.03  -0.356996   0.027906 -0.0372084   0.00163506 -0.000966622  0.000665631  0.0119422  -0.029822 0.00684493 0.0794658 0.0674821   9.80845  38150
             47.6007 -0.264326  0.168153  -1.08644  0.267821   2.34258 0.0150529 180.013       0       0 -0.13     0 -1.03 -0.616476  0.167513 0.0187066   0.00196944 -0.000582205  0.000962429   0.017964 -0.0305208  0.0057324 0.0782919 0.0704607   9.80843  38638
             47.8006 -0.274102  0.169922  -1.13678  0.266885   2.30457 0.0202268 180.013       0       0 -0.13     0 -1.03 0.00330083   -0.24564  0.0263627  0.00136756 -0.00113694  0.00104066 0.00520793 -0.0275449 0.00581361 0.0804175 0.0641397   9.80846  38341
             48.0004 -0.270858  0.165823  -1.25611   0.22464   2.28903 0.0262271 180.013       0       0 -0.13     0 -1.03  -0.192858 -0.0714506  0.0635406   0.00182964 -0.000734553    0.0010777   0.011276 -0.0296602  0.0069036 0.0800442 0.0674999   9.80844  38325
             48.2002 -0.254159  0.152218  -1.44198  0.108026   2.30137 0.0245734 180.013       0       0 -0.13     0 -1.03  -0.550031  0.0683776 -0.0155153   0.00201807 -8.83941e-06    0.0012026   0.022736 -0.0294536 0.00952885 0.0776725 0.0731732   9.80842  38438
             48.4001 -0.257268  0.138399  -1.41757 0.0181303   2.32456 0.0233475 180.013       0       0 -0.13     0 -1.03  -0.441415   0.102307 -0.0039961   0.00227033 -3.64775e-05    0.0010634  0.0206667 -0.0315973 0.00857635 0.0791682 0.0725074   9.80841  38260
             48.5999 -0.262551  0.125617  -1.38826 -0.048483    2.3452 0.0273164 180.013       0       0 -0.13     0 -1.03 -0.279998  0.114713 0.0335493    0.0022792 -0.000104783   0.00106964  0.0187174 -0.0320841 0.00712989 0.0797231 0.0715335   9.80842  38392
             48.7998 -0.268691  0.116503  -1.61014 -0.107262   2.34612 0.0276628 180.013       0       0 -0.13     0 -1.03  -0.257831 0.00567706  0.0138757   0.00201892 -0.000358507   0.00131191  0.0182084 -0.0302117 0.00725655 0.0788385 0.0709523   9.80843  38427
             48.9997 -0.256146 0.0935607  -1.74067 -0.207707   2.33154 0.0212459 180.013       0       0 -0.13     0 -1.03  -0.484228 -0.0702363 -0.0483721  0.00183797 -0.00026599  0.00135721  0.0231164 -0.0256607 0.00986219 0.0757544  0.072563   9.80844  38325
             49.1996 -0.250015 0.0923591  -1.79851 -0.310178   2.33763 0.0201034 180.013       0       0 -0.13     0 -1.03   -0.510571   0.0334071 -0.00580023    0.0020313 -9.66026e-05   0.00147018   0.025454 -0.0278939 0.00850424  0.076658 0.0741889   9.80842  38304
              49.598 -0.252247 0.0662097  -1.98031 -0.473141   2.37362 0.0159989 180.013       0       0 -0.13     0 -1.03  -0.368545  0.0983229 -0.0119364   0.00226344 -0.000537056   0.00156858   0.023581 -0.0303191  0.0102532 0.0781929 0.0734063   9.80841  37891
             49.7978 -0.243973 0.0501641  -2.07576  -0.618487    2.39424 0.00679358 180.013       0       0 -0.13     0 -1.03  -0.847013   0.120842 -0.0724333   0.00229873 -0.000461408   0.00166629  0.0292714 -0.0277941  0.0106987 0.0762587 0.0763915   9.80841  38321
             49.9977  -0.25589 0.0593919  -2.01597  -0.708853    2.38606 0.00251681 180.013       0       0 -0.13     0 -1.03  -0.703189 -0.0647613 -0.0101508  0.00192317 -0.00202966  0.00157214  0.0128387 -0.0308833  0.0102498 0.0791294 0.0671329   9.80845  38182
             50.1989 0.193331  2.12225 -1.73117 -0.471902   2.33264 -0.034332 180.013       0       0 -0.13     0 -1.03   1.11628 -0.433841 -0.223894   0.0016289 -0.00739391  0.00202777 -0.0320489 -0.0524121  0.0144487 0.0940832 0.0416304   9.80846  38593
             50.3974 0.060966  1.95909 -1.81408  -0.387886    2.32275 -0.0524889 180.013       0       0 -0.13     0 -1.03    0.45021 -0.0611423  -0.109674  0.00292959 -0.00495305  0.00169837 -0.0103152 -0.0551959  0.0103003 0.0952891 0.0533676   9.80839  38179
             50.7972 -0.451994   1.42569  -1.45821 -0.562916   2.20062 -0.128142 180.013       0       0 -0.13     0 -1.03   -0.8821 -0.358736  -0.16849  0.000938636 -0.000371807   0.00162465 -0.00130574  -0.0425342   0.0141446 0.0859538 0.0582748   9.80845  38563
             50.9984 -0.313216    1.5652  -1.50541 -0.538096   2.14176 -0.120388 180.013       0       0 -0.13     0 -1.03  0.0540619  -0.338716 -0.0299609  0.00139746 -0.00738798  0.00131853  -0.015573 -0.0502739 0.00876275 0.0931963 0.0512395   9.80842  38766
             51.1982 -0.323825   1.61017  -1.28136 -0.525797   2.08206 -0.101966 180.013       0       0 -0.13     0 -1.03 0.0409105 -0.301047 0.0350843 0.00157561  -0.007407 0.00116481 -0.0143933  -0.051579 0.00436239 0.0950991 0.0517123    9.8084  38496
             51.3968 -0.498073   1.56941  -1.50588 -0.551027   2.02134 -0.079539 180.013       0       0 -0.13     0 -1.03 -0.134224 -0.290248 0.0663106  0.00142283 -0.00686537  0.00131266 -0.0107226 -0.0492035 0.00391535 0.0935255 0.0531131   9.80841  38232
             51.7979 -0.102118   1.79261  -1.30091  -0.542657    1.86298 -0.0271616 180.013       0       0 -0.13     0 -1.03 0.0381518 -0.410451  0.154267 0.00108759 -0.0081341 0.00121765 -0.0154097 -0.0496478  0.0084263 0.0928753 0.0513768   9.80843  38836
             51.9978 -0.405683   1.67676  -1.29659  -0.521951    1.82184 -0.0456918 180.013       0       0 -0.13     0 -1.03   0.114515  -0.188379 -0.0564144  0.00261913 -0.00831948  0.00106835 -0.0169282 -0.0527185  0.0156168 0.0923066 0.0526098   9.80842  38517
             52.5974 -0.444093   1.63999  -1.20428  -0.550719    1.61756 -0.0471845 180.013       0       0 -0.13     0 -1.03  -0.154105  -0.442863 0.00211503   0.0016912 -0.00752733 0.000945414 -0.0157006 -0.0498473  0.0149486 0.0910131  0.052672   9.80844  38758
             52.7973 -0.356168   1.66241  -1.31103  -0.570931     1.5329 -0.0407707 180.013       0       0 -0.13     0 -1.03  -0.12856 -0.410517 0.0451251  0.00154806 -0.00746465  0.00110684 -0.0159443 -0.0501237  0.0136378 0.0916766 0.0526318   9.80843  38414
             52.9972 -0.314913   1.67945  -1.39383  -0.511425    1.46968 -0.0429504 180.013       0       0 -0.13     0 -1.03  0.269559 -0.355656 0.0314834  0.00155085 -0.00816874  0.00101739 -0.0273636 -0.0559464  0.0171073 0.0950443  0.048838   9.80842  38468
             53.1956 -0.334635   1.70173  -1.21076  -0.538229    1.40895 -0.0315614 180.013       0       0 -0.13     0 -1.03 -0.147456 -0.278128 0.0362004  0.00166582 -0.00701541 0.000840709 -0.0152315  -0.052502  0.0154775 0.0921468 0.0537466   9.80842  38318
              53.397 -0.336311   1.67105  -1.07293  -0.559134    1.34037 -0.0326326 180.013       0       0 -0.13     0 -1.03 -0.120253 -0.296471 0.0333165  0.00164666  -0.0070273 0.000702566 -0.0182019 -0.0509326  0.0168939 0.091418  0.05226  9.80843  38831
             53.5968 -0.31268  1.70878 -1.07743   -0.55432    1.28735 -0.0302103 180.013       0       0 -0.13     0 -1.03 -0.00268285   -0.260946   0.0163795  0.00165052 -0.00740044 0.000639663 -0.0220949 -0.0527774  0.0165221 0.0930379 0.0508735   9.80843  38568
             53.7967 -0.279905    1.7249 -0.904408   -0.56186    1.20965 -0.0218615 180.013       0       0 -0.13     0 -1.03 -0.0502127  -0.393434  0.0591544  0.00140104 -0.00745348 0.000492149 -0.0225807 -0.0508989  0.0166917 0.0923175  0.050322   9.80844  38541
             53.9966 -0.206162    1.7099 -0.951345 -0.606026   1.12797 -0.018302 180.013       0       0 -0.13     0 -1.03 -0.245485 -0.391298 0.0670784   0.0014469 -0.00724481 0.000539098 -0.0196838 -0.0496996  0.0186423 0.0906912 0.0513061   9.80845  38534
             54.1965 -0.278179   1.68869  -1.10632  -0.652747    1.06732 -0.0176648 180.013       0       0 -0.13     0 -1.03 -0.256237 -0.267903 0.0619395  0.00156344 -0.00719947 0.000741949 -0.0211857 -0.0515684  0.0219314 0.0907534 0.0514146   9.80845  38485
             54.3964 -0.202464   1.69577  -1.04651   -0.62261    1.01187 -0.0383767 180.013       0       0 -0.13     0 -1.03 0.0989509 -0.326732 -0.151322  0.00185261 -0.00789971 0.000552718 -0.0340182 -0.0563466  0.0237979 0.0946883 0.0478601   9.80843  38517
             54.5963 -0.238342   1.71902 -0.840358  -0.602102   0.948328 -0.0194461 180.013       0       0 -0.13     0 -1.03 0.0853467 -0.323087  0.212127   0.0018623 -0.00781875 0.000474656  -0.033808 -0.0563972  0.0214422 0.0954104 0.0476782   9.80842  38444
             54.7962  -0.23378   1.71384 -0.882115   -0.621575    0.873246 -0.00520707 180.013       0       0 -0.13     0 -1.03 -0.113996  -0.33956  0.115947   0.0016414 -0.00738247  0.00053166 -0.0321992 -0.0547067  0.0242283 0.0934581 0.0482212   9.80844  38493
             55.1959 -0.172451   1.70607 -0.757028  -0.643126   0.737059 -0.0194311 180.013       0       0 -0.13     0 -1.03 -0.0471587  -0.373474  -0.116296   0.0017727 -0.00766906 0.000344274 -0.035094 -0.056524 0.0267188  0.093943 0.0477198   9.80843  38540
             55.7956 -0.139243   1.70566 -0.701371  -0.637092   0.518026 -0.0187547 180.013       0       0 -0.13     0 -1.03 0.000538444   -0.421927   -0.043097  0.00144424 -0.00800304 9.79126e-05 -0.0346416 -0.0561119  0.0154951 0.0972418 0.0470153   9.80841  38950
             55.9938 -0.198832    1.6909 -0.593866  -0.664835   0.451366 -0.0180747 180.013       0       0 -0.13     0 -1.03  -0.161716  -0.325134 -0.0589094   0.0015891 -0.00776123 0.000107119 -0.0324038 -0.0563895  0.0137122 0.0974641 0.0476342    9.8084  38636
             56.3963 -0.183869   1.70512 -0.433026 -0.704494  0.326032 -0.011228 180.013       0       0 -0.13     0 -1.03  -0.136991  -0.373706 -0.0642974   0.00218736  -0.00832898 -0.000164968 -0.0333453 -0.0601578  0.0092922  0.100155 0.0480132   9.80837  39247
             56.5948 -0.155946   1.70045 -0.458461  -0.714016    0.25735 -0.0100628 180.013       0       0 -0.13     0 -1.03 -0.113612 -0.349025 0.0763295    0.0021297  -0.00830079 -0.000128716 -0.0352082 -0.0610077 0.00744856  0.101316 0.0475991   9.80836  38567
             56.9959 -0.173548   1.71757 -0.537904   -0.658707    0.131021 -0.00152086 180.013       0       0 -0.13     0 -1.03   0.128252  -0.326575 -0.0334407   0.00211913   -0.0081208 -0.000171906 -0.0401954 -0.0635436 0.00818314  0.102984 0.0471231   9.80835  39183
             57.1958 -0.172441   1.71655 -0.317248    -0.678794    0.0519986 -0.000417954 180.013       0       0 -0.13     0 -1.03  -0.138467  -0.376713 0.00301742 0.00215985 -0.0080693 -0.0003184 -0.0356263 -0.0619376 0.00691172  0.101837 0.0478114   9.80835  38909
             57.3944 -0.161791   1.70812 -0.340515  -0.708755 -0.0147753  0.0026555 180.013       0       0 -0.13     0 -1.03  -0.165468  -0.345084 -0.0310382  0.00211889 -0.00798619 -0.00033436 -0.0344302  -0.062807 0.00527718  0.102235 0.0482483   9.80835  38573
             57.7941 -0.176327   1.71926 -0.296015   -0.729236   -0.163721 0.000261587 180.013       0       0 -0.13     0 -1.03 -0.0660596  -0.357756  0.0525956    0.0019065  -0.00847118 -0.000338026 -0.0355717 -0.0625729 0.00384941  0.102878 0.0479035   9.80834  38817
              57.994 -0.188388   1.73119  -0.45447  -0.746059  -0.229926 0.00196677 180.013       0       0 -0.13     0 -1.03 -0.118317 -0.302214 0.0299089   0.00206472   -0.0082717 -0.000170491 -0.0356591 -0.0632005 0.00530154 0.102604 0.048065  9.80835  38797
             58.3937 -0.169056   1.73241  -0.33624  -0.704001  -0.345181 0.00866385 180.013       0       0 -0.13     0 -1.03  0.136206 -0.295793 0.0369401   0.00239128  -0.00928394 -0.000458416 -0.0428852 -0.0663395 0.00423427 0.105372 0.047226  9.80832  38876
              58.595 -0.168667   1.72958 -0.218748  -0.716375  -0.415997 0.00724323 180.013       0       0 -0.13     0 -1.03 -0.106779 -0.354818 -0.062608   0.00222161  -0.00907082 -0.000486298 -0.0394604 -0.0640272 0.00307042  0.104344 0.0475567   9.80833  39115
             58.7948  -0.150903     1.7289 -0.0708367 -0.724976 -0.481443 0.0101599 180.013       0       0 -0.13     0 -1.03 -0.0865895  -0.338607  0.0242213   0.00230537  -0.00924774 -0.000723146 -0.0404882 -0.0650912 0.00136233  0.105242 0.0476394   9.80832  38825
             58.9934 -0.153064   1.72393 0.0237079   -0.7724 -0.543466 0.0142153 180.013       0       0 -0.13     0 -1.03 -0.250061 -0.322039 0.0884386   0.00231841  -0.00906785 -0.000695992 -0.0361049  -0.066291 0.00250751  0.104085 0.0487434   9.80833  38580
             59.1919 -0.166428   1.75206 -0.162942  -0.76419 -0.593992 0.0211855 180.013       0       0 -0.13     0 -1.03 0.0234595 -0.247279 0.0794402   0.00227375  -0.00946092 -0.000564289 -0.0462011 -0.0674948   0.008093 0.105456 0.047608  9.80832  38509
             59.3931 -0.149919    1.7358 -0.179291 -0.749321 -0.666037  0.010699 180.013       0       0 -0.13     0 -1.03 0.0379785 -0.382862 -0.103932   0.00184676  -0.00981648 -0.000578398 -0.0489065 -0.0652549 0.00867905  0.105677 0.0466512   9.80832  38951
             59.5929  -0.136069    1.73438 -0.0693484  -0.733584  -0.724051 0.00905489 180.013       0       0 -0.13     0 -1.03  0.0616696  -0.222746 -0.0553642  0.00200862 -0.00994735 -0.00067168 -0.0491414 -0.0668124 0.00520714  0.106871 0.0469995   9.80831  38488
             59.9927 -0.155181   1.72949 0.0951447 -0.728943 -0.787349 0.0233429 180.013       0       0 -0.13     0 -1.03 -0.0367104  -0.129023  0.0439324   0.00181937  -0.00982986 -0.000752849 -0.0495891 -0.0642388 0.00379055  0.106914 0.0463207   9.80831  38689
             60.1926 -0.142295   1.73114 0.0912053 -0.737391 -0.770825 0.0239645 180.013       0       0 -0.13     0 -1.03 -0.0709074  0.0847553 0.00498646   0.00188088  -0.00973308 -0.000760952 -0.0495774 -0.0697668 0.00551048  0.107121 0.0476997    9.8083  38557
             60.3925  -0.135068    1.71987 -0.0329793 -0.775532 -0.765167 0.0118873 180.013       0       0 -0.13     0 -1.03  -0.307291  0.0219237 -0.0582589    0.0017799  -0.00972961 -0.000719586 -0.0486755 -0.0684034 0.00745057  0.106268 0.0474511   9.80831  38633
             60.9934 -0.0666954    1.75935   0.414444  -0.620415  -0.793925 0.00824963 180.013       0       0 -0.13     0 -1.03  0.607712 -0.105109 0.0169937 0.00072335 -0.0179836 -0.0011076  -0.061267  -0.068628 0.00541851  0.109652 0.0456771   9.80828  38995
             61.1921 -0.0533521    1.77344   0.597208 -0.465874 -0.778377 0.0119094 180.013       0       0 -0.13     0 -1.03    0.738953   0.0663679 -0.00996894  0.00142587  -0.0186158 -0.00119531 -0.0627274 -0.0716116 0.00273848  0.111187 0.0460332   9.80826  38850
             61.5931 -0.0590073    1.81179   0.852096  -0.274923  -0.782123 0.00637038 180.013       0       0 -0.13     0 -1.03    0.349731 -0.00566776   0.0477004  0.00101826  -0.0176141 -0.00153671 -0.0589605  -0.069217 0.00378395  0.109875 0.0456171   9.80828  39413
             61.7929 -0.0843582    1.82316     1.0445  -0.171751  -0.788718 0.00813621 180.013       0       0 -0.13     0 -1.03   0.491786 -0.0500723  0.0120207   0.0010535  -0.0180268 -0.00172891 -0.0629498 -0.0689104 0.00447484  0.110706 0.0455122   9.80827  39177
             61.9915 -0.0577197    1.84232    1.20377 -0.0824482   -0.78925 0.00614519 180.013       0       0 -0.13     0 -1.03    0.424019  0.00589036 0.000945852  0.00117168  -0.0179743 -0.00196599 -0.0625318  -0.070305 0.00591892  0.110191 0.0458505   9.80827  38877
             62.1914 -0.0360388    1.85231    1.26357  0.00502257   -0.784298 -0.00237831 180.013       0       0 -0.13     0 -1.03   0.396902  0.0233423 -0.0611364   0.0011765   -0.017896 -0.00207643 -0.0632962 -0.0706462 0.00344003  0.110951 0.0460083   9.80826  39042
             62.3926 -0.0735865    1.87122    1.36985  0.0991063  -0.784166 0.00366402 180.013       0       0 -0.13     0 -1.03   0.43643 0.0130727 0.0162604  0.00109496  -0.0179223 -0.00212107  -0.065577 -0.0690818 0.00168514  0.112135 0.0459414   9.80825  39379
             62.5925 -0.0772759    1.89584    1.41456   0.207089  -0.782188 0.00917514 180.013       0       0 -0.13     0 -1.03  0.530475 0.0346964 0.0496207 0.000905934  -0.0181521 -0.00216963 -0.0685174 -0.0673792 0.00217984  0.112914 0.0459356   9.80824  39002
              62.791 -0.0598811    1.89271    1.60699   0.313185  -0.791141 0.00653212 180.013       0       0 -0.13     0 -1.03   0.507263 -0.0430882   0.014601 0.000659631  -0.0180785 -0.00242321  -0.069135 -0.0657442 0.00369554  0.112882 0.0455511   9.80824  38747
             62.9909 -0.0995131    1.92431    1.74248   0.404314  -0.797819 0.00809811 180.013       0       0 -0.13     0 -1.03   0.422418 -0.0322091  0.0238336 0.000607736  -0.0179646 -0.00259587 -0.0677812 -0.0661818 0.00266561  0.112768 0.0455019   9.80825  38965
             63.1921 -0.102382   1.92657   1.83078   0.492141  -0.792093 0.00532641 180.013       0       0 -0.13     0 -1.03    0.407771   0.0281291 -0.00282372 0.000710831  -0.0177933 -0.00266294 -0.0687189 -0.0681797 0.00285532  0.112555 0.0460794   9.80825  39198
             63.5906 -0.08273  1.96466  1.94431   0.675839  -0.779339 0.00197918 180.013       0       0 -0.13     0 -1.03   0.454188  0.0347995 -0.0153451 0.000822361  -0.0177824 -0.00280679  -0.070441 -0.0683964 0.00283961  0.112854 0.0464942   9.80824  38526
             63.7904 -0.101082   1.98891   2.07793   0.788256  -0.788462 0.00367071 180.013       0       0 -0.13     0 -1.03    0.51137 -0.0466739  0.0557468 0.000550995  -0.0181148 -0.00302732 -0.0731199  -0.065867 0.00473747  0.113359 0.0464685   9.80823  38780
             63.9916 -0.104301   2.00362   2.26059   0.870223    -0.7989 0.00633707 180.013       0       0 -0.13     0 -1.03  0.375866 -0.046051 0.0327077 0.000552535  -0.0180507  -0.0032752 -0.0720478 -0.0664873 0.00762815  0.112277 0.0461276   9.80825  38980
             64.1915 -0.121928   2.01677   2.38969  0.949588 -0.798837 0.0029638 180.013       0       0 -0.13     0 -1.03     0.35993 -0.00107195  -0.0556216 0.000514427  -0.0178582  -0.0033777 -0.0738142 -0.0678864 0.00708592  0.112341 0.0468747   9.80824  38622
             64.3901 -0.121165   2.02025    2.4259   1.03804 -0.790197  -0.00359 180.013       0       0 -0.13     0 -1.03   0.426616  0.0514629 -0.0126659  0.00060763  -0.0180086 -0.00341138 -0.0766423 -0.0678605 0.00671469  0.112872 0.0477537   9.80823  38359
             64.5913 -0.0916114    2.03449    2.50733    1.13798  -0.786553 -0.0119646 180.013       0       0 -0.13     0 -1.03   0.488587 0.00770502 -0.0723245  0.00047543  -0.0181358 -0.00341535 -0.0783798 -0.0659777 0.00696172   0.11366 0.0480316   9.80822  38973
             64.7912 -0.102034   2.07041   2.48686    1.27466   -0.79272 -0.0122304 180.013       0       0 -0.13     0 -1.03   0.631531 -0.0379718 -0.0122092 0.000410138  -0.0183127 -0.00353744 -0.0813943 -0.0638927 0.00602628  0.114944 0.0488143   9.80821  38819
             64.9911 -0.118018   2.09825   2.74427    1.35393  -0.793866 -0.0111984 180.013       0       0 -0.13     0 -1.03   0.379201 0.00538145 0.00692176  0.00039185  -0.0182702 -0.00387426 -0.0759153 -0.0677842 0.00567435  0.113061 0.0476614   9.80823  38899
             65.1896 -0.128339   2.09013   2.84334     1.42933   -0.776415 -0.00695427 180.013       0       0 -0.13     0 -1.03   0.34596 0.0824354 0.0133472 0.000522336  -0.0179978 -0.00398873 -0.0769159 -0.0706412 0.00401578  0.112646 0.0484776   9.80823  38718
             65.5907 -0.091733   2.13863   2.89695    1.63459  -0.759127 -0.0191979 180.013       0       0 -0.13     0 -1.03   0.541747  0.0278677 -0.0566347 0.000361583  -0.0183573 -0.00404718 -0.0824806 -0.0670951 0.00489432   0.11426 0.0500867   9.80821  38864
             65.9892 -0.129452   2.16732    3.3322   1.80811 -0.769815 -0.023242 180.013       0       0 -0.13     0 -1.03   0.360928 -0.0384059 0.00745156 0.000282318  -0.0179724 -0.00457093 -0.0799788  -0.066492 0.00249344  0.114935 0.0493336    9.8082  38405
             66.7887 -0.174114   2.22346   3.57586    2.20088  -0.762187 -0.0233226 180.013       0       0 -0.13     0 -1.03   0.521298  0.0407659 -0.0166542 0.000323775  -0.0181039   -0.004861 -0.0834072 -0.0661408 0.00163555   0.1155 0.050798  9.80819  38626
             66.9899 -0.145466   2.24006   3.83242    2.30051  -0.773256 -0.0228007 180.013       0       0 -0.13     0 -1.03   0.456906 -0.0615925   0.010745 0.000338185  -0.0180423 -0.00506046  -0.0830069   -0.065262 0.000890719    0.1161 0.0507614   9.80818  39234
             67.3897 -0.134663   2.32044   4.13169    2.47714  -0.749424 -0.0272355 180.013       0       0 -0.13     0 -1.03    0.411517   0.0978991 -0.00680114  0.00098148  -0.0177914 -0.00526509  -0.0860929  -0.0686283 0.000703246  0.114579 0.0521631   9.80819  38923
             67.5882 -0.122362   2.29935   3.95373    2.57591  -0.745714 -0.0351501 180.013       0       0 -0.13     0 -1.03    0.523172  -0.0346891 -0.00804167 0.000999877  -0.0177982 -0.00524315 -0.0876208 -0.0670939 0.00375218  0.114424 0.0525163   9.80819  38532
             67.7894 -0.122569    2.3164   4.22698   2.68509 -0.735717 -0.034059 180.013       0       0 -0.13     0 -1.03    0.511692   0.0367452 -0.00892629  0.00103641  -0.0177405 -0.00553078 -0.0887667 -0.0681545  0.0037469  0.113853 0.0530151    9.8082  39045
             67.9894 -0.136472   2.34128   4.44016    2.77776  -0.743805 -0.0303636 180.013       0       0 -0.13     0 -1.03   0.440507 -0.0332188  0.0272243 0.000880452  -0.0176492 -0.00577238 -0.0868869 -0.0656842 0.00331731  0.115212 0.0522854   9.80818  38938
             69.1886 -0.137306   2.44363   4.93686    3.25837  -0.719056 -0.0541359 180.013       0       0 -0.13     0 -1.03   0.421922  0.0951574 -0.0187681  0.00120648  -0.0170743 -0.00613634   -0.085813  -0.0658677 -0.00169019  0.116454 0.0524693   9.80817  39020
             69.3885 -0.103023   2.42183   4.86894    3.36431  -0.720273 -0.0628846 180.013       0       0 -0.13     0 -1.03   0.563771 0.00510646 -0.0434759  0.00145202  -0.0167428 -0.00608983   -0.0864378   -0.0648983 -0.000311395  0.116441 0.0525874   9.80817  38768
             69.9881 -0.163778   2.46766   4.86788    3.34638  -0.708058 -0.0262321 180.013       0       0 -0.13     0 -1.03 -0.451883  0.238986  0.118122  0.00102124  -0.0109641 -0.00584142  -0.0782014  -0.0689385 -0.00156586  0.115973 0.0477471    9.8082  38810
              70.188 -0.161677   2.45678   4.88851     3.3335  -0.641609 -0.0393087 180.013       0       0 -0.13     0 -1.03  -0.116858   0.325749 -0.0415082  0.00165266  -0.0138042 -0.00623779 -0.0859072 -0.0667512 0.00372803  0.114901 0.0512655   9.80819  38234
             70.5878 -0.164444   2.43695   4.69788    3.33273  -0.497813 -0.0535463 180.013       0       0 -0.13     0 -1.03 -0.0103054   0.332255 -0.0231515   0.0018233  -0.0137583 -0.00585671 -0.0917017 -0.0654574 0.00257835  0.114979 0.0546301   9.80817  38463
             70.7877 -0.166326   2.43584   4.77276     3.3246   -0.45529 -0.0467678 180.013       0       0 -0.13     0 -1.03 -0.0640834    0.22151    0.09474  0.00178981  -0.0136883 -0.00583156 -0.0895763 -0.0621809 0.00354229  0.116794 0.0538344   9.80816  38423
             70.9876 -0.190924   2.44617   4.65404    3.32158  -0.410348 -0.0405485 180.013       0       0 -0.13     0 -1.03 -0.0491438   0.187668  0.0232624  0.00192313  -0.0137722 -0.00574993 -0.0924308  -0.062059 0.00586369  0.116058 0.0549497   9.80816  38396
             71.1875 -0.186391   2.44575   4.73799    3.30731  -0.369235 -0.0436602 180.013       0       0 -0.13     0 -1.03  -0.107244   0.183459 -0.0405845  0.00188189  -0.0137151 -0.00575217 -0.0930937 -0.0621611 0.00625577  0.115866 0.0552162   9.80816  38375
             71.3861 -0.191071   2.43767   4.56516    3.31547  -0.330155 -0.0472461 180.013       0       0 -0.13     0 -1.03    0.01277   0.194227 -0.0478664  0.00178525  -0.0139331 -0.00560312 -0.0983317 -0.0587491 0.00573333  0.117091 0.0582795   9.80813  38067
             71.7873 -0.196795   2.44489   4.61645    3.36044  -0.252377 -0.0490344 180.013       0       0 -0.13     0 -1.03  0.116857  0.220371 0.0373303  0.00181537  -0.0147444 -0.00563097  -0.101386 -0.0575679  0.0058929  0.117324 0.0598822   9.80812  38268
             72.1869 -0.215926   2.45623   4.66795   3.33095 -0.161747 -0.040726 180.013       0       0 -0.13     0 -1.03 -0.168038  0.237052 0.0400916  0.00238468  -0.0135378 -0.00562672 -0.0998832 -0.0607522 0.00955057  0.115234 0.0583633   9.80815  38196
             72.5867 -0.210028   2.43853     4.677    3.31139 -0.0779658 -0.0463835 180.013       0       0 -0.13     0 -1.03 -0.0417138   0.200041 -0.0445093 0.00235312 -0.0135136 -0.0054862  -0.103924 -0.0559886 0.00990319  0.117085 0.0607596   9.80811  38216
             72.7853 -0.230098   2.45081   4.64979    3.32016 -0.0403307 -0.0434867 180.013       0       0 -0.13     0 -1.03 0.0202921  0.183156 0.0337736  0.00233643  -0.0136302 -0.00547119  -0.105623 -0.0545766 0.00896873  0.117777 0.0618823    9.8081  37866
             72.9865 -0.222918   2.43615   4.48757    3.30472  0.0139203 -0.0520176 180.013       0       0 -0.13     0 -1.03   -0.10372   0.283457 -0.0100235  0.00254915  -0.0133712 -0.00524615  -0.105455 -0.0581915   0.010433  0.115794 0.0612368   9.80813  38432
             73.1865 -0.23652  2.45512  4.43739    3.33395  0.0412222 -0.0598177 180.013       0       0 -0.13     0 -1.03   0.106716   0.108581 -0.0611134  0.00234905  -0.0137386 -0.00512691  -0.111157 -0.0488357  0.0104194  0.119746 0.0648143   9.80805  37957
             73.3863 -0.24849  2.45699  4.50372     3.3086  0.0581954 -0.0470587 180.013       0       0 -0.13     0 -1.03 -0.130762 0.0867272 0.0649678 0.00220098 -0.0133227 -0.0051981  -0.103458  -0.051686 0.00656487  0.119688 0.0614967   9.80808  38071
             73.5849 -0.13355  2.48627  4.45639    3.28647  0.0936595 -0.0445188 180.013       0       0 -0.13     0 -1.03 -0.126169  0.231041 -0.128688  0.00235004   -0.013322 -0.00519161  -0.104799 -0.0532228 0.00460558   0.11923 0.0622617   9.80808  37662
             73.7861 -0.240037   2.44851   4.32837    3.35535   0.137428 -0.0601432 180.013       0       0 -0.13     0 -1.03   0.288281   0.202994 -0.0964638  0.00222278  -0.0136029 -0.00519236  -0.110607 -0.0493203 0.00332514  0.120917 0.0651948   9.80804  38287
             73.9861 -0.251405   2.46013   4.48032    3.36732   0.177662 -0.0645137 180.013       0       0 -0.13     0 -1.03  0.0475789   0.242503 -0.0243928  0.00224439  -0.0131953 -0.00528928   -0.103142   -0.052073 5.95272e-05  0.120697 0.0621081   9.80806  38102
             74.3844 -0.244807   2.46179   4.64845     3.3656   0.274661 -0.0632653 180.013       0       0 -0.13     0 -1.03 -0.0578378   0.254297  0.0194981  0.00236243  -0.0129946 -0.00542581   -0.103377  -0.0531538 0.000792882  0.120071 0.0620562   9.80807  38079
             74.5843 -0.244099   2.45633   4.54783    3.33867   0.332542 -0.0666894 180.013       0       0 -0.13     0 -1.03 -0.167861  0.396073   0.12664  0.00236199  -0.0128137 -0.00538174  -0.102977 -0.0539157 0.00490006  0.119058 0.0612778   9.80809  38386
             74.7856 -0.258021   2.46066   4.33703    3.32951   0.394533 -0.0656124 180.013       0       0 -0.13     0 -1.03 -0.0606501   0.294831 0.00788649  0.00262099  -0.0126952 -0.00509118  -0.104137 -0.0518875 0.00572981  0.119767 0.0618867   9.80807  38567
             74.9856 -0.263105   2.45524   4.24475    3.31602   0.463209 -0.0616183 180.013       0       0 -0.13     0 -1.03 -0.102817  0.313696 0.0163913 0.00262864 -0.0125838 -0.0049332  -0.106113 -0.0533919 0.00790067  0.118633 0.0624622   9.80808  38252
              75.184 -0.276692   2.46388   4.18933     3.3317    0.51721 -0.0636705 180.013       0       0 -0.13     0 -1.03 0.0339956  0.265227 0.0151564  0.00245797  -0.0131558 -0.00487707  -0.112007 -0.0484013 0.00857474  0.120396 0.0651426   9.80804  37968
             75.3839 -0.277677   2.45446   4.14471   3.34424  0.576692 -0.062833 180.013       0       0 -0.13     0 -1.03 0.0372858  0.280003 0.0237617  0.00248558  -0.0132411 -0.00481656  -0.114793 -0.0484449  0.0104167  0.119989 0.0660986   9.80804  38280
             76.1849 0.569868  2.60564  4.10851    3.37696   0.822326 -0.0832592 180.013       0       0 -0.13     0 -1.03  0.0119273   0.347274 -0.0491503  0.00252533   -0.014357 -0.00463072  -0.116602 -0.0482042  0.0133344  0.119548 0.0665591   9.80805  38086
             76.5848 0.433528  2.61296  3.95106    3.37613   0.978408 -0.0530619 180.013       0       0 -0.13     0 -1.03 -0.0549532   0.411035  0.0873025  0.00270623    -0.01408 -0.00448624  -0.114084  -0.049561 0.00193937  0.121923 0.0659067   9.80802  37879
             76.9844 0.388776  2.64415  4.03971    3.38887    1.12306 -0.0465439 180.013       0       0 -0.13     0 -1.03  0.0137228   0.311245 -0.0175112  0.00222332  -0.0140124 -0.00453987  -0.117187 -0.0431693 0.00573356 0.123335 0.067064    9.808  37473
             77.3841 0.459832  2.65805   3.8933    3.36517    1.27311 -0.0446846 180.013       0       0 -0.13     0 -1.03 -0.130795  0.431822 0.0530572  0.00196073  -0.0138799 -0.00421868  -0.117021 -0.0421708 0.00543135  0.123793 0.0670085   9.80799  36398
             77.7839 0.252222  2.61894   3.7228    3.36546    1.42111 -0.0419992 180.013       0       0 -0.13     0 -1.03 0.00764925   0.322102 0.00189727  0.00190862  -0.0151921 -0.00412607  -0.122063 -0.0405562 0.00520034  0.124419 0.0689732   9.80797  36132
              78.185 0.266172  2.63327  3.76722    3.39673    1.55024 -0.0477302 180.013       0       0 -0.13     0 -1.03  0.0686834   0.293593 -0.0868395  0.00163264  -0.0156482 -0.00421761  -0.124295  -0.039579 0.00433402  0.124992 0.0697772   9.80796  35928
             78.3836 0.281843   2.6015  3.81698    3.36962    1.61561 -0.0455588 180.013       0       0 -0.13     0 -1.03 -0.177443  0.313312 -0.164134  0.00146918  -0.0159283 -0.00409449    -0.11847  -0.0434778 -0.00472513  0.125471 0.0682508   9.80796  35361
             78.5835 0.328934  2.61957  3.65627    3.38804    1.67668 -0.0552093 180.013       0       0 -0.13     0 -1.03  0.194095  0.182896 -0.018244  0.00146289   -0.015552 -0.00407546  -0.125083 -0.0409728  -0.009349  0.127508 0.0705133   9.80792  35346
             78.9846 0.257988  2.61357  3.63005   3.36938   1.81958 -0.044943 180.013       0       0 -0.13     0 -1.03  -0.09244  0.284456 0.0585084  0.00129045  -0.0153793 -0.00393575  -0.123945 -0.0435462 -0.0098755  0.126754 0.0702258   9.80793  35028
              79.383 0.187113  2.63812  3.78206    3.42377    1.84537 -0.0370287 180.013       0       0 -0.13     0 -1.03   0.164407 0.00221393  0.0156918 0.000712143  -0.0166287   -0.004012   -0.131227  -0.0379203 -0.00911408  0.128636 0.0722512   9.80789  35020
             79.7829 0.225402  2.63284  3.88358    3.36244    1.83631 -0.0234096 180.013       0       0 -0.13     0 -1.03  -0.173522 0.00341975  0.0379243 0.000540068  -0.0142777 -0.00398179   -0.125534  -0.0390048 -0.00923484  0.128097 0.0705593   9.80791  34723
             80.1827 0.195793  2.61696  3.40097    3.26132    1.84632 -0.0256491 180.013       0       0 -0.13     0 -1.03  -0.315352  0.0338272 -0.0135551 0.000808575  -0.0132477 -0.00336534  -0.122632 -0.0409895 -0.0086661  0.127266 0.0695296   9.80793  35203
             80.5824 0.202598  2.54299  3.25401    3.15317    1.84081 -0.0298428 180.013       0       0 -0.13     0 -1.03  -0.299232   -0.02151 -0.0135981 0.000521483  -0.0133891 -0.00305383  -0.124028 -0.0382966 -0.0110816  0.128623 0.0698467   9.80791  35556
             81.1835 0.14942  2.5773 2.88568      2.9379     1.83763 -0.00313424 180.013       0       0 -0.13     0 -1.03  -0.42941 0.0106352 0.0849091 0.000379108  -0.0131839 -0.00265108  -0.123192 -0.0383917 -0.0160207  0.129547 0.0696664    9.8079  36585
              81.382 0.145911  2.56151  2.87657     2.86635      1.8349 -0.00525539 180.013       0       0 -0.13     0 -1.03  -0.392381 -0.0120738 -0.0341584 0.000320056  -0.0132624 -0.00264607  -0.124972 -0.0374548 -0.0142725  0.129562 0.0699908   9.80789  36251
              81.582 0.142922  2.55021  2.66614     2.79766     1.83391 -0.00820623 180.013       0       0 -0.13     0 -1.03  -0.337719 0.00265059  0.0757694 0.000330616  -0.0132903 -0.00260542  -0.126264 -0.0372966 -0.0131001 0.129519 0.070233  9.80789  36629
             81.7832 0.173733  2.54301  2.64577    2.73587     1.8298 -0.0108419 180.013       0       0 -0.13     0 -1.03  -0.327832 -0.0242037  0.0186038 0.000415619  -0.0131321   -0.002529  -0.127198 -0.0366977  -0.011863   0.12952 0.0703833   9.80789  37245
             82.1816 0.140949  2.51837  2.52613    2.60431    1.83144 0.00265535 180.013       0       0 -0.13     0 -1.03  -0.367631  0.0150306 0.00322206 0.000434565  -0.0129634 -0.00227105  -0.129128 -0.0368343 -0.0131733  0.129935 0.0706763   9.80788  37555
             82.3815 0.106953  2.50936  2.37953    2.56227    1.82329 0.00836394 180.013       0       0 -0.13     0 -1.03  -0.248558 -0.0425627 -0.0119391 0.000430843  -0.0130979 -0.00212157  -0.133633  -0.034263 -0.0148045  0.131117 0.0710804   9.80787  37991
             82.5827 0.114813   2.4977  2.30908    2.50711    1.82726 0.00401514 180.013       0       0 -0.13     0 -1.03 -0.313909 0.0447164 -0.016106 0.000409748  -0.0130991 -0.00211618  -0.133489 -0.0361175 -0.0143902  0.130782 0.0712891   9.80787  38525
             82.9813 0.151178  2.48001  2.36809    2.34818    1.82338 0.00759105 180.013       0       0 -0.13     0 -1.03  -0.439025 -0.0036847 -0.0011482 0.000416974  -0.0129861 -0.00207324  -0.132323 -0.0351256 -0.0143192  0.130733 0.0710515   9.80787  38497
             83.3823 0.178589  2.45608  2.12877   2.22591   1.82373 0.0026182 180.013       0       0 -0.13     0 -1.03  -0.305572 0.00228128 -0.0142737  0.00038108  -0.0130887 -0.00182623  -0.138244 -0.0343203 -0.0148056  0.131582 0.0716144   9.80786  39066
             83.5822 0.112188  2.44877  2.03366    2.13641    1.83374 0.00777149 180.013       0       0 -0.13     0 -1.03  -0.56474 0.0817316 0.0357604 0.000337165  -0.0130184 -0.00178176  -0.135917 -0.0358009 -0.0173518  0.131542 0.0714365   9.80786  38974
             83.7808 0.139652  2.42006   1.8295     2.11759     1.83048 0.000431346 180.013       0       0 -0.13     0 -1.03   -0.15433 -0.0252672 -0.0191091 0.000430905  -0.0124586 -0.00153202 -0.142447 -0.033662 -0.016654  0.132375 0.0716619   9.80784  38818
             83.9807 0.100919  2.42998  1.75097    2.08043    1.82321 0.00650822 180.013       0       0 -0.13     0 -1.03  -0.201463 -0.0249397  0.0162645 0.000426632  -0.0124508 -0.00146198  -0.141757 -0.0329777 -0.0179393  0.132484 0.0714888   9.80784  39178
             84.1819 0.141407  2.43013  1.74703    1.97514    1.81633 0.00606906 180.013       0       0 -0.13     0 -1.03  -0.521395 -0.0148014  -0.010358 0.000465902   -0.011999 -0.00143685  -0.130591 -0.0332995  -0.016874  0.130965 0.0712594   9.80787  39469
             84.3818 0.113963  2.41869  1.79693    1.89016    1.82567 0.00571701 180.013       0       0 -0.13     0 -1.03   -0.438456   0.0442739 -0.00822924 0.000475451  -0.0119552 -0.00149111  -0.134831  -0.035744 -0.0167569   0.13144 0.0716633   9.80786  39154
             84.5804 0.100694  2.37574  1.67789    1.83205    1.83299 0.00629155 180.013       0       0 -0.13     0 -1.03 -0.221642 0.0452792  0.111785 0.000506339  -0.0119514 -0.00146204  -0.138897 -0.0348032 -0.0156021  0.131825 0.0716724   9.80785  38933
             84.7816 0.149112  2.38567  1.58643    1.77263    1.83213 0.00794955 180.013       0       0 -0.13     0 -1.03    -0.30821  -0.0102006 -0.00107856 0.000447219  -0.0117545 -0.00133132  -0.138368  -0.034241 -0.0146777  0.131673 0.0716439   9.80785  39409
             85.1814 0.13907 2.30866   1.494    1.6417   1.83051 0.0112965 180.013       0       0 -0.13     0 -1.03   -0.361043 -0.00516799   0.0070026 0.000301693  -0.0114479 -0.00115032  -0.138956 -0.0337488 -0.0152818  0.131818 0.0715617   9.80785  39196
             85.5799 0.0931262   2.35967   1.23697   1.48973   1.82351 0.0149534 180.013       0       0 -0.13     0 -1.03   -0.40955 -0.0202733  0.0449027 0.000244371  -0.0114218 -0.00080989  -0.138723 -0.0331934  -0.017206  0.132015 0.0714201   9.80785  39027
             85.7811 0.081712  2.35892  1.12246   1.40059   1.82564 0.0203191 180.013       0       0 -0.13     0 -1.03 -0.471309 0.0195717 0.0211537 0.000202164  -0.0113548 -0.00057133  -0.138468 -0.0338132 -0.0166193  0.131939 0.0715265   9.80785  39330
              85.981 0.104679  2.34543  1.01357    1.3341   1.82407 0.0241985 180.013       0       0 -0.13     0 -1.03  -0.371123 0.00568049  0.0133688   0.00021572   -0.0113134 -0.000496623  -0.144819 -0.0324991 -0.0177477  0.132725 0.0709991   9.80785  39164
             86.1796 0.0825135   2.32876  0.972697   1.25353   1.82846 0.0247362 180.013       0       0 -0.13     0 -1.03 -0.419727   0.02904 0.0391924  0.000189568   -0.0111051 -0.000414697  -0.144481 -0.0328113 -0.0150623  0.132454 0.0711963   9.80785  38954
             86.5807 0.0874274   2.31079  0.787292   1.13958   1.83065 0.0232385 180.013       0       0 -0.13     0 -1.03  -0.254257  0.0115021 0.00972105 -2.57678e-05   -0.0117966 -0.000292237  -0.149944 -0.0322785 -0.0143854 0.132942 0.070687  9.80784  39431
             86.9791  0.10922   2.2534 0.685431  0.984158   1.84343 0.0157885 180.013       0       0 -0.13     0 -1.03  -0.41971 0.0542011 0.0136624  9.55515e-05   -0.0108138 -2.24068e-05  -0.146553 -0.0326824 -0.0118302  0.132324 0.0712184   9.80785  38890
             87.3803 0.130326  2.23104 0.570973  0.792877   1.83514 0.0216241 180.013       0       0 -0.13     0 -1.03  -0.528449 -0.0468013   0.031604 -0.000447183   -0.0106686  0.000127421  -0.146311  -0.030679 -0.0145826  0.132297 0.0709097   9.80785  39368
             87.5802 0.0785933   2.21314  0.396819  0.737898   1.83382 0.0217271 180.013       0       0 -0.13     0 -1.03  -0.202783 0.00130807 -0.0746486 -0.000374307   -0.0114032  0.000157552  -0.151869 -0.0318598 -0.0145239  0.133017 0.0702175   9.80785  39186
             87.7788 0.069456  2.20206 0.347454  0.657635   1.84989 0.0143046 180.013       0       0 -0.13     0 -1.03  -0.393341  0.0837717 0.00257497 -0.000494101   -0.0114969  0.000340767  -0.149852 -0.0323852 -0.0147481  0.132923 0.0705681   9.80785  38874
             87.9801 0.0764263   2.16148  0.287846   0.590524    1.84997 0.00911676 180.013       0       0 -0.13     0 -1.03   -0.33844 0.00786197 -0.0633559 -0.000467807   -0.0113744  0.000286172  -0.152831 -0.0293013 -0.0160244  0.132755 0.0697251   9.80785  39446
             88.3798 0.0545024   2.14638  0.118921    0.4182    1.8612 0.0198645 180.013       0       0 -0.13     0 -1.03 -0.493545 0.0370209 0.0329524 -0.000290169   -0.0109784  0.000588593 -0.149872 -0.029653 -0.018737  0.132705 0.0701421   9.80785  39106
             88.5783  0.0672368    2.13507 -0.0038959  0.341669    1.8652 0.0242764 180.013       0       0 -0.13     0 -1.03   -0.337281 -0.00296081    0.166223 -0.000240842   -0.0109888   0.00060494  -0.152373 -0.0296123  -0.017117 0.132842 0.069821  9.80785  38828
             88.9795 0.0436857   2.11828 -0.128089  0.18965    1.865 0.028013 180.013       0       0 -0.13     0 -1.03 -0.403366 0.0010433 0.0133532 -0.000282446   -0.0106865  0.000870584   -0.15255 -0.0295632 -0.0151699  0.132758 0.0698888   9.80785  39088
             89.1795 -0.0353855     2.0526   -0.30812  0.109145   1.87013 0.0185442 180.013       0       0 -0.13     0 -1.03 -0.410594  0.025933 -0.055704 -0.00026233  -0.0106717  0.00110553  -0.152887 -0.0300955 -0.0147221  0.132869 0.0698758   9.80785  39112
             89.3793 -0.109949   1.98664 -0.398237  0.0174249     1.8791 0.00969429 180.013       0       0 -0.13     0 -1.03  -0.464195  0.0465814 -0.0292079 -0.000211393   -0.0105938   0.00110911  -0.150891 -0.0299202  -0.012292  0.132615 0.0704229   9.80785  39269
             89.5794 -0.187699   1.93595 -0.352804 -0.0834329    1.89191  -0.003319 180.013       0       0 -0.13     0 -1.03 -0.538759 0.0590309 -0.142728 -0.00020993   -0.010559  0.00111459  -0.149543 -0.0304999 -0.0119768  0.132692 0.0708056   9.80785  39297
             89.7791 -0.156202    1.9106 -0.463328  -0.162123    1.89886 -0.0114506 180.013       0       0 -0.13     0 -1.03  -0.418653  0.0300942 -0.0541308 -0.000174901   -0.0103267   0.00134762   -0.15109 -0.0307028 -0.0130937  0.132835 0.0704404   9.80785  39193
              89.979 -0.165407     1.913 -0.623404   -0.221053     1.89833 -0.00402833 180.013       0       0 -0.13     0 -1.03  -0.321188 -0.0109762 0.00400132 -0.000150034   -0.0102617   0.00148309  -0.155059 -0.0299576 -0.0147733 0.132863 0.069426  9.80785  39226
             90.1776 -0.197247   1.94707 -0.706498 -0.300526   1.90601 0.0168769 180.013       0       0 -0.13     0 -1.03 -0.402639 0.0339158  0.106759 3.17742e-05 -0.00990054  0.00158316  -0.151015 -0.0316458 -0.0166174  0.133174 0.0705505   9.80784  38745
             90.3788 -0.190368   1.93083 -0.810007 -0.397689      1.91 0.0280841 180.013       0       0 -0.13     0 -1.03 -0.483403 0.0331169  0.112045 -4.9006e-05 -0.00963175   0.0016953  -0.148866 -0.0301354 -0.0141902  0.132637 0.0711117   9.80785  39120
             90.5787  -0.17543    1.9045 -0.857306 -0.466376   1.90656 0.0155945 180.013       0       0 -0.13     0 -1.03  -0.331654 -0.0737599  -0.174084 -5.84187e-05  -0.00973745   0.00167146   -0.15469 -0.0304067 -0.0112904  0.132802 0.0694615   9.80786  38672
             90.7786 -0.182158   1.87761 -0.937963  -0.560626    1.91639 0.00675486 180.013       0       0 -0.13     0 -1.03  -0.497224  0.0409218 -0.0609422 -0.000165043   -0.0098019   0.00186292  -0.153277 -0.0311667 -0.0123014  0.133027 0.0698915   9.80785  38643
             91.1785 -0.0423294    2.05961  -0.846284 -0.726691   1.90702 0.0554349 180.013       0       0 -0.13     0 -1.03 -0.548274 -0.153573  0.140447 -0.000511771   -0.0113479   0.00180657  -0.164149 -0.0323346 -0.0165165  0.133422 0.0666234   9.80787  39089
             91.3784 -0.00823083     3.42483   -0.822309 -0.536033    1.8863 0.0463851 180.013       0       0 -0.13     0 -1.03    0.88941  -0.254402 -0.0582323 7.94666e-05  -0.0175378  0.00199029  -0.203423 -0.0482691  -0.014484 0.138635 0.054418  9.80787  38654
             91.5782  0.164621   2.49611 -0.762901 -0.551496   1.83373 0.0578088 180.013       0       0 -0.13     0 -1.03 -0.567811 -0.276268  0.142595 -3.16454e-05   -0.0162335    0.0017955  -0.176315 -0.0420082 -0.0162579  0.136781 0.0625052   9.80785  38642
             91.7768 -0.175464   1.89867  -1.01243 -0.661415   1.75603 0.0292894 180.013       0       0 -0.13     0 -1.03  -0.56733 -0.382041 -0.120813 0.00028773 -0.0157899 0.00219307  -0.177285 -0.0408344 -0.0140571   0.13608 0.0624132   9.80786  38390
             91.9781 -0.147353   1.85849 -0.943136 -0.660849   1.68553  0.012898 180.013       0       0 -0.13     0 -1.03 -0.0776802  -0.412915  -0.177865 0.000446433  -0.0158535  0.00209509  -0.193968 -0.0470781 -0.0156099   0.13834 0.0578249   9.80785  38877
              92.178 -0.240463   1.84045 -0.880266  -0.640483    1.62654 0.00588761 180.013       0       0 -0.13     0 -1.03  0.0798905  -0.316943 -0.0736051 0.000786275  -0.0161434  0.00203904  -0.198609 -0.0542504 -0.0209247  0.140689 0.0563828   9.80783  38685
             92.3778 -0.188168   1.88386 -0.857276 -0.607385    1.5376 0.0276881 180.013       0       0 -0.13     0 -1.03  0.179801 -0.477984  0.058166 0.000546437  -0.0163182  0.00187951  -0.202316 -0.0519378 -0.0259334 0.140017 0.055246  9.80785  38719
             92.9776 -0.367853   1.77535 -0.850195 -0.699473    1.3219 0.0228162 180.013       0       0 -0.13     0 -1.03 -0.300686 -0.274855 0.0121252 0.00111483 -0.0144644  0.0018511  -0.199244  -0.052095 -0.0268699   0.14007 0.0562675   9.80784  38590
             93.1774  -0.21471   1.85097 -0.773899 -0.666735   1.23822 0.0255549 180.013       0       0 -0.13     0 -1.03  0.171987 -0.431801  0.041059 -8.34311e-05   -0.0190507   0.00157823  -0.206378 -0.0520978 -0.0267187  0.140072 0.0541059   9.80785  38485
             93.3773 -0.201282   1.85773 -0.632852 -0.666372   1.15516 0.0259577 180.013       0       0 -0.13     0 -1.03 0.0345267  -0.39815 0.0394816 -0.000159413   -0.0182507   0.00135609  -0.200226 -0.0504466 -0.0232177  0.139545 0.0556807   9.80785  38298
             93.5773 -0.139683   1.87552 -0.590118 -0.694491   1.08305  0.031419 180.013       0       0 -0.13     0 -1.03 -0.162555 -0.309269 0.0214341 -0.000238624   -0.0184836   0.00135282  -0.192905 -0.0500052 -0.0217315  0.139272 0.0576685   9.80784  38284
             93.7772 -0.220123   1.82529  -0.50505 -0.705895   1.01023 0.0229552 180.013       0       0 -0.13     0 -1.03  -0.102717  -0.378455 -0.0397453 -0.000277309   -0.0182157   0.00116425  -0.194296 -0.0500799  -0.021186  0.139363 0.0573548   9.80784  38321
             93.9771 -0.185409   1.86422 -0.529716 -0.723441  0.918901 0.0193879 180.013       0       0 -0.13     0 -1.03 -0.0704871  -0.400781 -0.0299119 -0.000270186   -0.0179245   0.00125629  -0.195493 -0.0460333 -0.0222261  0.138458 0.0569306   9.80786  38425
              94.177 -0.164605   1.85508 -0.744435 -0.695099  0.843112 0.0236846 180.013       0       0 -0.13     0 -1.03    0.14943  -0.397681 -0.0103922 -0.000196851     -0.01794   0.00135285  -0.202611  -0.047785 -0.0252771  0.139217 0.0553865   9.80786  38498
             94.3769 -0.172756   1.85316 -0.546934 -0.709112  0.771177 0.0280547 180.013       0       0 -0.13     0 -1.03  -0.0451312   -0.383138 -0.00484475 -0.000217132   -0.0176587   0.00106352  -0.192481 -0.0498647 -0.0266317  0.139429 0.0579722   9.80784  38494
             94.5769 -0.180931   1.84947 -0.438174  -0.72691   0.69558 0.0358723 180.013       0       0 -0.13     0 -1.03  -0.22559 -0.311702  0.166975 -0.000263658   -0.0176518   0.00104333   -0.19293 -0.0491836 -0.0248637   0.13925 0.0578274   9.80784  38340
             94.7781 -0.141988   1.83587 -0.392343  -0.73247  0.618378 0.0337099 180.013       0       0 -0.13     0 -1.03 -0.0780218  -0.401831   0.030835 -0.00014796  -0.0170689 0.000853613  -0.195499 -0.0485557   -0.02241  0.139251 0.0571785   9.80784  38493
             94.9767 -0.148846   1.82872 -0.286042 -0.750053  0.540811 0.0291635 180.013       0       0 -0.13     0 -1.03 -0.0907982  -0.403686 0.00574451 -0.000107464   -0.0170305  0.000765511  -0.194614 -0.0505329  -0.020203   0.13964 0.0574423   9.80784  37878
             95.1768 -0.178982   1.81207 -0.543455 -0.779418  0.467701 0.0278634 180.013       0       0 -0.13     0 -1.03  -0.156677  -0.361075 -0.0183992 -2.71769e-05   -0.0168274    0.0011237  -0.192782 -0.0511725 -0.0187587  0.139691 0.0578471   9.80783  38187
             95.3777 -0.140155   1.81581 -0.461471 -0.757055   0.39646 0.0223623 180.013       0       0 -0.13     0 -1.03   0.101426  -0.389838 -0.0787722 0.000166901  -0.0171229 0.000873227  -0.203511 -0.0552279 -0.0199599  0.141048 0.0558657   9.80783  38642
             95.5765 -0.140811   1.79573 -0.361985 -0.768993  0.330661 0.0212849 180.013       0       0 -0.13     0 -1.03 -0.189417 -0.233663 0.0150098 0.000124485  -0.0172381  0.00083906   -0.19931 -0.0549043 -0.0210967  0.140799 0.0568246   9.80782  38457
             95.7764 -0.148576   1.79976  -0.32755  -0.77071  0.255681 0.0223565 180.013       0       0 -0.13     0 -1.03 -0.0216591  -0.358994  0.0530527 0.000296823  -0.0168613 0.000636157  -0.201465 -0.0539804  -0.020912  0.140719 0.0563219   9.80783  38729
             95.9763 -0.156087   1.78545  -0.20284 -0.776684  0.178355 0.0198912 180.013       0       0 -0.13     0 -1.03 -0.0388021  -0.444098  0.0363323 0.000242382  -0.0166998  0.00049264  -0.201772 -0.0539683 -0.0188061  0.140765 0.0562427   9.80783  38744
             96.1774 -0.161532   1.77252 -0.209667 -0.795771  0.101522 0.0157389 180.013       0       0 -0.13     0 -1.03 -0.0880722  -0.364408  0.0340961 8.96168e-05  -0.0164821 0.000540553  -0.200167 -0.0553642 -0.0155091  0.140986 0.0565937   9.80782  38974
             96.3773  -0.16892   1.75685 -0.336641 -0.810879 0.0272382 0.0127879 180.013       0       0 -0.13     0 -1.03  -0.10101 -0.392501 0.0288596 0.000218569  -0.0162732 0.000678732  -0.200996 -0.0552485  -0.011623  0.141045 0.0564132   9.80782  38858
             96.5773  -0.17914   1.77389 -0.221257  -0.785316 -0.0436925   0.017663 180.013       0       0 -0.13     0 -1.03  0.151124  -0.31067 0.0334413 0.000223725  -0.0162505 0.000639012  -0.208794 -0.0581591 -0.0111064  0.142008 0.0551881   9.80782  38702
             96.7744 -0.175661    1.7712 -0.147629  -0.77952 -0.121963 0.0169098 180.013       0       0 -0.13     0 -1.03 0.0438367 -0.357971 0.0554519  0.00023927  -0.0163212 0.000416999  -0.207972 -0.0572068 -0.0105569  0.141793 0.0552986   9.80782  38245
             96.9743  -0.183075    1.76734 -0.0853917 -0.809416 -0.197726 0.0190379 180.013       0       0 -0.13     0 -1.03  -0.139927  -0.364898 -0.0467591 0.000380542  -0.0166175 0.000419041  -0.203486 -0.0555175 -0.0106045  0.141247 0.0560175   9.80782  38754
             97.1758 -0.177035   1.78453 0.0110203 -0.818897 -0.277588 0.0148929 180.013       0       0 -0.13     0 -1.03 -0.0786278  -0.427836 -0.0565477 0.000228006  -0.0164986 0.000214578  -0.208373 -0.0559144 -0.0122795  0.141546 0.0552446   9.80782  39082
             97.3757  -0.212432    1.76806 0.00437469 -0.828192 -0.354058 0.0134613 180.013       0       0 -0.13     0 -1.03 -0.0333282  -0.333227  0.0651165 0.000174212    -0.01617 0.000263188  -0.208809 -0.0585259 -0.0111571  0.142016 0.0553059   9.80782  38974
             97.5742 -0.235905   1.78717 -0.175056 -0.811871 -0.414461 0.0172008 180.013       0       0 -0.13     0 -1.03  0.138026 -0.349252 -0.104745  0.00010082  -0.0160352 0.000278853  -0.213071 -0.0600394  -0.011544  0.142508 0.0547707   9.80781  38699
             97.7756  -0.143031    1.77127 -0.0351693 -0.811412  -0.48161 0.0151233 180.013       0       0 -0.13     0 -1.03 0.00313212  -0.290526  0.0510333  0.000466869   -0.0161834 -1.29706e-05  -0.211792 -0.0594834  -0.011641 0.142349 0.054936  9.80781  39237
             97.9766 -0.137198    1.7756 0.0495713 -0.823379 -0.548898  0.014707 180.013       0       0 -0.13     0 -1.03 -0.0542347  -0.320617  0.0188939  0.000806438   -0.0161073 -0.000200164   -0.210884  -0.0574521 -0.00975281 0.142025 0.055006  9.80782  39306
             98.1752 -0.125998   1.76296 0.0461363 -0.845323  -0.61272 0.0150149 180.013       0       0 -0.13     0 -1.03   -0.114156   -0.272201 -0.00736709  0.000535588   -0.0161506 -0.000242327  -0.210228 -0.0558704 -0.0106958  0.141707 0.0550081   9.80782  38765
              98.375 -0.109463   1.75354  0.205584 -0.859169 -0.688394 0.0130006 180.013       0       0 -0.13     0 -1.03 -0.0981809  -0.401548 -0.0748187  0.000611697   -0.0162643 -0.000450876  -0.213308 -0.0534383 -0.0121859    0.1415 0.0544188   9.80783  39009
             98.5749 -0.130858   1.74926  0.233178 -0.877921 -0.757987 0.0214305 180.013       0       0 -0.13     0 -1.03 -0.126789 -0.248177  0.164497  0.000636547   -0.0162387 -0.000434279  -0.213427 -0.0543944 -0.0141963  0.141579 0.0544428   9.80783  39095
             98.7748 -0.161444   1.77918   0.15154 -0.868583 -0.782884 0.0251219 180.013       0       0 -0.13     0 -1.03  0.0377613 -0.0930299  0.0358721   0.00065218   -0.0158443 -0.000411684  -0.215338 -0.0548478 -0.0128278  0.141776 0.0542553   9.80783  39016
             98.9761 -0.108395   1.76575   0.25865 -0.881119 -0.769056 0.0165949 180.013       0       0 -0.13     0 -1.03 -0.0840224  0.0681808 -0.0242662  0.000553489   -0.0157868 -0.000476138  -0.211478 -0.0609119 -0.0103009  0.142272 0.0550765   9.80781  39314
             99.1747 -0.0793919    1.79094   0.012097 -0.878668 -0.747748 0.0069131 180.013       0       0 -0.13     0 -1.03  -0.121208  0.0948824 -0.0358951  0.000509076   -0.0161607 -0.000358391   -0.218115   -0.062798 -0.00914451 0.142939 0.054419  9.80781  38757
             99.7758 -0.0655634    1.85473   0.470809 -0.713643 -0.785205 0.0159531 180.013       0       0 -0.13     0 -1.03   0.495899    -0.1718 -0.0074458 0.000162349  -0.0174264 -0.00114734  -0.238322 -0.0604984 -0.0139452  0.143679 0.0514115   9.80781  39042
             100.173 -0.113501   1.89968  0.899234 -0.451174 -0.774929  0.021432 180.013       0       0 -0.13     0 -1.03    0.695586   0.0830222 -0.00258742  0.00133166  -0.0179159 -0.00156697  -0.241545 -0.0652331 -0.0146347  0.144603 0.0511442    9.8078  38744
             100.374 -0.0746057    1.86586   0.953722 -0.333574 -0.771115 0.0168696 180.013       0       0 -0.13     0 -1.03  0.591456 0.0373819 0.0400188 0.000942329  -0.0169374 -0.00163569  -0.238754 -0.0636246 -0.0101738  0.143943 0.0511742   9.80781  39176
             100.575 -0.085773   1.87542   1.07639 -0.239389 -0.772647 0.0156386 180.013       0       0 -0.13     0 -1.03   0.37052 0.0162583 0.0619858 0.000787674  -0.0166252 -0.00167175   -0.235654  -0.0619648 -0.00786406  0.143563 0.0511145   9.80782  39269
             100.973 -0.0138006    1.91846    1.44577 -0.0394743  -0.777435  0.0119383 180.013       0       0 -0.13     0 -1.03   0.501121 -0.0227948 -0.0265757  0.00102586  -0.0158453 -0.00230132   -0.237422  -0.0616684 -0.00702768  0.143684 0.0510761   9.80781  38868
             101.174 -0.0730098    1.91014    1.39499 0.0423379 -0.768505 0.0114517 180.013       0       0 -0.13     0 -1.03  0.404958 0.0687612  0.045867  0.00104166  -0.0154201 -0.00223306   -0.234205  -0.0633047 -0.00613803  0.143417 0.0512162   9.80782  39335
             101.375 -0.0885889    1.93124       1.41  0.129238 -0.771596 0.0114025 180.013       0       0 -0.13     0 -1.03  0.413409 -0.011249 0.0566427 0.000736326  -0.0156474 -0.00229284   -0.235922  -0.0604192 -0.00247434  0.143567 0.0510663   9.80782  39303
             101.574 -0.0195323    1.95972    1.55403  0.228138 -0.778436 0.0153933 180.013       0       0 -0.13     0 -1.03   0.536352 -0.0306201  0.0717136 0.000763045  -0.0156783 -0.00233129   -0.238403  -0.0593074 -0.00117129  0.143792 0.0510786   9.80781  38810
             101.973 -0.109135   1.97953    1.8876  0.438623 -0.772945 0.0219933 180.013       0       0 -0.13     0 -1.03  0.513809 0.0304345 0.0566246 0.000794247   -0.015125  -0.0029479    -0.238477   -0.0595707 -0.000281342  0.143773 0.0511026   9.80781  39216
             102.175 -0.12621  1.99051  2.06587   0.54296 -0.766622 0.0181386 180.013       0       0 -0.13     0 -1.03   0.526473  0.0310763 -0.0233075 0.000729005  -0.0150575 -0.00310671   -0.237893  -0.0588876 -0.00108315 0.143802 0.051034  9.80781  39366
             102.373 -0.157148   2.00534   2.07999  0.655908 -0.769672 0.0091084 180.013       0       0 -0.13     0 -1.03   0.560047 0.00203987 0.00962922 0.000380926  -0.0148948 -0.00317884  -0.239427 -0.0555967 0.00134316  0.144156 0.0509477   9.80781  38684
             102.573 -0.0971228     2.0113    2.21842    0.75401  -0.777516 0.00962041 180.013       0       0 -0.13     0 -1.03   0.497401 -0.0246062   0.256855 0.000389746  -0.0149014 -0.00320837  -0.236386 -0.0541032 0.00313641  0.144115 0.0504702   9.80781  38914
             102.773 -0.127702   2.05236   2.30468  0.847455 -0.773474 0.0184172 180.013       0       0 -0.13     0 -1.03   0.47296 0.0168881  0.041714 0.000375466   -0.014731 -0.00342402  -0.236191 -0.0545088 0.00482556  0.144076 0.0504589   9.80781  38825
             102.973 -0.145917   2.05148   2.49338  0.935155 -0.778643 0.0167288 180.013       0       0 -0.13     0 -1.03  0.439734 -0.023388 0.0102786 0.000300514  -0.0148336 -0.00368643  -0.235748  -0.052573 0.00615215 0.144312 0.050291  9.80781  38778
             103.173 -0.127751   2.06347   2.54152    1.03222   -0.78629 0.00880252 180.013       0       0 -0.13     0 -1.03   0.479727 -0.0433173 -0.0527171 0.000253364  -0.0148108 -0.00360423  -0.236899 -0.0525977 0.00768498 0.144351 0.050416  9.80781  38785
             103.373 -0.141987   2.10434   2.43913    1.1264 -0.784441 0.0113147 180.013       0       0 -0.13     0 -1.03  0.445743 0.0237646 0.0348911 0.000397729  -0.0146665  -0.0036839   -0.23655 -0.0550393 0.00915975   0.14391 0.0503869   9.80781  38995
             103.573 -0.0955063    2.15075    2.66628   1.19467 -0.768398  0.010655 180.013       0       0 -0.13     0 -1.03   0.288442   0.159217 -0.0984255 0.000402849  -0.0144777 -0.00374313 -0.233832 -0.056991 0.0117428   0.14345 0.0499365   9.80782  39102
             103.974 -0.12369  2.13802  2.91091    1.40423  -0.762335 0.00551797 180.013       0       0 -0.13     0 -1.03    0.531523 -0.00125819  -0.0174279 0.000543603  -0.0137445 -0.00407304  -0.236914 -0.0543038  0.0104191  0.144066 0.0503738   9.80781  38941
             104.172 -0.145661   2.17058   3.02201    1.53097   -0.77003 0.00759507 180.013       0       0 -0.13     0 -1.03   0.644648 -0.0455044  0.0389532 0.000601922  -0.0135427 -0.00425145  -0.239984 -0.0519511  0.0107104  0.144563 0.0508553    9.8078  38519
             104.372 -0.12684   2.1791  3.00475   1.60859 -0.760861 0.0108925 180.013       0       0 -0.13     0 -1.03   0.409977  0.0612047 0.00611143 0.000670934  -0.0135296 -0.00427529  -0.230493 -0.0595197  0.0127406  0.142754 0.0489905   9.80784  38745
             104.574 -0.103299   2.22374   3.25286    1.69471  -0.753848 0.00669188 180.013       0       0 -0.13     0 -1.03   0.349033 -0.0169599 -0.0421594 0.000652173  -0.0133723 -0.00430219  -0.232727 -0.0587618  0.0131776  0.142938 0.0494529   9.80783  39111
             104.774 -0.100181   2.20174   3.36275     1.78533   -0.750355 -0.00333263 180.013       0       0 -0.13     0 -1.03   0.417435  0.0176774 -0.0782581 0.000571178  -0.0131674  -0.0044516  -0.233848 -0.0586682   0.012919   0.14298 0.0497222   9.80783  38785
             105.972 -0.171379   2.32434   3.97259    2.38647  -0.749414 -0.0059858 180.013       0       0 -0.13     0 -1.03   0.535733 -0.0100897 -0.0342971 0.000254336  -0.0127213 -0.00531678  -0.234458 -0.0580403 0.00539481  0.143468 0.0502476   9.80782  38638
             106.571 -0.139055   2.31536   4.15038    2.68352  -0.725948 -0.0133365 180.013       0       0 -0.13     0 -1.03   0.459942   0.058273 -0.0989192 0.000190132  -0.0125584 -0.00542836   -0.23503 -0.0586149 0.00690567  0.143199 0.0502569   9.80783  38293
             106.773 -0.151629    2.3596   4.34305    2.80744  -0.732772 -0.0140492 180.013       0       0 -0.13     0 -1.03    0.600588  -0.0324247 0.000625405 0.000724027  -0.0115504 -0.00581816  -0.236856 -0.0555378 0.00406718   0.14421 0.0511479   9.80781  38821
             106.973 -0.128299   2.37206   4.58533    2.87582  -0.730187 -0.0152007 180.013       0       0 -0.13     0 -1.03     0.34417   0.0162129 -0.00777249 0.000891006  -0.0110854 -0.00595564  -0.229196 -0.0620989 0.00494276  0.142559 0.0483483   9.80784  38599
             107.172 -0.149132    2.3867   4.41623    2.94555  -0.716463 -0.0152909 180.013       0       0 -0.13     0 -1.03  0.340306 0.0808277 -0.030248  0.00114953  -0.0112314 -0.00582371  -0.230232 -0.0632356 0.00318568  0.142194 0.0486903   9.80785  38672
             107.372 -0.152984   2.39466   4.47668    3.0449 -0.713354 -0.016489 180.013       0       0 -0.13     0 -1.03    0.476925 0.000899727  -0.0149528 0.000921085  -0.0117832 -0.00590642  -0.235499 -0.0574574 0.00254157  0.143746 0.0509776   9.80781  38587
             107.571 -0.139759   2.41087   4.58068    3.15062   -0.71087 -0.0219904 180.013       0       0 -0.13     0 -1.03   0.578874 0.00885465 -0.0516775  0.00093188   -0.011778 -0.00590012  -0.237004 -0.0576857 0.00282802  0.143545 0.0514446   9.80781  38178
             107.771 -0.141878    2.4403   4.82911    3.24746  -0.708674 -0.0240874 180.013       0       0 -0.13     0 -1.03   0.472527 0.00956716   0.033879   0.0009414   -0.011773 -0.00618092  -0.236272 -0.0581806 0.00286685  0.143435 0.0511552   9.80782  38290
             107.972 -0.132787   2.42823   4.91528    3.32491   -0.70448 -0.0241387 180.013       0       0 -0.13     0 -1.03   0.387792  0.0357005 -0.0129046 0.000908865  -0.0114964 -0.00630158  -0.234287 -0.0592398 0.00310216  0.143236 0.0503752   9.80782  38532
             108.172 -0.010333    2.4778   5.01145    3.41315   -0.70387 -0.0236512 180.013       0       0 -0.13     0 -1.03   0.609585  0.0217788 -0.0137546 0.000698749  -0.0109152 -0.00622735  -0.232879 -0.0582139 0.00437104 0.143671 0.049909  9.80782  38482
             108.372 0.0312602   2.40622   4.81682    3.57351  -0.689048 -0.0505508 180.013       0       0 -0.13     0 -1.03   0.87162 0.0857789 -0.135695 0.000841065  -0.0108001 -0.00603397  -0.236532 -0.0582604 0.00829734 0.142956 0.050981  9.80783  38938
             108.572 -0.669032   1.85003   4.71312     3.4873  -0.656132 -0.0869878 180.013       0       0 -0.13     0 -1.03  -1.31933  0.386426 -0.264081  0.00139757 -0.00702223 -0.00592329  -0.197006 -0.0827497  0.0110729 0.138254 0.033879  9.80797  38561
             108.772 -0.740625   2.04628   4.86628     3.3873  -0.657175 -0.0755119 180.013       0       0 -0.13     0 -1.03   -0.532666 -0.00896144   0.0349603  0.00196742 -0.00622675 -0.00598206  -0.201316 -0.0782815 0.00923005 0.139278 0.035664  9.80795  38633
             108.972 -0.712197   1.98922   4.92627    3.39732  -0.665271 -0.0662707 180.013       0       0 -0.13     0 -1.03 -0.020173 0.0239906 0.0310666 0.00185129 -0.0057678 -0.0059358  -0.219132 -0.0625262 0.00827271  0.143053 0.0428318   9.80786  38585
             109.172 -0.723503   2.02917   4.54694    3.39626  -0.638382 -0.0624167 180.013       0       0 -0.13     0 -1.03 -0.0433321   0.187611  0.0561813  0.00195354 -0.00604241 -0.00567853   -0.22288 -0.0650686  0.0101351  0.141969 0.0436649   9.80788  38601
              109.37 -0.1661 2.45158 4.81518    3.40175  -0.610036 -0.0271858 180.013       0       0 -0.13     0 -1.03 0.0171802  0.148483  0.103547  0.00131336 -0.00662411 -0.00579377  -0.225523 -0.0590892 0.00356605  0.143396 0.0456851   9.80785  38366
             109.571 0.249913  2.52671   4.7375    3.41541  -0.552576 -0.0274465 180.013       0       0 -0.13     0 -1.03  0.0924561   0.384851 -0.0927016  0.00168549 -0.00677286 -0.00578357  -0.228719 -0.0631166 0.00562099 0.141881  0.04626  9.80786  38812
             109.971 -0.14271  2.44069  4.52789    3.41863  -0.378639 -0.0205072 180.013       0       0 -0.13     0 -1.03 -0.00193936    0.420123 -0.00724569  0.00178986 -0.00646884 -0.00540769  -0.227907 -0.0632743 0.00430292 0.142009 0.045986  9.80786  38283
             110.171 -0.176068   2.44309   4.53016    3.42595  -0.294427 -0.0229654 180.013       0       0 -0.13     0 -1.03 0.0340428  0.451587 0.0486518  0.00188363 -0.00651853 -0.00544147  -0.229164 -0.0610496 0.00302889  0.142708 0.0465985   9.80785  38200
             110.371 -0.175773   2.43639   4.56929    3.40888  -0.200168 -0.0215637 180.013       0       0 -0.13     0 -1.03 -0.0919248   0.483398  0.0380531  0.00168784 -0.00599104 -0.00533369  -0.225105 -0.0614159 0.00648288   0.14267 0.0452032   9.80786  38247
             110.571 -0.176589   2.43454   4.54589    3.42448  -0.122526 -0.0326265 180.013       0       0 -0.13     0 -1.03 0.297118 0.506897 -0.25704  0.00137851 -0.00611798  -0.0053222  -0.226962 -0.0528421 0.00653796  0.145182 0.0463394   9.80782  38179
              110.77 -0.185696    2.4362    4.5129    3.44075 -0.0522503 -0.0399157 180.013       0       0 -0.13     0 -1.03  0.0481401   0.392035 -0.0570306  0.00151337 -0.00628134 -0.00521158  -0.224613 -0.0516567 0.00495846  0.145711 0.0457968   9.80781  38031
              110.97 -0.195121      2.45   4.39919   3.42995 0.0227832 -0.040015 180.013       0       0 -0.13     0 -1.03  -0.0616106    0.359215 -0.00698705  0.00168385 -0.00626675 -0.00493869  -0.221105 -0.0529751 0.00430398 0.145535 0.044705  9.80782  38322
             111.171 -0.194489    2.4307   4.46463    3.43579  0.0943478 -0.0384609 180.013       0       0 -0.13     0 -1.03  0.0250262   0.321488 -0.0284115  0.00174479 -0.00617055 -0.00499974   -0.22519 -0.0539677 0.00406993  0.145032 0.0458542   9.80782  38713
             111.371 -0.187859   2.45239   4.43056    3.42102     0.1798 -0.0384143 180.013       0       0 -0.13     0 -1.03 -0.0647552   0.457883  0.0596251  0.00223158 -0.00558915 -0.00478275  -0.222368 -0.0602524 0.00735345   0.14323 0.0445608   9.80785  38313
             111.569 -0.212122   2.43519   4.26258    3.42412   0.259342 -0.0442029 180.013       0       0 -0.13     0 -1.03 0.00718685   0.299443  -0.349635   0.0021722 -0.00576684 -0.00476456  -0.224989 -0.0570387 0.00392844   0.14419 0.0456391   9.80783  37838
             111.771 -0.187281   2.42408   4.32712    3.40279   0.343612 -0.0558107 180.013       0       0 -0.13     0 -1.03 -0.0999219   0.408192  -0.121851  0.00202935 -0.00557519 -0.00468555  -0.224054 -0.0586226 0.00115255  0.14389 0.045417  9.80784  38384
              111.97 -0.196867   2.43252   4.08485    3.39833   0.427643 -0.0574273 180.013       0       0 -0.13     0 -1.03 -0.0607854   0.412376 -0.0221467  0.00210457 -0.00566231 -0.00426338    -0.227162   -0.0578229 -0.000708975  0.144062 0.0463586   9.80783  37885
              112.37 -0.197664   2.44581   4.16721    3.42978   0.578236 -0.0556015 180.013       0       0 -0.13     0 -1.03  0.0994716   0.284552 -0.0272259  0.00248452  -0.0057706 -0.00431534  -0.233772 -0.0602142 0.00353171  0.14303 0.047796  9.80784  37743
              112.57 -0.185758   2.41548   4.07891    3.41715   0.652931 -0.0609195 180.013       0       0 -0.13     0 -1.03 0.0415459  0.269662 -0.478551   0.0027036 -0.00543964 -0.00432278  -0.230903  -0.063144 0.00275757 0.142475 0.047154  9.80785  37745
              112.77 -0.222993   2.41508   4.08482    3.44654   0.726777 -0.0651615 180.013       0       0 -0.13     0 -1.03   0.131761   0.307281 -0.0557179  0.00290753 -0.00526206 -0.00428826    -0.231518   -0.0633732 -0.000163708  0.142556 0.0474213   9.80785  37824
              112.97 -0.179545   2.41664   3.88378     3.4522   0.811519 -0.0733944 180.013       0       0 -0.13     0 -1.03  0.0171305   0.418229 -0.0385949  0.00258094 -0.00526614 -0.00379587   -0.229048  -0.0713173 -0.00213644  0.140783 0.0467034   9.80788  37997
              113.37 -0.222595    2.4244   3.75189    3.46919   0.966552 -0.0733014 180.013       0       0 -0.13     0 -1.03  0.0476684    0.37068 -0.0194642  0.00229657 -0.00512959 -0.00361792   -0.231276  -0.0713622 -0.00546764  0.140853 0.0473862   9.80787  37779
              113.57 -0.243777   2.41878   3.89918    3.44533    1.05069 -0.0639434 180.013       0       0 -0.13     0 -1.03 -0.19129 0.499117 0.320251  0.00231588 -0.00487801 -0.00363225   -0.227532  -0.0731536 -0.00569279  0.140522 0.0466054   9.80788  37474
              113.77 -0.224991   2.41491    3.8758    3.43009    1.13186 -0.0559664 180.013       0       0 -0.13     0 -1.03 -0.0915086   0.386528 0.00965889  0.00231855 -0.00489177 -0.00356218   -0.228856  -0.0720386 -0.00382761  0.140719 0.0467999   9.80788  37263
              113.97 -0.213249   2.42143   3.74726    3.42478    1.22071 -0.0690483 180.013       0       0 -0.13     0 -1.03 -0.0380464   0.426879 -0.0658385  0.00235487 -0.00484879 -0.00323408   -0.231895  -0.0743036 -0.00232278  0.140199 0.0473693   9.80788  36839
             114.369 -0.250439   2.44019   3.49606    3.44068    1.38664 -0.0655884 180.013       0       0 -0.13     0 -1.03  0.0679851   0.406128 -0.0551249  0.00138585 -0.00479601 -0.00278096   -0.235309  -0.0698053 -0.00483186  0.141195 0.0482262   9.80787  36196
             114.769 -0.314562   2.50368   3.55333    3.43549    1.54132 -0.0475801 180.013       0       0 -0.13     0 -1.03 -0.0655515   0.406052   0.121447  0.00121153 -0.00387443 -0.00278651  -0.233241  -0.070206 0.00177405 0.140755 0.047411  9.80788  35866
             114.969 -0.151296   2.49176   3.65951    3.42571    1.59546 -0.0394409 180.013       0       0 -0.13     0 -1.03 -0.0593993   0.263605 0.00250325 -0.000179257  -0.00406248  -0.00292844  -0.233352 -0.0668976 0.00158565  0.141306 0.0474136   9.80787  35812
             115.169 0.135564  2.66916  3.51866    3.43523    1.66891 -0.0300373 180.013       0       0 -0.13     0 -1.03  0.0280414   0.329943 -0.0079775 0.000294014  -0.0045817 -0.00266899   -0.238826  -0.0700989 0.000204754  0.140881 0.0484322   9.80787  36057
             115.369 0.0887843   2.66938   3.41671  3.48086  1.73526 -0.02497 180.013       0       0 -0.13     0 -1.03  0.219797  0.344539 0.0691347 5.55893e-05 -0.00521651   -0.002584  -0.246711 -0.0674756 0.00125415  0.141295 0.0498032   9.80786  35873
             115.569 -0.342826   2.49845   3.44392    3.46752    1.83301 -0.0400734 180.013       0       0 -0.13     0 -1.03 -0.294954  0.634961 -0.297734 0.000195635 -0.00488006 -0.00257552   -0.23856 -0.0744003 0.00372132  0.139893 0.0484945   9.80788  35829
             115.769 -0.370473    2.4788   3.50195    3.44335    1.90858 -0.0447943 180.013       0       0 -0.13     0 -1.03  -0.132332   0.364068 -0.0908088 0.000528138 -0.00481724 -0.00263797  -0.239372 -0.0722569 0.00121568 0.140344 0.048648  9.80788  35637
             115.969 -0.310508   2.50121   3.44331    3.41764    1.98481 -0.0509115 180.013       0       0 -0.13     0 -1.03  -0.154923   0.332143 -0.0773531 0.000753006 -0.00517093  -0.0024903    -0.240808   -0.0745036 -0.000231222  0.140045 0.0489543   9.80788  35648
             116.169 -0.285907   2.51888   3.46162    3.39692    2.06859 -0.0570593 180.013       0       0 -0.13     0 -1.03  -0.151037   0.336384 -0.0988348  0.00112468 -0.00530794 -0.00245246    -0.24486  -0.0791729 -0.00235392   0.13938 0.0497199   9.80788  35483
             116.369 -0.32953  2.52846  3.33508    3.40192    2.13616 -0.0519231 180.013       0       0 -0.13     0 -1.03 0.000623598    0.300124   0.0822482  0.00102665 -0.00600077 -0.00225509   -0.252924  -0.0780044 -0.00622418  0.139774 0.0511455   9.80787  35374
             116.769 -0.0784001    2.60056     3.6244    3.46068    2.17398 -0.0368206 180.013       0       0 -0.13     0 -1.03   0.216311 -0.0526685 -0.0217798 0.000838813 -0.00675861 -0.00227432  -0.255505  -0.076912 -0.0092645  0.140108 0.0515927   9.80786  35084
             116.969 -0.102574   2.61316   3.59042    3.45089    2.16671 -0.0297257 180.013       0       0 -0.13     0 -1.03 -0.0293759 -0.0204382  0.0298943  0.00129018 -0.00415725 -0.00234854  -0.250394   -0.07868 -0.0100658  0.139842 0.0509043   9.80787  35159
             117.368 0.0273642   2.64071   3.38065     3.3968    2.17444 -0.0336706 180.013       0       0 -0.13     0 -1.03  -0.138171  0.0386069 -0.0379128  0.00135849  -0.0024354 -0.00177872   -0.241389  -0.0817788 -0.00864853  0.139183 0.0493899   9.80789  34669
             117.568 -0.106952   2.59591    3.1591    3.31238    2.17994 -0.0364977 180.013       0       0 -0.13     0 -1.03  -0.627413 0.00215105  0.0145078  0.00134201 -0.00243851 -0.00173202  -0.234012 -0.0835193 -0.0097878  0.138966 0.0480634    9.8079  34775
             117.768 -0.122576   2.60163   2.86693  3.29729  2.17025 -0.02873 180.013       0       0 -0.13     0 -1.03  -0.103111 -0.0506745  0.0507228  0.00135872 -0.00184801 -0.00128279  -0.239006 -0.0821713 -0.0102899  0.139238 0.0486121   9.80789  34712
             117.968 -0.029647   2.62247   2.81697    3.28074     2.1512 -0.0188701 180.013       0       0 -0.13     0 -1.03 -0.0711999 -0.0857626  0.0552674  0.00116089 -0.00161032 -0.00124037  -0.238872  -0.080515 -0.0103387  0.139405 0.0485591   9.80789  34823
             118.168 -0.00118283     2.60309     2.84876    3.21668     2.1535 -0.0128269 180.013       0       0 -0.13     0 -1.03 -0.308425 0.0277656 0.0664444   0.00176526 -0.000357827  -0.00121523   -0.228936  -0.0860952 -0.00787468  0.138495 0.0478371   9.80791  35148
             118.368 0.00246096    2.58004    2.76582     3.1572    2.15207 -0.0131708 180.013       0       0 -0.13     0 -1.03  -0.314016 0.00245679 -0.0284073    0.0015214 -0.000247224  -0.00106514   -0.229318  -0.0842542 -0.00532301  0.138487 0.0478014   9.80791  35321
             118.568 0.0619909   2.58298   2.67949    3.09041    2.14413 -0.0171991 180.013       0       0 -0.13     0 -1.03  -0.345532 -0.0667704 -0.0538028   0.00146863 -0.000209312  -0.00104613   -0.228414   -0.082878 -0.00604689  0.138613 0.0476887    9.8079  35364
             118.768 0.0577604   2.55989   2.67224    3.01031     2.1533 -0.0224104 180.013       0       0 -0.13     0 -1.03   -0.3878 0.0367375  -0.05352   0.00139635 -0.000130026 -0.000925447   -0.227942  -0.0838845 -0.00630932  0.138551 0.0476901   9.80791  35573
             118.968 0.0202835   2.54658    2.4051    2.92443    2.15946 -0.0235471 180.013       0       0 -0.13     0 -1.03   -0.40986  0.0424965 -0.0139542   0.00145355  -0.00035933 -0.000400727   -0.225506  -0.0843933 -0.00686183  0.138467 0.0475348   9.80791  35654
             119.168 0.00820761    2.53246    2.31039    2.84227    2.14841 -0.0172566 180.013       0       0 -0.13     0 -1.03   -0.43327 -0.0522918  0.0371257   0.00116524 -0.000356004 -0.000315632   -0.225984  -0.0790388 -0.00849092  0.138858 0.0473596    9.8079  35612
             119.368 0.00977145    2.54683    2.23707     2.73559     2.14871 -0.00977636 180.013       0       0 -0.13     0 -1.03  -0.537157 0.00958147  0.0272039   0.00141758  8.71039e-05 -0.000141856  -0.222119 -0.0817085 -0.0110042  0.138762 0.0473104    9.8079  36026
             119.567 0.114094  2.48269  2.12132    2.64932    2.14454 -0.0118725 180.013       0       0 -0.13     0 -1.03  -0.399528 -0.0426575  0.0417542    0.0014322 -0.000129579 -0.000132264    -0.22649  -0.0800772 -0.00934258  0.138878 0.0473682    9.8079  36158
             119.767 -0.016616   2.45705   2.06437     2.56982     2.15299 -0.00605457 180.013       0       0 -0.13     0 -1.03  -0.399863  0.0388037 0.00357962   0.00136909 -0.000253859  5.07973e-05   -0.226624  -0.0809118 -0.00939842  0.138885 0.0473989    9.8079  36372
             119.967 -0.00329784     2.47229     1.93498    2.47546    2.15422 0.00499624 180.013       0       0 -0.13     0 -1.03  -0.474438 0.00653744   0.101809    0.0013752 -0.000402083  0.000261275     -0.225 -0.0793696 -0.0085454  0.138801 0.0473538    9.8079  36660
             120.168 0.0160221   2.44739   1.82283    2.38058    2.14256 0.00862253 180.013       0       0 -0.13     0 -1.03  -0.482008 -0.0471305  0.0557754   0.00130476 -0.000439758  0.000490588  -0.226009 -0.0754153 -0.0045218  0.138713 0.0472617   9.80791  37276
             120.367 0.00820255    2.45038    1.73215    2.28417    2.14272 0.00627065 180.013       0       0 -0.13     0 -1.03  -0.498974 0.00446917  0.0369198   0.00141615 -0.000412449   0.00064046    -0.226844   -0.0770635 -0.000364955  0.138653 0.0473836   9.80791  37052
             120.567 0.0214316   2.43311   1.67979    2.19558     2.1441 0.00599008 180.013       0       0 -0.13     0 -1.03 -0.435299 0.0296251 -0.242515   0.00141094 -0.000488736  0.000646061   -0.229079  -0.0766891 -0.00132992   0.13875 0.0472924    9.8079  37709
             120.767 -0.0228159    2.39985    1.54313    2.12129    2.15188 -0.0010028 180.013       0       0 -0.13     0 -1.03   -0.379649   0.0377979 -0.00220741   0.00137678 -0.000503445  0.000837226   -0.229528  -0.0768478 -0.00251309  0.138802 0.0472592    9.8079  37967
             120.968 -0.0393186    2.40459    1.48215    2.03158    2.14283 0.00939847 180.013       0       0 -0.13     0 -1.03  -0.447253 -0.0276418  0.0572317   0.00130837 -0.000558764  0.000847543   -0.227997  -0.0733996 -0.00318006  0.138578 0.0472106   9.80791  38293
             121.167 -0.107931   2.41492    1.4023   1.90044    2.1499 0.0172112 180.013       0       0 -0.13     0 -1.03 -0.642898   0.05355  0.105588  0.00157824 0.000119764   0.0011285   -0.218617  -0.0767717 0.000543214  0.138404 0.0479259   9.80791  37696
             121.367 0.000930882     2.41014     1.25738  1.83476   2.1411 0.011238 180.013       0       0 -0.13     0 -1.03  -0.339062 -0.0686869 -0.0118527   0.0010491 -0.00115032  0.00117954  -0.233696 -0.0730176 0.00439182  0.138554 0.0468807   9.80791  38010
             121.567 -0.319841   2.17851   1.18852    1.75019    2.16699 -0.0167927 180.013       0       0 -0.13     0 -1.03 -0.52456 0.330941 -0.15427   0.00160002 -0.000966778   0.00120623  -0.231493  -0.078527 0.00781614  0.138821 0.0472565    9.8079  38158
             121.768 -0.335491   2.15996   1.07211     1.6709    2.16901 -0.0265526 180.013       0       0 -0.13     0 -1.03  -0.414254   0.016102 -0.0536672   0.00194664 -0.000926065   0.00141872  -0.232922 -0.0759997 0.00684909  0.138635 0.0470541   9.80791  38400
             121.968 -0.302114    2.2243  0.884188    1.57492    2.16095 -0.0228923 180.013       0       0 -0.13     0 -1.03  -0.481983 -0.0355982 0.00583474   0.00188755 -0.000976123   0.00154976  -0.231346 -0.0732745 0.00560192  0.138309 0.0471599   9.80791  38047
             122.166 -0.292518   2.20033  0.879485    1.46098     2.1672 -0.0200089 180.013       0       0 -0.13     0 -1.03  -0.589971  0.0363015 -0.0124612   0.00214514 -0.000734955   0.00166076  -0.227148 -0.0764279 0.00356647   0.13853 0.0477436   9.80791  37855
             122.368 -0.295765   2.21326  0.709589    1.37156    2.16237 -0.0066875 180.013       0       0 -0.13     0 -1.03 -0.464274 -0.028418 0.0526774   0.0016871 -0.00142411  0.00180101    -0.233937   -0.0743558 -0.000342898  0.138431 0.0469988   9.80791  38251
             122.966 -0.129181   2.30241  0.541721   1.21125   2.15341 0.0223187 180.013       0       0 -0.13     0 -1.03  -0.16754 0.0141263 0.0364796  0.00184544 -0.00406351  0.00181196    -0.237851   -0.0752598 -0.000734428  0.138621 0.0464694   9.80791  38062
             123.166 -0.146158   2.27673  0.520755   1.11969   2.16874 0.0177254 180.013       0       0 -0.13     0 -1.03  -0.463168  0.0695866 -0.0267185 0.00366611 0.00104234 0.00195589   -0.231598  -0.0766676 0.000525044  0.138732 0.0474798    9.8079  38147
             123.367 -0.252343   2.19696   0.44849    1.01587    2.17386 0.00112506 180.013       0       0 -0.13     0 -1.03  -0.52544 0.0253372 -0.102451 0.00339538 0.00133378 0.00205121    -0.230487   -0.0752312 -0.000353651  0.138526 0.0476277   9.80791  38427
             123.766 -0.332337   2.17376  0.173221   0.859204    2.18025 0.00653135 180.013       0       0 -0.13     0 -1.03 -0.327256  0.017467 0.0745984  0.00339056 0.000840931     0.00214   -0.232571  -0.0756561 -0.00191888  0.138635 0.0473344   9.80791  38126
             124.366  -0.253852    2.12188 -0.0524046   0.66417   2.18348 0.0120148 180.013       0       0 -0.13     0 -1.03    -0.351377  0.000895021 -0.000638079  0.00324005 0.000369061   0.0023271  -0.233526 -0.0757673 0.00319782   0.13858 0.0470611   9.80791  37896
             124.565 -0.262847   2.11379 -0.142797   0.599539     2.1876 0.00535882 180.013       0       0 -0.13     0 -1.03  -0.31175 0.0522697 -0.156693  0.00321919 0.000430137  0.00233664  -0.234209 -0.0761124 0.00243697  0.138645 0.0469402   9.80791  38169
             124.967 -0.345963   2.03533  -0.24637     0.41786     2.19403 -0.00329701 180.013       0       0 -0.13     0 -1.03  -0.679081 -0.0362756 -0.0107069   0.00324302 -0.000351103   0.00235591   -0.233589  -0.0755367 0.000570806  0.138507 0.0470803   9.80791  38004
             125.165 -0.216829   2.20437 -0.142609  0.324691   2.16844 0.0236708 180.013       0       0 -0.13     0 -1.03 -0.565315 -0.203596  0.106496  0.00278765 -0.00102393  0.00264433    -0.24736  -0.0731555 -0.00582393  0.137694 0.0444779   9.80793  37982
             125.365  0.073228   2.32768 -0.352447  0.460361   2.13163 0.0134047 180.013       0       0 -0.13     0 -1.03   0.585823  -0.301813 -0.0600799  0.00296133 -0.00348253  0.00275954   -0.30702 -0.0873164 -0.0035912 0.140108 0.032541  9.80795  37997
             125.566 -0.0274601     2.1087 -0.0863884   0.52387   2.09531 0.0245062 180.013       0       0 -0.13     0 -1.03  0.202619 -0.288848  0.325608  0.00302849 -0.00340034  0.00271306    -0.29273  -0.0928818 -0.00578622  0.141544 0.0354641   9.80791  38544
             125.766  -0.120454    2.14804 -0.0700068  0.511061   2.02309 0.0297503 180.013       0       0 -0.13     0 -1.03 -0.0683169   -0.36896  0.0663658  0.00315569 -0.00386685   0.0026682   -0.290601   -0.091702 -0.00283652   0.14132 0.0359964   9.80792  38232
             126.165 -0.186817   2.13575  0.220746  0.499881   1.86816 0.0316703 180.013       0       0 -0.13     0 -1.03 -0.0116999  -0.390993 0.00780111  0.00292332 -0.00359521  0.00182375  -0.292662 -0.0961785 0.00134038 0.142289 0.035568   9.8079  38358
             126.366 -0.224668   2.07936  0.270077  0.481688   1.79544 0.0157549 180.013       0       0 -0.13     0 -1.03 -0.0641294  -0.367549  -0.110114  0.00297303 -0.00379779  0.00183965  -0.289281 -0.0955599 0.00668243 0.142241 0.036255   9.8079  38448
             126.566 -0.0330866    2.13116  0.0933317  0.471603   1.70768 0.0105419 180.013       0       0 -0.13     0 -1.03 -0.00381936   -0.501702  -0.0178964  0.00297532 -0.00376861  0.00187611  -0.289876 -0.0928023 0.00429166 0.141742 0.036159  9.80791  38360
             126.765 -0.154731   2.08746 0.0746456  0.469995   1.63995 0.0118843 180.013       0       0 -0.13     0 -1.03 -0.00481936    -0.33579   0.0142929  0.00287463 -0.00344022  0.00175863  -0.289642 -0.0938331 0.00460455  0.141902 0.0362082   9.80791  38012
             127.366 -0.172013   2.08619  0.352626   0.450943    1.40586 0.00680859 180.013       0       0 -0.13     0 -1.03 -0.0604742  -0.415412  0.0324254   0.0027985 -0.00325148 0.000928456   -0.287604  -0.0888027 0.000807181 0.141003  0.03655  9.80792  38356
             127.764 -0.0511242    2.04506   0.236106    0.427142     1.23281 -0.00362453 180.013       0       0 -0.13     0 -1.03 -0.0857595   -0.52787   -0.11653  0.00309661 -0.00358011 0.000922266   -0.288729  -0.0906949 -0.00623694   0.14131 0.0362302   9.80792  38442
             127.965 -0.134698   2.05569  0.471971   0.428921    1.14999 0.00161499 180.013       0       0 -0.13     0 -1.03 -0.00233679   -0.386645   0.0155265  0.00485013 -0.00422813 0.000664126   -0.290543  -0.0953713 -0.00806679   0.14184 0.0359364   9.80791  38679
             128.165 -0.260137   1.99641  0.555755    0.458239     1.07337 0.000398201 180.013       0       0 -0.13     0 -1.03   0.160724  -0.392041 -0.0818103  0.00466207 -0.00463497 0.000478723 -0.293623 -0.095573  -0.01243  0.141733 0.0354266   9.80791  38420
             128.765 -0.213477   1.99149  0.558157  0.407575  0.831632 0.0048194 180.013       0       0 -0.13     0 -1.03  -0.201279  -0.420118 -0.0218148  0.00425472 -0.00397673 0.000432861  -0.285302 -0.0922116 -0.0171979  0.141079 0.0365977   9.80792  38935
             129.364 -0.172822   2.04537  0.911431  0.386283  0.558426 0.0242213 180.013       0       0 -0.13     0 -1.03 0.0217563 -0.382867 0.0353065   0.00411386   -0.0040125 -0.000240252   -0.28814 -0.0922829 -0.0249782  0.141086 0.0364176   9.80792  38571
             129.565 -0.124454   2.03516  0.832362 0.366705 0.474121 0.021988 180.013       0       0 -0.13     0 -1.03 -0.100748 -0.420893 0.0854697   0.00413935   -0.0040306 -0.000212462   -0.28568 -0.0910154 -0.0209816  0.140776 0.0367592   9.80792  39028
             129.765 -0.161507   2.01084  0.731102 0.370973 0.391377 0.014053 180.013       0       0 -0.13     0 -1.03 0.0281325 -0.385405 0.0217108   0.00409783  -0.00366077 -8.73706e-05     -0.287 -0.0911107 -0.0196554  0.140829 0.0366531   9.80792  38640
             129.963 -0.195331   2.03328  0.780302  0.383988  0.313377 0.0274841 180.013       0       0 -0.13     0 -1.03 0.0820201  -0.36035  0.116507   0.00398569  -0.00311351 -0.000195258  -0.288911 -0.0896961 -0.0193973  0.140741 0.0364491   9.80792  38397
             130.165 -0.231743   2.01958  0.872224  0.419922  0.224031 0.0388251 180.013       0       0 -0.13     0 -1.03  0.167397 -0.495161 0.0273148   0.00394637  -0.00320661 -0.000622244  -0.294272 -0.0882506 -0.0159809  0.140704 0.0358118   9.80793  38846
             130.365 -0.180082   2.02071   1.16474    0.3926   0.13507 0.0284844 180.013       0       0 -0.13     0 -1.03 -0.0921013  -0.388904  0.0697312    0.0039169  -0.00274919 -0.000980026   -0.276143  -0.0932642 -0.00983071  0.141016 0.0376895   9.80791  38896
             130.763 0.125232  2.07562 0.851625   0.346663 -0.0550941   0.032091 180.013       0       0 -0.13     0 -1.03   -0.145069   -0.571402 -0.00418352  0.00391419 -0.00277846 -0.00086247  -0.276489 -0.0923712 0.00056985  0.141165 0.0376017   9.80791  38718
             130.964 -0.0721863    2.03012   0.891667  0.353038 -0.134812 0.0278969 180.013       0       0 -0.13     0 -1.03  0.0317935  -0.402073 -0.0755339  0.00597417 -0.00447025 -0.00094527  -0.280115 -0.0960647  0.0018033   0.14136 0.0377446   9.80791  39252
             131.164 -0.0689742    2.00605    1.01043  0.394866 -0.217869 0.0213891 180.013       0       0 -0.13     0 -1.03  0.199993  -0.52269 -0.137701   0.0063002 -0.00492766 -0.00147494    -0.286715   -0.0983174 -5.25173e-05  0.141678 0.0371381   9.80791  38910
             131.364 -0.104568   1.98627   1.29318  0.359321 -0.294267 0.0133741 180.013       0       0 -0.13     0 -1.03 -0.160383 -0.354088 -0.108198  0.00619214 -0.00458039 -0.00170523   -0.266852   -0.103983 -0.00602852  0.141754 0.0389591    9.8079  38949
             131.564 -0.143201   1.98234   1.17848  0.319909  -0.37568 0.0145406 180.013       0       0 -0.13     0 -1.03 -0.260534 -0.352547  0.448593  0.00603077 -0.00453626 -0.00165641     -0.2658   -0.100482 -0.00601301  0.141484 0.0389659    9.8079  38881
             131.764 -0.135841   1.96646   1.07169  0.316457 -0.475586 0.0283748 180.013       0       0 -0.13     0 -1.03 -0.0478234  -0.473061   0.106514  0.00615088 -0.00428921 -0.00162526   -0.268225  -0.0991609 -0.00310641  0.141595 0.0388236    9.8079  38894
             131.964 -0.117752   1.99934   1.22938  0.322006 -0.562232 0.0307103 180.013       0       0 -0.13     0 -1.03 0.0143117 -0.366643 0.0823032  0.00613287 -0.00404535 -0.00184667  -0.270794  -0.100289 0.00155024  0.141818 0.0386657    9.8079  38742
             132.163 -0.128557   1.97071   1.15046  0.305472 -0.609373 0.0197474 180.013       0       0 -0.13     0 -1.03  -0.139262  -0.177398 -0.0759583   0.0061171 -0.00422899  -0.0017261  -0.266945  -0.105244 0.00581281  0.142101 0.0389818   9.80789  38424
             132.364 -0.108424   1.98115    1.1234  0.287461 -0.639463 0.0133941 180.013       0       0 -0.13     0 -1.03  -0.186111  -0.104935 -0.0386076  0.00581125 -0.00445024 -0.00173854  -0.272679  -0.102323 0.00350854  0.142027 0.0386478    9.8079  39004
             132.764 -0.0842697     1.9935    1.40851   0.40509 -0.628332 0.0105127 180.013       0       0 -0.13     0 -1.03    0.54386  0.0826279 0.00637543  0.00628575 -0.00648182 -0.00188854   -0.28599  -0.106237 0.00110641 0.142505 0.037956  9.80789  38690
             132.964 -0.0809803    2.00029    1.47182   0.51356 -0.627958 0.0112621 180.013       0       0 -0.13     0 -1.03  0.478183 0.0230748 0.0364725   0.0052622 -0.00733743 -0.00205875   -0.28754  -0.104204 0.00176352  0.142393 0.0378264   9.80789  38701
             133.164 -0.0826747    2.03101    1.68589   0.595857  -0.635154 0.00857378 180.013       0       0 -0.13     0 -1.03    0.376198  -0.0253857 -0.00476119  0.00496655 -0.00699948 -0.00241761  -0.287086  -0.101401 0.00241706  0.142293 0.0377882    9.8079  38942
             133.563 -0.131753   2.08252   2.09302  0.804717 -0.623475 0.0246803 180.013       0       0 -0.13     0 -1.03   0.597949  0.0873663 -0.0151716  0.00451554 -0.00558538 -0.00296801   -0.294549   -0.104271 -0.00189926  0.142512 0.0376974   9.80789  38888
             133.963 -0.132568   2.08136   2.25179  0.996402 -0.623793 0.0125379 180.013       0       0 -0.13     0 -1.03   0.448186 -0.0151873 -0.0373414  0.00502454 -0.00670919 -0.00331435    -0.290682    -0.101622 -0.000910651  0.142464 0.0375523   9.80789  38828
             134.163 -0.108458   2.10245   2.28886   1.06889 -0.617018 0.0145486 180.013       0       0 -0.13     0 -1.03  0.341164 0.0649641  0.112636  0.00516756 -0.00650525 -0.00338636  -0.288543  -0.103545 0.00310482  0.142434 0.0374511   9.80789  39074
             134.363 -0.118414   2.10882   2.48009   1.18141 -0.618914 0.0151284 180.013       0       0 -0.13     0 -1.03   0.550273 -0.0102057  0.0114972  0.00459357 -0.00729663  -0.0036898  -0.297132  -0.099178 0.00606828  0.142865 0.0377647   9.80789  39141
             134.763 -0.108167   2.13174   2.77125   1.38482 -0.616684 0.0119042 180.013       0       0 -0.13     0 -1.03  0.485331 0.0207561 0.0049859  0.00455746 -0.00715697 -0.00376805  -0.295985 -0.0988383 0.00670337  0.142867 0.0376889   9.80789  38899
             134.963 -0.107335   2.15125   2.86198    1.46862   -0.62109 0.00501864 180.013       0       0 -0.13     0 -1.03    0.418381 -0.00602266  -0.0352519  0.00423537  -0.0066733 -0.00383002  -0.294646  -0.098172 0.00682467  0.142918 0.0375602   9.80789  38977
             135.163 -0.0548398     2.1865    2.90335      1.5607   -0.620769 0.000914659 180.013       0       0 -0.13     0 -1.03   0.438974 0.00113474  0.0138099  0.00433387 -0.00673023 -0.00396556  -0.297163 -0.0986169 0.00965252  0.142921 0.0378275   9.80789  39104
             135.363 -0.0957427     2.1844    3.05044     1.66613    -0.61457 -0.00375782 180.013       0       0 -0.13     0 -1.03   0.520693  0.0454289 -0.0896683  0.00429657 -0.00683701 -0.00416901  -0.301477 -0.0984178 0.00680275 0.142992 0.038288  9.80788  38787
             135.563 -0.109798   2.18918   3.09286       1.7804    -0.602419 -0.000186485 180.013       0       0 -0.13     0 -1.03  0.615142 0.0487811  0.108112  0.00431646 -0.00688527 -0.00418243  -0.303434 -0.0991369 0.00296385  0.142948 0.0385465   9.80788  38582
             135.763 -0.123722   2.20256   3.31092   1.86146  -0.60866 0.0062057 180.013       0       0 -0.13     0 -1.03    0.407235 -0.00876205   0.0703484  0.00415121 -0.00727307 -0.00452566  -0.301568  -0.098659 0.00385852  0.143006 0.0383053   9.80788  38575
             135.963 -0.116986   2.23917   3.25141     1.93778   -0.606122 -0.00156969 180.013       0       0 -0.13     0 -1.03   0.381967 0.00767546 -0.0181695   0.0041731 -0.00717091 -0.00440987  -0.300661  -0.100282 0.00732302  0.142817 0.0381181   9.80789  38696
             136.163 -0.0933208    2.25563    3.41589     2.03377   -0.606687 -0.00261709 180.013       0       0 -0.13     0 -1.03    0.460336 -0.00804186   -0.013924  0.00404742 -0.00740826 -0.00472799  -0.305916  -0.098522 0.00612185 0.143052 0.038882  9.80788  38769
             136.363 -0.110222   2.27039   3.63085    2.13337  -0.595786 0.00194988 180.013       0       0 -0.13     0 -1.03  0.482886 0.0473988 0.0195278  0.00423872 -0.00733637 -0.00496384  -0.309106  -0.101714 0.00515774  0.142602 0.0393236   9.80788  38758
             136.562 -0.111885   2.25076   3.67794      2.25445    -0.592066 -0.000852884 180.013       0       0 -0.13     0 -1.03   0.686559 -0.0061417   0.153201  0.00413771 -0.00760021 -0.00498183  -0.313793 -0.0992779 0.00698103  0.142912 0.0400125   9.80788  38652
             136.762 -0.1095 2.27987 3.75311     2.35286   -0.592199 -0.00480664 180.013       0       0 -0.13     0 -1.03   0.501472  0.0212852 -0.0155398   0.004162 -0.0079509 -0.0050337  -0.312152 -0.0996002 0.00824577  0.142864 0.0396994   9.80788  38664
             136.962 -0.124397   2.30417   3.83751     2.44644   -0.588296 -0.00914139 180.013       0       0 -0.13     0 -1.03  0.457498 0.0203234 -0.027696  0.00410257 -0.00806682 -0.00527451   -0.31114 -0.0999492  0.0077758  0.142821 0.0395172   9.80788  38672
             137.162 -0.107179   2.31635   4.06954     2.55109   -0.587321 -0.00818777 180.013       0       0 -0.13     0 -1.03    0.516371 -0.00353088  -0.0346118  0.00409738  -0.0079123 -0.00566287  -0.314985 -0.0983269 0.00571567  0.143049 0.0402443   9.80787  38520
             137.362 -0.0864429    2.32757    4.23938   2.64412  -0.57741 -0.012482 180.013       0       0 -0.13     0 -1.03   0.466418  0.0484883 -0.0648406   0.0042588  -0.0076129 -0.00583651  -0.313137  -0.102005 0.00311788  0.142446 0.0398388   9.80788  38491
             137.562 -0.109827   2.33129   4.32209    2.73782  -0.572857 -0.0140339 180.013       0       0 -0.13     0 -1.03   0.440447 -0.0548897  -0.331189  0.00425798  -0.0076407 -0.00585494   -0.312714   -0.101342 -0.00115587  0.142669 0.0398162   9.80788  38692
             137.762 -0.106599   2.34309   4.35711    2.82549  -0.578528 -0.0153936 180.013       0       0 -0.13     0 -1.03   0.457387 -0.0300174 -0.0167029  0.00438564 -0.00776644 -0.00596618  -0.312559  -0.101581 -0.0035715  0.142635 0.0397903   9.80788  38750
             137.962 -0.104324   2.36062   4.41251    2.90084  -0.571858 -0.0132124 180.013       0       0 -0.13     0 -1.03   0.449687  0.0392823 -0.0338697    0.004158 -0.00793091 -0.00590685   -0.308988   -0.106181 -0.00483183  0.141778 0.0388134    9.8079  38829
             138.162 -0.0590314    2.37754    4.47075     3.0085  -0.570046 -0.0153736 180.013       0       0 -0.13     0 -1.03    0.689725   0.0237264 -0.00634779  0.00410417 -0.00736641  -0.0059018   -0.308126   -0.103129 -0.00442843  0.142494 0.0387496   9.80789  38934
             138.362 -0.0475776    2.28902    4.19858    3.05429  -0.549822 -0.0296182 180.013       0       0 -0.13     0 -1.03   0.273988   0.135517 -0.0703464  0.00455084 -0.00579584 -0.00554618     -0.28252    -0.114883 -0.000674557   0.14087 0.0323134   9.80794  38798
             138.562 -0.123147   2.37805   4.26685   3.00184 -0.553293 -0.017314 180.013       0       0 -0.13     0 -1.03  -0.366783 -0.0186052  0.0840171  0.00424402 -0.00417004  -0.0055769   -0.259075   -0.115855 -0.00518484  0.141863 0.0270211   9.80794  38319
             138.762 -0.13024  2.39402  4.30101    2.97525  -0.570037 -0.0145221 180.013       0       0 -0.13     0 -1.03 -0.139528 -0.079627 0.0127289  0.00438078  -0.0037061 -0.00554171  -0.260881  -0.114855 -0.0047299  0.142002 0.0274034   9.80793  38004
             138.962 -0.115531   2.38032   4.28851    2.95787  -0.568657 -0.0145633 180.013       0       0 -0.13     0 -1.03   -0.11108 0.00189102 0.00208482  0.00401916 -0.00345956 -0.00547486  -0.263544  -0.117367 -0.0043755  0.141413 0.0278355   9.80794  37406
             139.162 -0.119443   2.34917   4.28612     2.9607  -0.562871 -0.0164098 180.013       0       0 -0.13     0 -1.03 -0.00718957   0.0279188 -0.00859689  0.00395338 -0.00328406 -0.00543587   -0.270703   -0.116283 -0.00402644  0.141396 0.0292994   9.80794  36664
             139.363 -0.127168   2.37314   4.28553    2.96941  -0.561997 -0.0117275 180.013       0       0 -0.13     0 -1.03 0.0307976 0.0075502 0.0162515  0.00379954 -0.00342175 -0.00539577   -0.273171   -0.113783 -0.00578226  0.141845 0.0299281   9.80793  36186
             139.562 -0.114212    2.3865    4.2748    2.97269  -0.564884 -0.0116428 180.013       0       0 -0.13     0 -1.03 0.000609373  -0.0218926 -0.00238126  0.00375851 -0.00339882 -0.00538995     -0.2725   -0.112897 -0.00505509  0.142036 0.0298068   9.80793  35753
             139.761 -0.123635   2.39804   4.28617    2.97646  -0.561758 -0.0127314 180.013       0       0 -0.13     0 -1.03 0.00754211  0.0186736 -0.0049809  0.00368963 -0.00334476 -0.00535364   -0.272819   -0.113108 -0.00504948  0.141986 0.0298624   9.80793  36254
             139.961 -0.122898   2.38705   4.31405    2.96675  -0.561026 -0.0127217 180.013       0       0 -0.13     0 -1.03   -0.0505836    0.0115215 -0.000509151  0.00365688 -0.00333604 -0.00533612   -0.270963    -0.11298 -0.00518034  0.142069 0.0295087   9.80793  36441
             140.162 -0.117485   2.38009   4.28993    2.96522  -0.559848 -0.0140571 180.013       0       0 -0.13     0 -1.03  -0.0205361  0.00876922 -0.00561803  0.00358445  -0.0033545 -0.00527399   -0.273496   -0.111528 -0.00494529  0.142273 0.0300473   9.80792  36858
             140.362 -0.126387   2.38953   4.29564    2.96578  -0.560138 -0.0127763 180.013       0       0 -0.13     0 -1.03 -0.00751872  0.00184907  0.00505263  0.00349269 -0.00343768 -0.00524812   -0.274777    -0.11035 -0.00557578  0.142474 0.0303533   9.80792  36671
             140.561 -0.120892   2.38947   4.27988    2.96765   -0.56373 -0.0145871 180.013       0       0 -0.13     0 -1.03 0.00783132  -0.027263 -0.0128371  0.00342849 -0.00348266 -0.00524356   -0.275368   -0.109266 -0.00504639  0.142661 0.0304923   9.80792  36346
             140.761 -0.116341   2.38679   4.29213   2.97018 -0.564817 -0.014419 180.013       0       0 -0.13     0 -1.03  0.00302407 -0.00163587 0.000673315  0.00336208 -0.00342713 -0.00521108   -0.275523   -0.109388 -0.00516314  0.142635 0.0305206   9.80792  36636
             140.962 -0.11793  2.38403   4.3029    2.96757  -0.561935 -0.0139311 180.013       0       0 -0.13     0 -1.03 -0.0211978  0.0180954 0.00301874  0.00331162 -0.00338878 -0.00517849   -0.275326   -0.110072 -0.00518282  0.142513 0.0304629   9.80792  37009
             141.162 -0.11782  2.38333  4.28857    2.9697 -0.562828 -0.011598 180.013       0       0 -0.13     0 -1.03 -0.000691003 -0.000669705     0.010091  0.00322337 -0.00340649 -0.00512967   -0.277034   -0.107883 -0.00565073  0.142887 0.0308641   9.80791  36690
             141.361 -0.121217    2.3875   4.30197    2.97119  -0.562512 -0.0111692 180.013       0       0 -0.13     0 -1.03 -0.00211088   0.0055337  0.00433157  0.00318232 -0.00342616  -0.0051036   -0.277816   -0.107571 -0.00524662  0.142918 0.0310135   9.80791  36435
             141.561 -0.120484   2.37585   4.29762     2.96922   -0.563459 -0.00810198 180.013       0       0 -0.13     0 -1.03  -0.0240268 -0.00453649   0.0191864  0.00316248 -0.00341145  -0.0050991   -0.277453   -0.107104 -0.00572423 0.143024 0.030969  9.80791  36669
             141.762 -0.109745   2.37997   4.29874    2.97035  -0.565736 -0.0122702 180.013       0       0 -0.13     0 -1.03 -0.00334943 -0.00696605  -0.0183771  0.00313893  -0.0033332 -0.00506094    -0.27774   -0.106965 -0.00542066  0.143038 0.0310198   9.80791  36966
             141.962 -0.118348   2.38774    4.2891    2.97151  -0.564898 -0.0151918 180.013       0       0 -0.13     0 -1.03 -0.00523142  0.00718251  -0.0152843  0.00309311  -0.0032614 -0.00500059   -0.278375   -0.107041 -0.00551203  0.143009 0.0311354   9.80791  36837
             142.161 -0.121326   2.39668   4.32717    2.97615  -0.561818 -0.0138329 180.013       0       0 -0.13     0 -1.03  0.0111548  0.0173938 0.00231075  0.00306107 -0.00323099 -0.00499954   -0.280226   -0.106669 -0.00661334  0.143043 0.0315055   9.80791  36619
              142.36 -0.127514   2.39352   4.37631    2.97112  -0.563502 -0.0122782 180.013       0       0 -0.13     0 -1.03  -0.0299345 -0.00236868  0.00773144  0.00296223  -0.0031197 -0.00501067   -0.278379   -0.105539 -0.00681361  0.143304 0.0312024    9.8079  36912
             142.562 -0.117074   2.38933   4.31327    2.96729  -0.562659 -0.0138491 180.013       0       0 -0.13     0 -1.03  -0.0378157  0.00935038 -0.00326932  0.00297072 -0.00315068 -0.00500314   -0.279006   -0.105655 -0.00613898  0.143255 0.0313017    9.8079  37074
             142.762 -0.112579   2.37413   4.27404    2.97577  -0.563841 -0.0165378 180.013       0       0 -0.13     0 -1.03   0.0327173 -0.00195524   -0.020094  0.00298031 -0.00307735 -0.00498363   -0.279635   -0.105362 -0.00614321  0.143293 0.0314261    9.8079  36582
              142.96 -0.122964   2.38415   4.28915   2.97012 -0.562142  -0.01451 180.013       0       0 -0.13     0 -1.03 -0.0313957  0.0134899 0.00464737  0.00297249 -0.00300891 -0.00495498   -0.278485    -0.10591 -0.00662992   0.14323 0.0312218    9.8079  37652
              143.16 -0.118765   2.38155   4.28932   2.96768 -0.561774 -0.013702 180.013       0       0 -0.13     0 -1.03 -0.0212043 0.00512145 0.00496751  0.00289818   -0.003039 -0.00492397   -0.279508   -0.104772 -0.00659531  0.143403 0.0314255    9.8079  38104
             143.362 -0.128882    2.3832   4.28689    2.97068   -0.56264 -0.0160969 180.013       0       0 -0.13     0 -1.03   0.0050631 -0.00154565 -0.00964896  0.00279284 -0.00320579 -0.00489615   -0.281379   -0.103597 -0.00590429  0.143555 0.0317656    9.8079  38189
