1.198768 -0.000009 0.000029 0.000250 -0.000167 0.002830 0.000526 0.000000 0.000000 0.000000 0.000418 0.000231 -0.000291 0.000000 0.000000 0.000000 0.000234 -0.000263 -0.001592 0.000000 -0.000000 -0.000000 0.090333 0.065953 9.808362 
1.400047 -0.000013 0.000033 0.000663 -0.002756 0.004476 0.000200 0.000000 0.000000 0.000000 -0.012900 0.008094 -0.001655 0.000000 0.000000 0.000000 0.000235 -0.000263 -0.001623 0.000007 -0.000005 0.000001 0.090325 0.065958 9.808362 
1.600136 -0.000014 0.000025 0.000286 -0.004297 -0.001181 0.000083 0.000000 0.000000 0.000000 -0.006597 -0.029905 0.000021 0.000000 0.000000 0.000000 0.000123 -0.000282 -0.001583 -0.003120 0.016905 -0.001447 0.093328 0.049691 9.808430 
1.798732 -0.000006 0.000001 -0.000163 -0.006411 -0.001892 0.000573 0.000000 0.000000 0.000000 -0.010542 -0.005122 0.002257 0.000000 0.000000 0.000000 0.000161 -0.000273 -0.001542 -0.000649 0.002991 -0.003113 0.090919 0.063054 9.808376 
1.998744 -0.000022 0.000000 0.000219 -0.011923 0.000078 0.000859 0.000000 0.000000 0.000000 -0.027064 0.009736 0.001498 0.000000 0.000000 0.000000 0.000173 -0.000259 -0.001579 0.005878 -0.003286 -0.002498 0.084658 0.069096 9.808391 
2.200150 -0.000022 -0.000010 0.000454 -0.012771 0.000864 0.000923 0.000000 0.000000 0.000000 -0.006572 0.003611 0.000189 0.000000 0.000000 0.000000 0.000184 -0.000240 -0.001600 -0.002055 -0.001068 -0.001896 0.092284 0.066965 9.808337 
2.400073 -0.000021 -0.000014 0.000388 -0.012300 0.001086 0.000813 0.000000 0.000000 0.000000 0.002228 0.001168 -0.000491 0.000000 0.000000 0.000000 0.000186 -0.000229 -0.001593 -0.004426 -0.000220 -0.001351 0.094566 0.066157 9.808321 
2.598785 -0.000023 0.000003 0.000054 -0.012516 0.000610 0.001015 0.000000 0.000000 0.000000 0.000320 -0.002259 0.001418 0.000000 0.000000 0.000000 0.000182 -0.000230 -0.001563 -0.003404 0.000632 -0.001954 0.093581 0.065334 9.808336 
3.200182 -0.000030 -0.000005 0.000415 -0.013956 0.000813 0.001166 0.000000 0.000000 0.000000 -0.003770 0.002050 0.000175 0.000000 0.000000 0.000000 0.000194 -0.000222 -0.001593 -0.002737 0.000188 -0.001283 0.092947 0.065764 9.808339 
3.398911 -0.000029 -0.000005 0.000138 -0.013686 0.001298 0.000913 0.000000 0.000000 0.000000 0.001714 0.002126 -0.001383 0.000000 0.000000 0.000000 0.000195 -0.000219 -0.001569 -0.003086 0.000164 -0.000798 0.093286 0.065790 9.808336 
3.598864 -0.000025 -0.000011 0.000256 -0.015980 -0.000682 0.001036 0.000000 0.000000 0.000000 -0.009013 -0.009262 0.000837 0.000000 0.000000 0.000000 0.000209 -0.000230 -0.001579 -0.000894 0.002175 -0.001515 0.091184 0.063860 9.808368 
3.800237 -0.000031 -0.000008 0.000403 -0.016170 0.000936 0.001101 0.000000 0.000000 0.000000 -0.001483 0.006787 0.000204 0.000000 0.000000 0.000000 0.000188 -0.000223 -0.001593 -0.002268 -0.001335 -0.001418 0.092497 0.067218 9.808334 
4.000188 -0.000039 -0.000007 0.000424 -0.015014 0.001842 0.000946 0.000000 0.000000 0.000000 0.005689 0.004740 -0.000917 0.000000 0.000000 0.000000 0.000191 -0.000217 -0.001594 -0.003483 -0.000909 -0.001124 0.093661 0.066813 9.808325 
4.198927 -0.000032 -0.000010 0.000243 -0.016247 0.000174 0.000930 0.000000 0.000000 0.000000 -0.004019 -0.007878 0.000054 0.000000 0.000000 0.000000 0.000202 -0.000229 -0.001579 -0.001557 0.001153 -0.001428 0.091822 0.064840 9.808356 
4.398930 -0.000031 -0.000009 0.000171 -0.016592 -0.000048 0.001237 0.000000 0.000000 0.000000 -0.001468 -0.002085 0.001474 0.000000 0.000000 0.000000 0.000197 -0.000230 -0.001573 -0.001815 0.000048 -0.001829 0.092063 0.065892 9.808347 
4.600262 -0.000037 -0.000006 0.000429 -0.016325 0.001182 0.000984 0.000000 0.000000 0.000000 0.001269 0.005622 -0.001811 0.000000 0.000000 0.000000 0.000201 -0.000229 -0.001591 -0.002129 -0.001136 -0.001166 0.092368 0.067024 9.808336 
4.800378 -0.000034 -0.000012 0.000417 -0.016050 0.000596 0.001140 0.000000 0.000000 0.000000 0.002076 -0.002567 0.000615 0.000000 0.000000 0.000000 0.000193 -0.000230 -0.001590 -0.002129 -0.000037 -0.001890 0.092363 0.065973 9.808343 
4.998937 -0.000035 -0.000011 0.000311 -0.016327 0.000922 0.001053 0.000000 0.000000 0.000000 -0.000560 0.001655 -0.000817 0.000000 0.000000 0.000000 0.000192 -0.000232 -0.001583 -0.001606 -0.000602 -0.001669 0.091866 0.066511 9.808344 
5.198943 -0.000031 -0.000016 0.000260 -0.017659 0.000861 0.001055 0.000000 0.000000 0.000000 -0.005759 0.000035 -0.000226 0.000000 0.000000 0.000000 0.000194 -0.000236 -0.001578 -0.000845 -0.000359 -0.001936 0.091141 0.066278 9.808353 
5.400291 -0.000032 -0.000010 0.000300 -0.017309 0.001992 0.001116 0.000000 0.000000 0.000000 0.001454 0.005454 0.000145 0.000000 0.000000 0.000000 0.000202 -0.000245 -0.001581 -0.001593 -0.000966 -0.002011 0.091850 0.066854 9.808342 
5.600341 -0.000035 -0.000006 0.000156 -0.014674 0.001831 0.001075 0.000000 0.000000 0.000000 0.013351 -0.001049 -0.000724 0.000000 0.000000 0.000000 0.000173 -0.000293 -0.001574 -0.002622 -0.000357 -0.001944 0.092826 0.066278 9.808337 
5.800331 -0.000032 -0.000009 0.000203 -0.015357 0.001207 0.000965 0.000000 0.000000 0.000000 -0.001166 -0.002834 -0.000532 0.000000 0.000000 0.000000 0.000168 -0.000245 -0.001579 -0.001039 -0.000226 -0.001946 0.091328 0.066152 9.808352 
5.999097 -0.000030 -0.000005 0.000125 -0.014800 0.001004 0.001079 0.000000 0.000000 0.000000 0.002906 -0.001251 0.000686 0.000000 0.000000 0.000000 0.000169 -0.000244 -0.001574 -0.001397 -0.000432 -0.002170 0.091664 0.066346 9.808347 
6.200340 -0.000030 -0.000008 0.000266 -0.016911 0.001941 0.001056 0.000000 0.000000 0.000000 -0.008985 0.004695 -0.000153 0.000000 0.000000 0.000000 0.000160 -0.000261 -0.001582 -0.000061 -0.001050 -0.001984 0.090405 0.066930 9.808355 
6.400330 -0.000034 -0.000013 0.000206 -0.017157 0.001312 0.001120 0.000000 0.000000 0.000000 -0.001434 -0.003113 0.000477 0.000000 0.000000 0.000000 0.000161 -0.000261 -0.001576 -0.000770 -0.000300 -0.002077 0.091073 0.066223 9.808354 
6.600342 -0.000032 -0.000010 0.000178 -0.016236 0.001893 0.001026 0.000000 0.000000 0.000000 0.004215 0.002392 -0.000494 0.000000 0.000000 0.000000 0.000171 -0.000268 -0.001575 -0.001247 -0.000817 -0.001914 0.091523 0.066711 9.808346 
6.799117 -0.000027 -0.000014 0.000081 -0.016183 0.000132 0.001019 0.000000 0.000000 0.000000 0.001494 -0.008212 0.000258 0.000000 0.000000 0.000000 0.000160 -0.000265 -0.001566 -0.000908 0.000126 -0.001968 0.091204 0.065825 9.808355 
7.200381 -0.000027 -0.000017 0.000267 -0.017792 0.001482 0.000926 0.000000 0.000000 0.000000 -0.005701 0.007858 -0.000176 0.000000 0.000000 0.000000 0.000150 -0.000267 -0.001579 -0.000380 -0.000929 -0.001891 0.090710 0.066814 9.808353 
7.600353 -0.000026 -0.000016 0.000164 -0.016241 0.000787 0.000820 0.000000 0.000000 0.000000 0.006687 -0.004975 -0.000296 0.000000 0.000000 0.000000 0.000156 -0.000256 -0.001570 -0.000975 -0.000336 -0.001806 0.091267 0.066262 9.808352 
8.000393 -0.000028 -0.000013 0.000140 -0.015824 0.001393 0.000925 0.000000 0.000000 0.000000 -0.000162 0.003315 -0.000149 0.000000 0.000000 0.000000 0.000155 -0.000257 -0.001569 -0.000576 -0.000778 -0.001977 0.090893 0.066672 9.808352 
8.400474 -0.000027 -0.000013 0.000149 -0.015652 0.000991 0.000863 0.000000 0.000000 0.000000 0.000959 -0.002267 -0.000305 0.000000 0.000000 0.000000 0.000158 -0.000257 -0.001570 -0.000583 -0.000511 -0.001952 0.090900 0.066424 9.808354 
8.800508 -0.000026 -0.000018 0.000151 -0.018112 -0.000888 0.001160 0.000000 0.000000 0.000000 -0.008394 -0.004971 0.000742 0.000000 0.000000 0.000000 0.000145 -0.000215 -0.001571 -0.000241 -0.000399 -0.002128 0.090583 0.066319 9.808358 
9.000484 -0.000024 -0.000021 0.000448 -0.020291 0.000889 0.001192 0.000000 0.000000 0.000000 -0.011190 0.008271 0.000135 0.000000 0.000000 0.000000 0.000214 -0.000203 -0.001591 -0.000104 -0.001073 -0.002029 0.090458 0.066940 9.808354 
9.200456 -0.000032 -0.000018 0.000106 -0.017997 0.000678 0.001160 0.000000 0.000000 0.000000 0.009400 -0.000987 -0.000279 0.000000 0.000000 0.000000 0.000219 -0.000208 -0.001570 -0.001552 -0.000376 -0.002000 0.091789 0.066302 9.808346 
9.400520 -0.000024 -0.000008 -0.000001 -0.015659 -0.001154 0.000931 0.000000 0.000000 0.000000 0.012030 -0.008683 -0.001088 0.000000 0.000000 0.000000 0.000230 -0.000207 -0.001564 -0.001703 0.000213 -0.001897 0.091929 0.065763 9.808349 
9.800600 -0.000029 -0.000014 0.000276 -0.018224 0.001335 0.001024 0.000000 0.000000 0.000000 -0.012092 0.011516 0.000481 0.000000 0.000000 0.000000 0.000212 -0.000231 -0.001580 -0.000370 -0.000851 -0.002074 0.090710 0.066736 9.808354 
10.000511 -0.000029 -0.000023 0.000175 -0.020040 0.000100 0.001258 0.000000 0.000000 0.000000 -0.008769 -0.005787 0.001620 0.000000 0.000000 0.000000 0.000206 -0.000233 -0.001574 -0.000499 -0.000113 -0.002148 0.090826 0.066063 9.808357 
10.200543 -0.000026 -0.000015 0.000180 -0.018987 -0.001437 0.001294 0.000000 0.000000 0.000000 0.003906 -0.007926 0.000046 0.000000 0.000000 0.000000 0.000203 -0.000247 -0.001573 -0.001229 0.000020 -0.001990 0.091491 0.065945 9.808352 
10.800669 -0.000031 -0.000023 0.000260 -0.020244 0.000658 0.000863 0.000000 0.000000 0.000000 -0.005258 0.009890 -0.000519 0.000000 0.000000 0.000000 0.000224 -0.000233 -0.001584 -0.000939 -0.000499 -0.001897 0.091229 0.066414 9.808351 
11.200704 -0.000025 -0.000022 0.000162 -0.018804 0.000284 0.000953 0.000000 0.000000 0.000000 0.006329 -0.004001 0.000385 0.000000 0.000000 0.000000 0.000213 -0.000239 -0.001581 -0.001177 -0.000171 -0.002025 0.091441 0.066120 9.808351 
11.400753 -0.000023 -0.000016 0.000285 -0.017779 0.000005 0.001091 0.000000 0.000000 0.000000 0.005493 -0.001487 0.000463 0.000000 0.000000 0.000000 0.000218 -0.000239 -0.001587 -0.001106 -0.000312 -0.002071 0.091377 0.066246 9.808351 
11.600730 -0.000025 -0.000019 0.000126 -0.018442 -0.000065 0.000897 0.000000 0.000000 0.000000 -0.002463 -0.000099 -0.001512 0.000000 0.000000 0.000000 0.000222 -0.000222 -0.001580 -0.000652 -0.000381 -0.001954 0.090972 0.066308 9.808354 
12.201993 -0.000024 -0.000016 0.000308 -0.018477 -0.000208 0.000838 0.000000 0.000000 0.000000 0.001671 -0.000493 -0.000042 0.000000 0.000000 0.000000 0.000221 -0.000226 -0.001589 -0.000720 -0.000394 -0.002213 0.091030 0.066318 9.808353 
12.800911 -0.000034 -0.000023 0.000010 -0.020016 -0.000696 0.001371 0.000000 0.000000 0.000000 -0.003863 -0.001020 0.001047 0.000000 0.000000 0.000000 0.000220 -0.000231 -0.001573 -0.000592 -0.000393 -0.002345 0.090917 0.066316 9.808354 
13.401023 -0.000032 -0.000013 0.000136 -0.017954 0.001441 0.001111 0.000000 0.000000 0.000000 0.006901 0.005518 -0.000623 0.000000 0.000000 0.000000 0.000236 -0.000253 -0.001577 -0.000784 -0.000531 -0.002209 0.091086 0.066438 9.808352 
13.600991 -0.000028 -0.000018 0.000035 -0.018522 -0.001277 0.001195 0.000000 0.000000 0.000000 -0.002127 -0.013485 0.000758 0.000000 0.000000 0.000000 0.000201 -0.000234 -0.001572 -0.000567 -0.000075 -0.002271 0.090896 0.066042 9.808357 
13.800934 -0.000030 -0.000015 0.000305 -0.017142 0.001138 0.001077 0.000000 0.000000 0.000000 0.005300 0.009657 -0.000948 0.000000 0.000000 0.000000 0.000235 -0.000245 -0.001587 -0.000883 -0.001260 -0.002185 0.091172 0.067071 9.808347 
14.002113 -0.000035 -0.000010 0.000168 -0.015815 0.001287 0.001052 0.000000 0.000000 0.000000 0.006869 0.001010 0.000273 0.000000 0.000000 0.000000 0.000242 -0.000243 -0.001579 -0.000955 -0.000770 -0.002241 0.091234 0.066646 9.808349 
14.200800 -0.000022 -0.000009 0.000051 -0.016640 0.000600 0.001048 0.000000 0.000000 0.000000 -0.003046 -0.003205 0.000081 0.000000 0.000000 0.000000 0.000240 -0.000243 -0.001576 -0.000425 -0.000564 -0.002207 0.090777 0.066468 9.808355 
14.400811 -0.000023 -0.000014 0.000188 -0.017776 0.001004 0.000848 0.000000 0.000000 0.000000 -0.005659 0.001638 -0.001294 0.000000 0.000000 0.000000 0.000248 -0.000240 -0.001582 -0.000302 -0.000816 -0.002127 0.090671 0.066684 9.808354 
15.400882 -0.000036 -0.000010 0.000186 -0.017564 0.000758 0.001812 0.000000 0.000000 0.000000 0.004477 -0.001500 0.001646 0.000000 0.000000 0.000000 0.000245 -0.000248 -0.001583 -0.000402 -0.000783 -0.002344 0.090755 0.066655 9.808354 
16.200895 -0.000031 -0.000003 0.000334 -0.015971 -0.000542 0.001496 0.000000 0.000000 0.000000 0.001436 -0.001980 -0.000398 0.000000 0.000000 0.000000 0.000243 -0.000238 -0.001585 -0.000365 -0.000779 -0.002200 0.090725 0.066653 9.808354 
16.402257 -0.000027 -0.000017 0.000337 -0.019552 -0.000053 0.001405 0.000000 0.000000 0.000000 -0.017398 0.002315 -0.000204 0.000000 0.000000 0.000000 0.000251 -0.000201 -0.001586 0.000021 -0.000875 -0.002189 0.090401 0.066732 9.808356 
16.800936 -0.000029 -0.000014 0.000058 -0.018299 -0.000901 0.001470 0.000000 0.000000 0.000000 0.009810 -0.004196 0.000706 0.000000 0.000000 0.000000 0.000236 -0.000262 -0.001576 -0.000804 -0.000661 -0.002210 0.091090 0.066556 9.808351 
17.000999 -0.000024 -0.000010 0.000196 -0.018766 -0.000930 0.001201 0.000000 0.000000 0.000000 -0.001176 -0.000049 -0.001685 0.000000 0.000000 0.000000 0.000244 -0.000239 -0.001582 -0.000414 -0.000802 -0.002064 0.090768 0.066673 9.808353 
17.202274 -0.000029 -0.000020 0.000280 -0.019645 -0.000473 0.001347 0.000000 0.000000 0.000000 -0.003964 0.002238 0.000671 0.000000 0.000000 0.000000 0.000244 -0.000238 -0.001584 -0.000261 -0.000901 -0.002243 0.090640 0.066754 9.808354 
17.600965 -0.000026 -0.000025 0.000092 -0.021279 -0.000293 0.001330 0.000000 0.000000 0.000000 -0.004053 -0.000484 -0.000524 0.000000 0.000000 0.000000 0.000243 -0.000236 -0.001575 -0.000246 -0.000818 -0.002168 0.090628 0.066686 9.808355 
18.201070 -0.000019 -0.000025 -0.000047 -0.019555 -0.001054 0.000978 0.000000 0.000000 0.000000 0.006715 -0.001621 -0.000364 0.000000 0.000000 0.000000 0.000240 -0.000234 -0.001568 -0.000429 -0.000791 -0.002129 0.090777 0.066665 9.808353 
18.802386 -0.000021 -0.000026 0.000124 -0.021542 -0.001428 0.001255 0.000000 0.000000 0.000000 -0.007107 0.000163 0.000542 0.000000 0.000000 0.000000 0.000235 -0.000243 -0.001579 -0.000173 -0.000810 -0.002211 0.090570 0.066680 9.808355 
19.801083 -0.000018 -0.000029 0.000129 -0.022387 -0.002145 0.001232 0.000000 0.000000 0.000000 0.003550 -0.001720 -0.000126 0.000000 0.000000 0.000000 0.000233 -0.000250 -0.001580 -0.000252 -0.000797 -0.002158 0.090634 0.066670 9.808355 
20.201107 -0.000026 -0.000030 0.000198 -0.022402 -0.002136 0.001561 0.000000 0.000000 0.000000 -0.000098 0.000702 0.000752 0.000000 0.000000 0.000000 0.000231 -0.000252 -0.001580 -0.000199 -0.000814 -0.002246 0.090591 0.066683 9.808355 
21.002536 -0.000026 0.000026 0.003334 -0.007847 -0.001936 0.000207 0.000000 0.000000 0.000000 -0.082284 0.000038 0.009329 0.000000 0.000000 0.000000 0.000207 -0.000338 -0.001833 -0.001625 -0.000799 -0.002190 0.091714 0.066670 9.808345 
21.202521 -0.000027 0.000170 0.005341 0.038542 -0.014528 0.000886 0.000000 0.000000 0.000000 0.232588 -0.073005 0.002348 0.000000 0.000000 0.000000 0.000213 -0.000070 -0.002008 -0.004647 -0.000222 -0.002651 0.094006 0.066156 9.808326 
21.601135 -0.000028 0.000216 0.000877 0.045772 -0.001489 0.000571 0.000000 0.000000 0.000000 -0.004917 0.077412 -0.005029 0.000000 0.000000 0.000000 0.000138 -0.000393 -0.001790 0.005003 -0.004943 -0.003273 0.086234 0.069219 9.808377 
21.802507 -0.000040 0.000232 0.007016 0.062739 -0.003513 0.000154 0.000000 0.000000 0.000000 0.040530 -0.004105 -0.007174 0.000000 0.000000 0.000000 0.000151 -0.000318 -0.002209 0.002354 -0.002158 -0.003612 0.088460 0.067252 9.808371 
22.002539 -0.000059 0.000360 0.010043 0.102596 -0.013151 0.000253 0.000000 0.000000 0.000000 0.137612 -0.056062 -0.001939 0.000000 0.000000 0.000000 0.000189 -0.000143 -0.002380 -0.005445 0.000119 -0.003662 0.094529 0.065778 9.808324 
22.201233 -0.000030 0.000497 0.008576 0.150010 -0.034894 -0.000893 0.000000 0.000000 0.000000 0.239035 -0.112788 -0.015516 0.000000 0.000000 0.000000 0.000158 -0.000055 -0.002257 -0.009482 0.002883 -0.003258 0.097862 0.063999 9.808303 
22.401255 -0.000019 0.000591 0.010106 0.188662 -0.039700 0.000731 0.000000 0.000000 0.000000 0.234512 -0.035413 -0.001271 0.000000 0.000000 0.000000 0.000248 0.000055 -0.002358 -0.006801 -0.000442 -0.004351 0.095439 0.066198 9.808312 
23.202601 -0.000125 0.001005 0.008539 0.312228 -0.017289 0.000114 0.000000 0.000000 0.000000 0.066183 0.065128 -0.006505 0.000000 0.000000 0.000000 0.000596 0.000109 -0.002305 -0.006505 -0.001317 -0.005505 0.095065 0.066796 9.808312 
23.401262 -0.000168 0.001137 0.010884 0.346367 -0.009448 0.001540 0.000000 0.000000 0.000000 0.153504 0.038065 0.031896 0.000000 0.000000 0.000000 0.000607 0.000113 -0.002526 -0.007517 -0.001008 -0.006674 0.095814 0.066671 9.808305 
23.602577 -0.000274 0.001300 0.013754 0.407474 -0.002079 0.001365 0.000000 0.000000 0.000000 0.279922 0.029911 -0.032871 0.000000 0.000000 0.000000 0.000670 0.000118 -0.002639 -0.011720 -0.000406 -0.008540 0.098990 0.066663 9.808274 
23.802688 -0.000240 0.001530 0.016651 0.475366 -0.010807 0.001039 0.000000 0.000000 0.000000 0.331629 -0.049532 0.023031 0.000000 0.000000 0.000000 0.000550 0.000056 -0.002889 -0.013642 0.002531 -0.009420 0.100809 0.064746 9.808268 
24.402724 -0.000333 0.002053 0.020183 0.647095 -0.013605 0.002201 0.000000 0.000000 0.000000 0.257639 0.023911 0.014021 0.000000 0.000000 0.000000 0.000691 0.000194 -0.003044 -0.012719 0.001140 -0.009548 0.099882 0.065575 9.808272 
24.602688 -0.000370 0.002251 0.018346 0.703607 -0.012914 0.001722 0.000000 0.000000 0.000000 0.276886 0.007034 -0.001601 0.000000 0.000000 0.000000 0.000725 0.000193 -0.003010 -0.012899 0.001375 -0.009309 0.100064 0.065460 9.808271 
24.801326 -0.000389 0.002388 0.019461 0.751624 -0.005478 0.002541 0.000000 0.000000 0.000000 0.228377 0.029142 -0.025123 0.000000 0.000000 0.000000 0.000773 0.000112 -0.003108 -0.012506 0.000205 -0.008349 0.099491 0.066167 9.808272 
25.001362 -0.000362 0.002566 0.022545 0.829694 0.000344 0.001373 0.000000 0.000000 0.000000 0.363224 0.025148 0.014588 0.000000 0.000000 0.000000 0.000827 -0.000049 -0.003309 -0.019240 0.001210 -0.009025 0.104420 0.067027 9.808215 
25.202710 -0.000406 0.002909 0.026755 0.919694 -0.013950 0.002669 0.000000 0.000000 0.000000 0.456056 -0.070359 -0.012082 0.000000 0.000000 0.000000 0.000653 -0.000132 -0.003551 -0.021959 0.005269 -0.008756 0.107286 0.064886 9.808199 
25.402651 -0.000491 0.003109 0.027085 0.986688 -0.018169 0.002464 0.000000 0.000000 0.000000 0.335368 -0.016343 -0.015825 0.000000 0.000000 0.000000 0.000734 -0.000118 -0.003541 -0.018026 0.002305 -0.008404 0.103771 0.065741 9.808231 
25.801402 -0.000521 0.003475 0.028674 1.138469 -0.030786 0.003121 0.000000 0.000000 0.000000 0.370313 -0.058700 0.025883 0.000000 0.000000 0.000000 0.000662 -0.000459 -0.003593 -0.020419 0.002896 -0.007084 0.105508 0.066099 9.808210 
26.002764 -0.000644 0.003810 0.029076 1.226811 -0.015636 0.003114 0.000000 0.000000 0.000000 0.419460 0.068493 0.032059 0.000000 0.000000 0.000000 0.001221 -0.000802 -0.003664 -0.022672 0.000409 -0.004616 0.105964 0.068361 9.808189 
26.602762 -0.000806 0.004606 0.035246 1.490132 -0.019596 0.006034 0.000000 0.000000 0.000000 0.429610 -0.057198 0.019033 0.000000 0.000000 0.000000 0.001014 -0.000927 -0.004160 -0.022869 0.002503 -0.003860 0.106789 0.067088 9.808189 
26.802806 -0.000874 0.004913 0.038859 1.587981 -0.023637 0.007829 0.000000 0.000000 0.000000 0.469994 -0.017557 0.039457 0.000000 0.000000 0.000000 0.001018 -0.000874 -0.004310 -0.023902 0.002196 -0.000447 0.107308 0.067510 9.808181 
27.202798 -0.000977 0.005576 0.042152 1.796517 -0.031439 0.006288 0.000000 0.000000 0.000000 0.526659 -0.015072 0.014082 0.000000 0.000000 0.000000 0.001139 -0.001084 -0.004521 -0.025548 0.002520 -0.000653 0.108405 0.068054 9.808165 
27.401506 -0.001103 0.005778 0.043458 1.867300 -0.031570 0.007902 0.000000 0.000000 0.000000 0.358193 0.019635 0.023369 0.000000 0.000000 0.000000 0.001054 -0.000771 -0.004595 -0.022019 0.000922 -0.000372 0.105705 0.067241 9.808200 
27.602805 -0.001233 0.006029 0.046417 1.976497 -0.028724 0.010384 0.000000 0.000000 0.000000 0.547400 -0.002608 -0.016624 0.000000 0.000000 0.000000 0.001066 -0.001085 -0.004715 -0.026561 0.002956 0.000196 0.109088 0.068395 9.808155 
28.002894 -0.001196 0.006495 0.048518 2.191307 -0.026048 0.007549 0.000000 0.000000 0.000000 0.549913 0.019393 -0.011300 0.000000 0.000000 0.000000 0.001105 -0.001043 -0.004712 -0.027144 0.002867 0.002603 0.109110 0.068683 9.808153 
28.201524 -0.001282 0.006775 0.050301 2.283507 -0.027702 0.008353 0.000000 0.000000 0.000000 0.468626 -0.024359 -0.002737 0.000000 0.000000 0.000000 0.001173 -0.001100 -0.004904 -0.024633 0.002485 0.002279 0.107738 0.067479 9.808176 
28.402872 -0.001399 0.007056 0.055018 2.374890 -0.018727 0.009105 0.000000 0.000000 0.000000 0.441773 0.038406 0.021645 0.000000 0.000000 0.000000 0.001280 -0.001053 -0.005102 -0.024838 0.000354 0.002583 0.106667 0.068594 9.808180 
28.801618 -0.001381 0.007404 0.056222 2.569729 -0.039863 0.009572 0.000000 0.000000 0.000000 0.538653 -0.085128 0.005024 0.000000 0.000000 0.000000 0.000675 -0.001060 -0.005097 -0.023568 0.002345 0.002304 0.107291 0.067018 9.808184 
29.001604 -0.001457 0.007667 0.055437 2.618279 -0.029611 0.009498 0.000000 0.000000 0.000000 0.252167 0.053821 -0.018078 0.000000 0.000000 0.000000 0.001570 0.000351 -0.005014 -0.018758 -0.003884 0.001719 0.101603 0.066363 9.808249 
29.602915 -0.001622 0.008123 0.061579 2.861767 -0.020824 0.013201 0.000000 0.000000 0.000000 0.756352 0.011442 0.011021 0.000000 0.000000 0.000000 0.001440 0.000705 -0.005335 -0.021590 -0.001379 0.002332 0.104216 0.066910 9.808218 
29.801610 -0.001655 0.008293 0.056795 2.961375 -0.006917 0.000702 0.000000 0.000000 0.000000 0.558609 0.077495 -0.072132 0.000000 0.000000 0.000000 0.001386 0.000232 -0.005129 -0.017351 -0.004416 0.005154 0.100327 0.065593 9.808268 
30.002940 -0.001666 0.008400 0.057374 2.871268 -0.023094 0.008394 0.000000 0.000000 0.000000 -0.371121 -0.041157 0.047569 0.000000 0.000000 0.000000 0.001391 -0.000567 -0.005100 0.014325 -0.015634 -0.000222 0.081676 0.050664 9.808529 
30.202940 -0.001563 0.008200 0.056692 2.838533 -0.030396 0.006896 0.000000 0.000000 0.000000 -0.201345 -0.045183 -0.015170 0.000000 0.000000 0.000000 0.001372 -0.000630 -0.005074 0.006441 -0.011847 0.001993 0.086986 0.053846 9.808467 
30.402925 -0.001550 0.008200 0.056428 2.829124 -0.021807 0.005373 0.000000 0.000000 0.000000 -0.069189 0.035712 -0.009124 0.000000 0.000000 0.000000 0.001421 -0.000767 -0.005040 0.000143 -0.012341 0.001604 0.089226 0.057783 9.808424 
30.603014 -0.001603 0.008281 0.056710 2.837796 -0.020780 0.004984 0.000000 0.000000 0.000000 0.044234 -0.001585 0.000783 0.000000 0.000000 0.000000 0.001386 -0.000854 -0.005029 -0.002660 -0.009950 0.001340 0.091763 0.058493 9.808396 
30.802996 -0.001602 0.008338 0.057254 2.854265 -0.024274 0.004211 0.000000 0.000000 0.000000 0.077366 0.011675 -0.003508 0.000000 0.000000 0.000000 0.001304 -0.000902 -0.005041 -0.003217 -0.008856 0.001503 0.092604 0.058376 9.808389 
31.004364 -0.001640 0.008312 0.058687 2.853381 -0.014621 0.007076 0.000000 0.000000 0.000000 -0.029887 0.098422 0.013985 0.000000 0.000000 0.000000 0.001278 -0.000911 -0.005284 -0.001091 -0.009916 0.000659 0.091223 0.057631 9.808407 
31.203095 -0.001643 0.008142 0.061474 2.819711 0.015910 0.006661 0.000000 0.000000 0.000000 -0.182290 0.184551 0.017686 0.000000 0.000000 0.000000 0.001341 -0.000727 -0.005255 0.002026 -0.013189 0.002807 0.087935 0.056943 9.808441 
31.803185 -0.001889 0.008199 0.059613 2.839600 0.130213 0.008018 0.000000 0.000000 0.000000 0.139477 0.205516 0.025902 0.000000 0.000000 0.000000 0.001410 -0.000812 -0.004960 -0.002559 -0.009984 0.004018 0.091324 0.058609 9.808400 
32.203134 -0.002165 0.008306 0.055384 2.849034 0.222436 0.007230 0.000000 0.000000 0.000000 -0.017818 0.220976 -0.057387 0.000000 0.000000 0.000000 0.001706 -0.000529 -0.004793 -0.001689 -0.011236 0.003252 0.090365 0.058486 9.808409 
32.403201 -0.002238 0.008288 0.058571 2.832969 0.266745 0.007042 0.000000 0.000000 0.000000 -0.080407 0.219642 -0.023802 0.000000 0.000000 0.000000 0.001724 -0.000233 -0.004846 -0.000104 -0.011984 0.001434 0.089496 0.057899 9.808421 
32.603182 -0.002299 0.008349 0.056410 2.836083 0.317880 0.007035 0.000000 0.000000 0.000000 0.007971 0.257503 0.024444 0.000000 0.000000 0.000000 0.001767 -0.000342 -0.004810 -0.003445 -0.012073 0.000161 0.090843 0.059902 9.808396 
32.804454 -0.002375 0.008437 0.058452 2.847023 0.345771 0.007362 0.000000 0.000000 0.000000 0.028797 0.160364 0.019745 0.000000 0.000000 0.000000 0.001468 -0.000398 -0.004861 -0.003804 -0.008770 0.000790 0.092758 0.058784 9.808385 
33.001748 -0.002475 0.008472 0.056675 2.854976 0.387081 0.007352 0.000000 0.000000 0.000000 0.031180 0.165538 -0.041002 0.000000 0.000000 0.000000 0.001496 -0.000364 -0.004820 -0.005196 -0.010890 -0.000332 0.092183 0.060474 9.808380 
33.403285 -0.002586 0.008469 0.059228 2.866479 0.469785 0.008491 0.000000 0.000000 0.000000 0.028475 0.211312 -0.042222 0.000000 0.000000 0.000000 0.001483 -0.000373 -0.004858 -0.006535 -0.013446 0.001165 0.091184 0.062053 9.808380 
33.603331 -0.002681 0.008425 0.058784 2.852688 0.502863 0.008199 0.000000 0.000000 0.000000 -0.072587 0.178256 -0.010900 0.000000 0.000000 0.000000 0.001549 -0.000409 -0.004812 -0.004211 -0.013264 0.000098 0.090489 0.060761 9.808394 
34.001886 -0.002786 0.008377 0.054223 2.831084 0.602392 0.007069 0.000000 0.000000 0.000000 -0.057961 0.291498 0.035688 0.000000 0.000000 0.000000 0.001673 -0.000469 -0.004430 -0.005799 -0.014237 0.001520 0.090399 0.061932 9.808388 
34.204493 -0.002951 0.008503 0.051231 2.852371 0.652426 0.006244 0.000000 0.000000 0.000000 0.085123 0.252219 0.019169 0.000000 0.000000 0.000000 0.001760 -0.000451 -0.004239 -0.009424 -0.011055 0.004404 0.093212 0.062613 9.808357 
34.403415 -0.003005 0.008575 0.053770 2.873581 0.686655 0.005420 0.000000 0.000000 0.000000 0.090955 0.170953 -0.014514 0.000000 0.000000 0.000000 0.001760 -0.000500 -0.004435 -0.009430 -0.008161 0.004967 0.094633 0.061425 9.808351 
34.601884 -0.003117 0.008451 0.051435 2.841151 0.736535 0.006008 0.000000 0.000000 0.000000 -0.200737 0.282624 0.018251 0.000000 0.000000 0.000000 0.001771 -0.000614 -0.004394 -0.003731 -0.013285 0.005292 0.089791 0.060846 9.808400 
35.003513 -0.003324 0.008495 0.055381 2.843147 0.856924 0.006844 0.000000 0.000000 0.000000 0.064504 0.286251 0.000730 0.000000 0.000000 0.000000 0.001864 -0.000855 -0.004599 -0.009213 -0.010813 0.006856 0.093141 0.062284 9.808360 
35.203191 -0.003476 0.008622 0.055340 2.862089 0.918633 0.007653 0.000000 0.000000 0.000000 0.078592 0.314592 0.041527 0.000000 0.000000 0.000000 0.001727 -0.000823 -0.004584 -0.010587 -0.010586 0.008435 0.093671 0.062723 9.808352 
35.601882 -0.003693 0.008684 0.051810 2.853915 1.035683 0.007529 0.000000 0.000000 0.000000 -0.059769 0.304326 0.005565 0.000000 0.000000 0.000000 0.001791 -0.000924 -0.004248 -0.009484 -0.013497 0.010561 0.091630 0.063043 9.808369 
35.803246 -0.003812 0.008717 0.047909 2.852868 1.091081 0.008679 0.000000 0.000000 0.000000 -0.000329 0.259254 -0.005895 0.000000 0.000000 0.000000 0.001752 -0.000905 -0.004028 -0.010319 -0.012519 0.012823 0.092298 0.062938 9.808364 
36.003287 -0.003928 0.008778 0.049607 2.876323 1.141386 0.008853 0.000000 0.000000 0.000000 0.104712 0.260956 -0.033620 0.000000 0.000000 0.000000 0.001662 -0.000969 -0.004119 -0.013448 -0.010790 0.008199 0.094797 0.064166 9.808332 
36.401978 -0.004211 0.008898 0.049786 2.868921 1.261275 0.009809 0.000000 0.000000 0.000000 -0.079662 0.307899 0.033657 0.000000 0.000000 0.000000 0.001545 -0.000946 -0.004097 -0.010138 -0.013758 0.004875 0.092373 0.064428 9.808353 
36.604646 -0.004333 0.009023 0.051256 2.888993 1.316057 0.010360 0.000000 0.000000 0.000000 0.116119 0.240522 -0.033458 0.000000 0.000000 0.000000 0.001478 -0.001006 -0.004127 -0.013278 -0.012334 0.005144 0.094307 0.065141 9.808330 
36.804682 -0.004485 0.009052 0.051115 2.887142 1.377505 0.011646 0.000000 0.000000 0.000000 0.002084 0.313575 0.023100 0.000000 0.000000 0.000000 0.001605 -0.000790 -0.003995 -0.011264 -0.015336 0.003298 0.092244 0.065700 9.808346 
37.404684 -0.004875 0.009298 0.046879 2.906578 1.549364 0.014820 0.000000 0.000000 0.000000 0.060156 0.253733 -0.026322 0.000000 0.000000 0.000000 0.001478 -0.000834 -0.003715 -0.012393 -0.014009 0.008586 0.092941 0.065056 9.808344 
37.803362 -0.005165 0.009530 0.047592 2.901517 1.673547 0.016268 0.000000 0.000000 0.000000 -0.039652 0.265902 0.018735 0.000000 0.000000 0.000000 0.001695 -0.000520 -0.003750 -0.011618 -0.014711 0.003697 0.092608 0.065668 9.808343 
38.003391 -0.005345 0.009704 0.047933 2.913901 1.739746 0.019682 0.000000 0.000000 0.000000 0.065852 0.301146 0.059175 0.000000 0.000000 0.000000 0.002155 -0.001176 -0.003714 -0.014675 -0.016187 0.005806 0.093186 0.067224 9.808327 
38.603446 -0.005524 0.009505 0.041538 2.908722 1.937491 0.012162 0.000000 0.000000 0.000000 -0.042741 0.372127 -0.056076 0.000000 0.000000 0.000000 0.002289 -0.001160 -0.003134 -0.013857 -0.018828 0.008512 0.091554 0.067729 9.808339 
38.804733 -0.005784 0.009786 0.042203 2.948548 1.988180 0.010651 0.000000 0.000000 0.000000 0.178517 0.250313 -0.009061 0.000000 0.000000 0.000000 0.002149 -0.000992 -0.003154 -0.016159 -0.016451 0.003453 0.093851 0.068264 9.808313 
39.203471 -0.005920 0.009781 0.042831 2.929441 2.103722 0.013288 0.000000 0.000000 0.000000 -0.145506 0.314740 -0.031689 0.000000 0.000000 0.000000 0.002171 -0.000899 -0.003207 -0.010080 -0.019184 -0.001788 0.090561 0.068165 9.808345 
39.604929 -0.006270 0.010055 0.045251 2.938421 2.231505 0.012677 0.000000 0.000000 0.000000 0.086441 0.193993 -0.007251 0.000000 0.000000 0.000000 0.002327 -0.001376 -0.003181 -0.013395 -0.019448 0.000148 0.091903 0.069117 9.808326 
39.804793 -0.006403 0.010196 0.045002 2.966453 2.245695 0.015712 0.000000 0.000000 0.000000 0.143623 0.017595 0.010955 0.000000 0.000000 0.000000 0.002225 -0.001461 -0.003191 -0.014121 -0.018500 -0.001089 0.092643 0.069071 9.808319 
40.003526 -0.006444 0.010193 0.041730 2.955163 2.245059 0.018290 0.000000 0.000000 0.000000 0.021805 0.006803 0.010596 0.000000 0.000000 0.000000 0.002142 -0.001119 -0.003105 -0.008221 -0.019706 -0.001200 0.089701 0.067635 9.808357 
40.204844 -0.006145 0.009997 0.042039 2.934966 2.240524 0.016241 0.000000 0.000000 0.000000 -0.011193 0.002867 -0.020981 0.000000 0.000000 0.000000 0.002091 -0.000982 -0.002898 -0.002446 -0.020179 -0.000553 0.086959 0.065907 9.808393 
40.404893 -0.006197 0.009936 0.036381 2.888654 2.243484 0.015580 0.000000 0.000000 0.000000 -0.192449 0.005978 0.024500 0.000000 0.000000 0.000000 0.002056 -0.001393 -0.002689 0.004997 -0.022906 -0.000873 0.082880 0.064863 9.808435 
40.603528 -0.006077 0.009609 0.035353 2.831418 2.254776 0.016208 0.000000 0.000000 0.000000 -0.329299 0.061479 -0.006988 0.000000 0.000000 0.000000 0.002036 -0.001436 -0.002647 0.006835 -0.025275 0.000133 0.081341 0.065359 9.808445 
40.803586 -0.006137 0.009533 0.037420 2.787918 2.254200 0.013931 0.000000 0.000000 0.000000 -0.215186 -0.002030 0.002064 0.000000 0.000000 0.000000 0.001936 -0.001509 -0.002740 0.004463 -0.023665 0.000674 0.082728 0.065042 9.808435 
41.204869 -0.006049 0.009214 0.031341 2.681912 2.248626 0.017597 0.000000 0.000000 0.000000 -0.274138 -0.030722 0.016081 0.000000 0.000000 0.000000 0.001898 -0.001504 -0.002242 0.006858 -0.024468 -0.000240 0.081537 0.064964 9.808446 
41.404855 -0.005991 0.008944 0.028232 2.611459 2.247400 0.018017 0.000000 0.000000 0.000000 -0.361960 -0.009968 0.003259 0.000000 0.000000 0.000000 0.001826 -0.001523 -0.002110 0.008077 -0.025203 -0.000469 0.080821 0.065008 9.808452 
41.603415 -0.005957 0.008846 0.029613 2.554974 2.244369 0.020170 0.000000 0.000000 0.000000 -0.301207 -0.024010 0.017145 0.000000 0.000000 0.000000 0.001807 -0.001549 -0.002089 0.006046 -0.024608 -0.000974 0.081915 0.065074 9.808442 
41.803283 -0.005981 0.008771 0.026992 2.519441 2.235755 0.022070 0.000000 0.000000 0.000000 -0.187892 -0.066659 0.007278 0.000000 0.000000 0.000000 0.001765 -0.001659 -0.001980 0.003505 -0.024054 -0.000842 0.083171 0.065024 9.808432 
42.004538 -0.005971 0.008726 0.025655 2.464226 2.237519 0.024943 0.000000 0.000000 0.000000 -0.262534 0.010906 0.008712 0.000000 0.000000 0.000000 0.001775 -0.001599 -0.001931 0.005562 -0.026075 -0.000453 0.081973 0.065801 9.808437 
42.204293 -0.005943 0.008523 0.026792 2.404422 2.247019 0.023791 0.000000 0.000000 0.000000 -0.273410 0.038335 -0.002516 0.000000 0.000000 0.000000 0.001807 -0.001624 -0.001966 0.007066 -0.027475 0.000237 0.081107 0.066340 9.808440 
42.602718 -0.005878 0.008111 0.021781 2.240323 2.249683 0.025932 0.000000 0.000000 0.000000 -0.463791 -0.004301 -0.017953 0.000000 0.000000 0.000000 0.001708 -0.001643 -0.001557 0.011885 -0.027374 0.000125 0.078812 0.065997 9.808461 
43.202343 -0.005755 0.007693 0.017547 2.052548 2.245846 0.028917 0.000000 0.000000 0.000000 -0.216413 -0.010527 0.019013 0.000000 0.000000 0.000000 0.001641 -0.001556 -0.001258 0.008470 -0.027245 0.001818 0.080324 0.065970 9.808449 
43.403486 -0.005654 0.007406 0.016373 1.973219 2.246835 0.030002 0.000000 0.000000 0.000000 -0.389179 -0.003360 -0.007983 0.000000 0.000000 0.000000 0.001664 -0.001548 -0.001194 0.011130 -0.027553 0.000178 0.079288 0.066341 9.808455 
43.603435 -0.005559 0.007070 0.013454 1.862594 2.257103 0.030539 0.000000 0.000000 0.000000 -0.559209 0.047498 -0.000906 0.000000 0.000000 0.000000 0.001752 -0.001330 -0.001095 0.014831 -0.029079 0.001560 0.077584 0.067253 9.808463 
43.801872 -0.005456 0.006850 0.011739 1.769356 2.262334 0.028051 0.000000 0.000000 0.000000 -0.481811 0.023620 -0.011786 0.000000 0.000000 0.000000 0.001679 -0.001529 -0.000922 0.012531 -0.028576 0.001654 0.078582 0.066789 9.808458 
44.202937 -0.005181 0.006273 0.008115 1.627979 2.252797 0.030873 0.000000 0.000000 0.000000 -0.317385 -0.052661 0.039644 0.000000 0.000000 0.000000 0.001581 -0.001553 -0.000711 0.008089 -0.027525 0.001739 0.080429 0.065719 9.808450 
44.402819 -0.005182 0.006132 0.008327 1.561810 2.252292 0.029958 0.000000 0.000000 0.000000 -0.337600 0.003297 -0.018474 0.000000 0.000000 0.000000 0.001601 -0.001464 -0.000689 0.008390 -0.028458 0.000770 0.080565 0.066240 9.808445 
44.602673 -0.005213 0.006071 0.006169 1.498940 2.257991 0.032666 0.000000 0.000000 0.000000 -0.306344 0.037136 0.069695 0.000000 0.000000 0.000000 0.001665 -0.001462 -0.000632 0.008303 -0.029201 0.002680 0.080604 0.066481 9.808444 
44.802518 -0.005183 0.005840 0.004745 1.408251 2.263216 0.031144 0.000000 0.000000 0.000000 -0.425276 0.031842 0.030491 0.000000 0.000000 0.000000 0.001654 -0.001191 -0.000490 0.011289 -0.028908 0.005665 0.079125 0.066924 9.808453 
45.002381 -0.005102 0.005551 0.001561 1.320833 2.265923 0.029812 0.000000 0.000000 0.000000 -0.442800 0.016121 -0.026920 0.000000 0.000000 0.000000 0.001616 -0.001181 -0.000240 0.011325 -0.028474 0.006120 0.078985 0.066737 9.808455 
45.202286 -0.005098 0.005447 -0.000415 1.253190 2.260419 0.029896 0.000000 0.000000 0.000000 -0.346949 -0.023357 0.034850 0.000000 0.000000 0.000000 0.001510 -0.001257 -0.000180 0.008656 -0.027297 0.005043 0.079807 0.065644 9.808456 
45.402182 -0.004980 0.005223 0.000250 1.172482 2.257430 0.028811 0.000000 0.000000 0.000000 -0.429644 -0.019631 -0.001945 0.000000 0.000000 0.000000 0.001492 -0.001218 -0.000213 0.009492 -0.027471 0.005813 0.079511 0.065915 9.808456 
45.601987 -0.005038 0.005098 0.000440 1.121487 2.261137 0.030542 0.000000 0.000000 0.000000 -0.231182 0.008368 0.051184 0.000000 0.000000 0.000000 0.001575 -0.001373 -0.000196 0.006492 -0.029433 0.007425 0.081177 0.065608 9.808445 
45.801891 -0.004906 0.004911 -0.002269 1.066530 2.266953 0.031764 0.000000 0.000000 0.000000 -0.279629 0.040438 -0.074895 0.000000 0.000000 0.000000 0.001602 -0.001246 -0.000024 0.007321 -0.029599 0.007078 0.080939 0.065930 9.808444 
46.001825 -0.004963 0.004753 -0.004815 0.992629 2.272647 0.030628 0.000000 0.000000 0.000000 -0.331920 0.023535 0.025914 0.000000 0.000000 0.000000 0.001684 -0.001050 0.000089 0.010224 -0.029212 0.005773 0.079812 0.066703 9.808448 
46.201576 -0.004921 0.004499 -0.005561 0.909199 2.279657 0.031011 0.000000 0.000000 0.000000 -0.399382 0.031447 -0.005191 0.000000 0.000000 0.000000 0.001646 -0.000991 0.000154 0.012689 -0.029351 0.007283 0.078961 0.067540 9.808450 
46.601317 -0.004712 0.004048 -0.010522 0.683980 2.285244 0.024646 0.000000 0.000000 0.000000 -0.640448 0.005191 -0.047907 0.000000 0.000000 0.000000 0.001611 -0.000968 0.000487 0.017132 -0.027570 0.007045 0.076837 0.068545 9.808460 
46.801163 -0.004705 0.003711 -0.012104 0.614220 2.289489 0.023152 0.000000 0.000000 0.000000 -0.375485 0.016397 0.005094 0.000000 0.000000 0.000000 0.001589 -0.000974 0.000620 0.011826 -0.029303 0.004679 0.079209 0.067247 9.808450 
47.001083 -0.004693 0.003627 -0.015170 0.563463 2.286505 0.026921 0.000000 0.000000 0.000000 -0.257866 -0.023868 0.042933 0.000000 0.000000 0.000000 0.001475 -0.001157 0.000713 0.008353 -0.029225 0.005078 0.080148 0.065770 9.808452 
47.200902 -0.004719 0.003550 -0.015342 0.491659 2.292245 0.025782 0.000000 0.000000 0.000000 -0.356996 0.027906 -0.037208 0.000000 0.000000 0.000000 0.001635 -0.000967 0.000666 0.011942 -0.029822 0.006845 0.079466 0.067482 9.808446 
47.600715 -0.004585 0.002978 -0.018954 0.267821 2.342582 0.015053 0.000000 0.000000 0.000000 -0.616476 0.167513 0.018707 0.000000 0.000000 0.000000 0.001969 -0.000582 0.000962 0.017964 -0.030521 0.005732 0.078292 0.070461 9.808434 
47.800559 -0.004754 0.003013 -0.019832 0.266885 2.304570 0.020227 0.000000 0.000000 0.000000 0.003301 -0.245640 0.026363 0.000000 0.000000 0.000000 0.001368 -0.001137 0.001041 0.005208 -0.027545 0.005814 0.080417 0.064140 9.808461 
48.000388 -0.004695 0.002946 -0.021915 0.224640 2.289027 0.026227 0.000000 0.000000 0.000000 -0.192858 -0.071451 0.063541 0.000000 0.000000 0.000000 0.001830 -0.000735 0.001078 0.011276 -0.029660 0.006904 0.080044 0.067500 9.808441 
48.200238 -0.004402 0.002712 -0.025160 0.108026 2.301375 0.024573 0.000000 0.000000 0.000000 -0.550031 0.068378 -0.015515 0.000000 0.000000 0.000000 0.002018 -0.000009 0.001203 0.022736 -0.029454 0.009529 0.077673 0.073173 9.808420 
48.400086 -0.004460 0.002471 -0.024734 0.018130 2.324562 0.023348 0.000000 0.000000 0.000000 -0.441415 0.102307 -0.003996 0.000000 0.000000 0.000000 0.002270 -0.000036 0.001063 0.020667 -0.031597 0.008576 0.079168 0.072507 9.808413 
48.599942 -0.004555 0.002248 -0.024223 -0.048483 2.345204 0.027316 0.000000 0.000000 0.000000 -0.279998 0.114713 0.033549 0.000000 0.000000 0.000000 0.002279 -0.000105 0.001070 0.018717 -0.032084 0.007130 0.079723 0.071534 9.808415 
48.799823 -0.004660 0.002099 -0.028095 -0.107262 2.346124 0.027663 0.000000 0.000000 0.000000 -0.257831 0.005677 0.013876 0.000000 0.000000 0.000000 0.002019 -0.000359 0.001312 0.018208 -0.030212 0.007257 0.078839 0.070952 9.808427 
48.999696 -0.004445 0.001701 -0.030375 -0.207707 2.331541 0.021246 0.000000 0.000000 0.000000 -0.484228 -0.070236 -0.048372 0.000000 0.000000 0.000000 0.001838 -0.000266 0.001357 0.023116 -0.025661 0.009862 0.075754 0.072563 9.808439 
49.199591 -0.004338 0.001680 -0.031384 -0.310178 2.337626 0.020103 0.000000 0.000000 0.000000 -0.510571 0.033407 -0.005800 0.000000 0.000000 0.000000 0.002031 -0.000097 0.001470 0.025454 -0.027894 0.008504 0.076658 0.074189 9.808420 
49.597958 -0.004382 0.001231 -0.034558 -0.473141 2.373617 0.015999 0.000000 0.000000 0.000000 -0.368545 0.098323 -0.011936 0.000000 0.000000 0.000000 0.002263 -0.000537 0.001569 0.023581 -0.030319 0.010253 0.078193 0.073406 9.808414 
49.797831 -0.004241 0.000952 -0.036224 -0.618487 2.394237 0.006794 0.000000 0.000000 0.000000 -0.847013 0.120842 -0.072433 0.000000 0.000000 0.000000 0.002299 -0.000461 0.001666 0.029271 -0.027794 0.010699 0.076259 0.076392 9.808406 
49.997708 -0.004447 0.001115 -0.035180 -0.708853 2.386063 0.002517 0.000000 0.000000 0.000000 -0.703189 -0.064761 -0.010151 0.000000 0.000000 0.000000 0.001923 -0.002030 0.001572 0.012839 -0.030883 0.010250 0.079129 0.067133 9.808451 
50.198879 0.003933 0.036984 -0.030271 -0.471902 2.332640 -0.034332 0.000000 0.000000 0.000000 1.116285 -0.433841 -0.223894 0.000000 0.000000 0.000000 0.001629 -0.007394 0.002028 -0.032049 -0.052412 0.014449 0.094083 0.041630 9.808460 
50.397447 0.001605 0.034170 -0.031674 -0.387886 2.322752 -0.052489 0.000000 0.000000 0.000000 0.450210 -0.061142 -0.109674 0.000000 0.000000 0.000000 0.002930 -0.004953 0.001698 -0.010315 -0.055196 0.010300 0.095289 0.053368 9.808392 
50.797192 -0.007571 0.024980 -0.025349 -0.562916 2.200623 -0.128142 0.000000 0.000000 0.000000 -0.882100 -0.358736 -0.168490 0.000000 0.000000 0.000000 0.000939 -0.000372 0.001625 -0.001306 -0.042534 0.014145 0.085954 0.058275 9.808450 
50.998416 -0.005107 0.027386 -0.026196 -0.538096 2.141763 -0.120388 0.000000 0.000000 0.000000 0.054062 -0.338716 -0.029961 0.000000 0.000000 0.000000 0.001397 -0.007388 0.001319 -0.015573 -0.050274 0.008763 0.093196 0.051240 9.808423 
51.198245 -0.005337 0.028163 -0.022281 -0.525797 2.082059 -0.101966 0.000000 0.000000 0.000000 0.040911 -0.301047 0.035084 0.000000 0.000000 0.000000 0.001576 -0.007407 0.001165 -0.014393 -0.051579 0.004362 0.095099 0.051712 9.808403 
51.396842 -0.008331 0.027502 -0.026160 -0.551027 2.021339 -0.079539 0.000000 0.000000 0.000000 -0.134224 -0.290248 0.066311 0.000000 0.000000 0.000000 0.001423 -0.006865 0.001313 -0.010723 -0.049203 0.003915 0.093526 0.053113 9.808410 
51.797920 -0.001427 0.031303 -0.022674 -0.542657 1.862977 -0.027162 0.000000 0.000000 0.000000 0.038152 -0.410451 0.154267 0.000000 0.000000 0.000000 0.001088 -0.008134 0.001218 -0.015410 -0.049648 0.008426 0.092875 0.051377 9.808426 
51.997756 -0.006748 0.029342 -0.022523 -0.521951 1.821845 -0.045692 0.000000 0.000000 0.000000 0.114515 -0.188379 -0.056414 0.000000 0.000000 0.000000 0.002619 -0.008319 0.001068 -0.016928 -0.052719 0.015617 0.092307 0.052610 9.808425 
52.597422 -0.007449 0.028701 -0.020905 -0.550719 1.617561 -0.047184 0.000000 0.000000 0.000000 -0.154105 -0.442863 0.002115 0.000000 0.000000 0.000000 0.001691 -0.007527 0.000945 -0.015701 -0.049847 0.014949 0.091013 0.052672 9.808436 
52.797264 -0.005883 0.029082 -0.022788 -0.570931 1.532901 -0.040771 0.000000 0.000000 0.000000 -0.128560 -0.410517 0.045125 0.000000 0.000000 0.000000 0.001548 -0.007465 0.001107 -0.015944 -0.050124 0.013638 0.091677 0.052632 9.808430 
52.997229 -0.005139 0.029375 -0.024243 -0.511425 1.469679 -0.042950 0.000000 0.000000 0.000000 0.269559 -0.355656 0.031483 0.000000 0.000000 0.000000 0.001551 -0.008169 0.001017 -0.027364 -0.055946 0.017107 0.095044 0.048838 9.808418 
53.195644 -0.005526 0.029759 -0.021042 -0.538229 1.408953 -0.031561 0.000000 0.000000 0.000000 -0.147456 -0.278128 0.036200 0.000000 0.000000 0.000000 0.001666 -0.007015 0.000841 -0.015231 -0.052502 0.015477 0.092147 0.053747 9.808420 
53.396975 -0.005596 0.029217 -0.018638 -0.559134 1.340367 -0.032633 0.000000 0.000000 0.000000 -0.120253 -0.296471 0.033317 0.000000 0.000000 0.000000 0.001647 -0.007027 0.000703 -0.018202 -0.050933 0.016894 0.091418 0.052260 9.808435 
53.596822 -0.005176 0.029872 -0.018720 -0.554320 1.287353 -0.030210 0.000000 0.000000 0.000000 -0.002683 -0.260946 0.016380 0.000000 0.000000 0.000000 0.001651 -0.007400 0.000640 -0.022095 -0.052777 0.016522 0.093038 0.050873 9.808427 
53.796715 -0.004647 0.030141 -0.015709 -0.561860 1.209649 -0.021862 0.000000 0.000000 0.000000 -0.050213 -0.393434 0.059154 0.000000 0.000000 0.000000 0.001401 -0.007453 0.000492 -0.022581 -0.050899 0.016692 0.092317 0.050322 9.808436 
53.996603 -0.003350 0.029870 -0.016548 -0.606026 1.127969 -0.018302 0.000000 0.000000 0.000000 -0.245485 -0.391298 0.067078 0.000000 0.000000 0.000000 0.001447 -0.007245 0.000539 -0.019684 -0.049700 0.018642 0.090691 0.051306 9.808447 
54.196488 -0.004570 0.029517 -0.019234 -0.652747 1.067315 -0.017665 0.000000 0.000000 0.000000 -0.256237 -0.267903 0.061939 0.000000 0.000000 0.000000 0.001563 -0.007199 0.000742 -0.021186 -0.051568 0.021931 0.090753 0.051415 9.808445 
54.396404 -0.003263 0.029626 -0.018210 -0.622610 1.011869 -0.038377 0.000000 0.000000 0.000000 0.098951 -0.326732 -0.151322 0.000000 0.000000 0.000000 0.001853 -0.007900 0.000553 -0.034018 -0.056347 0.023798 0.094688 0.047860 9.808426 
54.596278 -0.003939 0.030030 -0.014602 -0.602102 0.948328 -0.019446 0.000000 0.000000 0.000000 0.085347 -0.323087 0.212127 0.000000 0.000000 0.000000 0.001862 -0.007819 0.000475 -0.033808 -0.056397 0.021442 0.095410 0.047678 9.808420 
54.796167 -0.003849 0.029941 -0.015333 -0.621575 0.873246 -0.005207 0.000000 0.000000 0.000000 -0.113996 -0.339560 0.115947 0.000000 0.000000 0.000000 0.001641 -0.007382 0.000532 -0.032199 -0.054707 0.024228 0.093458 0.048221 9.808436 
55.195935 -0.002813 0.029794 -0.013166 -0.643126 0.737059 -0.019431 0.000000 0.000000 0.000000 -0.047159 -0.373474 -0.116296 0.000000 0.000000 0.000000 0.001773 -0.007669 0.000344 -0.035094 -0.056524 0.026719 0.093943 0.047720 9.808434 
55.795606 -0.002248 0.029782 -0.012203 -0.637092 0.518026 -0.018755 0.000000 0.000000 0.000000 0.000538 -0.421927 -0.043097 0.000000 0.000000 0.000000 0.001444 -0.008003 0.000098 -0.034642 -0.056112 0.015495 0.097242 0.047015 9.808405 
55.993845 -0.003317 0.029527 -0.010312 -0.664835 0.451366 -0.018075 0.000000 0.000000 0.000000 -0.161716 -0.325134 -0.058909 0.000000 0.000000 0.000000 0.001589 -0.007761 0.000107 -0.032404 -0.056389 0.013712 0.097464 0.047634 9.808400 
56.396266 -0.003096 0.029770 -0.007509 -0.704494 0.326032 -0.011228 0.000000 0.000000 0.000000 -0.136991 -0.373706 -0.064297 0.000000 0.000000 0.000000 0.002187 -0.008329 -0.000165 -0.033345 -0.060158 0.009292 0.100155 0.048013 9.808371 
56.594817 -0.002603 0.029687 -0.007960 -0.714016 0.257350 -0.010063 0.000000 0.000000 0.000000 -0.113612 -0.349025 0.076329 0.000000 0.000000 0.000000 0.002130 -0.008301 -0.000129 -0.035208 -0.061008 0.007449 0.101316 0.047599 9.808361 
56.995910 -0.002888 0.029989 -0.009341 -0.658707 0.131021 -0.001521 0.000000 0.000000 0.000000 0.128252 -0.326575 -0.033441 0.000000 0.000000 0.000000 0.002119 -0.008121 -0.000172 -0.040195 -0.063544 0.008183 0.102984 0.047123 9.808346 
57.195775 -0.002926 0.029965 -0.005491 -0.678794 0.051999 -0.000418 0.000000 0.000000 0.000000 -0.138467 -0.376713 0.003017 0.000000 0.000000 0.000000 0.002160 -0.008069 -0.000318 -0.035626 -0.061938 0.006912 0.101837 0.047811 9.808355 
57.394356 -0.002735 0.029818 -0.005900 -0.708755 -0.014775 0.002656 0.000000 0.000000 0.000000 -0.165468 -0.345084 -0.031038 0.000000 0.000000 0.000000 0.002119 -0.007986 -0.000334 -0.034430 -0.062807 0.005277 0.102235 0.048248 9.808349 
57.794070 -0.003000 0.030012 -0.005119 -0.729236 -0.163721 0.000262 0.000000 0.000000 0.000000 -0.066060 -0.357756 0.052596 0.000000 0.000000 0.000000 0.001906 -0.008471 -0.000338 -0.035572 -0.062573 0.003849 0.102878 0.047903 9.808344 
57.994000 -0.003168 0.030226 -0.007881 -0.746059 -0.229926 0.001967 0.000000 0.000000 0.000000 -0.118317 -0.302214 0.029909 0.000000 0.000000 0.000000 0.002065 -0.008272 -0.000170 -0.035659 -0.063201 0.005302 0.102604 0.048065 9.808346 
58.393663 -0.002861 0.030243 -0.005823 -0.704001 -0.345181 0.008664 0.000000 0.000000 0.000000 0.136206 -0.295793 0.036940 0.000000 0.000000 0.000000 0.002391 -0.009284 -0.000458 -0.042885 -0.066339 0.004234 0.105372 0.047226 9.808320 
58.594994 -0.002886 0.030190 -0.003773 -0.716375 -0.415997 0.007243 0.000000 0.000000 0.000000 -0.106779 -0.354818 -0.062608 0.000000 0.000000 0.000000 0.002222 -0.009071 -0.000486 -0.039460 -0.064027 0.003070 0.104344 0.047557 9.808330 
58.794791 -0.002615 0.030174 -0.001196 -0.724976 -0.481443 0.010160 0.000000 0.000000 0.000000 -0.086590 -0.338607 0.024221 0.000000 0.000000 0.000000 0.002305 -0.009248 -0.000723 -0.040488 -0.065091 0.001362 0.105242 0.047639 9.808320 
58.993419 -0.002677 0.030085 0.000454 -0.772400 -0.543466 0.014215 0.000000 0.000000 0.000000 -0.250061 -0.322039 0.088439 0.000000 0.000000 0.000000 0.002318 -0.009068 -0.000696 -0.036105 -0.066291 0.002508 0.104085 0.048743 9.808327 
59.191933 -0.002861 0.030581 -0.002799 -0.764190 -0.593992 0.021186 0.000000 0.000000 0.000000 0.023459 -0.247279 0.079440 0.000000 0.000000 0.000000 0.002274 -0.009461 -0.000564 -0.046201 -0.067495 0.008093 0.105456 0.047608 9.808318 
59.393099 -0.002569 0.030297 -0.003089 -0.749321 -0.666037 0.010699 0.000000 0.000000 0.000000 0.037979 -0.382862 -0.103932 0.000000 0.000000 0.000000 0.001847 -0.009816 -0.000578 -0.048906 -0.065255 0.008679 0.105677 0.046651 9.808320 
59.592949 -0.002356 0.030270 -0.001174 -0.733584 -0.724051 0.009055 0.000000 0.000000 0.000000 0.061670 -0.222746 -0.055364 0.000000 0.000000 0.000000 0.002009 -0.009947 -0.000672 -0.049141 -0.066812 0.005207 0.106871 0.046999 9.808305 
59.992709 -0.002733 0.030181 0.001701 -0.728943 -0.787349 0.023343 0.000000 0.000000 0.000000 -0.036710 -0.129023 0.043932 0.000000 0.000000 0.000000 0.001819 -0.009830 -0.000753 -0.049589 -0.064239 0.003791 0.106914 0.046321 9.808308 
60.192609 -0.002507 0.030210 0.001629 -0.737391 -0.770825 0.023965 0.000000 0.000000 0.000000 -0.070907 0.084755 0.004986 0.000000 0.000000 0.000000 0.001881 -0.009733 -0.000761 -0.049577 -0.069767 0.005510 0.107121 0.047700 9.808299 
60.392475 -0.002348 0.030016 -0.000540 -0.775532 -0.765167 0.011887 0.000000 0.000000 0.000000 -0.307291 0.021924 -0.058259 0.000000 0.000000 0.000000 0.001780 -0.009730 -0.000720 -0.048676 -0.068403 0.007451 0.106268 0.047451 9.808310 
60.993428 -0.001275 0.030700 0.007250 -0.620415 -0.793925 0.008250 0.000000 0.000000 0.000000 0.607712 -0.105109 0.016994 0.000000 0.000000 0.000000 0.000723 -0.017984 -0.001108 -0.061267 -0.068628 0.005419 0.109652 0.045677 9.808281 
61.192067 -0.001092 0.030945 0.010436 -0.465874 -0.778377 0.011909 0.000000 0.000000 0.000000 0.738953 0.066368 -0.009969 0.000000 0.000000 0.000000 0.001426 -0.018616 -0.001195 -0.062727 -0.071612 0.002738 0.111187 0.046033 9.808262 
61.593149 -0.001265 0.031611 0.014886 -0.274923 -0.782123 0.006370 0.000000 0.000000 0.000000 0.349731 -0.005668 0.047700 0.000000 0.000000 0.000000 0.001018 -0.017614 -0.001537 -0.058961 -0.069217 0.003784 0.109875 0.045617 9.808279 
61.792937 -0.001762 0.031803 0.018250 -0.171751 -0.788718 0.008136 0.000000 0.000000 0.000000 0.491786 -0.050072 0.012021 0.000000 0.000000 0.000000 0.001053 -0.018027 -0.001729 -0.062950 -0.068910 0.004475 0.110706 0.045512 9.808270 
61.991527 -0.001345 0.032140 0.021023 -0.082448 -0.789250 0.006145 0.000000 0.000000 0.000000 0.424019 0.005890 0.000946 0.000000 0.000000 0.000000 0.001172 -0.017974 -0.001966 -0.062532 -0.070305 0.005919 0.110191 0.045851 9.808274 
62.191394 -0.000985 0.032318 0.022060 0.005023 -0.784298 -0.002378 0.000000 0.000000 0.000000 0.396902 0.023342 -0.061136 0.000000 0.000000 0.000000 0.001177 -0.017896 -0.002076 -0.063296 -0.070646 0.003440 0.110951 0.046008 9.808265 
62.392625 -0.001674 0.032640 0.023925 0.099106 -0.784166 0.003664 0.000000 0.000000 0.000000 0.436430 0.013073 0.016260 0.000000 0.000000 0.000000 0.001095 -0.017922 -0.002121 -0.065577 -0.069082 0.001685 0.112135 0.045941 9.808251 
62.592497 -0.001757 0.033068 0.024707 0.207089 -0.782188 0.009175 0.000000 0.000000 0.000000 0.530475 0.034696 0.049621 0.000000 0.000000 0.000000 0.000906 -0.018152 -0.002170 -0.068517 -0.067379 0.002180 0.112914 0.045936 9.808243 
62.791007 -0.001508 0.033015 0.028060 0.313185 -0.791141 0.006532 0.000000 0.000000 0.000000 0.507263 -0.043088 0.014601 0.000000 0.000000 0.000000 0.000660 -0.018079 -0.002423 -0.069135 -0.065744 0.003696 0.112882 0.045551 9.808245 
62.990901 -0.002247 0.033554 0.030436 0.404314 -0.797819 0.008098 0.000000 0.000000 0.000000 0.422418 -0.032209 0.023834 0.000000 0.000000 0.000000 0.000608 -0.017965 -0.002596 -0.067781 -0.066182 0.002666 0.112768 0.045502 9.808246 
63.192134 -0.002324 0.033591 0.031978 0.492141 -0.792093 0.005326 0.000000 0.000000 0.000000 0.407771 0.028129 -0.002824 0.000000 0.000000 0.000000 0.000711 -0.017793 -0.002663 -0.068719 -0.068180 0.002855 0.112555 0.046079 9.808246 
63.590599 -0.002025 0.034260 0.033954 0.675839 -0.779339 0.001979 0.000000 0.000000 0.000000 0.454188 0.034800 -0.015345 0.000000 0.000000 0.000000 0.000822 -0.017782 -0.002807 -0.070441 -0.068396 0.002840 0.112854 0.046494 9.808241 
63.790396 -0.002393 0.034675 0.036291 0.788256 -0.788462 0.003671 0.000000 0.000000 0.000000 0.511370 -0.046674 0.055747 0.000000 0.000000 0.000000 0.000551 -0.018115 -0.003027 -0.073120 -0.065867 0.004737 0.113359 0.046469 9.808235 
63.991632 -0.002510 0.034927 0.039480 0.870223 -0.798900 0.006337 0.000000 0.000000 0.000000 0.375866 -0.046051 0.032708 0.000000 0.000000 0.000000 0.000553 -0.018051 -0.003275 -0.072048 -0.066487 0.007628 0.112277 0.046128 9.808249 
64.191514 -0.002861 0.035147 0.041738 0.949588 -0.798837 0.002964 0.000000 0.000000 0.000000 0.359930 -0.001072 -0.055622 0.000000 0.000000 0.000000 0.000514 -0.017858 -0.003378 -0.073814 -0.067886 0.007086 0.112341 0.046875 9.808245 
64.390065 -0.002860 0.035207 0.042370 1.038037 -0.790197 -0.003590 0.000000 0.000000 0.000000 0.426616 0.051463 -0.012666 0.000000 0.000000 0.000000 0.000608 -0.018009 -0.003411 -0.076642 -0.067860 0.006715 0.112872 0.047754 9.808234 
64.591301 -0.002375 0.035465 0.043782 1.137980 -0.786553 -0.011965 0.000000 0.000000 0.000000 0.488587 0.007705 -0.072324 0.000000 0.000000 0.000000 0.000475 -0.018136 -0.003415 -0.078380 -0.065978 0.006962 0.113660 0.048032 9.808224 
64.791195 -0.002564 0.036088 0.043428 1.274665 -0.792720 -0.012230 0.000000 0.000000 0.000000 0.631531 -0.037972 -0.012209 0.000000 0.000000 0.000000 0.000410 -0.018313 -0.003537 -0.081394 -0.063893 0.006026 0.114944 0.048814 9.808205 
64.991091 -0.002936 0.036562 0.047925 1.353930 -0.793866 -0.011198 0.000000 0.000000 0.000000 0.379201 0.005381 0.006922 0.000000 0.000000 0.000000 0.000392 -0.018270 -0.003874 -0.075915 -0.067784 0.005674 0.113061 0.047661 9.808233 
65.189632 -0.003144 0.036414 0.049657 1.429330 -0.776415 -0.006954 0.000000 0.000000 0.000000 0.345960 0.082435 0.013347 0.000000 0.000000 0.000000 0.000522 -0.017998 -0.003989 -0.076916 -0.070641 0.004016 0.112646 0.048478 9.808233 
65.590725 -0.002544 0.037275 0.050582 1.634590 -0.759127 -0.019198 0.000000 0.000000 0.000000 0.541747 0.027868 -0.056635 0.000000 0.000000 0.000000 0.000362 -0.018357 -0.004047 -0.082481 -0.067095 0.004894 0.114260 0.050087 9.808207 
65.989189 -0.003358 0.037748 0.058189 1.808105 -0.769815 -0.023242 0.000000 0.000000 0.000000 0.360928 -0.038406 0.007452 0.000000 0.000000 0.000000 0.000282 -0.017972 -0.004571 -0.079979 -0.066492 0.002493 0.114935 0.049334 9.808203 
66.788736 -0.004248 0.038697 0.062457 2.200878 -0.762187 -0.023323 0.000000 0.000000 0.000000 0.521298 0.040766 -0.016654 0.000000 0.000000 0.000000 0.000324 -0.018104 -0.004861 -0.083407 -0.066141 0.001636 0.115500 0.050798 9.808188 
66.989898 -0.003845 0.038994 0.066925 2.300508 -0.773256 -0.022801 0.000000 0.000000 0.000000 0.456906 -0.061592 0.010745 0.000000 0.000000 0.000000 0.000338 -0.018042 -0.005060 -0.083007 -0.065262 0.000891 0.116100 0.050761 9.808182 
67.389660 -0.003809 0.040394 0.072144 2.477137 -0.749424 -0.027235 0.000000 0.000000 0.000000 0.411517 0.097899 -0.006801 0.000000 0.000000 0.000000 0.000981 -0.017791 -0.005265 -0.086093 -0.068628 0.000703 0.114579 0.052163 9.808192 
67.588230 -0.003519 0.040039 0.069034 2.575914 -0.745714 -0.035150 0.000000 0.000000 0.000000 0.523172 -0.034689 -0.008042 0.000000 0.000000 0.000000 0.001000 -0.017798 -0.005243 -0.087621 -0.067094 0.003752 0.114424 0.052516 9.808192 
67.789401 -0.003629 0.040329 0.073802 2.685093 -0.735717 -0.034059 0.000000 0.000000 0.000000 0.511692 0.036745 -0.008926 0.000000 0.000000 0.000000 0.001036 -0.017741 -0.005531 -0.088767 -0.068155 0.003747 0.113853 0.053015 9.808196 
67.989434 -0.003963 0.040747 0.077528 2.777758 -0.743805 -0.030364 0.000000 0.000000 0.000000 0.440507 -0.033219 0.027224 0.000000 0.000000 0.000000 0.000880 -0.017649 -0.005772 -0.086887 -0.065684 0.003317 0.115212 0.052285 9.808184 
69.188624 -0.004232 0.042517 0.086196 3.258369 -0.719056 -0.054136 0.000000 0.000000 0.000000 0.421922 0.095157 -0.018768 0.000000 0.000000 0.000000 0.001206 -0.017074 -0.006136 -0.085813 -0.065868 -0.001690 0.116454 0.052469 9.808168 
69.388519 -0.003592 0.042164 0.084998 3.364313 -0.720273 -0.062885 0.000000 0.000000 0.000000 0.563771 0.005106 -0.043476 0.000000 0.000000 0.000000 0.001452 -0.016743 -0.006090 -0.086438 -0.064898 -0.000311 0.116441 0.052587 9.808168 
69.988134 -0.004685 0.042918 0.085003 3.346380 -0.708058 -0.026232 0.000000 0.000000 0.000000 -0.451883 0.238986 0.118122 0.000000 0.000000 0.000000 0.001021 -0.010964 -0.005841 -0.078201 -0.068939 -0.001566 0.115973 0.047747 9.808198 
70.188028 -0.004648 0.042729 0.085362 3.333501 -0.641609 -0.039309 0.000000 0.000000 0.000000 -0.116858 0.325749 -0.041508 0.000000 0.000000 0.000000 0.001653 -0.013804 -0.006238 -0.085907 -0.066751 0.003728 0.114901 0.051265 9.808193 
70.587821 -0.004611 0.042388 0.082036 3.332730 -0.497813 -0.053546 0.000000 0.000000 0.000000 -0.010305 0.332255 -0.023152 0.000000 0.000000 0.000000 0.001823 -0.013758 -0.005857 -0.091702 -0.065457 0.002578 0.114979 0.054630 9.808174 
70.787686 -0.004671 0.042365 0.083343 3.324599 -0.455290 -0.046768 0.000000 0.000000 0.000000 -0.064083 0.221510 0.094740 0.000000 0.000000 0.000000 0.001790 -0.013688 -0.005832 -0.089576 -0.062181 0.003542 0.116794 0.053834 9.808157 
70.987586 -0.005063 0.042532 0.081281 3.321578 -0.410348 -0.040548 0.000000 0.000000 0.000000 -0.049144 0.187668 0.023262 0.000000 0.000000 0.000000 0.001923 -0.013772 -0.005750 -0.092431 -0.062059 0.005864 0.116058 0.054950 9.808159 
71.187490 -0.005015 0.042524 0.082744 3.307309 -0.369235 -0.043660 0.000000 0.000000 0.000000 -0.107244 0.183459 -0.040584 0.000000 0.000000 0.000000 0.001882 -0.013715 -0.005752 -0.093094 -0.062161 0.006256 0.115866 0.055216 9.808160 
71.386104 -0.005027 0.042387 0.079730 3.315467 -0.330155 -0.047246 0.000000 0.000000 0.000000 0.012770 0.194227 -0.047866 0.000000 0.000000 0.000000 0.001785 -0.013933 -0.005603 -0.098332 -0.058749 0.005733 0.117091 0.058279 9.808128 
71.787264 -0.005151 0.042507 0.080627 3.360441 -0.252377 -0.049034 0.000000 0.000000 0.000000 0.116857 0.220371 0.037330 0.000000 0.000000 0.000000 0.001815 -0.014744 -0.005631 -0.101386 -0.057568 0.005893 0.117324 0.059882 9.808116 
72.186904 -0.005512 0.042689 0.081533 3.330946 -0.161747 -0.040726 0.000000 0.000000 0.000000 -0.168038 0.237052 0.040092 0.000000 0.000000 0.000000 0.002385 -0.013538 -0.005627 -0.099883 -0.060752 0.009551 0.115234 0.058363 9.808149 
72.586735 -0.005400 0.042384 0.081689 3.311393 -0.077966 -0.046383 0.000000 0.000000 0.000000 -0.041714 0.200041 -0.044509 0.000000 0.000000 0.000000 0.002353 -0.013514 -0.005486 -0.103924 -0.055989 0.009903 0.117085 0.060760 9.808113 
72.785285 -0.005748 0.042585 0.081221 3.320155 -0.040331 -0.043487 0.000000 0.000000 0.000000 0.020292 0.183156 0.033774 0.000000 0.000000 0.000000 0.002336 -0.013630 -0.005471 -0.105623 -0.054577 0.008969 0.117777 0.061882 9.808098 
72.986512 -0.005553 0.042342 0.078388 3.304720 0.013920 -0.052018 0.000000 0.000000 0.000000 -0.103720 0.283457 -0.010024 0.000000 0.000000 0.000000 0.002549 -0.013371 -0.005246 -0.105455 -0.058191 0.010433 0.115794 0.061237 9.808125 
73.186519 -0.005784 0.042665 0.077518 3.333952 0.041222 -0.059818 0.000000 0.000000 0.000000 0.106716 0.108581 -0.061113 0.000000 0.000000 0.000000 0.002349 -0.013739 -0.005127 -0.111157 -0.048836 0.010419 0.119746 0.064814 9.808055 
73.386343 -0.006019 0.042687 0.078680 3.308599 0.058195 -0.047059 0.000000 0.000000 0.000000 -0.130762 0.086727 0.064968 0.000000 0.000000 0.000000 0.002201 -0.013323 -0.005198 -0.103458 -0.051686 0.006565 0.119688 0.061497 9.808077 
73.584853 -0.004016 0.043278 0.077811 3.286470 0.093660 -0.044519 0.000000 0.000000 0.000000 -0.126169 0.231041 -0.128688 0.000000 0.000000 0.000000 0.002350 -0.013322 -0.005192 -0.104799 -0.053223 0.004606 0.119230 0.062262 9.808078 
73.786125 -0.005800 0.042553 0.075617 3.355350 0.137428 -0.060143 0.000000 0.000000 0.000000 0.288281 0.202994 -0.096464 0.000000 0.000000 0.000000 0.002223 -0.013603 -0.005192 -0.110607 -0.049320 0.003325 0.120917 0.065195 9.808038 
73.986081 -0.006063 0.042741 0.078273 3.367323 0.177662 -0.064514 0.000000 0.000000 0.000000 0.047579 0.242503 -0.024393 0.000000 0.000000 0.000000 0.002244 -0.013195 -0.005289 -0.103142 -0.052073 0.000060 0.120697 0.062108 9.808061 
74.384374 -0.006012 0.042766 0.081204 3.365600 0.274661 -0.063265 0.000000 0.000000 0.000000 -0.057838 0.254297 0.019498 0.000000 0.000000 0.000000 0.002362 -0.012995 -0.005426 -0.103377 -0.053154 0.000793 0.120071 0.062056 9.808069 
74.584269 -0.005958 0.042676 0.079448 3.338666 0.332542 -0.066689 0.000000 0.000000 0.000000 -0.167861 0.396073 0.126640 0.000000 0.000000 0.000000 0.002362 -0.012814 -0.005382 -0.102977 -0.053916 0.004900 0.119058 0.061278 9.808086 
74.785649 -0.006125 0.042753 0.075775 3.329507 0.394533 -0.065612 0.000000 0.000000 0.000000 -0.060650 0.294831 0.007886 0.000000 0.000000 0.000000 0.002621 -0.012695 -0.005091 -0.104137 -0.051888 0.005730 0.119767 0.061887 9.808074 
74.985597 -0.006176 0.042659 0.074166 3.316017 0.463209 -0.061618 0.000000 0.000000 0.000000 -0.102817 0.313696 0.016391 0.000000 0.000000 0.000000 0.002629 -0.012584 -0.004933 -0.106113 -0.053392 0.007901 0.118633 0.062462 9.808084 
75.183978 -0.006398 0.042804 0.073205 3.331701 0.517210 -0.063671 0.000000 0.000000 0.000000 0.033996 0.265227 0.015156 0.000000 0.000000 0.000000 0.002458 -0.013156 -0.004877 -0.112007 -0.048401 0.008575 0.120396 0.065143 9.808045 
75.383897 -0.006392 0.042641 0.072426 3.344235 0.576692 -0.062833 0.000000 0.000000 0.000000 0.037286 0.280003 0.023762 0.000000 0.000000 0.000000 0.002486 -0.013241 -0.004817 -0.114793 -0.048445 0.010417 0.119989 0.066099 9.808043 
76.184944 0.008309 0.045810 0.071463 3.376956 0.822326 -0.083259 0.000000 0.000000 0.000000 0.011927 0.347274 -0.049150 0.000000 0.000000 0.000000 0.002525 -0.014357 -0.004631 -0.116602 -0.048204 0.013334 0.119548 0.066559 9.808046 
76.584766 0.005989 0.045844 0.068769 3.376128 0.978408 -0.053062 0.000000 0.000000 0.000000 -0.054953 0.411035 0.087302 0.000000 0.000000 0.000000 0.002706 -0.014080 -0.004486 -0.114084 -0.049561 0.001939 0.121923 0.065907 9.808021 
76.984422 0.005154 0.046365 0.070332 3.388874 1.123056 -0.046544 0.000000 0.000000 0.000000 0.013723 0.311245 -0.017511 0.000000 0.000000 0.000000 0.002223 -0.014012 -0.004540 -0.117187 -0.043169 0.005734 0.123335 0.067064 9.807995 
77.384121 0.006445 0.046643 0.067747 3.365167 1.273108 -0.044685 0.000000 0.000000 0.000000 -0.130795 0.431822 0.053057 0.000000 0.000000 0.000000 0.001961 -0.013880 -0.004219 -0.117021 -0.042171 0.005431 0.123793 0.067008 9.807990 
77.783882 0.002915 0.045833 0.064858 3.365460 1.421106 -0.041999 0.000000 0.000000 0.000000 0.007649 0.322102 0.001897 0.000000 0.000000 0.000000 0.001909 -0.015192 -0.004126 -0.122063 -0.040556 0.005200 0.124419 0.068973 9.807968 
78.184970 0.003132 0.046092 0.065627 3.396732 1.550240 -0.047730 0.000000 0.000000 0.000000 0.068683 0.293593 -0.086840 0.000000 0.000000 0.000000 0.001633 -0.015648 -0.004218 -0.124295 -0.039579 0.004334 0.124992 0.069777 9.807955 
78.383610 0.003404 0.045548 0.066491 3.369619 1.615605 -0.045559 0.000000 0.000000 0.000000 -0.177443 0.313312 -0.164134 0.000000 0.000000 0.000000 0.001469 -0.015928 -0.004094 -0.118470 -0.043478 -0.004725 0.125471 0.068251 9.807960 
78.583540 0.004279 0.045884 0.063667 3.388040 1.676681 -0.055209 0.000000 0.000000 0.000000 0.194095 0.182896 -0.018244 0.000000 0.000000 0.000000 0.001463 -0.015552 -0.004075 -0.125083 -0.040973 -0.009349 0.127508 0.070513 9.807918 
78.984552 0.003055 0.045739 0.063238 3.369383 1.819582 -0.044943 0.000000 0.000000 0.000000 -0.092440 0.284456 0.058508 0.000000 0.000000 0.000000 0.001290 -0.015379 -0.003936 -0.123945 -0.043546 -0.009875 0.126754 0.070226 9.807930 
79.383006 0.001744 0.046131 0.065918 3.423768 1.845371 -0.037029 0.000000 0.000000 0.000000 0.164407 0.002214 0.015692 0.000000 0.000000 0.000000 0.000712 -0.016629 -0.004012 -0.131227 -0.037920 -0.009114 0.128636 0.072251 9.807890 
79.782905 0.002374 0.046064 0.067674 3.362441 1.836310 -0.023410 0.000000 0.000000 0.000000 -0.173522 0.003420 0.037924 0.000000 0.000000 0.000000 0.000540 -0.014278 -0.003982 -0.125534 -0.039005 -0.009235 0.128097 0.070559 9.807910 
80.182689 0.002060 0.045759 0.059265 3.261317 1.846322 -0.025649 0.000000 0.000000 0.000000 -0.315352 0.033827 -0.013555 0.000000 0.000000 0.000000 0.000809 -0.013248 -0.003365 -0.122632 -0.040990 -0.008666 0.127266 0.069530 9.807928 
80.582412 0.002274 0.044469 0.056701 3.153168 1.840810 -0.029843 0.000000 0.000000 0.000000 -0.299232 -0.021510 -0.013598 0.000000 0.000000 0.000000 0.000521 -0.013389 -0.003054 -0.124028 -0.038297 -0.011082 0.128623 0.069847 9.807908 
81.183516 0.001474 0.045035 0.050294 2.937899 1.837630 -0.003134 0.000000 0.000000 0.000000 -0.429410 0.010635 0.084909 0.000000 0.000000 0.000000 0.000379 -0.013184 -0.002651 -0.123192 -0.038392 -0.016021 0.129547 0.069666 9.807897 
81.381989 0.001423 0.044758 0.050137 2.866354 1.834901 -0.005255 0.000000 0.000000 0.000000 -0.392381 -0.012074 -0.034158 0.000000 0.000000 0.000000 0.000320 -0.013262 -0.002646 -0.124972 -0.037455 -0.014272 0.129562 0.069991 9.807895 
81.581958 0.001458 0.044556 0.046466 2.797663 1.833913 -0.008206 0.000000 0.000000 0.000000 -0.337719 0.002651 0.075769 0.000000 0.000000 0.000000 0.000331 -0.013290 -0.002605 -0.126264 -0.037297 -0.013100 0.129519 0.070233 9.807893 
81.783190 0.002006 0.044443 0.046099 2.735875 1.829799 -0.010842 0.000000 0.000000 0.000000 -0.327832 -0.024204 0.018604 0.000000 0.000000 0.000000 0.000416 -0.013132 -0.002529 -0.127198 -0.036698 -0.011863 0.129520 0.070383 9.807892 
82.181557 0.001490 0.043998 0.044025 2.604311 1.831438 0.002655 0.000000 0.000000 0.000000 -0.367631 0.015031 0.003222 0.000000 0.000000 0.000000 0.000435 -0.012963 -0.002271 -0.129128 -0.036834 -0.013173 0.129935 0.070676 9.807885 
82.381527 0.000957 0.043826 0.041480 2.562266 1.823290 0.008364 0.000000 0.000000 0.000000 -0.248558 -0.042563 -0.011939 0.000000 0.000000 0.000000 0.000431 -0.013098 -0.002122 -0.133633 -0.034263 -0.014804 0.131117 0.071080 9.807866 
82.582726 0.001125 0.043624 0.040248 2.507112 1.827265 0.004015 0.000000 0.000000 0.000000 -0.313909 0.044716 -0.016106 0.000000 0.000000 0.000000 0.000410 -0.013099 -0.002116 -0.133489 -0.036117 -0.014390 0.130782 0.071289 9.807869 
82.981272 0.001743 0.043329 0.041264 2.348179 1.823384 0.007591 0.000000 0.000000 0.000000 -0.439025 -0.003685 -0.001148 0.000000 0.000000 0.000000 0.000417 -0.012986 -0.002073 -0.132323 -0.035126 -0.014319 0.130733 0.071051 9.807871 
83.382309 0.002320 0.042916 0.037079 2.225906 1.823730 0.002618 0.000000 0.000000 0.000000 -0.305572 0.002281 -0.014274 0.000000 0.000000 0.000000 0.000381 -0.013089 -0.001826 -0.138244 -0.034320 -0.014806 0.131582 0.071614 9.807856 
83.582226 0.001199 0.042766 0.035444 2.136409 1.833737 0.007771 0.000000 0.000000 0.000000 -0.564740 0.081732 0.035760 0.000000 0.000000 0.000000 0.000337 -0.013018 -0.001782 -0.135917 -0.035801 -0.017352 0.131542 0.071436 9.807858 
83.780806 0.001762 0.042270 0.031872 2.117593 1.830483 0.000431 0.000000 0.000000 0.000000 -0.154330 -0.025267 -0.019109 0.000000 0.000000 0.000000 0.000431 -0.012459 -0.001532 -0.142447 -0.033662 -0.016654 0.132375 0.071662 9.807845 
83.980652 0.001113 0.042432 0.030516 2.080431 1.823207 0.006508 0.000000 0.000000 0.000000 -0.201463 -0.024940 0.016264 0.000000 0.000000 0.000000 0.000427 -0.012451 -0.001462 -0.141757 -0.032978 -0.017939 0.132484 0.071489 9.807845 
84.181880 0.001821 0.042445 0.030432 1.975143 1.816328 0.006069 0.000000 0.000000 0.000000 -0.521395 -0.014801 -0.010358 0.000000 0.000000 0.000000 0.000466 -0.011999 -0.001437 -0.130591 -0.033299 -0.016874 0.130965 0.071259 9.807867 
84.381804 0.001327 0.042239 0.031313 1.890161 1.825673 0.005717 0.000000 0.000000 0.000000 -0.438456 0.044274 -0.008229 0.000000 0.000000 0.000000 0.000475 -0.011955 -0.001491 -0.134831 -0.035744 -0.016757 0.131440 0.071663 9.807858 
84.580387 0.001150 0.041484 0.029242 1.832049 1.832993 0.006292 0.000000 0.000000 0.000000 -0.221642 0.045279 0.111785 0.000000 0.000000 0.000000 0.000506 -0.011951 -0.001462 -0.138897 -0.034803 -0.015602 0.131825 0.071672 9.807852 
84.781605 0.002025 0.041668 0.027628 1.772630 1.832131 0.007950 0.000000 0.000000 0.000000 -0.308210 -0.010201 -0.001079 0.000000 0.000000 0.000000 0.000447 -0.011754 -0.001331 -0.138368 -0.034241 -0.014678 0.131673 0.071644 9.807855 
85.181413 0.001901 0.040320 0.026021 1.641700 1.830508 0.011296 0.000000 0.000000 0.000000 -0.361043 -0.005168 0.007003 0.000000 0.000000 0.000000 0.000302 -0.011448 -0.001150 -0.138956 -0.033749 -0.015282 0.131818 0.071562 9.807853 
85.579893 0.001180 0.041197 0.021551 1.489729 1.823513 0.014953 0.000000 0.000000 0.000000 -0.409550 -0.020273 0.044903 0.000000 0.000000 0.000000 0.000244 -0.011422 -0.000810 -0.138723 -0.033193 -0.017206 0.132015 0.071420 9.807852 
85.781091 0.001023 0.041180 0.019557 1.400592 1.825640 0.020319 0.000000 0.000000 0.000000 -0.471309 0.019572 0.021154 0.000000 0.000000 0.000000 0.000202 -0.011355 -0.000571 -0.138468 -0.033813 -0.016619 0.131939 0.071527 9.807852 
85.980971 0.001465 0.040947 0.017649 1.334102 1.824073 0.024198 0.000000 0.000000 0.000000 -0.371123 0.005680 0.013369 0.000000 0.000000 0.000000 0.000216 -0.011313 -0.000497 -0.144819 -0.032499 -0.017748 0.132725 0.070999 9.807845 
86.179618 0.001095 0.040653 0.016944 1.253528 1.828463 0.024736 0.000000 0.000000 0.000000 -0.419727 0.029040 0.039192 0.000000 0.000000 0.000000 0.000190 -0.011105 -0.000415 -0.144481 -0.032811 -0.015062 0.132454 0.071196 9.807847 
86.580688 0.001249 0.040338 0.013707 1.139582 1.830652 0.023239 0.000000 0.000000 0.000000 -0.254257 0.011502 0.009721 0.000000 0.000000 0.000000 -0.000026 -0.011797 -0.000292 -0.149944 -0.032278 -0.014385 0.132942 0.070687 9.807844 
86.979123 0.001671 0.039337 0.011923 0.984158 1.843430 0.015788 0.000000 0.000000 0.000000 -0.419710 0.054201 0.013662 0.000000 0.000000 0.000000 0.000096 -0.010814 -0.000022 -0.146553 -0.032682 -0.011830 0.132324 0.071218 9.807849 
87.380262 0.002080 0.038947 0.009919 0.792877 1.835138 0.021624 0.000000 0.000000 0.000000 -0.528449 -0.046801 0.031604 0.000000 0.000000 0.000000 -0.000447 -0.010669 0.000127 -0.146311 -0.030679 -0.014583 0.132297 0.070910 9.807851 
87.580219 0.001238 0.038628 0.006898 0.737898 1.833817 0.021727 0.000000 0.000000 0.000000 -0.202783 0.001308 -0.074649 0.000000 0.000000 0.000000 -0.000374 -0.011403 0.000158 -0.151869 -0.031860 -0.014524 0.133017 0.070217 9.807847 
87.778754 0.001095 0.038434 0.006040 0.657635 1.849886 0.014305 0.000000 0.000000 0.000000 -0.393341 0.083772 0.002575 0.000000 0.000000 0.000000 -0.000494 -0.011497 0.000341 -0.149852 -0.032385 -0.014748 0.132923 0.070568 9.807845 
87.980069 0.001239 0.037725 0.004998 0.590524 1.849972 0.009117 0.000000 0.000000 0.000000 -0.338440 0.007862 -0.063356 0.000000 0.000000 0.000000 -0.000468 -0.011374 0.000286 -0.152831 -0.029301 -0.016024 0.132755 0.069725 9.807854 
88.379793 0.000912 0.037460 0.002057 0.418200 1.861196 0.019865 0.000000 0.000000 0.000000 -0.493545 0.037021 0.032952 0.000000 0.000000 0.000000 -0.000290 -0.010978 0.000589 -0.149872 -0.029653 -0.018737 0.132705 0.070142 9.807851 
88.578326 0.001175 0.037261 -0.000090 0.341669 1.865201 0.024276 0.000000 0.000000 0.000000 -0.337281 -0.002961 0.166223 0.000000 0.000000 0.000000 -0.000241 -0.010989 0.000605 -0.152373 -0.029612 -0.017117 0.132842 0.069821 9.807852 
88.979509 0.000804 0.036967 -0.002249 0.189650 1.865002 0.028013 0.000000 0.000000 0.000000 -0.403366 0.001043 0.013353 0.000000 0.000000 0.000000 -0.000282 -0.010687 0.000871 -0.152550 -0.029563 -0.015170 0.132758 0.069889 9.807853 
89.179469 -0.000521 0.035823 -0.005366 0.109145 1.870132 0.018544 0.000000 0.000000 0.000000 -0.410594 0.025933 -0.055704 0.000000 0.000000 0.000000 -0.000262 -0.010672 0.001106 -0.152887 -0.030096 -0.014722 0.132869 0.069876 9.807851 
89.379319 -0.001798 0.034677 -0.006916 0.017425 1.879097 0.009694 0.000000 0.000000 0.000000 -0.464195 0.046581 -0.029208 0.000000 0.000000 0.000000 -0.000211 -0.010594 0.001109 -0.150891 -0.029920 -0.012292 0.132615 0.070423 9.807851 
89.579389 -0.003171 0.033796 -0.006101 -0.083433 1.891908 -0.003319 0.000000 0.000000 0.000000 -0.538759 0.059031 -0.142728 0.000000 0.000000 0.000000 -0.000210 -0.010559 0.001115 -0.149543 -0.030500 -0.011977 0.132692 0.070806 9.807847 
89.779072 -0.002591 0.033355 -0.008040 -0.162123 1.898864 -0.011451 0.000000 0.000000 0.000000 -0.418653 0.030094 -0.054131 0.000000 0.000000 0.000000 -0.000175 -0.010327 0.001348 -0.151090 -0.030703 -0.013094 0.132835 0.070440 9.807848 
89.978998 -0.002705 0.033401 -0.010830 -0.221053 1.898327 -0.004028 0.000000 0.000000 0.000000 -0.321188 -0.010976 0.004001 0.000000 0.000000 0.000000 -0.000150 -0.010262 0.001483 -0.155059 -0.029958 -0.014773 0.132863 0.069426 9.807854 
90.177633 -0.003232 0.034001 -0.012270 -0.300526 1.906013 0.016877 0.000000 0.000000 0.000000 -0.402639 0.033916 0.106759 0.000000 0.000000 0.000000 0.000032 -0.009901 0.001583 -0.151015 -0.031646 -0.016617 0.133174 0.070550 9.807842 
90.378801 -0.003084 0.033720 -0.014079 -0.397689 1.910000 0.028084 0.000000 0.000000 0.000000 -0.483403 0.033117 0.112045 0.000000 0.000000 0.000000 -0.000049 -0.009632 0.001695 -0.148866 -0.030135 -0.014190 0.132637 0.071112 9.807845 
90.578748 -0.002813 0.033260 -0.014909 -0.466376 1.906557 0.015595 0.000000 0.000000 0.000000 -0.331654 -0.073760 -0.174084 0.000000 0.000000 0.000000 -0.000058 -0.009737 0.001671 -0.154690 -0.030407 -0.011290 0.132802 0.069462 9.807855 
90.778581 -0.002910 0.032793 -0.016316 -0.560626 1.916394 0.006755 0.000000 0.000000 0.000000 -0.497224 0.040922 -0.060942 0.000000 0.000000 0.000000 -0.000165 -0.009802 0.001863 -0.153277 -0.031167 -0.012301 0.133027 0.069891 9.807849 
91.178452 -0.000473 0.035949 -0.014754 -0.726691 1.907016 0.055435 0.000000 0.000000 0.000000 -0.548274 -0.153573 0.140447 0.000000 0.000000 0.000000 -0.000512 -0.011348 0.001807 -0.164149 -0.032335 -0.016516 0.133422 0.066623 9.807866 
91.378388 0.000285 0.059770 -0.014342 -0.536033 1.886299 0.046385 0.000000 0.000000 0.000000 0.889410 -0.254402 -0.058232 0.000000 0.000000 0.000000 0.000079 -0.017538 0.001990 -0.203423 -0.048269 -0.014484 0.138635 0.054418 9.807869 
91.578219 0.003162 0.043542 -0.013375 -0.551496 1.833729 0.057809 0.000000 0.000000 0.000000 -0.567811 -0.276268 0.142595 0.000000 0.000000 0.000000 -0.000032 -0.016234 0.001795 -0.176315 -0.042008 -0.016258 0.136781 0.062505 9.807847 
91.776839 -0.002769 0.033162 -0.017617 -0.661415 1.756033 0.029289 0.000000 0.000000 0.000000 -0.567330 -0.382041 -0.120813 0.000000 0.000000 0.000000 0.000288 -0.015790 0.002193 -0.177285 -0.040834 -0.014057 0.136080 0.062413 9.807857 
91.978100 -0.002304 0.032455 -0.016416 -0.660849 1.685531 0.012898 0.000000 0.000000 0.000000 -0.077680 -0.412915 -0.177865 0.000000 0.000000 0.000000 0.000446 -0.015854 0.002095 -0.193968 -0.047078 -0.015610 0.138340 0.057825 9.807854 
92.177998 -0.003949 0.032151 -0.015294 -0.640483 1.626537 0.005888 0.000000 0.000000 0.000000 0.079890 -0.316943 -0.073605 0.000000 0.000000 0.000000 0.000786 -0.016143 0.002039 -0.198609 -0.054250 -0.020925 0.140689 0.056383 9.807829 
92.377845 -0.003038 0.032901 -0.014906 -0.607385 1.537599 0.027688 0.000000 0.000000 0.000000 0.179801 -0.477984 0.058166 0.000000 0.000000 0.000000 0.000546 -0.016318 0.001880 -0.202316 -0.051938 -0.025933 0.140017 0.055246 9.807845 
92.977572 -0.006189 0.031030 -0.014737 -0.699473 1.321902 0.022816 0.000000 0.000000 0.000000 -0.300686 -0.274855 0.012125 0.000000 0.000000 0.000000 0.001115 -0.014464 0.001851 -0.199244 -0.052095 -0.026870 0.140070 0.056268 9.807838 
93.177424 -0.003529 0.032328 -0.013444 -0.666735 1.238225 0.025555 0.000000 0.000000 0.000000 0.171987 -0.431801 0.041059 0.000000 0.000000 0.000000 -0.000083 -0.019051 0.001578 -0.206378 -0.052098 -0.026719 0.140072 0.054106 9.807851 
93.377343 -0.003333 0.032440 -0.010987 -0.666372 1.155155 0.025958 0.000000 0.000000 0.000000 0.034527 -0.398150 0.039482 0.000000 0.000000 0.000000 -0.000159 -0.018251 0.001356 -0.200226 -0.050447 -0.023218 0.139545 0.055681 9.807849 
93.577295 -0.002269 0.032744 -0.010258 -0.694491 1.083046 0.031419 0.000000 0.000000 0.000000 -0.162555 -0.309269 0.021434 0.000000 0.000000 0.000000 -0.000239 -0.018484 0.001353 -0.192905 -0.050005 -0.021732 0.139272 0.057668 9.807842 
93.777224 -0.003701 0.031872 -0.008752 -0.705895 1.010229 0.022955 0.000000 0.000000 0.000000 -0.102717 -0.378455 -0.039745 0.000000 0.000000 0.000000 -0.000277 -0.018216 0.001164 -0.194296 -0.050080 -0.021186 0.139363 0.057355 9.807842 
93.977112 -0.003085 0.032549 -0.009191 -0.723441 0.918901 0.019388 0.000000 0.000000 0.000000 -0.070487 -0.400781 -0.029912 0.000000 0.000000 0.000000 -0.000270 -0.017924 0.001256 -0.195493 -0.046033 -0.022226 0.138458 0.056931 9.807858 
94.176981 -0.002662 0.032393 -0.012944 -0.695099 0.843112 0.023685 0.000000 0.000000 0.000000 0.149430 -0.397681 -0.010392 0.000000 0.000000 0.000000 -0.000197 -0.017940 0.001353 -0.202611 -0.047785 -0.025277 0.139217 0.055386 9.807856 
94.376912 -0.002860 0.032355 -0.009496 -0.709112 0.771177 0.028055 0.000000 0.000000 0.000000 -0.045131 -0.383138 -0.004845 0.000000 0.000000 0.000000 -0.000217 -0.017659 0.001064 -0.192481 -0.049865 -0.026632 0.139429 0.057972 9.807838 
94.576906 -0.003034 0.032289 -0.007595 -0.726910 0.695580 0.035872 0.000000 0.000000 0.000000 -0.225590 -0.311702 0.166975 0.000000 0.000000 0.000000 -0.000264 -0.017652 0.001043 -0.192930 -0.049184 -0.024864 0.139250 0.057827 9.807841 
94.778078 -0.002368 0.032048 -0.006807 -0.732470 0.618378 0.033710 0.000000 0.000000 0.000000 -0.078022 -0.401831 0.030835 0.000000 0.000000 0.000000 -0.000148 -0.017069 0.000854 -0.195499 -0.048556 -0.022410 0.139251 0.057178 9.807845 
94.976744 -0.002518 0.031921 -0.004950 -0.750053 0.540811 0.029163 0.000000 0.000000 0.000000 -0.090798 -0.403686 0.005745 0.000000 0.000000 0.000000 -0.000107 -0.017030 0.000766 -0.194614 -0.050533 -0.020203 0.139640 0.057442 9.807838 
95.176765 -0.002973 0.031639 -0.009434 -0.779418 0.467701 0.027863 0.000000 0.000000 0.000000 -0.156677 -0.361075 -0.018399 0.000000 0.000000 0.000000 -0.000027 -0.016827 0.001124 -0.192782 -0.051173 -0.018759 0.139691 0.057847 9.807835 
95.377731 -0.002318 0.031699 -0.008014 -0.757055 0.396460 0.022362 0.000000 0.000000 0.000000 0.101426 -0.389838 -0.078772 0.000000 0.000000 0.000000 0.000167 -0.017123 0.000873 -0.203511 -0.055228 -0.019960 0.141048 0.055866 9.807827 
95.576496 -0.002358 0.031347 -0.006278 -0.768993 0.330661 0.021285 0.000000 0.000000 0.000000 -0.189417 -0.233663 0.015010 0.000000 0.000000 0.000000 0.000124 -0.017238 0.000839 -0.199310 -0.054904 -0.021097 0.140799 0.056825 9.807825 
95.776375 -0.002503 0.031417 -0.005675 -0.770710 0.255681 0.022357 0.000000 0.000000 0.000000 -0.021659 -0.358994 0.053053 0.000000 0.000000 0.000000 0.000297 -0.016861 0.000636 -0.201465 -0.053980 -0.020912 0.140719 0.056322 9.807829 
95.976280 -0.002669 0.031164 -0.003497 -0.776684 0.178355 0.019891 0.000000 0.000000 0.000000 -0.038802 -0.444098 0.036332 0.000000 0.000000 0.000000 0.000242 -0.016700 0.000493 -0.201772 -0.053968 -0.018806 0.140765 0.056243 9.807829 
96.177367 -0.002762 0.030939 -0.003615 -0.795771 0.101522 0.015739 0.000000 0.000000 0.000000 -0.088072 -0.364408 0.034096 0.000000 0.000000 0.000000 0.000090 -0.016482 0.000541 -0.200167 -0.055364 -0.015509 0.140986 0.056594 9.807823 
96.377269 -0.002858 0.030669 -0.005829 -0.810879 0.027238 0.012788 0.000000 0.000000 0.000000 -0.101010 -0.392501 0.028860 0.000000 0.000000 0.000000 0.000219 -0.016273 0.000679 -0.200996 -0.055249 -0.011623 0.141045 0.056413 9.807824 
96.577252 -0.003066 0.030964 -0.003813 -0.785316 -0.043693 0.017663 0.000000 0.000000 0.000000 0.151124 -0.310670 0.033441 0.000000 0.000000 0.000000 0.000224 -0.016250 0.000639 -0.208794 -0.058159 -0.011106 0.142008 0.055188 9.807817 
96.774438 -0.003026 0.030915 -0.002529 -0.779520 -0.121963 0.016910 0.000000 0.000000 0.000000 0.043837 -0.357971 0.055452 0.000000 0.000000 0.000000 0.000239 -0.016321 0.000417 -0.207972 -0.057207 -0.010557 0.141793 0.055299 9.807819 
96.974316 -0.003172 0.030846 -0.001441 -0.809416 -0.197726 0.019038 0.000000 0.000000 0.000000 -0.139927 -0.364898 -0.046759 0.000000 0.000000 0.000000 0.000381 -0.016617 0.000419 -0.203486 -0.055517 -0.010604 0.141247 0.056017 9.807823 
97.175763 -0.003092 0.031143 0.000240 -0.818897 -0.277588 0.014893 0.000000 0.000000 0.000000 -0.078628 -0.427836 -0.056548 0.000000 0.000000 0.000000 0.000228 -0.016499 0.000215 -0.208373 -0.055914 -0.012280 0.141546 0.055245 9.807823 
97.375692 -0.003708 0.030856 0.000134 -0.828192 -0.354058 0.013461 0.000000 0.000000 0.000000 -0.033328 -0.333227 0.065116 0.000000 0.000000 0.000000 0.000174 -0.016170 0.000263 -0.208809 -0.058526 -0.011157 0.142016 0.055306 9.807816 
97.574152 -0.004069 0.031196 -0.002991 -0.811871 -0.414461 0.017201 0.000000 0.000000 0.000000 0.138026 -0.349252 -0.104745 0.000000 0.000000 0.000000 0.000101 -0.016035 0.000279 -0.213071 -0.060039 -0.011544 0.142508 0.054771 9.807812 
97.775552 -0.002486 0.030913 -0.000575 -0.811412 -0.481610 0.015123 0.000000 0.000000 0.000000 0.003132 -0.290526 0.051033 0.000000 0.000000 0.000000 0.000467 -0.016183 -0.000013 -0.211792 -0.059483 -0.011641 0.142349 0.054936 9.807813 
97.976600 -0.002408 0.030987 0.000902 -0.823379 -0.548898 0.014707 0.000000 0.000000 0.000000 -0.054235 -0.320617 0.018894 0.000000 0.000000 0.000000 0.000806 -0.016107 -0.000200 -0.210884 -0.057452 -0.009753 0.142025 0.055006 9.807818 
98.175165 -0.002211 0.030766 0.000839 -0.845323 -0.612720 0.015015 0.000000 0.000000 0.000000 -0.114156 -0.272201 -0.007367 0.000000 0.000000 0.000000 0.000536 -0.016151 -0.000242 -0.210228 -0.055870 -0.010696 0.141707 0.055008 9.807822 
98.374996 -0.001965 0.030599 0.003617 -0.859169 -0.688394 0.013001 0.000000 0.000000 0.000000 -0.098181 -0.401548 -0.074819 0.000000 0.000000 0.000000 0.000612 -0.016264 -0.000451 -0.213308 -0.053438 -0.012186 0.141500 0.054419 9.807828 
98.574906 -0.002346 0.030523 0.004104 -0.877921 -0.757987 0.021431 0.000000 0.000000 0.000000 -0.126789 -0.248177 0.164497 0.000000 0.000000 0.000000 0.000637 -0.016239 -0.000434 -0.213427 -0.054394 -0.014196 0.141579 0.054443 9.807827 
98.774845 -0.002858 0.031047 0.002688 -0.868583 -0.782884 0.025122 0.000000 0.000000 0.000000 0.037761 -0.093030 0.035872 0.000000 0.000000 0.000000 0.000652 -0.015844 -0.000412 -0.215338 -0.054848 -0.012828 0.141776 0.054255 9.807825 
98.976134 -0.001961 0.030811 0.004543 -0.881119 -0.769056 0.016595 0.000000 0.000000 0.000000 -0.084022 0.068181 -0.024266 0.000000 0.000000 0.000000 0.000553 -0.015787 -0.000476 -0.211478 -0.060912 -0.010301 0.142272 0.055077 9.807814 
99.174650 -0.001389 0.031255 0.000233 -0.878668 -0.747748 0.006913 0.000000 0.000000 0.000000 -0.121208 0.094882 -0.035895 0.000000 0.000000 0.000000 0.000509 -0.016161 -0.000358 -0.218115 -0.062798 -0.009145 0.142939 0.054419 9.807807 
99.775804 -0.001277 0.032364 0.008234 -0.713643 -0.785205 0.015953 0.000000 0.000000 0.000000 0.495899 -0.171800 -0.007446 0.000000 0.000000 0.000000 0.000162 -0.017426 -0.001147 -0.238322 -0.060498 -0.013945 0.143679 0.051412 9.807813 
100.172895 -0.002241 0.033137 0.015725 -0.451174 -0.774929 0.021432 0.000000 0.000000 0.000000 0.695586 0.083022 -0.002587 0.000000 0.000000 0.000000 0.001332 -0.017916 -0.001567 -0.241545 -0.065233 -0.014635 0.144603 0.051144 9.807801 
100.374082 -0.001573 0.032551 0.016664 -0.333574 -0.771115 0.016870 0.000000 0.000000 0.000000 0.591456 0.037382 0.040019 0.000000 0.000000 0.000000 0.000942 -0.016937 -0.001636 -0.238754 -0.063625 -0.010174 0.143943 0.051174 9.807810 
100.575413 -0.001804 0.032715 0.018808 -0.239389 -0.772647 0.015639 0.000000 0.000000 0.000000 0.370520 0.016258 0.061986 0.000000 0.000000 0.000000 0.000788 -0.016625 -0.001672 -0.235654 -0.061965 -0.007864 0.143563 0.051114 9.807816 
100.972631 -0.000663 0.033476 0.025233 -0.039474 -0.777435 0.011938 0.000000 0.000000 0.000000 0.501121 -0.022795 -0.026576 0.000000 0.000000 0.000000 0.001026 -0.015845 -0.002301 -0.237422 -0.061668 -0.007028 0.143684 0.051076 9.807815 
101.173770 -0.001680 0.033319 0.024364 0.042338 -0.768505 0.011452 0.000000 0.000000 0.000000 0.404958 0.068761 0.045867 0.000000 0.000000 0.000000 0.001042 -0.015420 -0.002233 -0.234205 -0.063305 -0.006138 0.143417 0.051216 9.807818 
101.375059 -0.001961 0.033683 0.024631 0.129238 -0.771596 0.011403 0.000000 0.000000 0.000000 0.413409 -0.011249 0.056643 0.000000 0.000000 0.000000 0.000736 -0.015647 -0.002293 -0.235922 -0.060419 -0.002474 0.143567 0.051066 9.807816 
101.573583 -0.000805 0.034194 0.027124 0.228138 -0.778436 0.015393 0.000000 0.000000 0.000000 0.536352 -0.030620 0.071714 0.000000 0.000000 0.000000 0.000763 -0.015678 -0.002331 -0.238403 -0.059307 -0.001171 0.143792 0.051079 9.807813 
101.973495 -0.002473 0.034512 0.032972 0.438623 -0.772945 0.021993 0.000000 0.000000 0.000000 0.513809 0.030435 0.056625 0.000000 0.000000 0.000000 0.000794 -0.015125 -0.002948 -0.238477 -0.059571 -0.000281 0.143773 0.051103 9.807813 
102.174683 -0.002828 0.034695 0.036088 0.542960 -0.766622 0.018139 0.000000 0.000000 0.000000 0.526473 0.031076 -0.023308 0.000000 0.000000 0.000000 0.000729 -0.015058 -0.003107 -0.237893 -0.058888 -0.001083 0.143802 0.051034 9.807813 
102.373261 -0.003377 0.034944 0.036344 0.655908 -0.769672 0.009108 0.000000 0.000000 0.000000 0.560047 0.002040 0.009629 0.000000 0.000000 0.000000 0.000381 -0.014895 -0.003179 -0.239427 -0.055597 0.001343 0.144156 0.050948 9.807808 
102.573156 -0.002374 0.035064 0.038742 0.754010 -0.777516 0.009620 0.000000 0.000000 0.000000 0.497401 -0.024606 0.256855 0.000000 0.000000 0.000000 0.000390 -0.014901 -0.003208 -0.236386 -0.054103 0.003136 0.144115 0.050470 9.807811 
102.773041 -0.002948 0.035768 0.040257 0.847455 -0.773474 0.018417 0.000000 0.000000 0.000000 0.472960 0.016888 0.041714 0.000000 0.000000 0.000000 0.000375 -0.014731 -0.003424 -0.236191 -0.054509 0.004826 0.144076 0.050459 9.807812 
102.972942 -0.003325 0.035741 0.043555 0.935155 -0.778643 0.016729 0.000000 0.000000 0.000000 0.439734 -0.023388 0.010279 0.000000 0.000000 0.000000 0.000301 -0.014834 -0.003686 -0.235748 -0.052573 0.006152 0.144312 0.050291 9.807809 
103.172942 -0.003028 0.035956 0.044390 1.032219 -0.786290 0.008803 0.000000 0.000000 0.000000 0.479727 -0.043317 -0.052717 0.000000 0.000000 0.000000 0.000253 -0.014811 -0.003604 -0.236899 -0.052598 0.007685 0.144351 0.050416 9.807808 
103.372823 -0.003259 0.036667 0.042608 1.126396 -0.784441 0.011315 0.000000 0.000000 0.000000 0.445743 0.023765 0.034891 0.000000 0.000000 0.000000 0.000398 -0.014666 -0.003684 -0.236550 -0.055039 0.009160 0.143910 0.050387 9.807815 
103.572697 -0.002540 0.037489 0.046558 1.194667 -0.768398 0.010655 0.000000 0.000000 0.000000 0.288442 0.159217 -0.098426 0.000000 0.000000 0.000000 0.000403 -0.014478 -0.003743 -0.233832 -0.056991 0.011743 0.143450 0.049936 9.807824 
103.973891 -0.003106 0.037250 0.050836 1.404234 -0.762335 0.005518 0.000000 0.000000 0.000000 0.531523 -0.001258 -0.017428 0.000000 0.000000 0.000000 0.000544 -0.013745 -0.004073 -0.236914 -0.054304 0.010419 0.144066 0.050374 9.807813 
104.172480 -0.003540 0.037805 0.052782 1.530972 -0.770030 0.007595 0.000000 0.000000 0.000000 0.644648 -0.045504 0.038953 0.000000 0.000000 0.000000 0.000602 -0.013543 -0.004251 -0.239984 -0.051951 0.010710 0.144563 0.050855 9.807803 
104.372326 -0.003210 0.037963 0.052475 1.608594 -0.760861 0.010893 0.000000 0.000000 0.000000 0.409977 0.061205 0.006111 0.000000 0.000000 0.000000 0.000671 -0.013530 -0.004275 -0.230493 -0.059520 0.012741 0.142754 0.048990 9.807839 
104.573558 -0.002904 0.038747 0.056797 1.694708 -0.753848 0.006692 0.000000 0.000000 0.000000 0.349033 -0.016960 -0.042159 0.000000 0.000000 0.000000 0.000652 -0.013372 -0.004302 -0.232727 -0.058762 0.013178 0.142938 0.049453 9.807834 
104.773501 -0.002875 0.038362 0.058713 1.785329 -0.750355 -0.003333 0.000000 0.000000 0.000000 0.417435 0.017677 -0.078258 0.000000 0.000000 0.000000 0.000571 -0.013167 -0.004452 -0.233848 -0.058668 0.012919 0.142980 0.049722 9.807832 
105.971618 -0.004395 0.040445 0.069381 2.386469 -0.749414 -0.005986 0.000000 0.000000 0.000000 0.535733 -0.010090 -0.034297 0.000000 0.000000 0.000000 0.000254 -0.012721 -0.005317 -0.234458 -0.058040 0.005395 0.143468 0.050248 9.807822 
106.571415 -0.003889 0.040302 0.072472 2.683525 -0.725948 -0.013336 0.000000 0.000000 0.000000 0.459942 0.058273 -0.098919 0.000000 0.000000 0.000000 0.000190 -0.012558 -0.005428 -0.235030 -0.058615 0.006906 0.143199 0.050257 9.807826 
106.772624 -0.004205 0.041060 0.075839 2.807435 -0.732772 -0.014049 0.000000 0.000000 0.000000 0.600588 -0.032425 0.000625 0.000000 0.000000 0.000000 0.000724 -0.011550 -0.005818 -0.236856 -0.055538 0.004067 0.144210 0.051148 9.807807 
106.972601 -0.003894 0.041286 0.080058 2.875815 -0.730187 -0.015201 0.000000 0.000000 0.000000 0.344170 0.016213 -0.007772 0.000000 0.000000 0.000000 0.000891 -0.011085 -0.005956 -0.229196 -0.062099 0.004943 0.142559 0.048348 9.807845 
107.172483 -0.004206 0.041532 0.077115 2.945548 -0.716463 -0.015291 0.000000 0.000000 0.000000 0.340306 0.080828 -0.030248 0.000000 0.000000 0.000000 0.001150 -0.011231 -0.005824 -0.230232 -0.063236 0.003186 0.142194 0.048690 9.807848 
107.372395 -0.004301 0.041666 0.078171 3.044898 -0.713354 -0.016489 0.000000 0.000000 0.000000 0.476925 0.000900 -0.014953 0.000000 0.000000 0.000000 0.000921 -0.011783 -0.005906 -0.235499 -0.057457 0.002542 0.143746 0.050978 9.807814 
107.571024 -0.004119 0.041955 0.079982 3.150622 -0.710870 -0.021990 0.000000 0.000000 0.000000 0.578874 0.008855 -0.051678 0.000000 0.000000 0.000000 0.000932 -0.011778 -0.005900 -0.237004 -0.057686 0.002828 0.143545 0.051445 9.807815 
107.770845 -0.004269 0.042459 0.084318 3.247457 -0.708674 -0.024087 0.000000 0.000000 0.000000 0.472527 0.009567 0.033879 0.000000 0.000000 0.000000 0.000941 -0.011773 -0.006181 -0.236272 -0.058181 0.002867 0.143435 0.051155 9.807818 
107.972172 -0.004133 0.042252 0.085818 3.324913 -0.704480 -0.024139 0.000000 0.000000 0.000000 0.387792 0.035700 -0.012905 0.000000 0.000000 0.000000 0.000909 -0.011496 -0.006302 -0.234287 -0.059240 0.003102 0.143236 0.050375 9.807825 
108.172045 -0.002071 0.043207 0.087450 3.413150 -0.703870 -0.023651 0.000000 0.000000 0.000000 0.609585 0.021779 -0.013755 0.000000 0.000000 0.000000 0.000699 -0.010915 -0.006227 -0.232879 -0.058214 0.004371 0.143671 0.049909 9.807821 
108.371918 -0.001220 0.041992 0.084039 3.573511 -0.689048 -0.050551 0.000000 0.000000 0.000000 0.871620 0.085779 -0.135695 0.000000 0.000000 0.000000 0.000841 -0.010800 -0.006034 -0.236532 -0.058260 0.008297 0.142956 0.050981 9.807826 
108.571923 -0.012996 0.031788 0.082434 3.487301 -0.656132 -0.086988 0.000000 0.000000 0.000000 -1.319327 0.386426 -0.264081 0.000000 0.000000 0.000000 0.001398 -0.007022 -0.005923 -0.197006 -0.082750 0.011073 0.138254 0.033879 9.807967 
108.771758 -0.014433 0.035141 0.085147 3.387303 -0.657175 -0.075512 0.000000 0.000000 0.000000 -0.532666 -0.008961 0.034960 0.000000 0.000000 0.000000 0.001967 -0.006227 -0.005982 -0.201316 -0.078282 0.009230 0.139278 0.035664 9.807946 
108.971704 -0.013913 0.034160 0.086179 3.397322 -0.665271 -0.066271 0.000000 0.000000 0.000000 -0.020173 0.023991 0.031067 0.000000 0.000000 0.000000 0.001851 -0.005768 -0.005936 -0.219132 -0.062526 0.008273 0.143053 0.042832 9.807863 
109.171604 -0.014024 0.034893 0.079567 3.396258 -0.638382 -0.062417 0.000000 0.000000 0.000000 -0.043332 0.187611 0.056181 0.000000 0.000000 0.000000 0.001954 -0.006042 -0.005679 -0.222880 -0.065069 0.010135 0.141969 0.043665 9.807875 
109.370247 -0.004694 0.042638 0.084084 3.401755 -0.610036 -0.027186 0.000000 0.000000 0.000000 0.017180 0.148483 0.103547 0.000000 0.000000 0.000000 0.001313 -0.006624 -0.005794 -0.225523 -0.059089 0.003566 0.143396 0.045685 9.807845 
109.571489 0.002535 0.044251 0.082569 3.415413 -0.552576 -0.027446 0.000000 0.000000 0.000000 0.092456 0.384851 -0.092702 0.000000 0.000000 0.000000 0.001685 -0.006773 -0.005784 -0.228719 -0.063117 0.005621 0.141881 0.046260 9.807865 
109.971366 -0.004172 0.042474 0.079062 3.418632 -0.378639 -0.020507 0.000000 0.000000 0.000000 -0.001939 0.420123 -0.007246 0.000000 0.000000 0.000000 0.001790 -0.006469 -0.005408 -0.227907 -0.063274 0.004303 0.142009 0.045986 9.807864 
110.171245 -0.004756 0.042493 0.079114 3.425952 -0.294427 -0.022965 0.000000 0.000000 0.000000 0.034043 0.451587 0.048652 0.000000 0.000000 0.000000 0.001884 -0.006519 -0.005441 -0.229164 -0.061050 0.003029 0.142708 0.046598 9.807851 
110.371148 -0.004761 0.042375 0.079796 3.408876 -0.200168 -0.021564 0.000000 0.000000 0.000000 -0.091925 0.483398 0.038053 0.000000 0.000000 0.000000 0.001688 -0.005991 -0.005334 -0.225105 -0.061416 0.006483 0.142670 0.045203 9.807858 
110.571052 -0.004765 0.042343 0.079388 3.424481 -0.122526 -0.032626 0.000000 0.000000 0.000000 0.297118 0.506897 -0.257040 0.000000 0.000000 0.000000 0.001379 -0.006118 -0.005322 -0.226962 -0.052842 0.006538 0.145182 0.046339 9.807816 
110.769638 -0.004913 0.042367 0.078816 3.440751 -0.052250 -0.039916 0.000000 0.000000 0.000000 0.048140 0.392035 -0.057031 0.000000 0.000000 0.000000 0.001513 -0.006281 -0.005212 -0.224613 -0.051657 0.004958 0.145711 0.045797 9.807811 
110.969522 -0.005044 0.042606 0.076836 3.429946 0.022783 -0.040015 0.000000 0.000000 0.000000 -0.061611 0.359215 -0.006987 0.000000 0.000000 0.000000 0.001684 -0.006267 -0.004939 -0.221105 -0.052975 0.004304 0.145535 0.044705 9.807818 
111.170832 -0.005045 0.042267 0.077977 3.435789 0.094348 -0.038461 0.000000 0.000000 0.000000 0.025026 0.321488 -0.028412 0.000000 0.000000 0.000000 0.001745 -0.006171 -0.005000 -0.225190 -0.053968 0.004070 0.145032 0.045854 9.807821 
111.370653 -0.004931 0.042651 0.077381 3.421018 0.179800 -0.038414 0.000000 0.000000 0.000000 -0.064755 0.457883 0.059625 0.000000 0.000000 0.000000 0.002232 -0.005589 -0.004783 -0.222368 -0.060252 0.007353 0.143230 0.044561 9.807853 
111.569334 -0.005280 0.042342 0.074458 3.424117 0.259342 -0.044203 0.000000 0.000000 0.000000 0.007187 0.299443 -0.349635 0.000000 0.000000 0.000000 0.002172 -0.005767 -0.004765 -0.224989 -0.057039 0.003928 0.144190 0.045639 9.807834 
111.770500 -0.004864 0.042161 0.075575 3.402789 0.343612 -0.055811 0.000000 0.000000 0.000000 -0.099922 0.408192 -0.121851 0.000000 0.000000 0.000000 0.002029 -0.005575 -0.004686 -0.224054 -0.058623 0.001153 0.143890 0.045417 9.807839 
111.970407 -0.004947 0.042312 0.071351 3.398333 0.427643 -0.057427 0.000000 0.000000 0.000000 -0.060785 0.412376 -0.022147 0.000000 0.000000 0.000000 0.002105 -0.005662 -0.004263 -0.227162 -0.057823 -0.000709 0.144062 0.046359 9.807832 
112.370300 -0.005000 0.042540 0.072789 3.429777 0.578236 -0.055601 0.000000 0.000000 0.000000 0.099472 0.284552 -0.027226 0.000000 0.000000 0.000000 0.002485 -0.005771 -0.004315 -0.233772 -0.060214 0.003532 0.143030 0.047796 9.807841 
112.570182 -0.004740 0.042022 0.071243 3.417153 0.652931 -0.060920 0.000000 0.000000 0.000000 0.041546 0.269662 -0.478551 0.000000 0.000000 0.000000 0.002704 -0.005440 -0.004323 -0.230903 -0.063144 0.002758 0.142475 0.047154 9.807852 
112.770142 -0.005392 0.041991 0.071360 3.446542 0.726777 -0.065161 0.000000 0.000000 0.000000 0.131761 0.307281 -0.055718 0.000000 0.000000 0.000000 0.002908 -0.005262 -0.004288 -0.231518 -0.063373 -0.000164 0.142556 0.047421 9.807849 
112.970010 -0.004561 0.042053 0.067836 3.452198 0.811519 -0.073394 0.000000 0.000000 0.000000 0.017130 0.418229 -0.038595 0.000000 0.000000 0.000000 0.002581 -0.005266 -0.003796 -0.229048 -0.071317 -0.002136 0.140783 0.046703 9.807878 
113.369801 -0.005268 0.042168 0.065550 3.469190 0.966552 -0.073301 0.000000 0.000000 0.000000 0.047668 0.370680 -0.019464 0.000000 0.000000 0.000000 0.002297 -0.005130 -0.003618 -0.231276 -0.071362 -0.005468 0.140853 0.047386 9.807874 
113.569743 -0.005688 0.042051 0.068128 3.445326 1.050687 -0.063943 0.000000 0.000000 0.000000 -0.191290 0.499117 0.320251 0.000000 0.000000 0.000000 0.002316 -0.004878 -0.003632 -0.227532 -0.073154 -0.005693 0.140522 0.046605 9.807883 
113.769664 -0.005350 0.041996 0.067713 3.430091 1.131858 -0.055966 0.000000 0.000000 0.000000 -0.091509 0.386528 0.009659 0.000000 0.000000 0.000000 0.002319 -0.004892 -0.003562 -0.228856 -0.072039 -0.003828 0.140719 0.046800 9.807879 
113.969581 -0.005102 0.042122 0.065466 3.424784 1.220710 -0.069048 0.000000 0.000000 0.000000 -0.038046 0.426879 -0.065839 0.000000 0.000000 0.000000 0.002355 -0.004849 -0.003234 -0.231895 -0.074304 -0.002323 0.140199 0.047369 9.807884 
114.369491 -0.005668 0.042440 0.061097 3.440684 1.386640 -0.065588 0.000000 0.000000 0.000000 0.067985 0.406128 -0.055125 0.000000 0.000000 0.000000 0.001386 -0.004796 -0.002781 -0.235309 -0.069805 -0.004832 0.141195 0.048226 9.807865 
114.769344 -0.006842 0.043510 0.062123 3.435490 1.541318 -0.047580 0.000000 0.000000 0.000000 -0.065551 0.406052 0.121447 0.000000 0.000000 0.000000 0.001212 -0.003874 -0.002787 -0.233241 -0.070206 0.001774 0.140755 0.047411 9.807875 
114.969274 -0.004028 0.043387 0.063913 3.425713 1.595456 -0.039441 0.000000 0.000000 0.000000 -0.059399 0.263605 0.002503 0.000000 0.000000 0.000000 -0.000179 -0.004062 -0.002928 -0.233352 -0.066898 0.001586 0.141306 0.047414 9.807868 
115.169178 0.000934 0.046640 0.061342 3.435231 1.668907 -0.030037 0.000000 0.000000 0.000000 0.028041 0.329943 -0.007978 0.000000 0.000000 0.000000 0.000294 -0.004582 -0.002669 -0.238826 -0.070099 0.000205 0.140881 0.048432 9.807869 
115.369083 0.000160 0.046618 0.059582 3.480864 1.735258 -0.024970 0.000000 0.000000 0.000000 0.219797 0.344539 0.069135 0.000000 0.000000 0.000000 0.000056 -0.005217 -0.002584 -0.246711 -0.067476 0.001254 0.141295 0.049803 9.807856 
115.568988 -0.007291 0.043410 0.060224 3.467519 1.833012 -0.040073 0.000000 0.000000 0.000000 -0.294954 0.634961 -0.297734 0.000000 0.000000 0.000000 0.000196 -0.004880 -0.002576 -0.238560 -0.074400 0.003721 0.139893 0.048494 9.807883 
115.768992 -0.007784 0.043049 0.061246 3.443346 1.908582 -0.044794 0.000000 0.000000 0.000000 -0.132332 0.364068 -0.090809 0.000000 0.000000 0.000000 0.000528 -0.004817 -0.002638 -0.239372 -0.072257 0.001216 0.140344 0.048648 9.807875 
115.968960 -0.006728 0.043475 0.060201 3.417641 1.984806 -0.050912 0.000000 0.000000 0.000000 -0.154923 0.332143 -0.077353 0.000000 0.000000 0.000000 0.000753 -0.005171 -0.002490 -0.240808 -0.074504 -0.000231 0.140045 0.048954 9.807878 
116.168922 -0.006315 0.043795 0.060512 3.396924 2.068591 -0.057059 0.000000 0.000000 0.000000 -0.151037 0.336384 -0.098835 0.000000 0.000000 0.000000 0.001125 -0.005308 -0.002452 -0.244860 -0.079173 -0.002354 0.139380 0.049720 9.807884 
116.368778 -0.007033 0.043947 0.058321 3.401918 2.136163 -0.051923 0.000000 0.000000 0.000000 0.000624 0.300124 0.082248 0.000000 0.000000 0.000000 0.001027 -0.006001 -0.002255 -0.252924 -0.078004 -0.006224 0.139774 0.051145 9.807871 
116.768645 -0.002803 0.045327 0.063273 3.460678 2.173976 -0.036821 0.000000 0.000000 0.000000 0.216311 -0.052668 -0.021780 0.000000 0.000000 0.000000 0.000839 -0.006759 -0.002274 -0.255505 -0.076912 -0.009265 0.140108 0.051593 9.807864 
116.968544 -0.003218 0.045534 0.062690 3.450885 2.166711 -0.029726 0.000000 0.000000 0.000000 -0.029376 -0.020438 0.029894 0.000000 0.000000 0.000000 0.001290 -0.004157 -0.002349 -0.250394 -0.078680 -0.010066 0.139842 0.050904 9.807871 
117.368394 -0.000882 0.046086 0.058978 3.396804 2.174445 -0.033671 0.000000 0.000000 0.000000 -0.138171 0.038607 -0.037913 0.000000 0.000000 0.000000 0.001358 -0.002435 -0.001779 -0.241389 -0.081779 -0.008649 0.139183 0.049390 9.807888 
117.568362 -0.003115 0.045241 0.055165 3.312383 2.179936 -0.036498 0.000000 0.000000 0.000000 -0.627413 0.002151 0.014508 0.000000 0.000000 0.000000 0.001342 -0.002439 -0.001732 -0.234012 -0.083519 -0.009788 0.138966 0.048063 9.807898 
117.768323 -0.003274 0.045341 0.050074 3.297295 2.170254 -0.028730 0.000000 0.000000 0.000000 -0.103111 -0.050674 0.050723 0.000000 0.000000 0.000000 0.001359 -0.001848 -0.001283 -0.239006 -0.082171 -0.010290 0.139238 0.048612 9.807891 
117.968319 -0.001642 0.045745 0.049165 3.280736 2.151205 -0.018870 0.000000 0.000000 0.000000 -0.071200 -0.085763 0.055267 0.000000 0.000000 0.000000 0.001161 -0.001610 -0.001240 -0.238872 -0.080515 -0.010339 0.139405 0.048559 9.807889 
118.168277 -0.001150 0.045419 0.049708 3.216679 2.153503 -0.012827 0.000000 0.000000 0.000000 -0.308425 0.027766 0.066444 0.000000 0.000000 0.000000 0.001765 -0.000358 -0.001215 -0.228936 -0.086095 -0.007875 0.138495 0.047837 9.807906 
118.368007 -0.001044 0.045019 0.048260 3.157198 2.152073 -0.013171 0.000000 0.000000 0.000000 -0.314016 0.002457 -0.028407 0.000000 0.000000 0.000000 0.001521 -0.000247 -0.001065 -0.229318 -0.084254 -0.005323 0.138487 0.047801 9.807906 
118.568058 0.000027 0.045095 0.046730 3.090408 2.144125 -0.017199 0.000000 0.000000 0.000000 -0.345532 -0.066770 -0.053803 0.000000 0.000000 0.000000 0.001469 -0.000209 -0.001046 -0.228414 -0.082878 -0.006047 0.138613 0.047689 9.807905 
118.767745 -0.000034 0.044691 0.046606 3.010314 2.153305 -0.022410 0.000000 0.000000 0.000000 -0.387800 0.036737 -0.053520 0.000000 0.000000 0.000000 0.001396 -0.000130 -0.000925 -0.227942 -0.083885 -0.006309 0.138551 0.047690 9.807906 
118.967606 -0.000579 0.044444 0.041959 2.924435 2.159464 -0.023547 0.000000 0.000000 0.000000 -0.409860 0.042497 -0.013954 0.000000 0.000000 0.000000 0.001454 -0.000359 -0.000401 -0.225506 -0.084393 -0.006862 0.138467 0.047535 9.807907 
119.167554 -0.000748 0.044193 0.040311 2.842272 2.148405 -0.017257 0.000000 0.000000 0.000000 -0.433270 -0.052292 0.037126 0.000000 0.000000 0.000000 0.001165 -0.000356 -0.000316 -0.225984 -0.079039 -0.008491 0.138858 0.047360 9.807903 
119.367507 -0.000697 0.044445 0.039031 2.735594 2.148707 -0.009776 0.000000 0.000000 0.000000 -0.537157 0.009581 0.027204 0.000000 0.000000 0.000000 0.001418 0.000087 -0.000142 -0.222119 -0.081708 -0.011004 0.138762 0.047310 9.807904 
119.567450 0.001189 0.043360 0.036972 2.649318 2.144536 -0.011873 0.000000 0.000000 0.000000 -0.399528 -0.042657 0.041754 0.000000 0.000000 0.000000 0.001432 -0.000130 -0.000132 -0.226490 -0.080077 -0.009343 0.138878 0.047368 9.807902 
119.767251 -0.001062 0.042871 0.036028 2.569824 2.152993 -0.006055 0.000000 0.000000 0.000000 -0.399863 0.038804 0.003580 0.000000 0.000000 0.000000 0.001369 -0.000254 0.000051 -0.226624 -0.080912 -0.009398 0.138885 0.047399 9.807902 
119.967159 -0.000786 0.043141 0.033765 2.475462 2.154223 0.004996 0.000000 0.000000 0.000000 -0.474438 0.006537 0.101809 0.000000 0.000000 0.000000 0.001375 -0.000402 0.000261 -0.225000 -0.079370 -0.008545 0.138801 0.047354 9.807904 
120.168454 -0.000400 0.042713 0.031801 2.380584 2.142555 0.008623 0.000000 0.000000 0.000000 -0.482008 -0.047131 0.055775 0.000000 0.000000 0.000000 0.001305 -0.000440 0.000491 -0.226009 -0.075415 -0.004522 0.138713 0.047262 9.807905 
120.367070 -0.000503 0.042763 0.030222 2.284172 2.142718 0.006271 0.000000 0.000000 0.000000 -0.498974 0.004469 0.036920 0.000000 0.000000 0.000000 0.001416 -0.000412 0.000640 -0.226844 -0.077063 -0.000365 0.138653 0.047384 9.807906 
120.566973 -0.000248 0.042465 0.029303 2.195576 2.144101 0.005990 0.000000 0.000000 0.000000 -0.435299 0.029625 -0.242515 0.000000 0.000000 0.000000 0.001411 -0.000489 0.000646 -0.229079 -0.076689 -0.001330 0.138750 0.047292 9.807905 
120.766835 -0.000962 0.041874 0.026935 2.121292 2.151880 -0.001003 0.000000 0.000000 0.000000 -0.379649 0.037798 -0.002207 0.000000 0.000000 0.000000 0.001377 -0.000503 0.000837 -0.229528 -0.076848 -0.002513 0.138802 0.047259 9.807904 
120.968189 -0.001229 0.041954 0.025877 2.031583 2.142833 0.009398 0.000000 0.000000 0.000000 -0.447253 -0.027642 0.057232 0.000000 0.000000 0.000000 0.001308 -0.000559 0.000848 -0.227997 -0.073400 -0.003180 0.138578 0.047211 9.807907 
121.166789 -0.002399 0.042120 0.024509 1.900437 2.149899 0.017211 0.000000 0.000000 0.000000 -0.642898 0.053550 0.105588 0.000000 0.000000 0.000000 0.001578 0.000120 0.001128 -0.218617 -0.076772 0.000543 0.138404 0.047926 9.807906 
121.366692 -0.000445 0.042060 0.021940 1.834764 2.141099 0.011238 0.000000 0.000000 0.000000 -0.339062 -0.068687 -0.011853 0.000000 0.000000 0.000000 0.001049 -0.001150 0.001180 -0.233696 -0.073018 0.004392 0.138554 0.046881 9.807909 
121.566601 -0.005975 0.037960 0.020846 1.750193 2.166989 -0.016793 0.000000 0.000000 0.000000 -0.524560 0.330941 -0.154270 0.000000 0.000000 0.000000 0.001600 -0.000967 0.001206 -0.231493 -0.078527 0.007816 0.138821 0.047256 9.807904 
121.767870 -0.006207 0.037640 0.018819 1.670896 2.169012 -0.026553 0.000000 0.000000 0.000000 -0.414254 0.016102 -0.053667 0.000000 0.000000 0.000000 0.001947 -0.000926 0.001419 -0.232922 -0.076000 0.006849 0.138635 0.047054 9.807907 
121.967729 -0.005571 0.038777 0.015531 1.574920 2.160952 -0.022892 0.000000 0.000000 0.000000 -0.481983 -0.035598 0.005835 0.000000 0.000000 0.000000 0.001888 -0.000976 0.001550 -0.231346 -0.073274 0.005602 0.138309 0.047160 9.807911 
122.166362 -0.005399 0.038360 0.015445 1.460983 2.167196 -0.020009 0.000000 0.000000 0.000000 -0.589971 0.036301 -0.012461 0.000000 0.000000 0.000000 0.002145 -0.000735 0.001661 -0.227148 -0.076428 0.003566 0.138530 0.047744 9.807906 
122.367579 -0.005400 0.038593 0.012482 1.371556 2.162368 -0.006688 0.000000 0.000000 0.000000 -0.464274 -0.028418 0.052677 0.000000 0.000000 0.000000 0.001687 -0.001424 0.001801 -0.233937 -0.074356 -0.000343 0.138431 0.046999 9.807911 
122.966065 -0.002444 0.040171 0.009498 1.211254 2.153414 0.022319 0.000000 0.000000 0.000000 -0.167540 0.014126 0.036480 0.000000 0.000000 0.000000 0.001845 -0.004064 0.001812 -0.237851 -0.075260 -0.000734 0.138621 0.046469 9.807910 
123.165971 -0.002731 0.039722 0.009138 1.119692 2.168739 0.017725 0.000000 0.000000 0.000000 -0.463168 0.069587 -0.026718 0.000000 0.000000 0.000000 0.003666 0.001042 0.001956 -0.231598 -0.076668 0.000525 0.138732 0.047480 9.807904 
123.367214 -0.004553 0.038324 0.007911 1.015871 2.173859 0.001125 0.000000 0.000000 0.000000 -0.525440 0.025337 -0.102451 0.000000 0.000000 0.000000 0.003395 0.001334 0.002051 -0.230487 -0.075231 -0.000354 0.138526 0.047628 9.807906 
123.765712 -0.005857 0.037928 0.003133 0.859204 2.180248 0.006531 0.000000 0.000000 0.000000 -0.327256 0.017467 0.074598 0.000000 0.000000 0.000000 0.003391 0.000841 0.002140 -0.232571 -0.075656 -0.001919 0.138635 0.047334 9.807906 
124.365508 -0.004413 0.037033 -0.000832 0.664170 2.183477 0.012015 0.000000 0.000000 0.000000 -0.351377 0.000895 -0.000638 0.000000 0.000000 0.000000 0.003240 0.000369 0.002327 -0.233526 -0.075767 0.003198 0.138580 0.047061 9.807908 
124.565386 -0.004541 0.036895 -0.002407 0.599539 2.187599 0.005359 0.000000 0.000000 0.000000 -0.311750 0.052270 -0.156693 0.000000 0.000000 0.000000 0.003219 0.000430 0.002337 -0.234209 -0.076112 0.002437 0.138645 0.046940 9.807908 
124.966660 -0.005961 0.035533 -0.004192 0.417860 2.194034 -0.003297 0.000000 0.000000 0.000000 -0.679081 -0.036276 -0.010707 0.000000 0.000000 0.000000 0.003243 -0.000351 0.002356 -0.233589 -0.075537 0.000571 0.138507 0.047080 9.807909 
125.165184 -0.003736 0.038475 -0.002416 0.324691 2.168444 0.023671 0.000000 0.000000 0.000000 -0.565315 -0.203596 0.106496 0.000000 0.000000 0.000000 0.002788 -0.001024 0.002644 -0.247360 -0.073155 -0.005824 0.137694 0.044478 9.807933 
125.365127 0.001403 0.040619 -0.006176 0.460361 2.131627 0.013405 0.000000 0.000000 0.000000 0.585823 -0.301813 -0.060080 0.000000 0.000000 0.000000 0.002961 -0.003483 0.002760 -0.307020 -0.087316 -0.003591 0.140108 0.032541 9.807945 
125.566384 -0.000451 0.036801 -0.001499 0.523870 2.095305 0.024506 0.000000 0.000000 0.000000 0.202619 -0.288848 0.325608 0.000000 0.000000 0.000000 0.003028 -0.003400 0.002713 -0.292730 -0.092882 -0.005786 0.141544 0.035464 9.807915 
125.766307 -0.002079 0.037489 -0.001182 0.511061 2.023089 0.029750 0.000000 0.000000 0.000000 -0.068317 -0.368960 0.066366 0.000000 0.000000 0.000000 0.003156 -0.003867 0.002668 -0.290601 -0.091702 -0.002837 0.141320 0.035996 9.807916 
126.164825 -0.003332 0.037267 0.003913 0.499881 1.868165 0.031670 0.000000 0.000000 0.000000 -0.011700 -0.390993 0.007801 0.000000 0.000000 0.000000 0.002923 -0.003595 0.001824 -0.292662 -0.096179 0.001340 0.142289 0.035568 9.807903 
126.366022 -0.004006 0.036280 0.004784 0.481688 1.795437 0.015755 0.000000 0.000000 0.000000 -0.064129 -0.367549 -0.110114 0.000000 0.000000 0.000000 0.002973 -0.003798 0.001840 -0.289281 -0.095560 0.006682 0.142241 0.036255 9.807902 
126.566029 -0.000608 0.037192 0.001639 0.471603 1.707683 0.010542 0.000000 0.000000 0.000000 -0.003819 -0.501702 -0.017896 0.000000 0.000000 0.000000 0.002975 -0.003769 0.001876 -0.289876 -0.092802 0.004292 0.141742 0.036159 9.807909 
126.764587 -0.002724 0.036429 0.001352 0.469995 1.639948 0.011884 0.000000 0.000000 0.000000 -0.004819 -0.335790 0.014293 0.000000 0.000000 0.000000 0.002875 -0.003440 0.001759 -0.289642 -0.093833 0.004605 0.141902 0.036208 9.807907 
127.365717 -0.003114 0.036399 0.006208 0.450943 1.405863 0.006809 0.000000 0.000000 0.000000 -0.060474 -0.415412 0.032425 0.000000 0.000000 0.000000 0.002798 -0.003251 0.000928 -0.287604 -0.088803 0.000807 0.141003 0.036550 9.807918 
127.764182 -0.000966 0.035688 0.004136 0.427142 1.232805 -0.003625 0.000000 0.000000 0.000000 -0.085759 -0.527870 -0.116530 0.000000 0.000000 0.000000 0.003097 -0.003580 0.000922 -0.288729 -0.090695 -0.006237 0.141310 0.036230 9.807915 
127.965465 -0.002498 0.035866 0.008278 0.428921 1.149989 0.001615 0.000000 0.000000 0.000000 -0.002337 -0.386645 0.015526 0.000000 0.000000 0.000000 0.004850 -0.004228 0.000664 -0.290543 -0.095371 -0.008067 0.141840 0.035936 9.807909 
128.165419 -0.004708 0.034819 0.009777 0.458239 1.073375 0.000398 0.000000 0.000000 0.000000 0.160724 -0.392041 -0.081810 0.000000 0.000000 0.000000 0.004662 -0.004635 0.000479 -0.293623 -0.095573 -0.012430 0.141733 0.035427 9.807912 
128.765148 -0.003894 0.034737 0.009805 0.407575 0.831632 0.004819 0.000000 0.000000 0.000000 -0.201279 -0.420118 -0.021815 0.000000 0.000000 0.000000 0.004255 -0.003977 0.000433 -0.285302 -0.092212 -0.017198 0.141079 0.036598 9.807917 
129.363625 -0.003300 0.035671 0.015958 0.386283 0.558426 0.024221 0.000000 0.000000 0.000000 0.021756 -0.382867 0.035307 0.000000 0.000000 0.000000 0.004114 -0.004013 -0.000240 -0.288140 -0.092283 -0.024978 0.141086 0.036418 9.807918 
129.564874 -0.002430 0.035501 0.014563 0.366705 0.474121 0.021988 0.000000 0.000000 0.000000 -0.100748 -0.420893 0.085470 0.000000 0.000000 0.000000 0.004139 -0.004031 -0.000212 -0.285680 -0.091015 -0.020982 0.140776 0.036759 9.807921 
129.764827 -0.003042 0.035075 0.012807 0.370973 0.391377 0.014053 0.000000 0.000000 0.000000 0.028133 -0.385405 0.021711 0.000000 0.000000 0.000000 0.004098 -0.003661 -0.000087 -0.287000 -0.091111 -0.019655 0.140829 0.036653 9.807921 
129.963420 -0.003650 0.035461 0.013677 0.383988 0.313377 0.027484 0.000000 0.000000 0.000000 0.082020 -0.360350 0.116507 0.000000 0.000000 0.000000 0.003986 -0.003114 -0.000195 -0.288911 -0.089696 -0.019397 0.140741 0.036449 9.807923 
130.164680 -0.004312 0.035214 0.015292 0.419922 0.224031 0.038825 0.000000 0.000000 0.000000 0.167397 -0.495161 0.027315 0.000000 0.000000 0.000000 0.003946 -0.003207 -0.000622 -0.294272 -0.088251 -0.015981 0.140704 0.035812 9.807925 
130.364569 -0.003501 0.035232 0.020380 0.392600 0.135070 0.028484 0.000000 0.000000 0.000000 -0.092101 -0.388904 0.069731 0.000000 0.000000 0.000000 0.003917 -0.002749 -0.000980 -0.276143 -0.093264 -0.009831 0.141016 0.037690 9.807914 
130.763138 0.001916 0.036239 0.014821 0.346663 -0.055094 0.032091 0.000000 0.000000 0.000000 -0.145069 -0.571402 -0.004184 0.000000 0.000000 0.000000 0.003914 -0.002778 -0.000862 -0.276489 -0.092371 0.000570 0.141165 0.037602 9.807912 
130.964378 -0.001535 0.035419 0.015582 0.353038 -0.134812 0.027897 0.000000 0.000000 0.000000 0.031794 -0.402073 -0.075534 0.000000 0.000000 0.000000 0.005974 -0.004470 -0.000945 -0.280115 -0.096065 0.001803 0.141360 0.037745 9.807909 
131.164338 -0.001512 0.034998 0.017653 0.394866 -0.217869 0.021389 0.000000 0.000000 0.000000 0.199993 -0.522690 -0.137701 0.000000 0.000000 0.000000 0.006300 -0.004928 -0.001475 -0.286715 -0.098317 -0.000053 0.141678 0.037138 9.807906 
131.364234 -0.002216 0.034642 0.022598 0.359321 -0.294267 0.013374 0.000000 0.000000 0.000000 -0.160383 -0.354088 -0.108198 0.000000 0.000000 0.000000 0.006192 -0.004580 -0.001705 -0.266852 -0.103983 -0.006029 0.141754 0.038959 9.807898 
131.564159 -0.002855 0.034569 0.020608 0.319909 -0.375680 0.014541 0.000000 0.000000 0.000000 -0.260534 -0.352547 0.448593 0.000000 0.000000 0.000000 0.006031 -0.004536 -0.001656 -0.265800 -0.100482 -0.006013 0.141484 0.038966 9.807902 
131.764081 -0.002691 0.034296 0.018742 0.316457 -0.475586 0.028375 0.000000 0.000000 0.000000 -0.047823 -0.473061 0.106514 0.000000 0.000000 0.000000 0.006151 -0.004289 -0.001625 -0.268225 -0.099161 -0.003106 0.141595 0.038824 9.807901 
131.964005 -0.002429 0.034869 0.021489 0.322006 -0.562232 0.030710 0.000000 0.000000 0.000000 0.014312 -0.366643 0.082303 0.000000 0.000000 0.000000 0.006133 -0.004045 -0.001847 -0.270794 -0.100289 0.001550 0.141818 0.038666 9.807899 
132.162610 -0.002589 0.034369 0.020114 0.305472 -0.609373 0.019747 0.000000 0.000000 0.000000 -0.139262 -0.177398 -0.075958 0.000000 0.000000 0.000000 0.006117 -0.004229 -0.001726 -0.266945 -0.105244 0.005813 0.142101 0.038982 9.807893 
132.363885 -0.002231 0.034555 0.019636 0.287461 -0.639463 0.013394 0.000000 0.000000 0.000000 -0.186111 -0.104935 -0.038608 0.000000 0.000000 0.000000 0.005811 -0.004450 -0.001739 -0.272679 -0.102323 0.003509 0.142027 0.038648 9.807896 
132.763760 -0.001898 0.034771 0.024604 0.405090 -0.628332 0.010513 0.000000 0.000000 0.000000 0.543860 0.082628 0.006375 0.000000 0.000000 0.000000 0.006286 -0.006482 -0.001889 -0.285990 -0.106237 0.001106 0.142505 0.037956 9.807891 
132.963676 -0.001861 0.034889 0.025708 0.513560 -0.627958 0.011262 0.000000 0.000000 0.000000 0.478183 0.023075 0.036473 0.000000 0.000000 0.000000 0.005262 -0.007337 -0.002059 -0.287540 -0.104204 0.001764 0.142393 0.037826 9.807893 
133.163576 -0.001964 0.035421 0.029445 0.595857 -0.635154 0.008574 0.000000 0.000000 0.000000 0.376198 -0.025386 -0.004761 0.000000 0.000000 0.000000 0.004967 -0.006999 -0.002418 -0.287086 -0.101401 0.002417 0.142293 0.037788 9.807895 
133.563430 -0.002963 0.036298 0.036565 0.804717 -0.623475 0.024680 0.000000 0.000000 0.000000 0.597949 0.087366 -0.015172 0.000000 0.000000 0.000000 0.004516 -0.005585 -0.002968 -0.294549 -0.104271 -0.001899 0.142512 0.037697 9.807892 
133.963275 -0.003027 0.036274 0.039336 0.996402 -0.623793 0.012538 0.000000 0.000000 0.000000 0.448186 -0.015187 -0.037341 0.000000 0.000000 0.000000 0.005025 -0.006709 -0.003314 -0.290682 -0.101622 -0.000911 0.142464 0.037552 9.807893 
134.163246 -0.002625 0.036649 0.039975 1.068889 -0.617018 0.014549 0.000000 0.000000 0.000000 0.341164 0.064964 0.112636 0.000000 0.000000 0.000000 0.005168 -0.006505 -0.003386 -0.288543 -0.103545 0.003105 0.142434 0.037451 9.807894 
134.363228 -0.002862 0.036753 0.043316 1.181411 -0.618914 0.015128 0.000000 0.000000 0.000000 0.550273 -0.010206 0.011497 0.000000 0.000000 0.000000 0.004594 -0.007297 -0.003690 -0.297132 -0.099178 0.006068 0.142865 0.037765 9.807887 
134.763064 -0.002787 0.037150 0.048393 1.384819 -0.616684 0.011904 0.000000 0.000000 0.000000 0.485331 0.020756 0.004986 0.000000 0.000000 0.000000 0.004557 -0.007157 -0.003768 -0.295985 -0.098838 0.006703 0.142867 0.037689 9.807887 
134.962971 -0.002810 0.037489 0.049977 1.468616 -0.621090 0.005019 0.000000 0.000000 0.000000 0.418381 -0.006023 -0.035252 0.000000 0.000000 0.000000 0.004235 -0.006673 -0.003830 -0.294646 -0.098172 0.006825 0.142918 0.037560 9.807887 
135.162849 -0.001923 0.038126 0.050681 1.560703 -0.620769 0.000915 0.000000 0.000000 0.000000 0.438974 0.001135 0.013810 0.000000 0.000000 0.000000 0.004334 -0.006730 -0.003966 -0.297163 -0.098617 0.009653 0.142921 0.037827 9.807886 
135.362793 -0.002685 0.038069 0.053262 1.666128 -0.614570 -0.003758 0.000000 0.000000 0.000000 0.520693 0.045429 -0.089668 0.000000 0.000000 0.000000 0.004297 -0.006837 -0.004169 -0.301477 -0.098418 0.006803 0.142992 0.038288 9.807883 
135.562723 -0.002947 0.038145 0.054007 1.780400 -0.602419 -0.000186 0.000000 0.000000 0.000000 0.615142 0.048781 0.108112 0.000000 0.000000 0.000000 0.004316 -0.006885 -0.004182 -0.303434 -0.099137 0.002964 0.142948 0.038546 9.807883 
135.762712 -0.003269 0.038366 0.057817 1.861460 -0.608660 0.006206 0.000000 0.000000 0.000000 0.407235 -0.008762 0.070348 0.000000 0.000000 0.000000 0.004151 -0.007273 -0.004526 -0.301568 -0.098659 0.003859 0.143006 0.038305 9.807883 
135.962606 -0.003150 0.039010 0.056776 1.937775 -0.606122 -0.001570 0.000000 0.000000 0.000000 0.381967 0.007675 -0.018170 0.000000 0.000000 0.000000 0.004173 -0.007171 -0.004410 -0.300661 -0.100282 0.007323 0.142817 0.038118 9.807886 
136.162536 -0.002801 0.039305 0.059639 2.033773 -0.606687 -0.002617 0.000000 0.000000 0.000000 0.460336 -0.008042 -0.013924 0.000000 0.000000 0.000000 0.004047 -0.007408 -0.004728 -0.305916 -0.098522 0.006122 0.143052 0.038882 9.807880 
136.362519 -0.003178 0.039549 0.063395 2.133374 -0.595786 0.001950 0.000000 0.000000 0.000000 0.482886 0.047399 0.019528 0.000000 0.000000 0.000000 0.004239 -0.007336 -0.004964 -0.309106 -0.101714 0.005158 0.142602 0.039324 9.807885 
136.562458 -0.003212 0.039204 0.064218 2.254446 -0.592066 -0.000853 0.000000 0.000000 0.000000 0.686559 -0.006142 0.153201 0.000000 0.000000 0.000000 0.004138 -0.007600 -0.004982 -0.313793 -0.099278 0.006981 0.142912 0.040012 9.807877 
136.762384 -0.003213 0.039711 0.065529 2.352860 -0.592199 -0.004807 0.000000 0.000000 0.000000 0.501472 0.021285 -0.015540 0.000000 0.000000 0.000000 0.004162 -0.007951 -0.005034 -0.312152 -0.099600 0.008246 0.142864 0.039699 9.807879 
136.962296 -0.003516 0.040125 0.067007 2.446439 -0.588296 -0.009141 0.000000 0.000000 0.000000 0.457498 0.020323 -0.027696 0.000000 0.000000 0.000000 0.004103 -0.008067 -0.005275 -0.311140 -0.099949 0.007776 0.142821 0.039517 9.807881 
137.162343 -0.003305 0.040342 0.071050 2.551089 -0.587321 -0.008188 0.000000 0.000000 0.000000 0.516371 -0.003531 -0.034612 0.000000 0.000000 0.000000 0.004097 -0.007912 -0.005663 -0.314985 -0.098327 0.005716 0.143049 0.040244 9.807874 
137.362323 -0.003010 0.040546 0.074006 2.644118 -0.577410 -0.012482 0.000000 0.000000 0.000000 0.466418 0.048488 -0.064841 0.000000 0.000000 0.000000 0.004259 -0.007613 -0.005837 -0.313137 -0.102005 0.003118 0.142446 0.039839 9.807885 
137.562180 -0.003450 0.040594 0.075458 2.737817 -0.572857 -0.014034 0.000000 0.000000 0.000000 0.440447 -0.054890 -0.331189 0.000000 0.000000 0.000000 0.004258 -0.007641 -0.005855 -0.312714 -0.101342 -0.001156 0.142669 0.039816 9.807882 
137.762153 -0.003414 0.040801 0.076068 2.825490 -0.578528 -0.015394 0.000000 0.000000 0.000000 0.457387 -0.030017 -0.016703 0.000000 0.000000 0.000000 0.004386 -0.007766 -0.005966 -0.312559 -0.101581 -0.003571 0.142635 0.039790 9.807882 
137.962023 -0.003406 0.041107 0.077034 2.900836 -0.571858 -0.013212 0.000000 0.000000 0.000000 0.449687 0.039282 -0.033870 0.000000 0.000000 0.000000 0.004158 -0.007931 -0.005907 -0.308988 -0.106181 -0.004832 0.141778 0.038813 9.807899 
138.162052 -0.002648 0.041432 0.078034 3.008499 -0.570046 -0.015374 0.000000 0.000000 0.000000 0.689725 0.023726 -0.006348 0.000000 0.000000 0.000000 0.004104 -0.007366 -0.005902 -0.308126 -0.103129 -0.004428 0.142494 0.038750 9.807888 
138.361942 -0.002293 0.039900 0.073281 3.054295 -0.549822 -0.029618 0.000000 0.000000 0.000000 0.273988 0.135517 -0.070346 0.000000 0.000000 0.000000 0.004551 -0.005796 -0.005546 -0.282520 -0.114883 -0.000675 0.140870 0.032313 9.807935 
138.561873 -0.003693 0.041403 0.074499 3.001836 -0.553293 -0.017314 0.000000 0.000000 0.000000 -0.366783 -0.018605 0.084017 0.000000 0.000000 0.000000 0.004244 -0.004170 -0.005577 -0.259075 -0.115855 -0.005185 0.141863 0.027021 9.807937 
138.761850 -0.003840 0.041676 0.075098 2.975246 -0.570037 -0.014522 0.000000 0.000000 0.000000 -0.139528 -0.079627 0.012729 0.000000 0.000000 0.000000 0.004381 -0.003706 -0.005542 -0.260881 -0.114855 -0.004730 0.142002 0.027403 9.807934 
138.961815 -0.003570 0.041447 0.074874 2.957873 -0.568657 -0.014563 0.000000 0.000000 0.000000 -0.111080 0.001891 0.002085 0.000000 0.000000 0.000000 0.004019 -0.003460 -0.005475 -0.263544 -0.117367 -0.004376 0.141413 0.027835 9.807941 
139.161747 -0.003617 0.040901 0.074834 2.960699 -0.562871 -0.016410 0.000000 0.000000 0.000000 -0.007190 0.027919 -0.008597 0.000000 0.000000 0.000000 0.003953 -0.003284 -0.005436 -0.270703 -0.116283 -0.004026 0.141396 0.029299 9.807937 
139.362796 -0.003767 0.041314 0.074826 2.969409 -0.561997 -0.011728 0.000000 0.000000 0.000000 0.030798 0.007550 0.016251 0.000000 0.000000 0.000000 0.003800 -0.003422 -0.005396 -0.273171 -0.113783 -0.005782 0.141845 0.029928 9.807929 
139.561643 -0.003546 0.041556 0.074634 2.972686 -0.564884 -0.011643 0.000000 0.000000 0.000000 0.000609 -0.021893 -0.002381 0.000000 0.000000 0.000000 0.003759 -0.003399 -0.005390 -0.272500 -0.112897 -0.005055 0.142036 0.029807 9.807926 
139.761360 -0.003722 0.041750 0.074837 2.976465 -0.561758 -0.012731 0.000000 0.000000 0.000000 0.007542 0.018674 -0.004981 0.000000 0.000000 0.000000 0.003690 -0.003345 -0.005354 -0.272819 -0.113108 -0.005049 0.141986 0.029862 9.807927 
139.961240 -0.003712 0.041558 0.075323 2.966754 -0.561026 -0.012722 0.000000 0.000000 0.000000 -0.050584 0.011522 -0.000509 0.000000 0.000000 0.000000 0.003657 -0.003336 -0.005336 -0.270963 -0.112980 -0.005180 0.142069 0.029509 9.807927 
140.162472 -0.003604 0.041441 0.074900 2.965218 -0.559848 -0.014057 0.000000 0.000000 0.000000 -0.020536 0.008769 -0.005618 0.000000 0.000000 0.000000 0.003584 -0.003355 -0.005274 -0.273496 -0.111528 -0.004945 0.142273 0.030047 9.807922 
140.362471 -0.003768 0.041600 0.075003 2.965784 -0.560138 -0.012776 0.000000 0.000000 0.000000 -0.007519 0.001849 0.005053 0.000000 0.000000 0.000000 0.003493 -0.003438 -0.005248 -0.274777 -0.110350 -0.005576 0.142474 0.030353 9.807918 
140.560992 -0.003666 0.041603 0.074726 2.967649 -0.563730 -0.014587 0.000000 0.000000 0.000000 0.007831 -0.027263 -0.012837 0.000000 0.000000 0.000000 0.003428 -0.003483 -0.005244 -0.275368 -0.109266 -0.005046 0.142661 0.030492 9.807915 
140.760917 -0.003589 0.041559 0.074938 2.970178 -0.564817 -0.014419 0.000000 0.000000 0.000000 0.003024 -0.001636 0.000673 0.000000 0.000000 0.000000 0.003362 -0.003427 -0.005211 -0.275523 -0.109388 -0.005163 0.142635 0.030521 9.807915 
140.962278 -0.003619 0.041509 0.075126 2.967575 -0.561935 -0.013931 0.000000 0.000000 0.000000 -0.021198 0.018095 0.003019 0.000000 0.000000 0.000000 0.003312 -0.003389 -0.005178 -0.275326 -0.110072 -0.005183 0.142513 0.030463 9.807917 
141.162133 -0.003611 0.041498 0.074876 2.969697 -0.562828 -0.011598 0.000000 0.000000 0.000000 -0.000691 -0.000670 0.010091 0.000000 0.000000 0.000000 0.003223 -0.003406 -0.005130 -0.277034 -0.107883 -0.005651 0.142887 0.030864 9.807911 
141.360731 -0.003678 0.041568 0.075111 2.971188 -0.562512 -0.011169 0.000000 0.000000 0.000000 -0.002111 0.005534 0.004332 0.000000 0.000000 0.000000 0.003182 -0.003426 -0.005104 -0.277816 -0.107571 -0.005247 0.142918 0.031013 9.807910 
141.560691 -0.003656 0.041365 0.075035 2.969221 -0.563459 -0.008102 0.000000 0.000000 0.000000 -0.024027 -0.004536 0.019186 0.000000 0.000000 0.000000 0.003162 -0.003411 -0.005099 -0.277453 -0.107104 -0.005724 0.143024 0.030969 9.807908 
141.761977 -0.003472 0.041444 0.075051 2.970347 -0.565736 -0.012270 0.000000 0.000000 0.000000 -0.003349 -0.006966 -0.018377 0.000000 0.000000 0.000000 0.003139 -0.003333 -0.005061 -0.277740 -0.106965 -0.005421 0.143038 0.031020 9.807908 
141.961866 -0.003624 0.041574 0.074885 2.971513 -0.564898 -0.015192 0.000000 0.000000 0.000000 -0.005231 0.007183 -0.015284 0.000000 0.000000 0.000000 0.003093 -0.003261 -0.005001 -0.278375 -0.107041 -0.005512 0.143009 0.031135 9.807908 
142.160522 -0.003695 0.041727 0.075551 2.976150 -0.561818 -0.013833 0.000000 0.000000 0.000000 0.011155 0.017394 0.002311 0.000000 0.000000 0.000000 0.003061 -0.003231 -0.005000 -0.280226 -0.106669 -0.006613 0.143043 0.031506 9.807906 
142.360417 -0.003819 0.041666 0.076411 2.971119 -0.563502 -0.012278 0.000000 0.000000 0.000000 -0.029934 -0.002369 0.007731 0.000000 0.000000 0.000000 0.002962 -0.003120 -0.005011 -0.278379 -0.105539 -0.006814 0.143304 0.031202 9.807904 
142.561700 -0.003611 0.041602 0.075307 2.967291 -0.562659 -0.013849 0.000000 0.000000 0.000000 -0.037816 0.009350 -0.003269 0.000000 0.000000 0.000000 0.002971 -0.003151 -0.005003 -0.279006 -0.105655 -0.006139 0.143255 0.031302 9.807904 
142.761707 -0.003509 0.041341 0.074621 2.975770 -0.563841 -0.016538 0.000000 0.000000 0.000000 0.032717 -0.001955 -0.020094 0.000000 0.000000 0.000000 0.002980 -0.003077 -0.004984 -0.279635 -0.105362 -0.006143 0.143293 0.031426 9.807903 
142.960259 -0.003702 0.041508 0.074888 2.970116 -0.562142 -0.014510 0.000000 0.000000 0.000000 -0.031396 0.013490 0.004647 0.000000 0.000000 0.000000 0.002972 -0.003009 -0.004955 -0.278485 -0.105910 -0.006630 0.143230 0.031222 9.807905 
143.160219 -0.003627 0.041466 0.074889 2.967679 -0.561774 -0.013702 0.000000 0.000000 0.000000 -0.021204 0.005121 0.004968 0.000000 0.000000 0.000000 0.002898 -0.003039 -0.004924 -0.279508 -0.104772 -0.006595 0.143403 0.031425 9.807901 
143.361515 -0.003804 0.041488 0.074851 2.970681 -0.562640 -0.016097 0.000000 0.000000 0.000000 0.005063 -0.001546 -0.009649 0.000000 0.000000 0.000000 0.002793 -0.003206 -0.004896 -0.281379 -0.103597 -0.005904 0.143555 0.031766 9.807898 
