            0.597279 0 0 0  -0.0320171 0.000203996  0.00134972 180.013       0       0 -0.13     0 -1.03   -0.158687   0.0118169 -0.00169184 7.54558e-05 -0.00048647 -0.00222375 0 0 0 0.131579 0.209108  9.80589 
            0.795936  -0.00499584    -0.111191 -0.000131075 -0.0286785 -0.0120989 0.00297885 180.013       0       0 -0.13     0 -1.03  -0.152703 0.00347426  0.0297936  7.52138e-05 -0.000487208  -0.00222381 -2.44705e-06  8.40807e-07  1.18476e-07 0.131581 0.209108  9.80589 
             1.19326 -0.00499847   -0.111149   0.0297498   0.0310253  -0.0291032 -0.00194939 180.013       0       0 -0.13     0 -1.03   0.0568695  -0.0328406 -0.00709648 7.31211e-05 -0.00037159 -0.00220394  -0.0001016 1.61776e-05 8.23027e-06 0.131677 0.209093  9.80589 
             1.39188 -0.00351121   -0.101793    0.349492   0.180758 -0.0379925 0.00365881 180.013       0       0 -0.13     0 -1.03   0.325942 -0.0331016  0.0120781 -8.88518e-05   -0.0030404  -0.00265473  -0.0579799  0.00308278 -0.00555829 0.187215 0.205953  9.80505 
             1.59185 -0.00101952  -0.0958769    0.388245    0.22169 -0.0710664 0.00491488 180.013       0       0 -0.13     0 -1.03   0.257884 -0.0908709 0.00761038 -0.000940606  -0.00253419  -0.00309295  -0.0451352   0.0220881 -0.00176535 0.17493  0.1878 9.80564 
             1.79052 -0.00107408  -0.0982621    0.614414    0.105948   -0.078442 0.000434992 180.013       0       0 -0.13     0 -1.03  -0.166742  -0.061968 -0.0127354 -0.000951092 -0.000364071  -0.00311369  0.0666249   0.013144 0.00481724 0.0677165  0.196024   9.80681 
             1.99051 -0.0017506 -0.0997771   0.450614     0.117493   -0.0209913 -0.000630008 180.013       0       0 -0.13     0 -1.03 -0.0700975   0.135624 -0.0272383 -0.000734415 -0.000637854  -0.00296648   0.0399355  -0.0274913 0.000801998 0.0927935  0.235197   9.80574 
             2.18913 -0.00371993  -0.0987824    0.507446    0.186069  -0.0034497 0.000579153 180.013       0       0 -0.13     0 -1.03   0.108473   0.102404 -0.0138163 -0.000831682  -0.00100666  -0.00305867 -0.00629272  -0.0218325 -0.00468791 0.137169 0.230244  9.80534 
             2.38778 -0.00565039   -0.093131    0.470587   0.275399  0.0203171 0.00617625 180.013       0       0 -0.13     0 -1.03  0.249777  0.121655 0.0138602 -0.000798091  -0.00136016  -0.00298322 -0.0442907 -0.0223022 -0.0116018 0.173491 0.231088  9.80474 
             2.58644 -0.00327272  -0.0863099    0.481422   0.392727 -0.0325955 0.00681437 180.013       0       0 -0.13     0 -1.03    0.440653  -0.0675225 -0.00889077 -0.00133189 -0.00179467 -0.00318957  -0.074731  0.0161028 -0.0101957 0.203192 0.194777  9.80496 
             2.78509 0.00128609 -0.0835892   0.588388   0.337611 -0.0759134 0.00449668 180.013       0       0 -0.13     0 -1.03   0.0931583   -0.160067 -0.00896963  -0.00151939 -0.000812081  -0.00306321  -0.0203095   0.0274309 -0.00899105 0.151337 0.183222  9.80612 
              2.9851   0.001844 -0.0833911   0.504297   0.356433 -0.0736269 0.00917639 180.013       0       0 -0.13     0 -1.03   0.105248 -0.0727325  0.0288155  -0.00124082 -0.000804354  -0.00309394 -0.0200071  0.0154063 -0.0115432 0.150821 0.194668  9.80591 
             3.38239 0.000790237  -0.0804986     0.64966   0.458982 -0.0103124  0.0139517 180.013       0       0 -0.13     0 -1.03  0.192246 0.0797793  0.013855 -0.00102585  -0.0008413 -0.00341997  -0.0348669   -0.010645 -0.00993186 0.164756 0.219711  9.80515 
             3.58234  0.0019457 -0.0731446   0.639222    0.493924   -0.040763 0.000459309 180.013       0       0 -0.13     0 -1.03  0.191689 0.0146868 -0.061833  -0.00158805 -0.000976098  -0.00326305   -0.0339215 -0.000428656  -0.00599708 0.164111 0.210054  9.80538 
             3.78107 0.00302749 -0.0684989   0.746058   0.565308 -0.0521811  0.0050337 180.013       0       0 -0.13     0 -1.03   0.278488 -0.0243608 -0.0198478 -0.00176779 -0.00128912  -0.0034503 -0.0404625 0.00271519 -0.0181914 0.170128 0.206957  9.80534 
             3.97968 -0.000270963   -0.0675771     0.928227   0.556255 0.00490536  0.0123145 180.013       0       0 -0.13     0 -1.03  0.138314  0.155283 0.0168369  -0.00169439 -0.000992018    -0.003846 -0.0244493 -0.0122523 -0.0235558 0.154565 0.220793   9.8053 
              4.1783 -0.00289776  -0.0619447     1.06247  0.611432 0.0073882 0.0142657 180.013       0       0 -0.13     0 -1.03  0.217838 0.0799635 0.0307355  -0.00181867 -0.000991037  -0.00397013  -0.0320562 -0.00387168  -0.0215307 0.162007 0.213045  9.80535 
             4.37839 -0.00149999  -0.0581488    0.882958   0.654732 -0.0185212  0.0106724 180.013       0       0 -0.13     0 -1.03     0.19793  -0.0302789 -0.00972803 -0.00188577 -0.00103069 -0.00369721 -0.0320592 0.00753338 -0.0190325 0.162499 0.202301  9.80557 
             4.57699 0.00162612 -0.0523019   0.954971   0.694886 -0.0501909 0.00208272 180.013       0       0 -0.13     0 -1.03   0.208149  -0.101779 -0.0676649 -0.00192527 -0.00109111 -0.00378396 -0.0316087  0.0145453 -0.0208039 0.162366 0.195616  9.80571 
             4.77559 0.00189225 -0.0471855   0.861456   0.752632 -0.0582587 0.00907366 180.013       0       0 -0.13     0 -1.03   0.253233 -0.0775978 -0.0154689 -0.00189779 -0.00116008 -0.00360527  -0.035778   0.012697 -0.0316274  0.16604 0.197331  9.80561 
             4.97431  0.0032586 -0.0383549   0.861508   0.788572 -0.0633297  0.0164666 180.013       0       0 -0.13     0 -1.03   0.192055 -0.0422893  0.0240688 -0.00179721 -0.00124915 -0.00363043 -0.0329291 0.00996543 -0.0368396 0.163151  0.19973  9.80561 
             5.17427 0.00573777 -0.0330375   0.798377   0.824932 -0.0476216   0.020498 180.013       0       0 -0.13     0 -1.03  0.165765 0.0107958 0.0314223 -0.00183781 -0.00131462 -0.00356771  -0.033514 0.00325603   -0.03517 0.163553 0.206099  9.80547 
             5.37297 0.00620135 -0.0269711   0.849524   0.864896 -0.0721128  0.0118145 180.013       0       0 -0.13     0 -1.03    0.164454  -0.0520733 -0.00286434 -0.00173243 -0.00135128 -0.00363581 -0.0356678 0.00887856 -0.0299308 0.165836 0.200983  9.80554 
             5.57159 0.00422443 -0.0224701    1.09591   0.920949 -0.0210501  0.0259977 180.013       0       0 -0.13     0 -1.03  0.236459  0.129666 0.0524997 -0.00160259 -0.00136922  -0.0037864  -0.0401322 -0.00304478  -0.0339731 0.169607 0.212189  9.80524 
             5.77159 0.000554824  -0.0182381     1.39164    1.04573 0.00103614  0.0055522 180.013       0       0 -0.13     0 -1.03   0.436858   0.106064 -0.0657939 -0.00167799 -0.00127525 -0.00472937   -0.054973 -0.00194291  -0.0266123 0.183658 0.211761  9.80499 
             6.16756 0.00722249 -0.0105303    1.83904   1.24371 0.0306322 0.0129996 180.013       0       0 -0.13     0 -1.03  0.503645  0.122964 -0.016032  -0.0016985 -0.00152335 -0.00669139   -0.0574738 -0.000116231   -0.0371203 0.185857 0.209931  9.80499 
             6.36621  0.00612061 -0.00759185    -2.34791   0.961677  0.0299991 0.00957427 180.013       0       0 -0.13     0 -1.03  -0.213764  0.0610854 -0.0676906 -0.00196223  0.00191136  -0.0069748 -0.0065472 0.00292741 -0.0388204 0.138273  0.20696  9.80584 
              6.5662 -0.00148457 -0.00724478    -1.16421   1.00199  0.106112 0.0179805 180.013       0       0 -0.13     0 -1.03 -0.0682448    0.15318  0.0322085 -0.00116255 0.000958456 -0.00778806 -0.0162011 -0.0070777 -0.0450912 0.149174 0.214177  9.80553 
             6.76483 -0.00270175 -0.00211286   -0.642284    1.1033 0.0614723 0.0203638 180.013       0       0 -0.13     0 -1.03   0.213027 -0.0137419  0.0046863 -0.00145554 0.000294575 -0.00812067 -0.0321041 0.00100397 -0.0457915 0.161325 0.202907  9.80557 
             6.96486 -0.00377985 0.000110364   -0.645019    1.1406 0.0931075 0.0262503 180.013       0       0 -0.13     0 -1.03  0.173923  0.072712 0.0499523 -0.00139353  0.00016413 -0.00813215  -0.0315305 -0.00451043  -0.0458401 0.161596 0.208047  9.80546 
             7.16353 -0.0061477 0.00302981  -0.717825   1.13245 0.0984044  0.030263 180.013       0       0 -0.13     0 -1.03 0.0492494 0.0501401 0.0994045 -0.00127113 0.000303036 -0.00813814   -0.024684 -0.00300965  -0.0411055 0.155258 0.207434  9.80558 
             7.36217 -0.00284388   0.0104625   -0.153192   1.25961 0.0690208 0.0298352 180.013       0       0 -0.13     0 -1.03   0.321841 -0.0456648  0.0141061  -0.00137039 -4.01182e-05  -0.00918665 -0.0444152 0.00228024  -0.035341  0.17293 0.200926  9.80542 
             7.75947 -0.00223051  0.00897624    0.188941   1.28893 0.0862087 0.0603001 180.013       0       0 -0.13     0 -1.03  0.137053 0.0144119  0.138224 -0.00140653  6.6872e-05  -0.0111786   -0.035689 1.23164e-05  -0.0300694 0.165275  0.20402  9.80549 
             7.95805 -0.00313353    0.004467    -4.57633   1.13643 0.0390329 0.0255866 180.013       0       0 -0.13     0 -1.03  -0.225737 -0.0770933  0.0459004 -0.00216628  0.00213455  -0.0113995 -0.0203954 0.00548285 -0.0195027 0.150814 0.201167  9.80578 
             8.15673  -0.0346858 -0.00309884    -7.35271   1.07821  0.161902 0.0171163 180.013       0       0 -0.13     0 -1.03 -0.237826  0.223322 0.0033574 -4.37826e-05   0.00250885   -0.0114228  -0.0157516 -0.00669746  -0.0165753 0.152017 0.213005  9.80551 
             8.35541 -0.0369745 -0.0157656   -8.74902   1.00902  0.243174 0.0169066 180.013       0       0 -0.13     0 -1.03 -0.296408  0.375225 -0.103518 -3.81985e-05   0.00267838   -0.0119878  -0.0123313 -0.00856244  -0.0184299 0.150868 0.216364  9.80545 
             8.55407 -0.0536062 -0.0251524   -10.4047   1.01806  0.336764 0.0158059 180.013       0       0 -0.13     0 -1.03 -0.172558  0.505777 0.0129901 -0.000152309   0.00286247   -0.0121463 -0.0185196 -0.0138885 -0.0211523 0.158214 0.214725  9.80537 
             8.75265 -0.0521886  -0.029723   -11.5998   0.93076  0.269508 0.0241156 180.013       0       0 -0.13     0 -1.03 -0.254452 0.0612287 0.0152957 0.000563864     0.00254   -0.012428  -0.0218387 -4.9251e-05  -0.0217708 0.148555 0.205845  9.80571 
             8.95143 -0.0546742 -0.0184523   -11.1925  1.11773 0.303966 0.013025 180.013       0       0 -0.13     0 -1.03   0.309466  0.0773286 -0.0717025 0.000624873   0.0033465  -0.0131434 -0.0375368  -0.015949 -0.0196107 0.167612 0.197803  9.80557 
             9.15141 -0.0624122 -0.0130359   -10.1072   1.18419  0.281501 0.0296331 180.013       0       0 -0.13     0 -1.03  0.328478 0.0110405  0.087046 0.000775117  0.00335727  -0.0134559 -0.0403523 -0.0133506 -0.0231092 0.166192 0.194509  9.80566 
             9.35002  -0.0630572 -0.00962925    -9.99647   1.19981  0.263392 0.0227727 180.013       0       0 -0.13     0 -1.03   0.212733 0.00412269  0.0174269 0.000769466   0.0030512   -0.013529  -0.0374244 -0.00833559  -0.0206175 0.160929 0.194975  9.80574 
             9.54868  -0.0635575 -0.00677954    -9.91552    1.1966   0.26805 0.0305641 180.013       0       0 -0.13     0 -1.03  0.0545641 -0.0145699  0.0867541 0.000757093  0.00298061  -0.0136299  -0.0325968 -0.00669971  -0.0207368 0.157496 0.198058  9.80574 
             9.74733  -0.0627355 -0.00370961    -9.73627   1.20848  0.245151 0.0338818 180.013       0       0 -0.13     0 -1.03  0.0336252 -0.0650259  0.0471595 0.000799245  0.00287857  -0.0136583  -0.0347887 -0.00493592  -0.0167534 0.157189 0.195565  9.80579 
             9.94725  -0.062218 0.00209761   -9.58867   1.30587  0.203731 0.0270309 180.013       0       0 -0.13     0 -1.03  0.240781  -0.12133 0.0140008 0.000933599  0.00318285  -0.0139216  -0.0467534 -0.00877202  -0.0119354 0.165833 0.188195  9.80579 
              10.146 -0.0638543 0.00722306   -9.54437   1.37073  0.211004 0.0288846 180.013       0       0 -0.13     0 -1.03   0.303116 -0.0510822  0.0155363 0.000840162  0.00313922  -0.0136841 -0.0464978 -0.0138717 -0.0113359 0.169592 0.190828  9.80568 
             10.3446 -0.0664905  0.0116531   -9.59047   1.41138  0.209362 0.0275443 180.013       0       0 -0.13     0 -1.03   0.271347 -0.0513292 -0.0415882 0.000864177  0.00302386  -0.0136535 -0.0433645 -0.0136957 -0.0106235 0.167936 0.193076  9.80566 
             10.5432 -0.0698635  0.0158415   -9.33759    1.4538  0.235865 0.0124625 180.013       0       0 -0.13     0 -1.03   0.269495  0.0425549 -0.0773656 0.000645657  0.00305134  -0.0138639 -0.0392731 -0.0167728  -0.010747 0.168241 0.197645  9.80557 
             10.7432 -0.0701014  0.0215548   -9.44511   1.52076  0.200482 0.0341668 180.013       0       0 -0.13     0 -1.03   0.295742 -0.0555543  0.0442465 0.000714389  0.00298211  -0.0137129 -0.0427239 -0.0141518 -0.0159347 0.167942 0.193776  9.80565 
             10.9418 -0.0680975  0.0266864   -9.24781   1.54583  0.187649 0.0193722 180.013       0       0 -0.13     0 -1.03   0.243081  -0.045985 -0.0895004 0.000618504  0.00320251  -0.0139325 -0.0397531 -0.0116953 -0.0140383 0.164705 0.194761  9.80568 
             11.1405 -0.0694323  0.0313715   -9.32027   1.58049  0.190182 0.0359661 180.013       0       0 -0.13     0 -1.03    0.235395 -0.00203569   0.0403557 0.000506841  0.00334946  -0.0138849 -0.0381659 -0.0111677 -0.0188252 0.163498 0.195656  9.80569 
             11.3405 -0.0720633  0.0343249   -9.35316   1.62289  0.187983 0.0407145 180.013       0       0 -0.13     0 -1.03   0.203456 -0.0176854  0.0466255 0.000402664  0.00325793  -0.0136959 -0.0383451 -0.0109279 -0.0162353 0.163418 0.195401  9.80569 
             11.5393 -0.0727446  0.0396491   -8.89212   1.64859  0.186106 0.0408383 180.013       0       0 -0.13     0 -1.03    0.161759 -0.00823954   0.0846867 0.000430851  0.00336051  -0.0141408   -0.036825 -0.00970759  -0.0120266 0.161825 0.195899  9.80571 
             11.7379 -0.0723391  0.0428062   -8.93116    1.6967  0.165981 0.0327335 180.013       0       0 -0.13     0 -1.03  0.205884 -0.043118 0.0139029 0.000346582  0.00328253  -0.0141158  -0.0394009 -0.00852836  -0.0082693 0.162285 0.193491  9.80575 
             11.9378 -0.0734866  0.0476338   -8.90813   1.74431  0.181416 0.0344631 180.013       0       0 -0.13     0 -1.03  0.225671 0.0282232 0.0119302 0.000394783  0.00341212  -0.0139256   -0.039216  -0.0108525 -0.00861702 0.163804  0.19485   9.8057 
             12.1365 -0.0727862  0.0492066   -8.75436   1.75694  0.183949 0.0360389 180.013       0       0 -0.13     0 -1.03    0.13977  0.0472957 -0.0140396 0.000257201  0.00341637  -0.0140786  -0.0364934 -0.00846446 -0.00867136 0.160715 0.195415  9.80574 
             12.3351 -0.0748699  0.0523066   -8.82056   1.78961  0.179523 0.0370405 180.013       0       0 -0.13     0 -1.03  0.121436  0.022757 0.0338317 9.41258e-05   0.0033015  -0.0139786  -0.0382051 -0.00755677 -0.00846882 0.161008 0.193773  9.80576 
             12.5351 -0.0763578  0.0575459   -8.82013  1.80717 0.160374 0.039586 180.013       0       0 -0.13     0 -1.03   0.115405 -0.0326557  0.0274426 -3.77376e-05   0.00329289   -0.0139501  -0.0384404 -0.00514116 -0.00834572 0.159518  0.19231  9.80582 
             12.7338 -0.0783621  0.0620399   -8.28916   1.90889  0.185704 0.0413077 180.013       0       0 -0.13     0 -1.03  0.309572 0.0890748 0.0269542 0.000134098   0.0029595  -0.0144979  -0.0439214  -0.0106956 -0.00763592 0.166179  0.19161  9.80572 
             12.9325 -0.0767879   0.069269   -7.49612   1.94162  0.170197 0.0383749 180.013       0       0 -0.13     0 -1.03  0.249348 0.0771775 0.0471757 -6.50298e-05   0.00301267   -0.0160557   -0.043287 -0.00617341 -0.00630685 0.162814 0.189672  9.80581 
             13.1311 -0.0768583  0.0691673   -8.55332   1.80899  0.190064 0.0483075 180.013       0       0 -0.13     0 -1.03 -0.216662  0.113545 0.0881581 -0.000358665   0.00355953   -0.0166904  -0.0283203  0.00258922 -0.00585546 0.149003 0.194692  9.80594 
             13.5284 -0.0813594  0.0702638    -9.0086   1.60853  0.261326 0.0329506 180.013       0       0 -0.13     0 -1.03    -0.3967   0.129989 -0.0275745 -0.000468253    0.0038995   -0.0171261  -0.0201019  0.00421819 -0.00249862 0.14352 0.19921 9.80593 
             13.7284 -0.079417 0.0439377  -12.0802   1.46712  0.214127 0.0294851 180.013       0       0 -0.13     0 -1.03  -0.490513  0.0742744 -0.0712483 -0.00142094  0.00411537  -0.0172778 -0.0196175 0.00966031 -0.0031854 0.139359 0.197127  9.80603 
              13.927 -0.0757756  0.0428261   -12.7341   1.49549  0.239658 0.0336586 180.013       0       0 -0.13     0 -1.03 -0.172409  0.115183 0.0316909 -0.000971302   0.00213575   -0.0177309   -0.026903  0.00283953 -0.00463949 0.146705 0.192642  9.80601 
             14.1256 -0.0860241  0.0297608   -14.5991   1.41164  0.353028 0.0401009 180.013       0       0 -0.13     0 -1.03 -0.249485  0.352293  0.150455 -0.000591725   0.00245667   -0.0177732  -0.0190848  0.00034882 -0.00376935   0.1476 0.199665  9.80586 
             14.5243 -0.0948957   0.021798   -15.8427      1.34863     0.615817 -0.000995432 180.013       0       0 -0.13     0 -1.03 -0.199838  0.540597 -0.120176 -0.000842925   0.00253632   -0.0178753  -0.0155201 -0.00520622 0.000302137 0.152255 0.203187  9.80571 
              14.723   -0.1205 0.0131078  -19.1394   1.39969   0.74317 0.0189585 180.013       0       0 -0.13     0 -1.03 -0.0935143   0.581711  0.0458477 -0.000752501   0.00212306   -0.0181981  -0.0178725  -0.0100302 -0.00231477  0.15624 0.200598   9.8057 
             14.9229 -0.125522  0.019788  -19.5721   1.45122  0.651098 0.0255128 180.013       0       0 -0.13     0 -1.03 0.0900842 0.0329074 0.0316823 -0.00266722  0.00070772  -0.0185245  -0.0383431 -0.00479574 -0.00169088 0.146063 0.184629  9.80617 
             15.1216 -0.117578 0.0215163  -20.8572    1.51935   0.547262 0.00800039 180.013       0       0 -0.13     0 -1.03   0.24262 -0.172457 -0.110168 -0.00254443 0.000490418  -0.0187606   -0.0496602  -0.00362228 -0.000701667   0.1414 0.175508  9.80641 
             15.3202  -0.12554 0.0389828  -21.5221   1.74746   0.50298 0.0149398 180.013       0       0 -0.13     0 -1.03   0.712085  -0.158713 0.00583407 -0.0026101 0.00110741 -0.0190708  -0.0582623  -0.0192103 -0.00413421 0.151241 0.162775  9.80648 
             15.5189 -0.129578  0.060135  -20.6629  1.85711 0.483026 0.018029 180.013       0       0 -0.13     0 -1.03    0.62762 -0.0910494 -0.0644689 -0.00263734 0.000971662  -0.0197873  -0.0562727  -0.0165471 -0.00528538  0.14988 0.165453  9.80646 
             15.7189 -0.133102 0.0651654  -20.1422   1.77576   0.52668 0.0113005 180.013       0       0 -0.13     0 -1.03   0.133447   0.054328 -0.0440958 -0.00284318 0.000219541  -0.0198826   -0.04132 0.00148281  -0.006227 0.141239 0.184754  9.80624 
             15.9175 -0.133813 0.0665276  -19.9488   1.77766  0.528613 0.0196209 180.013       0       0 -0.13     0 -1.03  0.0894854  0.0536252 -0.0186003 -0.00287056 0.000128201  -0.0198979   -0.041102  0.00428046 -0.00838772 0.139016 0.185891  9.80625 
             16.1163 -0.134284 0.0708054  -19.7829       1.84   0.474929 0.00998676 180.013       0       0 -0.13     0 -1.03   0.207394 -0.0529269 -0.0528682  -0.00278989 -2.31335e-05   -0.0199727  -0.0501798      0.0039 -0.00848995 0.136494 0.178222  9.80643 
             16.3148 -0.135825 0.0769323  -19.8524    1.8758  0.460605 0.0118303 180.013       0       0 -0.13     0 -1.03   0.199173 -0.0890036 -0.0741651 -0.00288218 4.99215e-05  -0.0198379 -0.0494078 0.00438739 -0.0130263 0.136339  0.17897  9.80642 
             16.5148 -0.136948 0.0813556  -19.6998   1.90721  0.460553 0.0278048 180.013       0       0 -0.13     0 -1.03    0.14475 0.00830745  0.0652622 -0.00274405 2.82871e-06  -0.0199263  -0.048136 0.00391965 -0.0171632 0.137161  0.17985  9.80639 
             16.7135  -0.13855 0.0863199  -19.6794   1.94389  0.450292 0.0251393 180.013       0       0 -0.13     0 -1.03   0.154767 -0.0228189 0.00150598   -0.0027368 -1.68003e-05    -0.019756 -0.0493495 0.00335907 -0.0154049 0.137275 0.178689  9.80641 
             16.9122 -0.141698 0.0937254  -19.6952  2.02225 0.429422 0.022602 180.013       0       0 -0.13     0 -1.03    0.260882  -0.0528011 -0.00674837  -0.00264336 -0.000146537   -0.0196276  -0.0533659 0.000148163  -0.0145327 0.138824 0.174465  9.80647 
             17.1108 -0.145297  0.101088  -19.6479    2.08965   0.435765 0.00981096 180.013       0       0 -0.13     0 -1.03    0.31388 -0.0261869  -0.106803  -0.00247277 -8.76304e-05   -0.0195329  -0.0520054 -0.00218707  -0.0147859 0.141149 0.174942  9.80642 
             17.3095 -0.146603   0.10644   -19.674   2.12842  0.413715 0.0220727 180.013       0       0 -0.13     0 -1.03   0.277395 -0.0767817 -0.0104424  -0.00254502 -4.85629e-05   -0.0194517 -0.0518647 0.00124392 -0.0198185 0.138402 0.175978  9.80644 
             17.7067 -0.147162  0.112076  -19.5175   2.19971  0.392834 0.0609625 180.013       0       0 -0.13     0 -1.03   0.205424 -0.0295671   0.127869 -0.00245661  9.7377e-05  -0.0194568 -0.0512425  0.0038895 -0.0204456 0.136403 0.177196  9.80645 
             17.9068 -0.151562   0.12112  -18.9527   2.34837  0.363162 0.0308205 180.013       0       0 -0.13     0 -1.03   0.409464 -0.0787499  0.0309821 -0.00212798 -0.00144911  -0.0201028  -0.0569369 -0.00248008  -0.0141621 0.140051 0.170754  9.80651 
             18.1054 -0.152939  0.133158  -18.1943   2.40543  0.358345 0.0239502 180.013       0       0 -0.13     0 -1.03   0.358409 0.00642318  0.0168332 -0.00233245 -0.00117626  -0.0209765   -0.0560918 -0.000198828   -0.0113267 0.138397 0.172027  9.80651 
             18.3041 -0.153198  0.136024  -18.4789   2.26231  0.372344 0.0352891 180.013       0       0 -0.13     0 -1.03  -0.204796 -0.0153633   0.108953 -0.00280437 7.60317e-05  -0.0216127 -0.0443934  0.0163398  -0.011414 0.127516 0.185526  9.80642 
             18.5027 -0.146761  0.135987  -18.3542   2.22896   0.31912 0.0380855 180.013       0       0 -0.13     0 -1.03 -0.164518 -0.166831  0.122309 -0.00278115 0.000149621  -0.0221736  -0.0480664   0.0182652 -0.00815539 0.125072 0.182974   9.8065 
             18.7013 -0.143654  0.136561  -17.0832   2.23878  0.312289 0.0242099 180.013       0       0 -0.13     0 -1.03 -0.0424838 -0.0933594 -0.0156243 -0.00285073  0.00026155  -0.0227432  -0.0484836   0.0143973 -0.00464109 0.128127 0.181942  9.80648 
             18.9013 -0.144643  0.143956  -16.9235   2.35609  0.319113 0.0305809 180.013       0       0 -0.13     0 -1.03   0.220294 -0.0208072  0.0607213 -0.00290193 0.000272799  -0.0227596  -0.0525501  0.00535693 -0.00485241 0.134953   0.1773  9.80647 
                19.1 -0.14749 0.153544 -16.7317   2.42576  0.302399 0.0275045 180.013       0       0 -0.13     0 -1.03    0.31321 -0.0583699  0.0340229 -0.00280349 0.000332236  -0.0224852  -0.0542271  0.00451317 -0.00265525 0.135559 0.175874  9.80649 
             19.4974 -0.147512  0.159917  -16.7138   2.59754  0.216837 0.0165812 180.013       0       0 -0.13     0 -1.03   0.440943  -0.215627 -0.0163213 -0.00284005 0.000214029  -0.0224493   -0.057365  0.00496552 -0.00144489 0.135106 0.173359  9.80654 
             19.6973 -0.151452  0.175621  -16.3312   2.59883  0.240939 0.0271252 180.013       0       0 -0.13     0 -1.03   0.285035 -0.0621202  0.0148278 -0.00264773  0.00124254  -0.0224791 -0.0510808 0.00663616 -0.0026232 0.133961 0.178475  9.80646 
             19.8959 -0.154589  0.182079  -16.6088   2.66087  0.245488 0.0115177 180.013       0       0 -0.13     0 -1.03   0.280125 -0.0334166  -0.121485 -0.00232115  0.00122566  -0.0221911   -0.050444  0.00543517 -0.00110757 0.134892 0.178974  9.80644 
             20.2946 -0.156515  0.189251  -16.5419   2.7954 0.231515 0.026734 180.013       0       0 -0.13     0 -1.03   0.347077 -0.0275806 -0.0208503 -0.00233462  0.00107095   -0.022215  -0.0521062  0.00542802 -0.00468712 0.134959 0.177623  9.80646 
             20.4933 -0.158539  0.201231  -16.1452   2.84501  0.200302 0.0213398 180.013       0       0 -0.13     0 -1.03   0.279506 -0.0326963 0.00198155 -0.00236449  0.00123388  -0.0226133  -0.0527349  0.00747106 -0.00424678  0.13335 0.177131  9.80649 
             20.6919 -0.160363  0.206401  -15.9147   2.91461  0.169588 0.0494591 180.013       0       0 -0.13     0 -1.03  0.339311 -0.103484  0.198103 -0.00257417  0.00113417  -0.0226657  -0.0545329  0.00818537 -0.00634167 0.132836 0.175671  9.80653 
             20.8919 -0.159942   0.21291   -15.877   2.95965  0.197964 0.0397906 180.013       0       0 -0.13     0 -1.03  0.274469 -0.021025  0.094198 -0.00253564  0.00115775  -0.0225928  -0.0510973  0.00636038 -0.00355714 0.133997 0.178431  9.80646 
             21.0905 -0.165253   0.22205  -15.8553  3.03082 0.218861 0.038477 180.013       0       0 -0.13     0 -1.03  0.338905 0.0731012  0.132367 -0.00252605  0.00113513  -0.0225463 -0.0510013 0.00490447 0.00155041 0.135029 0.178687  9.80644 
             21.2892 -0.167646  0.227857  -15.8891  3.09426 0.184063 0.034425 180.013       0       0 -0.13     0 -1.03   0.341864 -0.0442678  0.0700099 -0.00276259  0.00120805   -0.022266 -0.0534281 0.00812038 0.00597909 0.132647  0.17665  9.80651 
             21.4892 -0.172078  0.233198  -16.0612   3.20327  0.186569 0.0301384 180.013       0       0 -0.13     0 -1.03  0.413604 -0.122492 0.0746533 -0.00231226 0.000997788  -0.0222675 -0.0547121 0.00452215 0.00897794 0.135406  0.17605  9.80649 
             21.6878 -0.174255  0.243436  -15.6716    3.2494  0.192687 0.0178493 180.013       0       0 -0.13     0 -1.03   0.394139 -0.0283839 -0.0758943 -0.00228443  0.00140503  -0.0224565 -0.0507523  0.0057549  0.0104428  0.13419 0.179009  9.80645 
             22.2851 -0.175948  0.247517  -15.5687   3.36107    0.1571 0.0101506 180.013       0       0 -0.13     0 -1.03   0.279574  -0.106997 -0.0233661 -0.00260095  0.00175627  -0.0223577 -0.0479348 0.00911815  0.0087765 0.131551 0.180886  9.80645 
             22.4838 -0.174484  0.261824  -15.5894   3.45975  0.102474 0.0311753 180.013       0       0 -0.13     0 -1.03  0.328166 -0.136271  0.066068 -0.00290607 0.000557113  -0.0218544 -0.0499056 0.00885511 0.00707846 0.131948 0.179425  9.80647 
             22.6825 -0.174867  0.272697  -15.2951   3.47897 0.0681364 0.0264032 180.013       0       0 -0.13     0 -1.03  0.190352 -0.120927 0.0368935 -0.00325587 0.000961197  -0.0220319 -0.0491036  0.0104213    0.01055 0.130672 0.179782  9.80648 
             22.8825 -0.177139  0.278665  -15.1925   3.49212 0.0895361 0.0362063 180.013       0       0 -0.13     0 -1.03   0.128844 -0.0514212    0.12144 -0.00316598 0.000994524  -0.0218715 -0.0466242 0.00932511  0.0107928 0.131119 0.181694  9.80644 
              23.081 -0.178326  0.283835  -15.2775   3.56425  0.102975 0.0317479 180.013       0       0 -0.13     0 -1.03  0.293581 0.0297725 0.0447059 -0.0030648 0.00103513 -0.0216267 -0.0481378 0.00647981  0.0147676 0.133276 0.181083  9.80642 
             23.2797 -0.161517  0.249229  -13.5856   3.49855 0.0685921 0.0432008 180.013       0       0 -0.13     0 -1.03 -0.0480701  -0.116823  0.0631142 -0.00314107  0.00111707  -0.0215329 -0.0435244  0.0132303  0.0148275   0.1278 0.183154  9.80646 
             23.6784 -0.156205  0.225868   -11.991   3.35954 0.0856128 0.0486859 180.013       0       0 -0.13     0 -1.03  -0.277323 -0.0188297   0.034436 -0.00296196  0.00125886  -0.0213037 -0.0379333  0.0136396  0.0161151 0.126094 0.186675  9.80641 
             23.8771 -0.13515 0.212841 -7.51837   2.88364  0.195874 0.0227215 180.013       0       0 -0.13     0 -1.03  -1.12045  0.148679 -0.134121 -0.00245558  0.00511731  -0.0211685 -0.0215759  0.0155224   0.017395 0.117468 0.192632   9.8064 
             24.0757 -0.115571  0.163057  -5.14582   2.55663  0.294809 0.0409914 180.013       0       0 -0.13     0 -1.03   -1.33492   0.388478 -0.0168233 -0.00178178  0.00729321  -0.0213389 -0.0162935  0.0127277  0.0113247 0.114211 0.193545  9.80643 
             24.2744 -0.102568  0.144598  -3.31955    2.4333   0.34351 0.0438206 180.013       0       0 -0.13     0 -1.03  -1.06966  0.276106 0.0690268 -0.00178389  0.00636555  -0.0211483 -0.0241349  0.0153303  0.0111071 0.119281  0.19492  9.80634 
             24.4743 -0.100771  0.128115   -1.7701   2.24207  0.464739 0.0414616 180.013       0       0 -0.13     0 -1.03   -1.01707   0.504052 -0.0722872 -0.00191299  0.00631832  -0.0209802 -0.0264428  0.0126443  0.0118267 0.118841 0.197287   9.8063 
              24.673 -0.100139   0.11792  -1.67641   2.19409  0.328583 0.0216731 180.013       0       0 -0.13     0 -1.03  -0.615733 -0.0811524 -0.0531226 -0.00096918  0.00705902  -0.0208397 -0.0280925  0.0259466  0.0122624 0.127933 0.194363  9.80624 
             24.8717 -0.102426  0.122355  -1.93464   2.35313  0.350907 0.0409122 180.013       0       0 -0.13     0 -1.03  0.042079 0.0295182 0.0013713 -0.00134949  0.00826604   -0.020625 -0.0401623  0.0307473 0.00988493 0.133855 0.201651  9.80601 
             25.0703 -0.102459  0.127825  -1.87757   2.44986  0.333425 0.0492148 180.013       0       0 -0.13     0 -1.03   0.253149 -0.0224272  0.0988682 -0.00153131  0.00811211  -0.0206347 -0.0442703  0.0341143  0.0107538 0.137086 0.203693  9.80593 
              25.469 -0.101475  0.133249  -1.91495   2.59187  0.292661 0.0190348 180.013       0       0 -0.13     0 -1.03   0.385466  -0.112838 -0.0938915 -0.00155448  0.00797585  -0.0203255 -0.0453939  0.0347835  0.0141311 0.137797 0.204287   9.8059 
             25.6677 -0.10363 0.155499  1.00267   2.59936  0.429687 0.0276718 180.013       0       0 -0.13     0 -1.03  0.324339  0.126125 -0.144726 0.00109648 0.00874533 -0.0200805 -0.0464804  0.0243643  0.0110186 0.130831 0.206993  9.80594 
             25.8663 -0.107393   0.15334   2.65357   2.65551  0.590287 0.0238653 180.013       0       0 -0.13     0 -1.03   0.343293   0.422722 -0.0759492 0.00345452  0.0089009 -0.0198336 -0.0519756  0.0155319 0.00594402 0.124365 0.211262  9.80594 
             26.0662 -0.102044  0.149173   4.09368   2.65252   0.63463 0.0474597 180.013       0       0 -0.13     0 -1.03   0.180069   0.280391 -0.0188077  0.0032567 0.00917536 -0.0194039 -0.0457091  0.0141273 0.00269964 0.123696 0.206375  9.80605 
             26.2649 -0.116639  0.154691    4.6165    2.5916  0.618953 0.0473801 180.013       0       0 -0.13     0 -1.03 -0.0443745  0.0340077  0.0520739 0.00332829 0.00952178  -0.019108 -0.0348545  0.0114822   0.004173 0.123341 0.197392  9.80624 
             26.4635 -0.118289  0.161543   4.27529   2.61963   0.59972 0.0578332 180.013       0       0 -0.13     0 -1.03  0.0592325 -0.0390352   0.138809 0.00305855 0.00951932 -0.0186828 -0.0351624   0.015974  0.0056394 0.126813 0.198587  9.80617 
             26.6622 -0.114904  0.167068   4.39751   2.68419  0.588884 0.0496697 180.013       0       0 -0.13     0 -1.03   0.178978 -0.0519909  0.0431602 0.00296178 0.00906489 -0.0186475 -0.0387238  0.0200912  0.0101622 0.129257  0.20222  9.80606 
             26.8622 -0.115008  0.171374   4.42669   2.75112  0.610916 0.0343494 180.013       0       0 -0.13     0 -1.03    0.263571 -0.00778038  -0.0363389 0.00294736 0.00895768 -0.0186327 -0.0437233  0.0195909  0.0131161 0.127932 0.206061    9.806 
             27.0608 -0.115335  0.175531    4.5362    2.7743  0.598708 0.0509869 180.013       0       0 -0.13     0 -1.03   0.195602 -0.0524131   0.068492 0.00295884  0.0089164 -0.0185747 -0.0411594  0.0180986  0.0115663  0.12723 0.203805  9.80606 
             27.2595 -0.118057  0.182794    4.5283   2.84367  0.651519 0.0475636 180.013       0       0 -0.13     0 -1.03  0.287717  0.100533 0.0759694 0.00303416 0.00882328  -0.018499 -0.0472825  0.0162222  0.0144845 0.124616 0.208242    9.806 
             27.4582 -0.118546    0.1864   4.52977   2.87855  0.663006 0.0410161 180.013       0       0 -0.13     0 -1.03   0.249369  0.0845396 0.00597796 0.00299701 0.00881325 -0.0183735 -0.0450669  0.0154045  0.0160038 0.124378 0.206363  9.80604 
             27.6568 -0.121679  0.193273   4.41424   2.97356  0.692057 0.0405822 180.013       0       0 -0.13     0 -1.03   0.38243  0.121573 0.0157942 0.00290799 0.00854926 -0.0180947 -0.0483432  0.0174944  0.0158975 0.125379 0.209321  9.80596 
             27.8568 -0.119717  0.185067   4.74475    3.0127  0.658599 0.0402281 180.013       0       0 -0.13     0 -1.03   0.301095  -0.040229 -0.0528395 0.00281135 0.00856896 -0.0174022 -0.0408335   0.018683  0.0146305 0.127693  0.20374  9.80605 
             28.0568 -0.0989437   0.187354    6.47067   2.90188  0.554804 0.0410827 180.013       0       0 -0.13     0 -1.03 -0.0560886  -0.297986 -0.0436093  0.0030352 0.00830716 -0.0172964 -0.0206575  0.0119702  0.0134907 0.126546 0.186796   9.8064 
             28.2555 -0.0852884   0.190614    8.72037   2.77318  0.620991 0.0648737 180.013       0       0 -0.13     0 -1.03 -0.350255 0.0244718  0.112923 0.00311622 0.00814607 -0.0172681  -0.0222937 -0.00360719   0.0117396 0.114108  0.18416  9.80661 
             28.4541 -0.0778012   0.167458    10.5293   2.59161   0.62878 0.0442926 180.013       0       0 -0.13     0 -1.03  -0.545242 -0.0132552  -0.089049 0.00321301 0.00817713 -0.0172609 -0.0165197 -0.0126133  0.0148872 0.109253 0.176647   9.8068 
             28.6527 -0.0900771   0.170673    12.3223   2.45339  0.852118 0.0285193 180.013       0       0 -0.13     0 -1.03 -0.566474  0.538721 -0.189582   0.003136 0.00780225 -0.0170604 -0.0330965 -0.0259984  0.0137658 0.092214  0.18313  9.80686 
             29.0514 -0.0937706   0.161925    13.5031   2.07661  0.932742 0.0279231 180.013       0       0 -0.13     0 -1.03 -0.759142  0.288844 -0.053424  0.0032604 0.00747906  -0.016765 -0.0198323 -0.0316023  0.0099034 0.0947358   0.17101   9.80705 
             29.4501 -0.091638  0.126383   17.2692   1.64013  0.958065 0.0145958 180.013       0       0 -0.13     0 -1.03 -0.937287  0.234174 -0.104491 0.00300503  0.0084783  -0.016595 -0.0091552 -0.0362981 0.00815791 0.0975478  0.161129   9.80719 
             29.6487 -0.0955089   0.103012    21.5449   1.46174   1.02946 0.0284044 180.013       0       0 -0.13     0 -1.03 -0.909865  0.267991 0.0223075 0.00345967 0.00777839  -0.016616 -0.0122948 -0.0360461 0.00522904  0.09561 0.163267  9.80718 
             29.8475 -0.111928  0.109334    24.267   1.33819   1.07493 0.0420838 180.013       0       0 -0.13     0 -1.03 -0.743894  0.244957 0.0183641 0.00302989 0.00709628  -0.016632  -0.013387  -0.028087 0.00300857 0.0994682  0.169455   9.80703 
             30.0461 -0.0962818  0.0957162    25.6293   1.23128  0.856267 0.0309337 180.013       0       0 -0.13     0 -1.03 -0.616184 -0.452639 0.0306914 0.00496983  0.0067936 -0.0163905  0.0128733 -0.0182094   0.003478 0.123648 0.161517  9.80689 
             30.2446 -0.0939043  0.0902236    28.1751   1.20777  0.768165 0.0271866 180.013       0       0 -0.13     0 -1.03  -0.39889 -0.435705 0.0442453 0.00515872 0.00768959 -0.0163144   0.0109065 -0.00471686  0.00460653 0.129527 0.172457  9.80663 
             30.4434 -0.0921265   0.101061    30.5644   1.27621  0.669877 0.0294407 180.013       0       0 -0.13     0 -1.03 -0.0748062  -0.429258  0.0174552  0.0052942  0.0085756 -0.0162012  0.0100588  0.0187997 0.00452649 0.141153 0.190588  9.80613 
              30.842 -0.0705071  0.0808771    32.9608    1.32468   0.346385 0.00429793 180.013       0       0 -0.13     0 -1.03   0.065188  -0.711796 -0.0991455  0.0056951 0.00873973 -0.0159733  0.0240434  0.0294964 0.00478479 0.157285  0.19187  9.80586 
             31.0406 -0.0413588  0.0655469    36.3511   1.31753  0.283273 0.0195107 180.013       0       0 -0.13     0 -1.03 0.0379944 -0.537516 -0.033688 0.00634375 0.00832583 -0.0158636  0.0158152   0.027161 0.00296228 0.149554  0.19376  9.80595 
             31.2394 -0.0383854  0.0609263    37.7246   1.28509   0.24729 0.0400333 180.013       0       0 -0.13     0 -1.03 -0.0351068  -0.355831   0.118273 0.00798457 0.00812058 -0.0157949 0.00540045  0.0209724 0.00142423 0.138257 0.193094  9.80612 
              31.438 -0.0318956  0.0613433    39.0877    1.3233   0.20697 0.0382203 180.013       0       0 -0.13     0 -1.03 0.0912979 -0.382701  0.117375 0.00793545 0.00753649 -0.0155461 -0.000964163    0.0277488   0.00278452 0.135897 0.201407  9.80599 
             31.8366 -0.0255807  0.0516277    41.0663    1.44273   0.191699 -0.0237164 180.013       0       0 -0.13     0 -1.03  0.264303 -0.176787 -0.199358 0.00787684 0.00700958 -0.0154873 -0.0168296  0.0375881  0.0051993  0.12694 0.216245  9.80579 
             32.0353 -0.00967658   0.0710981     44.8855     1.522  0.304032 0.0417612 180.013       0       0 -0.13     0 -1.03  0.335865 0.0537145  0.212595 0.00881491 0.00563925 -0.0154335 -0.0359954  0.0417548 0.00116229 0.112524 0.227433  9.80572 
             32.2339 -0.00783919   0.0824573     46.6731   1.67506   0.31687 0.0325133 180.013       0       0 -0.13     0 -1.03   0.608884  0.0571175 -0.0364291 0.00768088 0.00433918 -0.0152812 -0.0350435  0.0561471 0.00544682 0.118702 0.239391  9.80536 
             32.4339 0.00774134  0.0873792     47.488    1.83316   0.329458 0.00786292 180.013       0       0 -0.13     0 -1.03  0.722293  0.046869 -0.124498 0.00754614 0.00409809 -0.0150481 -0.0357589  0.0624429 0.00587516 0.12043 0.24502  9.8052 
             32.6325 0.0168025 0.0934883   46.9151   1.92374  0.292302 0.0425507 180.013       0       0 -0.13     0 -1.03   0.67198 -0.074564  0.136131 0.00768337 0.00406554 -0.0147084 -0.0291465  0.0504146 0.00178017 0.121634 0.232324  9.80549 
             32.8312 0.0178717 0.0919934   46.9562   1.82464  0.276966 0.0343658 180.013       0       0 -0.13     0 -1.03  0.0916216 -0.0984374  0.0339169 0.00780836 0.00372353 -0.0147092  -0.035946 0.00977626 0.00511375  0.10085 0.200363  9.80643 
               33.03 0.0190566 0.0939616   47.0245   1.80702  0.310853 0.0298759 180.013       0       0 -0.13     0 -1.03 0.00672128  0.0352614  0.0148855  0.0075815  0.0035839 -0.0146128 -0.0436966 0.00613446 0.00579893 0.0929425  0.200193   9.80652 
             33.2285 0.0181879 0.0984542   46.7511   1.86357  0.387797 0.0331074 180.013       0       0 -0.13     0 -1.03    0.15661   0.218914 -0.0197288 0.00734237 0.00388855 -0.0142772 -0.0538265   0.017135 0.00543231 0.0885773  0.213249   9.80628 
             33.4271 0.0179601    0.1049   46.8651  1.94567 0.463925 0.039006 180.013       0       0 -0.13     0 -1.03  0.301559  0.291018 0.0900885 0.00706985 0.00376558 -0.0143959 -0.0598297  0.0290199  0.0060136 0.0879957  0.225512   9.80601 
             33.6258 0.014143 0.110643  47.4946   1.97018  0.524588 0.0470565 180.013       0       0 -0.13     0 -1.03 0.203593 0.283538 0.200258 0.00725364 0.00367434 -0.0138363 -0.0618487   0.021557 0.00876732 0.0834529  0.220013   9.80618 
             33.8259 0.0317567  0.111609   50.0003   1.94367  0.382694 0.0463876 180.013       0       0 -0.13     0 -1.03 0.0697382 -0.249893  0.101498  0.0074655 0.00420998 -0.0138752 -0.0252665 0.00280218  0.0122339 0.107142  0.19058  9.80656 
             34.0244 0.0340079  0.105241   51.2648   1.91257  0.261974 0.0228532 180.013       0       0 -0.13     0 -1.03 -0.00825384   -0.430031  -0.0770265 0.00763974 0.00364604 -0.0136077  -0.0174144 -0.00474512   0.0139371 0.110948 0.181366   9.8067 
             34.2231 0.0478404 0.0943398   52.9323   1.89429  0.157086 0.0390494 180.013       0       0 -0.13     0 -1.03 -0.0380433  -0.452218  0.0521574 0.00763251 0.00340753 -0.0134664   -0.014726 -0.00845477   0.0124055 0.111906 0.177282  9.80676 
             34.4218 0.0426183 0.0858836   54.8582   1.81337  0.135196 0.0369989 180.013       0       0 -0.13     0 -1.03 -0.197905  -0.31338 0.0807101 0.00721768 0.00332989 -0.0133394 -0.0302576 -0.0189932  0.0147408  0.09509 0.173652    9.807 
             34.8191 0.0433601 0.0851781   54.3787   1.73824  0.129008 0.0356917 180.013       0       0 -0.13     0 -1.03 -0.226287 -0.141058 -0.017972 0.00710095 0.00303867 -0.0130241  -0.045206 -0.0124269  0.0157282 0.0844644  0.184256   9.80691 
             35.0178 0.0411832 0.0898786    54.419   1.85982  0.280539 0.0418518 180.013       0       0 -0.13     0 -1.03 0.0832284  0.154557  0.119546   0.0063527 -0.00036939  -0.0130643 -0.0619415  0.0134664   0.015732 0.0783434  0.212086   9.80639 
             35.2164 0.0429897 0.0946879   54.4759   1.93914   0.32451 0.0112673 180.013       0       0 -0.13     0 -1.03   0.21759   0.22867 -0.208415  0.00496914 -0.00143165  -0.0128523 -0.0602555  0.0251321  0.0190737 0.0835847  0.221611   9.80614 
             35.4151 0.045432 0.101717  54.2713   1.99723  0.410471 0.0226499 180.013       0       0 -0.13     0 -1.03   0.258218    0.33682 -0.0154778  0.00478596 -0.00187513  -0.0127287 -0.0663281  0.0298683  0.0146222 0.079999 0.227701  9.80603 
             35.6137 0.0460549  0.107793   54.5382   2.04915  0.446168 0.0482826 180.013       0       0 -0.13     0 -1.03 0.292507 0.273132 0.152232  0.00493955 -0.00157037  -0.0129639 -0.0600493   0.028188  0.0123499 0.0847955  0.224137   9.80607 
             35.8137 0.0458216  0.111656   54.5544   2.06263   0.47648 0.0435727 180.013       0       0 -0.13     0 -1.03 0.202271 0.194861 0.150891 0.00502347 -0.0015278 -0.0129134 -0.0589177  0.0176373  0.0166094 0.0821415   0.21482    9.8063 
             36.0123 0.0442735  0.114739   54.7258   2.05531  0.509057 0.0259555 180.013       0       0 -0.13     0 -1.03   0.121655   0.232424 -0.0779139  0.00497149 -0.00174375  -0.0130131 -0.0583926   0.010887  0.0178561 0.0802858  0.208961   9.80645 
              36.211 0.0476092   0.11492   54.9229   2.11308  0.518595 0.0246022 180.013       0       0 -0.13     0 -1.03   0.239414   0.186104 -0.0603634  0.00471948 -0.00158392  -0.0131918 -0.0507819  0.0140634  0.0160354 0.0877998  0.209084   9.80638 
             36.4096 0.0484342  0.117666    54.942   2.14687  0.545488 0.0279839 180.013       0       0 -0.13     0 -1.03   0.239298   0.154396 0.00532449  0.00458655 -0.00158037  -0.0130321 -0.0492909  0.0104312  0.0134711 0.0878267  0.205544   9.80645 
             36.6084 0.0484775  0.123231   54.9677     2.192  0.587393 0.0271625 180.013       0       0 -0.13     0 -1.03   0.243293   0.168663 -0.0817043  0.00460401 -0.00169336  -0.0130367 -0.0527129  0.0103212  0.0124662 0.0849066  0.206605   9.80646 
             36.8072  0.04799 0.126695  54.9467   2.20316  0.643499 0.0126736 180.013       0       0 -0.13     0 -1.03  0.178688  0.244701 -0.112395  0.00478807 -0.00177022  -0.0130516 -0.0586309 0.00274261  0.0114521 0.0773739  0.202227   9.80661 
             37.0056 0.0508334   0.13091   55.2346   2.23711  0.632331 0.0342622 180.013       0       0 -0.13     0 -1.03  0.179266  0.141182 0.0528975  0.00490236 -0.00155703  -0.0130993  -0.0490008 0.000657296  0.00845246 0.0847712  0.197217   9.80665 
             37.2056 0.0515385  0.135846   55.1109   2.27969  0.669111 0.0393357 180.013       0       0 -0.13     0 -1.03 0.226384 0.187502 0.050798  0.00470792 -0.00163852  -0.0131273  -0.048922 0.00179274 0.00926057 0.0852158  0.198158   9.80663 
             37.6029 0.0504863  0.133718   53.8323    2.25149   0.504196 0.00799347 180.013       0       0 -0.13     0 -1.03  0.104502 -0.156541 -0.111471  0.00482559 -0.00143894  -0.0133081 -0.0258176 -0.0202891  0.0109314 0.0969636  0.171907   9.80701 
              37.999 0.0466002  0.132429   49.9145   2.27853  0.475732 0.0409175 180.013       0       0 -0.13     0 -1.03  0.113177 -0.131478 0.0350766  0.00515976 -0.00199638   -0.013266 -0.0304012 -0.0204654 0.00826363 0.0930619   0.17335   9.80703 
             38.1989 0.0344729  0.138591   47.2358   2.26254   0.55485 0.0385553 180.013       0       0 -0.13     0 -1.03 0.0206734  0.075774 0.0368405  0.00721719 -0.00326412  -0.0131992 -0.0411348 -0.0225322 0.00974038 0.0835244  0.175751   9.80707 
             38.3989 0.0383712   0.14225   47.3334    2.2538  0.506009 0.0379534 180.013       0       0 -0.13     0 -1.03 -0.00729735   -0.108304    0.097222  0.00655301 -0.00234417  -0.0133203 -0.0337953 -0.0243872  0.0124899 0.0885341  0.171266   9.80711 
             38.5976 0.0400083  0.146979   47.7168   2.27956  0.507889 0.0262047 180.013       0       0 -0.13     0 -1.03  0.0770334 -0.0296807  -0.135285 0.00637447 -0.0023326 -0.0134426  -0.036258 -0.0209509  0.0135693 0.0881006  0.174957   9.80704 
             38.7962 0.0394844  0.147731   47.6467     2.29374    0.547706 -7.9064e-05 180.013       0       0 -0.13     0 -1.03  0.105954 0.0613261 -0.168464  0.00619553 -0.00220438   -0.013322 -0.0423803 -0.0211367  0.0126465 0.0833288  0.177399   9.80704 
             38.9948 0.0401613  0.151159   47.7022    2.3207  0.564322 0.0441696 180.013       0       0 -0.13     0 -1.03  0.108888 0.0964209  0.130416  0.00634692 -0.00211864  -0.0133219 -0.0425922 -0.0206464 0.00848325 0.0833981  0.177867   9.80703 
             39.1936 0.0411419  0.156217   47.7053   2.37388  0.618296 0.0393218 180.013       0       0 -0.13     0 -1.03  0.200786  0.194813 0.0826188  0.00640211 -0.00194442  -0.0132591 -0.0466887 -0.0160406   0.013308 0.082149 0.183065  9.80695 
             39.3922 0.0429313  0.159469   48.0166   2.41156  0.636392 0.0235038 180.013       0       0 -0.13     0 -1.03   0.228254   0.101182 -0.0784211  0.00633617 -0.00202801  -0.0136253 -0.0446725 -0.0166224  0.0153824 0.0834372  0.181781   9.80696 
             39.5908 0.0453731  0.163374   48.2244     2.43759    0.615058 -0.00101238 180.013       0       0 -0.13     0 -1.03   0.151733 -0.0550293  -0.251185  0.00632318 -0.00178194  -0.0137662 -0.0403158 -0.0190387  0.0138598 0.0857775  0.178115   9.80701 
             39.7908 0.047929 0.167637  48.2459   2.47283  0.627028 0.0213732 180.013       0       0 -0.13     0 -1.03    0.20203  0.0136321 -0.0455214  0.00629049 -0.00182885  -0.0136334 -0.0423759 -0.0186135 0.00735933 0.0844055  0.179344     9.807 
             39.9895 0.0500831  0.171016   48.3073   2.52865  0.644663 0.0241618 180.013       0       0 -0.13     0 -1.03   0.251342  0.0533098 -0.0698483   0.0060898 -0.00160305  -0.0139826 -0.0438448 -0.0165129 0.00502816 0.0841792  0.181579   9.80696 
             40.1882 0.0535188  0.173124   48.3139   2.51999  0.654604 0.0327135 180.013       0       0 -0.13     0 -1.03 0.0705754   0.12281  0.046956  0.00612209 -0.00148522  -0.0137271 -0.0427293 -0.0238512 0.00306761 0.0819975  0.175556   9.80709 
             40.3867 0.0493876  0.174306   48.2064   2.49571  0.686285 0.0375957 180.013       0       0 -0.13     0 -1.03 0.0443183  0.126953   0.05187  0.00625811 -0.00154528  -0.0136357  -0.044663 -0.0302807 0.00379842 0.0778609  0.171459   9.80719 
             40.5855 0.0455596  0.173634   48.4315   2.46854   0.71305 0.0341433 180.013       0       0 -0.13     0 -1.03  0.041972  0.157076 0.0102697  0.00651788 -0.00153781  -0.0137859 -0.0450882 -0.0363231 0.00567745 0.0750234   0.16703   9.80729 
             40.7854 0.0469724  0.174213    48.504   2.51919    0.7187 0.0378213 180.013       0       0 -0.13     0 -1.03  0.126917 0.0962477 0.0650744  0.00639776 -0.00158977    -0.01373 -0.0413054 -0.0303413 0.00616311 0.0803559  0.169983    9.8072 
             40.9841 0.0485719  0.177179    48.481   2.51494  0.692681 0.0364459 180.013       0       0 -0.13     0 -1.03  0.0742857 -0.0151645  0.0605553  0.00627745 -0.00165442  -0.0137081 -0.0370804 -0.0333525  0.0071397 0.0822862  0.165976   9.80725 
             41.3814 0.0508829  0.178759   48.5713    2.54863   0.650227 -0.0087905 180.013       0       0 -0.13     0 -1.03   0.108846 -0.0967586  -0.178455  0.00620563 -0.00162422  -0.0137664 -0.0353427 -0.0333768 0.00871952 0.0835838  0.165234   9.80725 
             41.5801 0.0536386  0.182316   48.8834    2.5507  0.699413 0.0341202 180.013       0       0 -0.13     0 -1.03 0.0876595 0.0675984 0.0707773  0.00689976 -0.00193902  -0.0139163  -0.040401 -0.0346938 0.00462267  0.07922 0.166343  9.80727 
             41.7788 0.0553493   0.18667   48.9938    2.6325  0.738745 0.0316968 180.013       0       0 -0.13     0 -1.03   0.301014   0.109578 -0.0551489  0.00628028 -0.00304865  -0.0138052 -0.0423286 -0.0288481 0.00585036 0.0801457  0.171554   9.80717 
             41.9787 0.055864 0.191387   48.813     2.6591    0.73871 0.00645992 180.013       0       0 -0.13     0 -1.03  0.197188  0.163152 -0.164014  0.00641193 -0.00292244  -0.0137237 -0.0401261  -0.031661 0.00593623 0.0806228  0.168541   9.80722 
             42.1774 0.059927 0.190827  48.8877   2.66026  0.718692 0.0277576 180.013       0       0 -0.13     0 -1.03   0.155363  0.0451419 -0.0299501  0.00635817 -0.00362094  -0.0137539 -0.0361462 -0.0354404 0.00127155 0.0819682  0.164178   9.80728 
             42.3761 0.0626783  0.190842   49.0323   2.66886  0.677254 0.0409165 180.013       0       0 -0.13     0 -1.03  0.118608 -0.109863 0.0643622  0.00643791 -0.00418875  -0.0139619  -0.0322143  -0.0374366 0.000705092 0.0839766   0.16109   9.80732 
             42.5747 0.0642787  0.189909   49.2561   2.65966  0.685495 0.0347089 180.013       0       0 -0.13     0 -1.03  0.0543047 -0.0828074  0.0193158  0.00592046 -0.00411487  -0.0140258 -0.0364439 -0.0412048 0.00385382 0.079335 0.160116  9.80737 
             42.7747 0.0614346  0.193251   49.4183   2.60114  0.738329 0.0240322 180.013       0       0 -0.13     0 -1.03  -0.076212  0.0663896 -0.0366003  0.00551738 -0.00422572  -0.0139158 -0.0467151 -0.0507158 0.00497703 0.0678826  0.157464    9.8075 
             42.9733 0.0542564  0.190957    49.419   2.57105  0.786528 0.0107891 180.013       0       0 -0.13     0 -1.03  -0.04028  0.151978 -0.160793  0.00537659 -0.00421855   -0.013827 -0.0506961 -0.0535363 0.00389473 0.063823 0.157061  9.80753 
              43.172 0.0546501  0.195129   49.5048   2.62564  0.807412 0.0176261 180.013       0       0 -0.13     0 -1.03   0.126534   0.158085 -0.0929609  0.00553419 -0.00409305  -0.0139397  -0.0484106  -0.0470581 -0.00247577 0.0681811  0.160902   9.80744 
             43.3707 0.0590552  0.197926   49.6693   2.68452  0.788345 0.0409667 180.013       0       0 -0.13     0 -1.03   0.236841 -0.0215456   0.102304  0.00543491 -0.00392412  -0.0139812 -0.0430347 -0.0439838 -0.0052277 0.0733815   0.16095    9.8074 
             43.5706 0.0613869  0.199765   49.5772     2.736  0.786468 0.0378681 180.013       0       0 -0.13     0 -1.03    0.225077  0.00280283 -0.00879694  0.00540021 -0.00389251   -0.013763  -0.0429792  -0.0432974 -0.00270597 0.0736997  0.161397    9.8074 
             43.7693 0.0623922  0.203855   49.6178   2.71833  0.820488 0.0300902 180.013       0       0 -0.13     0 -1.03 0.0591423   0.13678 0.0233537  0.00563676 -0.00368752  -0.0137614  -0.0462051  -0.0494815 -0.00130862 0.0688303  0.158211   9.80748 
             43.9693 0.0631989  0.202852   49.6734   2.74347  0.821285 0.0390966 180.013       0       0 -0.13     0 -1.03 0.0954038 0.0863197 0.0332829  0.00543338 -0.00348562  -0.0135606  -0.0435445  -0.0483573 -0.00164532 0.071226 0.157937  9.80747 
             44.3679 0.0661496  0.202391   49.4612   2.75679  0.868329 0.0236704 180.013       0       0 -0.13     0 -1.03  0.0690814   0.107396 0.00142542   0.0054653 -0.00357283   -0.014104   -0.044822  -0.0495079 0.000459318 0.0698229  0.157619   9.80749 
             44.5652 0.0355769  0.175645   44.4498   2.54863  0.554788 0.0225478 180.013       0       0 -0.13     0 -1.03  -0.21733 -0.534257 -0.152392 0.00463435  0.0028878 -0.0140816    -0.018186   -0.0694465 -6.38785e-05 0.0804908   0.13218   9.80778 
             44.7652 0.0408774  0.155131   42.8387   2.37961  0.339837 0.0172987 180.013       0       0 -0.13     0 -1.03  -0.531469  -0.784885 -0.0571309  0.0050686 0.00586448 -0.0140955  -0.0090374   -0.079206 -0.00286285 0.0820922  0.121446    9.8079 
             44.9652 0.0446298  0.148858   43.1154   2.29706  0.331902 0.0206347 180.013       0       0 -0.13     0 -1.03  -0.494871  -0.433133 -0.0949442 0.00491278 0.00580815 -0.0144313 -0.0172211 -0.0784975 -0.0031321 0.0775039  0.125985   9.80788 
             45.1638 0.0484732  0.144826   43.3838   2.32475  0.343831 0.0372157 180.013       0       0 -0.13     0 -1.03 -0.218737 -0.203729  0.108995 0.00480895 0.00635677 -0.0146049  -0.0253658  -0.0706224 -0.00503516 0.0768579  0.134733   9.80777 
             45.3625 0.0528032  0.147997   43.5835   2.46746  0.408669 0.0318661 180.013       0       0 -0.13     0 -1.03    0.228194 -0.00322196  0.00804301 0.00459889 0.00614204 -0.0145273  -0.0363336  -0.0562982 -0.00364442 0.0777735  0.148644   9.80757 
             45.5625 0.0548144  0.154257   43.5861    2.52501   0.450159 0.00626586 180.013       0       0 -0.13     0 -1.03  0.288133  0.128709 -0.234536 0.00478737 0.00603548 -0.0141499  -0.0400417  -0.0560817 -0.00289017 0.0756872  0.150623   9.80755 
             45.7612 0.0547643  0.165616   44.8735   2.68195  0.561535 0.0210902 180.013       0       0 -0.13     0 -1.03   0.457093   0.343035 -0.0434076 0.00471283 0.00557334 -0.0141708  -0.0484894  -0.0477928 -0.00752215 0.0748062  0.159801   9.80741 
             45.9599 0.0448183   0.17143   45.7642   2.61334  0.722105 0.0416642 180.013       0       0 -0.13     0 -1.03 0.0833909  0.543962 0.0594527  0.0045729 0.00546597  -0.014029 -0.0535391 -0.0582266 -0.0084287 0.0666672  0.156016   9.80753 
             46.1585 0.035793 0.181448   45.491   2.56433  0.780967 0.0372768 180.013       0       0 -0.13     0 -1.03 -0.0329048    0.41907  0.0701342 0.00473867 0.00524159 -0.0137369  -0.0499361  -0.0630011 -0.00594106 0.066603  0.15134  9.80761 
             46.3585 0.0318901   0.17999   45.7401   2.53522  0.747593 0.0441568 180.013       0       0 -0.13     0 -1.03 -0.0493243   0.173266  0.0867657 0.00464946 0.00532501 -0.0137754 -0.0390349 -0.0648124  -0.004286 0.0725137  0.145106   9.80766 
             46.7558 0.0359011   0.18324    45.741   2.62387  0.708052 0.0360851 180.013       0       0 -0.13     0 -1.03    0.186452 -0.00421647   0.0346477 0.00428773 0.00539761 -0.0138159  -0.0324409  -0.0591256 -0.00138302 0.0792588  0.145507    9.8076 
             46.9558 0.0413973  0.188696    46.077   2.63814  0.719156 0.0479066 180.013       0       0 -0.13     0 -1.03   0.0600739 -0.00468663    0.153556 0.00430555  0.0051152  -0.013897   -0.0334101   -0.0595905 -0.000867607 0.078436 0.145683   9.8076 
             47.1544 0.0465219  0.191116   46.1993  2.69537 0.725697 0.051288 180.013       0       0 -0.13     0 -1.03  0.124919 0.0413406  0.172891 0.00362717 0.00440242 -0.0140151 -0.0338914 -0.0559944 0.00427678 0.0798382   0.14813   9.80756 
             47.3544 0.0444263   0.19141   46.0741   2.65244  0.737618 0.0301635 180.013       0       0 -0.13     0 -1.03 -0.0247808  0.0462511 -0.0415392  0.0041313 0.00475794 -0.0137747 -0.0338727 -0.0614691 0.00783277 0.0772611  0.144714   9.80763 
             47.5531 0.0412354  0.192965   46.1293   2.64172  0.768318 0.0325982 180.013       0       0 -0.13     0 -1.03 -0.0576005   0.144346   0.094177 0.00413732 0.00477153 -0.0138129 -0.0352488 -0.0618934 0.00751659 0.0762311  0.145099   9.80763 
             47.7531 0.036561 0.193408  46.0618   2.58617  0.798473 0.0559247 180.013       0       0 -0.13     0 -1.03 -0.190041  0.170381  0.120403 0.00410267 0.00469747 -0.0137287 -0.0350762 -0.0652819  0.0078296 0.0747551  0.142977   9.80767 
             47.9517 0.0374149  0.196677   46.2297     2.661  0.792505 0.0353692 180.013       0       0 -0.13     0 -1.03 0.0448167 0.0560637 0.0448369 0.00448449 0.00495443 -0.0139774 -0.0332437  -0.057206  0.0107972 0.0796105  0.146911   9.80758 
             48.1504 0.0415738  0.198876   46.3999   2.68649   0.75792 0.0410913 180.013       0       0 -0.13     0 -1.03  0.0635558 -0.0507199  0.0413795 0.00454202 0.00480824 -0.0140887 -0.0296713 -0.0552432  0.0118798 0.0826353  0.146395   9.80756 
             48.3504 0.0466441  0.200714   46.4199   2.73939  0.729864 0.0294297 180.013       0       0 -0.13     0 -1.03   0.168914 -0.0678317 -0.0353116 0.00449625 0.00491928 -0.0141078 -0.0279861 -0.0513993   0.014124 0.0854348  0.147864   9.80751 
              48.549 0.0482204  0.202224   46.3405    2.7832  0.762372 0.0271837 180.013       0       0 -0.13     0 -1.03   0.212529 -0.0262767  -0.060835 0.00443539 0.00486071 -0.0138363 -0.0328449 -0.0507528  0.0137506 0.082857 0.150504   9.8075 
             48.7477 0.0467095  0.207242   46.3577    2.76289   0.812863 0.00877095 180.013       0       0 -0.13     0 -1.03 0.0180386  0.157614 -0.248171 0.00435719 0.00486162 -0.0138541 -0.0368029 -0.0560183  0.0129708 0.0780891  0.149221   9.80755 
             48.9477 0.0435606  0.209061   46.4586    2.75129    0.84822 0.00122577 180.013       0       0 -0.13     0 -1.03 0.0492021  0.166736 -0.162558 0.00412245 0.00479697 -0.0139781 -0.0369702 -0.0579427  0.0104787 0.0771133  0.148218   9.80758 
             49.1464 0.0431758  0.207554   46.5517  2.73934 0.831842  0.01354 180.013       0       0 -0.13     0 -1.03  0.032752  0.102124 -0.140892  0.0042218 0.00434494 -0.0139757 -0.0325341 -0.0593502 0.00347423 0.079014  0.14543   9.8076 
             49.3463 0.0439099  0.211198   46.5638   2.73737  0.836342 0.0217342 180.013       0       0 -0.13     0 -1.03 0.0171079 0.0405958 -0.044028 0.00427975 0.00428224 -0.0140575  -0.0313065  -0.0600207 -0.00115362 0.0794163  0.144525   9.80761 
             49.7437 0.0441789  0.211228   46.7211   2.76604  0.824192 0.0137845 180.013       0       0 -0.13     0 -1.03  0.0464855  0.0181337 -0.0726405 0.00408157 0.00417989 -0.0142933  -0.0292841  -0.0580037 -0.00337376 0.0815152  0.144778   9.80759 
             49.9436 0.0522032   0.21088   46.9954   2.81431  0.754237 0.0169045 180.013       0       0 -0.13     0 -1.03   0.166634  -0.126032 -0.0942398 0.00302341 0.00469648 -0.0141415  -0.0252551  -0.0558084 -0.00464877 0.0848747  0.144237   9.80757 
             50.1423 0.0519156  0.214022   47.0049     2.79481     0.80158 -0.00160637 180.013       0       0 -0.13     0 -1.03  0.132743 0.0647919 -0.318385 0.00504613 0.00443436 -0.0141242  -0.0290287    -0.05995 -0.00867265 0.0807651  0.143539   9.80762 
             50.3423 0.0532186  0.215569   47.0087    2.81387   0.787474 0.00905505 180.013       0       0 -0.13     0 -1.03   0.152639  0.0290829 -0.0924705 0.00467494 0.00488471 -0.0139961 -0.0265378 -0.0605946  -0.014417 0.0819437  0.142061   9.80763 
             50.5411 0.0534441  0.218344   47.0388   2.84928  0.813548 0.0428132 180.013       0       0 -0.13     0 -1.03  0.296831   -0.0128 0.0565837  0.0048944 0.00460306 -0.0139092 -0.0289708 -0.0612291  -0.020204 0.0802272  0.142871   9.80763 
             50.7396 0.0589996  0.194095   47.7659   2.79718  0.693846 0.0313487 180.013       0       0 -0.13     0 -1.03 0.00510211  -0.328287 0.00691861 0.00499024 0.00501644 -0.0136784 -0.0185639 -0.0693103 -0.0175531 0.0824654  0.133556   9.80774 
             50.9397 0.0657968  0.165328   50.0563   2.49628   0.58153 0.0428045 180.013       0       0 -0.13     0 -1.03 -0.678297 -0.472678 0.0870185 0.00460002 0.00477884 -0.0136295 -0.0140273 -0.0886416  -0.017454 0.0764436  0.120477   9.80796 
             51.1396 0.069446 0.166403  51.8742   2.33183  0.523971 0.0392033 180.013       0       0 -0.13     0 -1.03  -0.76619 -0.382955 0.0290281 0.00439217 0.00483805 -0.0135625 -0.0166608 -0.0907985 -0.0152603 0.0739637  0.120273   9.80798 
             51.3382 0.0621179  0.155242   51.8976   2.26156  0.505785 0.0275728 180.013       0       0 -0.13     0 -1.03 -0.612486 -0.227028  -0.04922 0.00440128 0.00470062 -0.0134328 -0.0214519 -0.0832408 -0.0139624 0.0739843  0.126918    9.8079 
             51.5369 0.0553052  0.155114    51.846   2.31442  0.577264 0.0110743 180.013       0       0 -0.13     0 -1.03  -0.187699 -0.0573492  -0.249142 0.00405847 0.00415812 -0.0134192  -0.032389 -0.0674647 -0.0151192 0.0731044   0.14129   9.80771 
             51.7356 0.0538043   0.15899   51.9016   2.39978  0.625278 0.0265473 180.013       0       0 -0.13     0 -1.03  0.135354  0.138142 0.0187775 0.00394825 0.00410604 -0.0134473 -0.0366019 -0.0573181 -0.0197649 0.0743232   0.14946   9.80758 
             51.9342 0.0604693  0.163115   51.9329  2.50509 0.639397 0.043348 180.013       0       0 -0.13     0 -1.03  0.347256  0.100065 0.0538111  0.0041142 0.00405926  -0.013188 -0.0357097 -0.0522067 -0.0204342 0.0768718  0.152355   9.80752 
             52.1342 0.0652765  0.166434   51.8693   2.55422  0.650859 0.0375332 180.013       0       0 -0.13     0 -1.03  0.262382 0.0944988 0.0963548 0.00415541 0.00397856 -0.0130705 -0.0348027 -0.0534485 -0.0172824 0.0769514  0.151209   9.80753 
             52.3329 0.0664295  0.170517   51.9572   2.58697  0.712762 0.0409887 180.013       0       0 -0.13     0 -1.03    0.284082    0.188012 -0.00353769 0.00421916  0.0038992 -0.0132577 -0.0392857 -0.0561062 -0.0161252 0.0730953  0.151273   9.80756 
             52.5316 0.0711925  0.176855   52.1945   2.64077   0.70445 0.0424344 180.013       0       0 -0.13     0 -1.03  0.197025 0.0441579  0.231284  0.0041304 0.00407054 -0.0135513 -0.0350723  -0.055696 -0.0138247 0.0758826  0.149868   9.80756 
             52.9302 0.0759329  0.178756   52.4123   2.61047  0.704196 0.0176298 180.013       0       0 -0.13     0 -1.03 0.00972456  0.0598946  -0.102549  0.0041791 0.00420639 -0.0135397 -0.0327901  -0.062848 -0.0111248 0.074505 0.144514  9.80765 
             53.1289 0.0630961  0.182453   52.1165    2.5489  0.789859 0.0126271 180.013       0       0 -0.13     0 -1.03 -0.0415369   0.170845  -0.211102 0.00445575 0.00423294 -0.0130445 -0.0363617 -0.0660186 -0.0120716 0.0710605  0.143909   9.80769 
             53.3289 0.0621459  0.186509    52.269   2.59225  0.792471 0.0450079 180.013       0       0 -0.13     0 -1.03 0.0835452 0.0367315  0.153704 0.00386215 0.00401107 -0.0131293 -0.0342426 -0.0617347 -0.0206719 0.0740324  0.145875   9.80764 
             53.5275 0.0645816   0.18666   52.4923   2.62072  0.774553 0.0558627 180.013       0       0 -0.13     0 -1.03  0.139703 0.0157512  0.190352 0.00365888 0.00418627 -0.0131492 -0.0321836 -0.0610646 -0.0201112 0.0755615  0.145502   9.80763 
             53.7275 0.0696762  0.188253   52.3556   2.65932  0.776377 0.0229254 180.013       0       0 -0.13     0 -1.03   0.150778  0.0201913 -0.0359642 0.00367945 0.00420432 -0.0131996  -0.032391 -0.0603302 -0.0135217 0.0757246  0.145947   9.80762 
             53.9262 0.0734184  0.192674   52.6808   2.64592  0.751387 0.0305897 180.013       0       0 -0.13     0 -1.03    0.106531  -0.0127818 -0.00908037 0.00341275  0.0039116 -0.0134135 -0.0301353 -0.0636247 -0.0143323 0.0758079  0.143099   9.80766 
             54.1248 0.0705405  0.193316   52.6116   2.64929  0.776657 0.0330377 180.013       0       0 -0.13     0 -1.03 0.0888107 0.0924706 0.0236526 0.00306234 0.00395369 -0.0131522 -0.0317765  -0.065293 -0.0146532 0.0741805  0.142745   9.80768 
             54.3247 0.0702159  0.196016   52.4765   2.66069  0.817285 0.0286697 180.013       0       0 -0.13     0 -1.03  0.0986223   0.156439 -0.0461007 0.00301136 0.00379213 -0.0131169 -0.0337287 -0.0661965 -0.0144447 0.0726515  0.142951   9.80769 
             54.5235 0.0699345  0.199625   52.4888   2.70204  0.862199 0.0300496 180.013       0       0 -0.13     0 -1.03  0.140353  0.153965 0.0350744  0.0031006 0.00376366 -0.0130645 -0.0353477 -0.0639042 -0.0154995 0.0725632  0.144949   9.80766 
             54.7234 0.0646099  0.199533   52.4968   2.67441  0.861184 0.0402999 180.013       0       0 -0.13     0 -1.03  0.048007 0.0349887 0.0283161  0.0028951 0.00356728 -0.0130939 -0.0330364 -0.0682916 -0.0157945 0.0722477  0.141457   9.80771 
             54.9221 0.0698348   0.19735   52.7168  2.69374 0.817449 0.024243 180.013       0       0 -0.13     0 -1.03   0.113623 -0.0158479  -0.109709 0.00327217 0.00323879 -0.0129272 -0.0302851 -0.0679109  -0.015228 0.0740016  0.140603   9.80771 
             55.1221 0.0655994  0.198809   52.7106   2.61949  0.821506 0.0157622 180.013       0       0 -0.13     0 -1.03 -0.0906428 0.00834725  -0.132813 0.00204102 0.00257375 -0.0130477 -0.0304073 -0.0737057 -0.0169398 0.0716923  0.137329   9.80778 
             55.3208 0.0654861  0.197902   52.7158    2.62233   0.807169 0.00929989 180.013       0       0 -0.13     0 -1.03 -0.00699156  0.00292763   -0.145758 0.00236683 0.00243965 -0.0129429 -0.0289473 -0.0726478 -0.0197793 0.0729374  0.137402   9.80777 
             55.5207 0.0654288  0.198945   52.7042   2.61738  0.810754 0.0245195 180.013       0       0 -0.13     0 -1.03 -0.0130866  0.0489632 -0.0451215  0.0022967 0.00249227 -0.0129344 -0.0287214 -0.0730081 -0.0250326 0.0729467  0.137139   9.80777 
             55.7194 0.0654515   0.20052   52.7044   2.60612  0.812105 0.0292311 180.013       0       0 -0.13     0 -1.03  -0.021633   0.027802 -0.0524923 0.00227351 0.00257599 -0.0129693 -0.0279594 -0.0738543 -0.0264918 0.0730642  0.136374   9.80778 
             55.9194 0.0665673  0.199625   52.7279    2.6452  0.822015 0.0327838 180.013       0       0 -0.13     0 -1.03 0.0639866 0.0493131 0.0358887 0.00234976 0.00227302 -0.0128966 -0.0282345 -0.0713121 -0.0268006 0.073875 0.137932  9.80775 
              56.118 0.0683233  0.199685   52.7627   2.67902  0.827348 0.0566374 180.013       0       0 -0.13     0 -1.03 0.0923601 0.0270598  0.194639 0.00221589 0.00217032 -0.0129436 -0.0281112 -0.0696611 -0.0265612 0.0745761  0.138825   9.80773 
             56.3168 0.0736267   0.20038   52.9463  2.72143 0.798388 0.041053 180.013       0       0 -0.13     0 -1.03   0.161402 -0.0803533  0.0488401 0.00204643 0.00224881 -0.0129758 -0.0261964 -0.0679042 -0.0210711 0.0763319  0.139036   9.80772 
             56.5167 0.0785074  0.202913   52.9062   2.74912  0.783565 0.0361628 180.013       0       0 -0.13     0 -1.03   0.131851 -0.0653691   0.111897 0.00204938 0.00248034 -0.0128617  -0.026216 -0.0680779 -0.0187258 0.0762511  0.138918   9.80772 
             56.7153 0.0796865  0.201335   52.9004   2.73097  0.790467 0.0265274 180.013       0       0 -0.13     0 -1.03  0.0851725 -0.0173865 -0.0989493 0.00246332 0.00253217 -0.0128799 -0.0276455 -0.0723136 -0.0175241 0.0738267  0.137055   9.80776 
              57.114 0.0781589  0.201374   53.0679   2.69819  0.792295 -0.017362 180.013       0       0 -0.13     0 -1.03 -0.0425889 -0.0134685  -0.105167 0.00242942 0.00263703 -0.0125641 -0.0281167 -0.0746212   -0.01795 0.0726882   0.13595   9.80779 
              57.314 0.075823 0.201336  53.0443   2.72523  0.842291 0.0305032 180.013       0       0 -0.13     0 -1.03  0.0714669   0.130666 -0.0775815 0.00226392 0.00201446 -0.0126697 -0.0308938 -0.0728398 -0.0260509 0.0718072  0.138086   9.80777 
             57.5126 0.0743141  0.207145   53.3253  2.73118 0.881358 0.010352 180.013       0       0 -0.13     0 -1.03  0.175028  0.115543 -0.200306 0.00268051 0.00189271 -0.0127246 -0.0321578 -0.0742598 -0.0265685 0.0705645  0.137776   9.80778 
             57.7126 0.0718298  0.208978   53.3183   2.75477  0.880166 0.0282967 180.013       0       0 -0.13     0 -1.03    0.236858   0.0474508 -0.00122052 0.00283759 0.00198387 -0.0126985 -0.0308722 -0.0754879 -0.0269922 0.0708212  0.136611   9.80779 
             57.9113 0.0797129  0.204572   53.4965  2.81864 0.844549 0.038246 180.013       0       0 -0.13     0 -1.03  0.296961 0.0584679 0.0481044 0.00313591 0.00186855 -0.0125814 -0.0282549 -0.0746828 -0.0276601 0.0725494  0.136061   9.80779 
             58.1113 0.0858717   0.20603   53.4364   2.85963  0.816092 0.0337015 180.013       0       0 -0.13     0 -1.03   0.206987 -0.0823601  0.0182632 0.00317049 0.00165598 -0.0124753 -0.0255027 -0.0753678  -0.025648 0.0737719  0.134638    9.8078 
             58.3099 0.0842627  0.203962   53.4521  2.79801 0.796897 0.029183 180.013       0       0 -0.13     0 -1.03  0.0197793 -0.0814593 -0.0214216 0.00314677 0.00107013 -0.0122321 -0.0253462 -0.0856558 -0.0249806 0.0699882  0.129013    9.8079 
             58.5099 0.0842404  0.201631   53.4137   2.73897  0.798236 0.0279135 180.013       0       0 -0.13     0 -1.03   -0.225116    0.090944 -0.00686064 0.00325917 0.00113859 -0.0123107 -0.0258052 -0.0912874 -0.0254091 0.0676387  0.126142   9.80796 
             58.7085 0.0790732  0.202866   53.5716   2.67344  0.844949 0.0445271 180.013       0       0 -0.13     0 -1.03 -0.289965  0.179005  0.148105 0.00334417 0.00112237 -0.0121535 -0.0278438 -0.0930312 -0.0260367 0.0658897  0.125977   9.80797 
             58.9085 0.0719607  0.207029   53.2831   2.71307  0.918138 0.0312108 180.013       0       0 -0.13     0 -1.03 -0.0187961   0.257977 -0.0335733 0.00346845 0.00135549 -0.0121827 -0.0300327 -0.0886919 -0.0251432 0.0663432  0.129086   9.80793 
             59.1072 0.0747189   0.20957   53.5718    2.7709  0.915533 0.0213207 180.013       0       0 -0.13     0 -1.03   0.140909   0.166923 -0.0748022 0.00378566 0.00127927 -0.0122506 -0.0271341 -0.0852274 -0.0253847 0.0691527  0.129799    9.8079 
             59.3073 0.0801303  0.207576   53.5834    2.7933   0.81897 0.0406494 180.013       0       0 -0.13     0 -1.03  0.163747 -0.164584  0.108068 0.00371791 0.00137533 -0.0123654 -0.0179829 -0.0855441 -0.0279223 0.0737755  0.126225   9.80791 
             59.5059 0.0830987  0.202962   53.7148   2.76891  0.760688 0.0376989 180.013       0       0 -0.13     0 -1.03 0.0510875 -0.243565  0.034849 0.00385821 0.00164855 -0.0122982  -0.015697 -0.0901813 -0.0255277 0.0732258   0.12294   9.80796 
             59.7058 0.0843794  0.203707   53.7869   2.74257  0.762503 0.0269764 180.013       0       0 -0.13     0 -1.03 -0.0628352  -0.139522 0.00209869 0.00399706 0.00160396 -0.0122997 -0.0192693 -0.0926581 -0.0241018 0.0704461  0.122962   9.80798 
             59.9045 0.0803633  0.201315   53.7587   2.69349  0.807532 0.0307881 180.013       0       0 -0.13     0 -1.03  -0.148602  0.0607138 -0.0191319 0.00361081 0.00164189 -0.0125101 -0.0224609 -0.0945485 -0.0244848 0.0681042  0.123185   9.80799 
             60.1045 0.0798285  0.205075   54.0354   2.69429  0.828253 0.0312738 180.013       0       0 -0.13     0 -1.03 -0.131349  0.084313  0.033368 0.00368053 0.00178404 -0.0124541 -0.0231359 -0.0918867 -0.0246838 0.0687475   0.12479   9.80797 
             60.3032 0.0799512  0.205486   53.8094   2.72372   0.79001 0.0343696 180.013       0       0 -0.13     0 -1.03 -0.00512067  -0.0527652   0.0304025  0.0035418 0.00182782   -0.01226 -0.0190341 -0.0870465 -0.0247661 0.0726225  0.125751   9.80793 
             60.5031 0.0874551  0.203529   53.9129   2.76555  0.713312 0.0355117 180.013       0       0 -0.13     0 -1.03 0.0535756 -0.265335  0.038312 0.00325907 0.00185248  -0.012326 -0.0144733 -0.0826875 -0.0239902 0.0765448  0.126296   9.80789 
             60.7018 0.0892163   0.20412   53.7855   2.77587  0.756471 0.0382031 180.013       0       0 -0.13     0 -1.03  0.0285965 -0.0275819  0.0966825 0.00339809 0.00156496 -0.0122456 -0.0210153 -0.0829251 -0.0232014 0.0731534  0.128578   9.80788 
             60.9005 0.0830706  0.202414   53.7992   2.71804  0.802328 0.0421731 180.013       0       0 -0.13     0 -1.03 -0.064121 0.0784855 0.0595521 0.00359732 0.00154917 -0.0126194 -0.0239082 -0.0872372 -0.0219796 0.0701238  0.127482   9.80792 
             61.1004 0.0824142  0.200558   54.0265   2.71488  0.796932 0.0251387 180.013       0       0 -0.13     0 -1.03 -0.0385971  0.0222162 -0.0144953 0.00340801 0.00154227 -0.0126252 -0.0226895 -0.0865123 -0.0190922 0.0709901  0.127366   9.80792 
             61.2991 0.0825141  0.204453    54.069    2.7555  0.820233 0.0348899 180.013       0       0 -0.13     0 -1.03  0.104653 0.0827091 0.0302912 0.00340964 0.00146894  -0.012753 -0.0241081 -0.0836463 -0.0199261 0.071345 0.129296  9.80789 
             61.4978 0.0856537  0.202115   54.0144   2.76814  0.758845 0.0249747 180.013       0       0 -0.13     0 -1.03 0.0999011 -0.112915 -0.120564 0.00344882 0.00157757 -0.0124765 -0.0181536 -0.0838313 -0.0187877 0.0741965  0.127017    9.8079 
             61.6964 0.0895083  0.203593   53.9678   2.79903   0.77577 0.0135623 180.013       0       0 -0.13     0 -1.03  0.225879 0.0561831 -0.174791 0.00344053  0.0014715 -0.0124976 -0.0207056 -0.0837525 -0.0198631 0.0729722  0.127993   9.80789 
             61.8964 0.0920319  0.195074   54.4682   2.79329  0.742289 0.0279455 180.013       0       0 -0.13     0 -1.03   0.152359 -0.0147835   0.035536 0.00350571 0.00142257 -0.0122497 -0.0182688 -0.0862389 -0.0217708 0.0732456  0.125913   9.80792 
             62.2951 0.0961688  0.174573    56.051    2.6357  0.590764 0.0706819 180.013       0       0 -0.13     0 -1.03 -0.218331  -0.22141  0.155519   0.00285846 -0.000479852   -0.0119884 -0.0118055  -0.093719 -0.0223261 0.0736676  0.119976   9.80799 
             62.4951 0.0928391  0.171624   55.9951   2.59127  0.627072 0.0349653 180.013       0       0 -0.13     0 -1.03  -0.101524 -0.0419498 -0.0310055   0.00286087 -0.000537456   -0.0118139 -0.0162451 -0.0943099 -0.0180044 0.0711925  0.121165   9.80799 
             62.8924 0.0891151  0.168552   56.1133      2.56601     0.597517 -0.000730588 180.013       0       0 -0.13     0 -1.03  0.0212432 -0.0561808 -0.0539876   0.00289043 -0.000290785   -0.0118035 -0.0155759 -0.0948276 -0.0161647 0.0713652  0.120655     9.808 
             63.0924 0.0853514  0.164129   56.5798   2.54632  0.672614 0.0373457 180.013       0       0 -0.13     0 -1.03 -0.0504352   0.132449  0.0010883   0.00302996 -0.000310614   -0.0115164 -0.0180405 -0.0956189 -0.0168643 0.0698449   0.12109     9.808 
              63.291 0.0931962  0.158662   58.3738   2.52548  0.652975 0.0295898 180.013       0       0 -0.13     0 -1.03 -0.0656741   0.052851 -0.0271222  0.00274075 6.31943e-05  -0.0115326 -0.0146153 -0.0961734 -0.0158242 0.0714021  0.119667   9.80801 
              63.491 0.0881737  0.154693   60.1853   2.42935  0.620876 0.0345683 180.013       0       0 -0.13     0 -1.03  -0.279716 -0.0393598  0.0852829  0.00313311 0.000740961  -0.0114565 -0.0113321  -0.102386  -0.016259 0.0711216  0.115354   9.80806 
             63.6897 0.0867566  0.144122   60.5116   2.36035  0.559056 0.0493662 180.013       0       0 -0.13     0 -1.03 -0.276168 -0.185424 0.0749642  0.00312755 0.000874923  -0.0113444 -0.0074417  -0.103596 -0.0158889 0.0728776  0.113498   9.80807 
             63.8896 0.0859741  0.141754    60.387   2.40727  0.572587 0.0279872 180.013       0       0 -0.13     0 -1.03 -0.00696808 -0.00933598  -0.0489619 0.00361921 0.00120519 -0.0107655 -0.0091411 -0.0989857 -0.0152391 0.0732473  0.116589   9.80803 
             64.2883 0.0873898  0.142523   60.8334   2.41518  0.627693 0.0756171 180.013       0       0 -0.13     0 -1.03 0.00872814   0.143847   0.126175 0.00359837 0.00140813 -0.0105003 -0.0109002 -0.0983759 -0.0163616 0.0724282  0.117438   9.80803 
             64.4883 0.088492 0.141424  64.1381   2.23972  0.639979 0.0315879 180.013       0       0 -0.13     0 -1.03  -0.347001   0.184527 -0.0491329 0.00542768 0.00244231 -0.0101118 -0.0108388   -0.11008 -0.0105806 0.0692538   0.11065   9.80813 
              64.687 0.073772 0.141787  64.0742   2.17282  0.701956 0.0205589 180.013       0       0 -0.13     0 -1.03    -0.4035   0.243383 -0.0390498 0.00564129 0.00162419 -0.0100554 -0.0132387   -0.10938 -0.0107026 0.0679723  0.111668   9.80813 
             64.8856 0.0763102  0.149796   64.3676  2.29133 0.762732 0.034883 180.013       0       0 -0.13     0 -1.03 0.0751143  0.241235 0.0886604 0.00580805  0.0017725 -0.0102487 -0.0127656  -0.101359 -0.0110236 0.0702258  0.116399   9.80806 
             65.0843 0.0820023   0.15511   64.4165   2.37293  0.786758 0.0463279 180.013       0       0 -0.13     0 -1.03  0.235047  0.199155 0.0942958 0.00701581 0.00183202 -0.0104317 -0.0105537  -0.097609 -0.0103183 0.0724689  0.118056   9.80802 
             65.2843 0.0845742  0.157907   64.3726   2.38926  0.774921 0.0459547 180.013       0       0 -0.13     0 -1.03 0.197771 0.114599 0.119152  0.00689402 0.000737142   -0.010467 -0.00545917   -0.101374 -0.00698577 0.0745472  0.114547   9.80805 
             65.4831 0.0880854  0.161452   64.4651   2.42582  0.818154 0.0397153 180.013       0       0 -0.13     0 -1.03  0.147964  0.252006 0.0233962   0.0067955 0.000665123  -0.0106618 -0.00706316   -0.101005 -0.00297512 0.0736948  0.115137   9.80805 
             65.6829 0.0892835  0.162229   64.3615   2.38608  0.790326 0.0193452 180.013       0       0 -0.13     0 -1.03 -0.0664622   0.112601 -0.0409784  0.00683318 0.000901922  -0.0105619 0.000624758   -0.108611 -0.00065693  0.07639 0.108739   9.8081 
             65.8816 0.0859471  0.165801   64.2156   2.39273  0.835348 0.0342136 180.013       0       0 -0.13     0 -1.03 0.0112069  0.173555 0.0267499 0.00690648 0.00103855 -0.0106618 -0.00040512   -0.107554 -0.00148113 0.0760427  0.109621   9.80809 
             66.0816 0.086957 0.169136  64.3604    2.42746   0.880914 0.00617225 180.013       0       0 -0.13     0 -1.03 0.0655465  0.216833  -0.21263 0.00720532 0.00130613 -0.0108876 -0.000273214    -0.104995 -0.000975878 0.0767635   0.11106   9.80807 
             66.2802 0.0867174  0.171918   64.5609    2.42669   0.944775 0.00904322 180.013       0       0 -0.13     0 -1.03 0.0376058  0.310202 -0.167892 0.00695117 0.00128641 -0.0110665 -0.00128698    -0.10587 -0.00761407 0.0759418  0.110866   9.80808 
             66.6789 0.0841531  0.175577   64.6495   2.38334   1.00869 0.0464513 180.013       0       0 -0.13     0 -1.03 -0.117687  0.305495 0.0733092 0.00665127 0.00151183 -0.0111094 0.00380666  -0.108813 -0.0128361 0.0781218  0.107946   9.80809 
             66.8776 0.0847713  0.183272   64.6933    2.4692   1.01447 0.0394366 180.013       0       0 -0.13     0 -1.03  0.127913  0.230541 0.0462026 0.00598413 0.00151751 -0.0110539 0.00749181  -0.103468 -0.0117871 0.0815582  0.110133   9.80804 
             67.0775 0.089762 0.188037  64.6355   2.55973   1.04578 0.0306135 180.013       0       0 -0.13     0 -1.03   0.287638   0.183952 -0.0169713 0.00521419  0.0012158 -0.0108648 0.00863058  -0.100267  -0.010395 0.0829625  0.111691   9.80801 
             67.2762 0.0950375  0.190211   64.6309   2.60266   1.02134 0.0375076 180.013       0       0 -0.13     0 -1.03   0.23877 0.0503187 0.0504753 0.00510938 0.00161491 -0.0109184  0.0128275  -0.101731 -0.0106502 0.0849883  0.109841   9.80802 
             67.4762 0.0987132  0.193047   64.6626   2.62613    1.0053 0.0240423 180.013       0       0 -0.13     0 -1.03  0.241795 0.0347206 -0.115973 0.00508528 0.00157815 -0.0107812   0.0149694   -0.104707 -0.00868013 0.0854656  0.107622   9.80804 
             67.6762 0.100765 0.194779  64.6112   2.63693   1.01967 0.0194477 180.013       0       0 -0.13     0 -1.03   0.141011   0.092247 -0.0188497  0.0050095 0.00151586 -0.0108629  0.0142215  -0.107916 -0.0102542 0.0842471  0.106017   9.80807 
             67.8749 0.102063 0.194705  64.7726   2.61446   1.01352 0.0419898 180.013       0       0 -0.13     0 -1.03 0.0483314 0.0576768 0.0877036 0.00451921 0.00107519 -0.0111127  0.0153853  -0.111046 -0.0110293 0.0840983  0.104009   9.80809 
             68.2735 0.100884 0.196048  64.7755   2.60198   1.01867 0.0359765 180.013       0       0 -0.13     0 -1.03  0.0157181  0.0710823 0.00957381  0.00427857 0.000556002   -0.010834   0.0168634   -0.112675 -0.00874185 0.0845015  0.102733    9.8081 
             68.4722 0.106006 0.198155   64.755   2.65746  0.989001 0.0330905 180.013       0       0 -0.13     0 -1.03  0.0185291 -0.0615131   0.164685  0.00365291 0.000610119   -0.010853   0.0200735   -0.109125 -0.00793704 0.0871432  0.103892   9.80806 
             68.6722 0.108304 0.196521  64.8464   2.65619  0.955974 0.0554064 180.013       0       0 -0.13     0 -1.03 0.0330554 -0.148158  0.146642 0.00372289 0.00106926 -0.0108811   0.0213988   -0.110245 -0.00694433 0.0876025  0.102944   9.80807 
             68.8708 0.109972 0.192585  64.8839   2.64661  0.866657 0.0363898 180.013       0       0 -0.13     0 -1.03 -0.0275474  -0.346575   0.148552 0.00371421  0.0010187 -0.0109941   0.0236008   -0.111162 -0.00711947 0.0885573  0.101904   9.80807 
             69.2695 0.113812 0.185465   65.002   2.59239  0.707793 0.0671109 180.013       0       0 -0.13     0 -1.03 -0.0638613  -0.335858  0.0833324  0.00314866 0.000445019  -0.0110926   0.0243603   -0.113352 -0.00590876 0.0884035  0.100551   9.80809 
             69.4695 0.108946 0.183788  65.2778   2.55102  0.856731 0.0205141 180.013       0       0 -0.13     0 -1.03  -0.111128  0.0459266 -0.0574059 0.00189737  0.0023089 -0.0110887   0.0140951   -0.113797 -0.00311015 0.0829029  0.102877   9.80811 
             69.6681 0.102747 0.188855  65.2848   2.55952   0.94379 0.0260298 180.013       0       0 -0.13     0 -1.03 -0.0552213   0.222537 -0.0451361   0.0018734 0.000921288  -0.0111156  0.00801064   -0.110444 -0.00592889 0.0804749  0.106172    9.8081 
             69.8668   0.1065 0.193772  65.3457   2.63569   1.00207 0.0274683 180.013       0       0 -0.13     0 -1.03   0.135399   0.259411 -0.0100735 0.000843655 0.000379273  -0.0113133   0.0077542   -0.101673 -0.00724863 0.0824781  0.110894   9.80803 
             70.0668 0.110115  0.19778   65.405   2.69676   1.00474 0.0352139 180.013       0       0 -0.13     0 -1.03  0.212269  0.152564 0.0142398 0.000808826 0.000501506  -0.0112179   0.0127086  -0.0986775 -0.00799765 0.0858225   0.11126   9.80799 
             70.2655 0.110327 0.198139  65.1744   2.66833   0.97796 0.0396222 180.013       0       0 -0.13     0 -1.03 0.0557758 0.0166529  0.114329 0.000912625 0.000794841  -0.0109091   0.0175269   -0.106531 -0.00642344 0.0864504  0.105935   9.80805 
             70.4641 0.114868 0.198156  65.4861   2.70101  0.976278 0.0287626 180.013       0       0 -0.13     0 -1.03   0.117641  0.0219914 -0.0331265 0.000717912 0.000775102   -0.011179   0.0182894   -0.104615 -0.00413707 0.0873224  0.106737   9.80803 
             70.6641 0.114677 0.198102  65.5698    2.6702  0.967456 0.0192227 180.013       0       0 -0.13     0 -1.03 -0.0251683  0.0195596 -0.0936074 0.000991557  0.00092691  -0.0108792   0.0189848   -0.108598 -0.00424867 0.0867081  0.104493   9.80806 
             71.0614 0.112054 0.199062  65.2515   2.65268  0.974831 0.0331929 180.013       0       0 -0.13     0 -1.03 -0.0559543  0.0491026  0.0229385 0.000858552 0.000927353   -0.010729   0.0191433   -0.108957 -0.00784777 0.0866956  0.104299   9.80806 
             71.2614 0.115295 0.197574  65.3669   2.68606  0.985812 0.0359851 180.013       0       0 -0.13     0 -1.03 0.0864863 0.0648451  0.034655 0.000581243 0.000753466  -0.0109572   0.0194232   -0.106271 -0.00760801 0.0874949  0.105612   9.80804 
               71.66 0.116374 0.200226   65.426    2.74083     1.0039 0.00997361 180.013       0       0 -0.13     0 -1.03   0.114012  0.0316729 -0.0528052 0.000209927 0.000597873  -0.0109691   0.0197254    -0.10494 -0.00583103 0.087977 0.106204  9.80803 
             71.8587 0.116723 0.201844  65.4565   2.72699   1.00607 0.0358842 180.013       0       0 -0.13     0 -1.03 0.0720277 0.0292566 0.0280131 0.000736791   0.0009876  -0.0109659   0.0197237   -0.106857 -0.00708153  0.08751 0.105237  9.80805 
             72.0574 0.118618 0.201992  65.6525   2.71849  0.988305 0.0283013 180.013       0       0 -0.13     0 -1.03  0.0746479  -0.102014 -0.0348932 0.00135561 0.00170148 -0.0110477  0.0207344  -0.109227 -0.0050317 0.0874621  0.103768   9.80806 
             72.2573 0.121808 0.202862  65.5868   2.76061  0.950972 0.0346474 180.013       0       0 -0.13     0 -1.03  0.147425 -0.141758 0.0165225 0.000933446  0.00180115  -0.0110491    0.022469   -0.107184 -0.00533944 0.0888338  0.104383   9.80804 
              72.456 0.121007 0.201711  65.4439   2.73675  0.927848 0.0291017 180.013       0       0 -0.13     0 -1.03 0.0509697 -0.105713 0.0236475 0.00110086 0.00191447 -0.0107464   0.0220427   -0.111169 -0.00428405 0.0876557  0.102485   9.80807 
             72.6546 0.123585 0.201159  65.5675  2.74072 0.950169 0.030224 180.013       0       0 -0.13     0 -1.03  0.0659404  0.0337832 -0.0332581  0.0010616 0.00178727 -0.0109384   0.0188826   -0.111561 -0.00442528 0.0859852  0.103061   9.80808 
             72.8546 0.124795   0.1986  65.5558  2.74355 0.935918  0.02137 180.013       0       0 -0.13     0 -1.03 0.00766303 -0.0412164  -0.074997  0.0010789 0.00196306 -0.0107402   0.0204451   -0.112013 -0.00446878 0.0866481  0.102456   9.80808 
             73.0533  0.12362 0.201457  65.4675   2.73122  0.989289 0.0195989 180.013       0       0 -0.13     0 -1.03  0.0221243   0.115846 -0.0964349 0.000612158  0.00238842  -0.0107923   0.0153513   -0.113156 -0.00654618 0.0838618  0.103166    9.8081 
             73.2533  0.12469 0.203801  65.6654   2.75419   1.00667 0.0250132 180.013       0       0 -0.13     0 -1.03  0.0534817   0.123865 -0.0163264 0.000772009  0.00239459  -0.0108394   0.0163942   -0.111354 -0.00904406 0.0848085  0.103807   9.80808 
             73.4519 0.124056 0.204426    65.62   2.76409   1.03448 0.0211185 180.013       0       0 -0.13     0 -1.03 0.0947422  0.179771 -0.107644 0.000611512  0.00251245  -0.0107903  0.0166729  -0.111942 -0.0105553 0.0847974  0.103467   9.80809 
             73.6506  0.12674 0.207563  65.6258   2.82687   1.07102 0.0245013 180.013       0       0 -0.13     0 -1.03  0.0546432   0.173902 -0.0687316 0.000158734  0.00224812  -0.0109569  0.0168406  -0.107903 -0.0132066 0.085851 0.105414  9.80806 
             73.8506 0.130284  0.20794   65.953   2.80285   1.02694 0.0383213 180.013       0       0 -0.13     0 -1.03    -0.057809 -0.000248694      0.14084 0.000169411  0.00330788  -0.0109271   0.022662  -0.111008 -0.0148083 0.0879256    0.1025   9.80807 
             74.0493 0.128601  0.20735  65.9579   2.74921   1.02981 0.0591577 180.013       0       0 -0.13     0 -1.03 -0.137384 0.0804345  0.158657 -7.29871e-05   0.00330397   -0.0109858  0.0227162  -0.112383 -0.0145564 0.0876179  0.101827   9.80808 
              74.248 0.128683 0.206891  66.0821   2.77686   1.06249 0.0264432 180.013       0       0 -0.13     0 -1.03 -0.00295625    0.136642  -0.0351107 0.000430207  0.00367146  -0.0109354   0.0221459   -0.109873 -0.00902083 0.0879724  0.103114   9.80806 
             74.4479 0.129652 0.211582  66.1076   2.80868   1.10837 0.0424383 180.013       0       0 -0.13     0 -1.03 0.0351147  0.183841 0.0840203 0.000813276   0.0039236  -0.0110465  0.0209559  -0.106995 -0.0104803 0.0881018  0.104765   9.80804 
             74.6466 0.130801 0.210409  66.2657   2.81058   1.07318 0.0350898 180.013       0       0 -0.13     0 -1.03   0.0103979 -0.00331331   0.0296161 0.000731612  0.00404749  -0.0109667   0.0275503   -0.107603 -0.00768755 0.0910639   0.10288   9.80804 
             74.8466 0.125336 0.209894  66.0499    2.7556   1.05479 0.0260638 180.013       0       0 -0.13     0 -1.03  -0.118236  -0.016468 -0.0674591  0.0010446 0.00431771 -0.0109005 0.0290771 -0.112582 -0.006919 0.0906049  0.100162   9.80807 
             75.0453 0.12579 0.21007  66.017   2.77899   1.07168 0.0163212 180.013       0       0 -0.13     0 -1.03 -0.000220735    0.0590181   -0.0887458 0.00108982 0.00437902 -0.0111605   0.0284468   -0.110505 -0.00728043 0.0908035  0.101288   9.80806 
             75.2439 0.0930545  0.193962   63.3833   2.70036  0.993601 0.0232383 180.013       0       0 -0.13     0 -1.03  -0.111714 -0.0654336  -0.132894 0.000920314  0.00367733  -0.0110495  0.0341403  -0.115926 -0.0120159 0.0920823 0.0974715   9.80808 
             75.4425 0.0907017  0.193353   60.8282   2.61862  0.905753 0.0498899 180.013       0       0 -0.13     0 -1.03 -0.271084 -0.239187  0.192191 0.000927393  0.00363184  -0.0112044   0.039274  -0.120393 -0.0150073 0.0931305 0.0942693    9.8081 
             75.6425 0.0853981  0.189744   57.8674   2.51689  0.766763 0.0511661 180.013       0       0 -0.13     0 -1.03 -0.397127 -0.456625 0.0884055 0.000773218  0.00415195  -0.0112267  0.0464248  -0.123449 -0.0118688 0.0949793 0.0911378   9.80812 
             75.8412 0.0615321  0.171422   54.3106   2.40497  0.644803 0.0112685 180.013       0       0 -0.13     0 -1.03 -0.474562 -0.565767 -0.292503 0.000719877   0.0044873  -0.0112068   0.0489068   -0.125356 -0.00779179 0.0952313 0.0897956   9.80813 
             76.0399 0.0534676  0.173384   50.8503    2.46626    0.57385 0.00108702 180.013       0       0 -0.13     0 -1.03 0.0198793  -0.52139 -0.132954 0.00130074 0.00495507 -0.0111792   0.0462849   -0.120999 -0.00884938 0.0959425 0.0915604    9.8081 
             76.2385 0.0387609   0.16946   48.0726   2.29034  0.522465 0.0332283 180.013       0       0 -0.13     0 -1.03 -0.373946  -0.32306 -0.121817 -0.00146541  0.00361474  -0.0111765  0.0476867  -0.127494 -0.0124411 0.0942382 0.0906074   9.80813 
             76.4385 0.0272374  0.158014    45.873   2.12991  0.532513 0.0035063 180.013       0       0 -0.13     0 -1.03 -0.540139 -0.162063 -0.115114 -0.00410551  0.00344593  -0.0112082  0.0472224  -0.132613 -0.0121878 0.0929715 0.0907106   9.80814 
             76.6372 0.0185869   0.15386   45.6063   2.06843  0.604997 0.0324171 180.013       0       0 -0.13     0 -1.03   -0.487987   0.0510084 0.000974242 -0.00501481  0.00613731  -0.0113253  0.0416638  -0.133992 -0.0154924 0.0929514 0.0920094   9.80813 
             76.8372 0.0138239  0.155973    45.993     2.089  0.661866 0.0267371 180.013       0       0 -0.13     0 -1.03   -0.247191    0.167528 -0.00813677 -0.00429438  0.00784875  -0.0113546  0.0383543  -0.132339 -0.0153676 0.0935477 0.0925016   9.80812 
             77.2344 0.0126007   0.15962   45.9741   2.20403   0.74598 0.0738633 180.013       0       0 -0.13     0 -1.03 0.0957059  0.185818  0.170106 -0.00370747  0.00870067  -0.0112023   0.035693   -0.13017 -0.0156168 0.0941771 0.0927913   9.80811 
             77.4345 0.012661 0.168139  46.4058   2.27838  0.797737 0.0372331 180.013       0       0 -0.13     0 -1.03   0.239651   0.264497 -0.0213337  -0.003404 0.00857088 -0.0117386  0.0339119  -0.128961 -0.0109893 0.0945529 0.0929839    9.8081 
             77.6332 0.0100989  0.175969   46.3096   2.37153  0.912646 0.0142062 180.013       0       0 -0.13     0 -1.03  0.345623  0.458249 -0.242102 -0.00319127  0.00677667  -0.0117483   0.0283124   -0.129283 -0.00950501 0.0950088 0.0939642   9.80809 
             77.8332 0.0112075    0.1824   46.3905    2.3897    0.8807 0.0213842 180.013       0       0 -0.13     0 -1.03   0.244728   0.170088 -0.0509581 -0.00362237  0.00794294  -0.0118393   0.036413  -0.126722 -0.0116176 0.0947988 0.0923566   9.80811 
             78.0318 0.0153766  0.185639   46.7356    2.4033  0.860055 0.0460703 180.013       0       0 -0.13     0 -1.03  0.114599 0.0745515 0.0963064 -0.00341332  0.00756438  -0.0119961  0.0386113   -0.12615 -0.0125822 0.0947495 0.0919144   9.80811 
             78.2305 0.0144374  0.188527   46.6699   2.41369  0.887553 0.0445457 180.013       0       0 -0.13     0 -1.03  0.131909 0.0876967 0.0807558 -0.00367349  0.00740087   -0.011679   0.0386298   -0.127373 -0.00938579 0.0945228 0.0919636   9.80811 
             78.4305 0.0141303  0.191931   46.6654   2.43384  0.932499 0.0286293 180.013       0       0 -0.13     0 -1.03  0.0889562   0.185048 -0.0724192 -0.00381557  0.00743572  -0.0117226   0.0375287   -0.128571 -0.00699991 0.0943712 0.0922195   9.80811 
             78.8278 0.0161439  0.193132   46.9755   2.47946  0.970718 0.0379397 180.013       0       0 -0.13     0 -1.03 0.0595832   0.13062  0.058109 -0.00393706  0.00736252  -0.0120848  0.0382575  -0.126225 -0.0094067 0.0947451 0.0919545   9.80811 
             79.0278 0.0171208  0.202552   47.0869   2.51846  0.983621 0.0332493 180.013       0       0 -0.13     0 -1.03   0.145354   0.188265 -0.0817009 -0.00414616  0.00762822  -0.0122035   0.0385912   -0.124961 -0.00930881 0.0949463 0.0918148   9.80811 
             79.2264 0.0190577  0.207331   47.2548   2.55888   1.00823 0.0216847 180.013       0       0 -0.13     0 -1.03  0.180204  0.180739 -0.118415 -0.00450128  0.00770952  -0.0121892  0.0388967  -0.124209 -0.0104637 0.0950717 0.0917395   9.80811 
             79.4265 0.0186499  0.210039   46.9544     2.60079     1.02025 0.000475043 180.013       0       0 -0.13     0 -1.03  0.261571   0.18574 -0.399104 -0.00461136   0.0077242  -0.0118786  0.0403538  -0.123192 -0.0131157 0.0951521 0.0914166   9.80811 
             79.6251 0.0133379  0.210401   46.9633    2.52971    1.02743 0.00506801 180.013       0       0 -0.13     0 -1.03 -0.114317 0.0673943 -0.136556 -0.00439956  0.00783184  -0.0119959  0.0472276  -0.128574 -0.0223999 0.0938468 0.0904703   9.80813 
             79.8238 0.00955469   0.212172    47.3976   2.46943   1.02606 0.0364032 180.013       0       0 -0.13     0 -1.03  -0.23158 0.0646188 0.0519707 -0.00440783  0.00788239  -0.0120407  0.0498699  -0.129946 -0.0290409 0.0934868 0.0901173   9.80814 
             80.0225 0.0135388  0.213557    47.584    2.4979  0.980087 0.0415355 180.013       0       0 -0.13     0 -1.03 -0.0181109 -0.0442657 -0.0102315 -0.00383558  0.00782713   -0.012251  0.0500205  -0.126966 -0.0290173 0.0940262 0.0899418   9.80814 
             80.2223 0.0190545  0.213508   47.6897   2.54491  0.944272 0.0223461 180.013       0       0 -0.13     0 -1.03   0.129765 -0.0751148    -0.1126 -0.00268218  0.00791632  -0.0123883  0.0497189  -0.124234 -0.0275905 0.0945559 0.0898807   9.80813 
             80.6197 0.0197709  0.214874   47.8496   2.53781   1.00215 0.0427527 180.013       0       0 -0.13     0 -1.03 0.0400908 0.0816828 0.0549621 -0.00385938  0.00790083  -0.0123599  0.0487618  -0.128086 -0.0304844 0.0938601 0.0902062   9.80814 
             81.0184 0.0229066  0.197783   49.6373   2.40771   1.02662 0.0267478 180.013       0       0 -0.13     0 -1.03   -0.10706   0.106017 -0.0457349 -0.00303975   0.0081903  -0.0123097  0.0530955  -0.133183 -0.0298056 0.0927848 0.0895737   9.80815 
              81.217 0.0483363  0.184677   55.3707   2.40978  0.834572 0.0329222 180.013       0       0 -0.13     0 -1.03 -0.0422504  -0.331152  0.0051952 -0.00653185   0.0119559  -0.0123618   0.060175  -0.127701 -0.0310009 0.0939601 0.0881726   9.80815 
              81.417 0.0664394  0.168461   58.1484   2.41655  0.676026 0.0383299 180.013       0       0 -0.13     0 -1.03  0.0669647  -0.540891 -0.0270124 -0.00803611   0.0139423  -0.0123313  0.0646539  -0.125716 -0.0317907 0.0950417 0.0873291   9.80815 
             81.6157 0.083952  0.16015  61.0439    2.4125  0.576401 0.0240554 180.013       0       0 -0.13     0 -1.03 -0.00281179   -0.412886    0.198291 -0.00738668   0.0138386  -0.0123909  0.0644729  -0.126999 -0.0312006 0.0946902 0.0870975   9.80816 
             81.8144 0.0977117  0.150763   64.3961    2.4657  0.577183 0.0316229 180.013       0       0 -0.13     0 -1.03 0.0849781 -0.262267  0.177563 -0.0074855  0.0130574 -0.0123988  0.0585509  -0.124137 -0.0263658 0.0937911 0.0893454   9.80814 
             82.0144  0.10345 0.139578  66.8312   2.43871  0.588653 0.0652839 180.013       0       0 -0.13     0 -1.03  0.0643628 -0.0893635   0.263345 -0.00753625   0.0129615  -0.0124883  0.0567693  -0.126048 -0.0262615 0.0927743 0.0891796   9.80816 
              82.213  0.1133  0.1477 69.4474   2.48231   0.68593 0.0544267 180.013       0       0 -0.13     0 -1.03   0.173286    0.25337 -0.0759705 -0.00797408   0.0152957  -0.0125748  0.0517873  -0.124888 -0.0215989 0.0910866 0.0906936   9.80816 
             82.4117 0.119311 0.150591  71.3061   2.55865  0.803248 0.0155035 180.013       0       0 -0.13     0 -1.03  0.223761  0.416309 -0.137651 -0.0075896  0.0172744 -0.0124728  0.0483873  -0.122184 -0.0199368  0.090165 0.0925123   9.80815 
             82.6103 0.133358  0.15658  74.0121   2.52708  0.885688 0.0189959 180.013       0       0 -0.13     0 -1.03  0.066608  0.371108 -0.158387 -0.0100688  0.0164858  -0.012599  0.0477982  -0.126972 -0.0223464 0.0890272 0.0904436   9.80818 
              82.809 0.134345 0.148299  76.1571   2.50134  0.889256 0.0194035 180.013       0       0 -0.13     0 -1.03 -0.00952016     0.18812   -0.051529 -0.0102133  0.0145942 -0.0126013  0.0511871  -0.129036 -0.0236094 0.090318 0.088906  9.80818 
              83.009 0.131699 0.144725  78.1161   2.40561  0.835878 0.0262314 180.013       0       0 -0.13     0 -1.03 -0.105857  -0.10073 -0.196835 -0.0109282  0.0133799  -0.012511  0.0533499  -0.133279 -0.0241681 0.0908523 0.0864474    9.8082 
             83.2076  0.13065 0.135788  80.5274     2.27624    0.725462 -0.00900959 180.013       0       0 -0.13     0 -1.03 -0.369856  -0.32645 -0.233789 -0.0124909  0.0109291 -0.0122549  0.0564863  -0.140799 -0.0245202 0.0917218 0.0820768   9.80823 
             83.4063 0.123755 0.126099  81.9106   2.19507  0.703232 0.0309167 180.013       0       0 -0.13     0 -1.03 -0.466323 -0.281156 -0.106443 -0.0130499  0.0120138 -0.0121118  0.0527704  -0.140557 -0.0325806 0.0897044 0.0825775   9.80824 
              83.605 0.117347 0.118116  83.8656   1.98649  0.671256 -0.010816 180.013       0       0 -0.13     0 -1.03 -0.660173 -0.188829 -0.641173 -0.0167354   0.011895 -0.0118885 0.0473068 -0.149467 -0.032948 0.0859864 0.0779429   9.80831 
             83.8037 0.106586 0.109549  84.9313    1.95703   0.545207 -0.0682233 180.013       0       0 -0.13     0 -1.03 -0.292076 -0.470693 -0.658791 -0.0145689  0.0104228 -0.0119413  0.0537288   -0.14651 -0.0364023 0.0898334 0.0792902   9.80827 
             84.0022 0.110567 0.110363  84.6224   2.09374  0.609066 0.0147947 180.013       0       0 -0.13     0 -1.03   0.145278  -0.144048 -0.0173565   -0.01376  0.0111856 -0.0118517  0.0514935  -0.137617 -0.0445811  0.088832 0.0846281   9.80823 
             84.4009 0.113537 0.112356   84.659  2.10178 0.643104 0.120935 180.013       0       0 -0.13     0 -1.03 -0.0562721  0.0112101   0.474163 -0.0138084  0.0112528 -0.0117074  0.0481378  -0.136916 -0.0461315 0.0868988  0.085153   9.80825 
             84.5996 0.118786  0.11917  84.8164   2.10518  0.844286 0.0305019 180.013       0       0 -0.13     0 -1.03 0.0208907  0.449243 -0.124897 -0.013611 0.0102847 -0.011721  0.0390912  -0.132363 -0.0379747 0.0818315 0.0880641   9.80826 
             84.7982 0.120303 0.125197  84.5068     2.18192    0.865714 -0.00176043 180.013       0       0 -0.13     0 -1.03  0.292409   0.20165 -0.179691 -0.0142388  0.0108093 -0.0117181  0.0427031  -0.130949 -0.0378578 0.0839474 0.0887252   9.80824 
             84.9969 0.126102 0.127953  84.9859   2.20796   0.82708 0.0238267 180.013       0       0 -0.13     0 -1.03  0.199692 0.0450842 -0.024253 -0.0141657  0.0104034 -0.0118464  0.0454934  -0.133828 -0.0403678 0.0853809 0.0869741   9.80824 
             85.1956 0.125796 0.126865  84.8303   2.18598   0.79513 0.0184665 180.013       0       0 -0.13     0 -1.03  0.0562729 -0.0268663 -0.0661316 -0.0149448 0.00965165 -0.0115087 0.0464088 -0.140002 -0.041315 0.0856064 0.0834668   9.80827 
             85.5929 0.127192 0.130118  84.9311    2.20715   0.852443 -0.0466283 180.013       0       0 -0.13     0 -1.03 0.0525604 0.0598043 -0.211537 -0.0150862  0.0100675 -0.0117131   0.041136  -0.138769 -0.0434056 0.0827004 0.0844044   9.80829 
             85.7929 0.130149 0.137175  84.9322   2.21513  0.945168 0.0196397 180.013       0       0 -0.13     0 -1.03   0.100401   0.245314 -0.0809819 -0.0141176 0.00862013 -0.0114852  0.0349558  -0.137758 -0.0534793  0.079297 0.0852696   9.80831 
             85.9902 0.131747 0.138667  85.0322   2.24758  0.945902 0.0112407 180.013       0       0 -0.13     0 -1.03  0.11343 0.129009 -0.15246 -0.0146962  0.0104276 -0.0114312  0.0400336  -0.138323 -0.0574819 0.0821477 0.0847713   9.80829 
             86.3888 0.133708 0.143031  85.1287   2.27328   1.01847 0.0693425 180.013       0       0 -0.13     0 -1.03 0.0766109  0.210789  0.155334 -0.0140893  0.0101992  -0.011436  0.0391601  -0.139287 -0.0610129 0.0816071 0.0842812    9.8083 
             86.5875 0.119652 0.144891  82.4049   2.22498  0.914335 0.0365817 180.013       0       0 -0.13     0 -1.03   0.147362  -0.142859 -0.0557841 -0.0127965  0.0133991  -0.011615  0.0473372  -0.148844 -0.0551181 0.0857213 0.0785824   9.80831 
             86.7862 0.105684 0.147309  78.5961  2.22843 0.903807 0.033474 180.013       0       0 -0.13     0 -1.03  0.0409826 -0.0889844  0.0919936 -0.0114544  0.0127566 -0.0115811  0.0444906  -0.151142 -0.0577398 0.0840371 0.0775109   9.80833 
             86.9848 0.0962485  0.143409   76.4351  2.22949 0.855781 0.069099 180.013       0       0 -0.13     0 -1.03 -0.0704432  -0.150663   0.107662 -0.0111664  0.0126447 -0.0115741   0.045685  -0.151729 -0.0577753 0.0846067 0.0771005   9.80833 
             87.1835 0.0949545  0.144458   73.0175   2.29834  0.716757 0.0273564 180.013       0       0 -0.13     0 -1.03   0.16821 -0.256676  0.124682 -0.0089543  0.0109092 -0.0116286   0.052436  -0.148802 -0.0516151  0.088098 0.0774729    9.8083 
             87.3821 0.0955349  0.145974   71.1835  2.34847 0.720367 0.052456 180.013       0       0 -0.13     0 -1.03  0.231161 -0.102327  0.278421 -0.00877331   0.0125358  -0.0116571  0.0488735  -0.147323 -0.0517434 0.0868529 0.0786642    9.8083 
             87.5808  0.10323 0.149184  71.1063   2.43284  0.737852 0.0674613 180.013       0       0 -0.13     0 -1.03   0.269504 -0.0353155   0.371215 -0.00808883   0.0134211  -0.0117549 0.0465296 -0.144559 -0.048594 0.0864433 0.0801256   9.80829 
             87.7794 0.111466 0.151714  71.3854   2.47439  0.732068 0.0758051 180.013       0       0 -0.13     0 -1.03   0.203101 -0.0398792   0.200846 -0.00838229   0.0132052   -0.011829  0.0463551  -0.145224 -0.0456625 0.0862624  0.079908    9.8083 
             87.9781 0.112144 0.152629  71.4934   2.43225  0.759777 0.0326803 180.013       0       0 -0.13     0 -1.03  -0.033422  0.0242534 -0.0844293 -0.00922635   0.0132031  -0.0116184  0.0450205   -0.14826 -0.0423358 0.0852291 0.0790712   9.80831 
             88.3767  0.11098 0.154108  71.4279   2.41172  0.812943 0.0351675 180.013       0       0 -0.13     0 -1.03 -0.0699098    0.18297  0.0420492 -0.00916209   0.0133093  -0.0115566  0.0440366  -0.148299 -0.0436069 0.0848697 0.0792412   9.80831 
              88.774 0.107866 0.157435   71.509   2.39787  0.899658 0.0423672 180.013       0       0 -0.13     0 -1.03 -0.0800571   0.250368   0.016647 -0.00912054   0.0135882     -0.0115  0.043629 -0.147616 -0.043585 0.0848487 0.0795601   9.80831 
             88.9727 0.108788 0.163408   71.695   2.44493  0.939763 0.0298851 180.013       0       0 -0.13     0 -1.03    0.08728   0.212751 -0.0404493 -0.00987676   0.0131712  -0.0115089   0.043738  -0.144886 -0.0429847 0.0853733 0.0805089    9.8083 
             89.1714 0.109381 0.166046  71.6809   2.46255  0.914238 0.0340464 180.013       0       0 -0.13     0 -1.03 0.0870735 0.0817473 -0.021784 -0.0103715  0.0145259 -0.0114248  0.0473841  -0.144811 -0.0441588 0.0866684 0.0798845   9.80829 
             89.3701 0.111643 0.168019  71.6507   2.48504  0.915131 0.0464218 180.013       0       0 -0.13     0 -1.03   0.14397 0.0895221  0.076792  -0.010216   0.014658 -0.0114506  0.0486595  -0.144598 -0.0445855 0.0871516 0.0797357   9.80829 
             89.5687 0.110716 0.168369  71.6835   2.47928  0.928244 0.0442117 180.013       0       0 -0.13     0 -1.03  0.137767 0.0912257  0.228378 -0.00967917   0.0149552  -0.0114711  0.0490276  -0.147922 -0.0417796 0.0866835 0.0785047    9.8083 
             89.7687 0.113452 0.166778  71.9011   2.49093  0.908941 0.0577387 180.013       0       0 -0.13     0 -1.03    0.14212 0.00642221  0.0673022 -0.00961914   0.0153269  -0.0115357  0.0518786  -0.149324 -0.0398422 0.0874251 0.0774973    9.8083 
             89.9675 0.114576 0.169155  72.0274   2.48166   0.90893 0.0280726 180.013       0       0 -0.13     0 -1.03 -0.0333476  0.0417688  0.0146525 -0.00941116   0.0152114  -0.0113416   0.052156  -0.150506 -0.0383009 0.0873128 0.0770399   9.80831 
              90.166  0.11205 0.168515  72.0979  2.44818 0.930092 0.043828 180.013       0       0 -0.13     0 -1.03 -0.0962279  0.0178811  0.0169009 -0.00959434   0.0149123  -0.0111969   0.050743  -0.152177 -0.0404488 0.0865361 0.0767201   9.80832 
             90.3647 0.107418 0.169551   71.892   2.40035  0.935883 0.0325715 180.013       0       0 -0.13     0 -1.03  -0.133423  0.0285762 -0.0307437 -0.0096319  0.0147787 -0.0111901   0.050235  -0.154798 -0.0388481 0.0859089 0.0759095   9.80833 
             90.7633 0.109417 0.167775  72.0465   2.44504  0.924816 0.0405477 180.013       0       0 -0.13     0 -1.03 -0.0094549  0.0457423 -0.0113971 -0.010235 0.0147754 -0.011435  0.0518841  -0.148253 -0.0400305 0.0876005 0.0778539    9.8083 
              90.962  0.10915 0.169712  72.3212  2.43007 0.961667 0.035999 180.013       0       0 -0.13     0 -1.03 -0.057099  0.164904 0.0276599 -0.0099245  0.0145994 -0.0113628  0.0507439   -0.14891 -0.0396472 0.0871033 0.0778258    9.8083 
             91.1607   0.1092 0.171629  72.5373   2.44253   0.99073 0.0412526 180.013       0       0 -0.13     0 -1.03 0.0361948  0.187348  0.031381 -0.0102493  0.0145817 -0.0114303  0.0512721   -0.14788 -0.0396212 0.0874554 0.0780887    9.8083 
             91.3593 0.111931 0.172034  72.6041   2.49422   0.99165 0.0332483 180.013       0       0 -0.13     0 -1.03   0.171825   0.150819 -0.0225268 -0.0107524  0.0147461 -0.0110813  0.0543005  -0.144986 -0.0386011   0.08897 0.0785569   9.80828 
             91.5567 0.112886 0.173716  72.3167   2.49952  0.985571 0.0376191 180.013       0       0 -0.13     0 -1.03   0.119922  0.0268382 0.00968415 -0.0105466   0.014947 -0.0109738   0.057327  -0.147724 -0.0397046 0.0895398 0.0771228   9.80829 
             91.7567 0.114703 0.173357  72.3894   2.49648  0.938234 0.0310812 180.013       0       0 -0.13     0 -1.03  0.0771299 -0.0627128 -0.0924622 -0.0104906   0.015169 -0.0109135  0.0624362  -0.150202 -0.0393296 0.0908472 0.0754257   9.80829 
              92.154  0.11388 0.170948  72.3483    2.48723   0.912488 0.00609317 180.013       0       0 -0.13     0 -1.03  0.0203889 -0.0637107 -0.0730848 -0.0106511  0.0148761 -0.0108615  0.0624339  -0.151636 -0.0396484 0.0906012 0.0749517    9.8083 
             92.5513 0.115376 0.170839  72.6541  2.48428 0.906797 0.036584 180.013       0       0 -0.13     0 -1.03  0.0239922 -0.0211254 0.00954591 -0.0102214  0.0146716 -0.0104938  0.0614025  -0.152427 -0.0432759 0.0901308 0.0748712    9.8083 
             92.7499 0.111298 0.168806  72.5887   2.45042  0.926685 0.0326743 180.013       0       0 -0.13     0 -1.03 -0.0362622  0.0336341 -0.0250208 -0.00896894   0.0142016  -0.0104356  0.0598605  -0.154747 -0.0431118 0.0892432 0.0743584   9.80831 
             93.1486 0.111049 0.169087  72.4161   2.45622  0.909309 0.0471221 180.013       0       0 -0.13     0 -1.03 -0.0029292 0.00381893  0.0381499 -0.0095676  0.0146193 -0.0103725  0.0614157  -0.153829 -0.0438689 0.0898966 0.0744016   9.80831 
             93.3473 0.111118 0.167745  72.6241   2.44227  0.903698 0.0349842 180.013       0       0 -0.13     0 -1.03  0.0219552  0.0284838 0.00528497 -0.00879481   0.0142503  -0.0104933 0.0614489 -0.155006 -0.042156 0.0897141 0.0740119   9.80831 
              93.546 0.109423 0.167169  72.5915    2.4233  0.902573 0.0373899 180.013       0       0 -0.13     0 -1.03 -0.00297083   0.0911315   0.0275273 -0.00804619    0.014709  -0.0104534  0.0620718   -0.15701 -0.0423041 0.0895813 0.0732759   9.80832 
             93.7446 0.109833 0.169182  72.5576    2.4488  0.952907 0.0372471 180.013       0       0 -0.13     0 -1.03 0.0719456  0.215438 0.0316751 -0.00822177   0.0142728   -0.010442  0.0604642   -0.15546 -0.0422798  0.089329 0.0740267   9.80831 
             93.9433 0.112237   0.1709  72.6122   2.48195  0.935948 0.0401566 180.013       0       0 -0.13     0 -1.03   0.12508 0.0675982 0.0353926 -0.00801421   0.0140495   -0.010396  0.0627405  -0.154842 -0.0421445  0.090148 0.0738429   9.80831 
             94.1419 0.113168 0.170814  72.5792   2.47396  0.916333 0.0382585 180.013       0       0 -0.13     0 -1.03 0.0404844 -0.063479 0.0508239 -0.00845549   0.0131529  -0.0103337  0.0641576  -0.156542 -0.0412291 0.0903064 0.0730745   9.80831 
             94.3405 0.113165 0.168124  72.6572   2.44717  0.853595 0.0422953 180.013       0       0 -0.13     0 -1.03 -0.0643905  -0.253837  0.0324784 -0.00896302   0.0117069  -0.0103608  0.0666104  -0.158765 -0.0406741 0.0906941 0.0719804   9.80832 
             94.5392 0.112125 0.163996  72.5272   2.43114  0.817942 0.0374632 180.013       0       0 -0.13     0 -1.03 -0.100158 -0.270726 0.0493525 -0.00918359   0.0118267  -0.0103324  0.0650511  -0.158817 -0.0389379 0.0902104 0.0722146   9.80832 
             94.7393 0.116521 0.157265  72.7814   2.45101  0.738434 0.0325072 180.013       0       0 -0.13     0 -1.03 0.0232287 -0.345449 -0.023632 -0.00836716   0.0116528  -0.0104631  0.0672946  -0.155189 -0.0372141 0.0914952 0.0729492    9.8083 
             94.9379 0.113645  0.15866  72.9106   2.4134 0.793847 0.034286 180.013       0       0 -0.13     0 -1.03  0.0335386  0.0605379 -0.0479699 -0.00902713   0.0126509  -0.0104716  0.0626814  -0.156875 -0.0373226 0.0898237 0.0732015   9.80832 
             95.1365 0.109185 0.160104  73.0289  2.41779 0.912288  0.02707 180.013       0       0 -0.13     0 -1.03  0.0767376    0.29788 -0.0885475 -0.00874764   0.0137351   -0.010515 0.0593739 -0.157117  -0.03736 0.0887971 0.0736661   9.80832 
             95.3352 0.116391 0.161151  73.1986   2.5077 0.906271 0.033042 180.013       0       0 -0.13     0 -1.03  0.350292  0.206207 0.0141797 -0.00730057   0.0134566  -0.0103761  0.0631635  -0.153496 -0.0393623 0.0905205 0.0741725    9.8083 
             95.5339 -1.22127  1.79656  72.9214    2.53814    1.26291 -0.0672266 180.013       0       0 -0.13     0 -1.03  0.295468  0.937736 -0.424343 -0.00956793   0.0184565  -0.0104647 0.0390717 -0.156316 -0.029215 0.0829055 0.0770326   9.80835 
             95.9325 -1.17205  1.86808  72.8257   2.71019    1.6815 -0.140516 180.013       0       0 -0.13     0 -1.03  0.460421   1.08367 -0.254733 -0.00929146   0.0188887  -0.0103389  0.0375871  -0.153913 -0.0370184 0.0826549 0.0781795   9.80834 
             96.3298 -1.1884 1.86293 72.3934    2.68972    1.85021 -0.0989542 180.013       0       0 -0.13     0 -1.03   0.277528   0.794726 -0.0522895 -0.00952248   0.0178035  -0.0100829  0.0432586  -0.158381 -0.0394317 0.0835475 0.0760693   9.80835 
             96.7272 -1.19865  1.88341  72.2922   2.72781    1.9094 -0.085643 180.013       0       0 -0.13     0 -1.03    0.359186    0.569356 -0.00363717 -0.00873516    0.021853 -0.00951924  0.0517197  -0.161823 -0.0408087   0.08535 0.0738507   9.80835 
             96.9258 -1.1854 1.89367 72.6702    2.75262     1.6576 -0.0685191 180.013       0       0 -0.13     0 -1.03  0.288101  -0.18361 0.0486602 -0.00992491   0.0284521 -0.00970095  0.070334 -0.163657 -0.041385 0.0900889  0.070478   9.80833 
             97.1245 -1.18488  1.89017   72.889    2.71678    1.63354 -0.0576641 180.013       0       0 -0.13     0 -1.03  0.118021 -0.161072 0.0808125 -0.00928393   0.0283986  -0.0100144  0.0700323   -0.16846 -0.0413762 0.0892617 0.0692914   9.80835 
             97.3232 -1.17778  1.89616  73.2459    2.65243    1.62314 -0.0589262 180.013       0       0 -0.13     0 -1.03 -0.0714358 -0.0907391  0.0966622 -0.00821835   0.0279596  -0.0100137  0.0681971  -0.175898 -0.0377325 0.0877245 0.0674707   9.80838 
             97.7205 0.113396 0.204293  73.4044  2.61018   1.2359 0.333351 180.013       0       0 -0.13     0 -1.03 0.0355513 -0.527486   0.76334 -0.00893532   0.0315392  -0.0100184  0.0963542  -0.177912 -0.0655488 0.0944288 0.0635356   9.80834 
             97.9191 -0.69787 -1.93221  72.2262  2.83578  1.24949 0.130928 180.013       0       0 -0.13     0 -1.03  0.583287 -0.216734 -0.310235 -0.0100905   0.030329 -0.0101144  0.0908263  -0.168381 -0.0531272 0.0943882 0.0669312   9.80832 
             98.3177 -0.628591  -2.00366   72.3111  2.96747  1.24939 0.176491 180.013       0       0 -0.13     0 -1.03    0.44547 -0.0444747  0.0216408 -0.00933046   0.0300464  -0.0101478  0.0884592  -0.170539 -0.0601495 0.0934366 0.0664671   9.80833 
             98.7151 -0.610324  -1.98242   72.0566 2.81996 1.33226 0.15383 180.013       0       0 -0.13     0 -1.03  0.135492   0.28435 0.0580823 -0.00927922   0.0296408  -0.0097189  0.0871069  -0.179016 -0.0590267 0.0918357 0.0646352   9.80836 
             98.9138 -0.624895  -1.93762   72.2229  2.95114   1.4219 0.168676 180.013       0       0 -0.13     0 -1.03 0.468936 0.415602  0.10654  -0.0101102   0.0290264 -0.00987643  0.0855996  -0.174778 -0.0589576 0.092102 0.065896  9.80835 
             99.1124 -0.629229  -1.94035   72.1209  2.86759  1.47329 0.186575 180.013       0       0 -0.13     0 -1.03 0.0419203  0.405925  0.167334 -0.00962766   0.0292102 -0.00963419  0.0873885  -0.180628 -0.0588429 0.0915987 0.0643877   9.80836 
             99.3111 -0.626271  -1.89467   72.1177 2.91785 1.55892 0.14406 180.013       0       0 -0.13     0 -1.03   0.234902   0.489121 0.00190135 -0.00951555   0.0289228 -0.00905785  0.0877119  -0.178694 -0.0519349 0.0920804 0.0650562   9.80835 
             99.7097 -0.653935  -1.89612   74.2294 3.12264 1.79454 0.12469 180.013       0       0 -0.13     0 -1.03   0.492552   0.748805 -0.0340418  -0.0094013   0.0287712 -0.00875369 0.0874155 -0.172843 -0.050798 0.0928915 0.0665233   9.80833 
             99.9084 0.0307025  -2.49444   82.0379  3.17277  2.31886 0.129225 180.013       0       0 -0.13     0 -1.03   0.357152    1.62617 -0.0416564 -0.00895289   0.0267881 -0.00893843  0.0684264  -0.175005 -0.0509519 0.0874679  0.068569   9.80837 
             100.107 0.192166 -2.52059  83.0842   3.2696  2.83322 0.173474 180.013       0       0 -0.13     0 -1.03  0.43408  2.11025 0.101335 -0.00884264    0.023608 -0.00892269  0.0590009   -0.17161 -0.0548345 0.0842276 0.0704408   9.80839 
             100.306  0.13482 -2.30117  83.6285  3.27607  3.35152 0.183934 180.013       0       0 -0.13     0 -1.03 0.301577  2.35897 0.159106 -0.00893529   0.0234171 -0.00873414  0.0509944  -0.175576 -0.0532312 0.0807915 0.0695565   9.80842 
             100.703 0.133322 -2.24933  83.6149  3.39583  3.82734 0.248992 180.013       0       0 -0.13     0 -1.03 0.282509  1.76652 0.108073 -0.00807562   0.0188095 -0.00861584  0.0775521  -0.182054 -0.0549158 0.0905799 0.0649211   9.80837 
             100.902 0.142045  -2.1969  83.6786  3.38954  3.71916 0.144392 180.013       0       0 -0.13     0 -1.03   0.172126   0.873212 -0.0907595 -0.00801928   0.0167454 -0.00876009   0.101623  -0.191984 -0.0489632  0.098977 0.0594232   9.80832 
               101.1 0.126812 -2.15003  83.9525 3.36789 3.80187 0.17278 180.013       0       0 -0.13     0 -1.03 0.0659638  0.695607 0.0696988  -0.0071123   0.0185789 -0.00871205  0.105942  -0.19649 -0.052012  0.100288 0.0573063   9.80832 
               101.3  0.15438 -2.15397  83.5993  3.38793  3.83161 0.175319 180.013       0       0 -0.13     0 -1.03  0.105267  0.471458 -0.016481 -0.00709815   0.0199192 -0.00846201   0.114738  -0.198294 -0.0524342  0.103483 0.0559373   9.80829 
             101.499 0.132803 -2.14055  83.8464  3.39922   3.8558 0.188324 180.013       0       0 -0.13     0 -1.03 0.0810116  0.420503  0.203843 -0.00710348   0.0209902 -0.00879426   0.121518  -0.200993 -0.0539659   0.10584 0.0543509   9.80828 
             101.698  0.12923 -2.12027  84.0164  3.36783  4.08277 0.221618 180.013       0       0 -0.13     0 -1.03 0.0220457  0.950538  0.128271 -0.00621592   0.0192829 -0.00888295   0.107147  -0.203087 -0.0524766  0.100325 0.0547646   9.80833 
             101.896 0.122031 -2.07078  84.3314  3.45704  4.20161 0.134533 180.013       0       0 -0.13     0 -1.03  0.284496  0.910836 -0.188873 -0.00576894   0.0187599 -0.00886158   0.111851   -0.20047 -0.0492351 0.102258 0.055455  9.80831 
             102.096 0.130067 -2.06542  84.3135  3.48925  4.31701 0.170725 180.013       0       0 -0.13     0 -1.03   0.225084   0.863357 -0.0645013 -0.00620221   0.0167846 -0.00842784   0.117472  -0.204727 -0.0606396  0.104086 0.0531072    9.8083 
             102.295  0.16053 -2.05941  83.8081  3.44382   4.4391 0.185603 180.013       0       0 -0.13     0 -1.03 0.0620751  0.861232  0.015758 -0.00742863   0.0154877 -0.00799028   0.121493  -0.216709 -0.0643225  0.104687 0.0482342   9.80832 
             102.494 0.147386 -2.05591  84.0133  3.44836  4.48053 0.192541 180.013       0       0 -0.13     0 -1.03 0.0259265  0.673377 0.0654639 -0.00723397   0.0156807 -0.00821992   0.136727  -0.221485 -0.0655362  0.109953 0.0452689   9.80828 
             102.692 0.147711 -2.04347  84.1133  3.43907  4.47197 0.182084 180.013       0       0 -0.13     0 -1.03 0.0119853  0.427626 -0.193285 -0.00730854   0.0179289 -0.00837855   0.153574  -0.227283 -0.0643257  0.115628 0.0418679   9.80823 
              103.09 0.136935 -2.06404  84.3621  3.40004  4.33817 0.141202 180.013       0       0 -0.13     0 -1.03  -0.079483   0.116674 -0.0749803 -0.00712579   0.0163213 -0.00842466   0.163614  -0.230359 -0.0648815  0.119015 0.0399321    9.8082 
              103.29 0.130069 -2.05605  84.4515  3.41318  4.50307 0.198653 180.013       0       0 -0.13     0 -1.03 -0.0436831    0.54094  -0.101538 -0.00695067   0.0171052 -0.00837208    0.15669  -0.226922 -0.0709528  0.116822 0.0415317   9.80822 
             103.488 0.132587 -2.05684  84.4473  3.51105  4.69861 0.213487 180.013       0       0 -0.13     0 -1.03 0.119817 0.864666 0.274349  -0.0102142   0.0141302 -0.00852275   0.150935  -0.213989 -0.0747367 0.115746 0.046504  9.80821 
             103.687 0.142246 -2.03681  84.3705  3.48779   4.7343 0.257076 180.013       0       0 -0.13     0 -1.03 0.00503823   0.593427    0.30882 -0.00966545   0.0165986  -0.0085466   0.163427   -0.22176 -0.0739946  0.119626 0.0427803   9.80818 
             103.886 0.138793 -2.04359  84.4772  3.50958  4.75963 0.249555 180.013       0       0 -0.13     0 -1.03 0.0890501  0.420586  0.202506 -0.00930834   0.0156579 -0.00888436   0.167978  -0.222008 -0.0714918  0.121215 0.0423993   9.80816 
             104.084 0.133945 -2.05837  84.7079  3.52401  4.77007 0.258296 180.013       0       0 -0.13     0 -1.03 0.0470084  0.344735  0.239772 -0.00880513   0.0134146 -0.00920456   0.174966  -0.223196 -0.0649076  0.123528 0.0416027   9.80813 
             104.283 0.130863 -2.05272  84.7733   3.5476  4.82664 0.241335 180.013       0       0 -0.13     0 -1.03  0.131821  0.417254 0.0398958 -0.00864819   0.0130066 -0.00939065   0.178315  -0.222308 -0.0566609  0.124737 0.0418743   9.80812 
             104.482 0.135211 -2.04449  84.7499  3.53469  4.92749 0.218226 180.013       0       0 -0.13     0 -1.03 -0.0296918   0.683743   -0.13003 -0.00831984   0.0128521 -0.00922617   0.175721  -0.226357 -0.0528634  0.123502 0.0407451   9.80814 
             104.682 0.139947 -2.02654  84.7514  3.51924  5.02975 0.232565 180.013       0       0 -0.13     0 -1.03 -0.0158688   0.712732  0.0352891 -0.00828826   0.0131847 -0.00920553   0.180358  -0.228565 -0.0593797  0.125028 0.0394494   9.80812 
              104.88 0.128028  -2.0324  84.8743  3.51673  5.14435 0.268594 180.013       0       0 -0.13     0 -1.03 0.0381211  0.738176  0.144727 -0.00831226   0.0128186   -0.009574    0.18174  -0.229113 -0.0602843  0.125473 0.0391287   9.80812 
             105.079 0.138753 -2.01638  84.8725  3.54404  5.15753 0.256234 180.013       0       0 -0.13     0 -1.03 0.147953 0.499113 0.070007 -0.00744646  0.00831895 -0.00932861   0.191323   -0.23035 -0.0570973   0.12866 0.0380171   9.80808 
             105.278 0.13434 -2.0128 85.0172  3.58996  5.19675 0.232775 180.013       0       0 -0.13     0 -1.03   0.179846    0.44631 -0.0411075 -0.00625628  0.00591072 -0.00916402   0.199055  -0.230057 -0.0532016 0.131337 0.037613  9.80805 
             105.476 0.140342 -2.00713   84.881  3.52468  5.28307 0.262696 180.013       0       0 -0.13     0 -1.03 -0.0454957   0.588239 -0.0287248  -0.0087728  0.00563324 -0.00944463   0.196612  -0.242044 -0.0587551  0.129596 0.0335388   9.80809 
             105.675   0.1389 -2.00647  84.9226  3.59282   5.3242 0.241742 180.013       0       0 -0.13     0 -1.03 0.183015 0.398706 0.019512 -0.00795695  0.00493981   -0.009588   0.207788  -0.235932 -0.0570703  0.133899 0.0348246   9.80802 
             105.874 0.147235  -2.0137  85.1173  3.63846  5.09056 0.231208 180.013       0       0 -0.13     0 -1.03  0.245971 -0.334707 0.0973678 -0.00760765  0.00186505 -0.00998625   0.222379  -0.238685 -0.0570179  0.138633 0.0327509   9.80797 
             106.074  0.13867 -2.04627   85.453  3.64159  4.95458 0.279001 180.013       0       0 -0.13     0 -1.03  0.166655 -0.472387  0.160533   -0.0089973 -0.000742376   -0.0103018   0.226348  -0.242887 -0.0592478  0.139622 0.0309749   9.80796 
             106.272 0.136991 -2.05713  85.7284  3.71839  4.97372 0.258491 180.013       0       0 -0.13     0 -1.03  0.279649 -0.204312  0.105819 -0.00773947   0.0032232   -0.010333   0.219242  -0.237425 -0.0542413  0.137649 0.0334883   9.80798 
             106.671 0.116918 -2.03173  86.6382 3.68689 5.34144 0.33672 180.013       0       0 -0.13     0 -1.03 0.154713 0.649709 0.346723 -0.0131439  0.0149945 -0.0098957   0.190181  -0.240622 -0.0529552 0.127484 0.034587  9.80811 
              106.87 0.0615211   -1.9649   91.2601  3.46953   5.5153 0.320622 180.013       0       0 -0.13     0 -1.03 -0.385059  0.830771  0.358054  -0.0180003   0.0151975 -0.00967198   0.184498  -0.253434 -0.0469233  0.12462 0.030529  9.80816 
             107.069 0.0227207  -1.87588   93.8484  3.34792  5.55025 0.350307 180.013       0       0 -0.13     0 -1.03 -0.531504  0.575735  0.336545  -0.0174918   0.0165062 -0.00952193   0.189868  -0.257956 -0.0445472   0.12665 0.0286664   9.80814 
             107.268 -0.0909935   -1.71354    95.9165 3.23846 5.39062 0.47197 180.013       0       0 -0.13     0 -1.03  -0.500779 -0.0301796   0.530391  -0.0170898   0.0197338 -0.00923871   0.208597  -0.268071 -0.0501574  0.134438 0.0243093   9.80805 
             107.864 0.0262173  -1.78848   97.4456  2.82023  5.44993 0.673016 180.013       0       0 -0.13     0 -1.03 -0.665718  0.212084  0.433141  -0.0167264   0.0194851 -0.00920524   0.206113    -0.2723 -0.0424632    0.1334 0.0225602   9.80807 
             108.064 0.0310162  -1.76742   97.2002  2.99119  5.67365 0.437702 180.013       0       0 -0.13     0 -1.03 -0.208232  0.639092 -0.209565  -0.0227788   0.0168206 -0.00915148   0.206329  -0.259716 -0.0321529  0.133045 0.0282544   9.80806 
             108.263 0.0272242  -1.75795   97.2226  3.04022  5.79689 0.453596 180.013       0       0 -0.13     0 -1.03 0.0287176  0.630121 -0.105727 -0.0293081  0.0179952 -0.0090747   0.210196  -0.253432 -0.0426116  0.134575 0.0309553   9.80803 
              108.66 0.0402191  -1.74161   97.2136    3.124   6.0056 0.419596 180.013       0       0 -0.13     0 -1.03    0.176025    0.647144 -0.00797016  -0.0289211   0.0177299 -0.00910896  0.214087 -0.252155 -0.042462  0.136223 0.0316013     9.808 
              108.86 0.040565  -1.7306  97.3923  3.00119  6.05864 0.492756 180.013       0       0 -0.13     0 -1.03 -0.120507  0.626031 0.0984662  -0.0313163   0.0168465 -0.00911901   0.213769  -0.261922 -0.0460446  0.136325 0.0273681   9.80801 
             109.257 0.073897 -1.73691  97.3292  3.21952  6.21535 0.460442 180.013       0       0 -0.13     0 -1.03   0.303897    0.57622 -0.0800029  -0.0330839   0.0180335 -0.00914007   0.223618  -0.254386 -0.0441995 0.140314 0.030799  9.80795 
             109.456 0.046304 -1.71646  97.6767  3.04023  6.19509 0.479919 180.013       0       0 -0.13     0 -1.03   -0.14235    0.40162 -0.0976993 -0.0302924  0.0185225 -0.0093654   0.223177    -0.2722 -0.0466056  0.140499 0.0232628   9.80797 
             109.656 0.0530985  -1.71733   97.6766  2.99676  6.28243 0.482831 180.013       0       0 -0.13     0 -1.03  -0.10412  0.435472 -0.015727  -0.0292915   0.0179039 -0.00938512   0.221093  -0.273833 -0.0530817  0.139678 0.0224047   9.80798 
             109.855 0.0555174  -1.70517   97.6009   2.9525  6.40136 0.491985 180.013       0       0 -0.13     0 -1.03 -0.181708  0.557799  0.111892 -0.0293253  0.0179706 -0.0093849   0.219478  -0.274087 -0.0532682  0.139007 0.0222621   9.80799 
             110.054 0.055112 -1.70675  97.7643  2.91126  6.47499 0.506352 180.013       0       0 -0.13     0 -1.03  -0.186869   0.495889 -0.0125053  -0.0287983    0.017466 -0.00962162   0.220933  -0.275263 -0.0535088  0.139632 0.0217963   9.80798 
             110.252 0.0423348  -1.69507   97.9637  2.91583  6.57921 0.462642 180.013       0       0 -0.13     0 -1.03 -0.00266455    0.591043   -0.154618  -0.0279949   0.0174968 -0.00982865   0.222864  -0.272625 -0.0480981  0.140345 0.0229565   9.80797 
             110.651 0.061612 -1.71053  97.9804  2.90017  6.83837 0.586965 180.013       0       0 -0.13     0 -1.03 -0.0537611   0.720455   0.245229  -0.0276002   0.0174977 -0.00991654    0.22129   -0.27373 -0.0597594   0.13978 0.0223829   9.80798 
             111.048 0.546517 -1.84528  98.2207   2.9001  7.03802 0.338108 180.013       0       0 -0.13     0 -1.03 -0.0319951   0.754763  -0.188521  -0.0267532   0.0193893 -0.00954974   0.228505  -0.276834 -0.0343074   0.14254 0.0214835   9.80794 
             111.248 0.721656 -1.79281  98.2444  2.74863  7.24698 0.254387 180.013       0       0 -0.13     0 -1.03 -0.343513  0.999466  -0.21759  -0.0205649      0.0166 -0.00963953  0.219907 -0.284963 -0.028573   0.13912 0.0179929     9.808 
             111.447 0.625459 -1.76941  98.3586   2.7163  7.35205 0.416997 180.013       0       0 -0.13     0 -1.03 -0.305484   0.83425  0.477396  -0.0214214   0.0203746 -0.00959082   0.230661  -0.286661 -0.0534604  0.143945 0.0174179   9.80793 
             111.645 0.595347 -1.77229  98.4763   2.6821  7.40282 0.420201 180.013       0       0 -0.13     0 -1.03 -0.310254  0.732607  0.309736 -0.0214243  0.0214703 -0.0095359   0.241193  -0.289716 -0.0477192   0.14824 0.0164293   9.80787 
             111.846 0.620024 -1.75688  98.5282  2.65717  7.56153 0.383766 180.013       0       0 -0.13     0 -1.03 -0.183172  0.837032  0.133544  -0.0218496   0.0215496 -0.00958092   0.243677   -0.28569 -0.0334397  0.149036 0.0181809   9.80785 
             112.243 0.581195  -1.7626  98.7041  2.77256  7.80181 0.401764 180.013       0       0 -0.13     0 -1.03  0.120473  0.811725 0.0323851  -0.0213419   0.0205393 -0.00957883   0.249181  -0.283089 -0.0332989  0.151205 0.0193318   9.80782 
             112.441 0.580968 -1.74828  98.8584  2.80463  7.79656 0.411694 180.013       0       0 -0.13     0 -1.03 0.0590465  0.557611  0.159002  -0.0211598   0.0176758 -0.00977333   0.259407  -0.287959 -0.0327631  0.155351 0.0175631   9.80775 
             112.641  0.52638 -1.74091    98.98  2.87764  7.68097 0.415491 180.013       0       0 -0.13     0 -1.03  0.274088  0.027356 0.0464793   -0.022072   0.0244096 -0.00989095   0.290865  -0.295805 -0.0299164  0.167978 0.0150742   9.80755 
              112.84 0.494743 -1.75324   99.157  2.88401  7.59109 0.398092 180.013       0       0 -0.13     0 -1.03   0.114317  -0.177255 -0.0513203  -0.0209953   0.0258133 -0.00981337   0.297781  -0.305937 -0.0272619  0.170896 0.0112135    9.8075 
              113.04 0.405878 -1.67723  99.2394  2.84291  7.63894 0.443907 180.013       0       0 -0.13     0 -1.03 -0.00800914    0.136159  -0.0790843  -0.0212762   0.0258484 -0.00993596   0.293686  -0.306596 -0.0289972  0.169297 0.0108572   9.80753 
             113.239 0.456832 -1.72496  99.2245  2.92877  7.67489 0.357816 180.013       0       0 -0.13     0 -1.03  0.206013  0.176586 -0.216968  -0.0176929   0.0246505 -0.00982083    0.29723  -0.300208 -0.0223961  0.170522 0.0134977   9.80751 
             113.437 0.469679  -1.7113  99.3677  2.87202  7.84186 0.441228 180.013       0       0 -0.13     0 -1.03 -0.0202099   0.536208   0.133154 -0.0202605  0.0307135 -0.0102565   0.277886  -0.302928 -0.0367138  0.163115 0.0119364   9.80764 
             113.636 0.479421 -1.71097  99.4812  2.79408   8.0125 0.428776 180.013       0       0 -0.13     0 -1.03  -0.485418   0.678505 -0.0537822 -0.0209228  0.0316357 -0.0105807   0.268472  -0.305649 -0.0329179   0.15946 0.0107332    9.8077 
             113.836 0.363653 -1.69587  99.5932  2.79538  7.97944 0.513402 180.013       0       0 -0.13     0 -1.03 -0.287109  0.259246   0.31355 -0.0208638   0.031251 -0.0106262   0.290143  -0.304755 -0.0440828  0.168001 0.0113859   9.80755 
             114.035 0.453697 -1.68527  99.6182 2.79578 8.14454 0.43236 180.013       0       0 -0.13     0 -1.03  -0.201509   0.511182 -0.0762916 -0.0199645  0.0316315 -0.0104706   0.287256  -0.299813 -0.0392834  0.166767 0.0132839   9.80757 
             114.233 0.460661 -1.68499  99.4695   2.7668  8.10059 0.444599 180.013       0       0 -0.13     0 -1.03 -0.0904906   0.197884 0.00652453 -0.0200179   0.027218 -0.0103925   0.298892  -0.305934 -0.0421684  0.171382 0.0110984    9.8075 
             114.433 0.470543 -1.68396   99.732  2.75069  8.24709 0.438331 180.013       0       0 -0.13     0 -1.03  -0.137585   0.513132 0.00334424 -0.0191185  0.0291854 -0.0106341  0.288457 -0.299189 -0.040482  0.167247 0.0135194   9.80756 
             114.632 0.477539 -1.66642  99.7491   2.7074  8.42673 0.462252 180.013       0       0 -0.13     0 -1.03 -0.238136  0.766719 -0.152413 -0.0189296  0.0299113 -0.0106042   0.280175  -0.296783 -0.0429165  0.164068 0.0142913   9.80762 
             115.029 0.465695 -1.66205  99.7638  2.69297  8.60383 0.436734 180.013       0       0 -0.13     0 -1.03 -0.143756   0.64896 -0.118018 -0.0189621  0.0295668 -0.0106339   0.294762  -0.297646 -0.0483248  0.169697 0.0141847   9.80752 
             115.229  2.08554 -2.45994  99.6477  2.72659  8.58347 0.287256 180.013       0       0 -0.13     0 -1.03 -0.0957808   0.443954  -0.349462   -0.01923  0.0296349 -0.0107747   0.299539  -0.298085 -0.0456137  0.171489 0.0141148   9.80749 
             115.428  2.09009 -2.42525    99.66  2.68519  8.67478 0.328482 180.013       0       0 -0.13     0 -1.03 -0.221867  0.476558 0.0179538 -0.0182689  0.0291825 -0.0107156   0.297792  -0.300092 -0.0580083  0.171182 0.0132336    9.8075 
             115.627 2.09599 -2.4139 99.7182  2.54916  8.66374 0.390818 180.013       0       0 -0.13     0 -1.03 -0.449908  0.358229 -0.139651 -0.0175717  0.0293996 -0.0108639   0.302159  -0.312499 -0.0622803   0.173107 0.00868517    9.80747 
             116.025  2.13271 -2.44385  99.8247  2.45567  8.92156 0.339249 180.013       0       0 -0.13     0 -1.03 -0.488347  0.748822 -0.114895 -0.0170568   0.029445 -0.0109226   0.302625  -0.303691 -0.0625801  0.173188 0.0119224   9.80746 
             116.423  2.15343 -2.39353  99.6303  2.41929   9.2361 0.394239 180.013       0       0 -0.13     0 -1.03 -0.441582   0.89302  0.050964 -0.0157927  0.0288556 -0.0103598   0.305629  -0.299618 -0.0650021  0.174318 0.0134399   9.80744 
             116.821  2.13525 -2.40061  99.7428  2.47938  8.94902 0.396706 180.013       0       0 -0.13     0 -1.03 -0.237959 0.0232404 0.0482125  -0.0190473   0.0449456 -0.00994964   0.350737  -0.305017 -0.0669929  0.190767 0.0120685   9.80714 
             117.021  2.14159 -2.41364  99.5639  2.56709  8.88937 0.381191 180.013       0       0 -0.13     0 -1.03 0.00183387  -0.106304 0.00101722  -0.0215709   0.0463624 -0.00973862  0.356848 -0.300125 -0.066137  0.192866 0.0138897   9.80709 
              117.22  2.14095 -2.40062  99.5919  2.57484  8.89243 0.386688 180.013       0       0 -0.13     0 -1.03 -0.0423211 -0.0264288  0.0274133  -0.0215954   0.0457278 -0.00969304   0.355775  -0.298544 -0.0664183  0.192486 0.0144349    9.8071 
             117.419  2.13883 -2.40109   99.618  2.55546  8.91081 0.385887 180.013       0       0 -0.13     0 -1.03 -0.132627  0.050521  0.022397  -0.0213074   0.0448224 -0.00962935  0.352893 -0.297832 -0.065115  0.191433 0.0146724   9.80712 
             117.619  2.14072 -2.40166  99.6082  2.56261   8.9275 0.388615 180.013       0       0 -0.13     0 -1.03 -0.117926 0.0865216 0.0299558  -0.0217021    0.044461 -0.00954512   0.354371  -0.292846 -0.0650419  0.191917 0.0164279   9.80711 
             117.817  2.13873 -2.39951  99.5769  2.55283  8.93052 0.390005 180.013       0       0 -0.13     0 -1.03 -0.143206   0.07166 0.0279912  -0.0217968   0.0445278 -0.00951133   0.357061  -0.291665 -0.0646355  0.192836 0.0168579   9.80709 
             118.016  2.14436 -2.39596   99.555  2.56229  8.92614 0.390644 180.013       0       0 -0.13     0 -1.03 -0.109861 0.0461503 0.0273915   -0.021187   0.0436649 -0.00937571   0.358879  -0.290246 -0.0645111  0.193458 0.0173548   9.80708 
             118.216  2.14638 -2.39453  99.5579  2.56063  8.92118 0.388564 180.013       0       0 -0.13     0 -1.03 -0.124257 0.0335518  0.020362  -0.0205236   0.0426457 -0.00924802   0.36219 -0.288027 -0.063182  0.194548 0.0181321   9.80705 
             118.615  2.14313 -2.39663  99.5506  2.52628  8.93391 0.387805 180.013       0       0 -0.13     0 -1.03 -0.215805 0.0830677 0.0254673  -0.0204151   0.0421008 -0.00911657   0.365928  -0.283491 -0.0614583 0.195762 0.019709  9.80703 
             119.013  2.15572 -2.43689  99.5021  2.49433  8.96364 0.408722 180.013       0       0 -0.13     0 -1.03  -0.25664   0.12485 0.0618766  -0.0208219   0.0408897 -0.00875812   0.368543  -0.278131 -0.0626392  0.196675 0.0215396     9.807 
             119.611 2.15329 -2.4461  99.499  2.46121  8.99276 0.397775 180.013       0       0 -0.13     0 -1.03 -0.303553  0.163123  0.040605  -0.0229058   0.0409634 -0.00844411   0.374894    -0.2717 -0.0584398  0.198668 0.0237909   9.80696 
             119.809  2.36004 -4.36953  99.3794  2.57788  8.75782 0.483961 180.013       0       0 -0.13     0 -1.03 -0.0773717  -0.196869   0.168671  -0.0245887   0.0485636 -0.00789355   0.391408  -0.270859 -0.0706184  0.204672 0.0240024   9.80684 
             120.009   2.3587 -4.36582  99.3837  2.58261  8.81854 0.439196 180.013       0       0 -0.13     0 -1.03 -0.0971638   0.122779 -0.0388808   -0.024582   0.0479344 -0.00784851   0.387177  -0.265314 -0.0547016  0.202526 0.0262177   9.80687 
             120.208  2.35264 -4.36928  99.3582  2.57096  8.82205 0.441635 180.013       0       0 -0.13     0 -1.03   -0.145933    0.140746 -0.00143078  -0.0243314   0.0474844 -0.00776109   0.390553  -0.265298 -0.0558908  0.203713 0.0261778   9.80685 
             120.408  2.33153 -4.37468  99.4988  2.54869  8.90379 0.462809 180.013       0       0 -0.13     0 -1.03 -0.200636  0.336689  0.065635  -0.0241838   0.0464493 -0.00784335  0.384337 -0.260337 -0.058349  0.201765 0.0277348   9.80689 
             120.607  2.32101 -4.38879   99.572   2.6034  8.82466 0.420491 180.013       0       0 -0.13     0 -1.03 -0.0293381  0.0394822 -0.0663856  -0.0245224   0.0473715 -0.00781262   0.413628  -0.256698 -0.0524772   0.21123 0.0292027   9.80668 
             120.805  2.32871 -4.38585  99.5428  2.60475  8.82274 0.438072 180.013       0       0 -0.13     0 -1.03 -0.0766136  0.0811582  0.0276073   -0.024502   0.0473269 -0.00779356   0.415868  -0.256265 -0.0559504  0.212139 0.0292244   9.80666 
             121.005  2.32677 -4.38266  99.5429  2.59821  8.78977 0.439258 180.013       0       0 -0.13     0 -1.03  -0.11968 0.0246805 0.0277259  -0.0241267    0.046216 -0.00773032   0.418302  -0.256749 -0.0559061 0.212945 0.029064  9.80665 
