            0.597279  -0.00499584    -0.111191 -0.000131075   0.00256088   -0.0119796 -0.000281384 180.013       0       0 -0.13     0 -1.03    -0.15348  0.00857208 -0.00191227  7.52138e-05 -0.000487208  -0.00222381 -2.44705e-06  8.40807e-07  1.18476e-07 0.131581 0.209108  9.80589  36301
            0.795936 -0.00499847   -0.111149   0.0297498  0.00808483  -0.0177889 5.88205e-05 180.013       0       0 -0.13     0 -1.03  0.0343737 -0.0251776  0.0150844 7.31211e-05 -0.00037159 -0.00220394  -0.0001016 1.61776e-05 8.23027e-06 0.131677 0.209093  9.80589  36136
             1.19326 -0.00351121   -0.101793    0.349492   0.114956 -0.0312402 0.00227217 180.013       0       0 -0.13     0 -1.03   0.330856 -0.0428189 0.00625061 -8.88518e-05   -0.0030404  -0.00265473  -0.0579799  0.00308278 -0.00555829 0.187215 0.205953  9.80505  36062
             1.39188 -0.00101952  -0.0958769    0.388245   0.170326 -0.0521389 0.00253525 180.013       0       0 -0.13     0 -1.03   0.278155  -0.103566 0.00538532 -0.000940606  -0.00253419  -0.00309295  -0.0451352   0.0220881 -0.00176535 0.17493  0.1878 9.80564  36116
             1.59185 -0.00107408  -0.0982621    0.614414   0.136545 -0.0661326 0.00224595 180.013       0       0 -0.13     0 -1.03   -0.139119  -0.0587168 -0.00705845 -0.000951092 -0.000364071  -0.00311369  0.0666249   0.013144 0.00481724 0.0677165  0.196024   9.80681  36238
             1.79052 -0.0017506 -0.0997771   0.450614   0.129682 -0.0444682 0.00242585 180.013       0       0 -0.13     0 -1.03   -0.0622708     0.105931 -0.000428623 -0.000734415 -0.000637854  -0.00296648   0.0399355  -0.0274913 0.000801998 0.0927935  0.235197   9.80574  36134
             1.99051 -0.00371993  -0.0987824    0.507446   0.163127 -0.0247305 0.00215231 180.013       0       0 -0.13     0 -1.03   0.120797   0.115575 -0.0126377 -0.000831682  -0.00100666  -0.00305867 -0.00629272  -0.0218325 -0.00468791 0.137169 0.230244  9.80534  36130
             2.18913 -0.00565039   -0.093131    0.470587    0.224371 -0.00226587  0.00393006 180.013       0       0 -0.13     0 -1.03   0.271188   0.105354 0.00527538 -0.000798091  -0.00136016  -0.00298322 -0.0442907 -0.0223022 -0.0116018 0.173491 0.231088  9.80474  35986
             2.38778 -0.00327272  -0.0863099    0.481422   0.308825 -0.0175109 0.00583556 180.013       0       0 -0.13     0 -1.03   0.396045 -0.0607349  0.0103384 -0.00133189 -0.00179467 -0.00318957  -0.074731  0.0161028 -0.0101957 0.203192 0.194777  9.80496  36012
             2.58644 0.00128609 -0.0835892   0.588388   0.320828 -0.0479259 0.00606077 180.013       0       0 -0.13     0 -1.03  0.0943366  -0.144688 -0.0111562  -0.00151939 -0.000812081  -0.00306321  -0.0203095   0.0274309 -0.00899105 0.151337 0.183222  9.80612  35985
             2.78509   0.001844 -0.0833911   0.504297   0.337113 -0.0583227 0.00614263 180.013       0       0 -0.13     0 -1.03   0.0901338  -0.0808237 0.000686794  -0.00124082 -0.000804354  -0.00309394 -0.0200071  0.0154063 -0.0115432 0.150821 0.194668  9.80591  35928
              2.9851 0.000790237  -0.0804986     0.64966   0.378471 -0.0404599 0.00823477 180.013       0       0 -0.13     0 -1.03  0.195457 0.0796733 0.0220479 -0.00102585  -0.0008413 -0.00341997  -0.0348669   -0.010645 -0.00993186 0.164756 0.219711  9.80515  36093
             3.38239  0.0019457 -0.0731446   0.639222    0.45581  -0.038574 0.00889133 180.013       0       0 -0.13     0 -1.03    0.179421  -0.0147776 -0.00223505  -0.00158805 -0.000976098  -0.00326305   -0.0339215 -0.000428656  -0.00599708 0.164111 0.210054  9.80538  36120
             3.58234 0.00302749 -0.0684989   0.746058   0.509474 -0.0475491 0.00980507 180.013       0       0 -0.13     0 -1.03   0.264995 -0.0211557 0.00321254 -0.00176779 -0.00128912  -0.0034503 -0.0404625 0.00271519 -0.0181914 0.170128 0.206957  9.80534  36231
             3.78107 -0.000270963   -0.0675771     0.928227  0.529915 -0.023123 0.0107233 180.013       0       0 -0.13     0 -1.03  0.124563  0.112868 0.0156167  -0.00169439 -0.000992018    -0.003846 -0.0244493 -0.0122523 -0.0235558 0.154565 0.220793   9.8053  36053
             3.97968 -0.00289776  -0.0619447     1.06247    0.570671 -0.00860559   0.0108743 180.013       0       0 -0.13     0 -1.03   0.202746  0.0917026 0.00681923  -0.00181867 -0.000991037  -0.00397013  -0.0320562 -0.00387168  -0.0215307 0.162007 0.213045  9.80535  35858
              4.1783 -0.00149999  -0.0581488    0.882958   0.611894 -0.0131184   0.012061 180.013       0       0 -0.13     0 -1.03   0.219739 -0.0170246  0.0165295 -0.00188577 -0.00103069 -0.00369721 -0.0320592 0.00753338 -0.0190325 0.162499 0.202301  9.80557  35742
             4.37839 0.00162612 -0.0523019   0.954971   0.654133 -0.0315816  0.0122471 180.013       0       0 -0.13     0 -1.03     0.194829   -0.0897984 -0.000100182 -0.00192527 -0.00109111 -0.00378396 -0.0316087  0.0145453 -0.0208039 0.162366 0.195616  9.80571  36057
             4.57699 0.00189225 -0.0471855   0.861456   0.70293 -0.046657 0.0118452 180.013       0       0 -0.13     0 -1.03    0.241716  -0.0856189 -0.00483908 -0.00189779 -0.00116008 -0.00360527  -0.035778   0.012697 -0.0316274  0.16604 0.197331  9.80561  35927
             4.77559  0.0032586 -0.0383549   0.861508   0.746447 -0.0532083  0.0138512 180.013       0       0 -0.13     0 -1.03  0.224678 -0.055667 0.0140911 -0.00179721 -0.00124915 -0.00363043 -0.0329291 0.00996543 -0.0368396 0.163151  0.19973  9.80561  35976
             4.97431 0.00573777 -0.0330375   0.798377  0.789605 -0.049602 0.0147515 180.013       0       0 -0.13     0 -1.03  0.194808 0.0234113 0.0130248 -0.00183781 -0.00131462 -0.00356771  -0.033514 0.00325603   -0.03517 0.163553 0.206099  9.80547  35862
             5.17427 0.00620135 -0.0269711   0.849524   0.830375 -0.0602431  0.0147773 180.013       0       0 -0.13     0 -1.03     0.18991  -0.0511724 -0.00531753 -0.00173243 -0.00135128 -0.00363581 -0.0356678 0.00887856 -0.0299308 0.165836 0.200983  9.80554  36092
             5.37297 0.00422443 -0.0224701    1.09591   0.875941 -0.0435597  0.0161575 180.013       0       0 -0.13     0 -1.03  0.210914 0.0803979 0.0247551 -0.00160259 -0.00136922  -0.0037864  -0.0401322 -0.00304478  -0.0339731 0.169607 0.212189  9.80524  36000
             5.57159 0.000554824  -0.0182381     1.39164   0.960009 -0.0222618  0.0177627 180.013       0       0 -0.13     0 -1.03    0.410069    0.122891 -0.00225123 -0.00167799 -0.00127525 -0.00472937   -0.054973 -0.00194291  -0.0266123 0.183658 0.211761  9.80499  35940
             5.77159 0.00722249 -0.0105303    1.83904     1.05209 -0.00332077   0.0166114 180.013       0       0 -0.13     0 -1.03   0.460494  0.0861458 0.00153523  -0.0016985 -0.00152335 -0.00669139   -0.0574738 -0.000116231   -0.0371203 0.185857 0.209931  9.80499  36013
             6.16756  0.00612061 -0.00759185    -2.34791   1.00656 0.0141125 0.0171963 180.013       0       0 -0.13     0 -1.03   -0.230383    0.080068 0.000371999 -0.00196223  0.00191136  -0.0069748 -0.0065472 0.00292741 -0.0388204 0.138273  0.20696  9.80584  35542
             6.36621 -0.00148457 -0.00724478    -1.16421   1.01213 0.0672001  0.017659 180.013       0       0 -0.13     0 -1.03 -0.0191975   0.224717 -0.0176182 -0.00116255 0.000958456 -0.00778806 -0.0162011 -0.0070777 -0.0450912 0.149174 0.214177  9.80553  35837
              6.5662 -0.00270175 -0.00211286   -0.642284   1.06166 0.0671441 0.0196812 180.013       0       0 -0.13     0 -1.03    0.19632 -0.0365713  0.0412672 -0.00145554 0.000294575 -0.00812067 -0.0321041 0.00100397 -0.0457915 0.161325 0.202907  9.80557  36157
             6.76483 -0.00377985 0.000110364   -0.645019   1.10242 0.0787577 0.0203374 180.013       0       0 -0.13     0 -1.03   0.208299  0.0642355 0.00443974 -0.00139353  0.00016413 -0.00813215  -0.0315305 -0.00451043  -0.0458401 0.161596 0.208047  9.80546  35839
             6.96486 -0.0061477 0.00302981  -0.717825   1.11934 0.0903002 0.0201196 180.013       0       0 -0.13     0 -1.03 0.0847576  0.055589 0.0123651 -0.00127113 0.000303036 -0.00813814   -0.024684 -0.00300965  -0.0411055 0.155258 0.207434  9.80558  35996
             7.16353 -0.00284388   0.0104625   -0.153192   1.19646 0.0782413 0.0220687 180.013       0       0 -0.13     0 -1.03   0.319495 -0.0380712  0.0451619  -0.00137039 -4.01182e-05  -0.00918665 -0.0444152 0.00228024  -0.035341  0.17293 0.200926  9.80542  35761
             7.36217 -0.00223051  0.00897624    0.188941   1.23073 0.0781068 0.0230266 180.013       0       0 -0.13     0 -1.03    0.207213 -0.00611223  -0.0257597 -0.00140653  6.6872e-05  -0.0111786   -0.035689 1.23164e-05  -0.0300694 0.165275  0.20402  9.80549  35653
             7.75947 -0.00313353    0.004467    -4.57633   1.17928 0.0581849 0.0219657 180.013       0       0 -0.13     0 -1.03 -0.209658 -0.077977 0.0127286 -0.00216628  0.00213455  -0.0113995 -0.0203954 0.00548285 -0.0195027 0.150814 0.201167  9.80578  35556
             7.95805  -0.0346858 -0.00309884    -7.35271  1.12645 0.116557  0.01985 180.013       0       0 -0.13     0 -1.03  -0.262026   0.255398 0.00678153 -4.37826e-05   0.00250885   -0.0114228  -0.0157516 -0.00669746  -0.0165753 0.152017 0.213005  9.80551  35652
             8.15673 -0.0369745 -0.0157656   -8.74902   1.06596  0.177689 0.0223263 180.013       0       0 -0.13     0 -1.03  -0.28863   0.29346 0.0346315 -3.81985e-05   0.00267838   -0.0119878  -0.0123313 -0.00856244  -0.0184299 0.150868 0.216364  9.80545  35626
             8.35541 -0.0536062 -0.0251524   -10.4047   1.04511  0.249092 0.0229468 180.013       0       0 -0.13     0 -1.03  -0.118624   0.413494 -0.0562655 -0.000152309   0.00286247   -0.0121463 -0.0185196 -0.0138885 -0.0211523 0.158214 0.214725  9.80537  35529
             8.55407 -0.0521886  -0.029723   -11.5998 0.986989 0.254364 0.019662 180.013       0       0 -0.13     0 -1.03 -0.322892  0.120295 0.0405163 0.000563864     0.00254   -0.012428  -0.0218387 -4.9251e-05  -0.0217708 0.148555 0.205845  9.80571  35385
             8.75265 -0.0546742 -0.0184523   -11.1925   1.05762   0.28174 0.0192086 180.013       0       0 -0.13     0 -1.03   0.310007   0.122616 -0.0199421 0.000624873   0.0033465  -0.0131434 -0.0375368  -0.015949 -0.0196107 0.167612 0.197803  9.80557  35354
             8.95143 -0.0624122 -0.0130359   -10.1072   1.12103  0.285641 0.0213775 180.013       0       0 -0.13     0 -1.03    0.321412 -0.00962445 -0.00823917 0.000775117  0.00335727  -0.0134559 -0.0403523 -0.0133506 -0.0231092 0.166192 0.194509  9.80566  35377
             9.15141  -0.0630572 -0.00962925    -9.99647   1.15656  0.270011 0.0223677 180.013       0       0 -0.13     0 -1.03   0.210296 -0.0364045  0.0454081 0.000769466   0.0030512   -0.013529  -0.0374244 -0.00833559  -0.0206175 0.160929 0.194975  9.80574  35645
             9.35002  -0.0635575 -0.00677954    -9.91552   1.17898   0.26935 0.0226517 180.013       0       0 -0.13     0 -1.03  0.132052 0.0258063 0.0179086 0.000757093  0.00298061  -0.0136299  -0.0325968 -0.00669971  -0.0207368 0.157496 0.198058  9.80574  35245
             9.54868  -0.0627355 -0.00370961    -9.73627   1.20001  0.257668 0.0233079 180.013       0       0 -0.13     0 -1.03  0.0660238 -0.0579934  0.0327104 0.000799245  0.00287857  -0.0136583  -0.0347887 -0.00493592  -0.0167534 0.157189 0.195565  9.80579  35273
             9.74733  -0.062218 0.00209761   -9.58867   1.25996  0.231077 0.0250309 180.013       0       0 -0.13     0 -1.03    0.236393   -0.119606 -0.00803081 0.000933599  0.00318285  -0.0139216  -0.0467534 -0.00877202  -0.0119354 0.165833 0.188195  9.80579  35392
             9.94725 -0.0638543 0.00722306   -9.54437  1.31493 0.220511   0.0261 180.013       0       0 -0.13     0 -1.03   0.275614   -0.05427 0.00759167 0.000840162  0.00313922  -0.0136841 -0.0464978 -0.0138717 -0.0113359 0.169592 0.190828  9.80568  35848
              10.146 -0.0664905  0.0116531   -9.59047   1.36001  0.216961 0.0274503 180.013       0       0 -0.13     0 -1.03   0.257052 -0.0288578 0.00632605 0.000864177  0.00302386  -0.0136535 -0.0433645 -0.0136957 -0.0106235 0.167936 0.193076  9.80566  35408
             10.3446 -0.0698635  0.0158415   -9.33759   1.40304  0.231042 0.0275376 180.013       0       0 -0.13     0 -1.03   0.239177  0.0416028 -0.0408964 0.000645657  0.00305134  -0.0138639 -0.0392731 -0.0167728  -0.010747 0.168241 0.197645  9.80557  35508
             10.5432 -0.0701014  0.0215548   -9.44511   1.46274  0.213188 0.0284041 180.013       0       0 -0.13     0 -1.03   0.304467 -0.0578398  0.0279627 0.000714389  0.00298211  -0.0137129 -0.0427239 -0.0141518 -0.0159347 0.167942 0.193776  9.80565  35500
             10.7432 -0.0680975  0.0266864   -9.24781   1.49957   0.19772 0.0299169 180.013       0       0 -0.13     0 -1.03   0.207528 -0.0687503  0.0177565 0.000618504  0.00320251  -0.0139325 -0.0397531 -0.0116953 -0.0140383 0.164705 0.194761  9.80568  35677
             10.9418 -0.0694323  0.0313715   -9.32027   1.53724  0.190036 0.0304618 180.013       0       0 -0.13     0 -1.03   0.208011 -0.0335671 -0.0120837 0.000506841  0.00334946  -0.0138849 -0.0381659 -0.0111677 -0.0188252 0.163498 0.195656  9.80569  35204
             11.1405 -0.0720633  0.0343249   -9.35316   1.58054  0.188696 0.0312142 180.013       0       0 -0.13     0 -1.03    0.234425 -0.00628675   0.0121181 0.000402664  0.00325793  -0.0136959 -0.0383451 -0.0109279 -0.0162353 0.163418 0.195401  9.80569  35243
             11.3405 -0.0727446  0.0396491   -8.89212   1.61439  0.186852 0.0327178 180.013       0       0 -0.13     0 -1.03   0.169349 -0.0247695 -0.0058505 0.000430851  0.00336051  -0.0141408   -0.036825 -0.00970759  -0.0120266 0.161825 0.195899  9.80571  35611
             11.5393 -0.0723391  0.0428062   -8.93116   1.65623  0.175365 0.0334855 180.013       0       0 -0.13     0 -1.03   0.192992 -0.0505679  0.0282358 0.000346582  0.00328253  -0.0141158  -0.0394009 -0.00852836  -0.0082693 0.162285 0.193491  9.80575  35337
             11.7379 -0.0734866  0.0476338   -8.90813   1.70167  0.176902 0.0334964 180.013       0       0 -0.13     0 -1.03    0.228325 2.44488e-05   0.0181928 0.000394783  0.00341212  -0.0139256   -0.039216  -0.0108525 -0.00861702 0.163804  0.19485   9.8057  35204
             11.9378 -0.0727862  0.0492066   -8.75436   1.72692  0.178278 0.0345326 180.013       0       0 -0.13     0 -1.03  0.153988 0.0155172 0.0128941 0.000257201  0.00341637  -0.0140786  -0.0364934 -0.00846446 -0.00867136 0.160715 0.195415  9.80574  35316
             12.1365 -0.0748699  0.0523066   -8.82056   1.76272  0.175653 0.0356838 180.013       0       0 -0.13     0 -1.03   0.161105  0.0168011 -0.0167817 9.41258e-05   0.0033015  -0.0139786  -0.0382051 -0.00755677 -0.00846882 0.161008 0.193773  9.80576  35005
             12.3351 -0.0763578  0.0575459   -8.82013   1.78483  0.167791 0.0368553 180.013       0       0 -0.13     0 -1.03  0.0998313 -0.0268422  0.0326923 -3.77376e-05   0.00329289   -0.0139501  -0.0384404 -0.00514116 -0.00834572 0.159518  0.19231  9.80582  35075
             12.5351 -0.0783621  0.0620399   -8.28916   1.84956  0.172384 0.0376559 180.013       0       0 -0.13     0 -1.03  0.304753 0.0272447 0.0112494 0.000134098   0.0029595  -0.0144979  -0.0439214  -0.0106956 -0.00763592 0.166179  0.19161  9.80572  35521
             12.7338 -0.0767879   0.069269   -7.49612   1.89196  0.162758 0.0378565 180.013       0       0 -0.13     0 -1.03    0.238625 -0.00589439  0.00616354 -6.50298e-05   0.00301267   -0.0160557   -0.043287 -0.00617341 -0.00630685 0.162814 0.189672  9.80581  35224
             12.9325 -0.0768583  0.0691673   -8.55332   1.84419  0.171294 0.0370323 180.013       0       0 -0.13     0 -1.03  -0.15079 0.0641231 0.0415653 -0.000358665   0.00355953   -0.0166904  -0.0283203  0.00258922 -0.00585546 0.149003 0.194692  9.80594  35187
             13.1311 -0.0813594  0.0702638    -9.0086     1.761  0.204896 0.0385164 180.013       0       0 -0.13     0 -1.03 -0.416824  0.177121 0.0172833 -0.000468253    0.0038995   -0.0171261  -0.0201019  0.00421819 -0.00249862 0.14352 0.19921 9.80593  35274
             13.5284 -0.079417 0.0439377  -12.0802   1.56797  0.209888 0.0380533 180.013       0       0 -0.13     0 -1.03  -0.528454 -0.0240084 -0.0103178 -0.00142094  0.00411537  -0.0172778 -0.0196175 0.00966031 -0.0031854 0.139359 0.197127  9.80603  35155
             13.7284 -0.0757756  0.0428261   -12.7341  1.53374 0.216427 0.032453 180.013       0       0 -0.13     0 -1.03  -0.190902  0.0906872 -0.0521956 -0.000971302   0.00213575   -0.0177309   -0.026903  0.00283953 -0.00463949 0.146705 0.192642  9.80601  35581
              13.927 -0.0860241  0.0297608   -14.5991    1.4672  0.286371 0.0290472 180.013       0       0 -0.13     0 -1.03  -0.292058   0.320141 0.00136627 -0.000591725   0.00245667   -0.0177732  -0.0190848  0.00034882 -0.00376935   0.1476 0.199665  9.80586  35271
             14.1256 -0.0948957   0.021798   -15.8427   1.42317   0.39493 0.0255392 180.013       0       0 -0.13     0 -1.03 -0.193464  0.562623 0.0273427 -0.000842925   0.00253632   -0.0178753  -0.0155201 -0.00520622 0.000302137 0.152255 0.203187  9.80571  35241
             14.5243   -0.1205 0.0131078  -19.1394   1.41036  0.627904 0.0213095 180.013       0       0 -0.13     0 -1.03 -0.0326857   0.581061 -0.0532548 -0.000752501   0.00212306   -0.0181981  -0.0178725  -0.0100302 -0.00231477  0.15624 0.200598   9.8057  35528
              14.723 -0.125522  0.019788  -19.5721   1.43371  0.637713 0.0198449 180.013       0       0 -0.13     0 -1.03 0.0480181 0.0916122 0.0471821 -0.00266722  0.00070772  -0.0185245  -0.0383431 -0.00479574 -0.00169088 0.146063 0.184629  9.80617  35206
             14.9229 -0.117578 0.0215163  -20.8572   1.47625  0.588662 0.0183355 180.013       0       0 -0.13     0 -1.03   0.196797   -0.24793 -0.0134037 -0.00254443 0.000490418  -0.0187606   -0.0496602  -0.00362228 -0.000701667   0.1414 0.175508  9.80641  35498
             15.1216  -0.12554 0.0389828  -21.5221   1.61096  0.538839 0.0187492 180.013       0       0 -0.13     0 -1.03   0.661096  -0.193325 -0.0313704 -0.0026101 0.00110741 -0.0190708  -0.0582623  -0.0192103 -0.00413421 0.151241 0.162775  9.80648  35263
             15.3202 -0.129578  0.060135  -20.6629   1.73028  0.507567 0.0200196 180.013       0       0 -0.13     0 -1.03  0.637139 -0.141418 0.0385733 -0.00263734 0.000971662  -0.0197873  -0.0562727  -0.0165471 -0.00528538  0.14988 0.165453  9.80646  35181
             15.5189 -0.133102 0.0651654  -20.1422   1.74937  0.516544 0.0196887 180.013       0       0 -0.13     0 -1.03   0.131263  0.0462278 -0.0483632 -0.00284318 0.000219541  -0.0198826   -0.04132 0.00148281  -0.006227 0.141239 0.184754  9.80624  35064
             15.7189 -0.133813 0.0665276  -19.9488   1.76183  0.521155 0.0205572 180.013       0       0 -0.13     0 -1.03 0.0741638 0.0313687 0.0132187 -0.00287056 0.000128201  -0.0198979   -0.041102  0.00428046 -0.00838772 0.139016 0.185891  9.80625  35288
             15.9175 -0.134284 0.0708054  -19.7829   1.80044  0.490946 0.0204311 180.013       0       0 -0.13     0 -1.03   0.175404  -0.094403 -0.0143587  -0.00278989 -2.31335e-05   -0.0199727  -0.0501798      0.0039 -0.00848995 0.136494 0.178222  9.80643  34942
             16.1163 -0.135825 0.0769323  -19.8524   1.83695  0.476753 0.0207184 180.013       0       0 -0.13     0 -1.03   0.196488 -0.0437489  0.0185688 -0.00288218 4.99215e-05  -0.0198379 -0.0494078 0.00438739 -0.0130263 0.136339  0.17897  9.80642  34959
             16.3148 -0.136948 0.0813556  -19.6998   1.87511  0.465971 0.0213847 180.013       0       0 -0.13     0 -1.03    0.194145  -0.0686557 -0.00771902 -0.00274405 2.82871e-06  -0.0199263  -0.048136 0.00391965 -0.0171632 0.137161  0.17985  9.80639  35015
             16.5148  -0.13855 0.0863199  -19.6794  1.91218 0.456896 0.021872 180.013       0       0 -0.13     0 -1.03    0.166619 -0.00746479   0.0214924   -0.0027368 -1.68003e-05    -0.019756 -0.0493495 0.00335907 -0.0154049 0.137275 0.178689  9.80641  35359
             16.7135 -0.141698 0.0937254  -19.6952   1.97011  0.439575 0.0225799 180.013       0       0 -0.13     0 -1.03   0.262787 -0.0668322 -0.0154465  -0.00264336 -0.000146537   -0.0196276  -0.0533659 0.000148163  -0.0145327 0.138824 0.174465  9.80647  34949
             16.9122 -0.145297  0.101088  -19.6479   2.02877  0.440809 0.0230783 180.013       0       0 -0.13     0 -1.03    0.287488   -0.009661 -0.00372109  -0.00247277 -8.76304e-05   -0.0195329  -0.0520054 -0.00218707  -0.0147859 0.141149 0.174942  9.80642  34924
             17.1108 -0.146603   0.10644   -19.674  2.07661 0.428865 0.023247 180.013       0       0 -0.13     0 -1.03   0.256858 -0.0564439 -0.0102934  -0.00254502 -4.85629e-05   -0.0194517 -0.0518647 0.00124392 -0.0198185 0.138402 0.175978  9.80644  34788
             17.3095 -0.147162  0.112076  -19.5175   2.11604   0.40989 0.0238264 180.013       0       0 -0.13     0 -1.03    0.229287  -0.0961223 0.000557868 -0.00245661  9.7377e-05  -0.0194568 -0.0512425  0.0038895 -0.0204456 0.136403 0.177196  9.80645  34953
             17.7067 -0.151562   0.12112  -18.9527  2.26742 0.378587 0.024814 180.013       0       0 -0.13     0 -1.03   0.404466 -0.0679238 0.00761522 -0.00212798 -0.00144911  -0.0201028  -0.0569369 -0.00248008  -0.0141621 0.140051 0.170754  9.80651  35235
             17.9068 -0.152939  0.133158  -18.1943   2.33433  0.360688 0.0247612 180.013       0       0 -0.13     0 -1.03   0.342026 -0.0905026 -0.0119854 -0.00233245 -0.00117626  -0.0209765   -0.0560918 -0.000198828   -0.0113267 0.138397 0.172027  9.80651  35666
             18.1054 -0.153198  0.136024  -18.4789   2.29613  0.368313 0.0238717 180.013       0       0 -0.13     0 -1.03 -0.129132 0.0387619 0.0175059 -0.00280437 7.60317e-05  -0.0216127 -0.0443934  0.0163398  -0.011414 0.127516 0.185526  9.80642  35348
             18.3041 -0.146761  0.135987  -18.3542   2.26495  0.348531 0.0248165 180.013       0       0 -0.13     0 -1.03 -0.192673  -0.12081 0.0312485 -0.00278115 0.000149621  -0.0221736  -0.0480664   0.0182652 -0.00815539 0.125072 0.182974   9.8065  35458
             18.5027 -0.143654  0.136561  -17.0832   2.25023  0.330615 0.0227722 180.013       0       0 -0.13     0 -1.03 -0.0616805  -0.112162 0.00652873 -0.00285073  0.00026155  -0.0227432  -0.0484836   0.0143973 -0.00464109 0.128127 0.181942  9.80648  35253
             18.7013 -0.144643  0.143956  -16.9235  2.31009 0.325267 0.025052 180.013       0       0 -0.13     0 -1.03     0.2574 -0.0289797 -0.0100466 -0.00290193 0.000272799  -0.0227596  -0.0525501  0.00535693 -0.00485241 0.134953   0.1773  9.80647  35262
             18.9013 -0.14749 0.153544 -16.7317   2.36697  0.313983 0.0247257 180.013       0       0 -0.13     0 -1.03   0.264018 -0.0423583  0.0243023 -0.00280349 0.000332236  -0.0224852  -0.0542271  0.00451317 -0.00265525 0.135559 0.175874  9.80649  35594
                19.1 -0.147512  0.159917  -16.7138   2.43505  0.288401 0.0245093 180.013       0       0 -0.13     0 -1.03  0.348699 -0.115843 0.0119055 -0.00284005 0.000214029  -0.0224493   -0.057365  0.00496552 -0.00144489 0.135106 0.173359  9.80654  35330
             19.4974 -0.151452  0.175621  -16.3312   2.54217  0.256254 0.0243031 180.013       0       0 -0.13     0 -1.03   0.279498 -0.0981797 0.00935947 -0.00264773  0.00124254  -0.0224791 -0.0510808 0.00663616 -0.0026232 0.133961 0.178475  9.80646  35336
             19.6973 -0.154589  0.182079  -16.6088   2.60201   0.25025 0.0240715 180.013       0       0 -0.13     0 -1.03    0.297571  -0.0248457 -0.00566662 -0.00232115  0.00122566  -0.0221911   -0.050444  0.00543517 -0.00110757 0.134892 0.178974  9.80644  35610
             19.8959 -0.156515  0.189251  -16.5419   2.66809   0.23769 0.0241237 180.013       0       0 -0.13     0 -1.03   0.309105 -0.0659945 -0.0302234 -0.00233462  0.00107095   -0.022215  -0.0521062  0.00542802 -0.00468712 0.134959 0.177623  9.80646  35228
             20.2946 -0.158539  0.201231  -16.1452   2.78451  0.211661 0.0245569 180.013       0       0 -0.13     0 -1.03   0.317106 -0.0925519 -0.0275274 -0.00236449  0.00123388  -0.0226133  -0.0527349  0.00747106 -0.00424678  0.13335 0.177131  9.80649  35526
             20.4933 -0.160363  0.206401  -15.9147   2.85007  0.187326 0.0258952 180.013       0       0 -0.13     0 -1.03   0.304767 -0.0919861  0.0395166 -0.00257417  0.00113417  -0.0226657  -0.0545329  0.00818537 -0.00634167 0.132836 0.175671  9.80653  35155
             20.6919 -0.159942   0.21291   -15.877  2.90493 0.199555 0.024805 180.013       0       0 -0.13     0 -1.03  0.299964 0.0203428  0.045821 -0.00253564  0.00115775  -0.0225928  -0.0510973  0.00636038 -0.00355714 0.133997 0.178431  9.80646  35083
             20.8919 -0.165253   0.22205  -15.8553    2.9658  0.206151 0.0243722 180.013       0       0 -0.13     0 -1.03    0.299986    0.013345 -0.00318807 -0.00252605  0.00113513  -0.0225463 -0.0510013 0.00490447 0.00155041 0.135029 0.178687  9.80644  35484
             21.0905 -0.167646  0.227857  -15.8891 3.02717 0.19324 0.02404 180.013       0       0 -0.13     0 -1.03   0.324815 -0.0369282  0.0316917 -0.00276259  0.00120805   -0.022266 -0.0534281 0.00812038 0.00597909 0.132647  0.17665  9.80651  35097
             21.2892 -0.172078  0.233198  -16.0612   3.11678  0.195695 0.0242385 180.013       0       0 -0.13     0 -1.03    0.432622 -0.00268923  0.00434157 -0.00231226 0.000997788  -0.0222675 -0.0547121 0.00452215 0.00897794 0.135406  0.17605  9.80649  35085
             21.4892 -0.174255  0.243436  -15.6716   3.17829  0.200727 0.0245411 180.013       0       0 -0.13     0 -1.03    0.30338 -0.0618736  0.0307288 -0.00228443  0.00140503  -0.0224565 -0.0507523  0.0057549  0.0104428  0.13419 0.179009  9.80645  35261
             21.6878 -0.175948  0.247517  -15.5687   3.21517  0.189782 0.0248077 180.013       0       0 -0.13     0 -1.03   0.258286 -0.0388514 -0.0344921 -0.00260095  0.00175627  -0.0223577 -0.0479348 0.00911815  0.0087765 0.131551 0.180886  9.80645  35062
             22.2851 -0.174484  0.261824  -15.5894   3.39309  0.130916 0.0238196 180.013       0       0 -0.13     0 -1.03   0.347303  -0.167938 0.00588043 -0.00290607 0.000557113  -0.0218544 -0.0499056 0.00885511 0.00707846 0.131948 0.179425  9.80647  35177
             22.4838 -0.174867  0.272697  -15.2951    3.4392 0.0953527 0.0231917 180.013       0       0 -0.13     0 -1.03    0.225639   -0.168503 0.000772389 -0.00325587 0.000961197  -0.0220319 -0.0491036  0.0104213    0.01055 0.130672 0.179782  9.80648  35018
             22.6825 -0.177139  0.278665  -15.1925   3.46641 0.0953934  0.021643 180.013       0       0 -0.13     0 -1.03    0.137666 -0.00842655   0.0083399 -0.00316598 0.000994524  -0.0218715 -0.0466242 0.00932511  0.0107928 0.131119 0.181694  9.80644  34961
             22.8825 -0.178326  0.283835  -15.2775   3.51447 0.0988289  0.023711 180.013       0       0 -0.13     0 -1.03   0.228209 -0.0143608  0.0287148 -0.0030648 0.00103513 -0.0216267 -0.0481378 0.00647981  0.0147676 0.133276 0.181083  9.80642  35269
              23.081 -0.161517  0.249229  -13.5856   3.50285 0.0857214 0.0318265 180.013       0       0 -0.13     0 -1.03  0.0300718 -0.0444636  0.0450685 -0.00314107  0.00111707  -0.0215329 -0.0435244  0.0132303  0.0148275   0.1278 0.183154  9.80646  35028
             23.2797 -0.156205  0.225868   -11.991    3.4582 0.0927151 0.0385437 180.013       0       0 -0.13     0 -1.03  -0.207858 -0.0238762  0.0317947 -0.00296196  0.00125886  -0.0213037 -0.0379333  0.0136396  0.0161151 0.126094 0.186675  9.80641  34842
             23.6784 -0.13515 0.212841 -7.51837   3.10269  0.161789 0.0366523 180.013       0       0 -0.13     0 -1.03    -1.07392    0.210725 -0.00632658 -0.00245558  0.00511731  -0.0211685 -0.0215759  0.0155224   0.017395 0.117468 0.192632   9.8064  35115
             23.8771 -0.115571  0.163057  -5.14582   2.82548  0.227135 0.0400408 180.013       0       0 -0.13     0 -1.03    -1.35809    0.280692 -0.00458372 -0.00178178  0.00729321  -0.0213389 -0.0162935  0.0127277  0.0113247 0.114211 0.193545  9.80643  34877
             24.0757 -0.102568  0.144598  -3.31955   2.63685  0.281205 0.0413473 180.013       0       0 -0.13     0 -1.03   -0.99489   0.330543 -0.0151643 -0.00178389  0.00636555  -0.0211483 -0.0241349  0.0153303  0.0111071 0.119281  0.19492  9.80634  34879
             24.2744 -0.100771  0.128115   -1.7701    2.4459  0.374139 0.0403418 180.013       0       0 -0.13     0 -1.03  -1.01492  0.414756 0.0420445 -0.00191299  0.00631832  -0.0209802 -0.0264428  0.0126443  0.0118267 0.118841 0.197287   9.8063  34885
             24.4743 -0.100139   0.11792  -1.67641   2.32153  0.341187 0.0380056 180.013       0       0 -0.13     0 -1.03  -0.667902 -0.0649972  -0.104222 -0.00096918  0.00705902  -0.0208397 -0.0280925  0.0259466  0.0122624 0.127933 0.194363  9.80624  35239
              24.673 -0.102426  0.122355  -1.93464   2.34299  0.343636 0.0374336 180.013       0       0 -0.13     0 -1.03  0.0515686 0.00511047  0.0436446 -0.00134949  0.00826604   -0.020625 -0.0401623  0.0307473 0.00988493 0.133855 0.201651  9.80601  34908
             24.8717 -0.102459  0.127825  -1.87757   2.40095  0.339239 0.0373941 180.013       0       0 -0.13     0 -1.03    0.233221 -0.00806347  -0.0215697 -0.00153131  0.00811211  -0.0206347 -0.0442703  0.0341143  0.0107538 0.137086 0.203693  9.80593  34932
             25.0703 -0.101475  0.133249  -1.91495   2.45923  0.332334 0.0378402 180.013       0       0 -0.13     0 -1.03   0.290812 -0.0242426  0.0200243 -0.00155448  0.00797585  -0.0203255 -0.0453939  0.0347835  0.0141311 0.137797 0.204287   9.8059  34798
              25.469 -0.10363 0.155499  1.00267   2.54302   0.39933 0.0415786 180.013       0       0 -0.13     0 -1.03    0.24396   0.182761 -0.0172941 0.00109648 0.00874533 -0.0200805 -0.0464804  0.0243643  0.0110186 0.130831 0.206993  9.80594  35097
             25.6677 -0.107393   0.15334   2.65357    2.5915  0.502813 0.0397613 180.013       0       0 -0.13     0 -1.03   0.301616   0.445486 -0.0494407 0.00345452  0.0089009 -0.0198336 -0.0519756  0.0155319 0.00594402 0.124365 0.211262  9.80594  34695
             25.8663 -0.102044  0.149173   4.09368   2.61714  0.570208 0.0446388 180.013       0       0 -0.13     0 -1.03   0.17962  0.340102 0.0519205  0.0032567 0.00917536 -0.0194039 -0.0457091  0.0141273 0.00269964 0.123696 0.206375  9.80605  34881
             26.0662 -0.116639  0.154691    4.6165   2.60064  0.602722 0.0432409 180.013       0       0 -0.13     0 -1.03 -0.0472123   0.137346 -0.0476801 0.00332829 0.00952178  -0.019108 -0.0348545  0.0114822   0.004173 0.123341 0.197392  9.80624  35247
             26.2649 -0.118289  0.161543   4.27529   2.61091  0.603958 0.0412966 180.013       0       0 -0.13     0 -1.03  0.0398667 -0.0264592 0.00958338 0.00305855 0.00951932 -0.0186828 -0.0351624   0.015974  0.0056394 0.126813 0.198587  9.80617  35004
             26.4635 -0.114904  0.167068   4.39751   2.64893  0.598782 0.0415235 180.013       0       0 -0.13     0 -1.03   0.173762 -0.0429327  0.0332862 0.00296178 0.00906489 -0.0186475 -0.0387238  0.0200912  0.0101622 0.129257  0.20222  9.80606  34896
             26.6622 -0.115008  0.171374   4.42669    2.6994  0.608673 0.0405237 180.013       0       0 -0.13     0 -1.03   0.242422  0.0332819 -0.0236066 0.00294736 0.00895768 -0.0186327 -0.0437233  0.0195909  0.0131161 0.127932 0.206061    9.806  34911
             26.8622 -0.115335  0.175531    4.5362   2.73525  0.606573 0.0413268 180.013       0       0 -0.13     0 -1.03   0.197913 -0.0254467 0.00790102 0.00295884  0.0089164 -0.0185747 -0.0411594  0.0180986  0.0115663  0.12723 0.203805  9.80606  35358
             27.0608 -0.118057  0.182794    4.5283   2.78946  0.629459 0.0409819 180.013       0       0 -0.13     0 -1.03    0.261536   0.0795047 -0.00188489 0.00303416 0.00882328  -0.018499 -0.0472825  0.0162222  0.0144845 0.124616 0.208242    9.806  34900
             27.2595 -0.118546    0.1864   4.52977  2.83125 0.645581  0.04122 180.013       0       0 -0.13     0 -1.03  0.230052 0.0751172 0.0288745 0.00299701 0.00881325 -0.0183735 -0.0450669  0.0154045  0.0160038 0.124378 0.206363  9.80604  34785
             27.4582 -0.121679  0.193273   4.41424   2.90152  0.668804 0.0412255 180.013       0       0 -0.13     0 -1.03   0.336816   0.108826 0.00688684 0.00290799 0.00854926 -0.0180947 -0.0483432  0.0174944  0.0158975 0.125379 0.209321  9.80596  34275
             27.6568 -0.119717  0.185067   4.74475   2.95262  0.661362 0.0439629 180.013       0       0 -0.13     0 -1.03   0.296835 0.00235021  0.0395742 0.00281135 0.00856896 -0.0174022 -0.0408335   0.018683  0.0146305 0.127693  0.20374  9.80605  34098
             27.8568 -0.0989437   0.187354    6.47067   2.91815   0.60796 0.0463385 180.013       0       0 -0.13     0 -1.03   -0.097258   -0.254437 -0.00986473  0.0030352 0.00830716 -0.0172964 -0.0206575  0.0119702  0.0134907 0.126546 0.186796   9.8064  34307
             28.0568 -0.0852884   0.190614    8.72037    2.8402  0.619583 0.0488993 180.013       0       0 -0.13     0 -1.03  -0.316462 -0.0240471  0.0156543 0.00311622 0.00814607 -0.0172681  -0.0222937 -0.00360719   0.0117396 0.114108  0.18416  9.80661  34087
             28.2555 -0.0778012   0.167458    10.5293   2.70906  0.624467 0.0500981 180.013       0       0 -0.13     0 -1.03 -0.627655 0.0412479 0.0109942 0.00321301 0.00817713 -0.0172609 -0.0165197 -0.0126133  0.0148872 0.109253 0.176647   9.8068  33707
             28.4541 -0.0900771   0.170673    12.3223   2.57235  0.750103 0.0495832 180.013       0       0 -0.13     0 -1.03  -0.621327   0.512203 -0.0493866   0.003136 0.00780225 -0.0170604 -0.0330965 -0.0259984  0.0137658 0.092214  0.18313  9.80686  33684
             28.6527 -0.0937706   0.161925    13.5031   2.39856  0.808279 0.0451481 180.013       0       0 -0.13     0 -1.03  -0.804748   0.354123 -0.0777114  0.0032604 0.00747906  -0.016765 -0.0198323 -0.0316023  0.0099034 0.0947358   0.17101   9.80705  33674
             29.0514 -0.091638  0.126383   17.2692   2.01339  0.875025 0.0425346 180.013       0       0 -0.13     0 -1.03    -0.94354    0.116817 -0.00740196 0.00300503  0.0084783  -0.016595 -0.0091552 -0.0362981 0.00815791 0.0975478  0.161129   9.80719  33584
             29.4501 -0.0955089   0.103012    21.5449   1.64607   0.97607 0.0322061 180.013       0       0 -0.13     0 -1.03  -0.930143   0.285355 -0.0465179 0.00345967 0.00777839  -0.016616 -0.0122948 -0.0360461 0.00522904  0.09561 0.163267  9.80718  34127
             29.6487 -0.111928  0.109334    24.267   1.49067   1.02603 0.0335307 180.013       0       0 -0.13     0 -1.03 -0.779928  0.252945 0.0685616 0.00302989 0.00709628  -0.016632  -0.013387  -0.028087 0.00300857 0.0994682  0.169455   9.80703  33825
             29.8475 -0.0962818  0.0957162    25.6293   1.35884  0.939109 0.0319451 180.013       0       0 -0.13     0 -1.03 -0.656715 -0.391516 -0.040346 0.00496983  0.0067936 -0.0163905  0.0128733 -0.0182094   0.003478 0.123648 0.161517  9.80689  33849
             30.0461 -0.0939043  0.0902236    28.1751   1.28849  0.854167 0.0243475 180.013       0       0 -0.13     0 -1.03  -0.377349  -0.458598 -0.0112725 0.00515872 0.00768959 -0.0163144   0.0109065 -0.00471686  0.00460653 0.129527 0.172457  9.80663  33740
             30.2446 -0.0921265   0.101061    30.5644   1.28781  0.759169 0.0258388 180.013       0       0 -0.13     0 -1.03 -0.0560999  -0.467825   0.032161  0.0052942  0.0085756 -0.0162012  0.0100588  0.0187997 0.00452649 0.141153 0.190588  9.80613  33953
             30.4434 -0.0705071  0.0808771    32.9608   1.30861  0.619658 0.0264425 180.013       0       0 -0.13     0 -1.03   0.0589331   -0.647532 -0.00121621  0.0056951 0.00873973 -0.0159733  0.0240434  0.0294964 0.00478479 0.157285  0.19187  9.80586  33981
              30.842 -0.0413588  0.0655469    36.3511   1.31147   0.39443 0.0264871 180.013       0       0 -0.13     0 -1.03  0.0170339  -0.559023 -0.0254154 0.00634375 0.00832583 -0.0158636  0.0158152   0.027161 0.00296228 0.149554  0.19376  9.80595  34058
             31.0406 -0.0383854  0.0609263    37.7246   1.29621  0.317845 0.0251961 180.013       0       0 -0.13     0 -1.03 -0.0635871  -0.374808  0.0131335 0.00798457 0.00812058 -0.0157949 0.00540045  0.0209724 0.00142423 0.138257 0.193094  9.80612  33921
             31.2394 -0.0318956  0.0613433    39.0877   1.30792  0.269407 0.0267509 180.013       0       0 -0.13     0 -1.03 0.0628213 -0.261196 0.0285824 0.00793545 0.00753649 -0.0155461 -0.000964163    0.0277488   0.00278452 0.135897 0.201407  9.80599  33931
              31.438 -0.0255807  0.0516277    41.0663    1.3513  0.257284 0.0277382 180.013       0       0 -0.13     0 -1.03  0.205887 -0.172627 0.0423734 0.00787684 0.00700958 -0.0154873 -0.0168296  0.0375881  0.0051993  0.12694 0.216245  9.80579  33872
             31.8366 -0.00967658   0.0710981     44.8855   1.45701  0.289694 0.0246257 180.013       0       0 -0.13     0 -1.03   0.314302   0.115417 -0.0342857 0.00881491 0.00563925 -0.0154335 -0.0359954  0.0417548 0.00116229 0.112524 0.227433  9.80572  33834
             32.0353 -0.00783919   0.0824573     46.6731   1.56411  0.305641 0.0270996 180.013       0       0 -0.13     0 -1.03   0.52345 0.0621853 0.0986951 0.00768088 0.00433918 -0.0152812 -0.0350435  0.0561471 0.00544682 0.118702 0.239391  9.80536  33806
             32.2339 0.00774134  0.0873792     47.488    1.6931  0.321283 0.0282426 180.013       0       0 -0.13     0 -1.03   0.689336  0.0740813 -0.0680441 0.00754614 0.00409809 -0.0150481 -0.0357589  0.0624429 0.00587516 0.12043 0.24502  9.8052  33643
             32.4339 0.0168025 0.0934883   46.9151   1.80225  0.305527 0.0288156 180.013       0       0 -0.13     0 -1.03  0.585432 -0.061196 0.0181829 0.00768337 0.00406554 -0.0147084 -0.0291465  0.0504146 0.00178017 0.121634 0.232324  9.80549  33958
             32.6325 0.0178717 0.0919934   46.9562   1.80675  0.290762 0.0299067 180.013       0       0 -0.13     0 -1.03  0.0977624 -0.0623078  0.0172944 0.00780836 0.00372353 -0.0147092  -0.035946 0.00977626 0.00511375  0.10085 0.200363  9.80643  33774
             32.8312 0.0190566 0.0939616   47.0245   1.80693  0.303811 0.0292607 180.013       0       0 -0.13     0 -1.03  0.0116596  0.0175109 0.00302057  0.0075815  0.0035839 -0.0146128 -0.0436966 0.00613446 0.00579893 0.0929425  0.200193   9.80652  33788
               33.03 0.0181879 0.0984542   46.7511   1.83825   0.34768 0.0307012 180.013       0       0 -0.13     0 -1.03  0.126589  0.184116 0.0199825 0.00734237 0.00388855 -0.0142772 -0.0538265   0.017135 0.00543231 0.0885773  0.213249   9.80628  33846
             33.2285 0.0179601    0.1049   46.8651   1.89193  0.407163 0.0303056 180.013       0       0 -0.13     0 -1.03   0.261923   0.296016 -0.0383201 0.00706985 0.00376558 -0.0143959 -0.0598297  0.0290199  0.0060136 0.0879957  0.225512   9.80601  33791
             33.4271 0.014143 0.110643  47.4946    1.9277  0.465451 0.0299201 180.013       0       0 -0.13     0 -1.03  0.227378  0.295793 0.0258162 0.00725364 0.00367434 -0.0138363 -0.0618487   0.021557 0.00876732 0.0834529  0.220013   9.80618  33853
             33.6258 0.0317567  0.111609   50.0003   1.93337  0.422577 0.0324691 180.013       0       0 -0.13     0 -1.03 0.0485162 -0.178604  0.053745  0.0074655 0.00420998 -0.0138752 -0.0252665 0.00280218  0.0122339 0.107142  0.19058  9.80656  33939
             33.8259 0.0340079  0.105241   51.2648   1.91848  0.346046 0.0301143 180.013       0       0 -0.13     0 -1.03 -0.0424047  -0.414918 0.00250667 0.00763974 0.00364604 -0.0136077  -0.0174144 -0.00474512   0.0139371 0.110948 0.181366   9.8067  33883
             34.0244 0.0478404 0.0943398   52.9323   1.90152  0.249874 0.0310071 180.013       0       0 -0.13     0 -1.03 -0.0577379  -0.481107 -0.0233332 0.00763251 0.00340753 -0.0134664   -0.014726 -0.00845477   0.0124055 0.111906 0.177282  9.80676  33644
             34.2231 0.0426183 0.0858836   54.8582   1.85457  0.194285 0.0294956 180.013       0       0 -0.13     0 -1.03  -0.209343  -0.284752 -0.0150751 0.00721768 0.00332989 -0.0133394 -0.0302576 -0.0189932  0.0147408  0.09509 0.173652    9.807  33578
             34.4218 0.0433601 0.0851781   54.3787    1.8224  0.182748 0.0314243 180.013       0       0 -0.13     0 -1.03 -0.163876 -0.116392 0.0424378 0.00710095 0.00303867 -0.0130241  -0.045206 -0.0124269  0.0157282 0.0844644  0.184256   9.80691  33631
             34.8191 0.0411832 0.0898786    54.419   1.84507  0.243861 0.0310645 180.013       0       0 -0.13     0 -1.03  0.0949835    0.19732 -0.0338923   0.0063527 -0.00036939  -0.0130643 -0.0619415  0.0134664   0.015732 0.0783434  0.212086   9.80639  33747
             35.0178 0.0429897 0.0946879   54.4759   1.89593  0.285313 0.0318331 180.013       0       0 -0.13     0 -1.03  0.227109  0.170025 0.0510989  0.00496914 -0.00143165  -0.0128523 -0.0602555  0.0251321  0.0190737 0.0835847  0.221611   9.80614  33814
             35.2164 0.045432 0.101717  54.2713   1.94849  0.344703 0.0311848 180.013       0       0 -0.13     0 -1.03   0.251248   0.315201 -0.0720513  0.00478596 -0.00187513  -0.0127287 -0.0663281  0.0298683  0.0146222 0.079999 0.227701  9.80603  33999
             35.4151 0.0460549  0.107793   54.5382   1.99631  0.393595 0.0306221 180.013       0       0 -0.13     0 -1.03  0.261489  0.270154 0.0363764  0.00493955 -0.00157037  -0.0129639 -0.0600493   0.028188  0.0123499 0.0847955  0.224137   9.80607  34053
             35.6137 0.0458216  0.111656   54.5544   2.02287  0.436002 0.0318132 180.013       0       0 -0.13     0 -1.03   0.161831   0.230876 -0.0165768 0.00502347 -0.0015278 -0.0129134 -0.0589177  0.0176373  0.0166094 0.0821415   0.21482    9.8063  34031
             35.8137 0.0442735  0.114739   54.7258    2.0349  0.467772 0.0317135 180.013       0       0 -0.13     0 -1.03 0.0823283   0.15856 0.0780793  0.00497149 -0.00174375  -0.0130131 -0.0583926   0.010887  0.0178561 0.0802858  0.208961   9.80645  34334
             36.0123 0.0476092   0.11492   54.9229   2.07138  0.485972 0.0319773 180.013       0       0 -0.13     0 -1.03   0.181327   0.148021 -0.0397703  0.00471948 -0.00158392  -0.0131918 -0.0507819  0.0140634  0.0160354 0.0877998  0.209084   9.80638  34217
              36.211 0.0484342  0.117666    54.942   2.10418    0.5125 0.0323516 180.013       0       0 -0.13     0 -1.03   0.203763   0.164657 -0.0120292  0.00458655 -0.00158037  -0.0130321 -0.0492909  0.0104312  0.0134711 0.0878267  0.205544   9.80645  34185
             36.4096 0.0484775  0.123231   54.9677   2.14509  0.553233 0.0311058 180.013       0       0 -0.13     0 -1.03  0.230705  0.183614 0.0260167  0.00460401 -0.00169336  -0.0130367 -0.0527129  0.0103212  0.0124662 0.0849066  0.206605   9.80646  34226
             36.6084  0.04799 0.126695  54.9467   2.17011   0.59782 0.0321144 180.013       0       0 -0.13     0 -1.03   0.143228   0.214266 -0.0384691  0.00478807 -0.00177022  -0.0130516 -0.0586309 0.00274261  0.0114521 0.0773739  0.202227   9.80661  34215
             36.8072 0.0508334   0.13091   55.2346   2.20372  0.606254 0.0318854 180.013       0       0 -0.13     0 -1.03   0.185064  0.0993552 0.00556339  0.00490236 -0.00155703  -0.0130993  -0.0490008 0.000657296  0.00845246 0.0847712  0.197217   9.80665  34150
             37.0056 0.0515385  0.135846   55.1109   2.24064  0.633028 0.0314434 180.013       0       0 -0.13     0 -1.03  0.188086  0.144829 0.0313974  0.00470792 -0.00163852  -0.0131273  -0.048922 0.00179274 0.00926057 0.0852158  0.198158   9.80663  34051
             37.2056 0.0504863  0.133718   53.8323   2.22414  0.572721 0.0327507 180.013       0       0 -0.13     0 -1.03 0.00735664    -0.1716  0.0101598  0.00482559 -0.00143894  -0.0133081 -0.0258176 -0.0202891  0.0109314 0.0969636  0.171907   9.80701  34391
             37.6029 0.0466002  0.132429   49.9145   2.24416  0.527035 0.0303123 180.013       0       0 -0.13     0 -1.03  0.0759584 -0.0994409 -0.0359995  0.00515976 -0.00199638   -0.013266 -0.0304012 -0.0204654 0.00826363 0.0930619   0.17335   9.80703  34323
              37.999 0.0344729  0.138591   47.2358   2.25561  0.543305 0.0316645 180.013       0       0 -0.13     0 -1.03  0.0487308  0.0630602 0.00388455  0.00721719 -0.00326412  -0.0131992 -0.0411348 -0.0225322 0.00974038 0.0835244  0.175751   9.80707  34293
             38.1989 0.0383712   0.14225   47.3334    2.2575  0.521081 0.0309268 180.013       0       0 -0.13     0 -1.03 -0.00239631  -0.0478408   -0.021139  0.00655301 -0.00234417  -0.0133203 -0.0337953 -0.0243872  0.0124899 0.0885341  0.171266   9.80711  34729
             38.3989 0.0400083  0.146979   47.7168   2.26775  0.517661 0.0309769 180.013       0       0 -0.13     0 -1.03  0.0474564 -0.0581665  0.0497781 0.00637447 -0.0023326 -0.0134426  -0.036258 -0.0209509  0.0135693 0.0881006  0.174957   9.80704  34778
             38.5976 0.0394844  0.147731   47.6467   2.27684  0.533812 0.0299537 180.013       0       0 -0.13     0 -1.03  0.065902 0.0812422 -0.104066  0.00619553 -0.00220438   -0.013322 -0.0423803 -0.0211367  0.0126465 0.0833288  0.177399   9.80704  34561
             38.7962 0.0401613  0.151159   47.7022   2.29636  0.549316 0.0295401 180.013       0       0 -0.13     0 -1.03   0.117845  0.0670903 0.00140191  0.00634692 -0.00211864  -0.0133219 -0.0425922 -0.0206464 0.00848325 0.0833981  0.177867   9.80703  34526
             38.9948 0.0411419  0.156217   47.7053  2.33802 0.582395 0.030687 180.013       0       0 -0.13     0 -1.03  0.174383  0.161485 0.0384464  0.00640211 -0.00194442  -0.0132591 -0.0466887 -0.0160406   0.013308 0.082149 0.183065  9.80695  34481
             39.1936 0.0429313  0.159469   48.0166   2.37221  0.610484 0.0302812 180.013       0       0 -0.13     0 -1.03 0.191227 0.164286 0.020718  0.00633617 -0.00202801  -0.0136253 -0.0446725 -0.0166224  0.0153824 0.0834372  0.181781   9.80696  34527
             39.3922 0.0453731  0.163374   48.2244   2.40345  0.618012 0.0302687 180.013       0       0 -0.13     0 -1.03   0.197136  0.0306891 -0.0326804  0.00632318 -0.00178194  -0.0137662 -0.0403158 -0.0190387  0.0138598 0.0857775  0.178115   9.80701  34427
             39.5908 0.047929 0.167637  48.2459   2.43874  0.625048 0.0294636 180.013       0       0 -0.13     0 -1.03   0.154282 -0.0117932 -0.0219333  0.00629049 -0.00182885  -0.0136334 -0.0423759 -0.0186135 0.00735933 0.0844055  0.179344     9.807  34485
             39.7908 0.0500831  0.171016   48.3073    2.4822  0.635417 0.0301122 180.013       0       0 -0.13     0 -1.03   0.238403  0.0497518 0.00793653   0.0060898 -0.00160305  -0.0139826 -0.0438448 -0.0165129 0.00502816 0.0841792  0.181579   9.80696  34594
             39.9895 0.0535188  0.173124   48.3139   2.49879  0.637555 0.0309276 180.013       0       0 -0.13     0 -1.03   0.143597  0.0309674 -0.0251167  0.00612209 -0.00148522  -0.0137271 -0.0427293 -0.0238512 0.00306761 0.0819975  0.175556   9.80709  34396
             40.1882 0.0493876  0.174306   48.2064   2.49391  0.659613 0.0302443 180.013       0       0 -0.13     0 -1.03   -0.0316  0.142164 0.0301135  0.00625811 -0.00154528  -0.0136357  -0.044663 -0.0302807 0.00379842 0.0778609  0.171459   9.80719  34457
             40.3867 0.0455596  0.173634   48.4315   2.47121  0.685518 0.0312424 180.013       0       0 -0.13     0 -1.03 -0.0478305   0.122673  0.0101346  0.00651788 -0.00153781  -0.0137859 -0.0450882 -0.0363231 0.00567745 0.0750234   0.16703   9.80729  34437
             40.5855 0.0469724  0.174213    48.504   2.49499  0.698914 0.0316549 180.013       0       0 -0.13     0 -1.03   0.150758  0.0959648 -0.0117619  0.00639776 -0.00158977    -0.01373 -0.0413054 -0.0303413 0.00616311 0.0803559  0.169983    9.8072  34417
             40.7854 0.0485719  0.177179    48.481   2.50382  0.693316 0.0308151 180.013       0       0 -0.13     0 -1.03   0.0632778 -0.00108858   0.0236316  0.00627745 -0.00165442  -0.0137081 -0.0370804 -0.0333525  0.0071397 0.0822862  0.165976   9.80725  34613
             40.9841 0.0508829  0.178759   48.5713   2.51514  0.683593 0.0309698 180.013       0       0 -0.13     0 -1.03 0.0748915 -0.048103  0.022726  0.00620563 -0.00162422  -0.0137664 -0.0353427 -0.0333768 0.00871952 0.0835838  0.165234   9.80725  34472
             41.3814 0.0536386  0.182316   48.8834     2.536  0.691585 0.0317771 180.013       0       0 -0.13     0 -1.03  0.0746031   0.026001 -0.0441598  0.00689976 -0.00193902  -0.0139163  -0.040401 -0.0346938 0.00462267  0.07922 0.166343  9.80727  34388
             41.5801 0.0553493   0.18667   48.9938   2.58403   0.71374 0.0306308 180.013       0       0 -0.13     0 -1.03  0.222154  0.126335 0.0367074  0.00628028 -0.00304865  -0.0138052 -0.0423286 -0.0288481 0.00585036 0.0801457  0.171554   9.80717  34431
             41.7788 0.055864 0.191387   48.813  2.61405 0.722041 0.031027 180.013       0       0 -0.13     0 -1.03   0.229274  0.0406122 -0.0593508  0.00641193 -0.00292244  -0.0137237 -0.0401261  -0.031661 0.00593623 0.0806228  0.168541   9.80722  34492
             41.9787 0.059927 0.190827  48.8877   2.63487  0.710587 0.0308378 180.013       0       0 -0.13     0 -1.03   0.0984513   0.0520059 8.46742e-05  0.00635817 -0.00362094  -0.0137539 -0.0361462 -0.0354404 0.00127155 0.0819682  0.164178   9.80728  34696
             42.1774 0.0626783  0.190842   49.0323   2.64885  0.692794 0.0313414 180.013       0       0 -0.13     0 -1.03    0.110747  -0.0496203 -0.00817905  0.00643791 -0.00418875  -0.0139619  -0.0322143  -0.0374366 0.000705092 0.0839766   0.16109   9.80732  34514
             42.3761 0.0642787  0.189909   49.2561   2.64984  0.696292 0.0311039 180.013       0       0 -0.13     0 -1.03  0.0490338 -0.0386228 0.00335325  0.00592046 -0.00411487  -0.0140258 -0.0364439 -0.0412048 0.00385382 0.079335 0.160116  9.80737  34496
             42.5747 0.0614346  0.193251   49.4183   2.61888  0.724804 0.0315996 180.013       0       0 -0.13     0 -1.03    -0.11394   0.0750439 -0.00803647  0.00551738 -0.00422572  -0.0139158 -0.0467151 -0.0507158 0.00497703 0.0678826  0.157464    9.8075  34545
             42.7747 0.0542564  0.190957    49.419   2.58576  0.757234 0.0312352 180.013       0       0 -0.13     0 -1.03  -0.135233   0.140061 0.00527243  0.00537659 -0.00421855   -0.013827 -0.0506961 -0.0535363 0.00389473 0.063823 0.157061  9.80753  34760
             42.9733 0.0546501  0.195129   49.5048   2.60297  0.779039 0.0295777 180.013       0       0 -0.13     0 -1.03  0.0775677    0.12094 -0.0242315  0.00553419 -0.00409305  -0.0139397  -0.0484106  -0.0470581 -0.00247577 0.0681811  0.160902   9.80744  34564
              43.172 0.0590552  0.197926   49.6693   2.64178  0.783412 0.0313268 180.013       0       0 -0.13     0 -1.03    0.190418   0.0667424 -0.00707823  0.00543491 -0.00392412  -0.0139812 -0.0430347 -0.0439838 -0.0052277 0.0733815   0.16095    9.8074  34545
             43.3707 0.0613869  0.199765   49.5772   2.68797  0.788106 0.0315112 180.013       0       0 -0.13     0 -1.03   0.250369 -0.0210632  0.0374161  0.00540021 -0.00389251   -0.013763  -0.0429792  -0.0432974 -0.00270597 0.0736997  0.161397    9.8074  34509
             43.5706 0.0623922  0.203855   49.6178  2.70242 0.800701 0.031323 180.013       0       0 -0.13     0 -1.03  0.0819876  0.0756573 -0.0643397  0.00563676 -0.00368752  -0.0137614  -0.0462051  -0.0494815 -0.00130862 0.0688303  0.158211   9.80748  34765
             43.7693 0.0631989  0.202852   49.6734  2.72639 0.804507 0.031844 180.013       0       0 -0.13     0 -1.03 0.0923162 0.0763178 0.0344828  0.00543338 -0.00348562  -0.0135606  -0.0435445  -0.0483573 -0.00164532 0.071226 0.157937  9.80747  34462
             43.9693 0.0661496  0.202391   49.4612   2.73704  0.827292 0.0322616 180.013       0       0 -0.13     0 -1.03   0.069204   0.108572 -0.0108804   0.0054653 -0.00357283   -0.014104   -0.044822  -0.0495079 0.000459318 0.0698229  0.157619   9.80749  34787
             44.3679 0.0355769  0.175645   44.4498   2.60758   0.65429 0.0304227 180.013       0       0 -0.13     0 -1.03 -0.342525 -0.493067 0.0242968 0.00463435  0.0028878 -0.0140816    -0.018186   -0.0694465 -6.38785e-05 0.0804908   0.13218   9.80778  34805
             44.5652 0.0408774  0.155131   42.8387   2.48339  0.497694 0.0311674 180.013       0       0 -0.13     0 -1.03  -0.520228  -0.806774 -0.0568179  0.0050686 0.00586448 -0.0140955  -0.0090374   -0.079206 -0.00286285 0.0820922  0.121446    9.8079  34657
             44.7652 0.0446298  0.148858   43.1154   2.39484  0.419964 0.0290215 180.013       0       0 -0.13     0 -1.03  -0.468494  -0.442025 0.00775738 0.00491278 0.00580815 -0.0144313 -0.0172211 -0.0784975 -0.0031321 0.0775039  0.125985   9.80788  35180
             44.9652 0.0484732  0.144826   43.3838   2.36695  0.385898 0.0280535 180.013       0       0 -0.13     0 -1.03  -0.218206  -0.208893 -0.0448058 0.00480895 0.00635677 -0.0146049  -0.0253658  -0.0706224 -0.00503516 0.0768579  0.134733   9.80777  35204
             45.1638 0.0528032  0.147997   43.5835   2.42594  0.405248 0.0289908 180.013       0       0 -0.13     0 -1.03  0.188487  0.038752 0.0523467 0.00459889 0.00614204 -0.0145273  -0.0363336  -0.0562982 -0.00364442 0.0777735  0.148644   9.80757  34924
             45.3625 0.0548144  0.154257   43.5861   2.47132  0.430429 0.0288631 180.013       0       0 -0.13     0 -1.03   0.245735  0.0822007 -0.0132443 0.00478737 0.00603548 -0.0141499  -0.0400417  -0.0560817 -0.00289017 0.0756872  0.150623   9.80755  34890
             45.5625 0.0547643  0.165616   44.8735   2.58162   0.49666 0.0282653 180.013       0       0 -0.13     0 -1.03   0.541448   0.337065 -0.0355274 0.00471283 0.00557334 -0.0141708  -0.0484894  -0.0477928 -0.00752215 0.0748062  0.159801   9.80741  35173
             45.7612 0.0448183   0.17143   45.7642   2.59619  0.614684 0.0312651 180.013       0       0 -0.13     0 -1.03  0.080971  0.570253 0.0260453  0.0045729 0.00546597  -0.014029 -0.0535391 -0.0582266 -0.0084287 0.0666672  0.156016   9.80753  34880
             45.9599 0.035793 0.181448   45.491    2.5739   0.69592 0.0310212 180.013       0       0 -0.13     0 -1.03  -0.0714167     0.43795 -0.00574426 0.00473867 0.00524159 -0.0137369  -0.0499361  -0.0630011 -0.00594106 0.066603  0.15134  9.80761  34847
             46.1585 0.0318901   0.17999   45.7401   2.54853  0.715252 0.0313263 180.013       0       0 -0.13     0 -1.03 -0.0939636   0.168075  0.0295716 0.00464946 0.00532501 -0.0137754 -0.0390349 -0.0648124  -0.004286 0.0725137  0.145106   9.80766  34898
             46.3585 0.0359011   0.18324    45.741   2.56493  0.708917 0.0310515 180.013       0       0 -0.13     0 -1.03   0.0611919   0.0242739 -0.00248412 0.00428773 0.00539761 -0.0138159  -0.0324409  -0.0591256 -0.00138302 0.0792588  0.145507    9.8076  35155
             46.7558 0.0413973  0.188696    46.077   2.61716  0.718284 0.0302762 180.013       0       0 -0.13     0 -1.03  0.152865 0.0250991 0.0139839 0.00430555  0.0051152  -0.013897   -0.0334101   -0.0595905 -0.000867607 0.078436 0.145683   9.8076  34867
             46.9558 0.0465219  0.191116   46.1993   2.66635  0.720776 0.0316177 180.013       0       0 -0.13     0 -1.03   0.176658 0.00377587   0.032008 0.00362717 0.00440242 -0.0140151 -0.0338914 -0.0559944 0.00427678 0.0798382   0.14813   9.80756  35160
             47.1544 0.0444263   0.19141   46.0741   2.65777  0.726834 0.0311801 180.013       0       0 -0.13     0 -1.03 -0.0245475  0.0451753  0.0357467  0.0041313 0.00475794 -0.0137747 -0.0338727 -0.0614691 0.00783277 0.0772611  0.144714   9.80763  34887
             47.3544 0.0412354  0.192965   46.1293   2.65047  0.746364 0.0314583 180.013       0       0 -0.13     0 -1.03 -0.0321347  0.0810497 -0.0329488 0.00413732 0.00477153 -0.0138129 -0.0352488 -0.0618934 0.00751659 0.0762311  0.145099   9.80763  35108
             47.5531 0.036561 0.193408  46.0618   2.62004  0.768595 0.0314026 180.013       0       0 -0.13     0 -1.03 -0.150001   0.14613 0.0833716 0.00410267 0.00469747 -0.0137287 -0.0350762 -0.0652819  0.0078296 0.0747551  0.142977   9.80767  34884
             47.7531 0.0374149  0.196677   46.2297    2.6514  0.778225 0.0318758 180.013       0       0 -0.13     0 -1.03  0.0579359  0.0905347 -0.0155118 0.00448449 0.00495443 -0.0139774 -0.0332437  -0.057206  0.0107972 0.0796105  0.146911   9.80758  35164
             47.9517 0.0415738  0.198876   46.3999   2.67186  0.767645 0.0314827 180.013       0       0 -0.13     0 -1.03  0.0818203 -0.0361692  0.0185953 0.00454202 0.00480824 -0.0140887 -0.0296713 -0.0552432  0.0118798 0.0826353  0.146395   9.80756  34858
             48.1504 0.0466441  0.200714   46.4199   2.70856  0.746623 0.0308955 180.013       0       0 -0.13     0 -1.03   0.148098 -0.0932154 -0.0295842 0.00449625 0.00491928 -0.0141078 -0.0279861 -0.0513993   0.014124 0.0854348  0.147864   9.80751  34962
             48.3504 0.0482204  0.202224   46.3405   2.74612  0.758285 0.0309984 180.013       0       0 -0.13     0 -1.03   0.190897  0.0417706 -0.0256684 0.00443539 0.00486071 -0.0138363 -0.0328449 -0.0507528  0.0137506 0.082857 0.150504   9.8075  35267
              48.549 0.0467095  0.207242   46.3577   2.75288  0.789314 0.0311296 180.013       0       0 -0.13     0 -1.03  0.0808257  0.0929015 -0.0259079 0.00435719 0.00486162 -0.0138541 -0.0368029 -0.0560183  0.0129708 0.0780891  0.149221   9.80755  35029
             48.7477 0.0435606  0.209061   46.4586   2.74669  0.816241 0.0309006 180.013       0       0 -0.13     0 -1.03 -0.0476058   0.172968  -0.113566 0.00412245 0.00479697 -0.0139781 -0.0369702 -0.0579427  0.0104787 0.0771133  0.148218   9.80758  35014
             48.9477 0.0431758  0.207554   46.5517   2.73633  0.816362 0.0305139 180.013       0       0 -0.13     0 -1.03 -0.00507872   0.0483901   0.0198089  0.0042218 0.00434494 -0.0139757 -0.0325341 -0.0593502 0.00347423 0.079014  0.14543   9.8076  35170
             49.1464 0.0439099  0.211198   46.5638  2.73414 0.824996  0.03075 180.013       0       0 -0.13     0 -1.03  0.0138419  0.0757047 -0.0301817 0.00427975 0.00428224 -0.0140575  -0.0313065  -0.0600207 -0.00115362 0.0794163  0.144525   9.80761  34920
             49.3463 0.0441789  0.211228   46.7211   2.74759  0.823841 0.0300971 180.013       0       0 -0.13     0 -1.03   0.0526594 -0.00867081   0.0142415 0.00408157 0.00417989 -0.0142933  -0.0292841  -0.0580037 -0.00337376 0.0815152  0.144778   9.80759  35258
             49.7437 0.0522032   0.21088   46.9954   2.78712  0.777282 0.0300332 180.013       0       0 -0.13     0 -1.03   0.108615  -0.115866 -0.0135095 0.00302341 0.00469648 -0.0141415  -0.0252551  -0.0558084 -0.00464877 0.0848747  0.144237   9.80757  34938
             49.9436 0.0519156  0.214022   47.0049   2.77868  0.792318 0.0307032 180.013       0       0 -0.13     0 -1.03  0.0282946  0.0181937 0.00494384 0.00504613 0.00443436 -0.0141242  -0.0290287    -0.05995 -0.00867265 0.0807651  0.143539   9.80762  35199
             50.1423 0.0532186  0.215569   47.0087   2.78784   0.78371 0.0303505 180.013       0       0 -0.13     0 -1.03   0.102977 0.00057762  -0.102097 0.00467494 0.00488471 -0.0139961 -0.0265378 -0.0605946  -0.014417 0.0819437  0.142061   9.80763  34999
             50.3423 0.0534441  0.218344   47.0388   2.81116  0.804719 0.0300611 180.013       0       0 -0.13     0 -1.03  0.140704 0.0883929 0.0422481  0.0048944 0.00460306 -0.0139092 -0.0289708 -0.0612291  -0.020204 0.0802272  0.142871   9.80763  35271
             50.5411 0.0589996  0.194095   47.7659   2.79101  0.753322 0.0319034 180.013       0       0 -0.13     0 -1.03  0.0537125  -0.273709 -0.0444771 0.00499024 0.00501644 -0.0136784 -0.0185639 -0.0693103 -0.0175531 0.0824654  0.133556   9.80774  35045
             50.7396 0.0657968  0.165328   50.0563   2.62957  0.670118 0.0332901 180.013       0       0 -0.13     0 -1.03  -0.65423 -0.416765 0.0176298 0.00460002 0.00477884 -0.0136295 -0.0140273 -0.0886416  -0.017454 0.0764436  0.120477   9.80796  35036
             50.9397 0.069446 0.166403  51.8742   2.48122  0.601949 0.0339432 180.013       0       0 -0.13     0 -1.03 -0.737756 -0.391582 0.0279662 0.00439217 0.00483805 -0.0135625 -0.0166608 -0.0907985 -0.0152603 0.0739637  0.120273   9.80798  35140
             51.1396 0.0621179  0.155242   51.8976   2.38054  0.553697 0.0328901 180.013       0       0 -0.13     0 -1.03  -0.574174  -0.267329 -0.0179945 0.00440128 0.00470062 -0.0134328 -0.0214519 -0.0832408 -0.0139624 0.0739843  0.126918    9.8079  35048
             51.3382 0.0553052  0.155114    51.846   2.35676  0.575763 0.0318882 180.013       0       0 -0.13     0 -1.03  -0.236796  0.0470908 -0.0214302 0.00405847 0.00415812 -0.0134192  -0.032389 -0.0674647 -0.0151192 0.0731044   0.14129   9.80771  34820
             51.5369 0.0538043   0.15899   51.9016   2.37663  0.604366 0.0308492 180.013       0       0 -0.13     0 -1.03  0.0876805  0.0682906 -0.0677684 0.00394825 0.00410604 -0.0134473 -0.0366019 -0.0573181 -0.0197649 0.0743232   0.14946   9.80758  34745
             51.7356 0.0604693  0.163115   51.9329   2.44114  0.619147 0.0313299 180.013       0       0 -0.13     0 -1.03  0.298092  0.109164 0.0476005  0.0041142 0.00405926  -0.013188 -0.0357097 -0.0522067 -0.0204342 0.0768718  0.152355   9.80752  34793
             51.9342 0.0652765  0.166434   51.8693   2.49663  0.632925 0.0321184 180.013       0       0 -0.13     0 -1.03   0.315763  0.0740428 -0.0233978 0.00415541 0.00397856 -0.0130705 -0.0348027 -0.0534485 -0.0172824 0.0769514  0.151209   9.80753  34817
             52.1342 0.0664295  0.170517   51.9572   2.53908  0.676791 0.0327873 180.013       0       0 -0.13     0 -1.03   0.20054  0.194867 0.0629739 0.00421916  0.0038992 -0.0132577 -0.0392857 -0.0561062 -0.0161252 0.0730953  0.151273   9.80756  35000
             52.3329 0.0711925  0.176855   52.1945   2.58917  0.688843 0.0320892 180.013       0       0 -0.13     0 -1.03   0.294025  0.0979885 -0.0609574  0.0041304 0.00407054 -0.0135513 -0.0350723  -0.055696 -0.0138247 0.0758826  0.149868   9.80756  34849
             52.5316 0.0759329  0.178756   52.4123   2.60146  0.690962 0.0325392 180.013       0       0 -0.13     0 -1.03  0.0140743 -0.0115669   0.130112  0.0041791 0.00420639 -0.0135397 -0.0327901  -0.062848 -0.0111248 0.074505 0.144514  9.80765  34893
             52.9302 0.0630961  0.182453   52.1165   2.56645  0.753392 0.0326412 180.013       0       0 -0.13     0 -1.03  -0.107167   0.193725 -0.0594511 0.00445575 0.00423294 -0.0130445 -0.0363617 -0.0660186 -0.0120716 0.0710605  0.143909   9.80769  34857
             53.1289 0.0621459  0.186509    52.269   2.57698  0.778167 0.0326262 180.013       0       0 -0.13     0 -1.03  0.0751766   0.115061 -0.0363154 0.00386215 0.00401107 -0.0131293 -0.0342426 -0.0617347 -0.0206719 0.0740324  0.145875   9.80764  34798
             53.3289 0.0645816   0.18666   52.4923   2.59741  0.777099 0.0330603 180.013       0       0 -0.13     0 -1.03   0.102561 -0.0205084  0.0789586 0.00365888 0.00418627 -0.0131492 -0.0321836 -0.0610646 -0.0201112 0.0755615  0.145502   9.80763  35056
             53.5275 0.0696762  0.188253   52.3556   2.62627  0.774715 0.0324878 180.013       0       0 -0.13     0 -1.03   0.163887  0.0175856 -0.0207283 0.00367945 0.00420432 -0.0131996  -0.032391 -0.0603302 -0.0135217 0.0757246  0.145947   9.80762  34865
             53.7275 0.0734184  0.192674   52.6808   2.63076  0.757317 0.0324815 180.013       0       0 -0.13     0 -1.03  0.0373898 -0.0520776  0.0197746 0.00341275  0.0039116 -0.0134135 -0.0301353 -0.0636247 -0.0143323 0.0758079  0.143099   9.80766  35163
             53.9262 0.0705405  0.193316   52.6116    2.6341  0.762788 0.0318208 180.013       0       0 -0.13     0 -1.03   0.0610762   0.0326179 -0.00159476 0.00306234 0.00395369 -0.0131522 -0.0317765  -0.065293 -0.0146532 0.0741805  0.142745   9.80768  34896
             54.1248 0.0702159  0.196016   52.4765   2.64433  0.787647 0.0323993 180.013       0       0 -0.13     0 -1.03 0.0678181  0.130259 0.0190348 0.00301136 0.00379213 -0.0131169 -0.0337287 -0.0661965 -0.0144447 0.0726515  0.142951   9.80769  34914
             54.3247 0.0699345  0.199625   52.4888    2.6736  0.826135 0.0327005 180.013       0       0 -0.13     0 -1.03   0.150198   0.187966 -0.0133202  0.0031006 0.00376366 -0.0130645 -0.0353477 -0.0639042 -0.0154995 0.0725632  0.144949   9.80766  35191
             54.5235 0.0646099  0.199533   52.4968   2.67039   0.84634 0.0326318 180.013       0       0 -0.13     0 -1.03 0.00127013  0.0868732  0.0575852  0.0028951 0.00356728 -0.0130939 -0.0330364 -0.0682916 -0.0157945 0.0722477  0.141457   9.80771  34896
             54.7234 0.0698348   0.19735   52.7168   2.67812  0.829894 0.0335015 180.013       0       0 -0.13     0 -1.03    0.063916  -0.0957428 -0.00801709 0.00327217 0.00323879 -0.0129272 -0.0302851 -0.0679109  -0.015228 0.0740016  0.140603   9.80771  35213
             54.9221 0.0655994  0.198809   52.7106  2.63997  0.82025 0.032526 180.013       0       0 -0.13     0 -1.03   -0.0932101 -0.000974084   -0.0550101 0.00204102 0.00257375 -0.0130477 -0.0304073 -0.0737057 -0.0169398 0.0716923  0.137329   9.80778  34873
             55.1221 0.0654861  0.197902   52.7158   2.62671  0.810605 0.0317899 180.013       0       0 -0.13     0 -1.03 -0.0613586 -0.0365034 -0.0307304 0.00236683 0.00243965 -0.0129429 -0.0289473 -0.0726478 -0.0197793 0.0729374  0.137402   9.80777  35232
             55.3208 0.0654288  0.198945   52.7042   2.61988  0.806343 0.0314584 180.013       0       0 -0.13     0 -1.03  -0.0157927 0.000806023 -0.00829876  0.0022967 0.00249227 -0.0129344 -0.0287214 -0.0730081 -0.0250326 0.0729467  0.137139   9.80777  34933
             55.5207 0.0654515   0.20052   52.7044  2.61139 0.806091 0.030899 180.013       0       0 -0.13     0 -1.03 -0.0395269  0.0300043  0.0190337 0.00227351 0.00257599 -0.0129693 -0.0279594 -0.0738543 -0.0264918 0.0730642  0.136374   9.80778  35277
             55.7194 0.0665673  0.199625   52.7279   2.62956  0.813842 0.0317396 180.013       0       0 -0.13     0 -1.03  0.0700891  0.0290016 -0.0373631 0.00234976 0.00227302 -0.0128966 -0.0282345 -0.0713121 -0.0268006 0.073875 0.137932  9.80775  34981
             55.9194 0.0683233  0.199685   52.7627   2.65862  0.820534 0.0317699 180.013       0       0 -0.13     0 -1.03  0.110069 0.0435466 0.0293456 0.00221589 0.00217032 -0.0129436 -0.0281112 -0.0696611 -0.0265612 0.0745761  0.138825   9.80773  35286
              56.118 0.0736267   0.20038   52.9463   2.69117  0.813014 0.0316416 180.013       0       0 -0.13     0 -1.03   0.140842 -0.0276784  0.0122324 0.00204643 0.00224881 -0.0129758 -0.0261964 -0.0679042 -0.0210711 0.0763319  0.139036   9.80772  34985
             56.3168 0.0785074  0.202913   52.9062  2.72034 0.798332 0.031317 180.013       0       0 -0.13     0 -1.03   0.159907  -0.076133 -0.0132236 0.00204938 0.00248034 -0.0128617  -0.026216 -0.0680779 -0.0187258 0.0762511  0.138918   9.80772  35057
             56.5167 0.0796865  0.201335   52.9004    2.7214  0.793571 0.0315212 180.013       0       0 -0.13     0 -1.03  0.0102808 -0.0227175   0.063689 0.00246332 0.00253217 -0.0128799 -0.0276455 -0.0723136 -0.0175241 0.0738267  0.137055   9.80776  35356
             56.7153 0.0781589  0.201374   53.0679   2.70945  0.795813 0.0311392 180.013       0       0 -0.13     0 -1.03 0.000691581  0.00580599  -0.0717748 0.00242942 0.00263703 -0.0125641 -0.0281167 -0.0746212   -0.01795 0.0726882   0.13595   9.80779  35006
              57.114 0.075823 0.201336  53.0443   2.71791  0.825667 0.0321176 180.013       0       0 -0.13     0 -1.03 0.00684084  0.0757136  0.0472746 0.00226392 0.00201446 -0.0126697 -0.0308938 -0.0728398 -0.0260509 0.0718072  0.138086   9.80777  35013
              57.314 0.0743141  0.207145   53.3253   2.71508  0.852027 0.0321467 180.013       0       0 -0.13     0 -1.03  0.0263371    0.16999 -0.0632723 0.00268051 0.00189271 -0.0127246 -0.0321578 -0.0742598 -0.0265685 0.0705645  0.137776   9.80778  35291
             57.5126 0.0718298  0.208978   53.3183  2.71916  0.86977 0.031866 180.013       0       0 -0.13     0 -1.03   0.122431  0.0603661 -0.0118008 0.00283759 0.00198387 -0.0126985 -0.0308722 -0.0754879 -0.0269922 0.0708212  0.136611   9.80779  35014
             57.7126 0.0797129  0.204572   53.4965   2.76259  0.848295 0.0323949 180.013       0       0 -0.13     0 -1.03  0.271219 -0.080108 0.0224992 0.00313591 0.00186855 -0.0125814 -0.0282549 -0.0746828 -0.0276601 0.0725494  0.136061   9.80779  35400
             57.9113 0.0858717   0.20603   53.4364   2.81215  0.822869 0.0312916 180.013       0       0 -0.13     0 -1.03   0.272838 -0.0196129 0.00355453 0.00317049 0.00165598 -0.0124753 -0.0255027 -0.0753678  -0.025648 0.0737719  0.134638    9.8078  35369
             58.1113 0.0842627  0.203962   53.4521    2.7972  0.817767 0.0317649 180.013       0       0 -0.13     0 -1.03  -0.027408 -0.0851181  0.0057543 0.00314677 0.00107013 -0.0122321 -0.0253462 -0.0856558 -0.0249806 0.0699882  0.129013    9.8079  35304
             58.3099 0.0842404  0.201631   53.4137  2.76587 0.801389 0.031121 180.013       0       0 -0.13     0 -1.03   -0.106108  -0.0645603 -0.00840521 0.00325917 0.00113859 -0.0123107 -0.0258052 -0.0912874 -0.0254091 0.0676387  0.126142   9.80796  35156
             58.5099 0.0790732  0.202866   53.5716   2.72841  0.812475 0.0309643 180.013       0       0 -0.13     0 -1.03 -0.273061  0.154883 0.0247692 0.00334417 0.00112237 -0.0121535 -0.0278438 -0.0930312 -0.0260367 0.0658897  0.125977   9.80797  35277
             58.7085 0.0719607  0.207029   53.2831   2.72228  0.866313 0.0317746 180.013       0       0 -0.13     0 -1.03 -0.0825148   0.268272  0.0709105 0.00346845 0.00135549 -0.0121827 -0.0300327 -0.0886919 -0.0251432 0.0663432  0.129086   9.80793  35107
             58.9085 0.0747189   0.20957   53.5718   2.74624  0.886168 0.0318756 180.013       0       0 -0.13     0 -1.03    0.10529   0.137201 -0.0281017 0.00378566 0.00127927 -0.0122506 -0.0271341 -0.0852274 -0.0253847 0.0691527  0.129799    9.8079  35419
             59.1072 0.0801303  0.207576   53.5834   2.76465  0.844548 0.0306839 180.013       0       0 -0.13     0 -1.03    0.114434  -0.0920372 -0.00667225 0.00371791 0.00137533 -0.0123654 -0.0179829 -0.0855441 -0.0279223 0.0737755  0.126225   9.80791  35225
             59.3073 0.0830987  0.202962   53.7148   2.76092  0.804829 0.0306362 180.013       0       0 -0.13     0 -1.03  0.040555  -0.21517 0.0341103 0.00385821 0.00164855 -0.0122982  -0.015697 -0.0901813 -0.0255277 0.0732258   0.12294   9.80796  35409
             59.5059 0.0843794  0.203707   53.7869   2.75291  0.787499 0.0309231 180.013       0       0 -0.13     0 -1.03 -0.0197983  -0.125015 -0.0377283 0.00399706 0.00160396 -0.0122997 -0.0192693 -0.0926581 -0.0241018 0.0704461  0.122962   9.80798  35169
             59.7058 0.0803633  0.201315   53.7587   2.72413  0.799378 0.0316467 180.013       0       0 -0.13     0 -1.03  -0.140248 0.00777163  0.0264576 0.00361081 0.00164189 -0.0125101 -0.0224609 -0.0945485 -0.0244848 0.0681042  0.123185   9.80799  35471
             59.9045 0.0798285  0.205075   54.0354   2.71604  0.811736 0.0313157 180.013       0       0 -0.13     0 -1.03 -0.0633045  0.0772853 -0.0155332 0.00368053 0.00178404 -0.0124541 -0.0231359 -0.0918867 -0.0246838 0.0687475   0.12479   9.80797  35162
             60.1045 0.0799512  0.205486   53.8094   2.72558   0.79764 0.0311297 180.013       0       0 -0.13     0 -1.03 -0.0145302 -0.0295949   0.034388  0.0035418 0.00182782   -0.01226 -0.0190341 -0.0870465 -0.0247661 0.0726225  0.125751   9.80793  35423
             60.3032 0.0874551  0.203529   53.9129   2.75032  0.757467 0.0307128 180.013       0       0 -0.13     0 -1.03  0.0964662  -0.177905 0.00515292 0.00325907 0.00185248  -0.012326 -0.0144733 -0.0826875 -0.0239902 0.0765448  0.126296   9.80789  35170
             60.5031 0.0892163   0.20412   53.7855  2.76746 0.764147 0.030511 180.013       0       0 -0.13     0 -1.03   0.0601078  -0.0439957 -0.00638712 0.00339809 0.00156496 -0.0122456 -0.0210153 -0.0829251 -0.0232014 0.0731534  0.128578   9.80788  35389
             60.7018 0.0830706  0.202414   53.7992   2.73684  0.787189 0.0320881 180.013       0       0 -0.13     0 -1.03 -0.122206 0.0911962 0.0578416 0.00359732 0.00154917 -0.0126194 -0.0239082 -0.0872372 -0.0219796 0.0701238  0.127482   9.80792  35113
             60.9005 0.0824142  0.200558   54.0265   2.72326  0.791482 0.0320136 180.013       0       0 -0.13     0 -1.03 -0.0487314   0.038267 -0.0294691 0.00340801 0.00154227 -0.0126252 -0.0226895 -0.0865123 -0.0190922 0.0709901  0.127366   9.80792  35198
             61.1004 0.0825141  0.204453    54.069  2.74002 0.806843 0.031414 180.013       0       0 -0.13     0 -1.03 0.0577847 0.0591607 0.0233209 0.00340964 0.00146894  -0.012753 -0.0241081 -0.0836463 -0.0199261 0.071345 0.129296  9.80789  35431
             61.2991 0.0856537  0.202115   54.0144   2.75072  0.776569 0.0310747 180.013       0       0 -0.13     0 -1.03  0.0882978 -0.0766675 0.00513794 0.00344882 0.00157757 -0.0124765 -0.0181536 -0.0838313 -0.0187877 0.0741965  0.127017    9.8079  35170
             61.4978 0.0895083  0.203593   53.9678   2.77001  0.777414 0.0311012 180.013       0       0 -0.13     0 -1.03   0.107343 -0.0303112 -0.0582446 0.00344053  0.0014715 -0.0124976 -0.0207056 -0.0837525 -0.0198631 0.0729722  0.127993   9.80789  35286
             61.6964 0.0920319  0.195074   54.4682   2.76906  0.751332 0.0319766 180.013       0       0 -0.13     0 -1.03   0.103616 -0.0449952 -0.0582661 0.00350571 0.00142257 -0.0122497 -0.0182688 -0.0862389 -0.0217708 0.0732456  0.125913   9.80792  35397
             61.8964 0.0961688  0.174573    56.051   2.71215  0.681292 0.0314189 180.013       0       0 -0.13     0 -1.03 -0.174106 -0.252742 0.0582745   0.00285846 -0.000479852   -0.0119884 -0.0118055  -0.093719 -0.0223261 0.0736676  0.119976   9.80799  35460
             62.2951 0.0928391  0.171624   55.9951   2.63126  0.642128 0.0310837 180.013       0       0 -0.13     0 -1.03  -0.230215 -0.0808643  0.0282686   0.00286087 -0.000537456   -0.0118139 -0.0162451 -0.0943099 -0.0180044 0.0711925  0.121165   9.80799  35125
             62.4951 0.0891151  0.168552   56.1133   2.58729  0.622334 0.0304326 180.013       0       0 -0.13     0 -1.03  -0.117959 -0.0631915 -0.0835105   0.00289043 -0.000290785   -0.0118035 -0.0155759 -0.0948276 -0.0161647 0.0713652  0.120655     9.808  35299
             62.8924 0.0853514  0.164129   56.5798   2.55167  0.651832 0.0324814 180.013       0       0 -0.13     0 -1.03 -0.0131634  0.0863077  0.0402816   0.00302996 -0.000310614   -0.0115164 -0.0180405 -0.0956189 -0.0168643 0.0698449   0.12109     9.808  35312
             63.0924 0.0931962  0.158662   58.3738   2.54043  0.645395 0.0340659 180.013       0       0 -0.13     0 -1.03 -0.0781151  0.0218639   -0.02168  0.00274075 6.31943e-05  -0.0115326 -0.0146153 -0.0961734 -0.0158242 0.0714021  0.119667   9.80801  35498
              63.291 0.0881737  0.154693   60.1853   2.48052  0.629102 0.0335016 180.013       0       0 -0.13     0 -1.03   -0.250241  -0.0407864 3.74417e-05  0.00313311 0.000740961  -0.0114565 -0.0113321  -0.102386  -0.016259 0.0711216  0.115354   9.80806  35148
              63.491 0.0867566  0.144122   60.5116    2.4211  0.591908 0.0332071 180.013       0       0 -0.13     0 -1.03 -0.316444 -0.170788 0.0710623  0.00312755 0.000874923  -0.0113444 -0.0074417  -0.103596 -0.0158889 0.0728776  0.113498   9.80807  35336
             63.6897 0.0859741  0.141754    60.387  2.41428 0.582846 0.033624 180.013       0       0 -0.13     0 -1.03 -0.0325838 -0.0825203 -0.0104688 0.00361921 0.00120519 -0.0107655 -0.0091411 -0.0989857 -0.0152391 0.0732473  0.116589   9.80803  34960
             63.8896 0.0873898  0.142523   60.8334   2.41157  0.588328 0.0324861 180.013       0       0 -0.13     0 -1.03 0.00998961  0.0498034  -0.020159 0.00359837 0.00140813 -0.0105003 -0.0109002 -0.0983759 -0.0163616 0.0724282  0.117438   9.80803  35229
             64.2883 0.088492 0.141424  64.1381  2.30067 0.616187 0.033092 180.013       0       0 -0.13     0 -1.03   -0.303117    0.111038 -0.00729996 0.00542768 0.00244231 -0.0101118 -0.0108388   -0.11008 -0.0105806 0.0692538   0.11065   9.80813  35145
             64.4883 0.073772 0.141787  64.0742   2.24236  0.654768 0.0318237 180.013       0       0 -0.13     0 -1.03  -0.338665   0.245471 -0.0468633 0.00564129 0.00162419 -0.0100554 -0.0132387   -0.10938 -0.0107026 0.0679723  0.111668   9.80813  35016
              64.687 0.0763102  0.149796   64.3676   2.27346  0.710305 0.0312403 180.013       0       0 -0.13     0 -1.03 0.0585327  0.280185 0.0164618 0.00580805  0.0017725 -0.0102487 -0.0127656  -0.101359 -0.0110236 0.0702258  0.116399   9.80806  34832
             64.8856 0.0820023   0.15511   64.4165   2.32717  0.748889 0.0315088 180.013       0       0 -0.13     0 -1.03  0.214771  0.184709 0.0683016 0.00701581 0.00183202 -0.0104317 -0.0105537  -0.097609 -0.0103183 0.0724689  0.118056   9.80802  34873
             65.0843 0.0845742  0.157907   64.3726   2.35399   0.75325 0.0318559 180.013       0       0 -0.13     0 -1.03   0.161153  0.0694919 0.00502039  0.00689402 0.000737142   -0.010467 -0.00545917   -0.101374 -0.00698577 0.0745472  0.114547   9.80805  35038
             65.2843 0.0880854  0.161452   64.4651    2.3902  0.783004 0.0323266 180.013       0       0 -0.13     0 -1.03  0.198306  0.144599 0.0309902   0.0067955 0.000665123  -0.0106618 -0.00706316   -0.101005 -0.00297512 0.0736948  0.115137   9.80805  35259
             65.4831 0.0892835  0.162229   64.3615   2.39304  0.775208 0.0318413 180.013       0       0 -0.13     0 -1.03 -0.00445652   0.0517836  -0.0629276  0.00683318 0.000901922  -0.0105619 0.000624758   -0.108611 -0.00065693  0.07639 0.108739   9.8081  35076
             65.6829 0.0859471  0.165801   64.2156   2.39429  0.801087 0.0320652 180.013       0       0 -0.13     0 -1.03 -0.0303958   0.158055   0.030581 0.00690648 0.00103855 -0.0106618 -0.00040512   -0.107554 -0.00148113 0.0760427  0.109621   9.80809  35194
             65.8816 0.086957 0.169136  64.3604   2.41239  0.837001 0.0319821 180.013       0       0 -0.13     0 -1.03  0.087629  0.180463 0.0134455 0.00720532 0.00130613 -0.0108876 -0.000273214    -0.104995 -0.000975878 0.0767635   0.11106   9.80807  35062
             66.0816 0.0867174  0.171918   64.5609   2.42122  0.886917 0.0313352 180.013       0       0 -0.13     0 -1.03  0.0368922   0.240459 -0.0273902 0.00695117 0.00128641 -0.0110665 -0.00128698    -0.10587 -0.00761407 0.0759418  0.110866   9.80808  35203
             66.2802 0.0841531  0.175577   64.6495   2.41326  0.914031 0.0317616 180.013       0       0 -0.13     0 -1.03 -0.0190726   0.194738 -0.0216741 0.00665127 0.00151183 -0.0111094 0.00380666  -0.108813 -0.0128361 0.0781218  0.107946   9.80809  35073
             66.6789 0.0847713  0.183272   64.6933   2.44804  0.974632 0.0320889 180.013       0       0 -0.13     0 -1.03  0.113325  0.182203 0.0113373 0.00598413 0.00151751 -0.0110539 0.00749181  -0.103468 -0.0117871 0.0815582  0.110133   9.80804  35400
             66.8776 0.089762 0.188037  64.6355   2.50464   1.00674 0.0326586 180.013       0       0 -0.13     0 -1.03    0.278589    0.192673 -0.00538026 0.00521419  0.0012158 -0.0108648 0.00863058  -0.100267  -0.010395 0.0829625  0.111691   9.80801  35227
             67.0775 0.0950375  0.190211   64.6309  2.55255  1.01154 0.031827 180.013       0       0 -0.13     0 -1.03    0.257494   0.0470223 -0.00822525 0.00510938 0.00161491 -0.0109184  0.0128275  -0.101731 -0.0106502 0.0849883  0.109841   9.80802  35275
             67.2762 0.0987132  0.193047   64.6626   2.58606   1.00572 0.0307586 180.013       0       0 -0.13     0 -1.03   0.171627  -0.010876 0.00355947 0.00508528 0.00157815 -0.0107812   0.0149694   -0.104707 -0.00868013 0.0854656  0.107622   9.80804  35241
             67.4762 0.100765 0.194779  64.6112   2.60752   1.00757 0.0304341 180.013       0       0 -0.13     0 -1.03   0.156141  0.0444172 -0.0523718  0.0050095 0.00151586 -0.0108629  0.0142215  -0.107916 -0.0102542 0.0842471  0.106017   9.80807  35392
             67.6762 0.102063 0.194705  64.7726   2.60817   1.00538 0.0308377 180.013       0       0 -0.13     0 -1.03  0.011983 0.0310814  0.044299 0.00451921 0.00107519 -0.0111127  0.0153853  -0.111046 -0.0110293 0.0840983  0.104009   9.80809  35368
             67.8749 0.100884 0.196048  64.7755     2.602  0.999071 0.0304293 180.013       0       0 -0.13     0 -1.03 -0.00417602 8.14868e-05   0.0170517  0.00427857 0.000556002   -0.010834   0.0168634   -0.112675 -0.00874185 0.0845015  0.102733    9.8081  35043
             68.2735 0.106006 0.198155   64.755   2.63812  0.990848 0.0301202 180.013       0       0 -0.13     0 -1.03    0.110862  -0.0017964 -0.00803429  0.00365291 0.000610119   -0.010853   0.0200735   -0.109125 -0.00793704 0.0871432  0.103892   9.80806  35211
             68.4722 0.108304 0.196521  64.8464   2.65127   0.97905 0.0311446 180.013       0       0 -0.13     0 -1.03 -0.0106767  -0.103782   0.139123 0.00372289 0.00106926 -0.0108811   0.0213988   -0.110245 -0.00694433 0.0876025  0.102944   9.80807  35217
             68.6722 0.109972 0.192585  64.8839   2.64638  0.925362 0.0302983 180.013       0       0 -0.13     0 -1.03 -0.0117651  -0.284525  0.0150153 0.00371421  0.0010187 -0.0109941   0.0236008   -0.111162 -0.00711947 0.0885573  0.101904   9.80807  35266
             68.8708 0.113812 0.185465   65.002   2.62351  0.855792 0.0290792 180.013       0       0 -0.13     0 -1.03 -0.120126 -0.388941  0.107576  0.00314866 0.000445019  -0.0110926   0.0243603   -0.113352 -0.00590876 0.0884035  0.100551   9.80809  35173
             69.2695 0.108946 0.183788  65.2778   2.57426  0.849346 0.0297491 180.013       0       0 -0.13     0 -1.03 -0.115074 0.0468769 -0.027076 0.00189737  0.0023089 -0.0110887   0.0140951   -0.113797 -0.00311015 0.0829029  0.102877   9.80811  35123
             69.4695 0.102747 0.188855  65.2848   2.56822  0.901582 0.0292384 180.013       0       0 -0.13     0 -1.03 -0.0409394   0.212576 0.00129393   0.0018734 0.000921288  -0.0111156  0.00801064   -0.110444 -0.00592889 0.0804749  0.106172    9.8081  35140
             69.6681   0.1065 0.193772  65.3457   2.60925  0.951058 0.0303497 180.013       0       0 -0.13     0 -1.03  0.135724  0.248478 -0.012354 0.000843655 0.000379273  -0.0113133   0.0077542   -0.101673 -0.00724863 0.0824781  0.110894   9.80803  34952
             69.8668 0.110115  0.19778   65.405   2.65461  0.975343 0.0301527 180.013       0       0 -0.13     0 -1.03   0.209167   0.160551 0.00834867 0.000808826 0.000501506  -0.0112179   0.0127086  -0.0986775 -0.00799765 0.0858225   0.11126   9.80799  35035
             70.0668 0.110327 0.198139  65.1744   2.6566  0.97266 0.030067 180.013       0       0 -0.13     0 -1.03  0.0604548  0.0402069 -0.0184715 0.000912625 0.000794841  -0.0109091   0.0175269   -0.106531 -0.00642344 0.0864504  0.105935   9.80805  35167
             70.2655 0.114868 0.198156  65.4861   2.67992  0.974475 0.0303385 180.013       0       0 -0.13     0 -1.03  0.102811 0.0021982 0.0346047 0.000717912 0.000775102   -0.011179   0.0182894   -0.104615 -0.00413707 0.0873224  0.106737   9.80803  35133
             70.4641 0.114677 0.198102  65.5698   2.67113  0.968155 0.0299039 180.013       0       0 -0.13     0 -1.03 -0.00765914  -0.0119471  -0.0256764 0.000991557  0.00092691  -0.0108792   0.0189848   -0.108598 -0.00424867 0.0867081  0.104493   9.80806  35231
             70.6641 0.112054 0.199062  65.2515   2.66749  0.966484 0.0295705 180.013       0       0 -0.13     0 -1.03 -0.0371253  0.0165402 -0.0206209 0.000858552 0.000927353   -0.010729   0.0191433   -0.108957 -0.00784777 0.0866956  0.104299   9.80806  35321
             71.0614 0.115295 0.197574  65.3669   2.67909  0.974081 0.0307316 180.013       0       0 -0.13     0 -1.03 0.0176802 0.0448465 0.0151387 0.000581243 0.000753466  -0.0109572   0.0194232   -0.106271 -0.00760801 0.0874949  0.105612   9.80804  35128
             71.2614 0.116374 0.200226   65.426   2.69559  0.984146 0.0307971 180.013       0       0 -0.13     0 -1.03   0.128078  0.0564457 -0.0119795 0.000209927 0.000597873  -0.0109691   0.0197254    -0.10494 -0.00583103 0.087977 0.106204  9.80803  35349
               71.66 0.116723 0.201844  65.4565   2.71406   1.00236 0.0307995 180.013       0       0 -0.13     0 -1.03 0.0417378 0.0300604 0.0108852 0.000736791   0.0009876  -0.0109659   0.0197237   -0.106857 -0.00708153  0.08751 0.105237  9.80805  35248
             71.8587 0.118618 0.201992  65.6525   2.71063  0.996582 0.0313284 180.013       0       0 -0.13     0 -1.03    0.012337 -0.00456884 -0.00643051 0.00135561 0.00170148 -0.0110477  0.0207344  -0.109227 -0.0050317 0.0874621  0.103768   9.80806  35298
             72.0574 0.121808 0.202862  65.5868   2.73337  0.977587 0.0306283 180.013       0       0 -0.13     0 -1.03   0.138206  -0.147296 -0.0141092 0.000933446  0.00180115  -0.0110491    0.022469   -0.107184 -0.00533944 0.0888338  0.104383   9.80804  35162
             72.2573 0.121007 0.201711  65.4439   2.72897   0.95166 0.0300438 180.013       0       0 -0.13     0 -1.03  0.0236608  -0.136589 -0.0121928 0.00110086 0.00191447 -0.0107464   0.0220427   -0.111169 -0.00428405 0.0876557  0.102485   9.80807  35396
              72.456 0.123585 0.201159  65.5675   2.73295  0.949427 0.0297175 180.013       0       0 -0.13     0 -1.03  0.0321387 -0.0223318  0.0273282  0.0010616 0.00178727 -0.0109384   0.0188826   -0.111561 -0.00442528 0.0859852  0.103061   9.80808  35258
             72.6546 0.124795   0.1986  65.5558   2.73856  0.940127 0.0303629 180.013       0       0 -0.13     0 -1.03    0.0594297 -0.000642382   -0.0318748  0.0010789 0.00196306 -0.0107402   0.0204451   -0.112013 -0.00446878 0.0866481  0.102456   9.80808  35353
             72.8546  0.12362 0.201457  65.4675   2.73437  0.968095 0.0310453 180.013       0       0 -0.13     0 -1.03 -0.0294559  0.0817549 -0.0134713 0.000612158  0.00238842  -0.0107923   0.0153513   -0.113156 -0.00654618 0.0838618  0.103166    9.8081  35487
             73.0533  0.12469 0.203801  65.6654  2.74362 0.983237 0.030678 180.013       0       0 -0.13     0 -1.03  0.0705812   0.092337 -0.0228428 0.000772009  0.00239459  -0.0108394   0.0163942   -0.111354 -0.00904406 0.0848085  0.103807   9.80808  35063
             73.2533 0.124056 0.204426    65.62   2.75018   1.00484 0.0310049 180.013       0       0 -0.13     0 -1.03 0.0359523  0.120234 0.0209377 0.000611512  0.00251245  -0.0107903  0.0166729  -0.111942 -0.0105553 0.0847974  0.103467   9.80809  35263
             73.4519  0.12674 0.207563  65.6258   2.78963   1.03549 0.0311121 180.013       0       0 -0.13     0 -1.03   0.197639    0.18072 -0.0336351 0.000158734  0.00224812  -0.0109569  0.0168406  -0.107903 -0.0132066 0.085851 0.105414  9.80806  35026
             73.6506 0.130284  0.20794   65.953   2.80669   1.02735 0.0311848 180.013       0       0 -0.13     0 -1.03  -0.0285142 -0.00758405   0.0141896 0.000169411  0.00330788  -0.0109271   0.022662  -0.111008 -0.0148083 0.0879256    0.1025   9.80807  34957
             73.8506 0.128601  0.20735  65.9579   2.78062   1.02474 0.0322061 180.013       0       0 -0.13     0 -1.03   -0.161414 -0.00808171    0.108792 -7.29871e-05   0.00330397   -0.0109858  0.0227162  -0.112383 -0.0145564 0.0876179  0.101827   9.80808  35074
             74.0493 0.128683 0.206891  66.0821   2.77865   1.03745 0.0321486 180.013       0       0 -0.13     0 -1.03  -0.0257306    0.109477 -0.00619528 0.000430207  0.00367146  -0.0109354   0.0221459   -0.109873 -0.00902083 0.0879724  0.103114   9.80806  34736
              74.248 0.129652 0.211582  66.1076   2.79769   1.07324 0.0322765 180.013       0       0 -0.13     0 -1.03  0.0777918   0.173801 0.00142809 0.000813276   0.0039236  -0.0110465  0.0209559  -0.106995 -0.0104803 0.0881018  0.104765   9.80804  34842
             74.4479 0.130801 0.210409  66.2657     2.807   1.06842 0.0320292 180.013       0       0 -0.13     0 -1.03 0.0283032 0.0284328 0.0143672 0.000731612  0.00404749  -0.0109667   0.0275503   -0.107603 -0.00768755 0.0910639   0.10288   9.80804  35249
             74.6466 0.125336 0.209894  66.0499   2.77937   1.06121 0.0322543 180.013       0       0 -0.13     0 -1.03  -0.134551 -0.0566208 -0.0060136  0.0010446 0.00431771 -0.0109005 0.0290771 -0.112582 -0.006919 0.0906049  0.100162   9.80807  34997
             74.8466 0.12579 0.21007  66.017   2.77888   1.06334 0.0310087 180.013       0       0 -0.13     0 -1.03 -0.0198993  0.0188546 -0.0389759 0.00108982 0.00437902 -0.0111605   0.0284468   -0.110505 -0.00728043 0.0908035  0.101288   9.80806  35222
             75.0453 0.0930545  0.193962   63.3833   2.72836   1.01387 0.0345367 180.013       0       0 -0.13     0 -1.03 -0.188148 -0.154477 0.0316983 0.000920314  0.00367733  -0.0110495  0.0341403  -0.115926 -0.0120159 0.0920823 0.0974715   9.80808  34864
             75.2439 0.0907017  0.193353   60.8282   2.66604  0.954266 0.0369527 180.013       0       0 -0.13     0 -1.03  -0.247023  -0.219507 -0.0343566 0.000927393  0.00363184  -0.0112044   0.039274  -0.120393 -0.0150073 0.0931305 0.0942693    9.8081  34967
             75.4425 0.0853981  0.189744   57.8674   2.59157   0.85603 0.0357585 180.013       0       0 -0.13     0 -1.03 -0.382596 -0.445122  0.093129 0.000773218  0.00415195  -0.0112267  0.0464248  -0.123449 -0.0118688 0.0949793 0.0911378   9.80812  35110
             75.6425 0.0615321  0.171422   54.3106   2.49847  0.748951 0.0346546 180.013       0       0 -0.13     0 -1.03  -0.479646  -0.531079 -0.0976601 0.000719877   0.0044873  -0.0112068   0.0489068   -0.125356 -0.00779179 0.0952313 0.0897956   9.80813  35452
             75.8412 0.0534676  0.173384   50.8503   2.48486  0.666384 0.0345397 180.013       0       0 -0.13     0 -1.03 -0.121591 -0.473797 -0.170698 0.00130074 0.00495507 -0.0111792   0.0462849   -0.120999 -0.00884938 0.0959425 0.0915604    9.8081  35207
             76.0399 0.0387609   0.16946   48.0726   2.36468  0.600718 0.0299805 180.013       0       0 -0.13     0 -1.03 -0.383461 -0.419326 0.0263003 -0.00146541  0.00361474  -0.0111765  0.0476867  -0.127494 -0.0124411 0.0942382 0.0906074   9.80813  35189
             76.2385 0.0272374  0.158014    45.873     2.244  0.561028 0.0315159 180.013       0       0 -0.13     0 -1.03 -0.565007 -0.171368 -0.131544 -0.00410551  0.00344593  -0.0112082  0.0472224  -0.132613 -0.0121878 0.0929715 0.0907106   9.80814  35269
             76.4385 0.0185869   0.15386   45.6063    2.1557  0.593087 0.0286867 180.013       0       0 -0.13     0 -1.03  -0.439914   0.067941 0.00917079 -0.00501481  0.00613731  -0.0113253  0.0416638  -0.133992 -0.0154924 0.0929514 0.0920094   9.80813  35444
             76.6372 0.0138239  0.155973    45.993   2.13007  0.630524 0.0299445 180.013       0       0 -0.13     0 -1.03  -0.207433   0.167684 -0.0132428 -0.00429438  0.00784875  -0.0113546  0.0383543  -0.132339 -0.0153676 0.0935477 0.0925016   9.80812  35111
             76.8372 0.0126007   0.15962   45.9741   2.16344  0.674144 0.0309365 180.013       0       0 -0.13     0 -1.03 0.0957398  0.224219 0.0130189 -0.00370747  0.00870067  -0.0112023   0.035693   -0.13017 -0.0156168 0.0941771 0.0927913   9.80811  35544
             77.2344 0.012661 0.168139  46.4058  2.23774 0.752961  0.03274 180.013       0       0 -0.13     0 -1.03  0.187962  0.194729 0.0415269  -0.003404 0.00857088 -0.0117386  0.0339119  -0.128961 -0.0109893 0.0945529 0.0929839    9.8081  35276
             77.4345 0.0100989  0.175969   46.3096   2.30307  0.828622 0.0332829 180.013       0       0 -0.13     0 -1.03  0.347137  0.400523 -0.053373 -0.00319127  0.00677667  -0.0117483   0.0283124   -0.129283 -0.00950501 0.0950088 0.0939642   9.80809  35468
             77.6332 0.0112075    0.1824   46.3905   2.34377   0.84722 0.0336228 180.013       0       0 -0.13     0 -1.03    0.21488   0.152414 -0.0534715 -0.00362237  0.00794294  -0.0118393   0.036413  -0.126722 -0.0116176 0.0947988 0.0923566   9.80811  35267
             77.8332 0.0153766  0.185639   46.7356    2.3746  0.849003 0.0338837 180.013       0       0 -0.13     0 -1.03  0.177414 0.0272399 0.0160956 -0.00341332  0.00756438  -0.0119961  0.0386113   -0.12615 -0.0125822 0.0947495 0.0919144   9.80811  35588
             78.0318 0.0144374  0.188527   46.6699   2.39346  0.867484 0.0341332 180.013       0       0 -0.13     0 -1.03 0.0730658   0.10288 0.0190681 -0.00367349  0.00740087   -0.011679   0.0386298   -0.127373 -0.00938579 0.0945228 0.0919636   9.80811  35139
             78.2305 0.0141303  0.191931   46.6654    2.4118  0.899661 0.0352151 180.013       0       0 -0.13     0 -1.03  0.123165  0.137111 0.0173853 -0.00381557  0.00743572  -0.0117226   0.0375287   -0.128571 -0.00699991 0.0943712 0.0922195   9.80811  35140
             78.4305 0.0161439  0.193132   46.9755   2.44295   0.91836 0.0372042 180.013       0       0 -0.13     0 -1.03    0.125936    0.124721 -0.00809613 -0.00393706  0.00736252  -0.0120848  0.0382575  -0.126225 -0.0094067 0.0947451 0.0919545   9.80811  35325
             78.8278 0.0171208  0.202552   47.0869   2.49257   0.95635 0.0366077 180.013       0       0 -0.13     0 -1.03  0.115828 0.0925499 0.0526194 -0.00414616  0.00762822  -0.0122035   0.0385912   -0.124961 -0.00930881 0.0949463 0.0918148   9.80811  35094
             79.0278 0.0190577  0.207331   47.2548     2.523  0.975752 0.0371736 180.013       0       0 -0.13     0 -1.03  0.164256  0.154979 -0.051296 -0.00450128  0.00770952  -0.0121892  0.0388967  -0.124209 -0.0104637 0.0950717 0.0917395   9.80811  35368
             79.2264 0.0186499  0.210039   46.9544   2.55739  0.991094 0.0367346 180.013       0       0 -0.13     0 -1.03   0.172929   0.106152 -0.0138527 -0.00461136   0.0077242  -0.0118786  0.0403538  -0.123192 -0.0131157 0.0951521 0.0914166   9.80811  35072
             79.4265 0.0133379  0.210401   46.9633   2.53143   1.00441 0.0364247 180.013       0       0 -0.13     0 -1.03 -0.0208557   0.117435  -0.143464 -0.00439956  0.00783184  -0.0119959  0.0472276  -0.128574 -0.0223999 0.0938468 0.0904703   9.80813  35114
             79.6251 0.00955469   0.212172    47.3976   2.50719    1.0177 0.0349022 180.013       0       0 -0.13     0 -1.03   -0.19151   0.034753 0.00729238 -0.00440783  0.00788239  -0.0120407  0.0498699  -0.129946 -0.0290409 0.0934868 0.0901173   9.80814  34782
             79.8238 0.0135388  0.213557    47.584   2.50657  0.993447 0.0358953 180.013       0       0 -0.13     0 -1.03 -0.0585042 -0.0854886  0.0494493 -0.00383558  0.00782713   -0.012251  0.0500205  -0.126966 -0.0290173 0.0940262 0.0899418   9.80814  35268
             80.0225 0.0190545  0.213508   47.6897   2.52481  0.962182 0.0355691 180.013       0       0 -0.13     0 -1.03  0.0871203  -0.114095 -0.0453853 -0.00268218  0.00791632  -0.0123883  0.0497189  -0.124234 -0.0275905 0.0945559 0.0898807   9.80813  35436
             80.2223 0.0197709  0.214874   47.8496   2.52633  0.969106 0.0346963 180.013       0       0 -0.13     0 -1.03  0.0492203  0.0217628 -0.0353439 -0.00385938  0.00790083  -0.0123599  0.0487618  -0.128086 -0.0304844 0.0938601 0.0902062   9.80814  35786
             80.6197 0.0229066  0.197783   49.6373    2.4633  0.995313 0.0381444 180.013       0       0 -0.13     0 -1.03   -0.1746 0.0582224 0.0410868 -0.00303975   0.0081903  -0.0123097  0.0530955  -0.133183 -0.0298056 0.0927848 0.0895737   9.80815  35375
             81.0184 0.0483363  0.184677   55.3707    2.4197  0.897919 0.0368368 180.013       0       0 -0.13     0 -1.03  -0.0620193   -0.305893 -0.00918627 -0.00653185   0.0119559  -0.0123618   0.060175  -0.127701 -0.0310009 0.0939601 0.0881726   9.80815  35406
              81.217 0.0664394  0.168461   58.1484   2.41112  0.786451 0.0352996 180.013       0       0 -0.13     0 -1.03 -0.0374812  -0.531875  0.0283288 -0.00803611   0.0139423  -0.0123313  0.0646539  -0.125716 -0.0317907 0.0950417 0.0873291   9.80815  35324
              81.417 0.083952  0.16015  61.0439   2.40627  0.680759 0.0345501 180.013       0       0 -0.13     0 -1.03  0.0309407  -0.529528 -0.0531095 -0.00738668   0.0138386  -0.0123909  0.0644729  -0.126999 -0.0312006 0.0946902 0.0870975   9.80816  35954
             81.6157 0.0977117  0.150763   64.3961    2.44912   0.624665 0.00979941 180.013       0       0 -0.13     0 -1.03 0.115052 -0.25892  0.12054 -0.0074855  0.0130574 -0.0123988  0.0585509  -0.124137 -0.0263658 0.0937911 0.0893454   9.80814  35881
             81.8144  0.10345 0.139578  66.8312   2.43816  0.611559 0.0296804 180.013       0       0 -0.13     0 -1.03 -0.0401625  -0.108171   0.167555 -0.00753625   0.0129615  -0.0124883  0.0567693  -0.126048 -0.0262615 0.0927743 0.0891796   9.80816  35855
             82.0144  0.1133  0.1477 69.4474   2.45447  0.653308 0.0318501 180.013       0       0 -0.13     0 -1.03  0.125374  0.162161 0.0928092 -0.00797408   0.0152957  -0.0125748  0.0517873  -0.124888 -0.0215989 0.0910866 0.0906936   9.80816  36165
              82.213 0.119311 0.150591  71.3061   2.50768  0.720111 0.0430288 180.013       0       0 -0.13     0 -1.03 0.267534 0.385509 -0.13437 -0.0075896  0.0172744 -0.0124728  0.0483873  -0.122184 -0.0199368  0.090165 0.0925123   9.80815  35810
             82.4117 0.133358  0.15658  74.0121   2.51557  0.803815 0.0327153 180.013       0       0 -0.13     0 -1.03  0.0561484   0.420044 -0.0509083 -0.0100688  0.0164858  -0.012599  0.0477982  -0.126972 -0.0223464 0.0890272 0.0904436   9.80818  35398
             82.6103 0.134345 0.148299  76.1571   2.50997  0.844503 0.0341107 180.013       0       0 -0.13     0 -1.03 -0.00136502    0.205187  -0.0808757 -0.0102133  0.0145942 -0.0126013  0.0511871  -0.129036 -0.0236094 0.090318 0.088906  9.80818  35193
              82.809 0.131699 0.144725  78.1161   2.44661  0.843541 0.0289837 180.013       0       0 -0.13     0 -1.03   -0.256073  -0.0169583 -0.00301068 -0.0109282  0.0133799  -0.012511  0.0533499  -0.133279 -0.0241681 0.0908523 0.0864474    9.8082  35278
              83.009  0.13065 0.135788  80.5274   2.34722  0.784967 0.0288265 180.013       0       0 -0.13     0 -1.03 -0.343559 -0.304033 -0.182378 -0.0124909  0.0109291 -0.0122549  0.0564863  -0.140799 -0.0245202 0.0917218 0.0820768   9.80823  35420
             83.2076 0.123755 0.126099  81.9106   2.27119  0.749992 0.0312166 180.013       0       0 -0.13     0 -1.03  -0.393213  -0.231769 -0.0135076 -0.0130499  0.0120138 -0.0121118  0.0527704  -0.140557 -0.0325806 0.0897044 0.0825775   9.80824  35134
             83.4063 0.117347 0.118116  83.8656   2.12857  0.715223 0.0341292 180.013       0       0 -0.13     0 -1.03  -0.734283  -0.233885 -0.0903743 -0.0167354   0.011895 -0.0118885 0.0473068 -0.149467 -0.032948 0.0859864 0.0779429   9.80831  35212
              83.605 0.106586 0.109549  84.9313  2.03348 0.628532 0.026512 180.013       0       0 -0.13     0 -1.03 -0.443843  -0.37668 -0.427011 -0.0145689  0.0104228 -0.0119413  0.0537288   -0.14651 -0.0364023 0.0898334 0.0792902   9.80827  35280
             83.8037 0.110567 0.110363  84.6224   2.05804  0.629598 0.0319275 180.013       0       0 -0.13     0 -1.03   0.192063 -0.0801642  -0.108423   -0.01376  0.0111856 -0.0118517  0.0514935  -0.137617 -0.0445811  0.088832 0.0846281   9.80823  35206
             84.0022 0.113537 0.112356   84.659 2.08512 0.64527 0.02595 180.013       0       0 -0.13     0 -1.03  0.106687 0.0158784 0.0454719 -0.0138084  0.0112528 -0.0117074  0.0481378  -0.136916 -0.0461315 0.0868988  0.085153   9.80825  34946
             84.4009 0.118786  0.11917  84.8164    2.1071  0.758578 0.0276263 180.013       0       0 -0.13     0 -1.03 -0.0148116   0.426674  0.0535506 -0.013611 0.0102847 -0.011721  0.0390912  -0.132363 -0.0379747 0.0818315 0.0880641   9.80826  35189
             84.5996 0.120303 0.125197  84.5068   2.13906  0.810757 0.0281124 180.013       0       0 -0.13     0 -1.03  0.185938  0.297339 -0.141376 -0.0142388  0.0108093 -0.0117181  0.0427031  -0.130949 -0.0378578 0.0839474 0.0887252   9.80824  35168
             84.7982 0.126102 0.127953  84.9859   2.16544  0.822544 0.0284102 180.013       0       0 -0.13     0 -1.03   0.218634 0.00778914 -0.0170964 -0.0141657  0.0104034 -0.0118464  0.0454934  -0.133828 -0.0403678 0.0853809 0.0869741   9.80824  35112
             84.9969 0.125796 0.126865  84.8303   2.17515  0.803199 0.0279881 180.013       0       0 -0.13     0 -1.03  0.0597909 -0.0518626 0.00203321 -0.0149448 0.00965165 -0.0115087 0.0464088 -0.140002 -0.041315 0.0856064 0.0834668   9.80827  35117
             85.1956 0.127192 0.130118  84.9311   2.18048  0.825986 0.0279216 180.013       0       0 -0.13     0 -1.03   0.0342321   0.0881988 -0.00719446 -0.0150862  0.0100675 -0.0117131   0.041136  -0.138769 -0.0434056 0.0827004 0.0844044   9.80829  34996
             85.5929 0.130149 0.137175  84.9322   2.19793  0.901314 0.0289593 180.013       0       0 -0.13     0 -1.03 0.0432127  0.189851 0.0346916 -0.0141176 0.00862013 -0.0114852  0.0349558  -0.137758 -0.0534793  0.079297 0.0852696   9.80831  34620
             85.7929 0.131747 0.138667  85.0322  2.22354 0.919805 0.028684 180.013       0       0 -0.13     0 -1.03   0.139349   0.142293 -0.0132446 -0.0146962  0.0104276 -0.0114312  0.0400336  -0.138323 -0.0574819 0.0821477 0.0847713   9.80829  35006
             85.9902 0.133708 0.143031  85.1287   2.24175  0.948296 0.0290016 180.013       0       0 -0.13     0 -1.03  0.0953089   0.134188 -0.0222995 -0.0140893  0.0101992  -0.011436  0.0391601  -0.139287 -0.0610129 0.0816071 0.0842812    9.8083  34823
             86.3888 0.119652 0.144891  82.4049    2.2313  0.924383 0.0305773 180.013       0       0 -0.13     0 -1.03 -0.045149 -0.048673 0.0304036 -0.0127965  0.0133991  -0.011615  0.0473372  -0.148844 -0.0551181 0.0857213 0.0785824   9.80831  34891
             86.5875 0.105684 0.147309  78.5961   2.20725  0.924851 0.0405585 180.013       0       0 -0.13     0 -1.03  0.0870392  -0.108962 -0.0310734 -0.0114544  0.0127566 -0.0115811  0.0444906  -0.151142 -0.0577398 0.0840371 0.0775109   9.80833  34900
             86.7862 0.0962485  0.143409   76.4351   2.22641  0.888184 0.0344361 180.013       0       0 -0.13     0 -1.03  0.033524 -0.162834  0.097026 -0.0111664  0.0126447 -0.0115741   0.045685  -0.151729 -0.0577753 0.0846067 0.0771005   9.80833  34973
             86.9848 0.0949545  0.144458   73.0175   2.27006  0.793815 0.0378133 180.013       0       0 -0.13     0 -1.03  0.0912136  -0.387574 -0.0674434 -0.0089543  0.0109092 -0.0116286   0.052436  -0.148802 -0.0516151  0.088098 0.0774729    9.8083  34979
             87.1835 0.0955349  0.145974   71.1835   2.30639  0.746425 0.0281273 180.013       0       0 -0.13     0 -1.03  0.200687 -0.138569  0.128703 -0.00877331   0.0125358  -0.0116571  0.0488735  -0.147323 -0.0517434 0.0868529 0.0786642    9.8083  35264
             87.3821  0.10323 0.149184  71.1063   2.37163   0.74225 0.0277244 180.013       0       0 -0.13     0 -1.03   0.319295 -0.0172536   0.153035 -0.00808883   0.0134211  -0.0117549 0.0465296 -0.144559 -0.048594 0.0864433 0.0801256   9.80829  35443
             87.5808 0.111466 0.151714  71.3854   2.42514  0.739515 0.0342033 180.013       0       0 -0.13     0 -1.03   0.235859 -0.0304594   0.194763 -0.00838229   0.0132052   -0.011829  0.0463551  -0.145224 -0.0456625 0.0862624  0.079908    9.8083  35636
             87.7794 0.112144 0.152629  71.4934   2.42834  0.751156 0.0352054 180.013       0       0 -0.13     0 -1.03  0.00361977   0.0423681 -0.00726976 -0.00922635   0.0132031  -0.0116184  0.0450205   -0.14826 -0.0423358 0.0852291 0.0790712   9.80831  35630
             87.9781  0.11098 0.154108  71.4279   2.43108  0.769256 0.0369902 180.013       0       0 -0.13     0 -1.03 -0.0360874   0.057715 -0.0620966 -0.00916209   0.0133093  -0.0115566  0.0440366  -0.148299 -0.0436069 0.0848697 0.0792412   9.80831  35459
             88.3767 0.107866 0.157435   71.509   2.41891  0.818104 0.0348794 180.013       0       0 -0.13     0 -1.03 -0.0510827   0.201004  0.0412637 -0.00912054   0.0135882     -0.0115  0.043629 -0.147616 -0.043585 0.0848487 0.0795601   9.80831  35650
              88.774 0.108788 0.163408   71.695   2.43129  0.897488 0.0356561 180.013       0       0 -0.13     0 -1.03  0.0345216   0.230835 -0.0116534 -0.00987676   0.0131712  -0.0115089   0.043738  -0.144886 -0.0429847 0.0853733 0.0805089    9.8083  35789
             88.9727 0.109381 0.166046  71.6809   2.44712  0.900997 0.0357248 180.013       0       0 -0.13     0 -1.03  0.0965066  0.0498116 0.00509366 -0.0103715  0.0145259 -0.0114248  0.0473841  -0.144811 -0.0441588 0.0866684 0.0798845   9.80829  35877
             89.1714 0.111643 0.168019  71.6507   2.46468  0.904181 0.0354973 180.013       0       0 -0.13     0 -1.03   0.100086  0.0386713 -0.0116309  -0.010216   0.014658 -0.0114506  0.0486595  -0.144598 -0.0445855 0.0871516 0.0797357   9.80829  35947
             89.3701 0.110716 0.168369  71.6835   2.46381  0.911982 0.0362169 180.013       0       0 -0.13     0 -1.03   0.0611108   0.0786168 -0.00234933 -0.00967917   0.0149552  -0.0114711  0.0490276  -0.147922 -0.0417796 0.0866835 0.0785047    9.8083  35835
             89.5687 0.113452 0.166778  71.9011  2.47006 0.907719 0.035723 180.013       0       0 -0.13     0 -1.03   0.0954642 -0.00291252    0.127546 -0.00961914   0.0153269  -0.0115357  0.0518786  -0.149324 -0.0398422 0.0874251 0.0774973    9.8083  35881
             89.7687 0.114576 0.169155  72.0274   2.47628  0.905131 0.0352866 180.013       0       0 -0.13     0 -1.03  0.0804463 -0.0117997 -0.0530335 -0.00941116   0.0152114  -0.0113416   0.052156  -0.150506 -0.0383009 0.0873128 0.0770399   9.80831  35938
             89.9675  0.11205 0.168515  72.0979   2.46707  0.921687 0.0354994 180.013       0       0 -0.13     0 -1.03 -0.0922666  0.0826462  0.0644475 -0.00959434   0.0149123  -0.0111969   0.050743  -0.152177 -0.0404488 0.0865361 0.0767201   9.80832  35691
              90.166 0.107418 0.169551   71.892    2.4303   0.93281 0.0363556 180.013       0       0 -0.13     0 -1.03 -0.170195 0.0269898 -0.034278 -0.0096319  0.0147787 -0.0111901   0.050235  -0.154798 -0.0388481 0.0859089 0.0759095   9.80833  35820
             90.3647 0.109417 0.167775  72.0465   2.44132   0.92649 0.0360465 180.013       0       0 -0.13     0 -1.03   0.0295476 -0.00666074 -0.00370167 -0.010235 0.0147754 -0.011435  0.0518841  -0.148253 -0.0400305 0.0876005 0.0778539    9.8083  36048
             90.7633  0.10915 0.169712  72.3212   2.43788  0.937949 0.0358738 180.013       0       0 -0.13     0 -1.03 -0.0255133  0.0843542 -0.0307647 -0.0099245  0.0145994 -0.0113628  0.0507439   -0.14891 -0.0396472 0.0871033 0.0778258    9.8083  36444
              90.962   0.1092 0.171629  72.5373  2.43988 0.956952 0.035769 180.013       0       0 -0.13     0 -1.03 -0.0149681   0.143019  0.0263763 -0.0102493  0.0145817 -0.0114303  0.0512721   -0.14788 -0.0396212 0.0874554 0.0780887    9.8083  36282
             91.1607 0.111931 0.172034  72.6041  2.46485 0.968098  0.03599 180.013       0       0 -0.13     0 -1.03    0.126259   0.0951582 -0.00179364 -0.0107524  0.0147461 -0.0110813  0.0543005  -0.144986 -0.0386011   0.08897 0.0785569   9.80828  36209
             91.3593 0.112886 0.173716  72.3167    2.4777  0.972323 0.0364401 180.013       0       0 -0.13     0 -1.03   0.109372  0.0728882 0.00211014 -0.0105466   0.014947 -0.0109738   0.057327  -0.147724 -0.0397046 0.0895398 0.0771228   9.80829  36166
             91.5567 0.114703 0.173357  72.3894   2.48482   0.95289 0.0360356 180.013       0       0 -0.13     0 -1.03   0.0615898   -0.105279 -0.00288767 -0.0104906   0.015169 -0.0109135  0.0624362  -0.150202 -0.0393296 0.0908472 0.0754257   9.80829  35940
             91.7567  0.11388 0.170948  72.3483   2.48033  0.937875 0.0358627 180.013       0       0 -0.13     0 -1.03 0.00691491 -0.0663938 -0.0677532 -0.0106511  0.0148761 -0.0108615  0.0624339  -0.151636 -0.0396484 0.0906012 0.0749517    9.8083  36177
              92.154 0.115376 0.170839  72.6541   2.47814  0.924746 0.0345363 180.013       0       0 -0.13     0 -1.03 0.00716228 -0.0432252  0.0126736 -0.0102214  0.0146716 -0.0104938  0.0614025  -0.152427 -0.0432759 0.0901308 0.0748712    9.8083  35757
             92.5513 0.111298 0.168806  72.5887   2.45863  0.921393 0.0353912 180.013       0       0 -0.13     0 -1.03 -0.0533091  0.0114376 0.00488907 -0.00896894   0.0142016  -0.0104356  0.0598605  -0.154747 -0.0431118 0.0892432 0.0743584   9.80831  36085
             92.7499 0.111049 0.169087  72.4161   2.45782  0.914089 0.0349376 180.013       0       0 -0.13     0 -1.03 -0.00610865  -0.0192781 -0.00767971 -0.0095676  0.0146193 -0.0103725  0.0614157  -0.153829 -0.0438689 0.0898966 0.0744016   9.80831  36120
             93.1486 0.111118 0.167745  72.6241   2.44436   0.90519 0.0350793 180.013       0       0 -0.13     0 -1.03   -0.0338271   -0.0239106 -0.000492894 -0.00879481   0.0142503  -0.0104933 0.0614489 -0.155006 -0.042156 0.0897141 0.0740119   9.80831  35804
             93.3473 0.109423 0.167169  72.5915   2.42897    0.8991 0.0353938 180.013       0       0 -0.13     0 -1.03 -0.0323314 0.00865949 0.00863422 -0.00804619    0.014709  -0.0104534  0.0620718   -0.15701 -0.0423041 0.0895813 0.0732759   9.80832  35857
              93.546 0.109833 0.169182  72.5576   2.43577  0.916143 0.0351656 180.013       0       0 -0.13     0 -1.03  0.0500266   0.146084 0.00360301 -0.00822177   0.0142728   -0.010442  0.0604642   -0.15546 -0.0422798  0.089329 0.0740267   9.80831  35847
             93.7446 0.112237   0.1709  72.6122   2.45807  0.920613 0.0353548 180.013       0       0 -0.13     0 -1.03  0.114457 0.0727373 0.0222999 -0.00801421   0.0140495   -0.010396  0.0627405  -0.154842 -0.0421445  0.090148 0.0738429   9.80831  35944
             93.9433 0.113168 0.170814  72.5792   2.46382  0.919353 0.0349647 180.013       0       0 -0.13     0 -1.03  0.0530583  0.0027142 0.00708439 -0.00845549   0.0131529  -0.0103337  0.0641576  -0.156542 -0.0412291 0.0903064 0.0730745   9.80831  35949
             94.1419 0.113165 0.168124  72.6572   2.45631   0.89517 0.0350853 180.013       0       0 -0.13     0 -1.03 -0.0320801  -0.148672  0.0337096 -0.00896302   0.0117069  -0.0103608  0.0666104  -0.158765 -0.0406741 0.0906941 0.0719804   9.80832  35888
             94.3405 0.112125 0.163996  72.5272   2.44682  0.864128 0.0358607 180.013       0       0 -0.13     0 -1.03   -0.068397   -0.217943 -0.00798801 -0.00918359   0.0118267  -0.0103324  0.0650511  -0.158817 -0.0389379 0.0902104 0.0722146   9.80832  36023
             94.5392 0.116521 0.157265  72.7814   2.45422  0.802873 0.0306249 180.013       0       0 -0.13     0 -1.03 -0.0221285  -0.318931  0.0163847 -0.00836716   0.0116528  -0.0104631  0.0672946  -0.155189 -0.0372141 0.0914952 0.0729492    9.8083  36107
             94.7393 0.113645  0.15866  72.9106  2.42803 0.799783 0.033962 180.013       0       0 -0.13     0 -1.03 -0.0869553 -0.0536875 -0.0165921 -0.00902713   0.0126509  -0.0104716  0.0626814  -0.156875 -0.0373226 0.0898237 0.0732015   9.80832  36354
             94.9379 0.109185 0.160104  73.0289   2.40901  0.850885 0.0350467 180.013       0       0 -0.13     0 -1.03  0.0197312   0.311617 -0.0441067 -0.00874764   0.0137351   -0.010515 0.0593739 -0.157117  -0.03736 0.0887971 0.0736661   9.80832  35815
             95.1365 0.116391 0.161151  73.1986   2.45469  0.872313 0.0357301 180.013       0       0 -0.13     0 -1.03   0.223316   0.151954 -0.0348301 -0.00730057   0.0134566  -0.0103761  0.0631635  -0.153496 -0.0393623 0.0905205 0.0741725    9.8083  35833
             95.3352 -1.22127  1.79656  72.9214    2.48635    1.08141 -0.0115036 180.013       0       0 -0.13     0 -1.03  0.265388   0.88972 -0.274627 -0.00956793   0.0184565  -0.0104647 0.0390717 -0.156316 -0.029215 0.0829055 0.0770326   9.80835  36387
             95.5339 -1.17205  1.86808  72.8257    2.55317    1.27528 -0.0343809 180.013       0       0 -0.13     0 -1.03  0.346043   0.98091 -0.263936 -0.00929146   0.0188887  -0.0103389  0.0375871  -0.153913 -0.0370184 0.0826549 0.0781795   9.80834  36170
             95.9325 -1.1884 1.86293 72.3934    2.60756    1.55559 -0.0735953 180.013       0       0 -0.13     0 -1.03  0.148774  0.677489 -0.041878 -0.00952248   0.0178035  -0.0100829  0.0432586  -0.158381 -0.0394317 0.0835475 0.0760693   9.80835  36445
             96.3298 -1.19865  1.88341  72.2922    2.63623    1.72162 -0.0816359 180.013       0       0 -0.13     0 -1.03    0.127585    0.403999 -0.00202861 -0.00873516    0.021853 -0.00951924  0.0517197  -0.161823 -0.0408087   0.08535 0.0738507   9.80835  36357
             96.7272 -1.1854 1.89367 72.6702    2.70181    1.70042 -0.0766826 180.013       0       0 -0.13     0 -1.03  0.253288 -0.232018 0.0340118 -0.00992491   0.0284521 -0.00970095  0.070334 -0.163657 -0.041385 0.0900889  0.070478   9.80833  36034
             96.9258 -1.18488  1.89017   72.889    2.70091    1.66329 -0.0693142 180.013       0       0 -0.13     0 -1.03 0.0355027 -0.161696 0.0444832 -0.00928393   0.0283986  -0.0100144  0.0700323   -0.16846 -0.0413762 0.0892617 0.0692914   9.80835  35952
             97.1245 -1.17778  1.89616  73.2459    2.67141    1.64641 -0.0706048 180.013       0       0 -0.13     0 -1.03 -0.0869949  -0.116028 0.00176892 -0.00821835   0.0279596  -0.0100137  0.0681971  -0.175898 -0.0377325 0.0877245 0.0674707   9.80838  35795
             97.3232 0.113396 0.204293  73.4044   2.63453   1.48273 0.0379583 180.013       0       0 -0.13     0 -1.03 -0.157766 -0.693346  0.757716 -0.00893532   0.0315392  -0.0100184  0.0963542  -0.177912 -0.0655488 0.0944288 0.0635356   9.80834  35534
             97.7205 -0.69787 -1.93221  72.2262 2.73015 1.30022 0.15942 180.013       0       0 -0.13     0 -1.03   0.506391  -0.278176 -0.0901483 -0.0100905   0.030329 -0.0101144  0.0908263  -0.168381 -0.0531272 0.0943882 0.0669312   9.80832  35978
             97.9191 -0.628591  -2.00366   72.3111  2.80116  1.28143 0.167717 180.013       0       0 -0.13     0 -1.03  0.424795 -0.081238 0.0172458 -0.00933046   0.0300464  -0.0101478  0.0884592  -0.170539 -0.0601495 0.0934366 0.0664671   9.80833  36191
             98.3177 -0.610324  -1.98242   72.0566  2.80326  1.28531 0.154326 180.013       0       0 -0.13     0 -1.03 -0.0198769   0.038441 -0.0459472 -0.00927922   0.0296408  -0.0097189  0.0871069  -0.179016 -0.0590267 0.0918357 0.0646352   9.80836  35987
             98.7151 -0.624895  -1.93762   72.2229  2.87297  1.34761 0.154484 180.013       0       0 -0.13     0 -1.03 0.364799 0.347357 0.060808  -0.0101102   0.0290264 -0.00987643  0.0855996  -0.174778 -0.0589576 0.092102 0.065896  9.80835  35875
             98.9138 -0.629229  -1.94035   72.1209  2.86218  1.40485 0.164427 180.013       0       0 -0.13     0 -1.03 0.0143058  0.321805 0.0800933 -0.00962766   0.0292102 -0.00963419  0.0873885  -0.180628 -0.0588429 0.0915987 0.0643877   9.80836  36147
             99.1124 -0.626271  -1.89467   72.1177 2.88521 1.47286 0.14893 180.013       0       0 -0.13     0 -1.03   0.123727   0.402075 -0.0520642 -0.00951555   0.0289228 -0.00905785  0.0877119  -0.178694 -0.0519349 0.0920804 0.0650562   9.80835  36050
             99.3111 -0.653935  -1.89612   74.2294  2.95151  1.55888 0.140551 180.013       0       0 -0.13     0 -1.03   0.387632   0.485264 -0.0232553  -0.0094013   0.0287712 -0.00875369 0.0874155 -0.172843 -0.050798 0.0928915 0.0665233   9.80833  36210
             99.7097 0.0307025  -2.49444   82.0379  3.09717  2.00782 0.133289 180.013       0       0 -0.13     0 -1.03    0.396985     1.52286 0.000106354 -0.00895289   0.0267881 -0.00893843  0.0684264  -0.175005 -0.0509519 0.0874679  0.068569   9.80837  36614
             99.9084 0.192166 -2.52059  83.0842  3.18497  2.41735 0.151241 180.013       0       0 -0.13     0 -1.03 0.417188  2.06218 0.118045 -0.00884264    0.023608 -0.00892269  0.0590009   -0.17161 -0.0548345 0.0842276 0.0704408   9.80839  36049
             100.107  0.13482 -2.30117  83.6285  3.22614  2.88468 0.166485 180.013       0       0 -0.13     0 -1.03 0.234612  2.33927 0.055347 -0.00893529   0.0234171 -0.00873414  0.0509944  -0.175576 -0.0532312 0.0807915 0.0695565   9.80842  36005
             100.306 0.133322 -2.24933  83.6149  3.27851  3.17881 0.185696 180.013       0       0 -0.13     0 -1.03 0.317044  1.55163 0.178356 -0.00807562   0.0188095 -0.00861584  0.0775521  -0.182054 -0.0549158 0.0905799 0.0649211   9.80837  35864
             100.703 0.142045  -2.1969  83.6786  3.35554  3.55921 0.173308 180.013       0       0 -0.13     0 -1.03  0.135807  0.788779 -0.203681 -0.00801928   0.0167454 -0.00876009   0.101623  -0.191984 -0.0489632  0.098977 0.0594232   9.80832  36130
             100.902 0.126812 -2.15003  83.9525  3.36032  3.67162 0.163168 180.013       0       0 -0.13     0 -1.03  0.028809  0.632161 0.0352449  -0.0071123   0.0185789 -0.00871205  0.105942  -0.19649 -0.052012  0.100288 0.0573063   9.80832  36126
               101.1  0.15438 -2.15397  83.5993  3.37035  3.74432 0.172852 180.013       0       0 -0.13     0 -1.03 0.0830221  0.420645 0.0721576 -0.00709815   0.0199192 -0.00846201   0.114738  -0.198294 -0.0524342  0.103483 0.0559373   9.80829  35957
               101.3 0.132803 -2.14055  83.8464  3.38319  3.79346 0.180261 180.013       0       0 -0.13     0 -1.03 0.0821423  0.299557 0.0156617 -0.00710348   0.0209902 -0.00879426   0.121518  -0.200993 -0.0539659   0.10584 0.0543509   9.80828  36113
             101.499  0.12923 -2.12027  84.0164  3.37367  3.91949 0.185656 180.013       0       0 -0.13     0 -1.03 -0.0581413   0.766824   0.171297 -0.00621592   0.0192829 -0.00888295   0.107147  -0.203087 -0.0524766  0.100325 0.0547646   9.80833  36000
             101.698 0.122031 -2.07078  84.3314  3.40883  4.04099 0.166625 180.013       0       0 -0.13     0 -1.03  0.218925  0.749922 -0.155521 -0.00576894   0.0187599 -0.00886158   0.111851   -0.20047 -0.0492351 0.102258 0.055455  9.80831  36133
             101.896 0.130067 -2.06542  84.3135  3.44269  4.15996 0.171537 180.013       0       0 -0.13     0 -1.03  0.215476  0.717809 0.0430955 -0.00620221   0.0167846 -0.00842784   0.117472  -0.204727 -0.0606396  0.104086 0.0531072    9.8083  35905
             102.096  0.16053 -2.05941  83.8081  3.43879  4.28309 0.184111 180.013       0       0 -0.13     0 -1.03 0.000422095    0.708832   0.0172389 -0.00742863   0.0154877 -0.00799028   0.121493  -0.216709 -0.0643225  0.104687 0.0482342   9.80832  35975
             102.295 0.147386 -2.05591  84.0133   3.4397  4.36992 0.187129 180.013       0       0 -0.13     0 -1.03 0.0466293  0.540634 0.0285183 -0.00723397   0.0156807 -0.00821992   0.136727  -0.221485 -0.0655362  0.109953 0.0452689   9.80828  35776
             102.494 0.147711 -2.04347  84.1133  3.43967  4.40402 0.186399 180.013       0       0 -0.13     0 -1.03 -0.0128378   0.287012    0.01832 -0.00730854   0.0179289 -0.00837855   0.153574  -0.227283 -0.0643257  0.115628 0.0418679   9.80823  35768
             102.692 0.136935 -2.06404  84.3621  3.43166    4.351 0.186991 180.013       0       0 -0.13     0 -1.03 -0.0228279  -0.155642  -0.166989 -0.00712579   0.0163213 -0.00842466   0.163614  -0.230359 -0.0648815  0.119015 0.0399321    9.8082  35737
              103.09 0.130069 -2.05605  84.4515  3.41998  4.41735 0.196563 180.013       0       0 -0.13     0 -1.03 -0.018318  0.346061  0.108927 -0.00695067   0.0171052 -0.00837208    0.15669  -0.226922 -0.0709528  0.116822 0.0415317   9.80822  35656
              103.29 0.132587 -2.05684  84.4473  3.46873  4.54745 0.211495 180.013       0       0 -0.13     0 -1.03   0.220989   0.739484 -0.0159389  -0.0102142   0.0141302 -0.00852275   0.150935  -0.213989 -0.0747367 0.115746 0.046504  9.80821  35893
             103.488 0.142246 -2.03681  84.3705  3.48545  4.62388 0.207099 180.013       0       0 -0.13     0 -1.03 0.00421875   0.519485   0.232161 -0.00966545   0.0165986  -0.0085466   0.163427   -0.22176 -0.0739946  0.119626 0.0427803   9.80818  35724
             103.687 0.138793 -2.04359  84.4772  3.49711  4.68456 0.219101 180.013       0       0 -0.13     0 -1.03 0.051656 0.354104 0.114591 -0.00930834   0.0156579 -0.00888436   0.167978  -0.222008 -0.0714918  0.121215 0.0423993   9.80816  35714
             103.886 0.133945 -2.05837  84.7079   3.5102   4.7175 0.225147 180.013       0       0 -0.13     0 -1.03 0.0964404  0.236718 0.0614708 -0.00880513   0.0134146 -0.00920456   0.174966  -0.223196 -0.0649076  0.123528 0.0416027   9.80813  35665
             104.084 0.130863 -2.05272  84.7733  3.53026  4.75847 0.230671 180.013       0       0 -0.13     0 -1.03 0.0735474  0.295292  0.071763 -0.00864819   0.0130066 -0.00939065   0.178315  -0.222308 -0.0566609  0.124737 0.0418743   9.80812  35830
             104.283 0.135211 -2.04449  84.7499  3.52873  4.83393 0.228488 180.013       0       0 -0.13     0 -1.03  0.0507489    0.44777 -0.0398552 -0.00831984   0.0128521 -0.00922617   0.175721  -0.226357 -0.0528634  0.123502 0.0407451   9.80814  35877
             104.482 0.139947 -2.02654  84.7514  3.53062  4.90278 0.236321 180.013       0       0 -0.13     0 -1.03 -0.0455107   0.584783 -0.0149739 -0.00828826   0.0131847 -0.00920553   0.180358  -0.228565 -0.0593797  0.125028 0.0394494   9.80812  35909
             104.682 0.128028  -2.0324  84.8743  3.51699  5.01209 0.245577 180.013       0       0 -0.13     0 -1.03 -0.0265826   0.627892   0.100765 -0.00831226   0.0128186   -0.009574    0.18174  -0.229113 -0.0602843  0.125473 0.0391287   9.80812  36159
              104.88 0.138753 -2.01638  84.8725  3.52421  5.06983 0.248573 180.013       0       0 -0.13     0 -1.03 0.0710991  0.406383 0.0396932 -0.00744646  0.00831895 -0.00932861   0.191323   -0.23035 -0.0570973   0.12866 0.0380171   9.80808  35933
             105.079 0.13434 -2.0128 85.0172  3.55414  5.12055 0.241115 180.013       0       0 -0.13     0 -1.03   0.196592   0.336353 -0.0164666 -0.00625628  0.00591072 -0.00916402   0.199055  -0.230057 -0.0532016 0.131337 0.037613  9.80805  35873
             105.278 0.140342 -2.00713   84.881 3.53611 5.19334 0.25179 180.013       0       0 -0.13     0 -1.03 -0.0605336   0.433046  0.0731496  -0.0087728  0.00563324 -0.00944463   0.196612  -0.242044 -0.0587551  0.129596 0.0335388   9.80809  35806
             105.476   0.1389 -2.00647  84.9226  3.56385  5.23924 0.254864 180.013       0       0 -0.13     0 -1.03   0.132845    0.39382 -0.0776051 -0.00795695  0.00493981   -0.009588   0.207788  -0.235932 -0.0570703  0.133899 0.0348246   9.80802  35859
             105.675 0.147235  -2.0137  85.1173  3.59979  5.15889 0.234822 180.013       0       0 -0.13     0 -1.03  0.215871 -0.381758 -0.012833 -0.00760765  0.00186505 -0.00998625   0.222379  -0.238685 -0.0570179  0.138633 0.0327509   9.80797  35937
             105.874  0.13867 -2.04627   85.453   3.6115  5.05011 0.243207 180.013       0       0 -0.13     0 -1.03 0.129838 -0.51067 0.158463   -0.0089973 -0.000742376   -0.0103018   0.226348  -0.242887 -0.0592478  0.139622 0.0309749   9.80796  36093
             106.074 0.136991 -2.05713  85.7284  3.6666 5.01231 0.25306 180.013       0       0 -0.13     0 -1.03  0.275238 -0.220435 0.0288294 -0.00773947   0.0032232   -0.010333   0.219242  -0.237425 -0.0542413  0.137649 0.0334883   9.80798  36328
             106.272 0.116918 -2.03173  86.6382  3.66104  5.12934 0.258658 180.013       0       0 -0.13     0 -1.03 0.034217 0.462944  0.10065 -0.0131439  0.0149945 -0.0098957   0.190181  -0.240622 -0.0529552 0.127484 0.034587  9.80811  36114
             106.671 0.0615211   -1.9649   91.2601  3.54291  5.36399 0.277893 180.013       0       0 -0.13     0 -1.03 -0.362402  0.719974  0.108191  -0.0180003   0.0151975 -0.00967198   0.184498  -0.253434 -0.0469233  0.12462 0.030529  9.80816  36251
              106.87 0.0227207  -1.87588   93.8484   3.4469  5.44654 0.295529 180.013       0       0 -0.13     0 -1.03 -0.492664  0.500499  0.206481  -0.0174918   0.0165062 -0.00952193   0.189868  -0.257956 -0.0445472   0.12665 0.0286664   9.80814  36009
             107.069 -0.0909935   -1.71354    95.9165  3.34246  5.40611 0.370021 180.013       0       0 -0.13     0 -1.03  -0.558118 -0.0800381   0.472286  -0.0170898   0.0197338 -0.00923871   0.208597  -0.268071 -0.0501574  0.134438 0.0243093   9.80805  36309
             107.268 0.0262173  -1.78848   97.4456  3.21385  5.39372 0.440204 180.013       0       0 -0.13     0 -1.03   -0.62169 -0.0206169     0.2991  -0.0167264   0.0194851 -0.00920524   0.206113    -0.2723 -0.0424632    0.1334 0.0225602   9.80807  35885
             107.864 0.0310162  -1.76742   97.2002  3.02597  5.56988 0.460404 180.013       0       0 -0.13     0 -1.03  -0.165779   0.482071 -0.0735411  -0.0227788   0.0168206 -0.00915148   0.206329  -0.259716 -0.0321529  0.133045 0.0282544   9.80806  35855
             108.064 0.0272242  -1.75795   97.2226  3.03468  5.67163 0.457161 180.013       0       0 -0.13     0 -1.03  0.0279938   0.621419 -0.0353716 -0.0293081  0.0179952 -0.0090747   0.210196  -0.253432 -0.0426116  0.134575 0.0309553   9.80803  36075
             108.263 0.0402191  -1.74161   97.2136  3.06238  5.77704 0.450481 180.013       0       0 -0.13     0 -1.03  0.138627  0.533486 -0.121653  -0.0289211   0.0177299 -0.00910896  0.214087 -0.252155 -0.042462  0.136223 0.0316013     9.808  35596
              108.66 0.040565  -1.7306  97.3923  3.02801  5.95325 0.462137 180.013       0       0 -0.13     0 -1.03 -0.151838  0.473073  0.156191  -0.0313163   0.0168465 -0.00911901   0.213769  -0.261922 -0.0460446  0.136325 0.0273681   9.80801  35548
              108.86 0.073897 -1.73691  97.3292  3.09249  6.02142 0.476217 180.013       0       0 -0.13     0 -1.03     0.355917      0.42913 -0.000958896  -0.0330839   0.0180335 -0.00914007   0.223618  -0.254386 -0.0441995 0.140314 0.030799  9.80795  35785
             109.257 0.046304 -1.71646  97.6767  3.06926  6.13089 0.481719 180.013       0       0 -0.13     0 -1.03  -0.144846   0.312352 -0.0154127 -0.0302924  0.0185225 -0.0093654   0.223177    -0.2722 -0.0466056  0.140499 0.0232628   9.80797  35506
             109.456 0.0530985  -1.71733   97.6766  3.03079  6.19838 0.490849 180.013       0       0 -0.13     0 -1.03  -0.176869   0.412926 -0.0469343  -0.0292915   0.0179039 -0.00938512   0.221093  -0.273833 -0.0530817  0.139678 0.0224047   9.80798  35312
             109.656 0.0555174  -1.70517   97.6009  2.98507  6.29696 0.486223 180.013       0       0 -0.13     0 -1.03  -0.164338   0.510444 0.00217483 -0.0293253  0.0179706 -0.0093849   0.219478  -0.274087 -0.0532682  0.139007 0.0222621   9.80799  35552
             109.855 0.055112 -1.70675  97.7643  2.94888   6.3801 0.494199 180.013       0       0 -0.13     0 -1.03 -0.192351  0.454351  0.123448  -0.0287983    0.017466 -0.00962162   0.220933  -0.275263 -0.0535088  0.139632 0.0217963   9.80798  35262
             110.054 0.0423348  -1.69507   97.9637  2.92715  6.47336 0.488603 180.013       0       0 -0.13     0 -1.03 -0.111896  0.492276 -0.119351  -0.0279949   0.0174968 -0.00982865   0.222864  -0.272625 -0.0480981  0.140345 0.0229565   9.80797  35317
             110.252 0.061612 -1.71053  97.9804  2.90979  6.58121 0.501265 180.013       0       0 -0.13     0 -1.03 -0.0204915   0.598248  0.0995627  -0.0276002   0.0174977 -0.00991654    0.22129   -0.27373 -0.0597594   0.13978 0.0223829   9.80798  35402
             110.651 0.546517 -1.84528  98.2207 2.90596 6.78331 0.42211 180.013       0       0 -0.13     0 -1.03 -0.0216194    0.54477  -0.246187  -0.0267532   0.0193893 -0.00954974   0.228505  -0.276834 -0.0343074   0.14254 0.0214835   9.80794  35493
             111.048 0.721656 -1.79281  98.2444  2.81216  7.06638 0.307601 180.013       0       0 -0.13     0 -1.03 -0.302648  0.842185 -0.294003  -0.0205649      0.0166 -0.00963953  0.219907 -0.284963 -0.028573   0.13912 0.0179929     9.808  35413
             111.248 0.625459 -1.76941  98.3586  2.76951   7.1986 0.330883 180.013       0       0 -0.13     0 -1.03 -0.220893  0.721852   0.39974  -0.0214214   0.0203746 -0.00959082   0.230661  -0.286661 -0.0534604  0.143945 0.0174179   9.80793  35715
             111.447 0.595347 -1.77229  98.4763  2.72993  7.29264 0.374588 180.013       0       0 -0.13     0 -1.03 -0.237515  0.541461  0.239149 -0.0214243  0.0214703 -0.0095359   0.241193  -0.289716 -0.0477192   0.14824 0.0164293   9.80787  35731
             111.645 0.620024 -1.75688  98.5282 2.70366 7.40346 0.36341 180.013       0       0 -0.13     0 -1.03 -0.230201  0.735615 0.0628161  -0.0218496   0.0215496 -0.00958092   0.243677   -0.28569 -0.0334397  0.149036 0.0181809   9.80785  35689
             111.846 0.581195  -1.7626  98.7041  2.71893  7.51841 0.378849 180.013       0       0 -0.13     0 -1.03 0.121304 0.622167 0.109354  -0.0213419   0.0205393 -0.00957883   0.249181  -0.283089 -0.0332989  0.151205 0.0193318   9.80782  36084
             112.243 0.580968 -1.74828  98.8584  2.78059  7.69571 0.393879 180.013       0       0 -0.13     0 -1.03   0.152671   0.488996 0.00824557  -0.0211598   0.0176758 -0.00977333   0.259407  -0.287959 -0.0327631  0.155351 0.0175631   9.80775  35708
             112.441  0.52638 -1.74091    98.98  2.83289  7.68614 0.399651 180.013       0       0 -0.13     0 -1.03    0.22052 -0.0338574  0.0860102   -0.022072   0.0244096 -0.00989095   0.290865  -0.295805 -0.0299164  0.167978 0.0150742   9.80755  35887
             112.641 0.494743 -1.75324   99.157  2.84939  7.62627 0.396878 180.013       0       0 -0.13     0 -1.03    0.16766  -0.181587 -0.0314358  -0.0209953   0.0258133 -0.00981337   0.297781  -0.305937 -0.0272619  0.170896 0.0112135    9.8075  36014
              112.84 0.405878 -1.67723  99.2394  2.85159  7.63084 0.428639 180.013       0       0 -0.13     0 -1.03 -0.0451039   0.015364   0.101741  -0.0212762   0.0258484 -0.00993596   0.293686  -0.306596 -0.0289972  0.169297 0.0108572   9.80753  35547
              113.04 0.456832 -1.72496  99.2245  2.88964  7.64275 0.408746 180.013       0       0 -0.13     0 -1.03  0.209733  0.143749 -0.260594  -0.0176929   0.0246505 -0.00982083    0.29723  -0.300208 -0.0223961  0.170522 0.0134977   9.80751  35968
             113.239 0.469679  -1.7113  99.3677  2.87878  7.74019 0.415412 180.013       0       0 -0.13     0 -1.03 -0.0349323   0.498502   0.114829 -0.0202605  0.0307135 -0.0102565   0.277886  -0.302928 -0.0367138  0.163115 0.0119364   9.80764  35813
             113.437 0.479421 -1.71097  99.4812  2.83721  7.87585 0.423185 180.013       0       0 -0.13     0 -1.03 -0.182831  0.696248 0.0317693 -0.0209228  0.0316357 -0.0105807   0.268472  -0.305649 -0.0329179   0.15946 0.0107332    9.8077  35924
             113.636 0.363653 -1.69587  99.5932  2.84668  7.92659 0.467171 180.013       0       0 -0.13     0 -1.03 -0.229585  0.269405   0.19461 -0.0208638   0.031251 -0.0106262   0.290143  -0.304755 -0.0440828  0.168001 0.0113859   9.80755  35886
             113.836 0.453697 -1.68527  99.6182  2.82631  8.03762 0.443683 180.013       0       0 -0.13     0 -1.03  -0.134853    0.54061 -0.0374535 -0.0199645  0.0316315 -0.0104706   0.287256  -0.299813 -0.0392834  0.166767 0.0132839   9.80757  35973
             114.035 0.460661 -1.68499  99.4695  2.79726  8.06874 0.444626 180.013       0       0 -0.13     0 -1.03  -0.184522   0.144313 -0.0093235 -0.0200179   0.027218 -0.0103925   0.298892  -0.305934 -0.0421684  0.171382 0.0110984    9.8075  35508
             114.233 0.470543 -1.68396   99.732  2.77079  8.15174 0.439828 180.013       0       0 -0.13     0 -1.03 -0.0674722   0.452818 -0.0246738 -0.0191185  0.0291854 -0.0106341  0.288457 -0.299189 -0.040482  0.167247 0.0135194   9.80756  35489
             114.433 0.477539 -1.66642  99.7491  2.74221  8.28625 0.451263 180.013       0       0 -0.13     0 -1.03 -0.176823  0.698471 0.0754584 -0.0189296  0.0299113 -0.0106042   0.280175  -0.296783 -0.0429165  0.164068 0.0142913   9.80762  35725
             114.632 0.465695 -1.66205  99.7638  2.73719  8.36595 0.481188 180.013       0       0 -0.13     0 -1.03  -0.122365   0.531791 -0.0678418 -0.0189621  0.0295668 -0.0106339   0.294762  -0.297646 -0.0483248  0.169697 0.0141847   9.80752  35611
             115.029  2.08554 -2.45994  99.6477  2.73439  8.50491 0.358594 180.013       0       0 -0.13     0 -1.03 -0.0349289   0.348651  -0.345934   -0.01923  0.0296349 -0.0107747   0.299539  -0.298085 -0.0456137  0.171489 0.0141148   9.80749  35500
             115.229  2.09009 -2.42525    99.66  2.71642  8.58394 0.334242 180.013       0       0 -0.13     0 -1.03  -0.142431    0.43925 -0.0554789 -0.0182689  0.0291825 -0.0107156   0.297792  -0.300092 -0.0580083  0.171182 0.0132336    9.8075  35736
             115.428 2.09599 -2.4139 99.7182  2.64106  8.62221 0.353183 180.013       0       0 -0.13     0 -1.03 -0.448759  0.197567  0.172847 -0.0175717  0.0293996 -0.0108639   0.302159  -0.312499 -0.0622803   0.173107 0.00868517    9.80747  35414
             115.627  2.13271 -2.44385  99.8247  2.59874  8.68833 0.390817 180.013       0       0 -0.13     0 -1.03 -0.239688  0.458767 -0.138999 -0.0170568   0.029445 -0.0109226   0.302625  -0.303691 -0.0625801  0.173188 0.0119224   9.80746  35453
             116.025  2.15343 -2.39353  99.6303  2.55239  8.90771 0.383086 180.013       0       0 -0.13     0 -1.03   -0.218901    0.707106 -0.00199059 -0.0157927  0.0288556 -0.0103598   0.305629  -0.299618 -0.0650021  0.174318 0.0134399   9.80744  35674
             116.423  2.13525 -2.40061  99.7428  2.53088  8.95527 0.384598 180.013       0       0 -0.13     0 -1.03 -0.0640549 -0.0305245  0.0211478  -0.0190473   0.0449456 -0.00994964   0.350737  -0.305017 -0.0669929  0.190767 0.0120685   9.80714  34938
             116.821  2.14159 -2.41364  99.5639  2.55677  8.91424 0.382782 180.013       0       0 -0.13     0 -1.03 0.0843094 -0.135647  -0.01304  -0.0215709   0.0463624 -0.00973862  0.356848 -0.300125 -0.066137  0.192866 0.0138897   9.80709  35035
             117.021  2.14095 -2.40062  99.5919  2.57395  8.90112 0.382976 180.013       0       0 -0.13     0 -1.03 0.0396131 -0.055188 0.0114325  -0.0215954   0.0457278 -0.00969304   0.355775  -0.298544 -0.0664183  0.192486 0.0144349    9.8071  34961
              117.22  2.13883 -2.40109   99.618  2.57201  8.90445 0.383285 180.013       0       0 -0.13     0 -1.03 -0.0513708   0.021731 0.00684199  -0.0213074   0.0448224 -0.00962935  0.352893 -0.297832 -0.065115  0.191433 0.0146724   9.80712  34340
             117.419  2.14072 -2.40166  99.6082  2.57325  8.91442 0.384851 180.013       0       0 -0.13     0 -1.03 -0.039642 0.0610487 0.0163594  -0.0217021    0.044461 -0.00954512   0.354371  -0.292846 -0.0650419  0.191917 0.0164279   9.80711  34013
             117.619  2.13873 -2.39951  99.5769  2.57235  8.91972 0.386129 180.013       0       0 -0.13     0 -1.03 -0.063032 0.0420694 0.0127945  -0.0217968   0.0445278 -0.00951133   0.357061  -0.291665 -0.0646355  0.192836 0.0168579   9.80709  34054
             117.817  2.14436 -2.39596   99.555  2.57541  8.92031 0.386843 180.013       0       0 -0.13     0 -1.03 -0.030555 0.0175709 0.0121361   -0.021187   0.0436649 -0.00937571   0.358879  -0.290246 -0.0645111  0.193458 0.0173548   9.80708  33752
             118.016  2.14638 -2.39453  99.5579  2.57667  8.91779 0.386148 180.013       0       0 -0.13     0 -1.03 -0.0454439 0.00564122 0.00498939  -0.0205236   0.0426457 -0.00924802   0.36219 -0.288027 -0.063182  0.194548 0.0181321   9.80705  33732
             118.216  2.14313 -2.39663  99.5506  2.57657   8.9176 0.383909 180.013       0       0 -0.13     0 -1.03  -0.0498652   0.0114652 -0.00429315  -0.0204151   0.0421008 -0.00911657   0.365928  -0.283491 -0.0614583 0.195762 0.019709  9.80703  33890
             118.615  2.15572 -2.43689  99.5021  2.56102  8.93059 0.390452 180.013       0       0 -0.13     0 -1.03 -0.0921189  0.0531191  0.0318361  -0.0208219   0.0408897 -0.00875812   0.368543  -0.278131 -0.0626392  0.196675 0.0215396     9.807  33900
             119.013 2.15329 -2.4461  99.499  2.55789  8.94098 0.387679 180.013       0       0 -0.13     0 -1.03  -0.0438214   0.0346734 -0.00400848  -0.0229058   0.0409634 -0.00844411   0.374894    -0.2717 -0.0584398  0.198668 0.0237909   9.80696  33939
             119.611  2.36004 -4.36953  99.3794  2.58232   8.8077 0.452552 180.013       0       0 -0.13     0 -1.03 0.0135659 -0.286019  0.151312  -0.0245887   0.0485636 -0.00789355   0.391408  -0.270859 -0.0706184  0.204672 0.0240024   9.80684  34011
             119.809   2.3587 -4.36582  99.3837 2.59164 8.80454 0.44875 180.013       0       0 -0.13     0 -1.03 -0.00652879    0.031267   -0.054724   -0.024582   0.0479344 -0.00784851   0.387177  -0.265314 -0.0547016  0.202526 0.0262177   9.80687  33785
             120.009  2.35264 -4.36928  99.3582  2.58994  8.80449 0.443514 180.013       0       0 -0.13     0 -1.03 -0.0558086  0.0483119 -0.0163288  -0.0243314   0.0474844 -0.00776109   0.390553  -0.265298 -0.0558908  0.203713 0.0261778   9.80685  33922
             120.208  2.33153 -4.37468  99.4988  2.57817   8.8471 0.451706 180.013       0       0 -0.13     0 -1.03  -0.10951  0.247516 0.0471162  -0.0241838   0.0464493 -0.00784335  0.384337 -0.260337 -0.058349  0.201765 0.0277348   9.80689  33643
             120.408  2.32101 -4.38879   99.572  2.59544  8.83112 0.436036 180.013       0       0 -0.13     0 -1.03  0.0540351 -0.0471321 -0.0806786  -0.0245224   0.0473715 -0.00781262   0.413628  -0.256698 -0.0524772   0.21123 0.0292027   9.80668  33417
             120.607  2.32871 -4.38585  99.5428 2.61046 8.81625 0.43421 180.013       0       0 -0.13     0 -1.03  0.00888634 -0.00583611   0.0126128   -0.024502   0.0473269 -0.00779356   0.415868  -0.256265 -0.0559504  0.212139 0.0292244   9.80666  33213
             120.805  2.32677 -4.38266  99.5429  2.61266  8.79447 0.435194 180.013       0       0 -0.13     0 -1.03 -0.0338482 -0.0618728    0.01339  -0.0241267    0.046216 -0.00773032   0.418302  -0.256749 -0.0559061 0.212945 0.029064  9.80665  31321
             121.005 2.33648 -4.3812 99.5163  2.60651  8.78048 0.432303 180.013       0       0 -0.13     0 -1.03  -0.0777868  -0.0213065 -0.00555113 -0.0234977  0.0451253 -0.0076133    0.42117  -0.255767 -0.0543349  0.213818 0.0294422   9.80663  29989
