0.597279 -0.000087 -0.001940 -0.000002 0.002561 -0.011980 -0.000281 0.000000 0.000000 0.000000 -0.153480 0.008572 -0.001912 0.000000 0.000000 0.000000 0.000075 -0.000487 -0.002224 -0.000002 0.000001 0.000000 0.131581 0.209108 9.805888 
0.795936 -0.000087 -0.001940 0.000519 0.008085 -0.017789 0.000059 0.000000 0.000000 0.000000 0.034374 -0.025178 0.015084 0.000000 0.000000 0.000000 0.000073 -0.000372 -0.002204 -0.000102 0.000016 0.000008 0.131677 0.209093 9.805887 
1.193264 -0.000056 -0.001777 0.006099 0.114956 -0.031240 0.002272 0.000000 0.000000 0.000000 0.330856 -0.042819 0.006251 0.000000 0.000000 0.000000 -0.000089 -0.003040 -0.002655 -0.057980 0.003083 -0.005558 0.187215 0.205953 9.805050 
1.391879 -0.000012 -0.001673 0.006776 0.170326 -0.052139 0.002535 0.000000 0.000000 0.000000 0.278155 -0.103566 0.005385 0.000000 0.000000 0.000000 -0.000941 -0.002534 -0.003093 -0.045135 0.022088 -0.001765 0.174930 0.187800 9.805642 
1.591850 -0.000010 -0.001715 0.010723 0.136545 -0.066133 0.002246 0.000000 0.000000 0.000000 -0.139119 -0.058717 -0.007058 0.000000 0.000000 0.000000 -0.000951 -0.000364 -0.003114 0.066625 0.013144 0.004817 0.067716 0.196024 9.806807 
1.790519 -0.000024 -0.001741 0.007864 0.129682 -0.044468 0.002426 0.000000 0.000000 0.000000 -0.062271 0.105931 -0.000429 0.000000 0.000000 0.000000 -0.000734 -0.000638 -0.002966 0.039936 -0.027491 0.000802 0.092793 0.235197 9.805741 
1.990511 -0.000057 -0.001724 0.008856 0.163127 -0.024730 0.002152 0.000000 0.000000 0.000000 0.120797 0.115575 -0.012638 0.000000 0.000000 0.000000 -0.000832 -0.001007 -0.003059 -0.006293 -0.021833 -0.004688 0.137169 0.230244 9.805338 
2.189125 -0.000092 -0.001626 0.008213 0.224371 -0.002266 0.003930 0.000000 0.000000 0.000000 0.271188 0.105354 0.005275 0.000000 0.000000 0.000000 -0.000798 -0.001360 -0.002983 -0.044291 -0.022302 -0.011602 0.173491 0.231088 9.804743 
2.387784 -0.000051 -0.001507 0.008402 0.308825 -0.017511 0.005836 0.000000 0.000000 0.000000 0.396045 -0.060735 0.010338 0.000000 0.000000 0.000000 -0.001332 -0.001795 -0.003190 -0.074731 0.016103 -0.010196 0.203192 0.194777 9.804961 
2.586440 0.000030 -0.001459 0.010269 0.320828 -0.047926 0.006061 0.000000 0.000000 0.000000 0.094337 -0.144688 -0.011156 0.000000 0.000000 0.000000 -0.001519 -0.000812 -0.003063 -0.020309 0.027431 -0.008991 0.151337 0.183222 9.806121 
2.785092 0.000039 -0.001455 0.008801 0.337113 -0.058323 0.006143 0.000000 0.000000 0.000000 0.090134 -0.080824 0.000687 0.000000 0.000000 0.000000 -0.001241 -0.000804 -0.003094 -0.020007 0.015406 -0.011543 0.150821 0.194668 9.805908 
2.985098 0.000022 -0.001405 0.011338 0.378471 -0.040460 0.008235 0.000000 0.000000 0.000000 0.195457 0.079673 0.022048 0.000000 0.000000 0.000000 -0.001026 -0.000841 -0.003420 -0.034867 -0.010645 -0.009932 0.164756 0.219711 9.805155 
3.382394 0.000041 -0.001276 0.011156 0.455810 -0.038574 0.008891 0.000000 0.000000 0.000000 0.179421 -0.014778 -0.002235 0.000000 0.000000 0.000000 -0.001588 -0.000976 -0.003263 -0.033922 -0.000429 -0.005997 0.164111 0.210054 9.805377 
3.582338 0.000061 -0.001195 0.013020 0.509474 -0.047549 0.009805 0.000000 0.000000 0.000000 0.264995 -0.021156 0.003213 0.000000 0.000000 0.000000 -0.001768 -0.001289 -0.003450 -0.040462 0.002715 -0.018191 0.170128 0.206957 9.805341 
3.781068 0.000005 -0.001179 0.016199 0.529915 -0.023123 0.010723 0.000000 0.000000 0.000000 0.124563 0.112868 0.015617 0.000000 0.000000 0.000000 -0.001694 -0.000992 -0.003846 -0.024449 -0.012252 -0.023556 0.154565 0.220793 9.805297 
3.979680 -0.000041 -0.001081 0.018542 0.570671 -0.008606 0.010874 0.000000 0.000000 0.000000 0.202746 0.091703 0.006819 0.000000 0.000000 0.000000 -0.001819 -0.000991 -0.003970 -0.032056 -0.003872 -0.021531 0.162007 0.213045 9.805348 
4.178300 -0.000018 -0.001015 0.015409 0.611894 -0.013118 0.012061 0.000000 0.000000 0.000000 0.219739 -0.017025 0.016530 0.000000 0.000000 0.000000 -0.001886 -0.001031 -0.003697 -0.032059 0.007533 -0.019032 0.162499 0.202301 9.805567 
4.378389 0.000036 -0.000913 0.016666 0.654133 -0.031582 0.012247 0.000000 0.000000 0.000000 0.194829 -0.089798 -0.000100 0.000000 0.000000 0.000000 -0.001925 -0.001091 -0.003784 -0.031609 0.014545 -0.020804 0.162366 0.195616 9.805705 
4.576990 0.000039 -0.000823 0.015034 0.702930 -0.046657 0.011845 0.000000 0.000000 0.000000 0.241716 -0.085619 -0.004839 0.000000 0.000000 0.000000 -0.001898 -0.001160 -0.003605 -0.035778 0.012697 -0.031627 0.166040 0.197331 9.805609 
4.775586 0.000062 -0.000669 0.015035 0.746447 -0.053208 0.013851 0.000000 0.000000 0.000000 0.224678 -0.055667 0.014091 0.000000 0.000000 0.000000 -0.001797 -0.001249 -0.003630 -0.032929 0.009965 -0.036840 0.163151 0.199730 9.805609 
4.974315 0.000104 -0.000576 0.013933 0.789605 -0.049602 0.014752 0.000000 0.000000 0.000000 0.194808 0.023411 0.013025 0.000000 0.000000 0.000000 -0.001838 -0.001315 -0.003568 -0.033514 0.003256 -0.035170 0.163553 0.206099 9.805471 
5.174268 0.000112 -0.000470 0.014826 0.830375 -0.060243 0.014777 0.000000 0.000000 0.000000 0.189910 -0.051172 -0.005318 0.000000 0.000000 0.000000 -0.001732 -0.001351 -0.003636 -0.035668 0.008879 -0.029931 0.165836 0.200983 9.805538 
5.372966 0.000077 -0.000391 0.019126 0.875941 -0.043560 0.016158 0.000000 0.000000 0.000000 0.210914 0.080398 0.024755 0.000000 0.000000 0.000000 -0.001603 -0.001369 -0.003786 -0.040132 -0.003045 -0.033973 0.169607 0.212189 9.805238 
5.571589 0.000014 -0.000318 0.024287 0.960009 -0.022262 0.017763 0.000000 0.000000 0.000000 0.410069 0.122891 -0.002251 0.000000 0.000000 0.000000 -0.001678 -0.001275 -0.004729 -0.054973 -0.001943 -0.026612 0.183658 0.211761 9.804994 
5.771588 0.000129 -0.000182 0.032095 1.052094 -0.003321 0.016611 0.000000 0.000000 0.000000 0.460494 0.086146 0.001535 0.000000 0.000000 0.000000 -0.001698 -0.001523 -0.006691 -0.057474 -0.000116 -0.037120 0.185857 0.209931 9.804992 
6.167564 0.000104 -0.000135 -0.040976 1.006557 0.014113 0.017196 0.000000 0.000000 0.000000 -0.230383 0.080068 0.000372 0.000000 0.000000 0.000000 -0.001962 0.001911 -0.006975 -0.006547 0.002927 -0.038820 0.138273 0.206960 9.805842 
6.366209 -0.000027 -0.000126 -0.020318 1.012128 0.067200 0.017659 0.000000 0.000000 0.000000 -0.019197 0.224717 -0.017618 0.000000 0.000000 0.000000 -0.001163 0.000958 -0.007788 -0.016201 -0.007078 -0.045091 0.149174 0.214177 9.805527 
6.566199 -0.000047 -0.000037 -0.011209 1.061660 0.067144 0.019681 0.000000 0.000000 0.000000 0.196320 -0.036571 0.041267 0.000000 0.000000 0.000000 -0.001456 0.000295 -0.008121 -0.032104 0.001004 -0.045792 0.161325 0.202907 9.805574 
6.764831 -0.000066 0.000002 -0.011257 1.102420 0.078758 0.020337 0.000000 0.000000 0.000000 0.208299 0.064236 0.004440 0.000000 0.000000 0.000000 -0.001394 0.000164 -0.008132 -0.031531 -0.004510 -0.045840 0.161596 0.208047 9.805462 
6.964858 -0.000107 0.000054 -0.012527 1.119340 0.090300 0.020120 0.000000 0.000000 0.000000 0.084758 0.055589 0.012365 0.000000 0.000000 0.000000 -0.001271 0.000303 -0.008138 -0.024684 -0.003010 -0.041105 0.155258 0.207434 9.805577 
7.163527 -0.000049 0.000183 -0.002673 1.196455 0.078241 0.022069 0.000000 0.000000 0.000000 0.319495 -0.038071 0.045162 0.000000 0.000000 0.000000 -0.001370 -0.000040 -0.009187 -0.044415 0.002280 -0.035341 0.172930 0.200926 9.805417 
7.362170 -0.000039 0.000157 0.003297 1.230732 0.078107 0.023027 0.000000 0.000000 0.000000 0.207213 -0.006112 -0.025760 0.000000 0.000000 0.000000 -0.001407 0.000067 -0.011179 -0.035689 0.000012 -0.030069 0.165275 0.204020 9.805485 
7.759466 -0.000052 0.000080 -0.079866 1.179280 0.058185 0.021966 0.000000 0.000000 0.000000 -0.209658 -0.077977 0.012729 0.000000 0.000000 0.000000 -0.002166 0.002135 -0.011400 -0.020395 0.005483 -0.019503 0.150814 0.201167 9.805777 
7.958049 -0.000608 -0.000015 -0.128319 1.126447 0.116557 0.019850 0.000000 0.000000 0.000000 -0.262026 0.255398 0.006782 0.000000 0.000000 0.000000 -0.000044 0.002509 -0.011423 -0.015752 -0.006697 -0.016575 0.152017 0.213005 9.805509 
8.156728 -0.000665 -0.000225 -0.152688 1.065961 0.177689 0.022326 0.000000 0.000000 0.000000 -0.288630 0.293460 0.034632 0.000000 0.000000 0.000000 -0.000038 0.002678 -0.011988 -0.012331 -0.008562 -0.018430 0.150868 0.216364 9.805453 
8.355410 -0.000973 -0.000353 -0.181583 1.045105 0.249092 0.022947 0.000000 0.000000 0.000000 -0.118624 0.413494 -0.056265 0.000000 0.000000 0.000000 -0.000152 0.002862 -0.012146 -0.018520 -0.013889 -0.021152 0.158214 0.214725 9.805373 
8.554073 -0.000960 -0.000425 -0.202440 0.986989 0.254364 0.019662 0.000000 0.000000 0.000000 -0.322892 0.120295 0.040516 0.000000 0.000000 0.000000 0.000564 0.002540 -0.012428 -0.021839 -0.000049 -0.021771 0.148555 0.205845 9.805715 
8.752650 -0.000983 -0.000228 -0.195332 1.057622 0.281740 0.019209 0.000000 0.000000 0.000000 0.310007 0.122616 -0.019942 0.000000 0.000000 0.000000 0.000625 0.003347 -0.013143 -0.037537 -0.015949 -0.019611 0.167612 0.197803 9.805573 
8.951434 -0.001106 -0.000131 -0.176391 1.121030 0.285641 0.021377 0.000000 0.000000 0.000000 0.321412 -0.009624 -0.008239 0.000000 0.000000 0.000000 0.000775 0.003357 -0.013456 -0.040352 -0.013351 -0.023109 0.166192 0.194509 9.805663 
9.151413 -0.001112 -0.000072 -0.174459 1.156558 0.270011 0.022368 0.000000 0.000000 0.000000 0.210296 -0.036404 0.045408 0.000000 0.000000 0.000000 0.000769 0.003051 -0.013529 -0.037424 -0.008336 -0.020618 0.160929 0.194975 9.805742 
9.350020 -0.001117 -0.000022 -0.173046 1.178977 0.269350 0.022652 0.000000 0.000000 0.000000 0.132052 0.025806 0.017909 0.000000 0.000000 0.000000 0.000757 0.002981 -0.013630 -0.032597 -0.006700 -0.020737 0.157496 0.198058 9.805736 
9.548680 -0.001098 0.000028 -0.169918 1.200005 0.257668 0.023308 0.000000 0.000000 0.000000 0.066024 -0.057993 0.032710 0.000000 0.000000 0.000000 0.000799 0.002879 -0.013658 -0.034789 -0.004936 -0.016753 0.157189 0.195565 9.805790 
9.747326 -0.001080 0.000127 -0.167342 1.259958 0.231077 0.025031 0.000000 0.000000 0.000000 0.236393 -0.119606 -0.008031 0.000000 0.000000 0.000000 0.000934 0.003183 -0.013922 -0.046753 -0.008772 -0.011935 0.165833 0.188195 9.805792 
9.947254 -0.001101 0.000219 -0.166568 1.314931 0.220511 0.026100 0.000000 0.000000 0.000000 0.275614 -0.054270 0.007592 0.000000 0.000000 0.000000 0.000840 0.003139 -0.013684 -0.046498 -0.013872 -0.011336 0.169592 0.190828 9.805677 
10.145957 -0.001141 0.000300 -0.167373 1.360014 0.216961 0.027450 0.000000 0.000000 0.000000 0.257052 -0.028858 0.006326 0.000000 0.000000 0.000000 0.000864 0.003024 -0.013654 -0.043364 -0.013696 -0.010624 0.167936 0.193076 9.805662 
10.344588 -0.001194 0.000375 -0.162959 1.403039 0.231042 0.027538 0.000000 0.000000 0.000000 0.239177 0.041603 -0.040896 0.000000 0.000000 0.000000 0.000646 0.003051 -0.013864 -0.039273 -0.016773 -0.010747 0.168241 0.197645 9.805565 
10.543218 -0.001190 0.000476 -0.164836 1.462745 0.213188 0.028404 0.000000 0.000000 0.000000 0.304467 -0.057840 0.027963 0.000000 0.000000 0.000000 0.000714 0.002982 -0.013713 -0.042724 -0.014152 -0.015935 0.167942 0.193776 9.805648 
10.743245 -0.001148 0.000561 -0.161393 1.499574 0.197720 0.029917 0.000000 0.000000 0.000000 0.207528 -0.068750 0.017757 0.000000 0.000000 0.000000 0.000619 0.003203 -0.013933 -0.039753 -0.011695 -0.014038 0.164705 0.194761 9.805683 
10.941842 -0.001165 0.000645 -0.162657 1.537244 0.190036 0.030462 0.000000 0.000000 0.000000 0.208011 -0.033567 -0.012084 0.000000 0.000000 0.000000 0.000507 0.003349 -0.013885 -0.038166 -0.011168 -0.018825 0.163498 0.195656 9.805686 
11.140500 -0.001206 0.000700 -0.163231 1.580539 0.188696 0.031214 0.000000 0.000000 0.000000 0.234425 -0.006287 0.012118 0.000000 0.000000 0.000000 0.000403 0.003258 -0.013696 -0.038345 -0.010928 -0.016235 0.163418 0.195401 9.805692 
11.340503 -0.001213 0.000789 -0.155185 1.614388 0.186852 0.032718 0.000000 0.000000 0.000000 0.169349 -0.024770 -0.005851 0.000000 0.000000 0.000000 0.000431 0.003361 -0.014141 -0.036825 -0.009708 -0.012027 0.161825 0.195899 9.805708 
11.539304 -0.001202 0.000844 -0.155866 1.656234 0.175365 0.033486 0.000000 0.000000 0.000000 0.192992 -0.050568 0.028236 0.000000 0.000000 0.000000 0.000347 0.003283 -0.014116 -0.039401 -0.008528 -0.008269 0.162285 0.193491 9.805749 
11.737881 -0.001215 0.000929 -0.155464 1.701672 0.176902 0.033496 0.000000 0.000000 0.000000 0.228325 0.000024 0.018193 0.000000 0.000000 0.000000 0.000395 0.003412 -0.013926 -0.039216 -0.010852 -0.008617 0.163804 0.194850 9.805696 
11.937777 -0.001202 0.000954 -0.152780 1.726922 0.178278 0.034533 0.000000 0.000000 0.000000 0.153988 0.015517 0.012894 0.000000 0.000000 0.000000 0.000257 0.003416 -0.014079 -0.036493 -0.008464 -0.008671 0.160715 0.195415 9.805736 
12.136511 -0.001234 0.001012 -0.153936 1.762725 0.175653 0.035684 0.000000 0.000000 0.000000 0.161105 0.016801 -0.016782 0.000000 0.000000 0.000000 0.000094 0.003301 -0.013979 -0.038205 -0.007557 -0.008469 0.161008 0.193773 9.805764 
12.335112 -0.001253 0.001105 -0.153928 1.784828 0.167791 0.036855 0.000000 0.000000 0.000000 0.099831 -0.026842 0.032692 0.000000 0.000000 0.000000 -0.000038 0.003293 -0.013950 -0.038440 -0.005141 -0.008346 0.159518 0.192310 9.805817 
12.535102 -0.001287 0.001180 -0.144662 1.849561 0.172384 0.037656 0.000000 0.000000 0.000000 0.304753 0.027245 0.011249 0.000000 0.000000 0.000000 0.000134 0.002959 -0.014498 -0.043921 -0.010696 -0.007636 0.166179 0.191610 9.805720 
12.733836 -0.001259 0.001295 -0.130822 1.891964 0.162758 0.037856 0.000000 0.000000 0.000000 0.238625 -0.005894 0.006164 0.000000 0.000000 0.000000 -0.000065 0.003013 -0.016056 -0.043287 -0.006173 -0.006307 0.162814 0.189672 9.805814 
12.932453 -0.001249 0.001305 -0.149272 1.844190 0.171294 0.037032 0.000000 0.000000 0.000000 -0.150790 0.064123 0.041565 0.000000 0.000000 0.000000 -0.000359 0.003560 -0.016690 -0.028320 0.002589 -0.005855 0.149003 0.194692 9.805936 
13.131080 -0.001321 0.001335 -0.157217 1.760999 0.204896 0.038516 0.000000 0.000000 0.000000 -0.416824 0.177121 0.017283 0.000000 0.000000 0.000000 -0.000468 0.003899 -0.017126 -0.020102 0.004218 -0.002499 0.143520 0.199210 9.805927 
13.528380 -0.001300 0.000910 -0.210823 1.567970 0.209888 0.038053 0.000000 0.000000 0.000000 -0.528454 -0.024008 -0.010318 0.000000 0.000000 0.000000 -0.001421 0.004115 -0.017278 -0.019617 0.009660 -0.003185 0.139359 0.197127 9.806029 
13.728354 -0.001234 0.000891 -0.222235 1.533741 0.216427 0.032453 0.000000 0.000000 0.000000 -0.190902 0.090687 -0.052196 0.000000 0.000000 0.000000 -0.000971 0.002136 -0.017731 -0.026903 0.002840 -0.004639 0.146705 0.192642 9.806011 
13.926991 -0.001427 0.000708 -0.254784 1.467200 0.286371 0.029047 0.000000 0.000000 0.000000 -0.292058 0.320141 0.001366 0.000000 0.000000 0.000000 -0.000592 0.002457 -0.017773 -0.019085 0.000349 -0.003769 0.147600 0.199665 9.805857 
14.125643 -0.001593 0.000607 -0.276487 1.423167 0.394930 0.025539 0.000000 0.000000 0.000000 -0.193464 0.562623 0.027343 0.000000 0.000000 0.000000 -0.000843 0.002536 -0.017875 -0.015520 -0.005206 0.000302 0.152255 0.203187 9.805713 
14.524281 -0.002045 0.000578 -0.334020 1.410365 0.627904 0.021310 0.000000 0.000000 0.000000 -0.032686 0.581061 -0.053255 0.000000 0.000000 0.000000 -0.000753 0.002123 -0.018198 -0.017873 -0.010030 -0.002315 0.156240 0.200598 9.805704 
14.722970 -0.002110 0.000716 -0.341571 1.433709 0.637713 0.019845 0.000000 0.000000 0.000000 0.048018 0.091612 0.047182 0.000000 0.000000 0.000000 -0.002667 0.000708 -0.018524 -0.038343 -0.004796 -0.001691 0.146063 0.184629 9.806175 
14.922918 -0.001961 0.000745 -0.364000 1.476246 0.588662 0.018336 0.000000 0.000000 0.000000 0.196797 -0.247930 -0.013404 0.000000 0.000000 0.000000 -0.002544 0.000490 -0.018761 -0.049660 -0.003622 -0.000702 0.141400 0.175508 9.806410 
15.121588 -0.002037 0.001084 -0.375603 1.610959 0.538839 0.018749 0.000000 0.000000 0.000000 0.661096 -0.193325 -0.031370 0.000000 0.000000 0.000000 -0.002610 0.001107 -0.019071 -0.058262 -0.019210 -0.004134 0.151241 0.162775 9.806483 
15.320207 -0.002048 0.001446 -0.360607 1.730284 0.507567 0.020020 0.000000 0.000000 0.000000 0.637139 -0.141418 0.038573 0.000000 0.000000 0.000000 -0.002637 0.000972 -0.019787 -0.056273 -0.016547 -0.005285 0.149880 0.165453 9.806459 
15.518902 -0.002099 0.001534 -0.351520 1.749366 0.516544 0.019689 0.000000 0.000000 0.000000 0.131263 0.046228 -0.048363 0.000000 0.000000 0.000000 -0.002843 0.000220 -0.019883 -0.041320 0.001483 -0.006227 0.141239 0.184754 9.806243 
15.718868 -0.002110 0.001556 -0.348144 1.761826 0.521155 0.020557 0.000000 0.000000 0.000000 0.074164 0.031369 0.013219 0.000000 0.000000 0.000000 -0.002871 0.000128 -0.019898 -0.041102 0.004280 -0.008388 0.139016 0.185891 9.806253 
15.917528 -0.002107 0.001628 -0.345250 1.800438 0.490946 0.020431 0.000000 0.000000 0.000000 0.175404 -0.094403 -0.014359 0.000000 0.000000 0.000000 -0.002790 -0.000023 -0.019973 -0.050180 0.003900 -0.008490 0.136494 0.178222 9.806431 
16.116316 -0.002114 0.001740 -0.346463 1.836952 0.476753 0.020718 0.000000 0.000000 0.000000 0.196488 -0.043749 0.018569 0.000000 0.000000 0.000000 -0.002882 0.000050 -0.019838 -0.049408 0.004387 -0.013026 0.136339 0.178970 9.806419 
16.314830 -0.002122 0.001817 -0.343800 1.875112 0.465971 0.021385 0.000000 0.000000 0.000000 0.194145 -0.068656 -0.007719 0.000000 0.000000 0.000000 -0.002744 0.000003 -0.019926 -0.048136 0.003920 -0.017163 0.137161 0.179850 9.806392 
16.514827 -0.002135 0.001907 -0.343442 1.912182 0.456896 0.021872 0.000000 0.000000 0.000000 0.166619 -0.007465 0.021492 0.000000 0.000000 0.000000 -0.002737 -0.000017 -0.019756 -0.049349 0.003359 -0.015405 0.137275 0.178689 9.806412 
16.713532 -0.002167 0.002045 -0.343718 1.970108 0.439575 0.022580 0.000000 0.000000 0.000000 0.262787 -0.066832 -0.015447 0.000000 0.000000 0.000000 -0.002643 -0.000147 -0.019628 -0.053366 0.000148 -0.014533 0.138824 0.174465 9.806466 
16.912196 -0.002208 0.002182 -0.342893 2.028774 0.440809 0.023078 0.000000 0.000000 0.000000 0.287488 -0.009661 -0.003721 0.000000 0.000000 0.000000 -0.002473 -0.000088 -0.019533 -0.052005 -0.002187 -0.014786 0.141149 0.174942 9.806424 
17.110773 -0.002214 0.002279 -0.343348 2.076610 0.428865 0.023247 0.000000 0.000000 0.000000 0.256858 -0.056444 -0.010293 0.000000 0.000000 0.000000 -0.002545 -0.000049 -0.019452 -0.051865 0.001244 -0.019818 0.138402 0.175978 9.806445 
17.309508 -0.002210 0.002374 -0.340616 2.116042 0.409890 0.023826 0.000000 0.000000 0.000000 0.229287 -0.096122 0.000558 0.000000 0.000000 0.000000 -0.002457 0.000097 -0.019457 -0.051243 0.003889 -0.020446 0.136403 0.177196 9.806451 
17.706738 -0.002271 0.002532 -0.330760 2.267416 0.378587 0.024814 0.000000 0.000000 0.000000 0.404466 -0.067924 0.007615 0.000000 0.000000 0.000000 -0.002128 -0.001449 -0.020103 -0.056937 -0.002480 -0.014162 0.140051 0.170754 9.806514 
17.906812 -0.002278 0.002728 -0.317523 2.334329 0.360688 0.024761 0.000000 0.000000 0.000000 0.342026 -0.090503 -0.011985 0.000000 0.000000 0.000000 -0.002332 -0.001176 -0.020976 -0.056092 -0.000199 -0.011327 0.138397 0.172027 9.806515 
18.105384 -0.002268 0.002784 -0.322491 2.296131 0.368313 0.023872 0.000000 0.000000 0.000000 -0.129132 0.038762 0.017506 0.000000 0.000000 0.000000 -0.002804 0.000076 -0.021613 -0.044393 0.016340 -0.011414 0.127516 0.185526 9.806416 
18.304058 -0.002159 0.002763 -0.320313 2.264955 0.348531 0.024816 0.000000 0.000000 0.000000 -0.192673 -0.120810 0.031248 0.000000 0.000000 0.000000 -0.002781 0.000150 -0.022174 -0.048066 0.018265 -0.008155 0.125072 0.182974 9.806496 
18.502715 -0.002133 0.002739 -0.298133 2.250227 0.330615 0.022772 0.000000 0.000000 0.000000 -0.061680 -0.112162 0.006529 0.000000 0.000000 0.000000 -0.002851 0.000262 -0.022743 -0.048484 0.014397 -0.004641 0.128127 0.181942 9.806476 
18.701349 -0.002135 0.002867 -0.295346 2.310092 0.325267 0.025052 0.000000 0.000000 0.000000 0.257400 -0.028980 -0.010047 0.000000 0.000000 0.000000 -0.002902 0.000273 -0.022760 -0.052550 0.005357 -0.004852 0.134953 0.177300 9.806469 
18.901322 -0.002164 0.003036 -0.291998 2.366971 0.313983 0.024726 0.000000 0.000000 0.000000 0.264018 -0.042358 0.024302 0.000000 0.000000 0.000000 -0.002803 0.000332 -0.022485 -0.054227 0.004513 -0.002655 0.135559 0.175874 9.806486 
19.100031 -0.002149 0.003147 -0.291685 2.435049 0.288401 0.024509 0.000000 0.000000 0.000000 0.348699 -0.115843 0.011906 0.000000 0.000000 0.000000 -0.002840 0.000214 -0.022449 -0.057365 0.004966 -0.001445 0.135106 0.173359 9.806537 
19.497356 -0.002188 0.003421 -0.285008 2.542169 0.256254 0.024303 0.000000 0.000000 0.000000 0.279498 -0.098180 0.009359 0.000000 0.000000 0.000000 -0.002648 0.001243 -0.022479 -0.051081 0.006636 -0.002623 0.133961 0.178475 9.806461 
19.697291 -0.002218 0.003546 -0.289852 2.602012 0.250250 0.024071 0.000000 0.000000 0.000000 0.297571 -0.024846 -0.005667 0.000000 0.000000 0.000000 -0.002321 0.001226 -0.022191 -0.050444 0.005435 -0.001108 0.134892 0.178974 9.806439 
19.895929 -0.002236 0.003674 -0.288684 2.668091 0.237690 0.024124 0.000000 0.000000 0.000000 0.309105 -0.065995 -0.030223 0.000000 0.000000 0.000000 -0.002335 0.001071 -0.022215 -0.052106 0.005428 -0.004687 0.134959 0.177623 9.806463 
20.294625 -0.002254 0.003878 -0.281761 2.784505 0.211661 0.024557 0.000000 0.000000 0.000000 0.317106 -0.092552 -0.027527 0.000000 0.000000 0.000000 -0.002364 0.001234 -0.022613 -0.052735 0.007471 -0.004247 0.133350 0.177131 9.806494 
20.493339 -0.002280 0.003968 -0.277738 2.850074 0.187326 0.025895 0.000000 0.000000 0.000000 0.304767 -0.091986 0.039517 0.000000 0.000000 0.000000 -0.002574 0.001134 -0.022666 -0.054533 0.008185 -0.006342 0.132836 0.175671 9.806527 
20.691934 -0.002259 0.004079 -0.277079 2.904930 0.199555 0.024805 0.000000 0.000000 0.000000 0.299964 0.020343 0.045821 0.000000 0.000000 0.000000 -0.002536 0.001158 -0.022593 -0.051097 0.006360 -0.003557 0.133997 0.178431 9.806462 
20.891942 -0.002329 0.004249 -0.276701 2.965796 0.206151 0.024372 0.000000 0.000000 0.000000 0.299986 0.013345 -0.003188 0.000000 0.000000 0.000000 -0.002526 0.001135 -0.022546 -0.051001 0.004904 0.001550 0.135029 0.178687 9.806443 
21.090515 -0.002356 0.004357 -0.277291 3.027174 0.193240 0.024040 0.000000 0.000000 0.000000 0.324815 -0.036928 0.031692 0.000000 0.000000 0.000000 -0.002763 0.001208 -0.022266 -0.053428 0.008120 0.005979 0.132647 0.176650 9.806512 
21.289200 -0.002413 0.004464 -0.280293 3.116776 0.195695 0.024238 0.000000 0.000000 0.000000 0.432622 -0.002689 0.004342 0.000000 0.000000 0.000000 -0.002312 0.000998 -0.022268 -0.054712 0.004522 0.008978 0.135406 0.176050 9.806485 
21.489202 -0.002441 0.004638 -0.273494 3.178287 0.200727 0.024541 0.000000 0.000000 0.000000 0.303380 -0.061874 0.030729 0.000000 0.000000 0.000000 -0.002284 0.001405 -0.022457 -0.050752 0.005755 0.010443 0.134190 0.179009 9.806448 
21.687829 -0.002465 0.004710 -0.271699 3.215166 0.189782 0.024808 0.000000 0.000000 0.000000 0.258286 -0.038851 -0.034492 0.000000 0.000000 0.000000 -0.002601 0.001756 -0.022358 -0.047935 0.009118 0.008777 0.131551 0.180886 9.806450 
22.285146 -0.002405 0.004955 -0.272059 3.393093 0.130916 0.023820 0.000000 0.000000 0.000000 0.347303 -0.167938 0.005880 0.000000 0.000000 0.000000 -0.002906 0.000557 -0.021854 -0.049906 0.008855 0.007078 0.131948 0.179425 9.806471 
22.483784 -0.002398 0.005138 -0.266922 3.439198 0.095353 0.023192 0.000000 0.000000 0.000000 0.225639 -0.168503 0.000772 0.000000 0.000000 0.000000 -0.003256 0.000961 -0.022032 -0.049104 0.010421 0.010550 0.130672 0.179782 9.806482 
22.682471 -0.002429 0.005245 -0.265132 3.466411 0.095393 0.021643 0.000000 0.000000 0.000000 0.137666 -0.008427 0.008340 0.000000 0.000000 0.000000 -0.003166 0.000995 -0.021872 -0.046624 0.009325 0.010793 0.131119 0.181694 9.806441 
22.882451 -0.002433 0.005339 -0.266615 3.514471 0.098829 0.023711 0.000000 0.000000 0.000000 0.228209 -0.014361 0.028715 0.000000 0.000000 0.000000 -0.003065 0.001035 -0.021627 -0.048138 0.006480 0.014768 0.133276 0.181083 9.806423 
23.081047 -0.002290 0.004663 -0.237090 3.502845 0.085721 0.031827 0.000000 0.000000 0.000000 0.030072 -0.044464 0.045069 0.000000 0.000000 0.000000 -0.003141 0.001117 -0.021533 -0.043524 0.013230 0.014828 0.127800 0.183154 9.806457 
23.279717 -0.002304 0.004213 -0.209262 3.458202 0.092715 0.038544 0.000000 0.000000 0.000000 -0.207858 -0.023876 0.031795 0.000000 0.000000 0.000000 -0.002962 0.001259 -0.021304 -0.037933 0.013640 0.016115 0.126094 0.186675 9.806413 
23.678376 -0.002112 0.003864 -0.131206 3.102690 0.161789 0.036652 0.000000 0.000000 0.000000 -1.073924 0.210725 -0.006327 0.000000 0.000000 0.000000 -0.002456 0.005117 -0.021168 -0.021576 0.015522 0.017395 0.117468 0.192632 9.806405 
23.877084 -0.001888 0.002934 -0.089802 2.825480 0.227135 0.040041 0.000000 0.000000 0.000000 -1.358089 0.280692 -0.004584 0.000000 0.000000 0.000000 -0.001782 0.007293 -0.021339 -0.016294 0.012728 0.011325 0.114211 0.193545 9.806425 
24.075660 -0.001716 0.002575 -0.057931 2.636852 0.281205 0.041347 0.000000 0.000000 0.000000 -0.994890 0.330543 -0.015164 0.000000 0.000000 0.000000 -0.001784 0.006366 -0.021148 -0.024135 0.015330 0.011107 0.119281 0.194920 9.806338 
24.274423 -0.001724 0.002263 -0.030890 2.445895 0.374139 0.040342 0.000000 0.000000 0.000000 -1.014916 0.414756 0.042044 0.000000 0.000000 0.000000 -0.001913 0.006318 -0.020980 -0.026443 0.012644 0.011827 0.118841 0.197287 9.806296 
24.474346 -0.001717 0.002083 -0.029255 2.321531 0.341187 0.038006 0.000000 0.000000 0.000000 -0.667902 -0.064997 -0.104222 0.000000 0.000000 0.000000 -0.000969 0.007059 -0.020840 -0.028092 0.025947 0.012262 0.127933 0.194363 9.806240 
24.672955 -0.001751 0.002165 -0.033761 2.342988 0.343636 0.037434 0.000000 0.000000 0.000000 0.051569 0.005110 0.043645 0.000000 0.000000 0.000000 -0.001349 0.008266 -0.020625 -0.040162 0.030747 0.009885 0.133855 0.201651 9.806013 
24.871667 -0.001751 0.002260 -0.032765 2.400945 0.339239 0.037394 0.000000 0.000000 0.000000 0.233221 -0.008063 -0.021570 0.000000 0.000000 0.000000 -0.001531 0.008112 -0.020635 -0.044270 0.034114 0.010754 0.137086 0.203693 9.805927 
25.070313 -0.001732 0.002355 -0.033418 2.459235 0.332334 0.037840 0.000000 0.000000 0.000000 0.290812 -0.024243 0.020024 0.000000 0.000000 0.000000 -0.001554 0.007976 -0.020325 -0.045394 0.034783 0.014131 0.137797 0.204287 9.805904 
25.469006 -0.001832 0.002698 0.017501 2.543025 0.399330 0.041579 0.000000 0.000000 0.000000 0.243960 0.182761 -0.017294 0.000000 0.000000 0.000000 0.001096 0.008745 -0.020080 -0.046480 0.024364 0.011019 0.130831 0.206993 9.805943 
25.667655 -0.001936 0.002632 0.046313 2.591501 0.502813 0.039761 0.000000 0.000000 0.000000 0.301616 0.445486 -0.049441 0.000000 0.000000 0.000000 0.003455 0.008901 -0.019834 -0.051976 0.015532 0.005944 0.124365 0.211262 9.805936 
25.866268 -0.001873 0.002539 0.071445 2.617136 0.570208 0.044639 0.000000 0.000000 0.000000 0.179620 0.340102 0.051920 0.000000 0.000000 0.000000 0.003257 0.009175 -0.019404 -0.045709 0.014127 0.002700 0.123696 0.206375 9.806049 
26.066248 -0.002143 0.002616 0.080570 2.600636 0.602722 0.043241 0.000000 0.000000 0.000000 -0.047212 0.137346 -0.047680 0.000000 0.000000 0.000000 0.003328 0.009522 -0.019108 -0.034855 0.011482 0.004173 0.123341 0.197392 9.806238 
26.264866 -0.002169 0.002741 0.074615 2.610912 0.603958 0.041297 0.000000 0.000000 0.000000 0.039867 -0.026459 0.009583 0.000000 0.000000 0.000000 0.003059 0.009519 -0.018683 -0.035162 0.015974 0.005639 0.126813 0.198587 9.806170 
26.463506 -0.002116 0.002837 0.076748 2.648930 0.598782 0.041524 0.000000 0.000000 0.000000 0.173762 -0.042933 0.033286 0.000000 0.000000 0.000000 0.002962 0.009065 -0.018648 -0.038724 0.020091 0.010162 0.129257 0.202220 9.806063 
26.662221 -0.002122 0.002912 0.077258 2.699403 0.608673 0.040524 0.000000 0.000000 0.000000 0.242422 0.033282 -0.023607 0.000000 0.000000 0.000000 0.002947 0.008958 -0.018633 -0.043723 0.019591 0.013116 0.127932 0.206061 9.806001 
26.862190 -0.002133 0.002982 0.079169 2.735247 0.606573 0.041327 0.000000 0.000000 0.000000 0.197913 -0.025447 0.007901 0.000000 0.000000 0.000000 0.002959 0.008916 -0.018575 -0.041159 0.018099 0.011566 0.127230 0.203805 9.806057 
27.060816 -0.002185 0.003107 0.079031 2.789460 0.629459 0.040982 0.000000 0.000000 0.000000 0.261536 0.079505 -0.001885 0.000000 0.000000 0.000000 0.003034 0.008823 -0.018499 -0.047282 0.016222 0.014484 0.124616 0.208242 9.805998 
27.259501 -0.002196 0.003170 0.079057 2.831250 0.645581 0.041220 0.000000 0.000000 0.000000 0.230052 0.075117 0.028874 0.000000 0.000000 0.000000 0.002997 0.008813 -0.018373 -0.045067 0.015405 0.016004 0.124378 0.206363 9.806040 
27.458248 -0.002252 0.003290 0.077041 2.901518 0.668804 0.041225 0.000000 0.000000 0.000000 0.336816 0.108826 0.006887 0.000000 0.000000 0.000000 0.002908 0.008549 -0.018095 -0.048343 0.017494 0.015897 0.125379 0.209321 9.805965 
27.656767 -0.002222 0.003141 0.082809 2.952619 0.661362 0.043963 0.000000 0.000000 0.000000 0.296835 0.002350 0.039574 0.000000 0.000000 0.000000 0.002811 0.008569 -0.017402 -0.040834 0.018683 0.014630 0.127693 0.203740 9.806053 
27.856828 -0.001910 0.003169 0.112929 2.918154 0.607960 0.046339 0.000000 0.000000 0.000000 -0.097258 -0.254437 -0.009865 0.000000 0.000000 0.000000 0.003035 0.008307 -0.017296 -0.020657 0.011970 0.013491 0.126546 0.186796 9.806405 
28.056804 -0.001739 0.003207 0.152190 2.840205 0.619583 0.048899 0.000000 0.000000 0.000000 -0.316462 -0.024047 0.015654 0.000000 0.000000 0.000000 0.003116 0.008146 -0.017268 -0.022294 -0.003607 0.011740 0.114108 0.184160 9.806607 
28.255489 -0.001622 0.002789 0.183760 2.709056 0.624467 0.050098 0.000000 0.000000 0.000000 -0.627655 0.041248 0.010994 0.000000 0.000000 0.000000 0.003213 0.008177 -0.017261 -0.016520 -0.012613 0.014887 0.109253 0.176647 9.806801 
28.454120 -0.001886 0.002798 0.215051 2.572351 0.750103 0.049583 0.000000 0.000000 0.000000 -0.621327 0.512203 -0.049387 0.000000 0.000000 0.000000 0.003136 0.007802 -0.017060 -0.033096 -0.025998 0.013766 0.092214 0.183130 9.806857 
28.652728 -0.001962 0.002620 0.235658 2.398564 0.808279 0.045148 0.000000 0.000000 0.000000 -0.804748 0.354123 -0.077711 0.000000 0.000000 0.000000 0.003260 0.007479 -0.016765 -0.019832 -0.031602 0.009903 0.094736 0.171010 9.807052 
29.051429 -0.001920 0.001948 0.301384 2.013391 0.875025 0.042535 0.000000 0.000000 0.000000 -0.943540 0.116817 -0.007402 0.000000 0.000000 0.000000 0.003005 0.008478 -0.016595 -0.009155 -0.036298 0.008158 0.097548 0.161129 9.807191 
29.450099 -0.001985 0.001463 0.376004 1.646074 0.976070 0.032206 0.000000 0.000000 0.000000 -0.930143 0.285355 -0.046518 0.000000 0.000000 0.000000 0.003460 0.007778 -0.016616 -0.012295 -0.036046 0.005229 0.095610 0.163267 9.807175 
29.648735 -0.002328 0.001466 0.423509 1.490666 1.026035 0.033531 0.000000 0.000000 0.000000 -0.779928 0.252945 0.068562 0.000000 0.000000 0.000000 0.003030 0.007096 -0.016632 -0.013387 -0.028087 0.003009 0.099468 0.169455 9.807032 
29.847451 -0.002026 0.001267 0.447285 1.358838 0.939109 0.031945 0.000000 0.000000 0.000000 -0.656715 -0.391516 -0.040346 0.000000 0.000000 0.000000 0.004970 0.006794 -0.016390 0.012873 -0.018209 0.003478 0.123648 0.161517 9.806891 
30.046081 -0.001993 0.001140 0.491713 1.288492 0.854167 0.024348 0.000000 0.000000 0.000000 -0.377349 -0.458598 -0.011273 0.000000 0.000000 0.000000 0.005159 0.007690 -0.016314 0.010907 -0.004717 0.004607 0.129527 0.172457 9.806628 
30.244619 -0.002040 0.001293 0.533412 1.287809 0.759169 0.025839 0.000000 0.000000 0.000000 -0.056100 -0.467825 0.032161 0.000000 0.000000 0.000000 0.005294 0.008576 -0.016201 0.010059 0.018800 0.004526 0.141153 0.190588 9.806132 
30.443369 -0.001602 0.001018 0.575233 1.308612 0.619658 0.026442 0.000000 0.000000 0.000000 0.058933 -0.647532 -0.001216 0.000000 0.000000 0.000000 0.005695 0.008740 -0.015973 0.024043 0.029496 0.004785 0.157285 0.191870 9.805862 
30.842021 -0.001060 0.000876 0.634400 1.311473 0.394430 0.026487 0.000000 0.000000 0.000000 0.017034 -0.559023 -0.025415 0.000000 0.000000 0.000000 0.006344 0.008326 -0.015864 0.015815 0.027161 0.002962 0.149554 0.193760 9.805946 
31.040602 -0.000996 0.000804 0.658371 1.296214 0.317845 0.025196 0.000000 0.000000 0.000000 -0.063587 -0.374808 0.013133 0.000000 0.000000 0.000000 0.007985 0.008121 -0.015795 0.005400 0.020972 0.001424 0.138257 0.193094 9.806125 
31.239366 -0.000900 0.000839 0.682159 1.307917 0.269407 0.026751 0.000000 0.000000 0.000000 0.062821 -0.261196 0.028582 0.000000 0.000000 0.000000 0.007935 0.007536 -0.015546 -0.000964 0.027749 0.002785 0.135897 0.201407 9.805990 
31.438013 -0.000750 0.000702 0.716690 1.351296 0.257284 0.027738 0.000000 0.000000 0.000000 0.205887 -0.172627 0.042373 0.000000 0.000000 0.000000 0.007877 0.007010 -0.015487 -0.016830 0.037588 0.005199 0.126940 0.216245 9.805794 
31.836565 -0.000646 0.001111 0.783341 1.457015 0.289694 0.024626 0.000000 0.000000 0.000000 0.314302 0.115417 -0.034286 0.000000 0.000000 0.000000 0.008815 0.005639 -0.015434 -0.035995 0.041755 0.001162 0.112524 0.227433 9.805717 
32.035279 -0.000715 0.001303 0.814540 1.564113 0.305641 0.027100 0.000000 0.000000 0.000000 0.523450 0.062185 0.098695 0.000000 0.000000 0.000000 0.007681 0.004339 -0.015281 -0.035044 0.056147 0.005447 0.118702 0.239391 9.805360 
32.233879 -0.000505 0.001493 0.828761 1.693099 0.321283 0.028243 0.000000 0.000000 0.000000 0.689336 0.074081 -0.068044 0.000000 0.000000 0.000000 0.007546 0.004098 -0.015048 -0.035759 0.062443 0.005875 0.120430 0.245020 9.805200 
32.433884 -0.000391 0.001659 0.818762 1.802252 0.305527 0.028816 0.000000 0.000000 0.000000 0.585432 -0.061196 0.018183 0.000000 0.000000 0.000000 0.007683 0.004066 -0.014708 -0.029147 0.050415 0.001780 0.121634 0.232324 9.805494 
32.632516 -0.000364 0.001642 0.819479 1.806750 0.290762 0.029907 0.000000 0.000000 0.000000 0.097762 -0.062308 0.017294 0.000000 0.000000 0.000000 0.007808 0.003724 -0.014709 -0.035946 0.009776 0.005114 0.100850 0.200363 9.806435 
32.831169 -0.000359 0.001683 0.820672 1.806929 0.303811 0.029261 0.000000 0.000000 0.000000 0.011660 0.017511 0.003021 0.000000 0.000000 0.000000 0.007582 0.003584 -0.014613 -0.043697 0.006134 0.005799 0.092943 0.200193 9.806516 
33.029954 -0.000401 0.001751 0.815900 1.838250 0.347680 0.030701 0.000000 0.000000 0.000000 0.126589 0.184116 0.019982 0.000000 0.000000 0.000000 0.007342 0.003889 -0.014277 -0.053826 0.017135 0.005432 0.088577 0.213249 9.806282 
33.228462 -0.000453 0.001856 0.817890 1.891931 0.407163 0.030306 0.000000 0.000000 0.000000 0.261923 0.296016 -0.038320 0.000000 0.000000 0.000000 0.007070 0.003766 -0.014396 -0.059830 0.029020 0.006014 0.087996 0.225512 9.806013 
33.427105 -0.000568 0.001921 0.828875 1.927696 0.465451 0.029920 0.000000 0.000000 0.000000 0.227378 0.295793 0.025816 0.000000 0.000000 0.000000 0.007254 0.003674 -0.013836 -0.061849 0.021557 0.008767 0.083453 0.220013 9.806177 
33.625763 -0.000331 0.002064 0.872605 1.933374 0.422577 0.032469 0.000000 0.000000 0.000000 0.048516 -0.178604 0.053745 0.000000 0.000000 0.000000 0.007466 0.004210 -0.013875 -0.025266 0.002802 0.012234 0.107142 0.190580 9.806563 
33.825860 -0.000268 0.001978 0.894673 1.918480 0.346046 0.030114 0.000000 0.000000 0.000000 -0.042405 -0.414918 0.002507 0.000000 0.000000 0.000000 0.007640 0.003646 -0.013608 -0.017414 -0.004745 0.013937 0.110948 0.181366 9.806696 
34.024423 0.000014 0.001913 0.923775 1.901524 0.249874 0.031007 0.000000 0.000000 0.000000 -0.057738 -0.481107 -0.023333 0.000000 0.000000 0.000000 0.007633 0.003408 -0.013466 -0.014726 -0.008455 0.012406 0.111906 0.177282 9.806759 
34.223145 -0.000031 0.001739 0.957385 1.854569 0.194285 0.029496 0.000000 0.000000 0.000000 -0.209343 -0.284752 -0.015075 0.000000 0.000000 0.000000 0.007218 0.003330 -0.013339 -0.030258 -0.018993 0.014741 0.095090 0.173652 9.807002 
34.421787 -0.000006 0.001732 0.949017 1.822402 0.182748 0.031424 0.000000 0.000000 0.000000 -0.163876 -0.116392 0.042438 0.000000 0.000000 0.000000 0.007101 0.003039 -0.013024 -0.045206 -0.012427 0.015728 0.084464 0.184256 9.806906 
34.819103 -0.000081 0.001790 0.949719 1.845066 0.243861 0.031064 0.000000 0.000000 0.000000 0.094984 0.197320 -0.033892 0.000000 0.000000 0.000000 0.006353 -0.000369 -0.013064 -0.061941 0.013466 0.015732 0.078343 0.212086 9.806394 
35.017751 -0.000093 0.001883 0.950712 1.895930 0.285313 0.031833 0.000000 0.000000 0.000000 0.227109 0.170025 0.051099 0.000000 0.000000 0.000000 0.004969 -0.001432 -0.012852 -0.060256 0.025132 0.019074 0.083585 0.221611 9.806140 
35.216408 -0.000108 0.002016 0.947141 1.948486 0.344703 0.031185 0.000000 0.000000 0.000000 0.251248 0.315201 -0.072051 0.000000 0.000000 0.000000 0.004786 -0.001875 -0.012729 -0.066328 0.029868 0.014622 0.079999 0.227701 9.806030 
35.415051 -0.000153 0.002119 0.951800 1.996309 0.393595 0.030622 0.000000 0.000000 0.000000 0.261489 0.270154 0.036376 0.000000 0.000000 0.000000 0.004940 -0.001570 -0.012964 -0.060049 0.028188 0.012350 0.084795 0.224137 9.806072 
35.613699 -0.000189 0.002180 0.952082 2.022870 0.436002 0.031813 0.000000 0.000000 0.000000 0.161831 0.230876 -0.016577 0.000000 0.000000 0.000000 0.005023 -0.001528 -0.012913 -0.058918 0.017637 0.016609 0.082142 0.214820 9.806303 
35.813703 -0.000243 0.002217 0.955074 2.034899 0.467772 0.031713 0.000000 0.000000 0.000000 0.082328 0.158560 0.078079 0.000000 0.000000 0.000000 0.004971 -0.001744 -0.013013 -0.058393 0.010887 0.017856 0.080286 0.208961 9.806445 
36.012330 -0.000195 0.002248 0.958514 2.071382 0.485972 0.031977 0.000000 0.000000 0.000000 0.181327 0.148021 -0.039770 0.000000 0.000000 0.000000 0.004719 -0.001584 -0.013192 -0.050782 0.014063 0.016035 0.087800 0.209084 9.806378 
36.211007 -0.000205 0.002299 0.958848 2.104176 0.512500 0.032352 0.000000 0.000000 0.000000 0.203763 0.164657 -0.012029 0.000000 0.000000 0.000000 0.004587 -0.001580 -0.013032 -0.049291 0.010431 0.013471 0.087827 0.205544 9.806453 
36.409630 -0.000251 0.002389 0.959296 2.145087 0.553233 0.031106 0.000000 0.000000 0.000000 0.230705 0.183614 0.026017 0.000000 0.000000 0.000000 0.004604 -0.001693 -0.013037 -0.052713 0.010321 0.012466 0.084907 0.206605 9.806456 
36.608352 -0.000288 0.002441 0.958928 2.170112 0.597820 0.032114 0.000000 0.000000 0.000000 0.143228 0.214266 -0.038469 0.000000 0.000000 0.000000 0.004788 -0.001770 -0.013052 -0.058631 0.002743 0.011452 0.077374 0.202227 9.806610 
36.807202 -0.000284 0.002533 0.963953 2.203723 0.606254 0.031885 0.000000 0.000000 0.000000 0.185064 0.099355 0.005563 0.000000 0.000000 0.000000 0.004902 -0.001557 -0.013099 -0.049001 0.000657 0.008452 0.084771 0.197217 9.806651 
37.005635 -0.000311 0.002618 0.961795 2.240639 0.633028 0.031443 0.000000 0.000000 0.000000 0.188086 0.144829 0.031397 0.000000 0.000000 0.000000 0.004708 -0.001639 -0.013127 -0.048922 0.001793 0.009261 0.085216 0.198158 9.806628 
37.205568 -0.000281 0.002573 0.939480 2.224140 0.572721 0.032751 0.000000 0.000000 0.000000 0.007357 -0.171600 0.010160 0.000000 0.000000 0.000000 0.004826 -0.001439 -0.013308 -0.025818 -0.020289 0.010931 0.096964 0.171907 9.807014 
37.602936 -0.000245 0.002517 0.871107 2.244161 0.527035 0.030312 0.000000 0.000000 0.000000 0.075958 -0.099441 -0.035999 0.000000 0.000000 0.000000 0.005160 -0.001996 -0.013266 -0.030401 -0.020465 0.008264 0.093062 0.173350 9.807027 
37.998977 -0.000430 0.002528 0.824358 2.255611 0.543305 0.031664 0.000000 0.000000 0.000000 0.048731 0.063060 0.003885 0.000000 0.000000 0.000000 0.007217 -0.003264 -0.013199 -0.041135 -0.022532 0.009740 0.083524 0.175751 9.807070 
38.198940 -0.000394 0.002616 0.826061 2.257497 0.521081 0.030927 0.000000 0.000000 0.000000 -0.002396 -0.047841 -0.021139 0.000000 0.000000 0.000000 0.006553 -0.002344 -0.013320 -0.033795 -0.024387 0.012490 0.088534 0.171266 9.807105 
38.398909 -0.000411 0.002706 0.832753 2.267753 0.517661 0.030977 0.000000 0.000000 0.000000 0.047456 -0.058167 0.049778 0.000000 0.000000 0.000000 0.006374 -0.002333 -0.013443 -0.036258 -0.020951 0.013569 0.088101 0.174957 9.807044 
38.597618 -0.000423 0.002714 0.831530 2.276840 0.533812 0.029954 0.000000 0.000000 0.000000 0.065902 0.081242 -0.104066 0.000000 0.000000 0.000000 0.006196 -0.002204 -0.013322 -0.042380 -0.021137 0.012646 0.083329 0.177399 9.807042 
38.796176 -0.000438 0.002776 0.832498 2.296362 0.549316 0.029540 0.000000 0.000000 0.000000 0.117845 0.067090 0.001402 0.000000 0.000000 0.000000 0.006347 -0.002119 -0.013322 -0.042592 -0.020646 0.008483 0.083398 0.177867 9.807033 
38.994812 -0.000459 0.002866 0.832551 2.338023 0.582395 0.030687 0.000000 0.000000 0.000000 0.174383 0.161485 0.038446 0.000000 0.000000 0.000000 0.006402 -0.001944 -0.013259 -0.046689 -0.016041 0.013308 0.082149 0.183065 9.806948 
39.193553 -0.000461 0.002932 0.837984 2.372214 0.610484 0.030281 0.000000 0.000000 0.000000 0.191227 0.164286 0.020718 0.000000 0.000000 0.000000 0.006336 -0.002028 -0.013625 -0.044673 -0.016622 0.015382 0.083437 0.181781 9.806961 
39.392187 -0.000455 0.003014 0.841611 2.403453 0.618012 0.030269 0.000000 0.000000 0.000000 0.197136 0.030689 -0.032680 0.000000 0.000000 0.000000 0.006323 -0.001782 -0.013766 -0.040316 -0.019039 0.013860 0.085778 0.178115 9.807008 
39.590809 -0.000445 0.003103 0.841986 2.438745 0.625048 0.029464 0.000000 0.000000 0.000000 0.154282 -0.011793 -0.021933 0.000000 0.000000 0.000000 0.006290 -0.001829 -0.013633 -0.042376 -0.018614 0.007359 0.084406 0.179344 9.806997 
39.790832 -0.000436 0.003174 0.843057 2.482202 0.635417 0.030112 0.000000 0.000000 0.000000 0.238403 0.049752 0.007937 0.000000 0.000000 0.000000 0.006090 -0.001603 -0.013983 -0.043845 -0.016513 0.005028 0.084179 0.181579 9.806958 
39.989507 -0.000396 0.003234 0.843172 2.498786 0.637555 0.030928 0.000000 0.000000 0.000000 0.143597 0.030967 -0.025117 0.000000 0.000000 0.000000 0.006122 -0.001485 -0.013727 -0.042729 -0.023851 0.003068 0.081997 0.175556 9.807086 
40.188154 -0.000469 0.003223 0.841296 2.493913 0.659613 0.030244 0.000000 0.000000 0.000000 -0.031600 0.142164 0.030114 0.000000 0.000000 0.000000 0.006258 -0.001545 -0.013636 -0.044663 -0.030281 0.003798 0.077861 0.171459 9.807192 
40.386749 -0.000533 0.003184 0.845225 2.471208 0.685518 0.031242 0.000000 0.000000 0.000000 -0.047831 0.122673 0.010135 0.000000 0.000000 0.000000 0.006518 -0.001538 -0.013786 -0.045088 -0.036323 0.005677 0.075023 0.167030 9.807291 
40.585472 -0.000517 0.003204 0.846491 2.494991 0.698914 0.031655 0.000000 0.000000 0.000000 0.150758 0.095965 -0.011762 0.000000 0.000000 0.000000 0.006398 -0.001590 -0.013730 -0.041305 -0.030341 0.006163 0.080356 0.169983 9.807198 
40.785404 -0.000512 0.003264 0.846088 2.503817 0.693316 0.030815 0.000000 0.000000 0.000000 0.063278 -0.001089 0.023632 0.000000 0.000000 0.000000 0.006277 -0.001654 -0.013708 -0.037080 -0.033353 0.007140 0.082286 0.165976 9.807250 
40.984089 -0.000488 0.003307 0.847665 2.515141 0.683593 0.030970 0.000000 0.000000 0.000000 0.074892 -0.048103 0.022726 0.000000 0.000000 0.000000 0.006206 -0.001624 -0.013766 -0.035343 -0.033377 0.008720 0.083584 0.165234 9.807252 
41.381444 -0.000479 0.003386 0.853112 2.535996 0.691585 0.031777 0.000000 0.000000 0.000000 0.074603 0.026001 -0.044160 0.000000 0.000000 0.000000 0.006900 -0.001939 -0.013916 -0.040401 -0.034694 0.004623 0.079220 0.166343 9.807270 
41.580080 -0.000486 0.003470 0.855037 2.584033 0.713740 0.030631 0.000000 0.000000 0.000000 0.222154 0.126335 0.036707 0.000000 0.000000 0.000000 0.006280 -0.003049 -0.013805 -0.042329 -0.028848 0.005850 0.080146 0.171554 9.807172 
41.778797 -0.000507 0.003551 0.851883 2.614053 0.722041 0.031027 0.000000 0.000000 0.000000 0.229274 0.040612 -0.059351 0.000000 0.000000 0.000000 0.006412 -0.002922 -0.013724 -0.040126 -0.031661 0.005936 0.080623 0.168541 9.807221 
41.978678 -0.000439 0.003572 0.853186 2.634872 0.710587 0.030838 0.000000 0.000000 0.000000 0.098451 0.052006 0.000085 0.000000 0.000000 0.000000 0.006358 -0.003621 -0.013754 -0.036146 -0.035440 0.001272 0.081968 0.164178 9.807283 
42.177443 -0.000399 0.003593 0.855710 2.648848 0.692794 0.031341 0.000000 0.000000 0.000000 0.110747 -0.049620 -0.008179 0.000000 0.000000 0.000000 0.006438 -0.004189 -0.013962 -0.032214 -0.037437 0.000705 0.083977 0.161090 9.807318 
42.376060 -0.000373 0.003590 0.859615 2.649838 0.696292 0.031104 0.000000 0.000000 0.000000 0.049034 -0.038623 0.003353 0.000000 0.000000 0.000000 0.005920 -0.004115 -0.014026 -0.036444 -0.041205 0.003854 0.079335 0.160116 9.807372 
42.574679 -0.000449 0.003623 0.862445 2.618879 0.724804 0.031600 0.000000 0.000000 0.000000 -0.113940 0.075044 -0.008036 0.000000 0.000000 0.000000 0.005517 -0.004226 -0.013916 -0.046715 -0.050716 0.004977 0.067883 0.157464 9.807501 
42.774663 -0.000550 0.003532 0.862459 2.585764 0.757234 0.031235 0.000000 0.000000 0.000000 -0.135233 0.140061 0.005272 0.000000 0.000000 0.000000 0.005377 -0.004219 -0.013827 -0.050696 -0.053536 0.003895 0.063823 0.157061 9.807535 
42.973332 -0.000577 0.003603 0.863956 2.602974 0.779039 0.029578 0.000000 0.000000 0.000000 0.077568 0.120940 -0.024231 0.000000 0.000000 0.000000 0.005534 -0.004093 -0.013940 -0.048411 -0.047058 -0.002476 0.068181 0.160902 9.807443 
43.171989 -0.000532 0.003682 0.866826 2.641779 0.783412 0.031327 0.000000 0.000000 0.000000 0.190418 0.066742 -0.007078 0.000000 0.000000 0.000000 0.005435 -0.003924 -0.013981 -0.043035 -0.043984 -0.005228 0.073382 0.160950 9.807405 
43.370661 -0.000505 0.003730 0.865219 2.687971 0.788106 0.031511 0.000000 0.000000 0.000000 0.250369 -0.021063 0.037416 0.000000 0.000000 0.000000 0.005400 -0.003893 -0.013763 -0.042979 -0.043297 -0.002706 0.073700 0.161397 9.807395 
43.570594 -0.000520 0.003804 0.865927 2.702418 0.800701 0.031323 0.000000 0.000000 0.000000 0.081988 0.075657 -0.064340 0.000000 0.000000 0.000000 0.005637 -0.003688 -0.013761 -0.046205 -0.049481 -0.001309 0.068830 0.158211 9.807482 
43.769307 -0.000501 0.003794 0.866897 2.726395 0.804507 0.031844 0.000000 0.000000 0.000000 0.092316 0.076318 0.034483 0.000000 0.000000 0.000000 0.005433 -0.003486 -0.013561 -0.043545 -0.048357 -0.001645 0.071226 0.157937 9.807470 
43.969304 -0.000443 0.003808 0.863195 2.737043 0.827292 0.032262 0.000000 0.000000 0.000000 0.069204 0.108572 -0.010880 0.000000 0.000000 0.000000 0.005465 -0.003573 -0.014104 -0.044822 -0.049508 0.000459 0.069823 0.157619 9.807485 
44.367917 -0.000600 0.003151 0.775737 2.607577 0.654290 0.030423 0.000000 0.000000 0.000000 -0.342525 -0.493067 0.024297 0.000000 0.000000 0.000000 0.004634 0.002888 -0.014082 -0.018186 -0.069447 -0.000064 0.080491 0.132180 9.807779 
44.565249 -0.000332 0.002847 0.747620 2.483393 0.497694 0.031167 0.000000 0.000000 0.000000 -0.520228 -0.806774 -0.056818 0.000000 0.000000 0.000000 0.005069 0.005864 -0.014096 -0.009037 -0.079206 -0.002863 0.082092 0.121446 9.807905 
44.765208 -0.000236 0.002767 0.752449 2.394836 0.419964 0.029022 0.000000 0.000000 0.000000 -0.468494 -0.442025 0.007757 0.000000 0.000000 0.000000 0.004913 0.005808 -0.014431 -0.017221 -0.078497 -0.003132 0.077504 0.125985 9.807885 
44.965166 -0.000152 0.002726 0.757132 2.366949 0.385898 0.028053 0.000000 0.000000 0.000000 -0.218206 -0.208893 -0.044806 0.000000 0.000000 0.000000 0.004809 0.006357 -0.014605 -0.025366 -0.070622 -0.005035 0.076858 0.134733 9.807773 
45.163825 -0.000106 0.002808 0.760618 2.425940 0.405248 0.028991 0.000000 0.000000 0.000000 0.188487 0.038752 0.052347 0.000000 0.000000 0.000000 0.004599 0.006142 -0.014527 -0.036334 -0.056298 -0.003644 0.077774 0.148644 9.807565 
45.362529 -0.000114 0.002925 0.760663 2.471321 0.430429 0.028863 0.000000 0.000000 0.000000 0.245735 0.082201 -0.013244 0.000000 0.000000 0.000000 0.004787 0.006035 -0.014150 -0.040042 -0.056082 -0.002890 0.075687 0.150623 9.807551 
45.562547 -0.000225 0.003115 0.783130 2.581622 0.496660 0.028265 0.000000 0.000000 0.000000 0.541448 0.337065 -0.035527 0.000000 0.000000 0.000000 0.004713 0.005573 -0.014171 -0.048489 -0.047793 -0.007522 0.074806 0.159801 9.807413 
45.761174 -0.000455 0.003143 0.798676 2.596189 0.614684 0.031265 0.000000 0.000000 0.000000 0.080971 0.570253 0.026045 0.000000 0.000000 0.000000 0.004573 0.005466 -0.014029 -0.053539 -0.058227 -0.008429 0.066667 0.156016 9.807533 
45.959870 -0.000666 0.003247 0.793908 2.573898 0.695920 0.031021 0.000000 0.000000 0.000000 -0.071417 0.437950 -0.005744 0.000000 0.000000 0.000000 0.004739 0.005242 -0.013737 -0.049936 -0.063001 -0.005941 0.066603 0.151340 9.807606 
46.158492 -0.000727 0.003195 0.798254 2.548532 0.715252 0.031326 0.000000 0.000000 0.000000 -0.093964 0.168075 0.029572 0.000000 0.000000 0.000000 0.004649 0.005325 -0.013775 -0.039035 -0.064812 -0.004286 0.072514 0.145106 9.807659 
46.358515 -0.000683 0.003276 0.798270 2.564926 0.708917 0.031051 0.000000 0.000000 0.000000 0.061192 0.024274 -0.002484 0.000000 0.000000 0.000000 0.004288 0.005398 -0.013816 -0.032441 -0.059126 -0.001383 0.079259 0.145507 9.807600 
46.755803 -0.000641 0.003404 0.804133 2.617164 0.718284 0.030276 0.000000 0.000000 0.000000 0.152865 0.025099 0.013984 0.000000 0.000000 0.000000 0.004306 0.005115 -0.013897 -0.033410 -0.059591 -0.000868 0.078436 0.145683 9.807604 
46.955795 -0.000577 0.003480 0.806269 2.666346 0.720776 0.031618 0.000000 0.000000 0.000000 0.176658 0.003776 0.032008 0.000000 0.000000 0.000000 0.003627 0.004402 -0.014015 -0.033891 -0.055994 0.004277 0.079838 0.148130 9.807556 
47.154396 -0.000610 0.003470 0.804084 2.657773 0.726834 0.031180 0.000000 0.000000 0.000000 -0.024548 0.045175 0.035747 0.000000 0.000000 0.000000 0.004131 0.004758 -0.013775 -0.033873 -0.061469 0.007833 0.077261 0.144714 9.807628 
47.354381 -0.000675 0.003473 0.805046 2.650471 0.746364 0.031458 0.000000 0.000000 0.000000 -0.032135 0.081050 -0.032949 0.000000 0.000000 0.000000 0.004137 0.004772 -0.013813 -0.035249 -0.061893 0.007517 0.076231 0.145099 9.807631 
47.553073 -0.000753 0.003448 0.803869 2.620037 0.768595 0.031403 0.000000 0.000000 0.000000 -0.150001 0.146130 0.083372 0.000000 0.000000 0.000000 0.004103 0.004697 -0.013729 -0.035076 -0.065282 0.007830 0.074755 0.142977 9.807673 
47.753099 -0.000767 0.003508 0.806799 2.651401 0.778225 0.031876 0.000000 0.000000 0.000000 0.057936 0.090535 -0.015512 0.000000 0.000000 0.000000 0.004484 0.004954 -0.013977 -0.033244 -0.057206 0.010797 0.079611 0.146911 9.807577 
47.951694 -0.000720 0.003573 0.809769 2.671860 0.767645 0.031483 0.000000 0.000000 0.000000 0.081820 -0.036169 0.018595 0.000000 0.000000 0.000000 0.004542 0.004808 -0.014089 -0.029671 -0.055243 0.011880 0.082635 0.146395 9.807559 
48.150393 -0.000650 0.003639 0.810118 2.708563 0.746623 0.030896 0.000000 0.000000 0.000000 0.148098 -0.093215 -0.029584 0.000000 0.000000 0.000000 0.004496 0.004919 -0.014108 -0.027986 -0.051399 0.014124 0.085435 0.147864 9.807513 
48.350388 -0.000632 0.003675 0.808733 2.746121 0.758285 0.030998 0.000000 0.000000 0.000000 0.190897 0.041771 -0.025668 0.000000 0.000000 0.000000 0.004435 0.004861 -0.013836 -0.032845 -0.050753 0.013751 0.082857 0.150504 9.807495 
48.549027 -0.000693 0.003747 0.809032 2.752883 0.789314 0.031130 0.000000 0.000000 0.000000 0.080826 0.092902 -0.025908 0.000000 0.000000 0.000000 0.004357 0.004862 -0.013854 -0.036803 -0.056018 0.012971 0.078089 0.149221 9.807554 
48.747723 -0.000761 0.003755 0.810794 2.746693 0.816241 0.030901 0.000000 0.000000 0.000000 -0.047606 0.172968 -0.113566 0.000000 0.000000 0.000000 0.004122 0.004797 -0.013978 -0.036970 -0.057943 0.010479 0.077113 0.148218 9.807577 
48.947709 -0.000760 0.003727 0.812418 2.736334 0.816362 0.030514 0.000000 0.000000 0.000000 -0.005079 0.048390 0.019809 0.000000 0.000000 0.000000 0.004222 0.004345 -0.013976 -0.032534 -0.059350 0.003474 0.079014 0.145430 9.807604 
49.146351 -0.000774 0.003792 0.812630 2.734142 0.824996 0.030750 0.000000 0.000000 0.000000 0.013842 0.075705 -0.030182 0.000000 0.000000 0.000000 0.004280 0.004282 -0.014057 -0.031306 -0.060021 -0.001154 0.079416 0.144525 9.807614 
49.346339 -0.000775 0.003794 0.815374 2.747586 0.823841 0.030097 0.000000 0.000000 0.000000 0.052659 -0.008671 0.014241 0.000000 0.000000 0.000000 0.004082 0.004180 -0.014293 -0.029284 -0.058004 -0.003374 0.081515 0.144778 9.807593 
49.743687 -0.000650 0.003845 0.820162 2.787124 0.777282 0.030033 0.000000 0.000000 0.000000 0.108615 -0.115866 -0.013510 0.000000 0.000000 0.000000 0.003023 0.004696 -0.014142 -0.025255 -0.055808 -0.004649 0.084875 0.144237 9.807572 
49.943630 -0.000677 0.003895 0.820327 2.778684 0.792318 0.030703 0.000000 0.000000 0.000000 0.028295 0.018194 0.004944 0.000000 0.000000 0.000000 0.005046 0.004434 -0.014124 -0.029029 -0.059950 -0.008673 0.080765 0.143539 9.807617 
50.142287 -0.000667 0.003930 0.820393 2.787838 0.783710 0.030350 0.000000 0.000000 0.000000 0.102977 0.000578 -0.102097 0.000000 0.000000 0.000000 0.004675 0.004885 -0.013996 -0.026538 -0.060595 -0.014417 0.081944 0.142061 9.807629 
50.342310 -0.000684 0.003977 0.820919 2.811163 0.804719 0.030061 0.000000 0.000000 0.000000 0.140704 0.088393 0.042248 0.000000 0.000000 0.000000 0.004894 0.004603 -0.013909 -0.028971 -0.061229 -0.020204 0.080227 0.142871 9.807631 
50.541121 -0.000443 0.003618 0.833608 2.791014 0.753322 0.031903 0.000000 0.000000 0.000000 0.053712 -0.273709 -0.044477 0.000000 0.000000 0.000000 0.004990 0.005016 -0.013678 -0.018564 -0.069310 -0.017553 0.082465 0.133556 9.807744 
50.739599 -0.000186 0.003201 0.873580 2.629572 0.670118 0.033290 0.000000 0.000000 0.000000 -0.654230 -0.416765 0.017630 0.000000 0.000000 0.000000 0.004600 0.004779 -0.013629 -0.014027 -0.088642 -0.017454 0.076444 0.120477 9.807962 
50.939669 -0.000186 0.003252 0.905307 2.481225 0.601949 0.033943 0.000000 0.000000 0.000000 -0.737756 -0.391582 0.027966 0.000000 0.000000 0.000000 0.004392 0.004838 -0.013563 -0.016661 -0.090798 -0.015260 0.073964 0.120273 9.807984 
51.139569 -0.000218 0.003012 0.905715 2.380536 0.553697 0.032890 0.000000 0.000000 0.000000 -0.574174 -0.267329 -0.017995 0.000000 0.000000 0.000000 0.004401 0.004701 -0.013433 -0.021452 -0.083241 -0.013962 0.073984 0.126918 9.807900 
51.338208 -0.000326 0.002956 0.904815 2.356759 0.575763 0.031888 0.000000 0.000000 0.000000 -0.236796 0.047091 -0.021430 0.000000 0.000000 0.000000 0.004058 0.004158 -0.013419 -0.032389 -0.067465 -0.015119 0.073104 0.141290 9.807710 
51.536946 -0.000383 0.003008 0.905785 2.376633 0.604366 0.030849 0.000000 0.000000 0.000000 0.087681 0.068291 -0.067768 0.000000 0.000000 0.000000 0.003948 0.004106 -0.013447 -0.036602 -0.057318 -0.019765 0.074323 0.149460 9.807580 
51.735606 -0.000308 0.003127 0.906331 2.441142 0.619147 0.031330 0.000000 0.000000 0.000000 0.298092 0.109164 0.047601 0.000000 0.000000 0.000000 0.004114 0.004059 -0.013188 -0.035710 -0.052207 -0.020434 0.076872 0.152355 9.807515 
51.934196 -0.000254 0.003219 0.905220 2.496627 0.632925 0.032118 0.000000 0.000000 0.000000 0.315763 0.074043 -0.023398 0.000000 0.000000 0.000000 0.004155 0.003979 -0.013070 -0.034803 -0.053449 -0.017282 0.076951 0.151209 9.807533 
52.134215 -0.000270 0.003295 0.906756 2.539081 0.676791 0.032787 0.000000 0.000000 0.000000 0.200540 0.194867 0.062974 0.000000 0.000000 0.000000 0.004219 0.003899 -0.013258 -0.039286 -0.056106 -0.016125 0.073095 0.151273 9.807561 
52.332873 -0.000250 0.003436 0.910897 2.589167 0.688843 0.032089 0.000000 0.000000 0.000000 0.294025 0.097988 -0.060957 0.000000 0.000000 0.000000 0.004130 0.004071 -0.013551 -0.035072 -0.055696 -0.013825 0.075883 0.149868 9.807561 
52.531566 -0.000195 0.003505 0.914696 2.601458 0.690962 0.032539 0.000000 0.000000 0.000000 0.014074 -0.011567 0.130112 0.000000 0.000000 0.000000 0.004179 0.004206 -0.013540 -0.032790 -0.062848 -0.011125 0.074505 0.144514 9.807652 
52.930248 -0.000424 0.003462 0.909535 2.566454 0.753392 0.032641 0.000000 0.000000 0.000000 -0.107167 0.193725 -0.059451 0.000000 0.000000 0.000000 0.004456 0.004233 -0.013045 -0.036362 -0.066019 -0.012072 0.071060 0.143909 9.807687 
53.128853 -0.000476 0.003521 0.912195 2.576984 0.778167 0.032626 0.000000 0.000000 0.000000 0.075177 0.115061 -0.036315 0.000000 0.000000 0.000000 0.003862 0.004011 -0.013129 -0.034243 -0.061735 -0.020672 0.074032 0.145875 9.807636 
53.328856 -0.000445 0.003543 0.916093 2.597414 0.777099 0.033060 0.000000 0.000000 0.000000 0.102561 -0.020508 0.078959 0.000000 0.000000 0.000000 0.003659 0.004186 -0.013149 -0.032184 -0.061065 -0.020111 0.075562 0.145502 9.807630 
53.527514 -0.000371 0.003609 0.913707 2.626266 0.774715 0.032488 0.000000 0.000000 0.000000 0.163887 0.017586 -0.020728 0.000000 0.000000 0.000000 0.003679 0.004204 -0.013200 -0.032391 -0.060330 -0.013522 0.075725 0.145947 9.807622 
53.727540 -0.000356 0.003711 0.919383 2.630763 0.757317 0.032481 0.000000 0.000000 0.000000 0.037390 -0.052078 0.019775 0.000000 0.000000 0.000000 0.003413 0.003912 -0.013413 -0.030135 -0.063625 -0.014332 0.075808 0.143099 9.807663 
53.926168 -0.000406 0.003699 0.918174 2.634101 0.762788 0.031821 0.000000 0.000000 0.000000 0.061076 0.032618 -0.001595 0.000000 0.000000 0.000000 0.003062 0.003954 -0.013152 -0.031776 -0.065293 -0.014653 0.074181 0.142745 9.807681 
54.124759 -0.000428 0.003739 0.915817 2.644328 0.787647 0.032399 0.000000 0.000000 0.000000 0.067818 0.130259 0.019035 0.000000 0.000000 0.000000 0.003011 0.003792 -0.013117 -0.033729 -0.066197 -0.014445 0.072652 0.142951 9.807689 
54.324744 -0.000462 0.003796 0.916032 2.673604 0.826135 0.032700 0.000000 0.000000 0.000000 0.150198 0.187966 -0.013320 0.000000 0.000000 0.000000 0.003101 0.003764 -0.013064 -0.035348 -0.063904 -0.015499 0.072563 0.144949 9.807661 
54.523479 -0.000548 0.003752 0.916171 2.670389 0.846340 0.032632 0.000000 0.000000 0.000000 0.001270 0.086873 0.057585 0.000000 0.000000 0.000000 0.002895 0.003567 -0.013094 -0.033036 -0.068292 -0.015795 0.072248 0.141457 9.807714 
54.723423 -0.000453 0.003758 0.920011 2.678123 0.829894 0.033502 0.000000 0.000000 0.000000 0.063916 -0.095743 -0.008017 0.000000 0.000000 0.000000 0.003272 0.003239 -0.012927 -0.030285 -0.067911 -0.015228 0.074002 0.140603 9.807713 
54.922094 -0.000533 0.003748 0.919902 2.639966 0.820250 0.032526 0.000000 0.000000 0.000000 -0.093210 -0.000974 -0.055010 0.000000 0.000000 0.000000 0.002041 0.002574 -0.013048 -0.030407 -0.073706 -0.016940 0.071692 0.137329 9.807777 
55.122085 -0.000528 0.003732 0.919994 2.626714 0.810605 0.031790 0.000000 0.000000 0.000000 -0.061359 -0.036503 -0.030730 0.000000 0.000000 0.000000 0.002367 0.002440 -0.012943 -0.028947 -0.072648 -0.019779 0.072937 0.137402 9.807766 
55.320757 -0.000537 0.003749 0.919790 2.619877 0.806343 0.031458 0.000000 0.000000 0.000000 -0.015793 0.000806 -0.008299 0.000000 0.000000 0.000000 0.002297 0.002492 -0.012934 -0.028721 -0.073008 -0.025033 0.072947 0.137139 9.807770 
55.520723 -0.000549 0.003775 0.919794 2.611393 0.806091 0.030899 0.000000 0.000000 0.000000 -0.039527 0.030004 0.019034 0.000000 0.000000 0.000000 0.002274 0.002576 -0.012969 -0.027959 -0.073854 -0.026492 0.073064 0.136374 9.807780 
55.719356 -0.000524 0.003769 0.920205 2.629559 0.813842 0.031740 0.000000 0.000000 0.000000 0.070089 0.029002 -0.037363 0.000000 0.000000 0.000000 0.002350 0.002273 -0.012897 -0.028235 -0.071312 -0.026801 0.073875 0.137932 9.807752 
55.919439 -0.000498 0.003784 0.920812 2.658620 0.820534 0.031770 0.000000 0.000000 0.000000 0.110069 0.043547 0.029346 0.000000 0.000000 0.000000 0.002216 0.002170 -0.012944 -0.028111 -0.069661 -0.026561 0.074576 0.138825 9.807734 
56.118037 -0.000423 0.003838 0.924015 2.691169 0.813014 0.031642 0.000000 0.000000 0.000000 0.140842 -0.027678 0.012232 0.000000 0.000000 0.000000 0.002046 0.002249 -0.012976 -0.026196 -0.067904 -0.021071 0.076332 0.139036 9.807718 
56.316808 -0.000363 0.003919 0.923315 2.720339 0.798332 0.031317 0.000000 0.000000 0.000000 0.159907 -0.076133 -0.013224 0.000000 0.000000 0.000000 0.002049 0.002480 -0.012862 -0.026216 -0.068078 -0.018726 0.076251 0.138918 9.807720 
56.516656 -0.000331 0.003902 0.923214 2.721400 0.793571 0.031521 0.000000 0.000000 0.000000 0.010281 -0.022717 0.063689 0.000000 0.000000 0.000000 0.002463 0.002532 -0.012880 -0.027645 -0.072314 -0.017524 0.073827 0.137055 9.807765 
56.715291 -0.000362 0.003891 0.926138 2.709453 0.795813 0.031139 0.000000 0.000000 0.000000 0.000692 0.005806 -0.071775 0.000000 0.000000 0.000000 0.002429 0.002637 -0.012564 -0.028117 -0.074621 -0.017950 0.072688 0.135950 9.807788 
57.113959 -0.000399 0.003872 0.925727 2.717909 0.825667 0.032118 0.000000 0.000000 0.000000 0.006841 0.075714 0.047275 0.000000 0.000000 0.000000 0.002264 0.002014 -0.012670 -0.030894 -0.072840 -0.026051 0.071807 0.138086 9.807765 
57.313969 -0.000480 0.003954 0.930630 2.715083 0.852027 0.032147 0.000000 0.000000 0.000000 0.026337 0.169990 -0.063272 0.000000 0.000000 0.000000 0.002681 0.001893 -0.012725 -0.032158 -0.074260 -0.026568 0.070564 0.137776 9.807779 
57.512568 -0.000535 0.003963 0.930507 2.719162 0.869770 0.031866 0.000000 0.000000 0.000000 0.122431 0.060366 -0.011801 0.000000 0.000000 0.000000 0.002838 0.001984 -0.012698 -0.030872 -0.075488 -0.026992 0.070821 0.136611 9.807793 
57.712587 -0.000378 0.003956 0.933617 2.762591 0.848295 0.032395 0.000000 0.000000 0.000000 0.271219 -0.080108 0.022499 0.000000 0.000000 0.000000 0.003136 0.001869 -0.012581 -0.028255 -0.074683 -0.027660 0.072549 0.136061 9.807788 
57.911281 -0.000288 0.004030 0.932568 2.812155 0.822869 0.031292 0.000000 0.000000 0.000000 0.272838 -0.019613 0.003555 0.000000 0.000000 0.000000 0.003170 0.001656 -0.012475 -0.025503 -0.075368 -0.025648 0.073772 0.134638 9.807798 
58.111264 -0.000298 0.003983 0.932842 2.797202 0.817767 0.031765 0.000000 0.000000 0.000000 -0.027408 -0.085118 0.005754 0.000000 0.000000 0.000000 0.003147 0.001070 -0.012232 -0.025346 -0.085656 -0.024981 0.069988 0.129013 9.807902 
58.309933 -0.000278 0.003946 0.932172 2.765872 0.801389 0.031121 0.000000 0.000000 0.000000 -0.106108 -0.064560 -0.008405 0.000000 0.000000 0.000000 0.003259 0.001139 -0.012311 -0.025805 -0.091287 -0.025409 0.067639 0.126142 9.807956 
58.509892 -0.000377 0.003924 0.934927 2.728406 0.812475 0.030964 0.000000 0.000000 0.000000 -0.273061 0.154883 0.024769 0.000000 0.000000 0.000000 0.003344 0.001122 -0.012153 -0.027844 -0.093031 -0.026037 0.065890 0.125977 9.807970 
58.708526 -0.000516 0.003933 0.929893 2.722275 0.866313 0.031775 0.000000 0.000000 0.000000 -0.082515 0.268272 0.070910 0.000000 0.000000 0.000000 0.003468 0.001355 -0.012183 -0.030033 -0.088692 -0.025143 0.066343 0.129086 9.807926 
58.908548 -0.000502 0.003997 0.934931 2.746236 0.886168 0.031876 0.000000 0.000000 0.000000 0.105290 0.137201 -0.028102 0.000000 0.000000 0.000000 0.003786 0.001279 -0.012251 -0.027134 -0.085227 -0.025385 0.069153 0.129799 9.807897 
59.107238 -0.000399 0.004009 0.935134 2.764654 0.844548 0.030684 0.000000 0.000000 0.000000 0.114434 -0.092037 -0.006672 0.000000 0.000000 0.000000 0.003718 0.001375 -0.012365 -0.017983 -0.085544 -0.027922 0.073776 0.126225 9.807910 
59.307250 -0.000318 0.003959 0.937427 2.760924 0.804829 0.030636 0.000000 0.000000 0.000000 0.040555 -0.215170 0.034110 0.000000 0.000000 0.000000 0.003858 0.001649 -0.012298 -0.015697 -0.090181 -0.025528 0.073226 0.122940 9.807956 
59.505872 -0.000306 0.003981 0.938685 2.752911 0.787499 0.030923 0.000000 0.000000 0.000000 -0.019798 -0.125015 -0.037728 0.000000 0.000000 0.000000 0.003997 0.001604 -0.012300 -0.019269 -0.092658 -0.024102 0.070446 0.122962 9.807976 
59.705840 -0.000350 0.003910 0.938193 2.724134 0.799378 0.031647 0.000000 0.000000 0.000000 -0.140248 0.007772 0.026458 0.000000 0.000000 0.000000 0.003611 0.001642 -0.012510 -0.022461 -0.094548 -0.024485 0.068104 0.123185 9.807990 
59.904486 -0.000399 0.003967 0.943022 2.716043 0.811736 0.031316 0.000000 0.000000 0.000000 -0.063305 0.077285 -0.015533 0.000000 0.000000 0.000000 0.003681 0.001784 -0.012454 -0.023136 -0.091887 -0.024684 0.068748 0.124790 9.807965 
60.104499 -0.000393 0.003974 0.939079 2.725577 0.797640 0.031130 0.000000 0.000000 0.000000 -0.014530 -0.029595 0.034388 0.000000 0.000000 0.000000 0.003542 0.001828 -0.012260 -0.019034 -0.087047 -0.024766 0.072623 0.125751 9.807925 
60.303192 -0.000259 0.004004 0.940884 2.750321 0.757467 0.030713 0.000000 0.000000 0.000000 0.096466 -0.177905 0.005153 0.000000 0.000000 0.000000 0.003259 0.001852 -0.012326 -0.014473 -0.082688 -0.023990 0.076545 0.126296 9.807888 
60.503136 -0.000231 0.004028 0.938661 2.767461 0.764147 0.030511 0.000000 0.000000 0.000000 0.060108 -0.043996 -0.006387 0.000000 0.000000 0.000000 0.003398 0.001565 -0.012246 -0.021015 -0.082925 -0.023201 0.073153 0.128578 9.807884 
60.701797 -0.000317 0.003950 0.938900 2.736839 0.787189 0.032088 0.000000 0.000000 0.000000 -0.122206 0.091196 0.057842 0.000000 0.000000 0.000000 0.003597 0.001549 -0.012619 -0.023908 -0.087237 -0.021980 0.070124 0.127482 9.807921 
60.900489 -0.000320 0.003915 0.942867 2.723260 0.791482 0.032014 0.000000 0.000000 0.000000 -0.048731 0.038267 -0.029469 0.000000 0.000000 0.000000 0.003408 0.001542 -0.012625 -0.022690 -0.086512 -0.019092 0.070990 0.127366 9.807916 
61.100417 -0.000352 0.003979 0.943608 2.740025 0.806843 0.031414 0.000000 0.000000 0.000000 0.057785 0.059161 0.023321 0.000000 0.000000 0.000000 0.003410 0.001469 -0.012753 -0.024108 -0.083646 -0.019926 0.071345 0.129296 9.807888 
61.299127 -0.000280 0.003967 0.942655 2.750721 0.776569 0.031075 0.000000 0.000000 0.000000 0.088298 -0.076668 0.005138 0.000000 0.000000 0.000000 0.003449 0.001578 -0.012477 -0.018154 -0.083831 -0.018788 0.074196 0.127017 9.807897 
61.497817 -0.000228 0.004022 0.941843 2.770013 0.777414 0.031101 0.000000 0.000000 0.000000 0.107343 -0.030311 -0.058245 0.000000 0.000000 0.000000 0.003441 0.001471 -0.012498 -0.020706 -0.083753 -0.019863 0.072972 0.127993 9.807893 
61.696447 -0.000135 0.003908 0.950576 2.769058 0.751332 0.031977 0.000000 0.000000 0.000000 0.103616 -0.044995 -0.058266 0.000000 0.000000 0.000000 0.003506 0.001423 -0.012250 -0.018269 -0.086239 -0.021771 0.073246 0.125913 9.807918 
61.896419 0.000052 0.003621 0.978199 2.712149 0.681292 0.031419 0.000000 0.000000 0.000000 -0.174106 -0.252742 0.058274 0.000000 0.000000 0.000000 0.002858 -0.000480 -0.011988 -0.011806 -0.093719 -0.022326 0.073668 0.119976 9.807990 
62.295106 0.000026 0.003545 0.977223 2.631261 0.642128 0.031084 0.000000 0.000000 0.000000 -0.230215 -0.080864 0.028269 0.000000 0.000000 0.000000 0.002861 -0.000537 -0.011814 -0.016245 -0.094310 -0.018004 0.071192 0.121165 9.807993 
62.495063 -0.000011 0.003464 0.979286 2.587288 0.622334 0.030433 0.000000 0.000000 0.000000 -0.117959 -0.063191 -0.083510 0.000000 0.000000 0.000000 0.002890 -0.000291 -0.011803 -0.015576 -0.094828 -0.016165 0.071365 0.120655 9.807998 
62.892375 -0.000048 0.003363 0.987427 2.551668 0.651832 0.032481 0.000000 0.000000 0.000000 -0.013163 0.086308 0.040282 0.000000 0.000000 0.000000 0.003030 -0.000311 -0.011516 -0.018040 -0.095619 -0.016864 0.069845 0.121090 9.808004 
63.092363 0.000073 0.003354 1.018736 2.540433 0.645395 0.034066 0.000000 0.000000 0.000000 -0.078115 0.021864 -0.021680 0.000000 0.000000 0.000000 0.002741 0.000063 -0.011533 -0.014615 -0.096173 -0.015824 0.071402 0.119667 9.808010 
63.291040 -0.000023 0.003255 1.050351 2.480522 0.629102 0.033502 0.000000 0.000000 0.000000 -0.250241 -0.040786 0.000037 0.000000 0.000000 0.000000 0.003133 0.000741 -0.011456 -0.011332 -0.102386 -0.016259 0.071122 0.115354 9.808064 
63.491028 0.000043 0.003076 1.056046 2.421103 0.591908 0.033207 0.000000 0.000000 0.000000 -0.316444 -0.170788 0.071062 0.000000 0.000000 0.000000 0.003128 0.000875 -0.011344 -0.007442 -0.103596 -0.015889 0.072878 0.113498 9.808073 
63.689674 0.000055 0.003031 1.053872 2.414282 0.582846 0.033624 0.000000 0.000000 0.000000 -0.032584 -0.082520 -0.010469 0.000000 0.000000 0.000000 0.003619 0.001205 -0.010765 -0.009141 -0.098986 -0.015239 0.073247 0.116589 9.808034 
63.889649 0.000059 0.003059 1.061663 2.411565 0.588328 0.032486 0.000000 0.000000 0.000000 0.009990 0.049803 -0.020159 0.000000 0.000000 0.000000 0.003598 0.001408 -0.010500 -0.010900 -0.098376 -0.016362 0.072428 0.117438 9.808030 
64.288305 -0.000002 0.003069 1.119336 2.300671 0.616187 0.033092 0.000000 0.000000 0.000000 -0.303117 0.111038 -0.007300 0.000000 0.000000 0.000000 0.005428 0.002442 -0.010112 -0.010839 -0.110080 -0.010581 0.069254 0.110650 9.808131 
64.488326 -0.000233 0.002931 1.118221 2.242362 0.654768 0.031824 0.000000 0.000000 0.000000 -0.338665 0.245471 -0.046863 0.000000 0.000000 0.000000 0.005641 0.001624 -0.010055 -0.013239 -0.109380 -0.010703 0.067972 0.111668 9.808129 
64.686961 -0.000280 0.003081 1.123342 2.273459 0.710305 0.031240 0.000000 0.000000 0.000000 0.058533 0.280185 0.016462 0.000000 0.000000 0.000000 0.005808 0.001772 -0.010249 -0.012766 -0.101359 -0.011024 0.070226 0.116399 9.808058 
64.885595 -0.000244 0.003220 1.124195 2.327168 0.748889 0.031509 0.000000 0.000000 0.000000 0.214771 0.184709 0.068302 0.000000 0.000000 0.000000 0.007016 0.001832 -0.010432 -0.010554 -0.097609 -0.010318 0.072469 0.118056 9.808022 
65.084256 -0.000231 0.003289 1.123428 2.353994 0.753250 0.031856 0.000000 0.000000 0.000000 0.161153 0.069492 0.005020 0.000000 0.000000 0.000000 0.006894 0.000737 -0.010467 -0.005459 -0.101374 -0.006986 0.074547 0.114547 9.808048 
65.284344 -0.000213 0.003379 1.125043 2.390195 0.783004 0.032327 0.000000 0.000000 0.000000 0.198306 0.144599 0.030990 0.000000 0.000000 0.000000 0.006796 0.000665 -0.010662 -0.007063 -0.101005 -0.002975 0.073695 0.115137 9.808047 
65.483053 -0.000199 0.003402 1.123233 2.393036 0.775208 0.031841 0.000000 0.000000 0.000000 -0.004457 0.051784 -0.062928 0.000000 0.000000 0.000000 0.006833 0.000902 -0.010562 0.000625 -0.108611 -0.000657 0.076390 0.108739 9.808100 
65.682940 -0.000282 0.003425 1.120687 2.394286 0.801087 0.032065 0.000000 0.000000 0.000000 -0.030396 0.158055 0.030581 0.000000 0.000000 0.000000 0.006906 0.001039 -0.010662 -0.000405 -0.107554 -0.001481 0.076043 0.109621 9.808093 
65.881604 -0.000303 0.003487 1.123215 2.412385 0.837001 0.031982 0.000000 0.000000 0.000000 0.087629 0.180463 0.013445 0.000000 0.000000 0.000000 0.007205 0.001306 -0.010888 -0.000273 -0.104995 -0.000976 0.076763 0.111060 9.808071 
66.081649 -0.000340 0.003529 1.126715 2.421219 0.886917 0.031335 0.000000 0.000000 0.000000 0.036892 0.240459 -0.027390 0.000000 0.000000 0.000000 0.006951 0.001286 -0.011066 -0.001287 -0.105870 -0.007614 0.075942 0.110866 9.808079 
66.280204 -0.000419 0.003561 1.128260 2.413259 0.914031 0.031762 0.000000 0.000000 0.000000 -0.019073 0.194738 -0.021674 0.000000 0.000000 0.000000 0.006651 0.001512 -0.011109 0.003807 -0.108813 -0.012836 0.078122 0.107946 9.808095 
66.678946 -0.000487 0.003686 1.129024 2.448042 0.974632 0.032089 0.000000 0.000000 0.000000 0.113325 0.182203 0.011337 0.000000 0.000000 0.000000 0.005984 0.001518 -0.011054 0.007492 -0.103468 -0.011787 0.081558 0.110133 9.808043 
66.877567 -0.000454 0.003810 1.128016 2.504643 1.006736 0.032659 0.000000 0.000000 0.000000 0.278589 0.192673 -0.005380 0.000000 0.000000 0.000000 0.005214 0.001216 -0.010865 0.008631 -0.100267 -0.010395 0.082963 0.111691 9.808013 
67.077544 -0.000393 0.003895 1.127934 2.552555 1.011539 0.031827 0.000000 0.000000 0.000000 0.257494 0.047022 -0.008225 0.000000 0.000000 0.000000 0.005109 0.001615 -0.010918 0.012828 -0.101731 -0.010650 0.084988 0.109841 9.808017 
67.276219 -0.000365 0.003976 1.128488 2.586059 1.005718 0.030759 0.000000 0.000000 0.000000 0.171627 -0.010876 0.003559 0.000000 0.000000 0.000000 0.005085 0.001578 -0.010781 0.014969 -0.104707 -0.008680 0.085466 0.107622 9.808037 
67.476230 -0.000348 0.004023 1.127591 2.607515 1.007573 0.030434 0.000000 0.000000 0.000000 0.156141 0.044417 -0.052372 0.000000 0.000000 0.000000 0.005010 0.001516 -0.010863 0.014222 -0.107916 -0.010254 0.084247 0.106017 9.808065 
67.676183 -0.000333 0.004035 1.130407 2.608168 1.005380 0.030838 0.000000 0.000000 0.000000 0.011983 0.031081 0.044299 0.000000 0.000000 0.000000 0.004519 0.001075 -0.011113 0.015385 -0.111046 -0.011029 0.084098 0.104009 9.808088 
67.874855 -0.000365 0.004044 1.130458 2.602002 0.999071 0.030429 0.000000 0.000000 0.000000 -0.004176 0.000081 0.017052 0.000000 0.000000 0.000000 0.004279 0.000556 -0.010834 0.016863 -0.112675 -0.008742 0.084502 0.102733 9.808098 
68.273505 -0.000305 0.004127 1.130100 2.638118 0.990848 0.030120 0.000000 0.000000 0.000000 0.110862 -0.001796 -0.008034 0.000000 0.000000 0.000000 0.003653 0.000610 -0.010853 0.020073 -0.109125 -0.007937 0.087143 0.103892 9.808063 
68.472215 -0.000257 0.004125 1.131695 2.651266 0.979050 0.031145 0.000000 0.000000 0.000000 -0.010677 -0.103782 0.139123 0.000000 0.000000 0.000000 0.003723 0.001069 -0.010881 0.021399 -0.110245 -0.006944 0.087603 0.102944 9.808069 
68.672152 -0.000193 0.004081 1.132350 2.646380 0.925362 0.030298 0.000000 0.000000 0.000000 -0.011765 -0.284525 0.015015 0.000000 0.000000 0.000000 0.003714 0.001019 -0.010994 0.023601 -0.111162 -0.007119 0.088557 0.101904 9.808071 
68.870833 -0.000067 0.004009 1.134411 2.623506 0.855792 0.029079 0.000000 0.000000 0.000000 -0.120126 -0.388941 0.107576 0.000000 0.000000 0.000000 0.003149 0.000445 -0.011093 0.024360 -0.113352 -0.005909 0.088404 0.100551 9.808086 
69.269506 -0.000136 0.003936 1.139224 2.574257 0.849346 0.029749 0.000000 0.000000 0.000000 -0.115074 0.046877 -0.027076 0.000000 0.000000 0.000000 0.001897 0.002309 -0.011089 0.014095 -0.113797 -0.003110 0.082903 0.102877 9.808110 
69.469459 -0.000283 0.003953 1.139347 2.568221 0.901582 0.029238 0.000000 0.000000 0.000000 -0.040939 0.212576 0.001294 0.000000 0.000000 0.000000 0.001873 0.000921 -0.011116 0.008011 -0.110444 -0.005929 0.080475 0.106172 9.808095 
69.668093 -0.000276 0.004067 1.140410 2.609254 0.951058 0.030350 0.000000 0.000000 0.000000 0.135724 0.248478 -0.012354 0.000000 0.000000 0.000000 0.000844 0.000379 -0.011313 0.007754 -0.101673 -0.007249 0.082478 0.110894 9.808026 
69.866825 -0.000262 0.004165 1.141443 2.654610 0.975343 0.030153 0.000000 0.000000 0.000000 0.209167 0.160551 0.008349 0.000000 0.000000 0.000000 0.000809 0.000502 -0.011218 0.012709 -0.098678 -0.007998 0.085822 0.111260 9.807994 
70.066823 -0.000253 0.004172 1.137419 2.656603 0.972660 0.030067 0.000000 0.000000 0.000000 0.060455 0.040207 -0.018471 0.000000 0.000000 0.000000 0.000913 0.000795 -0.010909 0.017527 -0.106531 -0.006423 0.086450 0.105935 9.808047 
70.265494 -0.000195 0.004219 1.142859 2.679917 0.974475 0.030338 0.000000 0.000000 0.000000 0.102811 0.002198 0.034605 0.000000 0.000000 0.000000 0.000718 0.000775 -0.011179 0.018289 -0.104615 -0.004137 0.087322 0.106737 9.808031 
70.464110 -0.000200 0.004217 1.144319 2.671126 0.968155 0.029904 0.000000 0.000000 0.000000 -0.007659 -0.011947 -0.025676 0.000000 0.000000 0.000000 0.000992 0.000927 -0.010879 0.018985 -0.108598 -0.004249 0.086708 0.104493 9.808060 
70.664121 -0.000239 0.004204 1.138764 2.667489 0.966484 0.029571 0.000000 0.000000 0.000000 -0.037125 0.016540 -0.020621 0.000000 0.000000 0.000000 0.000859 0.000927 -0.010729 0.019143 -0.108957 -0.007848 0.086696 0.104299 9.808062 
71.061399 -0.000178 0.004213 1.140779 2.679094 0.974081 0.030732 0.000000 0.000000 0.000000 0.017680 0.044846 0.015139 0.000000 0.000000 0.000000 0.000581 0.000753 -0.010957 0.019423 -0.106271 -0.007608 0.087495 0.105612 9.808041 
71.261398 -0.000190 0.004266 1.141810 2.695587 0.984146 0.030797 0.000000 0.000000 0.000000 0.128078 0.056446 -0.011979 0.000000 0.000000 0.000000 0.000210 0.000598 -0.010969 0.019725 -0.104940 -0.005831 0.087977 0.106204 9.808030 
71.660038 -0.000201 0.004294 1.142342 2.714057 1.002356 0.030799 0.000000 0.000000 0.000000 0.041738 0.030060 0.010885 0.000000 0.000000 0.000000 0.000737 0.000988 -0.010966 0.019724 -0.106857 -0.007082 0.087510 0.105237 9.808045 
71.858687 -0.000181 0.004317 1.145762 2.710635 0.996582 0.031328 0.000000 0.000000 0.000000 0.012337 -0.004569 -0.006431 0.000000 0.000000 0.000000 0.001356 0.001701 -0.011048 0.020734 -0.109227 -0.005032 0.087462 0.103768 9.808061 
72.057364 -0.000138 0.004362 1.144616 2.733372 0.977587 0.030628 0.000000 0.000000 0.000000 0.138206 -0.147296 -0.014109 0.000000 0.000000 0.000000 0.000933 0.001801 -0.011049 0.022469 -0.107184 -0.005339 0.088834 0.104383 9.808042 
72.257339 -0.000133 0.004335 1.142123 2.728975 0.951660 0.030044 0.000000 0.000000 0.000000 0.023661 -0.136589 -0.012193 0.000000 0.000000 0.000000 0.001101 0.001914 -0.010746 0.022043 -0.111169 -0.004284 0.087656 0.102485 9.808073 
72.456028 -0.000092 0.004353 1.144279 2.732945 0.949427 0.029718 0.000000 0.000000 0.000000 0.032139 -0.022332 0.027328 0.000000 0.000000 0.000000 0.001062 0.001787 -0.010938 0.018883 -0.111561 -0.004425 0.085985 0.103061 9.808082 
72.654631 -0.000048 0.004325 1.144075 2.738562 0.940127 0.030363 0.000000 0.000000 0.000000 0.059430 -0.000642 -0.031875 0.000000 0.000000 0.000000 0.001079 0.001963 -0.010740 0.020445 -0.112013 -0.004469 0.086648 0.102456 9.808082 
72.854645 -0.000091 0.004357 1.142534 2.734369 0.968095 0.031045 0.000000 0.000000 0.000000 -0.029456 0.081755 -0.013471 0.000000 0.000000 0.000000 0.000612 0.002388 -0.010792 0.015351 -0.113156 -0.006546 0.083862 0.103166 9.808099 
73.053303 -0.000105 0.004406 1.145987 2.743616 0.983237 0.030678 0.000000 0.000000 0.000000 0.070581 0.092337 -0.022843 0.000000 0.000000 0.000000 0.000772 0.002395 -0.010839 0.016394 -0.111354 -0.009044 0.084809 0.103807 9.808084 
73.253299 -0.000120 0.004409 1.145196 2.750182 1.004838 0.031005 0.000000 0.000000 0.000000 0.035952 0.120234 0.020938 0.000000 0.000000 0.000000 0.000612 0.002512 -0.010790 0.016673 -0.111942 -0.010555 0.084797 0.103467 9.808088 
73.451939 -0.000110 0.004484 1.145297 2.789628 1.035490 0.031112 0.000000 0.000000 0.000000 0.197639 0.180720 -0.033635 0.000000 0.000000 0.000000 0.000159 0.002248 -0.010957 0.016841 -0.107903 -0.013207 0.085851 0.105414 9.808058 
73.650624 -0.000072 0.004528 1.151007 2.806686 1.027354 0.031185 0.000000 0.000000 0.000000 -0.028514 -0.007584 0.014190 0.000000 0.000000 0.000000 0.000169 0.003308 -0.010927 0.022662 -0.111008 -0.014808 0.087926 0.102500 9.808070 
73.850583 -0.000092 0.004502 1.151091 2.780623 1.024740 0.032206 0.000000 0.000000 0.000000 -0.161414 -0.008082 0.108792 0.000000 0.000000 0.000000 -0.000073 0.003304 -0.010986 0.022716 -0.112383 -0.014556 0.087618 0.101827 9.808080 
74.049271 -0.000091 0.004496 1.153259 2.778652 1.037454 0.032149 0.000000 0.000000 0.000000 -0.025731 0.109477 -0.006195 0.000000 0.000000 0.000000 0.000430 0.003671 -0.010935 0.022146 -0.109873 -0.009021 0.087972 0.103114 9.808063 
74.247951 -0.000124 0.004579 1.153704 2.797688 1.073243 0.032276 0.000000 0.000000 0.000000 0.077792 0.173801 0.001428 0.000000 0.000000 0.000000 0.000813 0.003924 -0.011047 0.020956 -0.106995 -0.010480 0.088102 0.104765 9.808045 
74.447900 -0.000101 0.004573 1.156464 2.807000 1.068419 0.032029 0.000000 0.000000 0.000000 0.028303 0.028433 0.014367 0.000000 0.000000 0.000000 0.000732 0.004047 -0.010967 0.027550 -0.107603 -0.007688 0.091064 0.102880 9.808038 
74.646566 -0.000172 0.004509 1.152697 2.779368 1.061210 0.032254 0.000000 0.000000 0.000000 -0.134551 -0.056621 -0.006014 0.000000 0.000000 0.000000 0.001045 0.004318 -0.010901 0.029077 -0.112582 -0.006919 0.090605 0.100162 9.808070 
74.846590 -0.000165 0.004516 1.152124 2.778882 1.063338 0.031009 0.000000 0.000000 0.000000 -0.019899 0.018855 -0.038976 0.000000 0.000000 0.000000 0.001090 0.004379 -0.011160 0.028447 -0.110505 -0.007280 0.090803 0.101288 9.808057 
75.045279 -0.000417 0.003931 1.106162 2.728356 1.013866 0.034537 0.000000 0.000000 0.000000 -0.188148 -0.154477 0.031698 0.000000 0.000000 0.000000 0.000920 0.003677 -0.011049 0.034140 -0.115926 -0.012016 0.092082 0.097472 9.808083 
75.243882 -0.000360 0.003892 1.061570 2.666038 0.954266 0.036953 0.000000 0.000000 0.000000 -0.247023 -0.219507 -0.034357 0.000000 0.000000 0.000000 0.000927 0.003632 -0.011204 0.039274 -0.120393 -0.015007 0.093131 0.094269 9.808105 
75.442504 -0.000311 0.003778 1.009899 2.591575 0.856030 0.035759 0.000000 0.000000 0.000000 -0.382596 -0.445122 0.093129 0.000000 0.000000 0.000000 0.000773 0.004152 -0.011227 0.046425 -0.123449 -0.011869 0.094979 0.091138 9.808117 
75.642534 -0.000426 0.003273 0.947827 2.498470 0.748951 0.034655 0.000000 0.000000 0.000000 -0.479646 -0.531079 -0.097660 0.000000 0.000000 0.000000 0.000720 0.004487 -0.011207 0.048907 -0.125356 -0.007792 0.095231 0.089796 9.808127 
75.841181 -0.000472 0.003239 0.887437 2.484864 0.666384 0.034540 0.000000 0.000000 0.000000 -0.121591 -0.473797 -0.170698 0.000000 0.000000 0.000000 0.001301 0.004955 -0.011179 0.046285 -0.120999 -0.008849 0.095942 0.091560 9.808103 
76.039920 -0.000604 0.003066 0.838961 2.364678 0.600718 0.029981 0.000000 0.000000 0.000000 -0.383461 -0.419326 0.026300 0.000000 0.000000 0.000000 -0.001465 0.003615 -0.011177 0.047687 -0.127494 -0.012441 0.094238 0.090607 9.808129 
76.238522 -0.000654 0.002799 0.800575 2.244000 0.561028 0.031516 0.000000 0.000000 0.000000 -0.565007 -0.171368 -0.131544 0.000000 0.000000 0.000000 -0.004106 0.003446 -0.011208 0.047222 -0.132613 -0.012188 0.092971 0.090711 9.808140 
76.438511 -0.000762 0.002671 0.795920 2.155703 0.593087 0.028687 0.000000 0.000000 0.000000 -0.439914 0.067941 0.009171 0.000000 0.000000 0.000000 -0.005015 0.006137 -0.011325 0.041664 -0.133992 -0.015492 0.092951 0.092009 9.808128 
76.637158 -0.000864 0.002671 0.802669 2.130072 0.630524 0.029944 0.000000 0.000000 0.000000 -0.207433 0.167684 -0.013243 0.000000 0.000000 0.000000 -0.004294 0.007849 -0.011355 0.038354 -0.132339 -0.015368 0.093548 0.092502 9.808118 
76.837193 -0.000910 0.002723 0.802339 2.163441 0.674144 0.030937 0.000000 0.000000 0.000000 0.095740 0.224219 0.013019 0.000000 0.000000 0.000000 -0.003707 0.008701 -0.011202 0.035693 -0.130170 -0.015617 0.094177 0.092791 9.808109 
77.234441 -0.000979 0.002862 0.809873 2.237736 0.752961 0.032740 0.000000 0.000000 0.000000 0.187962 0.194729 0.041527 0.000000 0.000000 0.000000 -0.003404 0.008571 -0.011739 0.033912 -0.128961 -0.010989 0.094553 0.092984 9.808104 
77.434453 -0.001074 0.002973 0.808195 2.303065 0.828622 0.033283 0.000000 0.000000 0.000000 0.347137 0.400523 -0.053373 0.000000 0.000000 0.000000 -0.003191 0.006777 -0.011748 0.028312 -0.129283 -0.009505 0.095009 0.093964 9.808090 
77.633152 -0.001104 0.003087 0.809606 2.343772 0.847220 0.033623 0.000000 0.000000 0.000000 0.214880 0.152414 -0.053471 0.000000 0.000000 0.000000 -0.003622 0.007943 -0.011839 0.036413 -0.126722 -0.011618 0.094799 0.092357 9.808107 
77.833157 -0.001068 0.003168 0.815628 2.374604 0.849003 0.033884 0.000000 0.000000 0.000000 0.177414 0.027240 0.016096 0.000000 0.000000 0.000000 -0.003413 0.007564 -0.011996 0.038611 -0.126150 -0.012582 0.094750 0.091914 9.808112 
78.031836 -0.001102 0.003209 0.814482 2.393464 0.867484 0.034133 0.000000 0.000000 0.000000 0.073066 0.102880 0.019068 0.000000 0.000000 0.000000 -0.003673 0.007401 -0.011679 0.038630 -0.127373 -0.009386 0.094523 0.091964 9.808113 
78.230521 -0.001131 0.003263 0.814404 2.411802 0.899661 0.035215 0.000000 0.000000 0.000000 0.123165 0.137111 0.017385 0.000000 0.000000 0.000000 -0.003816 0.007436 -0.011723 0.037529 -0.128571 -0.007000 0.094371 0.092219 9.808112 
78.430462 -0.001116 0.003295 0.819815 2.442951 0.918360 0.037204 0.000000 0.000000 0.000000 0.125936 0.124721 -0.008096 0.000000 0.000000 0.000000 -0.003937 0.007363 -0.012085 0.038257 -0.126225 -0.009407 0.094745 0.091954 9.808111 
78.827771 -0.001171 0.003456 0.821759 2.492567 0.956350 0.036608 0.000000 0.000000 0.000000 0.115828 0.092550 0.052619 0.000000 0.000000 0.000000 -0.004146 0.007628 -0.012203 0.038591 -0.124961 -0.009309 0.094946 0.091815 9.808111 
79.027750 -0.001178 0.003548 0.824689 2.522997 0.975752 0.037174 0.000000 0.000000 0.000000 0.164256 0.154979 -0.051296 0.000000 0.000000 0.000000 -0.004501 0.007710 -0.012189 0.038897 -0.124209 -0.010464 0.095072 0.091739 9.808110 
79.226388 -0.001195 0.003592 0.819447 2.557394 0.991094 0.036735 0.000000 0.000000 0.000000 0.172929 0.106152 -0.013853 0.000000 0.000000 0.000000 -0.004611 0.007724 -0.011879 0.040354 -0.123192 -0.013116 0.095152 0.091417 9.808112 
79.426472 -0.001285 0.003559 0.819603 2.531427 1.004409 0.036425 0.000000 0.000000 0.000000 -0.020856 0.117435 -0.143464 0.000000 0.000000 0.000000 -0.004400 0.007832 -0.011996 0.047228 -0.128574 -0.022400 0.093847 0.090470 9.808134 
79.625121 -0.001374 0.003558 0.827181 2.507188 1.017701 0.034902 0.000000 0.000000 0.000000 -0.191510 0.034753 0.007292 0.000000 0.000000 0.000000 -0.004408 0.007882 -0.012041 0.049870 -0.129946 -0.029041 0.093487 0.090117 9.808141 
79.823758 -0.001325 0.003608 0.830434 2.506567 0.993447 0.035895 0.000000 0.000000 0.000000 -0.058504 -0.085489 0.049449 0.000000 0.000000 0.000000 -0.003836 0.007827 -0.012251 0.050021 -0.126966 -0.029017 0.094026 0.089942 9.808137 
80.022453 -0.001237 0.003647 0.832279 2.524813 0.962182 0.035569 0.000000 0.000000 0.000000 0.087120 -0.114095 -0.045385 0.000000 0.000000 0.000000 -0.002682 0.007916 -0.012388 0.049719 -0.124234 -0.027591 0.094556 0.089881 9.808132 
80.222335 -0.001241 0.003674 0.835070 2.526333 0.969106 0.034696 0.000000 0.000000 0.000000 0.049220 0.021763 -0.035344 0.000000 0.000000 0.000000 -0.003859 0.007901 -0.012360 0.048762 -0.128086 -0.030484 0.093860 0.090206 9.808136 
80.619694 -0.001121 0.003406 0.866270 2.463296 0.995313 0.038144 0.000000 0.000000 0.000000 -0.174600 0.058222 0.041087 0.000000 0.000000 0.000000 -0.003040 0.008190 -0.012310 0.053095 -0.133183 -0.029806 0.092785 0.089574 9.808152 
81.018432 -0.000780 0.003376 0.966328 2.419700 0.897919 0.036837 0.000000 0.000000 0.000000 -0.062019 -0.305893 -0.009186 0.000000 0.000000 0.000000 -0.006532 0.011956 -0.012362 0.060175 -0.127701 -0.031001 0.093960 0.088173 9.808154 
81.217049 -0.000434 0.003272 1.014804 2.411125 0.786451 0.035300 0.000000 0.000000 0.000000 -0.037481 -0.531875 0.028329 0.000000 0.000000 0.000000 -0.008036 0.013942 -0.012331 0.064654 -0.125716 -0.031791 0.095042 0.087329 9.808151 
81.416988 -0.000165 0.003306 1.065336 2.406273 0.680759 0.034550 0.000000 0.000000 0.000000 0.030941 -0.529528 -0.053109 0.000000 0.000000 0.000000 -0.007387 0.013839 -0.012391 0.064473 -0.126999 -0.031201 0.094690 0.087097 9.808156 
81.615682 0.000043 0.003306 1.123838 2.449121 0.624665 0.009799 0.000000 0.000000 0.000000 0.115052 -0.258920 0.120540 0.000000 0.000000 0.000000 -0.007485 0.013057 -0.012399 0.058551 -0.124137 -0.026366 0.093791 0.089345 9.808145 
81.814406 0.000175 0.003206 1.166335 2.438164 0.611559 0.029680 0.000000 0.000000 0.000000 -0.040163 -0.108171 0.167555 0.000000 0.000000 0.000000 -0.007536 0.012961 -0.012488 0.056769 -0.126048 -0.026262 0.092774 0.089180 9.808156 
82.014368 0.000167 0.003452 1.211993 2.454470 0.653308 0.031850 0.000000 0.000000 0.000000 0.125374 0.162161 0.092809 0.000000 0.000000 0.000000 -0.007974 0.015296 -0.012575 0.051787 -0.124888 -0.021599 0.091087 0.090694 9.808158 
82.212953 0.000171 0.003575 1.244430 2.507680 0.720111 0.043029 0.000000 0.000000 0.000000 0.267534 0.385509 -0.134370 0.000000 0.000000 0.000000 -0.007590 0.017274 -0.012473 0.048387 -0.122184 -0.019937 0.090165 0.092512 9.808149 
82.411657 0.000230 0.003845 1.291655 2.515569 0.803815 0.032715 0.000000 0.000000 0.000000 0.056148 0.420044 -0.050908 0.000000 0.000000 0.000000 -0.010069 0.016486 -0.012599 0.047798 -0.126972 -0.022346 0.089027 0.090444 9.808179 
82.610338 0.000269 0.003753 1.329090 2.509973 0.844503 0.034111 0.000000 0.000000 0.000000 -0.001365 0.205187 -0.080876 0.000000 0.000000 0.000000 -0.010213 0.014594 -0.012601 0.051187 -0.129036 -0.023609 0.090318 0.088906 9.808181 
82.809006 0.000209 0.003689 1.363279 2.446611 0.843541 0.028984 0.000000 0.000000 0.000000 -0.256073 -0.016958 -0.003011 0.000000 0.000000 0.000000 -0.010928 0.013380 -0.012511 0.053350 -0.133279 -0.024168 0.090852 0.086447 9.808198 
83.008960 0.000227 0.003568 1.405360 2.347221 0.784967 0.028826 0.000000 0.000000 0.000000 -0.343559 -0.304033 -0.182378 0.000000 0.000000 0.000000 -0.012491 0.010929 -0.012255 0.056486 -0.140799 -0.024520 0.091722 0.082077 9.808228 
83.207623 0.000206 0.003356 1.429501 2.271190 0.749992 0.031217 0.000000 0.000000 0.000000 -0.393213 -0.231769 -0.013508 0.000000 0.000000 0.000000 -0.013050 0.012014 -0.012112 0.052770 -0.140557 -0.032581 0.089704 0.082577 9.808242 
83.406332 0.000160 0.003178 1.463620 2.128574 0.715223 0.034129 0.000000 0.000000 0.000000 -0.734283 -0.233885 -0.090374 0.000000 0.000000 0.000000 -0.016735 0.011895 -0.011888 0.047307 -0.149467 -0.032948 0.085986 0.077943 9.808313 
83.604952 0.000090 0.002927 1.482219 2.033482 0.628532 0.026512 0.000000 0.000000 0.000000 -0.443843 -0.376680 -0.427011 0.000000 0.000000 0.000000 -0.014569 0.010423 -0.011941 0.053729 -0.146510 -0.036402 0.089833 0.079290 9.808268 
83.803666 0.000143 0.002987 1.476828 2.058043 0.629598 0.031928 0.000000 0.000000 0.000000 0.192063 -0.080164 -0.108423 0.000000 0.000000 0.000000 -0.013760 0.011186 -0.011852 0.051493 -0.137617 -0.044581 0.088832 0.084628 9.808233 
84.002235 0.000159 0.003054 1.477467 2.085123 0.645270 0.025950 0.000000 0.000000 0.000000 0.106687 0.015878 0.045472 0.000000 0.000000 0.000000 -0.013808 0.011253 -0.011707 0.048138 -0.136916 -0.046132 0.086899 0.085153 9.808245 
84.400917 0.000141 0.003220 1.480212 2.107101 0.758578 0.027626 0.000000 0.000000 0.000000 -0.014812 0.426674 0.053551 0.000000 0.000000 0.000000 -0.013611 0.010285 -0.011721 0.039091 -0.132363 -0.037975 0.081831 0.088064 9.808263 
84.599564 0.000093 0.003322 1.474810 2.139056 0.810757 0.028112 0.000000 0.000000 0.000000 0.185938 0.297339 -0.141376 0.000000 0.000000 0.000000 -0.014239 0.010809 -0.011718 0.042703 -0.130949 -0.037858 0.083947 0.088725 9.808239 
84.798240 0.000126 0.003440 1.483170 2.165437 0.822544 0.028410 0.000000 0.000000 0.000000 0.218634 0.007789 -0.017096 0.000000 0.000000 0.000000 -0.014166 0.010403 -0.011846 0.045493 -0.133828 -0.040368 0.085381 0.086974 9.808243 
84.996893 0.000140 0.003419 1.480455 2.175146 0.803199 0.027988 0.000000 0.000000 0.000000 0.059791 -0.051863 0.002033 0.000000 0.000000 0.000000 -0.014945 0.009652 -0.011509 0.046409 -0.140002 -0.041315 0.085606 0.083467 9.808271 
85.195553 0.000115 0.003484 1.482214 2.180478 0.825986 0.027922 0.000000 0.000000 0.000000 0.034232 0.088199 -0.007194 0.000000 0.000000 0.000000 -0.015086 0.010068 -0.011713 0.041136 -0.138769 -0.043406 0.082700 0.084404 9.808288 
85.592886 0.000065 0.003622 1.482233 2.197933 0.901314 0.028959 0.000000 0.000000 0.000000 0.043213 0.189851 0.034692 0.000000 0.000000 0.000000 -0.014118 0.008620 -0.011485 0.034956 -0.137758 -0.053479 0.079297 0.085270 9.808309 
85.792886 0.000065 0.003665 1.483978 2.223539 0.919805 0.028684 0.000000 0.000000 0.000000 0.139349 0.142293 -0.013245 0.000000 0.000000 0.000000 -0.014696 0.010428 -0.011431 0.040034 -0.138323 -0.057482 0.082148 0.084771 9.808290 
85.990170 0.000033 0.003753 1.485662 2.241751 0.948296 0.029002 0.000000 0.000000 0.000000 0.095309 0.134188 -0.022300 0.000000 0.000000 0.000000 -0.014089 0.010199 -0.011436 0.039160 -0.139287 -0.061013 0.081607 0.084281 9.808298 
86.388836 -0.000103 0.003579 1.438127 2.231303 0.924383 0.030577 0.000000 0.000000 0.000000 -0.045149 -0.048673 0.030404 0.000000 0.000000 0.000000 -0.012797 0.013399 -0.011615 0.047337 -0.148844 -0.055118 0.085721 0.078582 9.808311 
86.587475 -0.000217 0.003419 1.371656 2.207247 0.924851 0.040558 0.000000 0.000000 0.000000 0.087039 -0.108962 -0.031073 0.000000 0.000000 0.000000 -0.011454 0.012757 -0.011581 0.044491 -0.151142 -0.057740 0.084037 0.077511 9.808334 
86.786180 -0.000246 0.003240 1.333943 2.226409 0.888184 0.034436 0.000000 0.000000 0.000000 0.033524 -0.162834 0.097026 0.000000 0.000000 0.000000 -0.011166 0.012645 -0.011574 0.045685 -0.151729 -0.057775 0.084607 0.077100 9.808332 
86.984813 -0.000180 0.003226 1.274299 2.270058 0.793815 0.037813 0.000000 0.000000 0.000000 0.091214 -0.387574 -0.067443 0.000000 0.000000 0.000000 -0.008954 0.010909 -0.011629 0.052436 -0.148802 -0.051615 0.088098 0.077473 9.808298 
87.183459 -0.000135 0.003247 1.242292 2.306388 0.746425 0.028127 0.000000 0.000000 0.000000 0.200687 -0.138569 0.128703 0.000000 0.000000 0.000000 -0.008773 0.012536 -0.011657 0.048873 -0.147323 -0.051743 0.086853 0.078664 9.808300 
87.382123 -0.000051 0.003378 1.240945 2.371629 0.742250 0.027724 0.000000 0.000000 0.000000 0.319295 -0.017254 0.153035 0.000000 0.000000 0.000000 -0.008089 0.013421 -0.011755 0.046530 -0.144559 -0.048594 0.086443 0.080126 9.808292 
87.580775 0.000038 0.003508 1.245815 2.425142 0.739515 0.034203 0.000000 0.000000 0.000000 0.235859 -0.030459 0.194763 0.000000 0.000000 0.000000 -0.008382 0.013205 -0.011829 0.046355 -0.145224 -0.045662 0.086262 0.079908 9.808295 
87.779425 0.000035 0.003530 1.247699 2.428339 0.751156 0.035205 0.000000 0.000000 0.000000 0.003620 0.042368 -0.007270 0.000000 0.000000 0.000000 -0.009226 0.013203 -0.011618 0.045020 -0.148260 -0.042336 0.085229 0.079071 9.808311 
87.978113 0.000003 0.003539 1.246557 2.431078 0.769256 0.036990 0.000000 0.000000 0.000000 -0.036087 0.057715 -0.062097 0.000000 0.000000 0.000000 -0.009162 0.013309 -0.011557 0.044037 -0.148299 -0.043607 0.084870 0.079241 9.808313 
88.376740 -0.000083 0.003556 1.247971 2.418907 0.818104 0.034879 0.000000 0.000000 0.000000 -0.051083 0.201004 0.041264 0.000000 0.000000 0.000000 -0.009121 0.013588 -0.011500 0.043629 -0.147616 -0.043585 0.084849 0.079560 9.808310 
88.774027 -0.000140 0.003657 1.251218 2.431293 0.897488 0.035656 0.000000 0.000000 0.000000 0.034522 0.230835 -0.011653 0.000000 0.000000 0.000000 -0.009877 0.013171 -0.011509 0.043738 -0.144886 -0.042985 0.085373 0.080509 9.808298 
88.972737 -0.000159 0.003704 1.250972 2.447124 0.900997 0.035725 0.000000 0.000000 0.000000 0.096507 0.049812 0.005094 0.000000 0.000000 0.000000 -0.010372 0.014526 -0.011425 0.047384 -0.144811 -0.044159 0.086668 0.079885 9.808292 
89.171449 -0.000146 0.003758 1.250443 2.464679 0.904181 0.035497 0.000000 0.000000 0.000000 0.100086 0.038671 -0.011631 0.000000 0.000000 0.000000 -0.010216 0.014658 -0.011451 0.048659 -0.144598 -0.044586 0.087152 0.079736 9.808289 
89.370114 -0.000165 0.003753 1.251016 2.463809 0.911982 0.036217 0.000000 0.000000 0.000000 0.061111 0.078617 -0.002349 0.000000 0.000000 0.000000 -0.009679 0.014955 -0.011471 0.049028 -0.147922 -0.041780 0.086684 0.078505 9.808303 
89.568715 -0.000113 0.003761 1.254815 2.470064 0.907719 0.035723 0.000000 0.000000 0.000000 0.095464 -0.002913 0.127546 0.000000 0.000000 0.000000 -0.009619 0.015327 -0.011536 0.051879 -0.149324 -0.039842 0.087425 0.077497 9.808304 
89.768697 -0.000126 0.003810 1.257018 2.476284 0.905131 0.035287 0.000000 0.000000 0.000000 0.080446 -0.011800 -0.053033 0.000000 0.000000 0.000000 -0.009411 0.015211 -0.011342 0.052156 -0.150506 -0.038301 0.087313 0.077040 9.808309 
89.967454 -0.000160 0.003773 1.258249 2.467072 0.921687 0.035499 0.000000 0.000000 0.000000 -0.092267 0.082646 0.064448 0.000000 0.000000 0.000000 -0.009594 0.014912 -0.011197 0.050743 -0.152177 -0.040449 0.086536 0.076720 9.808318 
90.166046 -0.000234 0.003736 1.254655 2.430300 0.932810 0.036356 0.000000 0.000000 0.000000 -0.170195 0.026990 -0.034278 0.000000 0.000000 0.000000 -0.009632 0.014779 -0.011190 0.050235 -0.154798 -0.038848 0.085909 0.075910 9.808330 
90.364663 -0.000190 0.003732 1.257351 2.441317 0.926490 0.036047 0.000000 0.000000 0.000000 0.029548 -0.006661 -0.003702 0.000000 0.000000 0.000000 -0.010235 0.014775 -0.011435 0.051884 -0.148253 -0.040031 0.087601 0.077854 9.808300 
90.763335 -0.000224 0.003760 1.262146 2.437877 0.937949 0.035874 0.000000 0.000000 0.000000 -0.025513 0.084354 -0.030765 0.000000 0.000000 0.000000 -0.009924 0.014599 -0.011363 0.050744 -0.148910 -0.039647 0.087103 0.077826 9.808305 
90.961968 -0.000252 0.003790 1.265917 2.439883 0.956952 0.035769 0.000000 0.000000 0.000000 -0.014968 0.143019 0.026376 0.000000 0.000000 0.000000 -0.010249 0.014582 -0.011430 0.051272 -0.147880 -0.039621 0.087455 0.078089 9.808299 
91.160669 -0.000217 0.003827 1.267083 2.464849 0.968098 0.035990 0.000000 0.000000 0.000000 0.126259 0.095158 -0.001794 0.000000 0.000000 0.000000 -0.010752 0.014746 -0.011081 0.054301 -0.144986 -0.038601 0.088970 0.078557 9.808282 
91.359281 -0.000212 0.003861 1.262066 2.477700 0.972323 0.036440 0.000000 0.000000 0.000000 0.109372 0.072888 0.002110 0.000000 0.000000 0.000000 -0.010547 0.014947 -0.010974 0.057327 -0.147724 -0.039705 0.089540 0.077123 9.808288 
91.556671 -0.000183 0.003876 1.263336 2.484815 0.952890 0.036036 0.000000 0.000000 0.000000 0.061590 -0.105279 -0.002888 0.000000 0.000000 0.000000 -0.010491 0.015169 -0.010913 0.062436 -0.150202 -0.039330 0.090847 0.075426 9.808289 
91.756655 -0.000167 0.003831 1.262619 2.480334 0.937875 0.035863 0.000000 0.000000 0.000000 0.006915 -0.066394 -0.067753 0.000000 0.000000 0.000000 -0.010651 0.014876 -0.010861 0.062434 -0.151636 -0.039648 0.090601 0.074952 9.808295 
92.154007 -0.000154 0.003847 1.267956 2.478143 0.924746 0.034536 0.000000 0.000000 0.000000 0.007162 -0.043225 0.012674 0.000000 0.000000 0.000000 -0.010221 0.014672 -0.010494 0.061403 -0.152427 -0.043276 0.090131 0.074871 9.808300 
92.551345 -0.000191 0.003771 1.266815 2.458625 0.921393 0.035391 0.000000 0.000000 0.000000 -0.053309 0.011438 0.004889 0.000000 0.000000 0.000000 -0.008969 0.014202 -0.010436 0.059861 -0.154747 -0.043112 0.089243 0.074358 9.808312 
92.749924 -0.000192 0.003772 1.263802 2.457819 0.914089 0.034938 0.000000 0.000000 0.000000 -0.006109 -0.019278 -0.007680 0.000000 0.000000 0.000000 -0.009568 0.014619 -0.010372 0.061416 -0.153829 -0.043869 0.089897 0.074402 9.808306 
93.148630 -0.000183 0.003754 1.267431 2.444358 0.905190 0.035079 0.000000 0.000000 0.000000 -0.033827 -0.023911 -0.000493 0.000000 0.000000 0.000000 -0.008795 0.014250 -0.010493 0.061449 -0.155006 -0.042156 0.089714 0.074012 9.808310 
93.347311 -0.000201 0.003726 1.266864 2.428970 0.899100 0.035394 0.000000 0.000000 0.000000 -0.032331 0.008659 0.008634 0.000000 0.000000 0.000000 -0.008046 0.014709 -0.010453 0.062072 -0.157010 -0.042304 0.089581 0.073276 9.808317 
93.545979 -0.000216 0.003761 1.266272 2.435768 0.916143 0.035166 0.000000 0.000000 0.000000 0.050027 0.146084 0.003603 0.000000 0.000000 0.000000 -0.008222 0.014273 -0.010442 0.060464 -0.155460 -0.042280 0.089329 0.074027 9.808314 
93.744568 -0.000200 0.003813 1.267224 2.458073 0.920613 0.035355 0.000000 0.000000 0.000000 0.114457 0.072737 0.022300 0.000000 0.000000 0.000000 -0.008014 0.014050 -0.010396 0.062740 -0.154842 -0.042144 0.090148 0.073843 9.808308 
93.943292 -0.000184 0.003822 1.266648 2.463821 0.919353 0.034965 0.000000 0.000000 0.000000 0.053058 0.002714 0.007084 0.000000 0.000000 0.000000 -0.008455 0.013153 -0.010334 0.064158 -0.156542 -0.041229 0.090306 0.073074 9.808312 
94.141906 -0.000157 0.003782 1.268010 2.456308 0.895170 0.035085 0.000000 0.000000 0.000000 -0.032080 -0.148672 0.033710 0.000000 0.000000 0.000000 -0.008963 0.011707 -0.010361 0.066610 -0.158765 -0.040674 0.090694 0.071980 9.808317 
94.340531 -0.000123 0.003708 1.265741 2.446817 0.864128 0.035861 0.000000 0.000000 0.000000 -0.068397 -0.217943 -0.007988 0.000000 0.000000 0.000000 -0.009184 0.011827 -0.010332 0.065051 -0.158817 -0.038938 0.090210 0.072215 9.808319 
94.539211 0.000009 0.003657 1.270177 2.454217 0.802873 0.030625 0.000000 0.000000 0.000000 -0.022129 -0.318931 0.016385 0.000000 0.000000 0.000000 -0.008367 0.011653 -0.010463 0.067295 -0.155189 -0.037214 0.091495 0.072949 9.808302 
94.739259 -0.000053 0.003647 1.272432 2.428035 0.799783 0.033962 0.000000 0.000000 0.000000 -0.086955 -0.053688 -0.016592 0.000000 0.000000 0.000000 -0.009027 0.012651 -0.010472 0.062681 -0.156875 -0.037323 0.089824 0.073201 9.808316 
94.937867 -0.000140 0.003620 1.274497 2.409007 0.850885 0.035047 0.000000 0.000000 0.000000 0.019731 0.311617 -0.044107 0.000000 0.000000 0.000000 -0.008748 0.013735 -0.010515 0.059374 -0.157117 -0.037360 0.088797 0.073666 9.808321 
95.136526 -0.000049 0.003717 1.277458 2.454694 0.872313 0.035730 0.000000 0.000000 0.000000 0.223316 0.151954 -0.034830 0.000000 0.000000 0.000000 -0.007301 0.013457 -0.010376 0.063164 -0.153496 -0.039362 0.090521 0.074173 9.808302 
95.335178 -0.038306 0.013441 1.272798 2.486349 1.081407 -0.011504 0.000000 0.000000 0.000000 0.265388 0.889720 -0.274627 0.000000 0.000000 0.000000 -0.009568 0.018456 -0.010465 0.039072 -0.156316 -0.029215 0.082906 0.077033 9.808347 
95.533857 -0.038341 0.015093 1.271122 2.553167 1.275280 -0.034381 0.000000 0.000000 0.000000 0.346043 0.980910 -0.263936 0.000000 0.000000 0.000000 -0.009291 0.018889 -0.010339 0.037587 -0.153913 -0.037018 0.082655 0.078179 9.808340 
95.932508 -0.038442 0.014967 1.263583 2.607558 1.555591 -0.073595 0.000000 0.000000 0.000000 0.148774 0.677489 -0.041878 0.000000 0.000000 0.000000 -0.009522 0.017804 -0.010083 0.043259 -0.158381 -0.039432 0.083548 0.076069 9.808349 
96.329823 -0.038801 0.015194 1.261819 2.636225 1.721619 -0.081636 0.000000 0.000000 0.000000 0.127585 0.403999 -0.002029 0.000000 0.000000 0.000000 -0.008735 0.021853 -0.009519 0.051720 -0.161823 -0.040809 0.085350 0.073851 9.808351 
96.727168 -0.038793 0.015377 1.268414 2.701809 1.700423 -0.076683 0.000000 0.000000 0.000000 0.253288 -0.232018 0.034012 0.000000 0.000000 0.000000 -0.009925 0.028452 -0.009701 0.070334 -0.163657 -0.041385 0.090089 0.070478 9.808333 
96.925785 -0.038792 0.015263 1.272231 2.700907 1.663294 -0.069314 0.000000 0.000000 0.000000 0.035503 -0.161696 0.044483 0.000000 0.000000 0.000000 -0.009284 0.028399 -0.010014 0.070032 -0.168460 -0.041376 0.089262 0.069291 9.808349 
97.124498 -0.038826 0.015321 1.278457 2.671405 1.646408 -0.070605 0.000000 0.000000 0.000000 -0.086995 -0.116028 0.001769 0.000000 0.000000 0.000000 -0.008218 0.027960 -0.010014 0.068197 -0.175898 -0.037733 0.087725 0.067471 9.808376 
97.323189 -0.000583 0.004331 1.281049 2.634526 1.482729 0.037958 0.000000 0.000000 0.000000 -0.157766 -0.693346 0.757716 0.000000 0.000000 0.000000 -0.008935 0.031539 -0.010018 0.096354 -0.177912 -0.065549 0.094429 0.063536 9.808340 
97.720503 0.010731 -0.036807 1.260144 2.730155 1.300218 0.159420 0.000000 0.000000 0.000000 0.506391 -0.278176 -0.090148 0.000000 0.000000 0.000000 -0.010090 0.030329 -0.010114 0.090826 -0.168381 -0.053127 0.094388 0.066931 9.808317 
97.919133 0.012591 -0.037119 1.261633 2.801160 1.281426 0.167717 0.000000 0.000000 0.000000 0.424795 -0.081238 0.017246 0.000000 0.000000 0.000000 -0.009330 0.030046 -0.010148 0.088459 -0.170539 -0.060150 0.093437 0.066467 9.808330 
98.317746 0.012545 -0.036608 1.257203 2.803258 1.285308 0.154326 0.000000 0.000000 0.000000 -0.019877 0.038441 -0.045947 0.000000 0.000000 0.000000 -0.009279 0.029641 -0.009719 0.087107 -0.179016 -0.059027 0.091836 0.064635 9.808357 
98.715127 0.011889 -0.036086 1.260109 2.872970 1.347610 0.154484 0.000000 0.000000 0.000000 0.364799 0.347357 0.060808 0.000000 0.000000 0.000000 -0.010110 0.029026 -0.009876 0.085600 -0.174778 -0.058958 0.092102 0.065896 9.808346 
98.913834 0.011819 -0.036179 1.258328 2.862177 1.404853 0.164427 0.000000 0.000000 0.000000 0.014306 0.321805 0.080093 0.000000 0.000000 0.000000 -0.009628 0.029210 -0.009634 0.087388 -0.180628 -0.058843 0.091599 0.064388 9.808361 
99.112442 0.011361 -0.035457 1.258284 2.885213 1.472855 0.148930 0.000000 0.000000 0.000000 0.123727 0.402075 -0.052064 0.000000 0.000000 0.000000 -0.009516 0.028923 -0.009058 0.087712 -0.178694 -0.051935 0.092080 0.065056 9.808352 
99.311119 0.011664 -0.035719 1.295123 2.951507 1.558882 0.140551 0.000000 0.000000 0.000000 0.387632 0.485264 -0.023255 0.000000 0.000000 0.000000 -0.009401 0.028771 -0.008754 0.087415 -0.172843 -0.050798 0.092892 0.066523 9.808335 
99.709721 0.031604 -0.035446 1.431495 3.097170 2.007821 0.133289 0.000000 0.000000 0.000000 0.396985 1.522857 0.000106 0.000000 0.000000 0.000000 -0.008953 0.026788 -0.008938 0.068426 -0.175005 -0.050952 0.087468 0.068569 9.808370 
99.908407 0.034636 -0.033567 1.449807 3.184972 2.417354 0.151241 0.000000 0.000000 0.000000 0.417188 2.062179 0.118045 0.000000 0.000000 0.000000 -0.008843 0.023608 -0.008923 0.059001 -0.171610 -0.054835 0.084228 0.070441 9.808385 
100.107034 0.031226 -0.031048 1.459320 3.226143 2.884675 0.166485 0.000000 0.000000 0.000000 0.234612 2.339266 0.055347 0.000000 0.000000 0.000000 -0.008935 0.023417 -0.008734 0.050994 -0.175576 -0.053231 0.080792 0.069557 9.808421 
100.305731 0.030540 -0.030331 1.459091 3.278515 3.178807 0.185696 0.000000 0.000000 0.000000 0.317044 1.551631 0.178356 0.000000 0.000000 0.000000 -0.008076 0.018809 -0.008616 0.077552 -0.182054 -0.054916 0.090580 0.064921 9.808367 
100.703052 0.030017 -0.029461 1.460213 3.355545 3.559209 0.173308 0.000000 0.000000 0.000000 0.135807 0.788779 -0.203681 0.000000 0.000000 0.000000 -0.008019 0.016745 -0.008760 0.101623 -0.191984 -0.048963 0.098977 0.059423 9.808321 
100.901725 0.029290 -0.028936 1.464995 3.360320 3.671618 0.163168 0.000000 0.000000 0.000000 0.028809 0.632161 0.035245 0.000000 0.000000 0.000000 -0.007112 0.018579 -0.008712 0.105942 -0.196490 -0.052012 0.100288 0.057306 9.808320 
101.100413 0.029620 -0.028708 1.458841 3.370354 3.744324 0.172852 0.000000 0.000000 0.000000 0.083022 0.420645 0.072158 0.000000 0.000000 0.000000 -0.007098 0.019919 -0.008462 0.114738 -0.198294 -0.052434 0.103483 0.055937 9.808295 
101.300376 0.029220 -0.028745 1.463146 3.383190 3.793463 0.180261 0.000000 0.000000 0.000000 0.082142 0.299557 0.015662 0.000000 0.000000 0.000000 -0.007103 0.020990 -0.008794 0.121518 -0.200993 -0.053966 0.105840 0.054351 9.808278 
101.499041 0.028964 -0.028470 1.466115 3.373670 3.919489 0.185656 0.000000 0.000000 0.000000 -0.058141 0.766824 0.171297 0.000000 0.000000 0.000000 -0.006216 0.019283 -0.008883 0.107147 -0.203087 -0.052477 0.100325 0.054765 9.808334 
101.697758 0.028324 -0.027801 1.471617 3.408833 4.040986 0.166625 0.000000 0.000000 0.000000 0.218925 0.749922 -0.155521 0.000000 0.000000 0.000000 -0.005769 0.018760 -0.008862 0.111851 -0.200470 -0.049235 0.102258 0.055455 9.808310 
101.896310 0.028364 -0.027625 1.471308 3.442687 4.159962 0.171537 0.000000 0.000000 0.000000 0.215476 0.717809 0.043095 0.000000 0.000000 0.000000 -0.006202 0.016785 -0.008428 0.117472 -0.204727 -0.060640 0.104086 0.053107 9.808304 
102.096337 0.028567 -0.027244 1.462500 3.438788 4.283091 0.184111 0.000000 0.000000 0.000000 0.000422 0.708832 0.017239 0.000000 0.000000 0.000000 -0.007429 0.015488 -0.007990 0.121493 -0.216709 -0.064322 0.104687 0.048234 9.808323 
102.294985 0.028397 -0.027324 1.466077 3.439698 4.369918 0.187129 0.000000 0.000000 0.000000 0.046629 0.540634 0.028518 0.000000 0.000000 0.000000 -0.007234 0.015681 -0.008220 0.136727 -0.221485 -0.065536 0.109953 0.045269 9.808279 
102.493729 0.028272 -0.027124 1.467823 3.439671 4.404018 0.186399 0.000000 0.000000 0.000000 -0.012838 0.287012 0.018320 0.000000 0.000000 0.000000 -0.007309 0.017929 -0.008379 0.153574 -0.227283 -0.064326 0.115628 0.041868 9.808229 
102.692356 0.028459 -0.027508 1.472159 3.431664 4.351000 0.186991 0.000000 0.000000 0.000000 -0.022828 -0.155642 -0.166989 0.000000 0.000000 0.000000 -0.007126 0.016321 -0.008425 0.163614 -0.230359 -0.064882 0.119015 0.039932 9.808197 
103.089717 0.028286 -0.027466 1.473717 3.419985 4.417347 0.196563 0.000000 0.000000 0.000000 -0.018318 0.346061 0.108927 0.000000 0.000000 0.000000 -0.006951 0.017105 -0.008372 0.156690 -0.226922 -0.070953 0.116822 0.041532 9.808216 
103.289683 0.028330 -0.027446 1.473645 3.468729 4.547445 0.211495 0.000000 0.000000 0.000000 0.220989 0.739484 -0.015939 0.000000 0.000000 0.000000 -0.010214 0.014130 -0.008523 0.150935 -0.213989 -0.074737 0.115746 0.046504 9.808207 
103.488302 0.028186 -0.027052 1.472310 3.485447 4.623875 0.207099 0.000000 0.000000 0.000000 0.004219 0.519485 0.232161 0.000000 0.000000 0.000000 -0.009665 0.016599 -0.008547 0.163427 -0.221760 -0.073995 0.119626 0.042780 9.808177 
103.686957 0.028257 -0.027173 1.474171 3.497109 4.684561 0.219101 0.000000 0.000000 0.000000 0.051656 0.354104 0.114591 0.000000 0.000000 0.000000 -0.009308 0.015658 -0.008884 0.167978 -0.222008 -0.071492 0.121215 0.042399 9.808159 
103.885596 0.028448 -0.027401 1.478193 3.510202 4.717496 0.225147 0.000000 0.000000 0.000000 0.096440 0.236718 0.061471 0.000000 0.000000 0.000000 -0.008805 0.013415 -0.009205 0.174966 -0.223196 -0.064908 0.123528 0.041603 9.808134 
104.084326 0.028351 -0.027349 1.479334 3.530259 4.758472 0.230671 0.000000 0.000000 0.000000 0.073547 0.295292 0.071763 0.000000 0.000000 0.000000 -0.008648 0.013007 -0.009391 0.178315 -0.222308 -0.056661 0.124737 0.041874 9.808117 
104.282939 0.028299 -0.027181 1.478928 3.528730 4.833933 0.228488 0.000000 0.000000 0.000000 0.050749 0.447770 -0.039855 0.000000 0.000000 0.000000 -0.008320 0.012852 -0.009226 0.175721 -0.226357 -0.052863 0.123502 0.040745 9.808138 
104.481606 0.028135 -0.026865 1.478957 3.530619 4.902783 0.236321 0.000000 0.000000 0.000000 -0.045511 0.584783 -0.014974 0.000000 0.000000 0.000000 -0.008288 0.013185 -0.009206 0.180358 -0.228565 -0.059380 0.125028 0.039449 9.808124 
104.681547 0.028079 -0.027079 1.481099 3.516991 5.012094 0.245577 0.000000 0.000000 0.000000 -0.026583 0.627892 0.100765 0.000000 0.000000 0.000000 -0.008312 0.012819 -0.009574 0.181740 -0.229113 -0.060284 0.125473 0.039129 9.808119 
104.880275 0.028023 -0.026715 1.481072 3.524213 5.069830 0.248573 0.000000 0.000000 0.000000 0.071099 0.406383 0.039693 0.000000 0.000000 0.000000 -0.007446 0.008319 -0.009329 0.191323 -0.230350 -0.057097 0.128660 0.038017 9.808082 
105.078969 0.027957 -0.026695 1.483596 3.554137 5.120555 0.241115 0.000000 0.000000 0.000000 0.196592 0.336353 -0.016467 0.000000 0.000000 0.000000 -0.006256 0.005911 -0.009164 0.199055 -0.230057 -0.053202 0.131337 0.037613 9.808049 
105.277604 0.027928 -0.026562 1.481222 3.536110 5.193336 0.251790 0.000000 0.000000 0.000000 -0.060534 0.433046 0.073150 0.000000 0.000000 0.000000 -0.008773 0.005633 -0.009445 0.196612 -0.242044 -0.058755 0.129596 0.033539 9.808087 
105.476270 0.027912 -0.026563 1.481947 3.563846 5.239241 0.254864 0.000000 0.000000 0.000000 0.132845 0.393820 -0.077605 0.000000 0.000000 0.000000 -0.007957 0.004940 -0.009588 0.207788 -0.235932 -0.057070 0.133899 0.034825 9.808024 
105.674958 0.028180 -0.026522 1.485347 3.599790 5.158894 0.234822 0.000000 0.000000 0.000000 0.215871 -0.381758 -0.012833 0.000000 0.000000 0.000000 -0.007608 0.001865 -0.009986 0.222379 -0.238685 -0.057018 0.138633 0.032751 9.807966 
105.873544 0.028582 -0.027029 1.491197 3.611497 5.050110 0.243207 0.000000 0.000000 0.000000 0.129838 -0.510670 0.158463 0.000000 0.000000 0.000000 -0.008997 -0.000742 -0.010302 0.226348 -0.242887 -0.059248 0.139622 0.030975 9.807957 
106.073572 0.028783 -0.027152 1.496001 3.666605 5.012306 0.253060 0.000000 0.000000 0.000000 0.275238 -0.220435 0.028829 0.000000 0.000000 0.000000 -0.007739 0.003223 -0.010333 0.219242 -0.237425 -0.054241 0.137649 0.033488 9.807977 
106.272204 0.028442 -0.026888 1.511874 3.661038 5.129342 0.258658 0.000000 0.000000 0.000000 0.034217 0.462944 0.100650 0.000000 0.000000 0.000000 -0.013144 0.014995 -0.009896 0.190181 -0.240622 -0.052955 0.127484 0.034587 9.808111 
106.670912 0.028144 -0.025861 1.592519 3.542909 5.363989 0.277893 0.000000 0.000000 0.000000 -0.362402 0.719974 0.108191 0.000000 0.000000 0.000000 -0.018000 0.015197 -0.009672 0.184498 -0.253434 -0.046923 0.124620 0.030529 9.808161 
106.869526 0.027113 -0.024745 1.637688 3.446897 5.446544 0.295529 0.000000 0.000000 0.000000 -0.492664 0.500499 0.206481 0.000000 0.000000 0.000000 -0.017492 0.016506 -0.009522 0.189868 -0.257956 -0.044547 0.126650 0.028666 9.808140 
107.069475 0.023830 -0.023901 1.673774 3.342457 5.406106 0.370021 0.000000 0.000000 0.000000 -0.558118 -0.080038 0.472286 0.000000 0.000000 0.000000 -0.017090 0.019734 -0.009239 0.208597 -0.268071 -0.050157 0.134438 0.024309 9.808049 
107.268129 0.026882 -0.022911 1.700475 3.213854 5.393717 0.440204 0.000000 0.000000 0.000000 -0.621690 -0.020617 0.299100 0.000000 0.000000 0.000000 -0.016726 0.019485 -0.009205 0.206113 -0.272300 -0.042463 0.133400 0.022560 9.808067 
107.864143 0.026566 -0.022608 1.696197 3.025972 5.569877 0.460404 0.000000 0.000000 0.000000 -0.165779 0.482071 -0.073541 0.000000 0.000000 0.000000 -0.022779 0.016821 -0.009151 0.206329 -0.259716 -0.032153 0.133045 0.028254 9.808057 
108.064219 0.026383 -0.022537 1.696589 3.034679 5.671625 0.457161 0.000000 0.000000 0.000000 0.027994 0.621419 -0.035372 0.000000 0.000000 0.000000 -0.029308 0.017995 -0.009075 0.210196 -0.253432 -0.042612 0.134575 0.030955 9.808028 
108.262814 0.026308 -0.022133 1.696439 3.062383 5.777039 0.450481 0.000000 0.000000 0.000000 0.138627 0.533486 -0.121653 0.000000 0.000000 0.000000 -0.028921 0.017730 -0.009109 0.214087 -0.252155 -0.042462 0.136223 0.031601 9.808003 
108.660108 0.026196 -0.021954 1.699559 3.028008 5.953250 0.462137 0.000000 0.000000 0.000000 -0.151838 0.473073 0.156191 0.000000 0.000000 0.000000 -0.031316 0.016847 -0.009119 0.213769 -0.261922 -0.046045 0.136325 0.027368 9.808014 
108.860131 0.026708 -0.021553 1.698466 3.092486 6.021422 0.476217 0.000000 0.000000 0.000000 0.355917 0.429130 -0.000959 0.000000 0.000000 0.000000 -0.033084 0.018034 -0.009140 0.223618 -0.254386 -0.044200 0.140314 0.030799 9.807948 
109.257454 0.026134 -0.021635 1.704526 3.069262 6.130890 0.481719 0.000000 0.000000 0.000000 -0.144846 0.312352 -0.015413 0.000000 0.000000 0.000000 -0.030292 0.018522 -0.009365 0.223177 -0.272200 -0.046606 0.140499 0.023263 9.807966 
109.456131 0.026235 -0.021546 1.704525 3.030793 6.198380 0.490849 0.000000 0.000000 0.000000 -0.176869 0.412926 -0.046934 0.000000 0.000000 0.000000 -0.029291 0.017904 -0.009385 0.221093 -0.273833 -0.053082 0.139678 0.022405 9.807980 
109.656204 0.026067 -0.021365 1.703207 2.985075 6.296957 0.486223 0.000000 0.000000 0.000000 -0.164338 0.510444 0.002175 0.000000 0.000000 0.000000 -0.029325 0.017971 -0.009385 0.219478 -0.274087 -0.053268 0.139007 0.022262 9.807990 
109.854808 0.026127 -0.021363 1.706058 2.948884 6.380096 0.494199 0.000000 0.000000 0.000000 -0.192351 0.454351 0.123448 0.000000 0.000000 0.000000 -0.028798 0.017466 -0.009622 0.220933 -0.275263 -0.053509 0.139632 0.021796 9.807982 
110.053502 0.025837 -0.021368 1.709537 2.927147 6.473359 0.488603 0.000000 0.000000 0.000000 -0.111896 0.492276 -0.119351 0.000000 0.000000 0.000000 -0.027995 0.017497 -0.009829 0.222864 -0.272625 -0.048098 0.140345 0.022957 9.807969 
110.252130 0.026322 -0.021278 1.709830 2.909789 6.581206 0.501265 0.000000 0.000000 0.000000 -0.020492 0.598248 0.099563 0.000000 0.000000 0.000000 -0.027600 0.017498 -0.009917 0.221290 -0.273730 -0.059759 0.139780 0.022383 9.807978 
110.650793 0.034680 -0.015729 1.714123 2.905962 6.783307 0.422110 0.000000 0.000000 0.000000 -0.021619 0.544770 -0.246187 0.000000 0.000000 0.000000 -0.026753 0.019389 -0.009550 0.228505 -0.276834 -0.034307 0.142540 0.021484 9.807941 
111.048097 0.036169 -0.012423 1.714578 2.812158 7.066380 0.307601 0.000000 0.000000 0.000000 -0.302648 0.842185 -0.294003 0.000000 0.000000 0.000000 -0.020565 0.016600 -0.009640 0.219907 -0.284963 -0.028573 0.139120 0.017993 9.807997 
111.248052 0.034597 -0.013529 1.716554 2.769507 7.198599 0.330883 0.000000 0.000000 0.000000 -0.220893 0.721852 0.399740 0.000000 0.000000 0.000000 -0.021421 0.020375 -0.009591 0.230661 -0.286661 -0.053460 0.143945 0.017418 9.807928 
111.446771 0.034275 -0.013986 1.718600 2.729930 7.292643 0.374588 0.000000 0.000000 0.000000 -0.237515 0.541461 0.239149 0.000000 0.000000 0.000000 -0.021424 0.021470 -0.009536 0.241193 -0.289716 -0.047719 0.148240 0.016429 9.807866 
111.645463 0.034374 -0.013403 1.719512 2.703659 7.403462 0.363410 0.000000 0.000000 0.000000 -0.230201 0.735615 0.062816 0.000000 0.000000 0.000000 -0.021850 0.021550 -0.009581 0.243677 -0.285690 -0.033440 0.149036 0.018181 9.807851 
111.845503 0.033995 -0.014014 1.722574 2.718935 7.518408 0.378849 0.000000 0.000000 0.000000 0.121304 0.622167 0.109354 0.000000 0.000000 0.000000 -0.021342 0.020539 -0.009579 0.249181 -0.283089 -0.033299 0.151205 0.019332 9.807815 
112.242763 0.033809 -0.013793 1.725266 2.780589 7.695707 0.393879 0.000000 0.000000 0.000000 0.152671 0.488996 0.008246 0.000000 0.000000 0.000000 -0.021160 0.017676 -0.009773 0.259407 -0.287959 -0.032763 0.155351 0.017563 9.807754 
112.441354 0.033021 -0.014489 1.727378 2.832891 7.686137 0.399651 0.000000 0.000000 0.000000 0.220520 -0.033857 0.086010 0.000000 0.000000 0.000000 -0.022072 0.024410 -0.009891 0.290865 -0.295805 -0.029916 0.167978 0.015074 9.807550 
112.641450 0.032838 -0.015081 1.730459 2.849388 7.626273 0.396878 0.000000 0.000000 0.000000 0.167660 -0.181587 -0.031436 0.000000 0.000000 0.000000 -0.020995 0.025813 -0.009813 0.297781 -0.305937 -0.027262 0.170896 0.011214 9.807505 
112.840115 0.030565 -0.015427 1.731885 2.851587 7.630843 0.428639 0.000000 0.000000 0.000000 -0.045104 0.015364 0.101741 0.000000 0.000000 0.000000 -0.021276 0.025848 -0.009936 0.293686 -0.306596 -0.028997 0.169297 0.010857 9.807533 
113.040078 0.031938 -0.015274 1.731631 2.889641 7.642751 0.408746 0.000000 0.000000 0.000000 0.209733 0.143749 -0.260594 0.000000 0.000000 0.000000 -0.017693 0.024651 -0.009821 0.297230 -0.300208 -0.022396 0.170522 0.013498 9.807508 
113.238720 0.031927 -0.014870 1.734134 2.878779 7.740194 0.415412 0.000000 0.000000 0.000000 -0.034932 0.498502 0.114829 0.000000 0.000000 0.000000 -0.020260 0.030714 -0.010257 0.277886 -0.302928 -0.036714 0.163115 0.011936 9.807636 
113.437376 0.032072 -0.014691 1.736116 2.837212 7.875853 0.423185 0.000000 0.000000 0.000000 -0.182831 0.696248 0.031769 0.000000 0.000000 0.000000 -0.020923 0.031636 -0.010581 0.268472 -0.305649 -0.032918 0.159460 0.010733 9.807698 
113.636020 0.030382 -0.016226 1.738048 2.846676 7.926590 0.467171 0.000000 0.000000 0.000000 -0.229585 0.269405 0.194610 0.000000 0.000000 0.000000 -0.020864 0.031251 -0.010626 0.290143 -0.304755 -0.044083 0.168001 0.011386 9.807555 
113.836058 0.031381 -0.014719 1.738505 2.826307 8.037619 0.443683 0.000000 0.000000 0.000000 -0.134853 0.540610 -0.037453 0.000000 0.000000 0.000000 -0.019965 0.031631 -0.010471 0.287256 -0.299813 -0.039283 0.166767 0.013284 9.807573 
114.034699 0.031435 -0.014645 1.735911 2.797259 8.068737 0.444626 0.000000 0.000000 0.000000 -0.184522 0.144313 -0.009323 0.000000 0.000000 0.000000 -0.020018 0.027218 -0.010392 0.298892 -0.305934 -0.042168 0.171382 0.011098 9.807496 
114.233367 0.031601 -0.014419 1.740495 2.770787 8.151738 0.439828 0.000000 0.000000 0.000000 -0.067472 0.452818 -0.024674 0.000000 0.000000 0.000000 -0.019118 0.029185 -0.010634 0.288457 -0.299189 -0.040482 0.167247 0.013519 9.807565 
114.433416 0.031428 -0.014085 1.740796 2.742208 8.286248 0.451263 0.000000 0.000000 0.000000 -0.176823 0.698471 0.075458 0.000000 0.000000 0.000000 -0.018930 0.029911 -0.010604 0.280175 -0.296783 -0.042917 0.164068 0.014291 9.807617 
114.631979 0.031213 -0.014205 1.741050 2.737194 8.365946 0.481188 0.000000 0.000000 0.000000 -0.122365 0.531791 -0.067842 0.000000 0.000000 0.000000 -0.018962 0.029567 -0.010634 0.294762 -0.297646 -0.048325 0.169697 0.014185 9.807522 
115.029323 0.064053 0.000123 1.739323 2.734390 8.504907 0.358594 0.000000 0.000000 0.000000 -0.034929 0.348651 -0.345934 0.000000 0.000000 0.000000 -0.019230 0.029635 -0.010775 0.299539 -0.298085 -0.045614 0.171489 0.014115 9.807491 
115.229363 0.063587 0.000644 1.739535 2.716418 8.583935 0.334242 0.000000 0.000000 0.000000 -0.142431 0.439250 -0.055479 0.000000 0.000000 0.000000 -0.018269 0.029183 -0.010716 0.297792 -0.300092 -0.058008 0.171182 0.013234 9.807497 
115.427969 0.063499 0.000911 1.740550 2.641062 8.622212 0.353183 0.000000 0.000000 0.000000 -0.448759 0.197567 0.172847 0.000000 0.000000 0.000000 -0.017572 0.029400 -0.010864 0.302159 -0.312499 -0.062280 0.173107 0.008685 9.807469 
115.626724 0.064442 0.001145 1.742418 2.598740 8.688334 0.390817 0.000000 0.000000 0.000000 -0.239688 0.458767 -0.138999 0.000000 0.000000 0.000000 -0.017057 0.029445 -0.010923 0.302625 -0.303691 -0.062580 0.173188 0.011922 9.807464 
116.025281 0.063912 0.001995 1.739025 2.552388 8.907706 0.383086 0.000000 0.000000 0.000000 -0.218901 0.707106 -0.001991 0.000000 0.000000 0.000000 -0.015793 0.028856 -0.010360 0.305629 -0.299618 -0.065002 0.174318 0.013440 9.807442 
116.422586 0.063804 0.001692 1.740985 2.530876 8.955272 0.384598 0.000000 0.000000 0.000000 -0.064055 -0.030525 0.021148 0.000000 0.000000 0.000000 -0.019047 0.044946 -0.009950 0.350737 -0.305017 -0.066993 0.190767 0.012068 9.807137 
116.821255 0.064055 0.001520 1.737867 2.556770 8.914236 0.382782 0.000000 0.000000 0.000000 0.084309 -0.135647 -0.013040 0.000000 0.000000 0.000000 -0.021571 0.046362 -0.009739 0.356848 -0.300125 -0.066137 0.192866 0.013890 9.807094 
117.021241 0.063854 0.001693 1.738353 2.573950 8.901119 0.382976 0.000000 0.000000 0.000000 0.039613 -0.055188 0.011432 0.000000 0.000000 0.000000 -0.021595 0.045728 -0.009693 0.355775 -0.298544 -0.066418 0.192486 0.014435 9.807101 
117.219906 0.063838 0.001670 1.738808 2.572014 8.904449 0.383285 0.000000 0.000000 0.000000 -0.051371 0.021731 0.006842 0.000000 0.000000 0.000000 -0.021307 0.044822 -0.009629 0.352893 -0.297832 -0.065115 0.191433 0.014672 9.807121 
117.418561 0.063869 0.001686 1.738638 2.573250 8.914420 0.384851 0.000000 0.000000 0.000000 -0.039642 0.061049 0.016359 0.000000 0.000000 0.000000 -0.021702 0.044461 -0.009545 0.354371 -0.292846 -0.065042 0.191917 0.016428 9.807109 
117.618585 0.063806 0.001665 1.738091 2.572347 8.919721 0.386129 0.000000 0.000000 0.000000 -0.063032 0.042069 0.012794 0.000000 0.000000 0.000000 -0.021797 0.044528 -0.009511 0.357061 -0.291665 -0.064635 0.192836 0.016858 9.807090 
117.817207 0.063821 0.001784 1.737710 2.575414 8.920314 0.386843 0.000000 0.000000 0.000000 -0.030555 0.017571 0.012136 0.000000 0.000000 0.000000 -0.021187 0.043665 -0.009376 0.358879 -0.290246 -0.064511 0.193458 0.017355 9.807077 
118.015858 0.063826 0.001835 1.737761 2.576665 8.917786 0.386148 0.000000 0.000000 0.000000 -0.045444 0.005641 0.004989 0.000000 0.000000 0.000000 -0.020524 0.042646 -0.009248 0.362190 -0.288027 -0.063182 0.194548 0.018132 9.807054 
118.215915 0.063815 0.001754 1.737632 2.576566 8.917596 0.383909 0.000000 0.000000 0.000000 -0.049865 0.011465 -0.004293 0.000000 0.000000 0.000000 -0.020415 0.042101 -0.009117 0.365928 -0.283491 -0.061458 0.195762 0.019709 9.807027 
118.614595 0.064579 0.001401 1.736792 2.561024 8.930594 0.390452 0.000000 0.000000 0.000000 -0.092119 0.053119 0.031836 0.000000 0.000000 0.000000 -0.020822 0.040890 -0.008758 0.368543 -0.278131 -0.062639 0.196675 0.021540 9.807004 
119.013196 0.064687 0.001244 1.736738 2.557894 8.940985 0.387679 0.000000 0.000000 0.000000 -0.043821 0.034673 -0.004008 0.000000 0.000000 0.000000 -0.022906 0.040963 -0.008444 0.374894 -0.271700 -0.058440 0.198668 0.023791 9.806959 
119.610631 0.096427 -0.020405 1.734734 2.582316 8.807698 0.452552 0.000000 0.000000 0.000000 0.013566 -0.286019 0.151312 0.000000 0.000000 0.000000 -0.024589 0.048564 -0.007894 0.391408 -0.270859 -0.070618 0.204672 0.024002 9.806835 
119.809258 0.096355 -0.020374 1.734808 2.591645 8.804540 0.448750 0.000000 0.000000 0.000000 -0.006529 0.031267 -0.054724 0.000000 0.000000 0.000000 -0.024582 0.047934 -0.007849 0.387177 -0.265314 -0.054702 0.202526 0.026218 9.806874 
120.009228 0.096318 -0.020530 1.734360 2.589936 8.804487 0.443514 0.000000 0.000000 0.000000 -0.055809 0.048312 -0.016329 0.000000 0.000000 0.000000 -0.024331 0.047484 -0.007761 0.390553 -0.265298 -0.055891 0.203713 0.026178 9.806849 
120.207868 0.096191 -0.020809 1.736803 2.578169 8.847096 0.451706 0.000000 0.000000 0.000000 -0.109510 0.247516 0.047116 0.000000 0.000000 0.000000 -0.024184 0.046449 -0.007843 0.384337 -0.260337 -0.058349 0.201765 0.027735 9.806885 
120.407863 0.096302 -0.021092 1.738073 2.595437 8.831123 0.436036 0.000000 0.000000 0.000000 0.054035 -0.047132 -0.080679 0.000000 0.000000 0.000000 -0.024522 0.047372 -0.007813 0.413628 -0.256698 -0.052477 0.211230 0.029203 9.806682 
120.606532 0.096343 -0.020961 1.737567 2.610458 8.816246 0.434210 0.000000 0.000000 0.000000 0.008886 -0.005836 0.012613 0.000000 0.000000 0.000000 -0.024502 0.047327 -0.007794 0.415868 -0.256265 -0.055950 0.212139 0.029224 9.806662 
120.805242 0.096270 -0.020949 1.737569 2.612664 8.794471 0.435194 0.000000 0.000000 0.000000 -0.033848 -0.061873 0.013390 0.000000 0.000000 0.000000 -0.024127 0.046216 -0.007730 0.418302 -0.256749 -0.055906 0.212945 0.029064 9.806645 
121.005152 0.096361 -0.020804 1.737108 2.606513 8.780478 0.432303 0.000000 0.000000 0.000000 -0.077787 -0.021307 -0.005551 0.000000 0.000000 0.000000 -0.023498 0.045125 -0.007613 0.421170 -0.255767 -0.054335 0.213818 0.029442 9.806625 
