            0.597279  -0.00499584    -0.111191 -0.000131075   0.00256088   -0.0119796 -0.000281384 180.013       0       0 -0.13     0 -1.03    -0.15348  0.00857208 -0.00191227  7.52138e-05 -0.000487208  -0.00222381 -2.44705e-06  8.40807e-07  1.18476e-07 0.131581 0.209108  9.80589  36301
            0.795936 -0.00499847   -0.111149   0.0297498  0.00808483  -0.0177889 5.88205e-05 180.013       0       0 -0.13     0 -1.03  0.0343737 -0.0251776  0.0150844 7.31211e-05 -0.00037159 -0.00220394  -0.0001016 1.61776e-05 8.23027e-06 0.131677 0.209093  9.80589  36136
            0.994579 -0.00561641    -0.10753    0.139893   0.0675358 -0.00994288 0.000840088 180.013       0       0 -0.13     0 -1.03     0.290022     0.045992 -0.000117909 0.000387629 -0.00161808 -0.00253699   -0.0611937   -0.0180738 -0.000270175  0.19039 0.226443  9.80454  36123
             1.19326 -0.00276247   -0.102271    0.327023   0.111658 -0.0300739 0.00239286 180.013       0       0 -0.13     0 -1.03  0.232819 -0.105605 0.0101401 -0.000585358   -0.0012114  -0.00270284 -0.0367433  0.0366507 -0.0035938 0.166746 0.173857  9.80604  36062
             1.39188 -0.000271027   -0.0969203     0.330299   0.164539 -0.0575082 0.00285533 180.013       0       0 -0.13     0 -1.03   0.252558  -0.143163 0.00525431 -0.000882339  -0.00148131  -0.00310086  -0.0470965   0.0473857 0.000764974 0.176841 0.163674  9.80604  36116
             1.59185 0.00151617 -0.0989639   0.607049    0.13403 -0.0692633 0.00186084 180.013       0       0 -0.13     0 -1.03  -0.119433 -0.0530305 -0.0116958 -0.000533346  0.000408955  -0.00318062  0.0467072  0.0256463 0.00837969 0.0868574  0.184293   9.80688  36238
             1.79052 -0.000583687    -0.100441     0.467958   0.126185 -0.0468177 0.00222202 180.013       0       0 -0.13     0 -1.03 -0.0553579  0.0968908 0.00289074  0.000415803 -0.000103456  -0.00298294    0.0310279   -0.0125671 -0.000282974 0.101387 0.220927  9.80599  36134
             1.99051  -0.003581 -0.0991776   0.489989   0.155832 -0.0240662 0.00230584 180.013       0       0 -0.13     0 -1.03    0.111857    0.124333 -0.00685458  0.000522611 -0.000895425  -0.00295787 -0.00881045  -0.0145555   0.0146069 0.139667 0.223709  9.80545  36130
             2.18913 -0.00555476  -0.0927692      0.4339    0.222515 0.000158688  0.00390091 180.013       0       0 -0.13     0 -1.03    0.293808    0.117691 -0.00322985 0.000579816 -0.00141437 -0.00288391 -0.0437877 -0.0123016  0.0090893 0.173127 0.221996  9.80496  35986
             2.38778 -0.00262377  -0.0866745    0.415458   0.302265 -0.0135928 0.00568659 180.013       0       0 -0.13     0 -1.03   0.391775 -0.0533408 0.00223384 0.000165205 -0.00147861 -0.00307725  -0.0597744   0.0241427 0.000521254 0.188809 0.187165   9.8054  36012
             2.58644 0.000793649  -0.0841392    0.567079   0.316812 -0.0460759 0.00591717 180.013       0       0 -0.13     0 -1.03    0.128512   -0.141935 -0.00958246  1.59093e-05 -0.000892593  -0.00294158  -0.0115496   0.0384527 -0.00242222 0.142843 0.172815  9.80644  35985
             2.78509 0.00308279 -0.0827527   0.463338   0.335375 -0.0611977  0.0063165 180.013       0       0 -0.13     0 -1.03   0.103745  -0.104418 0.00198049  0.000230995 -0.000841126  -0.00294367 -0.00828201   0.0285337 -0.00566272 0.139523 0.182192  9.80632  35928
              2.9851 0.00160941 -0.0803215   0.615008   0.381156 -0.0427165 0.00862946 180.013       0       0 -0.13     0 -1.03  0.213554 0.0765466   0.02263 0.000718936 -0.00100478 -0.00327576  -0.0249244 -0.00134798 -0.00438004 0.155105 0.210887  9.80551  36093
             3.18379 -0.00146219  -0.0797221    0.551744   0.391556 -0.0147243 0.00823506 180.013       0       0 -0.13     0 -1.03 0.0910539  0.136492 -0.023901  0.000962584 -0.000546005  -0.00296771 -0.00222132  -0.0117088 -0.00353219 0.133353 0.220542  9.80561  35940
             3.38239 0.00200677 -0.0751456   0.599788   0.447871 -0.0332479 0.00864464 180.013       0       0 -0.13     0 -1.03     0.223871   -0.0814878 -0.000248346 0.000259039  -0.0012279 -0.00309697 -0.0276695  0.0167388 -0.0145436 0.158047 0.193702  9.80581  36120
             3.58234 0.00512219  -0.068403   0.668952   0.508576 -0.0499956 0.00939205 180.013       0       0 -0.13     0 -1.03   0.290546 -0.0727267  0.0101998 0.000176872 -0.00141907 -0.00329883 -0.0357179  0.0151625  -0.017944 0.165618 0.195282  9.80566  36231
             3.97968 -0.000961342   -0.0618022     0.998358   0.574378 -0.0146805  0.0107057 180.013       0       0 -0.13     0 -1.03  0.138816  0.130941 0.0210825   0.00119935 -0.000402437  -0.00398715  -0.0196948 -0.00532783  -0.0238471 0.150015 0.214442  9.80551  35858
              4.1783 -0.000237643   -0.0581977     0.825373    0.60955 -0.0114813  0.0117042 180.013       0       0 -0.13     0 -1.03  0.181649 0.0202832 0.0116003  0.000889613 -0.000561637  -0.00371126 -0.0224289 0.00357195 -0.0162289  0.15295 0.206195  9.80564  35742
             4.37839 0.000801333  -0.0528214    0.899355   0.646898 -0.0266754  0.0120294 180.013       0       0 -0.13     0 -1.03   0.161766 -0.0649323 0.00398914  0.000769354 -0.000739233  -0.00381449 -0.0239879  0.0130403 -0.0161793 0.154874 0.197317  9.80579  36057
             4.77559  0.0034823 -0.0392709   0.801543   0.742151 -0.0425978  0.0134657 180.013       0       0 -0.13     0 -1.03   0.247971 -0.0582094  0.0198339   0.0010206 -0.00133657 -0.00361261  -0.032034  0.0102442 -0.0294011 0.162109 0.200035  9.80562  35976
             4.97431 0.00494538 -0.0318287    0.80817   0.776514 -0.0451296  0.0143006 180.013       0       0 -0.13     0 -1.03    0.164732 -0.00449426   0.0169488  0.00111108 -0.00110058 -0.00362542 -0.0272908 0.00765888 -0.0208859 0.157717 0.202446  9.80564  35862
             5.37297 0.00362215  -0.023146    1.08323   0.868693 -0.0431833  0.0151265 180.013       0       0 -0.13     0 -1.03  0.238798  0.018277 0.0173027  0.00137322 -0.00172566   -0.003897 -0.0338143 0.00590411 -0.0243484 0.163725 0.204237  9.80551  36000
             5.57159 0.00161471 -0.0199593    1.34605 0.946546 -0.02241 0.017294 180.013       0       0 -0.13     0 -1.03    0.382088    0.120563 -0.00306006  0.00164346 -0.00237806 -0.00461623 -0.0423796 0.00283376 -0.0226224 0.171677 0.207435   9.8053  35940
             5.97028 -0.00902087  -0.0177624    -2.11904  0.950537  0.061587 0.0163837 180.013       0       0 -0.13     0 -1.03 -0.0412417   0.244033 -0.0144568   0.00204345 -0.000966673  -0.00543278  -0.0116319 -0.00633208  -0.0364144 0.142513 0.215504   9.8056  35727
             6.16756 -0.0309414 -0.0311283   -2.90912  0.887323  0.155954 0.0121776 180.013       0       0 -0.13     0 -1.03   -0.26072   0.492465 0.00965608   0.00200248 -0.000585089  -0.00601737 0.00329726 -0.0170259  -0.020251 0.131196 0.228109  9.80547  35542
             6.36621 -0.0401223 -0.0286977   -1.63183  0.898688  0.225202 0.0129184 180.013       0       0 -0.13     0 -1.03  -0.0064786    0.350393 -0.00980283  0.00222812 -0.00061948 -0.00738789 -0.0160279 -0.0121968 -0.0197966 0.146835 0.218254  9.80547  35837
              6.5662 -0.0411538  -0.021107   -1.05242  0.957505   0.23025 0.0145787 180.013       0       0 -0.13     0 -1.03  0.249339 0.0341802 0.0230413   0.00275944 -0.000185352  -0.00769038 -0.0365745 0.00562136 -0.0164468 0.160262  0.19682  9.80572  36157
             6.76483 -0.0419072 -0.0170595   -1.02214  1.00925 0.233974 0.016008 180.013       0       0 -0.13     0 -1.03   0.26453 0.0537072 0.0290597   0.00274939 -0.000236759  -0.00771918 -0.0366669 0.00849316 -0.0152143 0.159866 0.194199  9.80577  35839
             6.96486 -0.0441456 -0.0139811   -1.06495   1.04281  0.249793 0.0165979 180.013       0       0 -0.13     0 -1.03   0.178593  0.0437085 0.00498313  0.00269975  -0.0002843 -0.00778921 -0.0313335 0.00555341 -0.0138493 0.155329 0.197539  9.80578  35996
             7.16353  -0.0423569 -0.00818093   -0.576079  1.09221 0.238163 0.017063 180.013       0       0 -0.13     0 -1.03   0.224211 -0.0337647  0.0224853   0.00264897 -0.000197175  -0.00877022 -0.0351389  0.0101832 -0.0183281 0.158228 0.192807  9.80583  35761
             7.36217  -0.0383014 -0.00102554   -0.145869   1.12828  0.223918 0.0180071 180.013       0       0 -0.13     0 -1.03    0.19946 -0.0718874 -0.0288318   0.00263807 -0.000222821   -0.0104131 -0.0322408  0.0119522 -0.0179745 0.155355 0.191586   9.8059  35653
             7.56075  -0.0499128 0.000223633    -1.24604  1.13393 0.227499 0.016361 180.013       0       0 -0.13     0 -1.03 0.0823064 0.0264453 0.0515679  0.00281646 0.000214191  -0.0108317 -0.0213696   0.008522 -0.0145386 0.145991 0.196185  9.80595  35715
             7.75947  -0.0427064 -0.00758306    -3.16074   1.15903  0.241335 0.0187071 180.013       0       0 -0.13     0 -1.03   0.135508  0.0362829 0.00307479  0.00309561 5.58052e-05  -0.0112931 -0.0220968 0.00445682 -0.0157625 0.147274 0.199712  9.80586  35556
             7.95805  -0.0476047 -0.00450368    -5.24081   1.17848  0.217199 0.0233329 180.013       0       0 -0.13     0 -1.03   0.103579 -0.0704701  0.0204726  0.00267348 0.000180895  -0.0116005 -0.0213716  0.0107916 -0.0236953 0.144704 0.194319  9.80601  35652
             8.15673  -0.0639315 -0.00484825     -6.6632  1.19042 0.262906  0.02119 180.013       0       0 -0.13     0 -1.03  0.0527151   0.182875 -0.0217853  0.00299796 0.000326176  -0.0119671    -0.016488 -0.000362616   -0.0263603 0.146148 0.205321  9.80576  35626
             8.35541 -0.0628041 -0.0230019   -8.92578   1.15644  0.272492 0.0212682 180.013       0       0 -0.13     0 -1.03  -0.173573  0.0172691 -0.0302921  0.00278572 0.000287573  -0.0120516 -0.0106873 0.00596736 -0.0338787 0.138174 0.204488  9.80589  35529
             8.55407 -0.0457331 -0.0288088     -10.21   1.09549   0.20946 0.0218876 180.013       0       0 -0.13     0 -1.03 -0.353759 -0.230957 0.0702923  0.00253262 0.000240279  -0.0122724 -0.0134753  0.0188807 -0.0330025 0.130589 0.195144  9.80619  35385
             8.75265 -0.0415655 -0.0210014    -9.8353   1.16831  0.161036 0.0239653 180.013       0       0 -0.13     0 -1.03   0.297051  -0.255318 -0.0507546   0.00292223 -8.68144e-05   -0.0131491 -0.0333714 0.00368071 -0.0357701 0.151748  0.18616  9.80606  35354
             8.95143 -0.0451027 -0.0137287   -8.90336    1.2311  0.155021 0.0253352 180.013       0       0 -0.13     0 -1.03  0.347351 -0.088952 0.0239551  0.00314217 3.01599e-05  -0.0135398 -0.0275941 -0.0065988 -0.0385353 0.157715 0.195044  9.80579  35377
             9.15141  -0.0481798 -0.00843665    -8.88519  1.27844 0.162156 0.026389 180.013       0       0 -0.13     0 -1.03  0.278037 0.0347548 0.0316332  0.00310607 9.38585e-05  -0.0135726  -0.0203434 -0.00881224  -0.0356653 0.156087 0.201744  9.80568  35645
             9.35002  -0.0504423 -0.00849818    -8.68506   1.27366  0.177803 0.0253334 180.013       0       0 -0.13     0 -1.03 -0.00951872   0.0930567 -0.00370874  0.00315436 0.000368568  -0.0137519 -0.00874513 -0.00413975  -0.0429581 0.146468 0.207621  9.80571  35245
             9.54868  -0.0494553 -0.00603131    -8.57641   1.29992  0.166634 0.0266721 180.013       0       0 -0.13     0 -1.03  0.0811003 -0.0416885   0.060367  0.00316138 0.000126062  -0.0137563  -0.0181092 -0.00297347  -0.0372765 0.150886 0.200472  9.80579  35273
             9.74733   -0.0479222 -2.28918e-05     -8.44941   1.36684  0.138402 0.0285294 180.013       0       0 -0.13     0 -1.03    0.27771  -0.111572 -0.0121395  0.00322928 7.61135e-05  -0.0139272   -0.029547 -0.00455617   -0.030514 0.158463 0.193503  9.80581  35392
             9.94725 -0.0494081 0.00430391   -8.45782  1.40224 0.137328  0.02931 180.013       0       0 -0.13     0 -1.03    0.198416 -0.00969542  0.00900277  0.00325012 0.000104023  -0.0137056  -0.0238022 -0.00737631  -0.0282122 0.157182 0.199072  9.80572  35848
              10.146 -0.0519533 0.00942343   -8.51284   1.43595  0.138906 0.0304487 180.013       0       0 -0.13     0 -1.03   0.17977 0.0265994  0.017866  0.00302591 0.000152622  -0.0136138 -0.0234914 -0.0061517 -0.0242673  0.15621 0.198603  9.80575  35408
             10.3446 -0.0536599  0.0140308   -8.36193   1.48924  0.140135 0.0311578 180.013       0       0 -0.13     0 -1.03    0.249534 -0.00405021  -0.0479231  0.00302128 0.000181328  -0.0137799  -0.0274331 -0.00826082  -0.0256395  0.15989 0.197131  9.80572  35508
             10.5432 -0.0550129  0.0199244   -8.44689    1.5429  0.126691 0.0323495 180.013       0       0 -0.13     0 -1.03   0.258955 -0.0372876  0.0531833  0.00302415 0.000142793  -0.0136329  -0.0293467 -0.00706761  -0.0288296 0.160133 0.195111  9.80575  35500
             10.7432 -0.0538418  0.0235288    -8.3573   1.58309   0.11566 0.0342477 180.013       0       0 -0.13     0 -1.03   0.212012 -0.0747023  0.0215362 0.00299195 0.00017729 -0.0137188   -0.027552 -0.00725071  -0.0243836 0.159294 0.196468  9.80574  35677
             10.9418 -0.0536027  0.0274759   -8.30011   1.61218 0.0986608 0.0346949 180.013       0       0 -0.13     0 -1.03    0.163049  -0.0868911 -0.00548814  0.00287034 0.000243875  -0.0136823  -0.0254438 -0.00545527   -0.026616  0.15688 0.196829  9.80577  35204
             11.1405 -0.0559071  0.0299292   -8.39953   1.64023  0.107423 0.0352478 180.013       0       0 -0.13     0 -1.03   0.160493 0.00795254 0.00945653 0.00297515 0.00028844 -0.0135369 -0.0222522 -0.0101772 -0.0295536 0.158126 0.201602  9.80565  35243
             11.3405 -0.0586452  0.0364776   -7.96905   1.69393  0.116734 0.0364066 180.013       0       0 -0.13     0 -1.03   0.243197  0.0218071 -0.0164295  0.00305791 0.000367794  -0.0138449 -0.0261871 -0.0146658 -0.0274693  0.16333 0.201649  9.80557  35611
             11.5393 -0.0616935  0.0402315   -7.92096   1.73499  0.114108 0.0371829 180.013       0       0 -0.13     0 -1.03      0.19509 -0.000826132    0.0277885  0.00300554 0.000309249  -0.0138759  -0.025864 -0.0117497 -0.0281219 0.161244 0.200178  9.80563  35337
             11.7379 -0.0590179   0.042168   -8.03144   1.77258 0.0977454 0.0383618 180.013       0       0 -0.13     0 -1.03  0.193115 -0.061686 0.0270641  0.00302398 0.000445356  -0.0135573  -0.0265778 -0.00885263  -0.0287037 0.159855  0.19802   9.8057  35204
             11.9378 -0.0619974  0.0474647   -7.95258   1.80612  0.117022 0.0383322 180.013       0       0 -0.13     0 -1.03   0.185335  0.0817748 0.00408659  0.00307981 0.000457682  -0.0136606 -0.0242825 -0.0136938 -0.0271341 0.161454 0.202347  9.80558  35316
             12.1365 -0.0652056  0.0502857    -7.9548   1.83186  0.130046 0.0397048 180.013       0       0 -0.13     0 -1.03   0.124383  0.0916331 -0.0101623  0.00284984 0.000518085  -0.0136018   -0.02299 -0.0115911 -0.0276743  0.15938 0.201907  9.80563  35005
             12.3351 -0.0658015  0.0546053   -7.95043   1.84874  0.128447 0.0400601 180.013       0       0 -0.13     0 -1.03  0.0988517 0.00995479  0.0283531  0.00279561 0.000503028  -0.0135329  -0.0230321 -0.00677619  -0.0258644 0.156485 0.199039  9.80573  35075
             12.5351 -0.0685629   0.060197   -7.51163   1.91152   0.13178 0.0405828 180.013       0       0 -0.13     0 -1.03  0.281555  0.017244 0.0129899  0.00280931 0.000368519  -0.0141403 -0.0284126 -0.0108819 -0.0258203 0.162161 0.198214  9.80566  35521
             12.7338 -0.0683026  0.0648768   -6.83556   1.93269  0.137977 0.0404251 180.013       0       0 -0.13     0 -1.03    0.141941   0.0543313 -0.00546326  0.00267422 0.000596238  -0.0153382  -0.0242546 -0.00751908  -0.0274032 0.157668 0.198804  9.80572  35224
             12.9325 -0.0856297  0.0692748   -8.14648   1.88067  0.207163 0.0383673 180.013       0       0 -0.13     0 -1.03 -0.196494  0.323666 0.0253559 0.00288426 0.00116041 -0.0157503 -0.00908529 -0.00999334  -0.0307304 0.150252 0.209332  9.80561  35187
             13.1311 -0.0927047  0.0599962   -8.69292   1.77448  0.270839 0.0412542 180.013       0       0 -0.13     0 -1.03 -0.515421  0.331177 0.0602791  0.0027075 0.00154398 -0.0161084 -0.000447279  -0.00457662   -0.0264252 0.142011 0.211577  9.80569  35274
             13.3297 -0.102509 0.0517376  -9.59626   1.74771  0.319981 0.0390343 180.013       0       0 -0.13     0 -1.03  -0.139936   0.267667 -0.0704377 0.00275532 0.00147451 -0.0165175 -0.00903982  -0.0078603  -0.0238715 0.148584 0.207605  9.80568  35202
             13.5284 -0.113917 0.0531389  -9.79158   1.74877  0.385904 0.0393404 180.013       0       0 -0.13     0 -1.03 -0.0648633   0.342779  0.0746099 0.00277036 0.00136203 -0.0169365  -0.012552 -0.0120065 -0.0224781 0.153133 0.206937  9.80562  35155
             13.7284  -0.13173 0.0533403  -10.4976   1.72047  0.485868 0.0373572 180.013       0       0 -0.13     0 -1.03  -0.138176   0.526986 -0.0328986 0.00256645 0.00157727 -0.0174673 -0.0092229 -0.0135823 -0.0183267 0.153022 0.210046  9.80556  35581
              13.927 -0.147962 0.0496762  -11.8963   1.65133  0.624314 0.0352771 180.013       0       0 -0.13     0 -1.03  -0.303879   0.676369 0.00217218 0.00262583 0.00158981 -0.0176632 -0.00174473  -0.0134333   -0.015859 0.150299 0.215738  9.80548  35271
             14.1256 -0.156953 0.0483555  -12.4719   1.66293  0.688571 0.0318009 180.013       0       0 -0.13     0 -1.03  0.0045614   0.425883 -0.0147534 0.00247063 0.00145474  -0.018142 -0.0180674 -0.0107697  -0.012823 0.15262 0.20203 9.80573  35241
             14.3244  -0.15535 0.0467637  -13.9696   1.6358 0.698014 0.029852 180.013       0       0 -0.13     0 -1.03 -0.113394 0.0765604 0.0140109 0.00224457 0.00138052 -0.0183131 -0.0233023 0.00338572 -0.0101156 0.141739 0.195178  9.80603  35276
             14.5243 -0.163358 0.0495764  -14.7554   1.63652  0.770078 0.0297029 180.013       0       0 -0.13     0 -1.03 -0.0204447   0.346912 0.00366115 0.00224608 0.00144191  -0.018648   -0.019306 -0.00559847 -0.00966745 0.149015 0.199459  9.80584  35528
              14.723 -0.172909 0.0487885  -15.8395   1.66828  0.850698 0.0305484 180.013       0       0 -0.13     0 -1.03  0.111079  0.434925 0.0649392 0.00215767 0.00154162 -0.0190173  -0.0224233  -0.0107735 -0.00559481 0.153495  0.19678  9.80582  35206
             14.9229  -0.18998 0.0558547  -17.0479   1.75247  0.929034 0.0288677 180.013       0       0 -0.13     0 -1.03   0.367799   0.386298 0.00162183 0.00227169 0.00153438 -0.0192378 -0.0291611 -0.0175719 0.00189422 0.158866 0.190426  9.80586  35498
             15.3202 -0.229046 0.0754218  -18.8171  1.95475  1.15191 0.025995 180.013       0       0 -0.13     0 -1.03   0.552452   0.611706 0.00428499 0.00306045 0.00115223 -0.0194863   -0.0276423   -0.0242102 -0.000828395 0.164869 0.190431  9.80577  35181
             15.5189  -0.23753 0.0838234  -18.6733   2.01505   1.19334 0.0264111 180.013       0       0 -0.13     0 -1.03  0.258175  0.204153 -0.046978 -0.000535542     0.001786   -0.0195375  -0.0369954  -0.0075659 -0.00398362 0.148064 0.187883  9.80608  35064
             15.7189 -0.241323 0.0903184  -18.5304   2.04818   1.18054 0.0265095 180.013       0       0 -0.13     0 -1.03    0.161939 -0.00538521   0.0322802 -8.88953e-05   0.00150949   -0.0195562  -0.0422922  -0.0016004 -0.00386468 0.141619 0.184976  9.80623  35288
             15.9175 -0.241101  0.094752  -18.4097   2.09356   1.14772 0.0270399 180.013       0       0 -0.13     0 -1.03     0.24068   -0.125596 -0.00386445 0.000350297  0.00168562  -0.0195876  -0.0476678 0.000481849 -0.00133555 0.138568 0.180939  9.80635  34942
             16.1163 -0.244332   0.10123  -18.3119   2.13885   1.14472 0.0274976 180.013       0       0 -0.13     0 -1.03    0.231919 -0.00217685  0.00977248 0.000284302  0.00150295  -0.0194761   -0.0428423 -0.000918103  -0.00554196 0.140873 0.184622  9.80625  34959
             16.3148 -0.245834  0.108483  -18.2153    2.2025   1.11714 0.0278848 180.013       0       0 -0.13     0 -1.03  0.308136 -0.133936 0.0240285 0.000428676  0.00149682  -0.0195363  -0.0494788 -0.00247926 -0.00450397 0.140702   0.1787  9.80636  35015
             16.5148 -0.245257  0.111284  -18.2398   2.22304   1.09315 0.0281185 180.013       0       0 -0.13     0 -1.03  0.134947 -0.115217 -0.042992 0.00041171 0.00114951 -0.0194001  -0.0446165  0.00574756 -0.00456445 0.134827 0.184533  9.80634  35359
             16.7135 -0.247141  0.117549  -18.2781  2.27028  1.07575 0.028048 180.013       0       0 -0.13     0 -1.03   0.215334 -0.0833576 -0.0261385 0.000386514  0.00134644  -0.0191906  -0.0454908 0.000798003 -0.00985115 0.138886 0.182807  9.80631  34949
             16.9122 -0.250141  0.125739  -18.2487    2.3345   1.05381 0.0284813 180.013       0       0 -0.13     0 -1.03    0.305648   -0.103616 -0.00268889 0.000563186  0.00124768  -0.0190865  -0.0493533 -0.00268395  -0.0115629 0.141029 0.178842  9.80636  34924
             17.1108 -0.251906  0.132432  -18.2159   2.39368   1.03715 0.0291714 180.013       0       0 -0.13     0 -1.03   0.321699 -0.0913471 0.00629487 0.000654173  0.00147084  -0.0190383  -0.0468011 -0.00135988  -0.0134352 0.140494 0.181227  9.80632  34788
             17.3095 -0.250244  0.138116  -18.0225   2.41944   1.01644 0.0300926 180.013       0       0 -0.13     0 -1.03   0.163233  -0.114459 -0.0113144 0.000339081  0.00216915  -0.0190485 -0.0422296 0.00605301 -0.0159561 0.135312 0.186559  9.80629  34953
             17.5081  -0.2565 0.143062  -17.961   2.47679   1.02272 0.0303668 180.013       0       0 -0.13     0 -1.03     0.337914    0.0509099 -0.000799203 0.000601198  0.00203823  -0.0190054 -0.0403587 0.00146112 -0.0182818 0.139527 0.187185  9.80622  35083
             17.7067 -0.262076  0.151249  -17.3384   2.60406   1.02963 0.0287203 180.013       0       0 -0.13     0 -1.03   0.613495  0.0540342 -0.0166439 0.000755269  0.00146765  -0.0196471  -0.0473361 -0.00740664  -0.0199039 0.145607 0.179796  9.80627  35235
             17.9068 -0.257059  0.163081  -16.5863   2.66615   1.00101 0.0272186 180.013       0       0 -0.13     0 -1.03    0.310203   -0.109363 -0.00999232 -9.08329e-05   0.00188943   -0.0204427 -0.0472078 0.00780137 -0.0185099 0.133032 0.182686   9.8064  35666
             18.1054 -0.256104  0.168363  -17.0507   2.68248  0.992372 0.0298109 180.013       0       0 -0.13     0 -1.03  0.105716 -0.024932 0.0424486 -0.000368018   0.00233579   -0.0208988 -0.0425381  0.0156884 -0.0185443 0.127228 0.187691  9.80638  35348
             18.3041 -0.254514  0.180037  -17.4203   2.74777  0.979777 0.0312114 180.013       0       0 -0.13     0 -1.03   0.311363 -0.0689265  0.0111708 -0.000354499   0.00219616   -0.0211965 -0.0477796   0.010706 -0.0163765 0.130592  0.18281  9.80643  35458
             18.5027 -0.255172  0.189452  -16.2258   2.78567  0.926521 0.0293594 180.013       0       0 -0.13     0 -1.03   0.186498  -0.271512 -0.0216864 -0.000409172   0.00213582   -0.0216925 -0.0496907  0.0156707 -0.0158955 0.126256 0.181939   9.8065  35253
             18.7013 -0.25453 0.199217 -15.9391  2.83084 0.932384 0.029752 180.013       0       0 -0.13     0 -1.03   0.251681  -0.018767 -0.0368952 -0.000298527   0.00193202   -0.0217787 -0.0444241  0.0110702 -0.0190585 0.130583 0.185699  9.80637  35262
             18.9013 -0.257139  0.206571  -15.8314   2.88508  0.931648 0.0291605 180.013       0       0 -0.13     0 -1.03    0.246591 -0.00850251   0.0545207 -0.000203158   0.00186653   -0.0215911 -0.0446496 0.00936931 -0.0167497 0.131927 0.185467  9.80636  35594
                19.1 -0.258369  0.212589  -15.8925   2.94507   0.90442 0.0290679 180.013       0       0 -0.13     0 -1.03   0.323751 -0.0979332  -0.023442 -0.000334617   0.00171676   -0.0214894 -0.0480169  0.0120478 -0.0171081 0.129866 0.182753  9.80644  35330
             19.2987 -0.260539  0.219655   -15.844   2.99048  0.899168 0.0279923 180.013       0       0 -0.13     0 -1.03   0.209984  -0.054592 -0.0159294 -0.000170814   0.00183599   -0.0215221 -0.0440502  0.0111459 -0.0241302 0.130624 0.185828  9.80637  35356
             19.4974 -0.259963  0.226505  -15.5333   3.03915  0.874866 0.0294407 180.013       0       0 -0.13     0 -1.03  0.228542 -0.104204 0.0126294 -0.000275019   0.00171952   -0.0215667  -0.047027  0.0122033 -0.0256158 0.129868 0.183465  9.80642  35336
             19.6973 -0.262809   0.23291  -15.7355   3.09782  0.860018 0.0287287 180.013       0       0 -0.13     0 -1.03   0.280482 -0.0582621  0.0146012 -0.000315106   0.00162365   -0.0213428 -0.0480821  0.0107935 -0.0225475 0.130912 0.182668  9.80643  35610
             19.8959 -0.264915  0.242491  -15.6037   3.16554   0.85046 0.0277263 180.013       0       0 -0.13     0 -1.03   0.360208 -0.0488882 -0.0234884 -0.000410028   0.00163237   -0.0213927 -0.0484146  0.0104474 -0.0221702 0.131181 0.182434  9.80643  35228
             20.0946 -0.266244  0.248047  -15.5709   3.23326  0.840105 0.0284633 180.013       0       0 -0.13     0 -1.03   0.338951 -0.0270701  0.0133703 -0.000435287   0.00168524   -0.0214273 -0.0488602   0.011843 -0.0212853 0.130096 0.182047  9.80645  35312
             20.2946 -0.266612  0.254142  -15.2652    3.3039  0.815222 0.0283565 180.013       0       0 -0.13     0 -1.03   0.406816  -0.191078 -0.0567402 -0.000267971   0.00168322   -0.0216058 -0.0487654  0.0130732  -0.021419 0.129158 0.182057  9.80646  35526
             20.4933 -0.264804  0.255095   -15.076   3.36962  0.781911 0.0287167 180.013       0       0 -0.13     0 -1.03  0.348624  -0.14194 0.0818904 -0.000375065   0.00180968   -0.0216347 -0.0470089  0.0151027 -0.0228275  0.12755 0.183265  9.80646  35155
             20.6919 -0.266739  0.264489  -15.0681   3.42606  0.786295 0.0289596 180.013       0       0 -0.13     0 -1.03     0.276367 -0.000388676  -0.00375916 -0.000381646   0.00170406   -0.0215655 -0.0440914  0.0135176 -0.0205925 0.128379 0.185584   9.8064  35083
             20.8919 -0.269849  0.271697  -15.0491   3.47797   0.79115 0.0276111 180.013       0       0 -0.13     0 -1.03    0.2686 0.0279881 0.0160618 -0.000332985   0.00169387   -0.0214298 -0.0436204  0.0134219 -0.0196139 0.128387 0.185947   9.8064  35484
             21.0905 -0.270621  0.278558  -15.1221   3.53228   0.76054 0.0273053 180.013       0       0 -0.13     0 -1.03  0.286164 -0.119449 0.0310966 -0.000706333   0.00171976   -0.0211155 -0.0480813  0.0190674 -0.0147691 0.124586  0.18217  9.80652  35097
             21.2892 -0.272718  0.281793  -15.0662   3.61317  0.754505 0.0278281 180.013       0       0 -0.13     0 -1.03   0.388347 -0.0525142 0.00895468 -6.67209e-05   0.00149288   -0.0212722 -0.048592  0.014434 -0.011372 0.127914 0.182366  9.80647  35085
             21.4892 -0.274624  0.290247  -14.8324   3.68146  0.754067 0.0276664 180.013       0       0 -0.13     0 -1.03   0.329554 -0.0896866  0.0258481 0.000144798  0.00183353  -0.0214098  -0.0456236   0.0132938 -0.00930752 0.128437 0.184691  9.80642  35261
             21.8865 -0.275686  0.303318   -14.569   3.79293  0.733182 0.0266653 180.013       0       0 -0.13     0 -1.03   0.291644 -0.0514174  0.0249722 -0.00027412  0.00282235  -0.0214381 -0.0422964  0.0156652 -0.0122055 0.126534 0.186816   9.8064  35077
             22.0852 -0.276018  0.308014  -14.5555   3.83653  0.728195 0.0278677 180.013       0       0 -0.13     0 -1.03    0.245489  -0.0565706 -0.00688365 -0.000317342   0.00330188   -0.0212023  -0.0402563   0.0163247 -0.00885388  0.12561 0.188167  9.80639  34904
             22.2851 -0.274982  0.309973  -14.5822   3.89615  0.699337 0.0265064 180.013       0       0 -0.13     0 -1.03    0.291558    -0.15153 -0.00611843 -0.00058366  0.00290151  -0.0212291  -0.0430591    0.017665 -0.00939322 0.125142 0.186001  9.80644  35177
             22.4838 -0.274403   0.32294  -14.3352    3.9426  0.675776 0.0246133 180.013       0       0 -0.13     0 -1.03  0.226901 -0.147814  -0.02953 -0.000512053   0.00291741   -0.0213982  -0.041462  0.0176435 -0.0104106  0.12493 0.187102  9.80642  35018
             22.6825 -0.276975  0.329542  -14.3001   3.96663  0.662774 0.0233272 180.013       0       0 -0.13     0 -1.03  0.129173 -0.073476 0.0121846 -0.000575158   0.00299852    -0.021177 -0.0386109  0.0178016 -0.0115162 0.124429 0.189039  9.80639  34961
             22.8825 -0.276261  0.334268  -14.3437   4.01128  0.646728 0.0257819 180.013       0       0 -0.13     0 -1.03    0.22265 -0.0890737  0.0106529 -0.000423944   0.00285683   -0.0207532  -0.0408223   0.0162338 -0.00972311 0.125821 0.187838  9.80639  35269
              23.081 -0.259522  0.293684  -13.0921   4.01008   0.63861 0.0350528 180.013       0       0 -0.13     0 -1.03   0.080186 -0.0553269  0.0398108 -0.000611522    0.0036384   -0.0203603 -0.0332057  0.0205265 -0.0161035 0.121701 0.191884  9.80637  35028
             23.2797 -0.243701  0.274384   -11.875    3.9576  0.553143 0.0395635 180.013       0       0 -0.13     0 -1.03   -0.22722  -0.403351 -0.0229029 -0.00128976  0.00388288  -0.0201176 -0.0314165  0.0343138 -0.0181579 0.112731 0.189397  9.80652  34842
             23.6784 -0.22204 0.266898 -6.89432    3.8596  0.520655 0.0476074 180.013       0       0 -0.13     0 -1.03  -0.263223 -0.0181388  0.0606893 0.000530011  0.00404748  -0.0201549 -0.0285809  0.0286078 -0.0152214 0.113856 0.193198  9.80644  35115
             23.8771 -0.195137   0.23212  -4.94223   3.71182  0.592771 0.0490252 180.013       0       0 -0.13     0 -1.03  -0.700041   0.243057 -0.0119892 0.00326651 0.00801731 -0.0202105  -0.0197798   0.0210844 -0.00964384 0.108308 0.197113  9.80642  34877
             24.0757 -0.192015  0.225655  -3.00302   3.57392  0.706939 0.0462168 180.013       0       0 -0.13     0 -1.03  -0.703327    0.56196 -0.0025273 0.00394506 0.00799072 -0.0200197  -0.0214274   0.0152277 -0.00760919 0.107295 0.200733  9.80636  34879
             24.2744 -0.186214  0.228619  -1.14621   3.37643  0.767282 0.0447053 180.013       0       0 -0.13     0 -1.03  -1.01278   0.27711 0.0277558 0.00398505 0.00796832 -0.0199499  -0.0142101   0.0192575 -0.00546047 0.106136 0.195553  9.80648  34885
             24.4743 -0.172169  0.197033  -1.01148    3.1991  0.725865 0.0470515 180.013       0       0 -0.13     0 -1.03  -0.912991  -0.169442 -0.0531715 0.00463747 0.00821485 -0.0198503  -0.0127084    0.029011 -0.00529798  0.11164 0.191591  9.80649  35239
              24.673 -0.174509  0.201217  -1.29798   3.20655  0.725842 0.0425373 180.013       0       0 -0.13     0 -1.03 -0.0470873 -0.0145538 -0.0188139 0.00405178  0.0105134 -0.0196264  -0.0261314   0.0336955 -0.00615197 0.117673 0.199593  9.80626  34908
             24.8717 -0.174936  0.209113  -1.10702   3.25217  0.715499 0.0427785 180.013       0       0 -0.13     0 -1.03   0.168563 -0.0895876  0.0389969  0.0041533  0.0112411 -0.0196763  -0.0310721   0.0367605 -0.00471983 0.120794 0.202144  9.80617  34932
              25.469 -0.14803 0.211769  2.45544    3.3275  0.644407 0.0520666 180.013       0       0 -0.13     0 -1.03   0.144679  -0.146517 -0.0117103 0.00385624  0.0117801 -0.0196239  -0.0285859   0.0365698 -0.00808181  0.12021 0.200479  9.80621  35097
             25.6677 -0.133932  0.193591   4.68617   3.28912  0.680819 0.0503699 180.013       0       0 -0.13     0 -1.03  -0.132071   0.142563 -0.0498561 0.00585503  0.0137211 -0.0196397 -0.0274003  0.0253002 -0.0126211 0.111705 0.199221  9.80634  34695
             25.8663 -0.112991  0.195681   6.15499   3.28963  0.657698 0.0551319 180.013       0       0 -0.13     0 -1.03 -0.0247279   -0.08583   0.050318 0.00564846  0.0135664 -0.0193382 -0.0249905  0.0334872 -0.0137715 0.118365  0.19837  9.80628  34881
             26.0662 -0.110452  0.194522   6.88485   3.23371  0.614139 0.0527251 180.013       0       0 -0.13     0 -1.03  -0.249114  -0.237004 -0.0347885 0.00584814  0.0136136 -0.0190984  -0.0152731   0.0304543 -0.00925902 0.118136 0.190158  9.80645  35247
             26.2649 -0.105741  0.197629   6.52616  3.23256  0.59409 0.051061 180.013       0       0 -0.13     0 -1.03 -0.0459752  -0.177969 0.00854334 0.00602724  0.0130791  -0.018565  -0.0279165   0.0329573 -0.00688529 0.116523  0.20059  9.80626  35004
             26.4635 -0.101402  0.204611   6.63801  3.27628 0.602259 0.050708 180.013       0       0 -0.13     0 -1.03   0.248269   0.034192 -0.0784089  0.0060717  0.0127417 -0.0184777  -0.0413833   0.0358477 -0.00960708 0.114879  0.21183  9.80604  34896
             26.8622 -0.10628 0.214469  6.87675   3.39194  0.656813 0.0514316 180.013       0       0 -0.13     0 -1.03  0.293677  0.124288 0.0213802 0.00566092  0.0123253 -0.0186616 -0.0446359  0.0340812 -0.0111865 0.112698 0.213926  9.80602  35358
             27.0608 -0.106527  0.220272   6.83354   3.44743  0.662609 0.0512644 180.013       0       0 -0.13     0 -1.03    0.281182   0.0271607 -0.00239628 0.00527807  0.0124808 -0.0185598 -0.0416416  0.0358367 -0.0051199  0.11484 0.212102  9.80603  34900
             27.2595 -0.106658   0.22433   6.85158   3.47741  0.687061 0.0506751 180.013       0       0 -0.13     0 -1.03  0.191908 0.0786538 0.0275087 0.00567659  0.0128166  -0.018372  -0.0404111   0.0288932 -0.00304402 0.109808 0.209278  9.80615  34785
             27.6568 -0.103432  0.212909   7.37555     3.531  0.700476 0.0559742 180.013       0       0 -0.13     0 -1.03  0.140763 0.0271069 0.0137068  0.0051255  0.0131426 -0.0172701 -0.0361775  0.0277428 -0.0108454 0.110191 0.205746  9.80622  34098
             27.8568 -0.112279  0.223232   8.70433   3.47986   0.74518 0.0537053 180.013       0       0 -0.13     0 -1.03  -0.210104   0.187043 -0.0235872 0.00655732  0.0150732 -0.0170723 -0.0325156  0.0119041 -0.0112035 0.0993803  0.197985    9.8065  34307
             28.0568 -0.107493  0.217256   10.7715   3.32506  0.837947 0.0542609 180.013       0       0 -0.13     0 -1.03  -0.683622   0.389944 0.00928675 0.00733067  0.0157422 -0.0170075 -0.0283155 -0.0106108 -0.0121724 0.0839482  0.187203   9.80685  34087
             28.2555 -0.100057  0.201412   12.4874   3.13272  0.930443 0.0552719 180.013       0       0 -0.13     0 -1.03  -0.943212   0.448651 0.00163163 0.00741413   0.015705 -0.0169271 -0.0252523 -0.0198339 -0.0098047 0.0783752  0.181232   9.80701  33707
             28.4541 -0.110537  0.201246   14.0595   2.92954   1.04118 0.0513334 180.013       0       0 -0.13     0 -1.03  -0.965757   0.509618 -0.0688358 0.00737388  0.0154737 -0.0166434 -0.0276447 -0.0264779 -0.0105749 0.0725032  0.179891   9.80708  33684
             28.6527 -0.123584  0.193989   15.3832   2.69368   1.12988 0.0425283 180.013       0       0 -0.13     0 -1.03    -1.1242   0.483882 -0.0968905 0.00729101  0.0151541 -0.0164167 -0.0201538 -0.0347903 -0.0142928 0.0705872  0.170515   9.80726  33674
             28.8528 -0.139109  0.179964   16.7247  2.51063  1.29553 0.040548 180.013       0       0 -0.13     0 -1.03 -0.973738  0.824885 0.0583133 0.00705506  0.0150795 -0.0162317 -0.0396719 -0.0310781 -0.0137816 0.062298 0.185677  9.80704  33873
             29.0514 -0.150932  0.165839   18.5196  2.33164  1.43786 0.041859 180.013       0       0 -0.13     0 -1.03  -0.871419   0.714908 -0.0483755 0.00695935  0.0151072 -0.0160922 -0.0358934 -0.0273157 -0.0133893 0.0669695  0.185411   9.80702  33584
             29.2501 -0.162671  0.176277   20.1409   2.21601   1.62463 0.0418519 180.013       0       0 -0.13     0 -1.03  -0.625054   0.966829 0.00256599 0.00685933  0.0146109 -0.0158865 -0.0501179 -0.0160654 -0.0166375 0.0653212  0.201392   9.80671  33725
             29.4501 -0.18189   0.1849  22.1846   2.12567   1.78579 0.0385754 180.013       0       0 -0.13     0 -1.03  -0.478628   0.800159 -0.0987934   0.006988  0.0146846 -0.0158315   -0.044909 -0.00463686  -0.0174478 0.0756942  0.205524   9.80655  34127
             29.6487 -0.198964   0.20772   24.1985   2.07235   1.94538 0.0377034 180.013       0       0 -0.13     0 -1.03  -0.289016   0.805739 -0.0141752 0.00706789  0.0151735 -0.0156564 -0.0474767 0.00225434 -0.0191489 0.0780885  0.211645   9.80641  33825
             30.0461 -0.220431  0.226036   28.2483   1.96477   2.13211 0.0410478 180.013       0       0 -0.13     0 -1.03   -0.247095    0.369116 -0.00371626 0.00669328  0.0154217 -0.0153959 -0.0293559  0.0051506 -0.0219204 0.0926642  0.203764   9.80645  33740
             30.2446 -0.219449  0.245917   30.7029   1.87549    2.1874 0.0388948 180.013       0       0 -0.13     0 -1.03  -0.457169   0.320304 -0.0435547 0.00651806  0.0168256 -0.0154479  -0.0193211 -0.00490075  -0.0219202 0.0950602  0.191036   9.80668  33953
             30.4434 -0.211809   0.23155   32.8675   1.78802   2.20871 0.0392311 180.013       0       0 -0.13     0 -1.03  -0.428792   0.109623 0.00964083 0.00685775  0.0167181 -0.0153102 -0.00889642 -0.00321459  -0.0223697 0.103808  0.18708  9.80667  33981
             30.6433 -0.204599   0.22038   34.2006   1.65486   2.14333 0.0387913 180.013       0       0 -0.13     0 -1.03 -0.638859 -0.296177 0.0421236 0.00816305  0.0147273  -0.015152  0.0097151 -0.0120852  -0.021727 0.113839 0.171282  9.80684  34199
              30.842 -0.19343 0.208602  36.1276   1.59131   1.97391 0.0368469 180.013       0       0 -0.13     0 -1.03  -0.382214   -0.75005 -0.0948334 0.0103669 0.0151251 -0.015032  0.0413195 0.00849041 -0.0221638 0.148213  0.17275  9.80636  34058
             31.0406 -0.182403  0.188872   37.6442  1.53734  1.77899 0.034261 180.013       0       0 -0.13     0 -1.03 -0.246462 -0.938995 0.0211199  0.0103185  0.0152316 -0.0149134  0.0568848  0.0115244 -0.0267802 0.161962   0.1682  9.80622  33921
             31.2394 -0.146877  0.182655   39.3833   1.52326   1.51239 0.0329534 180.013       0       0 -0.13     0 -1.03 -0.0803949   -1.30082 0.00583607 0.00920243  0.0157264 -0.0147898  0.0865823  0.0229958 -0.0230737 0.191028 0.164609  9.80576  33931
              31.438 -0.110021  0.157941   41.4492   1.51827   1.24346 0.0311035 180.013       0       0 -0.13     0 -1.03 -0.022056  -1.43748   0.03552 0.00906946  0.0155039 -0.0147538  0.0860423  0.0259878 -0.0210911 0.191861  0.16731   9.8057  33872
              31.638 -0.0819197   0.154824    43.0718    1.5491  0.976786 0.0278919 180.013       0       0 -0.13     0 -1.03  0.166832  -1.34735 -0.104541 0.00887615  0.0151669 -0.0146544  0.0796451  0.0381047 -0.0233665 0.191527 0.179887  9.80548  34165
             32.0353 -0.00981826    0.120505     46.5942   1.64942  0.482479 0.0249302 180.013       0       0 -0.13     0 -1.03  0.289709  -1.22368 0.0220749 0.00897776  0.0145113 -0.0143349  0.0693904  0.0424306 -0.0291261  0.18458 0.187458  9.80547  33806
             32.2339 0.0239623  0.117825    47.676   1.81918  0.291293 0.0277331 180.013       0       0 -0.13     0 -1.03   0.840587  -0.998523 -0.0143854 0.00736885  0.0102073 -0.0141105  0.0524388  0.0859725 -0.0341616 0.186107 0.230625  9.80452  33643
             32.4339 0.0398723  0.120077   47.1421   1.95546  0.239663 0.0280953 180.013       0       0 -0.13     0 -1.03    0.716139    -0.34938 0.000502731 0.00916527 0.00828949 -0.0137735 -0.0072793    0.08161 -0.0350989 0.133885 0.248705  9.80493  33958
             32.6325 0.0432307  0.126548   47.0862   2.01425  0.264715 0.0293161 180.013       0       0 -0.13     0 -1.03   0.374753   0.106351 0.00186756 0.00958065 0.00781999 -0.0137569 -0.0484138  0.0541956 -0.0339619 0.0890951  0.240663   9.80564  33774
             32.8312 0.0396842  0.128634   47.2042    2.0253  0.324728 0.0297161 180.013       0       0 -0.13     0 -1.03 0.0815869  0.251967 0.0410445 0.00908031 0.00742759  -0.013642 -0.0598445  0.0416736 -0.0331269 0.0748344  0.234467   9.80591  33788
               33.03 0.0340159  0.131775   46.9231    2.0419  0.388897 0.0298309 180.013       0       0 -0.13     0 -1.03 0.0934887  0.301394 0.0116793 0.00902026 0.00739108 -0.0130698 -0.0646354  0.0430171 -0.0301306 0.0713009  0.237396   9.80587  33846
             33.2285 0.0338284  0.137812   47.1068   2.10325  0.462213 0.0297142 180.013       0       0 -0.13     0 -1.03  0.30371  0.38354 -0.04917 0.00863611 0.00710196 -0.0131926  -0.066631  0.0641216 -0.0337928 0.0775343  0.255785   9.80536  33791
             33.4271 0.031899 0.154692  47.7935    2.1256  0.527329 0.0306557 180.013       0       0 -0.13     0 -1.03  0.194247  0.349179 0.0224962 0.00904639 0.00715861 -0.0125556 -0.0644512  0.0440731 -0.0342697 0.071819 0.238237  9.80584  33853
             33.6258 0.0286739  0.138285    50.278   2.10054  0.550498 0.0306104 180.013       0       0 -0.13     0 -1.03 -0.116741  0.106473 0.0336802 0.00938389 0.00768823 -0.0125696 -0.0483656  0.0166623 -0.0291355 0.0750342  0.209397   9.80648  33939
             33.8259 0.014612 0.142582  52.0863   1.98065   0.60753 0.0308199 180.013       0       0 -0.13     0 -1.03 -0.502535   0.21294  0.009394 0.00870657  0.0068839 -0.0124779   -0.062132 -0.00627544  -0.0279681 0.0551676  0.195186    9.8069  33883
             34.0244 0.00813141   0.142229    53.7663   1.85672  0.602111 0.0301178 180.013       0       0 -0.13     0 -1.03  -0.580295 0.00713405 -0.0309954 0.00891529 0.00638112 -0.0123425 -0.0495827 -0.0162467 -0.0289237 0.062292 0.182434  9.80711  33644
             34.2231 -0.00640487    0.132659     55.9858  1.74424 0.622076  0.03015 180.013       0       0 -0.13     0 -1.03 -0.607774  0.117579 0.0359701 0.00870655 0.00640684 -0.0122808  -0.054652 -0.0136626 -0.0264272 0.0588449  0.186321   9.80705  33578
             34.4218 -0.0185727   0.133233    55.6874   1.64896  0.655308 0.0268121 180.013       0       0 -0.13     0 -1.03  -0.455127   0.170247 -0.0208913 0.00885781 0.00637296 -0.0120024  -0.0561396 -0.00787881  -0.0243425 0.0594312  0.191721   9.80695  33631
             34.8191 -0.0219781    0.13793    55.6133   1.69195  0.740655 0.0285925 180.013       0       0 -0.13     0 -1.03   0.24971   0.22632 0.0190349 0.00623033 0.00526284 -0.0118214  -0.046469  0.0321776 -0.0252699 0.080392 0.223154  9.80613  33747
             35.0178 -0.0189282   0.144214    55.5633   1.77716  0.781905 0.0279083 180.013       0       0 -0.13     0 -1.03    0.48439   0.186989 -0.0705937 0.00517637  0.0048723 -0.0115997 -0.0429716  0.0407606   -0.02778 0.0861182  0.229431   9.80594  33814
             35.2164 -0.0143603   0.151128    55.3411   1.86986  0.837249 0.0283027 180.013       0       0 -0.13     0 -1.03  0.472534  0.307902 0.0406136 0.00504386 0.00488254 -0.0114749 -0.0466509  0.0409067   -0.02891 0.0830664  0.230754   9.80593  33999
             35.4151 -0.0135961   0.156847    55.6065   1.91787  0.888382 0.0286715 180.013       0       0 -0.13     0 -1.03  0.319281  0.265712 0.0245401 0.00549669 0.00507323 -0.0117754 -0.0479301  0.0208985 -0.0214211 0.0754367  0.214209   9.80637  34053
             35.6137 -0.0132329   0.158864    55.5352  1.92765 0.914781 0.028492 180.013       0       0 -0.13     0 -1.03  0.0878374   0.161091 -0.0194942 0.00581463 0.00525352 -0.0116519   -0.043311 -0.00369421  -0.0158294 0.0712749  0.191902   9.80686  34031
             35.8137 -0.0165701   0.163297     55.783   1.92949  0.963336 0.0284017 180.013       0       0 -0.13     0 -1.03 0.00606078   0.214691  0.0425007  0.0056842 0.00508098 -0.0119381  -0.0515733 -0.00794102  -0.0156344 0.0629105   0.19102   9.80694  34334
             36.0123 -0.0146973   0.164284    56.0249   1.95555  0.991133 0.0283235 180.013       0       0 -0.13     0 -1.03    0.116947    0.177541 -0.00758829 0.00521507 0.00518615 -0.0122387   -0.041622 -0.00154984  -0.0156596 0.0733925  0.193191   9.80682  34217
              36.211 -0.0128271   0.167299    56.0401    2.0076   1.01783 0.0277277 180.013       0       0 -0.13     0 -1.03   0.294554    0.13342 -0.0384996 0.00483964 0.00506832 -0.0121115 -0.0387324 0.00484859 -0.0207158 0.0779143  0.197674    9.8067  34185
             36.4096 -0.00881333    0.173473      56.013   2.05697   1.06047 0.0273442 180.013       0       0 -0.13     0 -1.03 0.280667 0.183974 0.042579 0.00506508 0.00480947 -0.0120876 -0.0467346 0.00178131  -0.023248 0.0701684  0.197685   9.80676  34226
             36.6084 -0.0112001    0.17783    55.9656 2.07933 1.11452 0.02788 180.013       0       0 -0.13     0 -1.03   0.130458   0.256885 -0.0528369 0.00547274 0.00468122 -0.0121022  -0.0572887 -0.00911112  -0.0231766 0.0577406  0.191941   9.80695  34215
             36.8072 -0.00946468    0.182346     56.2277   2.11815   1.14929 0.0280693 180.013       0       0 -0.13     0 -1.03  0.189926   0.19654 0.0134882   0.005439 0.00493095 -0.0121494  -0.0522625 -0.00728582  -0.0267763 0.0625908  0.191848   9.80692  34150
             37.0056 -0.0104659   0.187269    56.1633   2.14333    1.1923 0.0288591 180.013       0       0 -0.13     0 -1.03   0.17093  0.234891 0.0415505  0.0054017 0.00480089 -0.0121796 -0.0521394 -0.0126186 -0.0239447 0.0609285  0.187348   9.80702  34051
             37.2056 -0.00260782    0.185386      54.634   2.15149   1.11612 0.0288098 180.013       0       0 -0.13     0 -1.03   0.0986012   -0.223794 -0.00115099 0.00509175 0.00598082 -0.0121858 -0.0083159 -0.0328209 -0.0206764 0.0909571  0.156151   9.80734  34391
             37.4043 0.00588978   0.189249    52.7733   2.23165   1.03108 0.0310166 180.013       0       0 -0.13     0 -1.03  0.367474 -0.409258 0.0356748 0.00465967  0.0059895 -0.0121356  0.0103166 -0.0181487 -0.0211775 0.111307 0.162151  9.80703  34199
             37.8016 0.023981 0.186251  48.0971   2.39197  0.907903 0.0325525 180.013       0       0 -0.13     0 -1.03    0.428703   -0.330083 -0.00509065 0.00457062 0.00534646  -0.012104  0.0054567 -0.0141941 -0.0193861 0.108734 0.167128  9.80697  34280
              37.999 0.0339816  0.190211   48.0794    2.5193  0.876465 0.0297918 180.013       0       0 -0.13     0 -1.03   0.663442  -0.166369 -0.0616913 0.00411744 0.00335098  -0.012211 -0.000703951  -0.00592485   -0.0202167 0.107179 0.176125  9.80683  34293
             38.1989 0.0394141  0.196652   48.1457   2.59439  0.881408 0.0289214 180.013       0       0 -0.13     0 -1.03    0.442318  -0.0184934 -0.00299176 0.00522401 0.00323307 -0.0124162 -0.0119799 -0.0183038 -0.0213667 0.0933585   0.17127   9.80706  34729
             38.3989 0.0419971  0.200397   48.5043   2.61557  0.904525 0.0282189 180.013       0       0 -0.13     0 -1.03  0.209342 0.0563329 0.0251159 0.00546569 0.00331784 -0.0125781 -0.0211812 -0.0352437 -0.0186826 0.0792783  0.162097   9.80734  34778
             38.7962  0.03893 0.205608  48.5492  2.64581 0.965285 0.027355 180.013       0       0 -0.13     0 -1.03    0.069223    0.173204 -0.00781171 0.00648529 0.00349726 -0.0124137 -0.0270367 -0.0442613 -0.0226713 0.0710797  0.157531   9.80748  34526
             38.9948 0.0383462  0.212692     48.55    2.6662  0.997364 0.0280347 180.013       0       0 -0.13     0 -1.03 0.0489872  0.159785 0.0462223 0.00622438 0.00322736 -0.0123318 -0.0270004 -0.0420133 -0.0182657 0.0719922  0.159233   9.80744  34481
             39.1936 0.0361614  0.215925   48.6769   2.69693   1.04238 0.0282606 180.013       0       0 -0.13     0 -1.03  0.138707  0.195998 0.0338596 0.00611324 0.00286423 -0.0127524  -0.030247 -0.0364395 -0.0161217 0.071758  0.16481  9.80735  34527
             39.3922 0.0401106  0.221214   48.9932   2.72481   1.05407 0.0286117 180.013       0       0 -0.13     0 -1.03     0.1685  0.0620061 -0.0360169 0.00588855 0.00312273 -0.0130176  -0.024096 -0.0372928 -0.0193178 0.0761077  0.161667   9.80737  34427
             39.5908 0.0457664  0.225338   49.0689   2.77894   1.05517 0.0291464 180.013       0       0 -0.13     0 -1.03  0.284789  -0.01532 0.0937336 0.00568571 0.00308129 -0.0129088 -0.0221384 -0.0334355 -0.0170231 0.0791805  0.163788   9.80731  34485
             39.7908 0.0486256  0.232229   49.1719   2.83534   1.07164 0.0281542 180.013       0       0 -0.13     0 -1.03   0.298908  0.0786474 -0.0140965 0.00548739 0.00310952 -0.0131978 -0.0249931 -0.0333916 -0.0115458 0.0770408  0.164954   9.80731  34594
             40.1882 0.0482478  0.233646   49.0998   2.86018   1.09895 0.0269639 180.013       0       0 -0.13     0 -1.03  0.0153009  0.0815006 0.00273645 0.00711492 0.00476753 -0.0128964 -0.0247789  -0.045413 -0.0119063 0.0724013  0.155609    9.8075  34457
             40.3867 0.0407199  0.231454   49.2901   2.81105   1.13643 0.0292349 180.013       0       0 -0.13     0 -1.03 -0.175133  0.137848 0.0477083 0.00971668 0.00517952 -0.0130346  -0.0311722   -0.055287 -0.00568245 0.0634983  0.150459   9.80764  34437
             40.7854 0.0395254  0.232835   49.2992   2.83875   1.19873 0.0307324 180.013       0       0 -0.13     0 -1.03  0.147422  0.160814 0.0034489 0.00849667 0.00391438 -0.0129013 -0.0308031 -0.0470215 -0.0073292 0.0670854  0.156648   9.80752  34613
             41.1828 0.0430371  0.243297   49.4993    2.9159   1.24717 0.0312813 180.013       0       0 -0.13     0 -1.03  0.211106  0.119041 -0.032442 0.00739983 0.00370881 -0.0131393 -0.0291868 -0.0447778 -0.0108789 0.0692225   0.15776   9.80749  34393
             41.3814 0.0466006  0.250191   49.6821   2.96368   1.27153 0.0302483 180.013       0       0 -0.13     0 -1.03   0.231751   0.121625 -0.0342271 0.00731724  0.0035105 -0.0131767  -0.029546 -0.0437221 -0.0127339 0.0693698  0.158718   9.80747  34388
             41.5801 0.0463531  0.254531   49.9674    3.0083   1.30293 0.0296542 180.013       0       0 -0.13     0 -1.03 0.185123 0.101904 0.018877 0.00735498 0.00328635 -0.0131015 -0.0323111 -0.0425527 -0.0124587 0.0677742  0.160712   9.80745  34431
             41.7788 0.0471116   0.25908   49.7819   3.03674    1.3139 0.0303434 180.013       0       0 -0.13     0 -1.03  0.129042 0.0487582 0.0179845 0.00739116 0.00305848 -0.0129509  -0.030356 -0.0425955 -0.0119065 0.0691903   0.15989   9.80745  34492
             41.9787 0.0469878  0.263042    49.743   3.05865   1.32591 0.0293791 180.013       0       0 -0.13     0 -1.03    0.101333   0.0629211 -0.00122601 0.00737177  0.0030575 -0.0129359 -0.0318682 -0.0437994 -0.0117229 0.0675845  0.159611   9.80747  34696
             42.1774 0.0507914  0.265125   49.9543   3.07408   1.32164 0.0307783 180.013       0       0 -0.13     0 -1.03   0.125917 -0.0325134  0.0101846 0.00739895 0.00304195 -0.0131613  -0.030559 -0.0464894 -0.0103715 0.0674476  0.157081   9.80751  34514
             42.3761 0.0540253  0.268549   50.2151   3.11162   1.32859 0.0294456 180.013       0       0 -0.13     0 -1.03    0.19489 0.00954246  -0.022551 0.00727342 0.00298504 -0.0132367  -0.0333702  -0.0432946 -0.00872595 0.0666831  0.160563   9.80746  34496
             42.5747 0.0531208  0.268259   50.3316   3.11909   1.37294 0.0306956 180.013       0       0 -0.13     0 -1.03  0.106856  0.201639 0.0341176 0.00728174 0.00288234 -0.0131582  -0.0434102   -0.050724 -0.00871683 0.056305   0.1592  9.80755  34545
             42.7747 0.0483604  0.269916   50.2864   3.10732   1.42355 0.0305085 180.013       0       0 -0.13     0 -1.03 -0.0291668   0.227337   0.031446 0.00730933 0.00265635 -0.0130819  -0.0461164  -0.0555981 -0.00671097 0.0523247   0.15671   9.80761  34760
             42.9733 0.0438313  0.275191      50.3    3.1074   1.44875 0.0301251 180.013       0       0 -0.13     0 -1.03  -0.025069   0.140653 -0.0155446 0.00727436 0.00280021 -0.0132397  -0.0423009  -0.0547355 -0.00885318 0.0554786  0.155827   9.80761  34564
              43.172 0.0464855  0.279983   50.4579    3.1492   1.46212 0.0306241 180.013       0       0 -0.13     0 -1.03   0.181428  0.0794952 -0.0267041 0.00726272 0.00279393 -0.0133531 -0.0386143 -0.0455617 -0.0117294 0.0618719  0.161037   9.80748  34545
             43.5706 0.0499513  0.284614   50.4109   3.24485   1.52269 0.0301589 180.013       0       0 -0.13     0 -1.03   0.257292   0.155585 -0.0317449  0.0070804 0.00221709 -0.0130163 -0.0441255 -0.0417661 -0.0125718 0.0593901  0.166042   9.80741  34765
             43.7693 0.050951 0.290714  50.4405    3.2869    1.5557 0.0293362 180.013       0       0 -0.13     0 -1.03   0.242777   0.154924 -0.0341556 0.00759475 0.00228392  -0.012925 -0.0460516 -0.0450706 -0.0184563  0.05665 0.164469  9.80746  34462
             43.9693 0.0500408  0.288264   50.1261   3.29078   1.56249 0.0303014 180.013       0       0 -0.13     0 -1.03 0.0736439  0.069042 0.0272943 0.00757085 0.00240012  -0.013421 -0.0413276 -0.0543814 -0.0187768 0.0562938  0.155868    9.8076  34787
             44.1693 0.0395228   0.26167   47.9539   3.24019   1.47989 0.0353001 180.013       0       0 -0.13     0 -1.03  -0.213897  -0.291345 0.00310045 0.00740297 0.00200622 -0.0134369 -0.0219425 -0.0687504 -0.0170051 0.0641487  0.137701   9.80782  34879
             44.3679 0.0111428  0.259023   45.2571   3.06138   1.37958 0.0372109 180.013       0       0 -0.13     0 -1.03 -0.767206 -0.469636 0.0193465  0.00698003 0.000946141  -0.0132796 -0.0135844 -0.0941473 -0.0160905 0.0589722  0.116607   9.80813  34805
             44.5652 -0.00155695    0.252282     43.8979   2.83119   1.25996 0.0383021 180.013       0       0 -0.13     0 -1.03   -1.1673 -0.569579 0.0281964  0.00674508 0.000564384  -0.0134033 -0.00840691    -0.10592  -0.0150446 0.0569068  0.106564   9.80826  34657
             44.7652 -0.0104581   0.243223    44.1342   2.66959    1.2047 0.0356505 180.013       0       0 -0.13     0 -1.03    -0.8991  -0.299312 -0.0196766  0.00668189 0.000923928  -0.0136326 -0.0156562 -0.0975823 -0.0147544 0.0567424  0.115138   9.80816  35180
             44.9652 -0.0134073    0.23964    44.4134   2.61655   1.21298 0.0345887 180.013       0       0 -0.13     0 -1.03  -0.364967 0.00221768  -0.032071 0.00655541 0.00108636 -0.0137993 -0.0277443 -0.0795889 -0.0178913 0.0588603  0.131713   9.80794  35204
             45.1638 -0.00909813    0.239618     44.6034   2.6651  1.21098 0.035897 180.013       0       0 -0.13     0 -1.03    0.141404 -0.00819696   0.0553578  0.00588911 0.000668329   -0.013707 -0.0293522 -0.0599761 -0.0160561 0.0677491  0.143962   9.80771  34924
             45.5625 0.00555865   0.234663    46.7378   2.76983   1.19233 0.0349024 180.013       0       0 -0.13     0 -1.03   0.285363 -0.0499089 0.00228945  0.00536811 0.000216842     -0.0138 -0.0293805 -0.0563454 -0.0155203 0.0695051   0.14616   9.80766  35173
             45.7612 0.0126266  0.236415   47.7284  2.81075  1.24181 0.033745 180.013       0       0 -0.13     0 -1.03  0.199526  0.250505 0.0094502    0.0068542 -0.000738543   -0.0136715 -0.0379555 -0.0588251 -0.0104055 0.0628983  0.148502   9.80767  34880
             45.9599 0.0149511  0.243719   47.5096   2.82886   1.25622 0.0323181 180.013       0       0 -0.13     0 -1.03  0.0932681  0.0531888 -0.0393146   0.00679922 -0.000385123   -0.0135043   -0.033798  -0.0620207 -0.00968959 0.0641404   0.14456   9.80772  34847
             46.1585 0.0145468  0.242201    47.594   2.82919   1.23354 0.0312686 180.013       0       0 -0.13     0 -1.03   0.0298377  -0.0850454 -0.00165911   0.00687099 -0.000586516   -0.0134687  -0.029066 -0.0650713 -0.0123598 0.0658469    0.1405   9.80777  34898
             46.3585 0.0178208  0.245396   47.6313   2.86106   1.25759 0.0329187 180.013       0       0 -0.13     0 -1.03    0.1519 0.0830698 0.0218796   0.00673175 -0.000586267   -0.0135417 -0.0362448 -0.0616771 -0.0109681 0.0627683   0.14587   9.80771  35155
             46.5571 0.0212316  0.253007   47.8639    2.9257    1.2904 0.0323369 180.013       0       0 -0.13     0 -1.03    0.368293    0.133408 0.000157668   0.00663712 -0.000645921   -0.0135886 -0.0397216 -0.0574782 -0.0100913 0.0624504   0.15009   9.80765  34900
             46.7558 0.0212571  0.257455   47.8816    2.9677   1.33135 0.0324138 180.013       0       0 -0.13     0 -1.03  0.166706  0.144956 0.0632719  0.00624364 -0.00074766  -0.0135755  -0.0423155  -0.0605827 -0.00880274 0.0594189  0.149309   9.80768  34867
             46.9558 0.0213577  0.260587   47.9293   2.99153   1.35779 0.0342064 180.013       0       0 -0.13     0 -1.03  0.075078  0.121619 0.0310226   0.00623081 -0.000556694   -0.0136729  -0.0426892  -0.0606079 -0.00379099 0.0591773  0.149414   9.80768  35160
             47.3544 0.0179572  0.265298   47.9735   3.03904    1.4308 0.0336835 180.013       0       0 -0.13     0 -1.03   0.123152   0.186505 -0.0206483 0.00599016 -0.0012088 -0.0134478 -0.0442437 -0.0571067 0.00230383 0.0597024  0.152243   9.80764  35108
             47.5531 0.0187934   0.27017   47.9055   3.06611   1.46213 0.0330607 180.013       0       0 -0.13     0 -1.03 0.0932529  0.208919 0.0524063  0.00553051 -0.00107096  -0.0133801 -0.0424046   -0.05604 0.00200924 0.0613401  0.152114   9.80763  34884
             47.7531 0.0166638    0.2746   48.0881   3.09423   1.50955 0.0334429 180.013       0       0 -0.13     0 -1.03   0.0998845    0.237319 -0.00435724  0.00556344 -0.00102119  -0.0135313 -0.0434754 -0.0543897  0.0023982 0.0614191  0.153599   9.80761  35164
             47.9517 0.0177579   0.27923   48.2212   3.12259   1.53355 0.0338941 180.013       0       0 -0.13     0 -1.03  0.122582  0.128674 0.0212303  0.00557988 -0.00111247  -0.0136306 -0.0407881  -0.052722 0.00391701 0.0638008  0.153408   9.80759  34858
             48.1504 0.0261016  0.284867    48.353    3.1905   1.53955 0.0346366 180.013       0       0 -0.13     0 -1.03    0.28762   0.051527 -0.0196004   0.00565607 -0.000907082   -0.0137209 -0.0383871 -0.0443972  0.0059608 0.0689855  0.157402   9.80749  34962
             48.3504 0.0257358  0.288684   48.2541   3.24091   1.56508 0.0347089 180.013       0       0 -0.13     0 -1.03    0.27247   0.130455 -0.0283986   0.00557761 -0.000910382   -0.0134399 -0.0407207  -0.045955 0.00614206 0.0668677  0.157484   9.80751  35267
             48.7477 0.0249486   0.29802   48.4001    3.2959   1.64705 0.0357956 180.013       0       0 -0.13     0 -1.03   0.121026   0.226422 0.00687992   0.00629436 -0.000636245   -0.0135448  -0.043534 -0.0517868 0.00786376 0.0625779  0.155114   9.80757  35014
             48.9477 0.0248214   0.30097   48.5271   3.29941   1.65584 0.0343803 180.013       0       0 -0.13     0 -1.03  0.0872272  0.0890438 -0.0165192  0.00631048 0.000967843  -0.0135209 -0.0387601 -0.0559887 0.00720364 0.0636306  0.150472   9.80764  35170
             49.1464 0.0227263  0.309011   48.6074   3.30573   1.70819 0.0351343 180.013       0       0 -0.13     0 -1.03 0.0400499  0.253973 0.0247417   0.0064191 0.000766651   -0.013649 -0.0428235 -0.0576632 0.00772923 0.0604498  0.151259   9.80765  34920
             49.3463 0.022811 0.312291  48.8087  3.31763  1.75897 0.036269 180.013       0       0 -0.13     0 -1.03 0.0320606  0.242839 0.0293477  0.00630443 0.000795855  -0.0139787 -0.0433106 -0.0563001  0.0126332 0.0607502  0.152243   9.80763  35258
             49.7437 0.0280369  0.319789   49.0041   3.39652   1.77716 0.0364369 180.013       0       0 -0.13     0 -1.03   0.247532  0.0329171 -0.0384144 0.00526308 0.00115656 -0.0138115 -0.0335817 -0.0493928 0.00824615 0.0696085    0.1522   9.80757  34938
             49.9436 0.0283441  0.323564   48.8314   3.41652   1.77342 0.0359899 180.013       0       0 -0.13     0 -1.03    0.15708 0.00411885   0.014923 0.00574362 0.00230727 -0.0137216 -0.0315364 -0.0531901 0.00614311 0.0692289   0.14904   9.80762  35199
             50.1423 0.0286928    0.3297   48.9475   3.43664   1.80125 0.0362195 180.013       0       0 -0.13     0 -1.03   0.171239   0.105335 -0.0634858 0.00673997 0.00210807 -0.0136359 -0.0358851 -0.0565281 0.00605209 0.065188 0.148907  9.80765  34999
             50.5411 0.0403179  0.296663   50.5938   3.41791   1.74163 0.0351098 180.013       0       0 -0.13     0 -1.03 -0.0403752   -0.19002 -0.0163532 0.00696038 0.00629407 -0.0135152  -0.024174   -0.06692 0.00477639 0.0677214  0.137681    9.8078  35045
             50.7396 0.0624574  0.272452   52.8856   3.32662    1.6091 0.0388332 180.013       0       0 -0.13     0 -1.03 -0.388591 -0.651149 0.0638201 0.00733657  0.0105889 -0.0135412 -0.0113244 -0.0787218 0.00755597 0.0706977  0.125083   9.80795  35036
             50.9397 0.0776336  0.267647   54.6356   3.14964   1.41097 0.0387131 180.013       0       0 -0.13     0 -1.03   -0.829489   -0.980408 0.000585782 0.00778715  0.0120489 -0.0135304 -0.00226394  -0.0935709   0.0103479 0.0706725  0.112015   9.80811  35140
             51.1396 0.0712408  0.253961   54.7087  3.04596  1.28843 0.035711 180.013       0       0 -0.13     0 -1.03  -0.572212  -0.668371 -0.0215563 0.00754047  0.0114094 -0.0133781 -0.0130568 -0.0840013  0.0107877 0.0669884  0.122302   9.80801  35048
             51.3382 0.0678331  0.249921   54.8399   2.98518   1.24083 0.0334278 180.013       0       0 -0.13     0 -1.03  -0.382894   -0.28615 0.00481683 0.00731486  0.0104099 -0.0134205 -0.0276663 -0.0717959  0.0145368 0.0614509  0.135632   9.80787  34820
             51.5369 0.0670972  0.250628    54.933   2.99995   1.24549 0.0312333 180.013       0       0 -0.13     0 -1.03   0.103083 -0.0355903 -0.0939035 0.00703223 0.00993958 -0.0134823 -0.0372361 -0.0573926  0.0129528 0.0600924  0.148705   9.80769  34745
             51.7356 0.0729165  0.255972   54.9321   3.05681   1.27333 0.0329774 180.013       0       0 -0.13     0 -1.03  0.272555  0.144447 0.0551766 0.00702462 0.00992916 -0.0132028 -0.0401598 -0.0534145  0.0114317 0.0595559  0.152403   9.80764  34793
             51.9342 0.0738387   0.26055   54.7816   3.10233   1.29826 0.0327161 180.013       0       0 -0.13     0 -1.03  0.271888  0.129576 -0.013891 0.00694071 0.00980366 -0.0130442 -0.0400602 -0.0556508  0.0173423 0.0588081  0.150862   9.80766  34817
             52.1342 0.077202 0.263325  55.0357   3.15236   1.34882 0.0340828 180.013       0       0 -0.13     0 -1.03  0.249705   0.26439 0.0595799 0.00693778 0.00982598 -0.0133114 -0.0432179 -0.0565689  0.0189483 0.0563927  0.151359   9.80767  35000
             52.3329 0.0804701  0.270374   55.0268   3.19557    1.3633 0.0339271 180.013       0       0 -0.13     0 -1.03   0.266691   0.140153 -0.0773763 0.00683897  0.0102326  -0.013434 -0.0354826 -0.0591032  0.0193112 0.0605887  0.146937   9.80771  34849
             52.5316 0.0854535  0.274488    55.269   3.21906   1.37884 0.0333858 180.013       0       0 -0.13     0 -1.03    0.141569 -0.00354585    0.120214 0.00697894  0.0103071 -0.0134127 -0.0352554 -0.0644396  0.0194213 0.0588404  0.143355   9.80778  34893
             52.7316 0.0793116  0.274263   55.1914    3.1895   1.39901 0.0323324 180.013       0       0 -0.13     0 -1.03 -0.0731255  0.0743526 -0.0971402 0.00671709  0.0100902 -0.0129397 -0.0375895 -0.0705506  0.0205352 0.0551475  0.140187   9.80784  35079
             52.9302 0.0744929  0.277855   55.1575   3.18895   1.43354 0.0316773 180.013       0       0 -0.13     0 -1.03 -0.0425359   0.168732 -0.0115763 0.00667995  0.0100059 -0.0131483 -0.0392122 -0.0685494 0.00774839 0.0548732  0.142168   9.80782  34857
             53.1289 0.0746651  0.280105   55.3791   3.18204   1.45257 0.0340938 180.013       0       0 -0.13     0 -1.03 -0.0166884   0.116814  0.0382712  0.0067209  0.0098715 -0.0132517 -0.0364812 -0.0682043  0.0128746 0.056733 0.141392  9.80782  34798
             53.3289 0.0785212  0.281469   55.5309   3.22967   1.47929 0.0343483 180.013       0       0 -0.13     0 -1.03   0.192482  0.0855849 0.00644007 0.00638028 0.00982706 -0.0132742 -0.0379755 -0.0585454   0.015626 0.059175 0.148126   9.8077  35056
             53.5275 0.0828689  0.284136   55.5042   3.28151   1.48608 0.0329374 180.013       0       0 -0.13     0 -1.03  0.276577 0.0214529 0.0391511 0.00628707 0.00987741 -0.0133273 -0.0366428  -0.056629   0.017697 0.060713  0.14886  9.80768  34865
             53.9262 0.0907643  0.295197   55.6896   3.36811   1.53304 0.0325043 180.013       0       0 -0.13     0 -1.03  0.244562  0.134483 0.0174593 0.00611946 0.00969313 -0.0132102 -0.0400818 -0.0587948  0.0184212 0.0577491  0.148691    9.8077  34896
             54.1248 0.0882708  0.297902   55.7423   3.38617   1.57268 0.0329227 180.013       0       0 -0.13     0 -1.03  0.103893  0.195037 0.0123284 0.00688076 0.00971009 -0.0132391 -0.0423361 -0.0634354  0.0207031 0.0546878  0.146481   9.80775  34914
             54.3247 0.0899724  0.298452    55.775    3.4053     1.605 0.0342008 180.013       0       0 -0.13     0 -1.03   0.104364   0.186254 0.00799625 0.00676094 0.00967424 -0.0132022 -0.0402191 -0.0639647  0.0205093 0.0558496   0.14541   9.80776  35191
             54.5235 0.0863791  0.299491   55.7897   3.43679   1.64491 0.0345889 180.013       0       0 -0.13     0 -1.03  0.136144 0.0789533 0.0174748  0.0067213 0.00962355 -0.0132206 -0.0421001 -0.0616806  0.0209942 0.0554543  0.147512   9.80773  34896
             54.7234 0.093133 0.300451  55.9301   3.44782   1.61641 0.0340993 180.013       0       0 -0.13     0 -1.03 0.0676741 -0.138458 0.0936186 0.00681783 0.00901614 -0.0132109 -0.0375155 -0.0637579   0.021922 0.0575831  0.144595   9.80777  35213
             54.9221 0.0926433   0.30823   55.7805   3.45015   1.63703 0.0333657 180.013       0       0 -0.13     0 -1.03  0.0393771  0.0712339 -0.0267611  0.0060872 0.00965427 -0.0132601 -0.0433842 -0.0650032  0.0262349 0.0534993  0.145867   9.80777  34873
             55.1221 0.0927784   0.31147   55.8697   3.47404   1.67134 0.0335825 180.013       0       0 -0.13     0 -1.03    0.12223   0.160923 -0.0177066 0.00604023 0.00974173 -0.0131812 -0.0458994 -0.0622475  0.0248502 0.0529141  0.148472   9.80773  35232
             55.3208 0.0923098  0.316421   55.9541   3.50191   1.69474 0.0325871 180.013       0       0 -0.13     0 -1.03  0.103315  0.169168 0.0302495 0.00611303 0.00966873 -0.0131528 -0.0430422 -0.0608369  0.0253632 0.0551714  0.148339   9.80772  34933
             55.5207 0.096486 0.319252  56.0604   3.52682   1.70995 0.0318084 180.013       0       0 -0.13     0 -1.03 0.133547 0.101324 0.017773 0.00614313 0.00964177   -0.01316 -0.0402146  -0.060645  0.0274713 0.0569704  0.147443   9.80773  35277
             55.7194 0.0964235  0.323369   56.0472   3.54842   1.72994 0.0319906 180.013       0       0 -0.13     0 -1.03   0.118791   0.087413 -0.0895007 0.00605972 0.00944975 -0.0131133 -0.0401704  -0.061421  0.0262868 0.0567241  0.146966   9.80773  34981
             55.9194 0.0959125  0.324494   56.1156   3.57842    1.7494 0.0314116 180.013       0       0 -0.13     0 -1.03   0.125693   0.109393 0.00335106 0.00605308 0.00937331 -0.0132102 -0.0398381 -0.0607834   0.020558 0.0571734   0.14728   9.80773  35286
              56.118 0.102047 0.324397  56.2171   3.60842   1.74281 0.0320329 180.013       0       0 -0.13     0 -1.03  0.0802053 0.00348587   0.011927 0.00627614 0.00925947 -0.0133676  -0.034224 -0.0587751  0.0199027 0.0612708  0.146527   9.80771  34985
             56.3168 0.102757   0.3303  56.2743   3.62125   1.76117 0.0315439 180.013       0       0 -0.13     0 -1.03  0.0985778   0.143041 -0.0414288 0.00597652 0.00933336 -0.0133025 -0.0359058 -0.0598391   0.019887 0.059889 0.146486  9.80772  35057
             56.5167 0.103942 0.332493  56.3575    3.6414    1.7939 0.0325049 180.013       0       0 -0.13     0 -1.03 0.0663211  0.183759  0.116114 0.00594733 0.00928231 -0.0133394 -0.0361327 -0.0589543  0.0210367 0.0600598  0.147087   9.80771  35356
             56.7153 0.100316 0.336348  56.4253   3.6351  1.83206 0.032142 180.013       0       0 -0.13     0 -1.03 0.0339349  0.183848 -0.111616  0.0059893  0.0094381 -0.0130115 -0.0365084 -0.0622338  0.0209668 0.0587009   0.14526   9.80775  35006
             56.9153 0.0851969  0.337525   56.2143    3.6379   1.93493 0.0313981 180.013       0       0 -0.13     0 -1.03 0.00932766   0.422481 -0.0171902 0.00603048 0.00899661 -0.0128464  -0.046767 -0.0616593  0.0124485 0.0528111  0.149266   9.80772  35265
              57.114 0.0890625  0.347024   56.4057   3.66731   1.98422 0.0342618 180.013       0       0 -0.13     0 -1.03  0.108578  0.267411 0.0766599 0.00543596 0.00906267 -0.0130327 -0.0410281 -0.0570587  0.0156176 0.0578047  0.149999   9.80768  35013
             57.5126 0.0881371  0.353149   56.6567   3.70169   2.06719 0.0337265 180.013       0       0 -0.13     0 -1.03   0.103406   0.235862 -0.0141224 0.00535289  0.0104305 -0.0134866 -0.0366162  -0.060218  0.0141385 0.0593387  0.146624   9.80772  35014
             57.7126 0.0966698  0.351878   56.7783   3.75318   2.05507 0.0345619 180.013       0       0 -0.13     0 -1.03  0.265182 0.0177615 0.0677291 0.00330333  0.0117397 -0.0136299 -0.0270099 -0.0563598  0.0154061 0.0663316  0.145583    9.8077  35400
             57.9113 0.101172 0.347505  56.8114  3.79579  2.03698 0.035945 180.013       0       0 -0.13     0 -1.03    0.250985  0.00611956 -0.00293737 0.00334181  0.0122659 -0.0135827 -0.0225378 -0.0586317  0.0174065 0.0681715  0.142695   9.80773  35369
             58.1113 0.101447 0.350755  56.7336   3.7944  2.02861 0.034464 180.013       0       0 -0.13     0 -1.03 0.00295084 -0.0998038 -0.0140839 0.00373324  0.0120551 -0.0133173 -0.0216481 -0.0665459  0.0171026 0.0659785  0.137739   9.80781  35304
             58.3099 0.0985924  0.352068   56.8493   3.78659   2.04928 0.0340386 180.013       0       0 -0.13     0 -1.03 0.0223298   0.10123 -0.010925 0.00389817  0.0118123 -0.0134523 -0.0293148 -0.0698416  0.0149401 0.0603628  0.138417   9.80784  35156
             58.7085 0.0970286  0.361415     56.94   3.81713   2.14092 0.0347801 180.013       0       0 -0.13     0 -1.03 0.0859039  0.293904 0.0348967  0.0036085  0.0112178 -0.0133137 -0.0310234  -0.066828  0.0132713 0.060383 0.140778   9.8078  35107
             58.9085 0.0999004  0.369894   57.0703   3.86403   2.16326 0.0346297 180.013       0       0 -0.13     0 -1.03    0.242728    0.129914 -0.00420536 0.00194015  0.0118356   -0.01329 -0.0265755 -0.0639036  0.0132751 0.0639627  0.141024   9.80778  35419
             59.1072  0.10248 0.364775  57.1425  3.89843  2.17141 0.034507 180.013       0       0 -0.13     0 -1.03   0.212459  0.0833884 -0.0606131 0.00200501  0.0122197 -0.0134014  -0.023448 -0.0667096 0.00995283 0.0648118  0.138384   9.80781  35225
             59.3073 0.102634 0.370158  57.1817   3.90952   2.18919 0.0334077 180.013       0       0 -0.13     0 -1.03 0.0911295 0.0607451 0.0135936 0.00203457  0.0122608 -0.0132709 -0.0243873 -0.0714931 0.00779007 0.0626556  0.136006   9.80786  35409
             59.5059 0.102986 0.376883   57.232   3.91919   2.20887 0.0336063 180.013       0       0 -0.13     0 -1.03  0.0555611  0.0803519 -0.0122464 0.00203985  0.0122276 -0.0132694 -0.0258478 -0.0727531 0.00876777 0.0613939  0.135773   9.80787  35169
             59.7058 0.0979426  0.378414    57.276   3.92153   2.27524 0.0346685 180.013       0       0 -0.13     0 -1.03 0.00350627   0.291242  0.0168086 0.00160414  0.0124529 -0.0134741  -0.031028 -0.0730894 0.00846717 0.0583639  0.137353   9.80786  35471
             59.9045 0.0992163  0.385247   57.5742   3.93742   2.31347 0.0358629 180.013       0       0 -0.13     0 -1.03   0.0794838     0.22691 -0.00896595 0.00171262  0.0124795  -0.013432 -0.0274177 -0.0706796 0.00618964 0.0612005  0.137499   9.80785  35162
             60.1045 0.0982444  0.387909   57.3475   3.96694   2.32315 0.0355432 180.013       0       0 -0.13     0 -1.03 0.0988928  0.089454 0.0541094 0.00168106   0.012549 -0.0133312 -0.0207123 -0.0663826 0.00836708 0.0663962   0.13762   9.80781  35423
             60.7018 0.0992243  0.393532   57.5417   4.04187   2.45003 0.0390531 180.013       0       0 -0.13     0 -1.03  0.120901  0.258351 0.0315306 0.00233579   0.010581 -0.0134811 -0.0239011 -0.0657978 0.00828086 0.0647737  0.138999    9.8078  35113
             60.9005 0.0987137  0.393603   57.5573   4.05868   2.47686 0.0397365 180.013       0       0 -0.13     0 -1.03  0.106107  0.179701 0.0129939 0.00207114  0.0120922 -0.0133803 -0.0213528   -0.06714  0.0115029 0.0657487  0.137416   9.80782  35198
             61.1004 0.0947623  0.405492   57.5701     4.072   2.52507 0.0346438 180.013       0       0 -0.13     0 -1.03  0.0767291   0.217299 -0.0161133 0.00226703  0.0118039  -0.013463 -0.0233002 -0.0683653  0.0119594 0.0642652  0.137373   9.80783  35431
             61.2991 0.0938755  0.406442   57.4798   4.06794   2.53578 0.0369199 180.013       0       0 -0.13     0 -1.03 0.0297621  0.102039 0.0353124 0.00236059  0.0116982 -0.0131673 -0.0177919 -0.0722581 0.00981495 0.065978 0.133412  9.80787  35170
             61.4978 0.0969517  0.408294   57.5073   4.10897   2.53769 0.0356495 180.013       0       0 -0.13     0 -1.03    0.23692  -0.062515 -0.0604374 0.00264155  0.0117631 -0.0132602 -0.0156014 -0.0662547  0.0115538 0.0691742  0.135933   9.80781  35286
             61.8964 0.124993 0.366285  59.9966   4.01877   2.38128 0.0409159 180.013       0       0 -0.13     0 -1.03 -0.238194 -0.391608 0.0204135   0.003016  0.0119476 -0.0126198 -0.00682163  -0.0770054   0.0112829 0.0703435  0.127189   9.80792  35460
             62.0964 0.116028 0.360224  59.7987   3.96891   2.28246 0.0367105 180.013       0       0 -0.13     0 -1.03   -0.256643   -0.481433 -0.00628834 0.00291571  0.0123234   -0.01246 -0.0036717 -0.0777056  0.0171183 0.0718979   0.12576   9.80793  35394
             62.2951 0.115631 0.372093  59.7939   3.95656   2.25186 0.0328612 180.013       0       0 -0.13     0 -1.03 -0.0533168  -0.245972 -0.0502804 0.00294624   0.012845 -0.0124986 -0.0117882 -0.0721209  0.0170918 0.0689385  0.131438   9.80788  35125
             62.6938 0.121963 0.370294  60.2025   3.99848   2.26688 0.0361214 180.013       0       0 -0.13     0 -1.03   0.128597   0.148635 -0.0476594 0.00287364  0.0136376 -0.0126132 -0.0182207 -0.0680148  0.0101196 0.0665895  0.135776   9.80783  35147
             62.8924 0.125556   0.3701  60.0974    4.0314   2.27632 0.0357776 180.013       0       0 -0.13     0 -1.03   0.18431 0.0695776 0.0447451 0.00251545  0.0139949 -0.0123594 -0.0159357 -0.0672875 0.00956861 0.0680914  0.135493   9.80783  35312
             63.0924 0.145518 0.349955  61.4011   3.98996    2.2055 0.0357587 180.013       0       0 -0.13     0 -1.03   -0.191257   -0.246139 -0.00483261 0.00276088  0.0157571 -0.0120826 -0.00554021  -0.0775836   0.0119571 0.0708676  0.126562   9.80793  35498
              63.291 0.149513  0.31996  63.3663   3.83423   2.09783 0.0374781 180.013       0       0 -0.13     0 -1.03 -0.728466 -0.483728  0.015615 0.00368859  0.0170202 -0.0120308 0.00195148 -0.0946768  0.0118799 0.0702133  0.114607   9.80808  35148
             63.6897 0.131299 0.290769  64.7524     3.537   1.81839 0.0355006 180.013       0       0 -0.13     0 -1.03  -0.758734  -0.795763 -0.0212526 0.00291876  0.0177703 -0.0119115 0.00806953  -0.094219 0.00963669 0.0739702  0.113285   9.80807  34960
             63.8896 0.122156 0.265905  64.5934   3.40915   1.66484 0.0329687 180.013       0       0 -0.13     0 -1.03  -0.671321  -0.733161 -0.0146605 0.00195114  0.0172691 -0.0115938 0.00859475 -0.0909286 0.00849799 0.075032 0.115212  9.80804  35229
             64.0883  0.12087 0.253967  65.6804 3.23297 1.49497 0.03378 180.013       0       0 -0.13     0 -1.03 -0.881603 -0.827574 0.0108916 0.00250661  0.0177584 -0.0113071  0.0111484 -0.0969378 0.00842968 0.0751687  0.110913   9.80808  35081
             64.2883 0.118888 0.231874  67.4944   3.01265   1.34068 0.0326828 180.013       0       0 -0.13     0 -1.03   -1.09756  -0.770725 -0.0107106 0.00309396  0.0176364  -0.011205 0.00843459   -0.10303  0.0112706 0.0720591  0.107793   9.80814  35145
              64.687 0.0996372  0.216543   67.8436   2.77906   1.20773 0.0351739 180.013       0       0 -0.13     0 -1.03 -0.424496 -0.185707  0.027589 0.00177206  0.0150483 -0.0111834 -0.00219301  -0.0856931   0.0126757 0.0691134  0.120997   9.80801  34832
             64.8856 0.102749 0.223011  67.9298   2.81506   1.24115 0.0330362 180.013       0       0 -0.13     0 -1.03  0.150134   0.16041 -0.029566 -0.000861677    0.0118957   -0.0112066 -0.00627951  -0.0723486   0.0114762 0.0691867   0.13029   9.80789  34873
             65.0843 0.107329 0.229096  67.8845   2.88691   1.30323 0.0322885 180.013       0       0 -0.13     0 -1.03    0.314095    0.305677 -0.00710014 -0.00147695   0.0113131  -0.0112191 -0.00809398  -0.0650047  0.00851022 0.0695793  0.135291   9.80782  35038
             65.2843 0.115778 0.238164  68.1226     2.964   1.37779 0.0319855 180.013       0       0 -0.13     0 -1.03    0.47799    0.45604 -0.0303783 -0.00161352   0.0112953  -0.0113667 -0.00759657  -0.0651147  0.00506862 0.0698571  0.135132   9.80782  35259
             65.4831 0.119968 0.239457  67.9703   3.0092  1.41498 0.031865 180.013       0       0 -0.13     0 -1.03    0.291887     0.25894 4.36788e-05 -0.00160809   0.0111693  -0.0113159 -0.00138993   -0.073606  0.00408636 0.0718653  0.128552   9.80789  35076
             65.6829 0.117553 0.246677  67.8942  3.01693  1.47172 0.032347 180.013       0       0 -0.13     0 -1.03 0.0314276  0.307079 0.0232333 -0.00214924     0.01098  -0.0114069 -0.00231333  -0.0772937  0.00414964 0.0705028  0.126495   9.80793  35194
             65.8816 0.117855 0.250101  68.0469  3.03396  1.51614 0.033004 180.013       0       0 -0.13     0 -1.03  0.101905   0.24934 0.0193921 -0.00179657   0.0106831   -0.011634 0.000443356  -0.0768567  0.00406986 0.0722625  0.126149   9.80792  35062
             66.0816 0.115615 0.256487  68.1008   3.03452   1.57081 0.0317538 180.013       0       0 -0.13     0 -1.03  0.0408149   0.260171 -0.0046705 -0.00188772   0.0103745  -0.0116844 -0.000463104   -0.0814729   0.00176624 0.0707046  0.123572   9.80797  35203
             66.2802 0.113902 0.260626  68.3283  3.03333  1.62892 0.033293 180.013       0       0 -0.13     0 -1.03  0.0170559   0.288109 -0.0122959 -0.00183071   0.0104001  -0.0117393 -0.00172477  -0.0834061 -0.00291595 0.0695292  0.122698   9.80799  35073
             66.6789 0.119446 0.267587  68.4391   3.11539   1.71058 0.0337507 180.013       0       0 -0.13     0 -1.03    0.263434    0.215749 -0.00562235 -0.00360325   0.0107645  -0.0118522  0.00399679  -0.0772294 -0.00493903 0.0742839  0.125247   9.80792  35400
             66.8776 0.122717 0.272239  68.5133   3.14901   1.74813 0.0344477 180.013       0       0 -0.13     0 -1.03  0.171043  0.219596 0.0107184 -0.00318275   0.0111166  -0.0117155  0.00484769  -0.0790264 -0.00295505 0.0744261  0.123977   9.80793  35227
             67.0775 0.123779 0.276578  68.4313  3.18441  1.78405 0.033932 180.013       0       0 -0.13     0 -1.03   0.166744   0.158666 -0.0196217 -0.00322082    0.011049  -0.0116786 0.00575624 -0.0782956 -0.0036025 0.0751258   0.12422   9.80793  35275
             67.2762 0.126926   0.2831   68.484  3.20736  1.81605 0.033256 180.013       0       0 -0.13     0 -1.03  0.143486   0.16502 0.0294317 -0.00299396     0.01092  -0.0115357   0.00523582   -0.0812024 -0.000350204 0.0741924  0.122579   9.80795  35241
             67.4762 0.127419 0.286116  68.4717   3.23543   1.86748 0.0338326 180.013       0       0 -0.13     0 -1.03  0.222122  0.341734 -0.104395 -0.00301544    0.010998  -0.0116146  0.00272192  -0.0821839 -0.00121456 0.072498 0.122541  9.80797  35392
             67.6762  0.12669 0.291234  68.7128   3.24458   1.92192 0.0332714 180.013       0       0 -0.13     0 -1.03 0.0588485   0.32119 0.0290732 -0.00339982   0.0104905  -0.0118265  0.00395117  -0.0859963 -0.00313668 0.0723693  0.120066     9.808  35368
             67.8749 0.126777 0.294146  68.6586   3.24238   1.96094 0.0362328 180.013       0       0 -0.13     0 -1.03 0.0441821  0.235378 0.0324754 -0.00329774  0.00996681  -0.0115385  0.00717672  -0.0898671 -0.00220982 0.0734021  0.117103   9.80803  35043
             68.0749 0.124133 0.299549  68.6047  3.26782  1.99676 0.035471 180.013       0       0 -0.13     0 -1.03   0.108469   0.219299 -0.0395786 -0.00339769   0.0099674  -0.0116237   0.0109125  -0.0866401 -0.00206023 0.076269 0.118187  9.80799  35362
             68.2735 0.128128 0.303223   68.792   3.29238   1.99298 0.0352636 180.013       0       0 -0.13     0 -1.03   0.130168  0.0200354 0.00270663 -0.00341716   0.0101036  -0.0116538   0.0204268   -0.088444 -0.00448688 0.0813846  0.115109   9.80799  35211
             68.6722 0.131049  0.30575  68.8837   3.33807   2.00583 0.0341535 180.013       0       0 -0.13     0 -1.03   0.0942096 -0.00234494  -0.0128178 -0.00315383  0.00939776  -0.0118117    0.0192106   -0.0882812 -0.000704121 0.0807052  0.115435   9.80799  35266
             68.8708 0.134813 0.314022  68.9074   3.36054   1.98273 0.0306897 180.013       0       0 -0.13     0 -1.03   0.117889  -0.103064 0.00148148 -0.00349101   0.0104847  -0.0119124    0.0229272   -0.0891544 -0.000677694 0.0826728  0.114152   9.80799  35173
             69.0709 0.136195 0.312381  69.1236   3.36037    2.0014 0.0335714 180.013       0       0 -0.13     0 -1.03  0.0192422  0.0823434 0.00550733 -0.00296304  0.00999662  -0.0120715   0.0165736  -0.0918591 -0.00100245 0.0784481  0.113961   9.80802  35274
             69.2695 0.133932 0.314287  69.1855   3.34088   2.02801 0.0326967 180.013       0       0 -0.13     0 -1.03 -0.0944172    0.16727 -0.0412557 -0.00311843  0.00985002  -0.0118638  0.0153786 -0.0953576 -0.0017289 0.0770116  0.112225   9.80806  35123
             69.6681 0.130654 0.322927  69.1532   3.36615   2.09042 0.0336404 180.013       0       0 -0.13     0 -1.03   0.091415   0.149482 0.00619103 -0.00429848  0.00919803  -0.0118353   0.0164712   -0.089831 -0.00432456 0.0787772  0.115183   9.80801  34952
             69.8668 0.134304 0.324239  69.2262   3.39498   2.08711 0.0329069 180.013       0       0 -0.13     0 -1.03     0.133285   -0.0105472 -0.000155962 -0.00537059   0.0102918  -0.0117219   0.0213366  -0.0884092 -0.00274579 0.0818508  0.114977   9.80798  35035
             70.0668 0.135512 0.325839   69.067   3.41691   2.10816 0.0320872 180.013       0       0 -0.13     0 -1.03    0.10637  0.0911532 -0.0145614 -0.00507055   0.0096951  -0.0115784    0.0168885   -0.0881417 -0.000621262 0.079389 0.116037  9.80799  35167
             70.2655  0.13989 0.328154  69.2846   3.45911   2.13604 0.0322208 180.013       0       0 -0.13     0 -1.03  0.196769  0.128108 0.0148722 -0.00530784  0.00921851  -0.0119358   0.015419 -0.0841553  0.0014539 0.0794044  0.118581   9.80796  35133
             70.4641  0.14208 0.329665    69.47    3.4699    2.1597 0.0313249 180.013       0       0 -0.13     0 -1.03  0.0871263   0.130384 -0.0211348 -0.00500106  0.00922637  -0.0116932   0.0150676  -0.0892629 0.000454325 0.0781107  0.115795   9.80801  35231
             70.6641 0.133808 0.337675  69.0623   3.46134   2.18504 0.0305469 180.013       0       0 -0.13     0 -1.03 -0.0342085    0.12678 -0.0161388 -0.00512504  0.00907456  -0.0114088   0.0143614  -0.0941035 -0.00181106 0.0766824   0.11325   9.80805  35321
             70.8627 0.139058 0.337986  69.1535   3.48524   2.20518 0.0323544 180.013       0       0 -0.13     0 -1.03  0.107965 0.0896149 0.0295227 -0.00469083  0.00910886  -0.0115723   0.0161452  -0.0893792 -0.00545967 0.0786843  0.115521     9.808  35157
             71.0614 0.142352 0.340034  69.3592   3.50894    2.2152 0.0326019 180.013       0       0 -0.13     0 -1.03   0.094358   0.082946 -0.0131051 -0.00468117  0.00899439  -0.0115763   0.0179034   -0.089107 -0.00466353 0.0797134  0.115284     9.808  35128
             71.2614 0.141002 0.344903  69.3133   3.51685   2.23716 0.0320409 180.013       0       0 -0.13     0 -1.03 0.0589177 0.0798009 0.0173598 -0.0045412 0.00873705   -0.01152   0.0164021  -0.0902399 -0.00192861 0.0786427  0.114961   9.80801  35349
               71.66 0.139916 0.349662  69.2904   3.53578   2.29365 0.0324364 180.013       0       0 -0.13     0 -1.03  0.0516027   0.130625 0.00658303 -0.0041345 0.00813977 -0.0114412  0.0134304 -0.0900636 -0.0049554 0.0770371  0.115704   9.80802  35248
             71.8587 0.142817 0.353695  69.4749   3.54934   2.31522 0.0327367 180.013       0       0 -0.13     0 -1.03   0.0768093    0.107221 -0.00171235 -0.00387582  0.00815393  -0.0115393   0.0132263  -0.0903369 -0.00234766 0.0768718  0.115565   9.80802  35298
             72.0574 0.145651   0.3581  69.5092   3.59642   2.31691 0.0307256 180.013       0       0 -0.13     0 -1.03   0.269579 -0.0607402 -0.0165823 -0.00432097  0.00812717  -0.0115711   0.0151563  -0.0866127 -0.00185879 0.0787179  0.117181   9.80798  35162
             72.2573 0.145992 0.362408  69.3049   3.60954   2.34303 0.0312501 180.013       0       0 -0.13     0 -1.03  0.0879472  0.0694698 -0.0158895 -0.00429504   0.0080802  -0.0113647  0.00879864  -0.0907489 -0.00197866 0.0743777  0.116305   9.80803  35396
              72.456   0.1475 0.366238    69.41   3.62849   2.39408 0.0311228 180.013       0       0 -0.13     0 -1.03 0.0955682  0.245167 0.0214264 -0.00440066  0.00797904  -0.0115491  0.00425983  -0.0899224 -0.00331267 0.0720992   0.11774   9.80803  35258
             72.6546 0.148368 0.364917  69.4843   3.63912   2.42769 0.0329655 180.013       0       0 -0.13     0 -1.03 0.0897351  0.238768 0.0114448 -0.00424342  0.00786627  -0.0114765  0.00756869  -0.0921465 -0.00320447 0.0733922  0.115826   9.80804  35353
             72.8546 0.146669 0.367693  69.3356   3.63922    2.4713 0.0318606 180.013       0       0 -0.13     0 -1.03 -0.0236691   0.227123 -0.0891081 -0.00445323  0.00768488  -0.0115027  0.00785847  -0.0937649 -0.00403083 0.0731961  0.114907   9.80805  35487
             73.2533 0.144407 0.377865   69.422   3.65624   2.56314 0.0322315 180.013       0       0 -0.13     0 -1.03 0.0746474  0.228082 0.0238184 -0.00457167  0.00755139  -0.0114585 0.00875385 -0.0924943 -0.0122307 0.0739521  0.115448   9.80804  35263
             73.4519 0.147464 0.377597  69.5453   3.69204   2.58539 0.0322561 180.013       0       0 -0.13     0 -1.03  0.156536  0.115376 0.0663619 -0.00596729  0.00831044  -0.0115334  0.0121957 -0.0902793 -0.0106872 0.0762332  0.115891   9.80802  35026
             73.6506 0.152284 0.383754  69.7731     3.727   2.58939 0.0305366 180.013       0       0 -0.13     0 -1.03  0.153408 0.0539438 0.0264619 -0.00582689  0.00833036  -0.0116028  0.0136976 -0.0903355 -0.0102515 0.0770137  0.115527   9.80802  34957
             73.8506 0.151085 0.385576  69.7479   3.72311   2.63656 0.0330115 180.013       0       0 -0.13     0 -1.03  0.0644694   0.247358 -0.0504353 -0.00693533  0.00851066  -0.0115107  0.0101077 -0.0946924  -0.012987 0.0742078  0.114083   9.80806  35074
             74.0493 0.152501 0.390649  69.8825   3.73384   2.66095 0.0316813 180.013       0       0 -0.13     0 -1.03 0.0432554  0.155047 0.0338984 -0.00680572  0.00814167  -0.0114799  0.0140886 -0.0951994 -0.0109565 0.0761574  0.112947   9.80805  34736
              74.248 0.154268 0.395803  69.9825   3.75684   2.72911 0.0328893 180.013       0       0 -0.13     0 -1.03   0.111219   0.310746 -0.0118893 -0.00669713  0.00822605  -0.0116851 0.00831421 -0.0920169 -0.0112265 0.073852 0.115827  9.80804  34842
             74.4479 0.155863 0.395478  70.1142  3.77026  2.78174 0.033195 180.013       0       0 -0.13     0 -1.03 0.0555142   0.27186 0.0333165 -0.00675828  0.00810639  -0.0117316 0.00948431 -0.0934581 -0.0089903 0.0741369  0.114816   9.80805  35249
             74.6466 0.150861 0.400261  69.8347   3.76903   2.82118 0.0341578 180.013       0       0 -0.13     0 -1.03   0.022029    0.18504 -0.0482409 -0.0068571 0.00761461 -0.0114175   0.0109914  -0.0965436 -0.00888713 0.0742487  0.112906   9.80807  34997
             74.8466 0.149766 0.399502  69.9112   3.79623   2.84654 0.0358294 180.013       0       0 -0.13     0 -1.03   0.12682  0.189501 0.0211219 -0.0060176 0.00727047 -0.0117826  0.0150055 -0.0936447 -0.0119759 0.0769311  0.113555   9.80804  35222
             75.0453 0.139025  0.36105  67.2457   3.81097   2.79803 0.0494272 180.013       0       0 -0.13     0 -1.03 0.0880868 -0.183058 0.0934313 -0.00554057  0.00535011  -0.0117224  0.0288323 -0.0980232 -0.0150434 0.0829671  0.108365   9.80805  34864
             75.2439 0.103376 0.355274  64.0487   3.82664   2.69011 0.0534301 180.013       0       0 -0.13     0 -1.03 0.0291119 -0.510956 0.0666618 -0.00518485  0.00448023  -0.0117154  0.0377943 -0.0988148  -0.011796 0.0870691  0.105876   9.80804  34967
             75.4425 0.116969 0.349435  61.3613   3.85196   2.42917 0.0542424 180.013       0       0 -0.13     0 -1.03  0.0342718   -1.14393 -0.0742341 -0.0043482 0.00312961 -0.0117789  0.0514607 -0.0976306 -0.0111854 0.0931068  0.102747   9.80802  35110
             75.6425 0.0900059  0.329217   57.8977   3.80597    2.1459 0.0488741 180.013       0       0 -0.13     0 -1.03 -0.280261   -1.4304  0.272124 -0.00474208  0.00184903  -0.0118226  0.0543569 -0.0999235 -0.0112349 0.0934787  0.101095   9.80803  35452
             75.8412 0.0678537  0.323442   54.4257   3.66783   1.82856 0.0502828 180.013       0       0 -0.13     0 -1.03  -0.65831  -1.63131 -0.174281 -0.00522651 0.000981795  -0.0117673   0.0566689   -0.103316 -0.00861085 0.0930334 0.0995188   9.80805  35207
             76.0399 0.0674247  0.292254   51.2912   3.50719   1.49891 0.0440792 180.013       0       0 -0.13     0 -1.03 -0.672326  -1.71484  0.166491 -0.00590193 8.95318e-05   -0.011655  0.0581426  -0.105639 -0.0111402 0.0925361 0.0987961   9.80807  35189
             76.4385 0.0742376  0.244195   48.8507  3.20395 0.922032 0.034419 180.013       0       0 -0.13     0 -1.03  -0.778721    -1.3894 -0.0964577 -0.00630803 0.000631292  -0.0117918   0.0534163   -0.111427 -0.00400954 0.0910449  0.099962   9.80807  35444
             76.8372 0.083047 0.223077  49.1506   3.00076  0.675371 0.0314154 180.013       0       0 -0.13     0 -1.03  -0.41585 -0.297238  0.051058 -0.00294594 -0.00801019  -0.0118221   0.0358186   -0.117389 -0.00495086 0.0918125  0.103852   9.80802  35544
             77.0358 0.0794435  0.223541    49.093   2.99854  0.712588 0.0303136 180.013       0       0 -0.13     0 -1.03 -0.0722152   0.174286 -0.0172418 -0.00305123  -0.0113998  -0.0119587   0.0267832    -0.11668 -0.00168374 0.0927447  0.105597   9.80799  35215
             77.2344 0.0780923  0.227273   49.4144   3.02531  0.770249 0.0300219 180.013       0       0 -0.13     0 -1.03   0.127726   0.265279 -0.0296616 -0.00307544  -0.0115714  -0.0120246   0.0234449   -0.115872 -0.00449094 0.0931588  0.106255   9.80798  35276
             77.4345 0.0794782  0.233771   49.3739   3.08137  0.852179 0.0322946 180.013       0       0 -0.13     0 -1.03  0.304101   0.41351 0.0538402 -0.00314615   -0.011791  -0.0120271   0.0195418   -0.115287 -0.00316281 0.0935624  0.106989   9.80797  35468
             77.6332 0.0763855  0.240124   49.3737   3.1397   0.9148 0.032363 180.013       0       0 -0.13     0 -1.03  0.277199  0.510448 -0.271724 -0.00336306  -0.0116706  -0.0121131   0.0219173   -0.113487 -0.00375126 0.0937583  0.106383   9.80797  35267
             77.8332 0.0791418  0.244341   49.6951   3.19256  0.956314 0.0328756 180.013       0       0 -0.13     0 -1.03  0.286895  0.241384 0.0100932 -0.00281742  -0.0121226  -0.0121986   0.0253481   -0.111351 -0.00811382 0.0939853  0.105586   9.80798  35588
             78.0318 0.0780878  0.248387   49.6914   3.21617   1.00828 0.0349999 180.013       0       0 -0.13     0 -1.03  0.112792  0.281557 0.0352608 -0.00323725  -0.0124571  -0.0119325   0.0268151   -0.113342 -0.00616655 0.0934859  0.105377   9.80799  35139
             78.2305 0.0771335  0.249897   49.6634   3.22744   1.02944 0.0357368 180.013       0       0 -0.13     0 -1.03  0.0603875   0.119949 -0.0157433 -0.00321492  -0.0125705   -0.012048   0.0306941   -0.111488 -0.00586762 0.0936573  0.104476     9.808  35140
             78.4305 0.075938 0.251715  49.7567   3.26411   1.08018 0.0374619 180.013       0       0 -0.13     0 -1.03  0.148806   0.25903 0.0109979 -0.00329734  -0.0128674  -0.0122467   0.0263341   -0.110157 -0.00854788 0.0941762  0.105286   9.80798  35325
             78.6292 0.0788649  0.257721   50.0054   3.30379   1.11608 0.0365649 180.013       0       0 -0.13     0 -1.03  0.160502  0.222025 -0.080169 -0.00358425   -0.012732  -0.0122982   0.0275301   -0.107384 -0.00935365 0.0946427  0.104881   9.80798  35040
             78.8278 0.0774288  0.264571    49.967   3.33629   1.16864 0.0372526 180.013       0       0 -0.13     0 -1.03    0.17202   0.288189 0.00829833 -0.0037659 -0.0125602 -0.0122467  0.0272508   -0.10789 -0.0104509 0.094544 0.104974  9.80798  35094
             79.0278 0.0763132  0.269712   50.1776    3.3564   1.20744 0.0372699 180.013       0       0 -0.13     0 -1.03  0.105539  0.213807 -0.027563 -0.00348844  -0.0129741  -0.0122882  0.0296827  -0.107487 -0.0125077 0.0945314  0.104476   9.80799  35368
             79.2264 0.0754288    0.2755   49.9363   3.38416   1.25899 0.0384436 180.013       0       0 -0.13     0 -1.03  0.101198  0.300212 0.0627318 -0.00358386  -0.0127486   -0.011939  0.0286356  -0.106572 -0.0102059 0.0947517  0.104632   9.80798  35072
             79.4265 0.072219 0.276478  49.7678   3.38519   1.32517 0.0406898 180.013       0       0 -0.13     0 -1.03 0.0161701  0.330669 -0.147663 -0.00335039  -0.0126602  -0.0119683  0.0295727  -0.109039 -0.0113994 0.0942159  0.104567   9.80799  35114
             79.6251 0.0709553  0.283076    50.304   3.39389   1.38051 0.0404734 180.013       0       0 -0.13     0 -1.03 0.00652873   0.192909  0.0519173 -0.00328295  -0.0126075  -0.0120607  0.0299373  -0.108451 -0.0169193 0.0943698   0.10447   9.80799  34782
             80.0225 0.0731705  0.292897    50.604   3.47624   1.44955 0.0419145 180.013       0       0 -0.13     0 -1.03   0.238986   0.215169 -0.0067737 -0.00315932  -0.0124579  -0.0125668  0.0288387   -0.10508 -0.0151841 0.0950783  0.104523   9.80798  35436
             80.2223 0.0759206  0.300592   50.7615   3.51696   1.47389 0.0413278 180.013       0       0 -0.13     0 -1.03  0.221876  0.125456 -0.030317 -0.00348866  -0.0117066  -0.0125308  0.0320221   -0.10439 -0.0162154 0.0950682  0.103887   9.80799  35786
              80.421 0.073908 0.302449  50.8561   3.51394   1.49226 0.0403601 180.013       0       0 -0.13     0 -1.03 -0.0466834   0.120305  0.0471688 -0.00341789  -0.0114144  -0.0125517   0.035547  -0.107283 -0.0157737 0.0943875  0.103269     9.808  35393
             80.6197 0.0662031  0.298553   51.4834   3.44703   1.50437 0.0433144 180.013       0       0 -0.13     0 -1.03  -0.350469 0.00148018   0.118643 -0.00343998  -0.0113183  -0.0123334  0.0395237  -0.111888 -0.0102248 0.0933599  0.102528   9.80802  35375
             80.8184 0.0684915  0.282465   54.2324   3.31591   1.43087 0.0418592 180.013       0       0 -0.13     0 -1.03   -0.58801  -0.379735 -0.0530624 -0.00327457  -0.0119289  -0.0123695   0.0464794   -0.112483 -0.00891792 0.093201  0.10106  9.80804  35117
             81.0184 0.0674097  0.261133   57.3245   3.1844  1.33787 0.040612 180.013       0       0 -0.13     0 -1.03 -0.612634 -0.504649 0.0104245 -0.00321721  -0.0122227  -0.0122689  0.0480269  -0.113007 -0.0102828 0.0931562  0.100692   9.80804  35406
              81.217 0.0750064  0.231998   59.8099  3.06761  1.24051 0.037936 180.013       0       0 -0.13     0 -1.03  -0.615946   -0.45344 -0.0987815 -0.00297237  -0.0120426  -0.0121563  0.0477582  -0.111903 -0.0102783 0.0933984  0.100886   9.80804  35324
              81.417 0.0956735  0.239939   62.5921   3.09208   1.23411 0.0302529 180.013       0       0 -0.13     0 -1.03 -0.0611761  -0.179111   0.103791 -0.000719474   -0.0071555   -0.0121333  0.0343519  -0.100421 -0.0119183 0.0938422  0.106454   9.80797  35954
             81.6157 0.104704 0.231805   65.954  3.03237  1.26128 0.035062 180.013       0       0 -0.13     0 -1.03 -0.328491  0.115117  0.103709 -0.00235992 -0.00630195  -0.0120072   0.0300671   -0.105326 -0.00950217 0.0915765  0.106351     9.808  35881
             81.8144 0.109095 0.228089  68.0695   3.00703   1.31347 0.0376688 180.013       0       0 -0.13     0 -1.03 -0.0763177   0.316232  -0.084587 -0.00183648 -0.00583808  -0.0119706   0.0285299    -0.10299 -0.00885702 0.0916732  0.107431   9.80798  35855
             82.0144 0.125522 0.244213  70.1275   3.06329   1.44376 0.0412377 180.013       0       0 -0.13     0 -1.03  0.288718  0.597579 0.0903172 -0.000807846  -0.00330171   -0.0118895   0.022076  -0.096622 -0.0123429 0.0906272  0.111246   9.80795  36165
             82.4117 0.147497 0.260181  74.4685  3.18417   1.7063 0.043133 180.013       0       0 -0.13     0 -1.03   0.302059   0.704894 -0.0322242 -0.00115902 -0.00348887  -0.0117855   0.0202513  -0.0940314 -0.00707496 0.0903628  0.112664   9.80794  35398
              82.809 0.175853 0.269805  78.5027   3.32976   1.99129 0.0378649 180.013       0       0 -0.13     0 -1.03    0.366529    0.727136 -0.00163043 -0.00244982 -0.00452509  -0.0117628   0.0195502   -0.090152 -0.00134636 0.0905966  0.114635   9.80791  35278
              83.009 0.192243 0.270149  81.1236   3.34505   2.10748 0.0336484 180.013       0       0 -0.13     0 -1.03  0.0915076   0.659609 -0.0241325 -0.00190149 -0.00408592  -0.0116481    0.0210941   -0.0958533 -0.000500471 0.0908884  0.111475   9.80795  35420
              83.605 0.212846 0.282239  86.2741   3.31596   2.43919 0.0317477 180.013       0       0 -0.13     0 -1.03  -0.091779   0.525197 -0.0117167 3.26937e-05 -0.00158468  -0.0116293  0.0239206  -0.103044 -0.0105179 0.0919832  0.107356   9.80798  35280
             83.8037 0.214664  0.29152  86.1459   3.32108   2.54894 0.0319508 180.013       0       0 -0.13     0 -1.03  0.142722    0.5708 0.0433724 -0.00105079 -0.00176132  -0.0115733  0.0249805  -0.100827 -0.0138475 0.0926064  0.108671   9.80796  35206
             84.0022 0.215892 0.299298  86.1161   3.33336    2.6082 0.0294833 180.013       0       0 -0.13     0 -1.03 0.0701903  0.305868 0.0426298 -0.00120577 -0.00177839  -0.0113083 0.0300082 -0.105901 -0.014009 0.0954233  0.105603   9.80797  34946
             84.2023 0.220017  0.30455  86.1676  3.34004  2.69031 0.030639 180.013       0       0 -0.13     0 -1.03  0.0757455   0.391543 -0.0237467 -0.00156771  -0.0015529  -0.0114183  0.0261933  -0.105809 -0.0129231 0.093222 0.105765  9.80799  35061
             84.5996 0.219209  0.31541  86.1998   3.36445    2.8265 0.0319602 180.013       0       0 -0.13     0 -1.03 0.0876651  0.345932 0.0356799 -0.000132476 -0.000878572   -0.0112605  0.0269751  -0.114444 -0.0123705 0.0934547  0.100764   9.80804  35168
             84.7982 0.220214  0.31813  86.4453   3.36541    2.8219 0.0327535 180.013       0       0 -0.13     0 -1.03 -0.0107522 -0.0214553 -0.0513021 0.000478444  0.00331937  -0.0114329   0.0403583   -0.123977 -0.00987394  0.100941 0.0949656   9.80802  35112
             84.9969 0.221573 0.321014  86.4531   3.36964   2.82549 0.0317758 180.013       0       0 -0.13     0 -1.03  0.0593548 -0.0321169   0.037578 0.000547884  0.00322815  -0.0112246  0.0377213  -0.122862 -0.0103951 0.0994675 0.0956836   9.80803  35117
             85.1956 0.222845 0.325065  86.5311   3.36245   2.90037 0.0326689 180.013       0       0 -0.13     0 -1.03 0.00640253   0.341784  0.0152593 0.000148773  0.00356284  -0.0113859   0.0218215    -0.11971 -0.00886659 0.0904994  0.097951   9.80809  34996
             85.3942 0.227221 0.329384  86.7099   3.38873   2.96993 0.0334129 180.013       0       0 -0.13     0 -1.03   0.144386   0.367601 -0.0486595 0.000327294    0.003621  -0.0113914  0.0240026  -0.115043 -0.0109891 0.0918781  0.100538   9.80805  34653
             85.5929 0.227505 0.335179  86.4563   3.39207   3.02776 0.0322484 180.013       0       0 -0.13     0 -1.03 0.00502614   0.190984   0.140526 0.00029277 0.00357535 -0.0113262  0.0230697   -0.11997 -0.0106074 0.0911978 0.0977712   9.80809  34620
             85.7929 0.229192 0.338969  86.5708   3.38415   3.09674 0.0345752 180.013       0       0 -0.13     0 -1.03 -0.0351035   0.327577 -0.0386434 4.78197e-05  0.00386065  -0.0112761   0.0194591   -0.119972 -0.00964138 0.0891664 0.0978875   9.80811  35006
             85.9902 0.231648 0.346489  86.6961   3.41265   3.16926 0.0342989 180.013       0       0 -0.13     0 -1.03   0.141169   0.374178 0.00753917 0.000569008  0.00405524  -0.0112704  0.0210426   -0.11366 -0.0119844 0.090271 0.101372  9.80806  34823
             86.1902 0.234738 0.351605  86.7045    3.4221   3.25684 0.0351596 180.013       0       0 -0.13     0 -1.03  0.0276009   0.411475 0.00133279 0.000397357  0.00408492  -0.0116505  0.0153686  -0.114935 -0.0110276 0.0870647  0.100857    9.8081  35257
             86.3888 0.200987 0.317865  84.1705   3.40531   3.16588 0.0403496 180.013       0       0 -0.13     0 -1.03 -0.0593737  -0.396191  0.0471591 0.00115285 0.00718214 -0.0115509  0.0457007  -0.136913 -0.0128752  0.103107 0.0875715   9.80807  34891
             86.5875 0.187503 0.338284    80.72   3.42825   3.03681 0.0466653 180.013       0       0 -0.13     0 -1.03   0.192878  -0.658497 -0.0436347 0.000712319  0.00774777  -0.0115444  0.0556586  -0.135689 -0.0128428  0.108599 0.0877708   9.80801  34900
             86.7862 0.189277 0.333761  78.4192   3.55952   2.86525 0.0502372 180.013       0       0 -0.13     0 -1.03  0.611517 -0.799104  0.134367 0.00191115 0.00735661 -0.0114573   0.061245  -0.130271 -0.0137957  0.111923 0.0900911   9.80795  34973
             86.9848  0.17327 0.333139  74.7708    3.6851   2.64308 0.0411092 180.013       0       0 -0.13     0 -1.03  0.558471  -1.05144 0.0599512 0.00266124 0.00513803 -0.0114474   0.0674031    -0.13121 -0.00550401  0.114687 0.0888036   9.80793  34979
             87.1835 0.189406 0.325244  73.4831   3.73132   2.38716 0.0361833 180.013       0       0 -0.13     0 -1.03 0.428366 -1.14746 0.149493 0.000165952  0.00234304  -0.0115899    0.070635   -0.138801 -0.00389753  0.114921 0.0850312   9.80796  35264
             87.3821 0.202187 0.308771  73.5806   3.78432   2.12359 0.0333903 180.013       0       0 -0.13     0 -1.03 0.308503  -1.2788 0.135762 -0.000625044   0.00079376   -0.0118131    0.073063   -0.141656 -0.00161272  0.115369 0.0834833   9.80797  35443
             87.5808 0.212073 0.302559  74.1095   3.81962   1.95328 0.0365022 180.013       0       0 -0.13     0 -1.03  0.158979 -0.943791  0.169643 -0.00212197  0.00294816  -0.0119956  0.0667035   -0.14295 0.00120462  0.112822 0.0841626   9.80799  35636
             87.7794 0.215974 0.295361  74.2558   3.81582   1.88986 0.0363475 180.013       0       0 -0.13     0 -1.03 -0.0490464  -0.384535 -0.0186702 -0.00349763  0.00484612  -0.0117965  0.0580752  -0.144911 0.00403738  0.109329 0.0849829   9.80802  35630
             87.9781 0.212482 0.295526   74.173  3.79875  1.92376 0.035713 180.013       0       0 -0.13     0 -1.03 -0.154604   0.05501 0.0131125 -0.00499783  0.00880492  -0.0116023  0.0450436  -0.144676 0.00300153   0.10453 0.0873591   9.80805  35459
             88.1768 0.212317 0.301322  74.3069  3.79459  1.99186 0.031323 180.013       0       0 -0.13     0 -1.03 -0.087844  0.314665  0.121454 -0.00448125    0.012764  -0.0113894   0.037736  -0.140501 0.00453146 0.102548 0.090188  9.80805  35286
              88.774 0.209826 0.319489  74.4274    3.8029   2.25582 0.0418723 180.013       0       0 -0.13     0 -1.03  0.080877   0.55088 -0.049032 -0.00424734   0.0128858   -0.011348  0.0364075  -0.139619 0.00648816  0.102214 0.0907279   9.80805  35789
             88.9727  0.21152 0.326335  74.4705   3.82264   2.34052 0.0420986 180.013       0       0 -0.13     0 -1.03   0.11745  0.462487 0.0159334 -0.00488677   0.0148866  -0.0112839   0.038748  -0.139731 0.00382028   0.10303 0.0903178   9.80804  35877
             89.1714 0.216433 0.330904  74.4274   3.87272   2.36289 0.0431652 180.013       0       0 -0.13     0 -1.03    0.274643    0.176412 -0.00272813 -0.0058924  0.0164155  -0.011229  0.0463036  -0.137858 0.00395734  0.106022 0.0897288   9.80802  35947
             89.3701 0.216136 0.333515  74.4384   3.89854   2.39975 0.0442327 180.013       0       0 -0.13     0 -1.03   0.192065   0.216744 -0.0151335 -0.00553674   0.0165828  -0.0112003  0.0460083  -0.141959 0.00586398   0.10523 0.0883181   9.80804  35835
             89.7687 0.221681 0.340218  74.7244   3.95005   2.48524 0.0448202 180.013       0       0 -0.13     0 -1.03  0.151294  0.232613 0.0287849 -0.0048248  0.0168446 -0.0112877  0.0467403   -0.14577 0.00949242  0.104857 0.0868456   9.80806  35938
             89.9675 0.223041 0.339635   74.843     3.959   2.50894 0.0467896 180.013       0       0 -0.13     0 -1.03 0.0225913  0.175283 0.0273776 -0.00440062   0.0180439  -0.0110853 0.0494668 -0.147786 0.0114809  0.105448 0.0857269   9.80806  35691
              90.166 0.215178 0.344087   74.678   3.93004   2.55199 0.0467501 180.013       0       0 -0.13     0 -1.03  -0.123735    0.17307 -0.0340187 -0.00348184    0.017702  -0.0111041 0.0469811 -0.152192 0.0116563  0.103875 0.0846076   9.80809  35820
             90.3647 0.218064 0.344493  74.8648    3.9255   2.59094 0.0469679 180.013       0       0 -0.13     0 -1.03 -0.0198571   0.205733  0.0154438 -0.00382769   0.0175741  -0.0113204 0.0461952 -0.149421 0.0116519 0.104056 0.085691  9.80807  36048
             90.5633 0.222726 0.347931  75.1192   3.94389   2.61328 0.0474134 180.013       0       0 -0.13     0 -1.03 0.0376858 0.0995047  0.104929 -0.0039615  0.0176409 -0.0112759 0.0487384 -0.146343 0.0128452  0.105437 0.0863074   9.80805  36188
             90.7633 0.220277 0.354641  74.8805   3.96154   2.66301 0.0479903 180.013       0       0 -0.13     0 -1.03 0.0420715  0.338897 -0.180952 -0.00382774   0.0179502  -0.0110932 0.0468448 -0.145297 0.0138059  0.104957 0.0869743   9.80805  36444
              90.962  0.22071 0.361206  75.1246   3.95793   2.74812 0.0473149 180.013       0       0 -0.13     0 -1.03 0.00858543   0.395741  0.0573953 -0.00478626   0.0183583  -0.0112539   0.045116  -0.146942 0.00778418  0.104086 0.0867264   9.80806  36282
             91.1607 0.223433 0.363012  75.2161   3.96557   2.76184 0.0484531 180.013       0       0 -0.13     0 -1.03  0.0681857   0.132645 -0.0127228 -0.00372826   0.0148243  -0.0110202  0.0534094  -0.147437 0.00905661  0.106834 0.0851817   9.80805  36209
             91.3593 0.223282 0.362508  74.9396   3.98617   2.76222 0.0474768 180.013       0       0 -0.13     0 -1.03  0.0930759  0.0500411 -0.0261847 -0.00296187   0.0133631  -0.0108591  0.0580497  -0.146725 0.00765279  0.108527 0.0846755   9.80803  36166
             91.5567 0.227089 0.360451  75.1951   4.01451    2.7347 0.0470609 180.013       0       0 -0.13     0 -1.03    0.157664   -0.151773 -0.00619785 -0.0022618  0.0122264 -0.0108721  0.0636321  -0.145641 0.00669273  0.110588 0.0841444   9.80802  35940
             91.7567 0.229368 0.360696  75.0384  4.03707  2.72214 0.046438 180.013       0       0 -0.13     0 -1.03   0.135251 -0.0615987 -0.0602886 -0.00254033   0.0122961  -0.0107598  0.0625722  -0.146247 0.00634923  0.110135 0.0841147   9.80802  36177
             91.9554 0.229906 0.360562  75.2251   4.02235   2.70611 0.0466622 180.013       0       0 -0.13     0 -1.03 -0.0486635 -0.0596272 -0.0227612 -0.00454215   0.0112706  -0.0107161  0.0630255  -0.150846 0.00391511  0.109532 0.0825178   9.80804  35991
              92.154 0.22513 0.36235 75.1702   3.99386    2.7471 0.0465703 180.013       0       0 -0.13     0 -1.03   -0.127932    0.164303 -0.00338046 -0.0062793  0.0138693 -0.0104444   0.056675  -0.152997 0.00253831  0.107076 0.0828438   9.80807  35757
             92.3527 0.217735  0.36592  75.0207   3.97837   2.80429 0.0491844 180.013       0       0 -0.13     0 -1.03   -0.067109    0.303113 -0.00893582 -0.00611926   0.0151105  -0.0105481  0.0532799  -0.151191 0.00121364  0.106248 0.0839936   9.80806  35961
             92.5513 0.218008 0.367487  75.0792   3.96584   2.84046 0.0499886 180.013       0       0 -0.13     0 -1.03   0.0284477    0.267428 -0.00876994 -0.00588063   0.0142015  -0.0105385   0.0569053   -0.151526 0.000662821  0.107367 0.0833007   9.80806  36085
               92.95 0.216602 0.372784  75.2072   3.97056   2.94188 0.0512469 180.013       0       0 -0.13     0 -1.03   0.012889   0.243327 -0.0109273 -0.0057938  0.0139423 -0.0106659    0.0570674    -0.151695 -1.22663e-05  0.107392 0.0832228   9.80806  36280
             93.1486 0.220455 0.375944  75.4248   3.97547   2.93711 0.0502556 180.013       0       0 -0.13     0 -1.03 0.0207402 0.0071611  0.019268 -0.00683961   0.0173861  -0.0105965  0.0645068   -0.15186 0.00038713  0.109639 0.0820329   9.80804  35804
             93.3473  0.22144 0.376288  75.3015   3.98267   2.93669 0.0520738 180.013       0       0 -0.13     0 -1.03 0.0496718 0.0275919 0.0199403 -0.00679202   0.0173843  -0.0104561  0.0651116   -0.15197 0.00182588 0.109816 0.081894  9.80804  35857
              93.546 0.221619 0.379008   75.306   3.99829   2.93319 0.0503129 180.013       0       0 -0.13     0 -1.03  0.0985964  0.0256168 -0.0190136 -0.00684941   0.0174382  -0.0104628  0.0669132  -0.151271 0.00402041  0.110491 0.0818229   9.80804  35847
             93.7446 0.224803 0.379744  75.2624   4.02272   2.91423 0.0501859 180.013       0       0 -0.13     0 -1.03   0.139241 -0.0567326 0.00209863 -0.00666196   0.0171633  -0.0102924  0.0698035  -0.151295 0.00385638  0.111384 0.0813677   9.80803  35944
             93.9433 0.224192 0.382249  75.2923   4.02854   2.92819 0.0500266 180.013       0       0 -0.13     0 -1.03   0.0528677   0.0295434 -0.00275666 -0.0069746  0.0171409 -0.0102667  0.0661076   -0.15447 0.00418463  0.109762 0.0809638   9.80805  35949
             94.1419 0.223182 0.377305  75.2668    4.0129   2.88662 0.0500676 180.013       0       0 -0.13     0 -1.03 -0.0664559  -0.241154 0.00400884 -0.00678047   0.0173254  -0.0102266   0.073554  -0.159542 0.00389808  0.111245 0.0782787   9.80806  35888
             94.3405 0.215841 0.362236  75.2071   3.99792   2.81083 0.0531234 180.013       0       0 -0.13     0 -1.03 -0.0891448  -0.418691  0.0231688 -0.00690198     0.01735  -0.0102607  0.0768617  -0.159825 0.00343035  0.112199 0.0776855   9.80805  36023
             94.5392 0.216394 0.360851  75.4122   3.98403   2.74001 0.0271063 180.013       0       0 -0.13     0 -1.03 -0.0741177  -0.413595     0.0452 -0.00692312    0.016878  -0.0103409 0.0743578 -0.158862 0.0154119   0.11164 0.0783607   9.80805  36107
             94.9379 1.55632 1.94092 75.5709   3.94826    2.6537 0.0125575 180.013       0       0 -0.13     0 -1.03   -0.10019  -0.209545 -0.0589095 -0.00694843   0.0171141  -0.0104305 0.0705991 -0.158841 0.0169756  0.110522 0.0789289   9.80806  35815
             95.1365 1.46915 2.09334 75.8711    3.89141    2.67549 -0.0341295 180.013       0       0 -0.13     0 -1.03 -0.217728 0.0508281 -0.302783 -0.00607527   0.0164124  -0.0104678 0.0584818 -0.165436  0.033244  0.105692 0.0783461   9.80812  35833
             95.3352 0.481241  2.92677  75.8765    3.84591    2.73292 0.00499903 180.013       0       0 -0.13     0 -1.03 -0.17425 0.297322   0.3491 -0.00615476   0.0165385  -0.0104603 0.0530077 -0.166654 0.0229031  0.104165 0.0795135   9.80812  36387
             95.7325 0.881021  2.51176  76.1635   3.73528   2.77464 0.0812244 180.013       0       0 -0.13     0 -1.03 -0.312944 0.0410084  0.040593 -0.00613917    0.016172  -0.0103166 0.0587568 -0.169137 0.0264534  0.105503 0.0777333   9.80812  36176
             96.1299 0.995199  2.41682  76.2475   3.76197   2.88141 0.0487615 180.013       0       0 -0.13     0 -1.03  0.137088  0.333954 -0.110372 -0.00953441   0.0129573  -0.0104078 0.0543073 -0.159999 0.0291991  0.105447 0.0808861    9.8081  35927
             96.3298 1.06807 2.36695 75.8443   3.79559   2.93868 0.0160806 180.013       0       0 -0.13     0 -1.03  0.16561 0.282791 -0.14616 -0.0103761  0.0137015  -0.010034 0.0564765  -0.15833 0.0352478  0.106242 0.0808197   9.80809  36357
             96.5285  1.0572 2.39054 75.8086    3.83963     3.0191 3.1215e-07 180.013       0       0 -0.13     0 -1.03  0.231962  0.434708 -0.111799 -0.0104431  0.0135537 -0.0101051 0.0532728  -0.15648 0.0333701  0.105595 0.0819031   9.80809  35979
             96.7272 1.04126 2.39761  76.263  3.86981  2.98363 0.015555 180.013       0       0 -0.13     0 -1.03  0.141472 -0.132865 0.0738267 -0.00997477   0.0106907  -0.0104533 0.0632573 -0.158166 0.0310278  0.108207 0.0800533   9.80808  36034
             96.9258  1.0638 2.39288 76.5094    3.89132    3.03475 0.00540706 180.013       0       0 -0.13     0 -1.03   0.104425   0.279146 -0.0567916 -0.0115531  0.0151718 -0.0109349 0.0509872 -0.158887 0.0357818  0.104593 0.0814545    9.8081  35952
             97.1245 1.06014 2.38635 76.7003   3.84629   3.00806 0.0102701 180.013       0       0 -0.13     0 -1.03 -0.222729 -0.132316  0.059699 -0.0132317 0.00999951 -0.0108882 0.0673866 -0.171106 0.0337307  0.107522 0.0757064   9.80812  35795
             97.3232 2.20995 1.35254 76.5987    3.92011    2.98053 -0.0331354 180.013       0       0 -0.13     0 -1.03  0.313865 -0.125465 -0.260446 -0.0123185  0.0103023 -0.0105226 0.0688828 -0.143766 0.0495856  0.111551 0.0827854   9.80802  35534
             97.7205   1.12152 -0.326625   75.7558     3.965    3.0344 -0.350533 180.013       0       0 -0.13     0 -1.03 -0.0104288   0.290276   -1.16053 -0.0102599 0.00911787 -0.0105834 0.0605863 -0.149758 0.0636279 0.107948 0.081898  9.80806  35978
             97.9191   1.19297 -0.386614   75.9042   3.95885   3.06799 -0.552922 180.013       0       0 -0.13     0 -1.03 0.0869227   0.27111 -0.992502 -0.00977317   0.0115032  -0.0106753 0.0644438 -0.151765 0.0552769 0.108821 0.080788  9.80806  36191
             98.3177   1.23966 -0.368672    75.769   3.90208   3.18075 -0.648946 180.013       0       0 -0.13     0 -1.03  -0.215384    0.28862 -0.0865564 -0.00825951   0.0110339  -0.0101249 0.0629585 -0.157766 0.0255102  0.108056 0.0789343   9.80809  35987
             98.5164  1.20204 -0.32357  75.7312   3.88103   3.24273 -0.598623 180.013       0       0 -0.13     0 -1.03 -0.118908  0.418654  0.293636 -0.00995774   0.0105715  -0.0100654    0.061605   -0.154909 -0.00773477  0.108752 0.0793546   9.80808  35809
             98.7151   1.15722 -0.342128   75.8676  3.94745  3.20727 -0.54843 180.013       0       0 -0.13     0 -1.03   0.285121 -0.0354407   0.277863 -0.0104015  0.0110692 -0.0101026    0.068949   -0.149652 -0.00759266 0.111421 0.079714  9.80804  35875
             99.1124   1.22733 -0.358003   76.1708   3.99093   3.23346 -0.539998 180.013       0       0 -0.13     0 -1.03  0.0734395  0.0976062 0.00861734  -0.0104496   0.0108166 -0.00940689   0.0673826   -0.152057 -0.00309634 0.110626 0.079363  9.80806  36050
             99.3111   1.31064 -0.288888   78.4606  3.99106  3.22357 -0.58102 180.013       0       0 -0.13     0 -1.03  0.0352552 -0.0390534  -0.304522 -0.0100596  0.0126127 -0.0093712   0.07525 -0.155447 0.0180008  0.111844 0.0777002   9.80805  36210
             99.5097   1.27578 -0.263996   82.4897   3.94973    3.2388 -0.627231 180.013       0       0 -0.13     0 -1.03 -0.0538885   0.111611  -0.139314 -0.00998236   0.0124953 -0.00930957 0.0730644   -0.1603  0.017687  0.110624 0.0766795   9.80808  36477
             99.7097  0.589439 -0.737871   86.8609  3.95861  3.28261 -0.73001 180.013       0       0 -0.13     0 -1.03 -0.054081  0.338829 -0.749275 -0.00972645   0.0128368  -0.0093758 0.0722732 -0.158558 0.0213864 0.110526 0.077335  9.80807  36614
             99.9084  0.515859 -0.873859    88.366   3.89438   3.43287 -0.777165 180.013       0       0 -0.13     0 -1.03 -0.290643   0.71687 -0.246018   -0.010712   0.0138369 -0.00926113 0.0663856 -0.161146 0.0124964  0.108225 0.0767979    9.8081  36049
             100.107  0.479763 -0.897475   89.0738   3.82237   3.62404 -0.753221 180.013       0       0 -0.13     0 -1.03 -0.404068  0.904153 0.0805821  -0.0113211   0.0154922 -0.00896164   0.0572507   -0.160535 -0.00891151  0.104721 0.0772241   9.80814  36005
             100.306  0.470885 -0.856083   89.1029  3.74955  3.80343 -0.74085 180.013       0       0 -0.13     0 -1.03 -0.345975  0.910148  0.129863  -0.0105574   0.0153203 -0.00893473   0.0583209   -0.158558 -0.00938265  0.105257 0.0779796   9.80813  35864
             100.504  0.457354 -0.862928   89.2005   3.75698   3.85448 -0.730772 180.013       0       0 -0.13     0 -1.03 0.00420099   0.322374  0.0241964 -0.00721714  0.00997415 -0.00895801    0.0931416    -0.153995 -0.000838342  0.119747 0.0784595   9.80796  36022
             100.902  0.399729 -0.839235   89.3816   3.80492   3.98997 -0.786539 180.013       0       0 -0.13     0 -1.03  0.164388  0.459783 -0.377262 -0.00753521   0.0100611 -0.00905531   0.0956303   -0.152058 -0.00167114  0.120849 0.0791391   9.80794  36126
               101.3  0.427009 -0.821481   89.3403   3.79299   4.18958 -0.751536 180.013       0       0 -0.13     0 -1.03 -0.0383572   0.545266    0.20211 -0.00495257  0.00988092 -0.00897552  0.0941368   -0.15604 -0.0199393  0.120044 0.0773321   9.80796  36113
             101.896  0.413761 -0.803064   89.7411   3.81532   4.55591 -0.733702 180.013       0       0 -0.13     0 -1.03   0.113865   0.758168 -0.0731294 -0.00562799  0.00930806 -0.00877409  0.0933482  -0.154138 -0.0044141   0.11973 0.0783311   9.80796  35905
             102.096  0.432029 -0.797216   89.2181   3.80431   4.66951 -0.724931 180.013       0       0 -0.13     0 -1.03 -0.0968973   0.581944   0.104853 -0.00265918    0.012678  -0.0082485   0.096612  -0.159511 -0.0112434  0.120855 0.0760273   9.80796  35975
             102.295  0.437005 -0.793146   89.4573   3.80269   4.73191 -0.713611 180.013       0       0 -0.13     0 -1.03 0.0238665   0.39458 0.0543905 -0.00285968   0.0142421 -0.00854515   0.108678  -0.161231 -0.0101723  0.12554 0.074858  9.80791  35776
             102.494  0.434358 -0.792252   89.5614   3.81132   4.75041 -0.716559 180.013       0       0 -0.13     0 -1.03  0.0165242   0.179183 -0.0318747 -0.00297326   0.0153535 -0.00869593    0.122441   -0.165099 -0.00596134  0.130723 0.0727794   9.80786  35768
             102.891 0.428828  -0.7821  89.8493   3.77601   4.83078 -0.716599 180.013       0       0 -0.13     0 -1.03 -0.0819658   0.303818 -0.0606463 -0.00291981   0.0146648 -0.00891625    0.123465   -0.168764 -0.00824234  0.130956 0.0712717   9.80787  35729
              103.29  0.439563 -0.762905   89.9889   3.80087   4.98168 -0.710749 180.013       0       0 -0.13     0 -1.03  0.117318  0.465722 0.0191537 -0.00456956   0.0134829 -0.00886803    0.12271   -0.16352 -0.0167834 0.130906 0.073207  9.80785  35893
             103.488 0.446525 -0.76099  89.8917   3.81994   5.01061 -0.714593 180.013       0       0 -0.13     0 -1.03 0.00966101   0.193001  0.0354211 -0.00432262   0.0196404 -0.00880059   0.133938  -0.168258 -0.0134768  0.135049 0.0709863   9.80781  35724
             103.886  0.461564 -0.758916    89.713   3.85628   5.13703 -0.693521 180.013       0       0 -0.13     0 -1.03  0.107544  0.374489 0.0752981 -0.00454762   0.0189479 -0.00900302   0.132681   -0.16588 -0.0125775 0.134672 0.071956  9.80781  35665
             104.084  0.451592 -0.738494   89.9849   3.85988   5.20174 -0.699991 180.013       0       0 -0.13     0 -1.03 -0.0217206   0.384144 -0.0298979 -0.00387477   0.0197326 -0.00923292    0.134296   -0.168944 -0.00109816  0.135071 0.0709613   9.80781  35830
             104.283 0.449031 -0.73449  90.0327    3.8523    5.2812 -0.698776 180.013       0       0 -0.13     0 -1.03  0.00862674     0.45716 -0.00538195 -0.00349976   0.0195421 -0.00915059     0.13458   -0.170171 -0.00320984  0.135114 0.0704741   9.80782  35877
             104.482  0.450789 -0.732401   90.0707   3.8421  5.35392 -0.68539 180.013       0       0 -0.13     0 -1.03   -0.121786    0.559437 0.000543165 -0.00346974   0.0196012 -0.00912601     0.13839   -0.173522 -0.00972684  0.136416 0.0689766   9.80781  35909
             104.682  0.447021 -0.716306   90.2121   3.83529   5.47432 -0.693244 180.013       0       0 -0.13     0 -1.03 -0.0100062   0.681105 -0.0487802 -0.00319632   0.0196152 -0.00928242    0.138947    -0.17178 -0.00937871  0.136706 0.0696016    9.8078  36159
              104.88 0.454988 -0.70817  90.1399   3.84152   5.54806 -0.689537 180.013       0       0 -0.13     0 -1.03 0.0258854  0.459342  0.110845 -0.00285146   0.0157229 -0.00929974    0.14881  -0.174497 -0.0114023  0.140197 0.0680873   9.80776  35933
             105.079  0.458064 -0.708715   90.3045   3.85559   5.59194 -0.684392 180.013       0       0 -0.13     0 -1.03   0.125164   0.302008 0.00195165 -0.00250832   0.0129662 -0.00922489   0.160532  -0.177862 -0.0084132   0.14433 0.0663163   9.80771  35873
             105.278  0.456955 -0.709097   90.1518   3.83955   5.64904 -0.682199 180.013       0       0 -0.13     0 -1.03 -0.0647873   0.321034  0.0742873 -0.00307845   0.0125069 -0.00941083    0.159755   -0.187722 -0.00521564  0.143581 0.0627794   9.80775  35806
             105.675  0.456165 -0.755158     89.27   3.80933   5.84822 -0.661171 180.013       0       0 -0.13     0 -1.03 -0.0554696   0.659605  0.0803876 -0.00286693   0.0119042 -0.00947016    0.153379    -0.18702 -0.00198331  0.141304 0.0633705   9.80778  35937
             105.874 0.442551 -0.69037  89.6623   3.84464   5.89979 -0.676798 180.013       0       0 -0.13     0 -1.03 0.0992352  0.317586 -0.168302 -0.00395865   0.0131456 -0.00977945    0.160032   -0.184921 0.000582456  0.143571 0.0636877   9.80774  36093
             106.074  0.439558 -0.683322   89.8608  3.88443  5.90767 -0.67807 180.013       0       0 -0.13     0 -1.03  0.197279 0.0545767 0.0774397 -0.00359228   0.0121555 -0.00971829    0.168545   -0.184639 -0.00614984  0.146468 0.0632192    9.8077  36328
             106.272  0.468716 -0.678258   90.9533   3.91035    5.8581 -0.675122 180.013       0       0 -0.13     0 -1.03  0.154883 -0.201568  0.133304 -0.00413315   0.0102088 -0.00985392    0.177965   -0.190588 -0.00105269  0.149437 0.0606811   9.80767  36114
             106.471   0.46943 -0.655479   93.3269   3.92169   5.86679 -0.699354 180.013       0       0 -0.13     0 -1.03 -0.0427831  0.0489424  -0.289857 -0.00437808   0.0110469 -0.00979822  0.169227 -0.190596 0.0103192  0.146378 0.0612093   9.80772  36101
             106.671  0.538744 -0.678929     95.99   3.88547   5.87199 -0.704829 180.013       0       0 -0.13     0 -1.03 -0.164385  0.133234 -0.297282 -0.00484887   0.0108222 -0.00979488   0.169094   -0.19276 0.00663234  0.146235 0.0604063   9.80772  36251
              106.87  0.496991 -0.667283   97.9825   3.79828   5.84967 -0.765475 180.013       0       0 -0.13     0 -1.03  -0.528988 -0.0858223  -0.251874 -0.00581182   0.0100252 -0.00953562  0.170793 -0.197931 0.0068148  0.146823 0.0583718   9.80773  36009
             107.069   0.54292 -0.650273    100.25  3.63851  5.86299 -0.73812 180.013       0       0 -0.13     0 -1.03 -0.850851  0.115002  0.161628 -0.00883936   0.0118767 -0.00948292    0.162713    -0.20351 -0.00862175  0.143576 0.0559287   9.80779  36309
             107.268  0.652328 -0.535723   101.844    3.4559   5.82314 -0.701155 180.013       0       0 -0.13     0 -1.03 -0.822521 -0.220892  0.277108  -0.0106538  0.00855529 -0.00963911    0.169389   -0.211436 -0.00889278 0.146564 0.052764  9.80776  35885
             107.467  0.641951 -0.516198   101.626  3.34046  5.87987 -0.68841 180.013       0       0 -0.13     0 -1.03 -0.614496  0.270731  0.070246 -0.00688021    0.013681 -0.00958004    0.161881   -0.198205 -0.00277199  0.142815 0.0581628   9.80779  35954
             107.666  0.650542 -0.515905   101.646   3.33169   5.95084 -0.684342 180.013       0       0 -0.13     0 -1.03 -0.0445245   0.342491  -0.216389 -0.000616528    0.0134858   -0.0095106    0.168159   -0.184924 -0.00384024  0.144922 0.0641915   9.80772  35817
             107.864  0.658331 -0.511621    101.65   3.33086   5.99364 -0.685368 180.013       0       0 -0.13     0 -1.03 0.00556167   0.236408 -0.0114683 -0.000560305    0.0131676  -0.00950882    0.170697   -0.186038 -0.00947261  0.146078 0.0638289    9.8077  35855
             108.263   0.65665 -0.512346   101.794   3.28447   6.12804 -0.677035 180.013       0       0 -0.13     0 -1.03 -0.145975  0.396515 0.0292746 0.00062719  0.0114965 -0.0095759    0.164959   -0.188485 -0.00866396  0.143754 0.0625145   9.80775  35596
             108.461  0.659815 -0.504005   101.883   3.25277   6.22651 -0.673182 180.013       0       0 -0.13     0 -1.03  -0.154844   0.512652 -0.0213685 0.000469415   0.0103008 -0.00982691   0.161165  -0.186564 -0.0142989    0.1421 0.0631128   9.80777  35523
              108.66  0.658263 -0.496343   101.965   3.23138   6.30741 -0.675367 180.013       0       0 -0.13     0 -1.03 -0.0967472    0.27566  -0.187618 0.000280063   0.0108975 -0.00995771   0.165194  -0.186768 -0.0175593  0.143811 0.0632057   9.80774  35548
             109.059   0.66766 -0.489025   102.243   3.24422    6.4356 -0.678356 180.013       0       0 -0.13     0 -1.03  0.0315929    0.38123 -0.0322062 5.01379e-05   0.0110262  -0.0107534    0.16688  -0.184031 -0.0223119  0.144405 0.0644339   9.80773  35603
             109.257  0.665865 -0.480686   102.328   3.24422   6.49582 -0.673917 180.013       0       0 -0.13     0 -1.03 0.00557418   0.340931  0.0636729 0.000925695   0.0119984  -0.0106201  0.170008 -0.189519 -0.021763  0.145949 0.0622842   9.80772  35506
             109.456  0.674912 -0.475153   102.328   3.22824   6.57499 -0.668766 180.013       0       0 -0.13     0 -1.03 -0.0668865   0.408439  0.0336274 0.00142448  0.0114082 -0.0105433   0.166617  -0.192382 -0.0206758  0.144658 0.0609346   9.80774  35312
             109.656  0.683093 -0.467935   102.241  3.17617  6.66652 -0.65551 180.013       0       0 -0.13     0 -1.03   -0.315217    0.473711 -0.00982168  0.0012052  0.0113615 -0.0106494   0.158844  -0.200599 -0.0224708  0.141793 0.0571548   9.80781  35552
             109.855  0.691183 -0.464692   102.436   3.12011   6.77232 -0.659211 180.013       0       0 -0.13     0 -1.03 -0.322057  0.561625 -0.188117 0.00196568  0.0120326 -0.0108138   0.157903  -0.198166 -0.0233173  0.141304 0.0581296   9.80781  35262
             110.054  0.690673 -0.462823   102.564   3.10285    6.8663 -0.672762 180.013       0       0 -0.13     0 -1.03  -0.02074  0.582332 0.0775665  0.0051922 0.00979116 -0.0107444    0.16602  -0.193377 -0.0280511   0.14449 0.0604342   9.80775  35317
             110.452  0.676238 -0.459698   102.755     3.089   7.03936 -0.661332 180.013       0       0 -0.13     0 -1.03 -0.0906794   0.469535  0.0907543 0.00473838 0.00847346 -0.0112036   0.173282  -0.197641 -0.0224924  0.147667 0.0589628   9.80771  35682
             110.651  0.682221 -0.444706   102.819    3.0791   7.07264 -0.660302 180.013       0       0 -0.13     0 -1.03 -0.0726308   0.149303  0.0556822 0.00542409  0.0124735 -0.0111434    0.186904   -0.204904 -0.00861684 0.153629 0.056558  9.80763  35493
              110.85  0.694916 -0.458035   102.757   3.09293   7.10894 -0.643209 180.013       0       0 -0.13     0 -1.03 0.0973851   0.20779 0.0238537 0.00582252  0.0122898 -0.0111468    0.188045   -0.202565 -0.00886231  0.153999 0.0575685   9.80762  35513
             111.248  0.707252 -0.442264   102.802   3.02752   7.29954 -0.656457 180.013       0       0 -0.13     0 -1.03  -0.174907   0.539893 -0.0212667 0.00483724  0.0141891 -0.0113168    0.172541   -0.206473 -0.00453951  0.147851 0.0553433   9.80773  35715
             111.447   0.70748 -0.434236   103.039    2.9846   7.41524 -0.661072 180.013       0       0 -0.13     0 -1.03   -0.218227    0.623323 -0.00333213 0.00527271  0.0140779   -0.01134    0.170773   -0.207715 -0.00338457  0.147188 0.0547614   9.80774  35731
             111.645  0.686507 -0.401092   103.114   2.99056   7.54727 -0.677868 180.013       0       0 -0.13     0 -1.03 -0.0517798    0.73688  -0.300318 0.00340614  0.0143607 -0.0114318      0.1755   -0.198643 -0.00176443  0.148708 0.0586386    9.8077  35689
             111.846  0.685555 -0.399298   103.225  2.96811  7.65913 -0.66765 180.013       0       0 -0.13     0 -1.03 -0.0487659   0.603091  0.0802085 0.00296891  0.0135195 -0.0113887    0.177893   -0.201581 -0.00564073 0.149797 0.057549  9.80769  36084
             112.044  0.698924 -0.405278   103.333   2.97791   7.72042 -0.661883 180.013       0       0 -0.13     0 -1.03 0.00816712   0.417987   0.141169 0.00253548 0.00919602 -0.0111895    0.187271   -0.205307 -0.00345254  0.153681 0.0564135   9.80763  35938
             112.441  0.705519 -0.397649    103.48   3.00343   7.86389 -0.644021 180.013       0       0 -0.13     0 -1.03 0.0470449  0.414383 0.0336851 0.00218073 0.00714132 -0.0117861   0.192944  -0.207362 0.00307955  0.156024 0.0558162    9.8076  35887
             112.641  0.700122 -0.399222   103.874   2.99623   7.88971 -0.624904 180.013       0       0 -0.13     0 -1.03 0.0495303  0.253317 0.0495532 0.00486366  0.0113071   -0.01169    0.202505     -0.2191 -0.00529292  0.160331 0.0515099   9.80755  36014
              112.84  0.704236 -0.393716   103.849  2.99631  7.92202 -0.61674 180.013       0       0 -0.13     0 -1.03 -0.0452129   0.146633 -0.0201332 0.00457558  0.0110112 -0.0117258    0.203308   -0.220951 -0.00499693  0.160725 0.0508069   9.80755  35547
             113.437   0.70746 -0.379763   104.136    2.9687    8.0807 -0.618172 180.013       0       0 -0.13     0 -1.03 -0.0426399   0.295875  0.0205674 0.00417629 0.00925662  -0.011835    0.200489   -0.217708 -0.00179112  0.159457 0.0519645   9.80757  35924
             113.636 -1.17436 0.650601   104.06  2.88245  8.21332 -0.64279 180.013       0       0 -0.13     0 -1.03 -0.652252  0.507819 -0.104358   0.0107766 -0.00223583  -0.0122436   0.18001 -0.221703  0.022527  0.151489 0.0495959    9.8077  35886
             113.836 -1.15586 0.673755   104.11   2.79317   8.28878 -0.648684 180.013       0       0 -0.13     0 -1.03  -0.454618    0.39759 -0.0171614   0.010531 -0.0020879 -0.0122766  0.183578 -0.219825 0.0218734  0.152797 0.0504878   9.80768  35973
             114.035 -1.15419 0.708925  104.105   2.74628    8.3433 -0.663245 180.013       0       0 -0.13     0 -1.03   -0.207453    0.265762 -0.00278026   0.0128759 -0.00454456  -0.0121967  0.189425  -0.21708 0.0240795   0.15504 0.0517591   9.80764  35508
             114.233 -1.1399 0.72444 104.319   2.76989    8.4271 -0.672955 180.013       0       0 -0.13     0 -1.03  0.169956  0.421814 -0.144274    0.017919 -0.00290094  -0.0123702  0.190435  -0.20416 0.0253866  0.154991 0.0567874   9.80761  35489
             114.433 -1.14182 0.706942   104.26   2.74079   8.53966 -0.656772 180.013       0       0 -0.13     0 -1.03   -0.19209    0.65106 -0.0397393    0.0142891 -0.000209688   -0.0123372  0.180156 -0.209849 0.0180072  0.150984 0.0542283   9.80769  35725
             114.632 -1.13638 0.717779  104.256    2.7034   8.63426 -0.662162 180.013       0       0 -0.13     0 -1.03 -0.247056  0.496647 -0.265765   0.0139078 -0.00171143  -0.0124602   0.18374 -0.211535 0.0162204   0.15236 0.0537139   9.80767  35611
             114.831  -1.1332 0.732029  104.331   2.74826   8.66812 -0.660373 180.013       0       0 -0.13     0 -1.03    0.226267     0.16148 -0.00757606  0.0134583  -0.001154 -0.0124289  0.192565 -0.207515 0.0103094   0.15534 0.0555944   9.80761  35684
             115.029 -1.13407 0.733759   104.63   2.78092   8.73265 -0.672704 180.013       0       0 -0.13     0 -1.03  0.218606  0.276864 -0.123054   0.0138651 -0.00208283  -0.0125968  0.184096  -0.20738 0.0119848  0.152194 0.0553107   9.80766  35500
             115.229 -1.12566 0.748827  104.693   2.77103   8.80055 -0.666067 180.013       0       0 -0.13     0 -1.03 -0.0284266   0.333718 -0.0282347  0.0114384 -0.0011324 -0.0123183    0.174002   -0.217624 -0.00298518  0.148292 0.0510788   9.80775  35736
             115.428 -1.12223 0.746177  104.703   2.70869   8.86962 -0.658583 180.013       0       0 -0.13     0 -1.03    -0.289343     0.326644 -0.000297837  0.00657493 0.000281471  -0.0123151    0.165321   -0.230111 -0.00778083  0.145324 0.0460105   9.80782  35414
             115.627 -1.12391 0.774158  104.847   2.66396    8.9412 -0.666557 180.013       0       0 -0.13     0 -1.03 -0.238491  0.402609 -0.112501  0.00718596 0.000435094  -0.0123952    0.165826   -0.228481 -0.00736296  0.145466 0.0466476   9.80781  35453
             115.827 -1.12192 0.770726  104.674   2.60629   9.03445 -0.662717 180.013       0       0 -0.13     0 -1.03 -0.275671  0.527819 0.0704631   0.0070193 0.000988614  -0.0118013    0.164873   -0.228626 -0.00970343  0.145033 0.0465679   9.80782  35684
             116.224  -1.1295 0.817582  104.856   2.55367   9.17089 -0.667846 180.013       0       0 -0.13     0 -1.03 -0.0935976   0.361341 -0.0315927    0.0072524 -0.000823395     -0.01202   0.180829  -0.231124 -0.0042258  0.151247 0.0462136   9.80772  35229
             116.423 -1.12864 0.809172  104.769   2.57276   9.15543 -0.670159 180.013       0       0 -0.13     0 -1.03   0.141742  -0.127643 0.00322525 0.00659163  0.0044815 -0.0118171    0.202654    -0.23569 -0.00521081  0.159446 0.0453577    9.8076  34938
             116.821 -1.13161 0.800118  104.719   2.60357   9.11997 -0.665977 180.013       0       0 -0.13     0 -1.03  0.0922234 -0.0975041  0.0167328 0.00729443 0.00363431  -0.011749    0.198975   -0.237314 -0.00536672  0.158151 0.0446158   9.80762  35035
             117.021 -1.12588 0.793258  104.675   2.61327   9.11135 -0.662548 180.013       0       0 -0.13     0 -1.03 0.0800262 -0.060094 0.0171735 0.00776052 0.00274996 -0.0116849    0.196453   -0.237866 -0.00552268  0.157254 0.0443229   9.80764  34961
              117.22 -1.12958 0.788973  104.652    2.6211   9.11342 -0.662142 180.013       0       0 -0.13     0 -1.03  0.0773002  -0.015447 0.00161088 0.00800744 0.00186951 -0.0115253     0.19203    -0.23831 -0.00481167  0.155698 0.0440083   9.80767  34340
             117.419 -1.13156 0.787643  104.626   2.62665   9.10708 -0.664884 180.013       0       0 -0.13     0 -1.03  0.0644091 -0.0445115 -0.0151813 0.00866572 0.00169507 -0.0113988    0.189829    -0.24223 -0.00369649  0.155075 0.0425211   9.80768  34013
             117.619 -1.13194 0.785938   104.58   2.61501   9.12099 -0.665474 180.013       0       0 -0.13     0 -1.03 -0.0421184  0.0714921 0.00806433  0.00943567 0.000453282   -0.011402    0.180244   -0.244788 -0.00461793  0.151692 0.0412894   9.80774  34054
             117.817 -1.13324 0.787007  104.589   2.60774   9.11398 -0.667818 180.013       0       0 -0.13     0 -1.03 -0.00721119  -0.0416847   -0.011472  0.00927118 0.000298339  -0.0113047    0.181568   -0.246021 -0.00437783  0.152206 0.0408886   9.80773  33752
             118.016 -1.13388 0.786417  104.569   2.60807   9.11377 -0.668464 180.013       0       0 -0.13     0 -1.03   0.0310382  -0.0237877 -0.00296863  0.00909565 0.000587457  -0.0111013    0.179673   -0.245457 -0.00485649  0.151507 0.0410374   9.80774  33732
             118.216 -1.13267 0.788685  104.569   2.61635   9.12064 -0.666029 180.013       0       0 -0.13     0 -1.03  0.0709941 0.00999748  0.0130335  0.00895475 0.000483779  -0.0109804     0.17582   -0.243784 -0.00604635  0.150066 0.0415209   9.80776  33890
             118.415 -1.13285 0.789113  104.548  2.62405  9.12698 -0.66561 180.013       0       0 -0.13     0 -1.03  0.0728768  0.0152128 0.00122061  0.00922296 0.000103889  -0.0108698    0.172324   -0.245606 -0.00529775 0.148914 0.040778  9.80778  33617
             118.615 -1.13092  0.78832  104.546   2.61757   9.11705 -0.663355 180.013       0       0 -0.13     0 -1.03  0.0502267 -0.0496899 0.00867797   0.0102784 0.000377334  -0.0108562    0.172051    -0.25189 -0.00599292  0.148982 0.0385681   9.80779  33900
             118.813  -1.1308 0.788808   104.56   2.61513   9.10953 -0.663929 180.013       0       0 -0.13     0 -1.03   0.0171402  -0.0511178 -0.00188771   0.0100812 0.000410816  -0.0107696    0.171063   -0.252809 -0.00587404  0.148665 0.0382219    9.8078  33701
             119.013 -1.13053 0.790582  104.558   2.61775   9.11232 -0.663399 180.013       0       0 -0.13     0 -1.03  0.0426222 -0.0105252 0.00289068 0.00989983 0.00106548 -0.0106627   0.168688  -0.252297 -0.0061139  0.147832 0.0383461   9.80781  33939
             119.212 -1.12937 0.791214  104.592   2.61898   9.11708 -0.661609 180.013       0       0 -0.13     0 -1.03  0.0410442 0.00378047 0.00956913 0.00965614 0.00113725 -0.0105669    0.165186   -0.253678 -0.00653266 0.146655 0.037793  9.80783  33767
             119.411 -1.12618 0.794142  104.608   2.61801   9.11243 -0.661461 180.013       0       0 -0.13     0 -1.03   0.0288598  -0.0331693 0.000233198 0.00997311 0.00109084  -0.010491    0.163811   -0.257803 -0.00587257  0.146307 0.0363488   9.80784  33857
             119.611 -1.13011 0.791308  104.612   2.61694   9.11295 -0.662652 180.013       0       0 -0.13     0 -1.03   0.0350015  -0.0163478 -0.00739986   0.0101743 0.000727749  -0.0104858    0.160819   -0.258579 -0.00551799  0.145318 0.0360089   9.80786  34011
             119.809 -1.12679 0.790531  104.611   2.62497   9.11597 -0.661469 180.013       0       0 -0.13     0 -1.03 0.0656732 0.0016582  0.006538  0.00999134 0.000767003  -0.0103352    0.160107   -0.258429 -0.00567415  0.145068 0.0360446   9.80786  33785
             120.009 -1.12645 0.794261  104.606  2.62945   9.1141 -0.66009 180.013       0       0 -0.13     0 -1.03  0.0601614 -0.0207416 0.00712113  0.00961748 0.000785345  -0.0101867     0.15877   -0.260645 -0.00570818 0.144666 0.035275  9.80787  33922
             120.208 -1.12622 0.797411  104.681   2.61717   9.12457 -0.660907 180.013       0       0 -0.13     0 -1.03  -0.0142423   0.0264418 -0.00587323   0.0097626 0.000458139  -0.0101772    0.149938   -0.265558 -0.00491616  0.141847 0.0334401   9.80792  33643
             120.408 -1.13169 0.805691  104.777   2.60128   9.13279 -0.665675 180.013       0       0 -0.13     0 -1.03 -0.0466036  0.0257137 -0.0250574  0.0101914 0.00012195 -0.0101912    0.145856   -0.269276 -0.00359655  0.140606 0.0321037   9.80794  33417
             120.607 -1.12869 0.790851  104.734   2.60555   9.13198 -0.663316 180.013       0       0 -0.13     0 -1.03   0.040088 -0.0115229 0.00853153  0.00978763 0.000439763  -0.0101629    0.148816   -0.267184 -0.00564922  0.141486 0.0328769   9.80792  33213
             120.805 -1.12516 0.793799  104.738   2.62805   9.11375 -0.661838 180.013       0       0 -0.13     0 -1.03   0.134493  -0.100557 0.00770367 0.00967058 0.00032035 -0.0100377   0.150231  -0.267072 -0.0056086  0.141953 0.0329434   9.80792  31321
             121.005 -1.12446 0.791236  104.732   2.63986   9.09601 -0.661956 180.013       0       0 -0.13     0 -1.03   0.0993605   -0.103773 -0.00144495  0.00919075 0.000488606 -0.00992497    0.147742   -0.269653 -0.00511985  0.141202 0.0320502   9.80793  29989
