            0.597279 0 0 0  -0.0320171 0.000203996  0.00134972 180.013       0       0 -0.13     0 -1.03   -0.158687   0.0118169 -0.00169184 7.54558e-05 -0.00048647 -0.00222375 0 0 0 0.131579 0.209108  9.80589 
            0.795936  -0.00499584    -0.111191 -0.000131075 -0.0286785 -0.0120989 0.00297885 180.013       0       0 -0.13     0 -1.03  -0.152703 0.00347426  0.0297936  7.52138e-05 -0.000487208  -0.00222381 -2.44705e-06  8.40807e-07  1.18476e-07 0.131581 0.209108  9.80589 
            0.994579 -0.00499847   -0.111149   0.0297498   0.0172089  -0.0233604 0.000389679 180.013       0       0 -0.13     0 -1.03   0.0627064  -0.0171619 -0.00153238 7.31211e-05 -0.00037159 -0.00220394  -0.0001016 1.61776e-05 8.23027e-06 0.131677 0.209093  9.80589 
             1.19326 -0.00561641    -0.10753    0.139893     0.127145 -0.000392344   0.00115283 180.013       0       0 -0.13     0 -1.03   0.302871  0.0446159 0.00212902 0.000387629 -0.00161808 -0.00253699   -0.0611937   -0.0180738 -0.000270175  0.19039 0.226443  9.80454 
             1.39188 -0.00276247   -0.102271    0.327023   0.157253 -0.0504809 0.00453339 180.013       0       0 -0.13     0 -1.03  0.219967  -0.10881 0.0157594 -0.000585358   -0.0012114  -0.00270284 -0.0367433  0.0366507 -0.0035938 0.166746 0.173857  9.80604 
             1.59185 -0.000271027   -0.0969203     0.330299   0.210869 -0.0852349 0.00517017 180.013       0       0 -0.13     0 -1.03   0.233293  -0.140276 0.00705233 -0.000882339  -0.00148131  -0.00310086  -0.0470965   0.0473857 0.000764974 0.176841 0.163674  9.80604 
             1.79052 0.00151617 -0.0989639   0.607049    0.110643  -0.0826096 -0.00199681 180.013       0       0 -0.13     0 -1.03  -0.118266 -0.0724351 -0.0223673 -0.000533346  0.000408955  -0.00318062  0.0467072  0.0256463 0.00837969 0.0868574  0.184293   9.80688 
             1.99051 -0.000583687    -0.100441     0.467958   0.111515  -0.027235 0.00969772 180.013       0       0 -0.13     0 -1.03 -0.0858146   0.112801  0.0469237  0.000415803 -0.000103456  -0.00298294    0.0310279   -0.0125671 -0.000282974 0.101387 0.220927  9.80599 
             2.18913  -0.003581 -0.0991776   0.489989    0.177521  0.00202299 0.000422612 180.013       0       0 -0.13     0 -1.03   0.103905   0.129638 -0.0229334  0.000522611 -0.000895425  -0.00295787 -0.00881045  -0.0145555   0.0146069 0.139667 0.223709  9.80545 
             2.38778 -0.00555476  -0.0927692      0.4339    0.281897   0.0274258 0.000810017 180.013       0       0 -0.13     0 -1.03   0.299364   0.146241 -0.0290225 0.000579816 -0.00141437 -0.00288391 -0.0437877 -0.0123016  0.0090893 0.173127 0.221996  9.80496 
             2.58644 -0.00262377  -0.0866745    0.415458   0.383187 -0.0269613 0.00403672 180.013       0       0 -0.13     0 -1.03   0.416354 -0.0527741 -0.0247787 0.000165205 -0.00147861 -0.00307725  -0.0597744   0.0241427 0.000521254 0.188809 0.187165   9.8054 
             2.78509 0.000793649  -0.0841392    0.567079   0.340068  -0.073929 0.00455041 180.013       0       0 -0.13     0 -1.03    0.123915    -0.16187 -0.00862973  1.59093e-05 -0.000892593  -0.00294158  -0.0115496   0.0384527 -0.00242222 0.142843 0.172815  9.80644 
              2.9851 0.00308279 -0.0827527   0.463338    0.35699 -0.0817035 0.00950816 180.013       0       0 -0.13     0 -1.03  0.114224 -0.101673 0.0290144  0.000230995 -0.000841126  -0.00294367 -0.00828201   0.0285337 -0.00566272 0.139523 0.182192  9.80632 
             3.18379 0.00160941 -0.0803215   0.615008   0.426743 -0.0283621 0.00899084 180.013       0       0 -0.13     0 -1.03   0.238927  0.0702309 -0.0208261 0.000718936 -0.00100478 -0.00327576  -0.0249244 -0.00134798 -0.00438004 0.155105 0.210887  9.80551 
             3.38239 -0.00146219  -0.0797221    0.551744    0.405627  0.00935399 0.000946474 180.013       0       0 -0.13     0 -1.03  0.0464496   0.115321 -0.0457602  0.000962584 -0.000546005  -0.00296771 -0.00222132  -0.0117088 -0.00353219 0.133353 0.220542  9.80561 
             3.58234 0.00200677 -0.0751456   0.599788   0.493981 -0.0530464 0.00674883 180.013       0       0 -0.13     0 -1.03    0.228024   -0.088445 -0.00618952 0.000259039  -0.0012279 -0.00309697 -0.0276695  0.0167388 -0.0145436 0.158047 0.193702  9.80581 
             3.97968 0.00512219  -0.068403   0.668952   0.629757 -0.0832511 0.00324589 180.013       0       0 -0.13     0 -1.03    0.309514  -0.0952176 -0.00310887 0.000176872 -0.00141907 -0.00329883 -0.0357179  0.0151625  -0.017944 0.165618 0.195282  9.80566 
              4.1783 -0.000961342   -0.0618022     0.998358   0.602007 0.00913342  0.0169741 180.013       0       0 -0.13     0 -1.03  0.149111  0.119285 0.0454958   0.00119935 -0.000402437  -0.00398715  -0.0196948 -0.00532783  -0.0238471 0.150015 0.214442  9.80551 
             4.37839 -0.000237643   -0.0581977     0.825373    0.642905 -0.00791054   0.0119249 180.013       0       0 -0.13     0 -1.03    0.14702  0.0181692 0.00346157  0.000889613 -0.000561637  -0.00371126 -0.0224289 0.00357195 -0.0162289  0.15295 0.206195  9.80564 
             4.77559 0.000801333  -0.0528214    0.899355    0.713418  -0.0529793 -0.00866069 180.013       0       0 -0.13     0 -1.03   0.160413 -0.0906733 -0.0517398  0.000769354 -0.000739233  -0.00381449 -0.0239879  0.0130403 -0.0161793 0.154874 0.197317  9.80579 
             4.97431  0.0034823 -0.0392709   0.801543   0.790398 -0.0523366  0.0210344 180.013       0       0 -0.13     0 -1.03   0.226318 -0.0394008  0.0575711   0.0010206 -0.00133657 -0.00361261  -0.032034  0.0102442 -0.0294011 0.162109 0.200035  9.80562 
             5.37297 0.00494538 -0.0318287    0.80817   0.837036 -0.0515673 0.00740482 180.013       0       0 -0.13     0 -1.03    0.138842 -0.00628895 -0.00738368  0.00111108 -0.00110058 -0.00362542 -0.0272908 0.00765888 -0.0208859 0.157717 0.202446  9.80564 
             5.57159 0.00362215  -0.023146    1.08323   0.916676 -0.0330867  0.0191517 180.013       0       0 -0.13     0 -1.03  0.244149 0.0684308 0.0102276  0.00137322 -0.00172566   -0.003897 -0.0338143 0.00590411 -0.0243484 0.163725 0.204237  9.80551 
             5.97028 0.00161471 -0.0199593    1.34605    1.10923  0.0189393 -0.0143165 180.013       0       0 -0.13     0 -1.03  0.441786  0.106963 -0.113139  0.00164346 -0.00237806 -0.00461623 -0.0423796 0.00283376 -0.0226224 0.171677 0.207435   9.8053 
             6.16756 -0.00902087  -0.0177624    -2.11904  0.939551  0.111448 0.0310671 180.013       0       0 -0.13     0 -1.03 -0.0503977   0.286909   0.136181   0.00204345 -0.000966673  -0.00543278  -0.0116319 -0.00633208  -0.0364144 0.142513 0.215504   9.8056 
             6.36621 -0.0309414 -0.0311283   -2.90912  0.831151   0.25439 0.0136813 180.013       0       0 -0.13     0 -1.03    -0.28502    0.480465 -0.00350276   0.00200248 -0.000585089  -0.00601737 0.00329726 -0.0170259  -0.020251 0.131196 0.228109  9.80547 
              6.5662 -0.0401223 -0.0286977   -1.63183   0.89539  0.298368 0.0190049 180.013       0       0 -0.13     0 -1.03 -0.0207805   0.360125  0.0571509  0.00222812 -0.00061948 -0.00738789 -0.0160279 -0.0121968 -0.0197966 0.146835 0.218254  9.80547 
             6.76483 -0.0411538  -0.021107   -1.05242   1.00999   0.24445 0.0184251 180.013       0       0 -0.13     0 -1.03  0.269338  0.100428 0.0448704   0.00275944 -0.000185352  -0.00769038 -0.0365745 0.00562136 -0.0164468 0.160262  0.19682  9.80572 
             6.96486 -0.0419072 -0.0170595   -1.02214   1.06309  0.237537 0.0189599 180.013       0       0 -0.13     0 -1.03   0.262222 -0.0109144  0.0199467   0.00274939 -0.000236759  -0.00771918 -0.0366669 0.00849316 -0.0152143 0.159866 0.194199  9.80577 
             7.16353 -0.0441456 -0.0139811   -1.06495   1.07823  0.255759 0.0098337 180.013       0       0 -0.13     0 -1.03   0.168714  0.0399917 -0.0230782  0.00269975  -0.0002843 -0.00778921 -0.0313335 0.00555341 -0.0138493 0.155329 0.197539  9.80578 
             7.36217  -0.0423569 -0.00818093   -0.576079   1.13939  0.229047 0.0185837 180.013       0       0 -0.13     0 -1.03   0.246168 -0.0477288 -0.0258314   0.00264897 -0.000197175  -0.00877022 -0.0351389  0.0101832 -0.0183281 0.158228 0.192807  9.80583 
             7.56075  -0.0383014 -0.00102554   -0.145869   1.17623  0.211208 0.0229067 180.013       0       0 -0.13     0 -1.03   0.262839 -0.0479255  0.0949753   0.00263807 -0.000222821   -0.0104131 -0.0322408  0.0119522 -0.0179745 0.155355 0.191586   9.8059 
             7.75947  -0.0499128 0.000223633    -1.24604   1.15395  0.223553 0.0159778 180.013       0       0 -0.13     0 -1.03    0.11679 -0.0433121 -0.0149365  0.00281646 0.000214191  -0.0108317 -0.0213696   0.008522 -0.0145386 0.145991 0.196185  9.80595 
             7.95805  -0.0427064 -0.00758306    -3.16074     1.1875   0.248379 0.00417809 180.013       0       0 -0.13     0 -1.03  0.143205 0.0664942 -0.113482  0.00309561 5.58052e-05  -0.0112931 -0.0220968 0.00445682 -0.0157625 0.147274 0.199712  9.80586 
             8.15673  -0.0476047 -0.00450368    -5.24081    1.1976  0.196568 0.0143914 180.013       0       0 -0.13     0 -1.03  0.0847151  -0.118584 -0.0683685  0.00267348 0.000180895  -0.0116005 -0.0213716  0.0107916 -0.0236953 0.144704 0.194319  9.80601 
             8.35541  -0.0639315 -0.00484825     -6.6632    1.19898   0.290062 0.00125097 180.013       0       0 -0.13     0 -1.03 0.0299465  0.100734 -0.169438  0.00299796 0.000326176  -0.0119671    -0.016488 -0.000362616   -0.0263603 0.146148 0.205321  9.80576 
             8.55407 -0.0628041 -0.0230019   -8.92578   1.11545  0.279884 0.0236991 180.013       0       0 -0.13     0 -1.03  -0.25894 0.0906468 0.0839358  0.00278572 0.000287573  -0.0120516 -0.0106873 0.00596736 -0.0338787 0.138174 0.204488  9.80589 
             8.75265 -0.0457331 -0.0288088     -10.21   1.03395  0.155517 0.0152478 180.013       0       0 -0.13     0 -1.03  -0.282736  -0.284856 -0.0984128  0.00253262 0.000240279  -0.0122724 -0.0134753  0.0188807 -0.0330025 0.130589 0.195144  9.80619 
             8.95143 -0.0415655 -0.0210014    -9.8353   1.22836  0.105268 0.0201407 180.013       0       0 -0.13     0 -1.03   0.321503  -0.325682 -0.0149995   0.00292223 -8.68144e-05   -0.0131491 -0.0333714 0.00368071 -0.0357701 0.151748  0.18616  9.80606 
             9.15141 -0.0451027 -0.0137287   -8.90336   1.30294    0.1325 0.0342387 180.013       0       0 -0.13     0 -1.03   0.379001 -0.0881515  0.0797544  0.00314217 3.01599e-05  -0.0135398 -0.0275941 -0.0065988 -0.0385353 0.157715 0.195044  9.80579 
             9.35002  -0.0481798 -0.00843665    -8.88519   1.32734  0.168063 0.0128715 180.013       0       0 -0.13     0 -1.03   0.219116  0.0622781 -0.0897523  0.00310607 9.38585e-05  -0.0135726  -0.0203434 -0.00881224  -0.0356653 0.156087 0.201744  9.80568 
             9.54868  -0.0504423 -0.00849818    -8.68506   1.26561  0.192167 0.0388708 180.013       0       0 -0.13     0 -1.03 -0.069562 0.0709972   0.15671  0.00315436 0.000368568  -0.0137519 -0.00874513 -0.00413975  -0.0429581 0.146468 0.207621  9.80571 
             9.74733  -0.0494553 -0.00603131    -8.57641   1.31229  0.160007 0.0434896 180.013       0       0 -0.13     0 -1.03  0.0519375 -0.0270133  0.0827266  0.00316138 0.000126062  -0.0137563  -0.0181092 -0.00297347  -0.0372765 0.150886 0.200472  9.80579 
             9.94725   -0.0479222 -2.28918e-05     -8.44941   1.41955  0.113809 0.0335284 180.013       0       0 -0.13     0 -1.03  0.268085 -0.105783  0.036398  0.00322928 7.61135e-05  -0.0139272   -0.029547 -0.00455617   -0.030514 0.158463 0.193503  9.80581 
              10.146 -0.0494081 0.00430391   -8.45782   1.43949  0.142641 0.0385371 180.013       0       0 -0.13     0 -1.03  0.193257 0.0386648 0.0724414  0.00325012 0.000104023  -0.0137056  -0.0238022 -0.00737631  -0.0282122 0.157182 0.199072  9.80572 
             10.3446 -0.0519533 0.00942343   -8.51284   1.46812  0.140769 0.0281023 180.013       0       0 -0.13     0 -1.03      0.1564 -0.00566541  -0.0685635  0.00302591 0.000152622  -0.0136138 -0.0234914 -0.0061517 -0.0242673  0.15621 0.198603  9.80575 
             10.5432 -0.0536599  0.0140308   -8.36193   1.53646  0.137244 0.0243081 180.013       0       0 -0.13     0 -1.03   0.234707 0.00720476 -0.0033094  0.00302128 0.000181328  -0.0137799  -0.0274331 -0.00826082  -0.0256395  0.15989 0.197131  9.80572 
             10.7432 -0.0550129  0.0199244   -8.44689   1.59173  0.109882 0.0449499 180.013       0       0 -0.13     0 -1.03   0.245835 -0.0982507  0.0962644  0.00302415 0.000142793  -0.0136329  -0.0293467 -0.00706761  -0.0288296 0.160133 0.195111  9.80575 
             10.9418 -0.0538418  0.0235288    -8.3573   1.62706  0.101316 0.0296522 180.013       0       0 -0.13     0 -1.03   0.222164 -0.0752485 -0.0366345 0.00299195 0.00017729 -0.0137188   -0.027552 -0.00725071  -0.0243836 0.159294 0.196468  9.80574 
             11.1405 -0.0536027  0.0274759   -8.30011   1.64479 0.0813398 0.0304945 180.013       0       0 -0.13     0 -1.03    0.17549  -0.101326 -0.0237249  0.00287034 0.000243875  -0.0136823  -0.0254438 -0.00545527   -0.026616  0.15688 0.196829  9.80577 
             11.3405 -0.0559071  0.0299292   -8.39953  1.66818 0.107453 0.041042 180.013       0       0 -0.13     0 -1.03    0.13255 -0.0198807  0.0159895 0.00297515 0.00028844 -0.0135369 -0.0222522 -0.0101772 -0.0295536 0.158126 0.201602  9.80565 
             11.5393 -0.0586452  0.0364776   -7.96905   1.74276  0.126117 0.0355826 180.013       0       0 -0.13     0 -1.03  0.232181 0.0518029 0.0150791  0.00305791 0.000367794  -0.0138449 -0.0261871 -0.0146658 -0.0274693  0.16333 0.201649  9.80557 
             11.7379 -0.0616935  0.0402315   -7.92096   1.77565  0.114811 0.0367004 180.013       0       0 -0.13     0 -1.03   0.205322 0.00857946  0.0173889  0.00300554 0.000309249  -0.0138759  -0.025864 -0.0117497 -0.0281219 0.161244 0.200178  9.80563 
             11.9378 -0.0590179   0.042168   -8.03144   1.80787 0.0899078 0.0414538 180.013       0       0 -0.13     0 -1.03   0.186985 -0.0333225  0.0248199  0.00302398 0.000445356  -0.0135573  -0.0265778 -0.00885263  -0.0287037 0.159855  0.19802   9.8057 
             12.1365 -0.0619974  0.0474647   -7.95258   1.84218  0.136064 0.0384046 180.013       0       0 -0.13     0 -1.03   0.168652   0.115608 -0.0191958  0.00307981 0.000457682  -0.0136606 -0.0242825 -0.0136938 -0.0271341 0.161454 0.202347  9.80558 
             12.3351 -0.0652056  0.0502857    -7.9548   1.85805  0.150299 0.0437367 180.013       0       0 -0.13     0 -1.03   0.14489  0.109849 0.0553305  0.00284984 0.000518085  -0.0136018   -0.02299 -0.0115911 -0.0276743  0.15938 0.201907  9.80563 
             12.5351 -0.0658015  0.0546053   -7.95043   1.87056   0.12476 0.0406652 180.013       0       0 -0.13     0 -1.03   0.109054 -0.0243817  0.0150827  0.00279561 0.000503028  -0.0135329  -0.0230321 -0.00677619  -0.0258644 0.156485 0.199039  9.80573 
             12.7338 -0.0685629   0.060197   -7.51163   1.96521  0.143661 0.0367706 180.013       0       0 -0.13     0 -1.03   0.276392  0.0856077 -0.0304229  0.00280931 0.000368519  -0.0141403 -0.0284126 -0.0108819 -0.0258203 0.162161 0.198214  9.80566 
             12.9325 -0.0683026  0.0648768   -6.83556   1.96047  0.152442 0.0306108 180.013       0       0 -0.13     0 -1.03   0.130501   0.100033 -0.0318673  0.00267422 0.000596238  -0.0153382  -0.0242546 -0.00751908  -0.0274032 0.157668 0.198804  9.80572 
             13.1311 -0.0856297  0.0692748   -8.14648   1.84092  0.276035 0.0550842 180.013       0       0 -0.13     0 -1.03 -0.221401  0.364752  0.166199 0.00288426 0.00116041 -0.0157503 -0.00908529 -0.00999334  -0.0307304 0.150252 0.209332  9.80561 
             13.3297 -0.0927047  0.0599962   -8.69292   1.67855  0.330885 0.0490316 180.013       0       0 -0.13     0 -1.03   -0.454284    0.306823 6.21482e-05  0.0027075 0.00154398 -0.0161084 -0.000447279  -0.00457662   -0.0264252 0.142011 0.211577  9.80569 
             13.5284 -0.102509 0.0517376  -9.59626   1.70991  0.374499 0.0438313 180.013       0       0 -0.13     0 -1.03 -0.237303  0.284448  0.109708 0.00275532 0.00147451 -0.0165175 -0.00903982  -0.0078603  -0.0238715 0.148584 0.207605  9.80568 
             13.7284 -0.113917 0.0531389  -9.79158    1.7347   0.46145 0.0536296 180.013       0       0 -0.13     0 -1.03 -0.0836288   0.418886  0.0704345 0.00277036 0.00136203 -0.0169365  -0.012552 -0.0120065 -0.0224781 0.153133 0.206937  9.80562 
              13.927  -0.13173 0.0533403  -10.4976   1.69243  0.596089 0.0426061 180.013       0       0 -0.13     0 -1.03 -0.121556  0.556168 0.0536426 0.00256645 0.00157727 -0.0174673 -0.0092229 -0.0135823 -0.0183267 0.153022 0.210046  9.80556 
             14.1256 -0.147962 0.0496762  -11.8963   1.59048  0.767091 0.0408576 180.013       0       0 -0.13     0 -1.03 -0.304126  0.758337 0.0487303 0.00262583 0.00158981 -0.0176632 -0.00174473  -0.0134333   -0.015859 0.150299 0.215738  9.80548 
             14.3244 -0.156953 0.0483555  -12.4719   1.66775  0.777431 0.0365965 180.013       0       0 -0.13     0 -1.03 0.0272833  0.424992 0.0595711 0.00247063 0.00145474  -0.018142 -0.0180674 -0.0107697  -0.012823 0.15262 0.20203 9.80573 
             14.5243  -0.15535 0.0467637  -13.9696   1.61519  0.717275 0.0317873 180.013       0       0 -0.13     0 -1.03 -0.115262  0.105303  0.019392 0.00224457 0.00138052 -0.0183131 -0.0233023 0.00338572 -0.0101156 0.141739 0.195178  9.80603 
              14.723 -0.163358 0.0495764  -14.7554   1.62964  0.845005 0.0472964 180.013       0       0 -0.13     0 -1.03 -0.0592986   0.402494   0.172314 0.00224608 0.00144191  -0.018648   -0.019306 -0.00559847 -0.00966745 0.149015 0.199459  9.80584 
             14.9229 -0.172909 0.0487885  -15.8395   1.69565  0.937365 0.0502093 180.013       0       0 -0.13     0 -1.03 0.130718 0.416801 0.154914 0.00215767 0.00154162 -0.0190173  -0.0224233  -0.0107735 -0.00559481 0.153495  0.19678  9.80582 
             15.3202  -0.18998 0.0558547  -17.0479    1.91061     1.1045 0.00677841 180.013       0       0 -0.13     0 -1.03   0.418027   0.463924 -0.0586955 0.00227169 0.00153438 -0.0192378 -0.0291611 -0.0175719 0.00189422 0.158866 0.190426  9.80586 
             15.5189 -0.229046 0.0754218  -18.8171   2.06379   1.27382 0.0195942 180.013       0       0 -0.13     0 -1.03  0.524486  0.634203 -0.112967 0.00306045 0.00115223 -0.0194863   -0.0276423   -0.0242102 -0.000828395 0.164869 0.190431  9.80577 
             15.7189  -0.23753 0.0838234  -18.6733   2.06623   1.24036 0.0255982 180.013       0       0 -0.13     0 -1.03  0.257578  0.267005 0.0271054 -0.000535542     0.001786   -0.0195375  -0.0369954  -0.0075659 -0.00398362 0.148064 0.187883  9.80608 
             15.9175 -0.241323 0.0903184  -18.5304   2.08703   1.17901 0.0328918 180.013       0       0 -0.13     0 -1.03   0.215768 0.00382205  0.0316104 -8.88953e-05   0.00150949   -0.0195562  -0.0422922  -0.0016004 -0.00386468 0.141619 0.184976  9.80623 
             16.1163 -0.241101  0.094752  -18.4097    2.1446   1.12535 0.0187865 180.013       0       0 -0.13     0 -1.03   0.258748 -0.0834423 -0.0499811 0.000350297  0.00168562  -0.0195876  -0.0476678 0.000481849 -0.00133555 0.138568 0.180939  9.80635 
             16.3148 -0.244332   0.10123  -18.3119   2.18373   1.13703 0.0303759 180.013       0       0 -0.13     0 -1.03    0.22284 -0.0477237  0.0424922 0.000284302  0.00150295  -0.0194761   -0.0428423 -0.000918103  -0.00554196 0.140873 0.184622  9.80625 
             16.5148 -0.245834  0.108483  -18.2153   2.26655   1.09351 0.0280796 180.013       0       0 -0.13     0 -1.03   0.353113  -0.106727 -0.0438997 0.000428676  0.00149682  -0.0195363  -0.0494788 -0.00247926 -0.00450397 0.140702   0.1787  9.80636 
             16.7135 -0.245257  0.111284  -18.2398   2.24623   1.06568 0.0101836 180.013       0       0 -0.13     0 -1.03  0.102083 -0.129875 -0.139465 0.00041171 0.00114951 -0.0194001  -0.0446165  0.00574756 -0.00456445 0.134827 0.184533  9.80634 
             16.9122 -0.247141  0.117549  -18.2781   2.31181   1.06181 0.0240366 180.013       0       0 -0.13     0 -1.03   0.206311 -0.0724748 -0.0293132 0.000386514  0.00134644  -0.0191906  -0.0454908 0.000798003 -0.00985115 0.138886 0.182807  9.80631 
             17.1108 -0.250141  0.125739  -18.2487   2.40401   1.03036 0.0242893 180.013       0       0 -0.13     0 -1.03    0.37018  -0.116197 -0.0277763 0.000563186  0.00124768  -0.0190865  -0.0493533 -0.00268395  -0.0115629 0.141029 0.178842  9.80636 
             17.3095 -0.251906  0.132432  -18.2159   2.45991   1.01634 0.0219127 180.013       0       0 -0.13     0 -1.03   0.353686  -0.108137 -0.0676276 0.000654173  0.00147084  -0.0190383  -0.0468011 -0.00135988  -0.0134352 0.140494 0.181227  9.80632 
             17.5081 -0.250244  0.138116  -18.0225   2.46331   1.00085 0.0229654 180.013       0       0 -0.13     0 -1.03   0.268897 -0.0540431 -0.0549919 0.000339081  0.00216915  -0.0190485 -0.0422296 0.00605301 -0.0159561 0.135312 0.186559  9.80629 
             17.7067  -0.2565 0.143062  -17.961   2.54268   1.03561 0.0228994 180.013       0       0 -0.13     0 -1.03  0.318992 0.0727286 -0.055982 0.000601198  0.00203823  -0.0190054 -0.0403587 0.00146112 -0.0182818 0.139527 0.187185  9.80622 
             17.9068 -0.262076  0.151249  -17.3384   2.72917   1.04588 0.0310837 180.013       0       0 -0.13     0 -1.03  0.635587  0.104842 0.0183273 0.000755269  0.00146765  -0.0196471  -0.0473361 -0.00740664  -0.0199039 0.145607 0.179796  9.80627 
             18.1054 -0.257059  0.163081  -16.5863   2.73464  0.995474 0.0296109 180.013       0       0 -0.13     0 -1.03    0.360748 -0.00167673   0.0407132 -9.08329e-05   0.00188943   -0.0204427 -0.0472078 0.00780137 -0.0185099 0.133032 0.182686   9.8064 
             18.3041 -0.256104  0.168363  -17.0507   2.70081  0.988635 0.0397108 180.013       0       0 -0.13     0 -1.03  0.0751187 -0.0327682  0.0811442 -0.000368018   0.00233579   -0.0208988 -0.0425381  0.0156884 -0.0185443 0.127228 0.187691  9.80638 
             18.5027 -0.254514  0.180037  -17.4203    2.8084  0.962953 0.0314991 180.013       0       0 -0.13     0 -1.03    0.302713   -0.096391 -0.00520556 -0.000354499   0.00219616   -0.0211965 -0.0477796   0.010706 -0.0163765 0.130592  0.18281  9.80643 
             18.7013 -0.255172  0.189452  -16.2258   2.82814  0.874163 0.0163023 180.013       0       0 -0.13     0 -1.03  0.244122  -0.27224 -0.121155 -0.000409172   0.00213582   -0.0216925 -0.0496907  0.0156707 -0.0158955 0.126256 0.181939   9.8065 
             18.9013 -0.25453 0.199217 -15.9391   2.87574  0.925708 0.0363931 180.013       0       0 -0.13     0 -1.03   0.206536 -0.0348438   0.107357 -0.000298527   0.00193202   -0.0217787 -0.0444241  0.0110702 -0.0190585 0.130583 0.185699  9.80637 
                19.1 -0.257139  0.206571  -15.8314   2.94282  0.932036 0.0274028 180.013       0       0 -0.13     0 -1.03   0.316857   0.023671 -0.0345871 -0.000203158   0.00186653   -0.0215911 -0.0446496 0.00936931 -0.0167497 0.131927 0.185467  9.80636 
             19.2987 -0.258369  0.212589  -15.8925   3.00268    0.8779 0.0073081 180.013       0       0 -0.13     0 -1.03  0.262218  -0.14536 -0.160596 -0.000334617   0.00171676   -0.0214894 -0.0480169  0.0120478 -0.0171081 0.129866 0.182753  9.80644 
             19.4974 -0.260539  0.219655   -15.844   3.03067  0.893164 0.0239466 180.013       0       0 -0.13     0 -1.03   0.191321 -0.0180934 -0.0346053 -0.000170814   0.00183599   -0.0215221 -0.0440502  0.0111459 -0.0241302 0.130624 0.185828  9.80637 
             19.6973 -0.259963  0.226505  -15.5333   3.08404  0.858579 0.0440286 180.013       0       0 -0.13     0 -1.03   0.223739 -0.0665259   0.107443 -0.000275019   0.00171952   -0.0215667  -0.047027  0.0122033 -0.0256158 0.129868 0.183465  9.80642 
             19.8959 -0.262809   0.23291  -15.7355   3.16237   0.85035 0.0287053 180.013       0       0 -0.13     0 -1.03   0.345504 -0.0519586 -0.0164334 -0.000315106   0.00162365   -0.0213428 -0.0480821  0.0107935 -0.0225475 0.130912 0.182668  9.80643 
             20.0946 -0.264915  0.242491  -15.6037   3.23758  0.847866 0.0313637 180.013       0       0 -0.13     0 -1.03   0.356496 0.00781685  0.0336988 -0.000410028   0.00163237   -0.0213927 -0.0484146  0.0104474 -0.0221702 0.131181 0.182434  9.80643 
             20.2946 -0.266244  0.248047  -15.5709   3.30979  0.820299 0.0278428 180.013       0       0 -0.13     0 -1.03   0.434084  -0.163547 -0.0603863 -0.000435287   0.00168524   -0.0214273 -0.0488602   0.011843 -0.0212853 0.130096 0.182047  9.80645 
             20.4933 -0.266612  0.254142  -15.2652   3.38702  0.782985 0.0236585 180.013       0       0 -0.13     0 -1.03  0.428107 -0.137291 0.0386493 -0.000267971   0.00168322   -0.0216058 -0.0487654  0.0130732  -0.021419 0.129158 0.182057  9.80646 
             20.6919 -0.264804  0.255095   -15.076   3.43572  0.758773 0.0411227 180.013       0       0 -0.13     0 -1.03  0.319549 -0.117434 0.0695859 -0.000375065   0.00180968   -0.0216347 -0.0470089  0.0151027 -0.0228275  0.12755 0.183265  9.80646 
             20.8919 -0.266739  0.264489  -15.0681   3.47999  0.788457 0.0301749 180.013       0       0 -0.13     0 -1.03  0.277831 0.0177768 0.0341302 -0.000381646   0.00170406   -0.0215655 -0.0440914  0.0135176 -0.0205925 0.128379 0.185584   9.8064 
             21.0905 -0.269849  0.271697  -15.0491  3.53621 0.806582 0.045877 180.013       0       0 -0.13     0 -1.03  0.301661 0.0849618  0.155795 -0.000332985   0.00169387   -0.0214298 -0.0436204  0.0134219 -0.0196139 0.128387 0.185947   9.8064 
             21.2892 -0.270621  0.278558  -15.1221   3.59126  0.734642 0.0379392 180.013       0       0 -0.13     0 -1.03  0.298067  -0.13086 0.0736316 -0.000706333   0.00171976   -0.0211155 -0.0480813  0.0190674 -0.0147691 0.124586  0.18217  9.80652 
             21.4892 -0.272718  0.281793  -15.0662   3.69058  0.735123 0.0349868 180.013       0       0 -0.13     0 -1.03  0.366432 -0.176533  0.083677 -6.67209e-05   0.00149288   -0.0212722 -0.048592  0.014434 -0.011372 0.127914 0.182366  9.80647 
             21.8865 -0.274624  0.290247  -14.8324   3.83896  0.726752 0.0105702 180.013       0       0 -0.13     0 -1.03   0.419777 -0.0735118 -0.0240028 0.000144798  0.00183353  -0.0214098  -0.0456236   0.0132938 -0.00930752 0.128437 0.184691  9.80642 
             22.0852 -0.275686  0.303318   -14.569   3.85081  0.722242 0.0348922 180.013       0       0 -0.13     0 -1.03   0.305417 -0.0841579  0.0417536 -0.00027412  0.00282235  -0.0214381 -0.0422964  0.0156652 -0.0122055 0.126534 0.186816   9.8064 
             22.2851 -0.276018  0.308014  -14.5555   3.88726  0.718455 0.0238613 180.013       0       0 -0.13     0 -1.03    0.25806 -0.0695563  -0.023843 -0.000317342   0.00330188   -0.0212023  -0.0402563   0.0163247 -0.00885388  0.12561 0.188167  9.80639 
             22.4838 -0.274982  0.309973  -14.5822    3.9513  0.668307 0.0210142 180.013       0       0 -0.13     0 -1.03   0.270374  -0.181867 -0.0581657 -0.00058366  0.00290151  -0.0212291  -0.0430591    0.017665 -0.00939322 0.125142 0.186001  9.80644 
             22.6825 -0.274403   0.32294  -14.3352   3.98452  0.648773 0.0190385 180.013       0       0 -0.13     0 -1.03   0.204878  -0.132773 -0.0133359 -0.000512053   0.00291741   -0.0213982  -0.041462  0.0176435 -0.0104106  0.12493 0.187102  9.80642 
             22.8825 -0.276975  0.329542  -14.3001    3.9944  0.648038 0.0303259 180.013       0       0 -0.13     0 -1.03   0.152526 -0.0817946  0.0406875 -0.000575158   0.00299852    -0.021177 -0.0386109  0.0178016 -0.0115162 0.124429 0.189039  9.80639 
              23.081 -0.276261  0.334268  -14.3437   4.06104  0.631368 0.0156621 180.013       0       0 -0.13     0 -1.03   0.291048 -0.0863737  -0.088136 -0.000423944   0.00285683   -0.0207532  -0.0408223   0.0162338 -0.00972311 0.125821 0.187838  9.80639 
             23.2797 -0.259522  0.293684  -13.0921   4.02335  0.625074 0.0314959 180.013       0       0 -0.13     0 -1.03  0.0652583 -0.0798826 -0.0874034 -0.000611522    0.0036384   -0.0203603 -0.0332057  0.0205265 -0.0161035 0.121701 0.191884  9.80637 
             23.6784 -0.243701  0.274384   -11.875   3.86787  0.409718 0.0798273 180.013       0       0 -0.13     0 -1.03 -0.228377 -0.351019  0.168546 -0.00128976  0.00388288  -0.0201176 -0.0314165  0.0343138 -0.0181579 0.112731 0.189397  9.80652 
             23.8771 -0.22204 0.266898 -6.89432   3.80116  0.505916 0.0635333 180.013       0       0 -0.13     0 -1.03 -0.319992   -0.1215  0.100142 0.000530011  0.00404748  -0.0201549 -0.0285809  0.0286078 -0.0152214 0.113856 0.193198  9.80644 
             24.0757 -0.195137   0.23212  -4.94223   3.56746  0.649819 0.0613965 180.013       0       0 -0.13     0 -1.03 -0.732251   0.31266 0.0949157 0.00326651 0.00801731 -0.0202105  -0.0197798   0.0210844 -0.00964384 0.108308 0.197113  9.80642 
             24.2744 -0.192015  0.225655  -3.00302   3.42794  0.815057 0.0514918 180.013       0       0 -0.13     0 -1.03 -0.783089  0.504641 0.0857285 0.00394506 0.00799072 -0.0200197  -0.0214274   0.0152277 -0.00760919 0.107295 0.200733  9.80636 
             24.4743 -0.186214  0.228619  -1.14621   3.17161  0.825729 0.0480852 180.013       0       0 -0.13     0 -1.03   -1.03659   0.309551 -0.0397037 0.00398505 0.00796832 -0.0199499  -0.0142101   0.0192575 -0.00546047 0.106136 0.195553  9.80648 
              24.673 -0.172169  0.197033  -1.01148   3.01784  0.696101 0.0367051 180.013       0       0 -0.13     0 -1.03  -0.906634  -0.160264 -0.0511192 0.00463747 0.00821485 -0.0198503  -0.0127084    0.029011 -0.00529798  0.11164 0.191591  9.80649 
             24.8717 -0.174509  0.201217  -1.29798   3.19337  0.721229 0.0495774 180.013       0       0 -0.13     0 -1.03 -0.0922669 -0.0650356  0.0877845 0.00405178  0.0105134 -0.0196264  -0.0261314   0.0336955 -0.00615197 0.117673 0.199593  9.80626 
              25.469 -0.174936  0.209113  -1.10702   3.37953     0.669 0.0209656 180.013       0       0 -0.13     0 -1.03   0.272965 -0.0850717 -0.0749992  0.0041533  0.0112411 -0.0196763  -0.0310721   0.0367605 -0.00471983 0.120794 0.202144  9.80617 
             25.6677 -0.14803 0.211769  2.45544   3.35925  0.613416 0.0428533 180.013       0       0 -0.13     0 -1.03  0.175781 -0.163979 -0.112345 0.00385624  0.0117801 -0.0196239  -0.0285859   0.0365698 -0.00808181  0.12021 0.200479  9.80621 
             25.8663 -0.133932  0.193591   4.68617  3.26034 0.711705 0.040291 180.013       0       0 -0.13     0 -1.03  -0.145429   0.147067 -0.0435052 0.00585503  0.0137211 -0.0196397 -0.0274003  0.0253002 -0.0126211 0.111705 0.199221  9.80634 
             26.0662 -0.112991  0.195681   6.15499   3.28124  0.641366 0.0669062 180.013       0       0 -0.13     0 -1.03 -0.0458095  -0.115463  0.0526543 0.00564846  0.0135664 -0.0193382 -0.0249905  0.0334872 -0.0137715 0.118365  0.19837  9.80628 
             26.2649 -0.110452  0.194522   6.88485    3.1847  0.555475 0.0596557 180.013       0       0 -0.13     0 -1.03 -0.245604 -0.347021  0.067728 0.00584814  0.0136136 -0.0190984  -0.0152731   0.0304543 -0.00925902 0.118136 0.190158  9.80645 
             26.4635 -0.105741  0.197629   6.52616   3.22634  0.561047 0.0422109 180.013       0       0 -0.13     0 -1.03 -0.00214003   -0.175356    -0.16397 0.00602724  0.0130791  -0.018565  -0.0279165   0.0329573 -0.00688529 0.116523  0.20059  9.80626 
             26.8622 -0.101402  0.204611   6.63801   3.38376  0.608987 0.0308209 180.013       0       0 -0.13     0 -1.03   0.281703 -0.0118894 -0.0360056  0.0060717  0.0127417 -0.0184777  -0.0413833   0.0358477 -0.00960708 0.114879  0.21183  9.80604 
             27.0608 -0.10628 0.214469  6.87675   3.45003  0.678504 0.0641492 180.013       0       0 -0.13     0 -1.03  0.291646   0.09498 0.0865042 0.00566092  0.0123253 -0.0186616 -0.0446359  0.0340812 -0.0111865 0.112698 0.213926  9.80602 
             27.2595 -0.106527  0.220272   6.83354  3.50669 0.670973 0.059412 180.013       0       0 -0.13     0 -1.03  0.315258 0.0126993 0.0837225 0.00527807  0.0124808 -0.0185598 -0.0416416  0.0358367 -0.0051199  0.11484 0.212102  9.80603 
             27.6568 -0.106658   0.22433   6.85158 3.55891  0.7193 0.01366 180.013       0       0 -0.13     0 -1.03   0.23412 0.0824988 -0.120443 0.00567659  0.0128166  -0.018372  -0.0404111   0.0288932 -0.00304402 0.109808 0.209278  9.80615 
             27.8568 -0.103432  0.212909   7.37555   3.55983  0.707388 0.0528285 180.013       0       0 -0.13     0 -1.03   0.145581  0.0283541 -0.0326786  0.0051255  0.0131426 -0.0172701 -0.0361775  0.0277428 -0.0108454 0.110191 0.205746  9.80622 
             28.0568 -0.112279  0.223232   8.70433   3.44093    0.7805 0.0461096 180.013       0       0 -0.13     0 -1.03 -0.168872  0.145807 -0.052335 0.00655732  0.0150732 -0.0170723 -0.0325156  0.0119041 -0.0112035 0.0993803  0.197985    9.8065 
             28.2555 -0.107493  0.217256   10.7715   3.18381  0.917059 0.0642803 180.013       0       0 -0.13     0 -1.03   -0.7261  0.393018 0.0600596 0.00733067  0.0157422 -0.0170075 -0.0283155 -0.0106108 -0.0121724 0.0839482  0.187203   9.80685 
             28.4541 -0.100057  0.201412   12.4874   2.95242   1.01599 0.0480056 180.013       0       0 -0.13     0 -1.03  -0.862215   0.397572 -0.0934076 0.00741413   0.015705 -0.0169271 -0.0252523 -0.0198339 -0.0098047 0.0783752  0.181232   9.80701 
             28.6527 -0.110537  0.201246   14.0595   2.74184    1.1426 0.0268173 180.013       0       0 -0.13     0 -1.03 -0.915039  0.535077 -0.204155 0.00737388  0.0154737 -0.0166434 -0.0276447 -0.0264779 -0.0105749 0.0725032  0.179891   9.80708 
             28.8528 -0.123584  0.193989   15.3832   2.46172   1.22608 0.0432863 180.013       0       0 -0.13     0 -1.03   -1.1794  0.527282 0.0778135 0.00729101  0.0151541 -0.0164167 -0.0201538 -0.0347903 -0.0142928 0.0705872  0.170515   9.80726 
             29.0514 -0.139109  0.179964   16.7247   2.32354   1.45591 0.0434797 180.013       0       0 -0.13     0 -1.03  -0.905234   0.795848 -0.0373823 0.00705506  0.0150795 -0.0162317 -0.0396719 -0.0310781 -0.0137816 0.062298 0.185677  9.80704 
             29.2501 -0.150932  0.165839   18.5196   2.16052   1.59066 0.0297789 180.013       0       0 -0.13     0 -1.03   -0.85732   0.819886 -0.0778472 0.00695935  0.0151072 -0.0160922 -0.0358934 -0.0273157 -0.0133893 0.0669695  0.185411   9.80702 
             29.4501 -0.162671  0.176277   20.1409   2.09094   1.81647 0.0359657 180.013       0       0 -0.13     0 -1.03 -0.646066  0.958579 -0.122598 0.00685933  0.0146109 -0.0158865 -0.0501179 -0.0160654 -0.0166375 0.0653212  0.201392   9.80671 
             29.6487 -0.18189   0.1849  22.1846   2.02956   1.94161 0.0193449 180.013       0       0 -0.13     0 -1.03 -0.485664  0.785191 -0.126387   0.006988  0.0146846 -0.0158315   -0.044909 -0.00463686  -0.0174478 0.0756942  0.205524   9.80655 
             30.0461 -0.198964   0.20772   24.1985  1.96896  2.25772 0.014991 180.013       0       0 -0.13     0 -1.03 -0.222828    0.7398 -0.086155 0.00706789  0.0151735 -0.0156564 -0.0474767 0.00225434 -0.0191489 0.0780885  0.211645   9.80641 
             30.2446 -0.220431  0.226036   28.2483   1.90884   2.21275 0.0383557 180.013       0       0 -0.13     0 -1.03  -0.290593   0.444374 -0.0488433 0.00669328  0.0154217 -0.0153959 -0.0293559  0.0051506 -0.0219204 0.0926642  0.203764   9.80645 
             30.4434 -0.219449  0.245917   30.7029   1.78602   2.25141 0.0301493 180.013       0       0 -0.13     0 -1.03  -0.438345   0.316087 -0.0491178 0.00651806  0.0168256 -0.0154479  -0.0193211 -0.00490075  -0.0219202 0.0950602  0.191036   9.80668 
             30.6433 -0.211809   0.23155   32.8675  1.70413  2.22682 0.043068 180.013       0       0 -0.13     0 -1.03 -0.417495 0.0929553 0.0660509 0.00685775  0.0167181 -0.0153102 -0.00889642 -0.00321459  -0.0223697 0.103808  0.18708  9.80667 
              30.842 -0.204599   0.22038   34.2006   1.52374   2.08558 0.0368004 180.013       0       0 -0.13     0 -1.03  -0.672449  -0.270804 -0.0949652 0.00816305  0.0147273  -0.015152  0.0097151 -0.0120852  -0.021727 0.113839 0.171282  9.80684 
             31.0406 -0.19343 0.208602  36.1276   1.52855   1.82321 0.0129443 180.013       0       0 -0.13     0 -1.03 -0.277126 -0.742259 -0.123825 0.0103669 0.0151251 -0.015032  0.0413195 0.00849041 -0.0221638 0.148213  0.17275  9.80636 
             31.2394 -0.182403  0.188872   37.6442   1.48952   1.59505 0.0511366 180.013       0       0 -0.13     0 -1.03 -0.221819 -0.935621  0.131957  0.0103185  0.0152316 -0.0149134  0.0568848  0.0115244 -0.0267802 0.161962   0.1682  9.80622 
              31.438 -0.146877  0.182655   39.3833   1.51001   1.24161 0.0403553 180.013       0       0 -0.13     0 -1.03 -0.0536637   -1.44486   0.100171 0.00920243  0.0157264 -0.0147898  0.0865823  0.0229958 -0.0230737 0.191028 0.164609  9.80576 
              31.638 -0.110021  0.157941   41.4492   1.51493  0.956995 0.0173855 180.013       0       0 -0.13     0 -1.03 0.00374239   -1.44558  -0.193175 0.00906946  0.0155039 -0.0147538  0.0860423  0.0259878 -0.0210911 0.191861  0.16731   9.8057 
             32.0353 -0.0819197   0.154824    43.0718    1.63271   0.426595 -0.0342664 180.013       0       0 -0.13     0 -1.03  0.246682   -1.3877 -0.164364 0.00887615  0.0151669 -0.0146544  0.0796451  0.0381047 -0.0233665 0.191527 0.179887  9.80548 
             32.2339 -0.00981826    0.120505     46.5942   1.71369  0.236488 0.0156546 180.013       0       0 -0.13     0 -1.03  0.372368   -1.2526 -0.106136 0.00897776  0.0145113 -0.0143349  0.0693904  0.0424306 -0.0291261  0.18458 0.187458  9.80547 
             32.4339 0.0239623  0.117825    47.676   1.98985 0.0833969 0.0187256 180.013       0       0 -0.13     0 -1.03   0.878071   -1.04449 -0.0629432 0.00736885  0.0102073 -0.0141105  0.0524388  0.0859725 -0.0341616 0.186107 0.230625  9.80452 
             32.6325 0.0398723  0.120077   47.1421   2.10518  0.165892 0.0311602 180.013       0       0 -0.13     0 -1.03  0.851347 -0.414502 0.0196407 0.00916527 0.00828949 -0.0137735 -0.0072793    0.08161 -0.0350989 0.133885 0.248705  9.80493 
             32.8312 0.0432307  0.126548   47.0862   2.08455  0.284775 0.0363747 180.013       0       0 -0.13     0 -1.03  0.343846 0.0766564 0.0782488 0.00958065 0.00781999 -0.0137569 -0.0484138  0.0541956 -0.0339619 0.0890951  0.240663   9.80564 
               33.03 0.0396842  0.128634   47.2042  2.04042 0.375929 0.038542 180.013       0       0 -0.13     0 -1.03 0.0882593  0.249821  0.064223 0.00908031 0.00742759  -0.013642 -0.0598445  0.0416736 -0.0331269 0.0748344  0.234467   9.80591 
             33.2285 0.0340159  0.131775   46.9231   2.06125  0.452677 0.0195284 180.013       0       0 -0.13     0 -1.03  0.127894   0.34237 -0.120789 0.00902026 0.00739108 -0.0130698 -0.0646354  0.0430171 -0.0301306 0.0713009  0.237396   9.80587 
             33.4271 0.0338284  0.137812   47.1068    2.1687  0.538562 0.0275994 180.013       0       0 -0.13     0 -1.03   0.374388   0.399094 0.00227866 0.00863611 0.00710196 -0.0131926  -0.066631  0.0641216 -0.0337928 0.0775343  0.255785   9.80536 
             33.6258 0.031899 0.154692  47.7935   2.16153  0.597082 0.0476553 180.013       0       0 -0.13     0 -1.03 0.171264 0.337324 0.205469 0.00904639 0.00715861 -0.0125556 -0.0644512  0.0440731 -0.0342697 0.071819 0.238237  9.80584 
             33.8259 0.0286739  0.138285    50.278   2.08009  0.568078 0.0387383 180.013       0       0 -0.13     0 -1.03 -0.0649836  0.0474929  0.0567861 0.00938389 0.00768823 -0.0125696 -0.0483656  0.0166623 -0.0291355 0.0750342  0.209397   9.80648 
             34.0244 0.014612 0.142582  52.0863   1.88295  0.648836 0.0255978 180.013       0       0 -0.13     0 -1.03  -0.473437    0.20687 -0.0617703 0.00870657  0.0068839 -0.0124779   -0.062132 -0.00627544  -0.0279681 0.0551676  0.195186    9.8069 
             34.2231 0.00813141   0.142229    53.7663    1.7399  0.606321 0.0427019 180.013       0       0 -0.13     0 -1.03 -0.622521 0.0424976   0.13535 0.00891529 0.00638112 -0.0123425 -0.0495827 -0.0162467 -0.0289237 0.062292 0.182434  9.80711 
             34.4218 -0.00640487    0.132659     55.9858   1.63138  0.646677 0.0411471 180.013       0       0 -0.13     0 -1.03 -0.533656  0.136361 0.0723565 0.00870655 0.00640684 -0.0122808  -0.054652 -0.0136626 -0.0264272 0.0588449  0.186321   9.80705 
             34.8191 -0.0185727   0.133233    55.6874   1.47647  0.731668 0.0272473 180.013       0       0 -0.13     0 -1.03 -0.422833  0.192413 0.0142592 0.00885781 0.00637296 -0.0120024  -0.0561396 -0.00787881  -0.0243425 0.0594312  0.191721   9.80695 
             35.0178 -0.0219781    0.13793    55.6133   1.74941  0.785233 0.0207293 180.013       0       0 -0.13     0 -1.03  0.358238  0.203404 -0.127645 0.00623033 0.00526284 -0.0118214  -0.046469  0.0321776 -0.0252699 0.080392 0.223154  9.80613 
             35.2164 -0.0189282   0.144214    55.5633  1.87174 0.826174 0.021297 180.013       0       0 -0.13     0 -1.03    0.482775    0.257719 -0.00239827 0.00517637  0.0048723 -0.0115997 -0.0429716  0.0407606   -0.02778 0.0861182  0.229431   9.80594 
             35.4151 -0.0143603   0.151128    55.3411   1.96551  0.898171 0.0490925 180.013       0       0 -0.13     0 -1.03 0.502769   0.3018 0.148661 0.00504386 0.00488254 -0.0114749 -0.0466509  0.0409067   -0.02891 0.0830664  0.230754   9.80593 
             35.6137 -0.0135961   0.156847    55.6065  1.98142 0.940238  0.04725 180.013       0       0 -0.13     0 -1.03 0.339169 0.273822 0.145872 0.00549669 0.00507323 -0.0117754 -0.0479301  0.0208985 -0.0214211 0.0754367  0.214209   9.80637 
             35.8137 -0.0132329   0.158864    55.5352   1.94843  0.941165 0.0288514 180.013       0       0 -0.13     0 -1.03 0.0879313  0.123739 0.0452258 0.00581463 0.00525352 -0.0116519   -0.043311 -0.00369421  -0.0158294 0.0712749  0.191902   9.80686 
             36.0123 -0.0165701   0.163297     55.783   1.93427    1.0118 0.0286994 180.013       0       0 -0.13     0 -1.03   0.0373108    0.255553 -0.00552808  0.0056842 0.00508098 -0.0119381  -0.0515733 -0.00794102  -0.0156344 0.0629105   0.19102   9.80694 
              36.211 -0.0146973   0.164284    56.0249   1.99252   1.02046 0.0130187 180.013       0       0 -0.13     0 -1.03 0.236129 0.144905 -0.13636 0.00521507 0.00518615 -0.0122387   -0.041622 -0.00154984  -0.0156596 0.0733925  0.193191   9.80682 
             36.4096 -0.0128271   0.167299    56.0401   2.06814   1.04422 0.0187003 180.013       0       0 -0.13     0 -1.03   0.328415   0.119175 -0.0142532 0.00483964 0.00506832 -0.0121115 -0.0387324 0.00484859 -0.0207158 0.0779143  0.197674    9.8067 
             36.6084 -0.00881333    0.173473      56.013   2.11362   1.09441 0.0272127 180.013       0       0 -0.13     0 -1.03   0.290553   0.165232 -0.0579196 0.00506508 0.00480947 -0.0120876 -0.0467346 0.00178131  -0.023248 0.0701684  0.197685   9.80676 
             36.8072 -0.0112001    0.17783    55.9656    2.10713    1.16532 0.00684798 180.013       0       0 -0.13     0 -1.03  0.142522  0.259201 -0.109419 0.00547274 0.00468122 -0.0121022  -0.0572887 -0.00911112  -0.0231766 0.0577406  0.191941   9.80695 
             37.0056 -0.00946468    0.182346     56.2277   2.15852    1.1968 0.0362531 180.013       0       0 -0.13     0 -1.03  0.235611  0.253351 0.0911518   0.005439 0.00493095 -0.0121494  -0.0522625 -0.00728582  -0.0267763 0.0625908  0.191848   9.80692 
             37.2056 -0.0104659   0.187269    56.1633   2.17839    1.2462 0.0393636 180.013       0       0 -0.13     0 -1.03  0.203789  0.276207 0.0676578  0.0054017 0.00480089 -0.0121796 -0.0521394 -0.0126186 -0.0239447 0.0609285  0.187348   9.80702 
             37.4043 -0.00260782    0.185386      54.634   2.17767   1.07256 0.0305273 180.013       0       0 -0.13     0 -1.03  0.150673 -0.223043  0.029657 0.00509175 0.00598082 -0.0121858 -0.0083159 -0.0328209 -0.0206764 0.0909571  0.156151   9.80734 
             37.8016 0.00588978   0.189249    52.7733   2.37339  0.870601 0.0528696 180.013       0       0 -0.13     0 -1.03  0.380596  -0.44764 0.0647921 0.00465967  0.0059895 -0.0121356  0.0103166 -0.0181487 -0.0211775 0.111307 0.162151  9.80703 
              37.999 0.023981 0.186251  48.0971   2.48504  0.844552 0.0280571 180.013       0       0 -0.13     0 -1.03   0.524329  -0.300518 -0.0743529 0.00457062 0.00534646  -0.012104  0.0054567 -0.0141941 -0.0193861 0.108734 0.167128  9.80697 
             38.1989 0.0339816  0.190211   48.0794   2.6527 0.837936 0.021419 180.013       0       0 -0.13     0 -1.03   0.670654  -0.191082 -0.0496807 0.00411744 0.00335098  -0.012211 -0.000703951  -0.00592485   -0.0202167 0.107179 0.176125  9.80683 
             38.3989 0.0394141  0.196652   48.1457   2.68198  0.874301 0.0353123 180.013       0       0 -0.13     0 -1.03   0.458695 -0.0578316   0.072663 0.00522401 0.00323307 -0.0124162 -0.0119799 -0.0183038 -0.0213667 0.0933585   0.17127   9.80706 
             38.7962 0.0419971  0.200397   48.5043    2.70731   0.932802 -0.0117804 180.013       0       0 -0.13     0 -1.03  0.257107 0.0735507 -0.145305 0.00546569 0.00331784 -0.0125781 -0.0211812 -0.0352437 -0.0186826 0.0792783  0.162097   9.80734 
             38.9948  0.03893 0.205608  48.5492   2.65499  0.996776 0.0400801 180.013       0       0 -0.13     0 -1.03 0.00371596    0.15713   0.131937 0.00648529 0.00349726 -0.0124137 -0.0270367 -0.0442613 -0.0226713 0.0710797  0.157531   9.80748 
             39.1936 0.0383462  0.212692     48.55   2.67491   1.02702 0.0382634 180.013       0       0 -0.13     0 -1.03 0.0512398  0.135381 0.0984454 0.00622438 0.00322736 -0.0123318 -0.0270004 -0.0420133 -0.0182657 0.0719922  0.159233   9.80744 
             39.3922 0.0361614  0.215925   48.6769   2.72597   1.07712 0.0164934 180.013       0       0 -0.13     0 -1.03  0.174746  0.151368 -0.112001 0.00611324 0.00286423 -0.0127524  -0.030247 -0.0364395 -0.0161217 0.071758  0.16481  9.80735 
             39.5908 0.0401106  0.221214   48.9932   2.76265   1.06202 0.0395781 180.013       0       0 -0.13     0 -1.03 0.213142 0.013436 0.181263 0.00588855 0.00312273 -0.0130176  -0.024096 -0.0372928 -0.0193178 0.0761077  0.161667   9.80737 
             39.7908 0.0457664  0.225338   49.0689   2.83639   1.05713 0.0582348 180.013       0       0 -0.13     0 -1.03  0.305918 0.0170445  0.159277 0.00568571 0.00308129 -0.0129088 -0.0221384 -0.0334355 -0.0170231 0.0791805  0.163788   9.80731 
             40.1882 0.0486256  0.232229   49.1719   2.94654   1.10929 0.0226375 180.013       0       0 -0.13     0 -1.03   0.262251   0.109634 -0.0109293 0.00548739 0.00310952 -0.0131978 -0.0249931 -0.0333916 -0.0115458 0.0770408  0.164954   9.80731 
             40.3867 0.0482478  0.233646   49.0998   2.86312   1.11074 0.0461894 180.013       0       0 -0.13     0 -1.03 0.0272079 0.0420081  0.164786 0.00711492 0.00476753 -0.0128964 -0.0247789  -0.045413 -0.0119063 0.0724013  0.155609    9.8075 
             40.7854 0.0407199  0.231454   49.2901   2.76969   1.19677 0.0121175 180.013       0       0 -0.13     0 -1.03 -0.0530666   0.162408 -0.0615261 0.00971668 0.00517952 -0.0130346  -0.0311722   -0.055287 -0.00568245 0.0634983  0.150459   9.80764 
             41.1828 0.0395254  0.232835   49.2992   2.89626   1.25833 0.0077772 180.013       0       0 -0.13     0 -1.03  0.162319  0.148475 -0.108442 0.00849667 0.00391438 -0.0129013 -0.0308031 -0.0470215 -0.0073292 0.0670854  0.156648   9.80752 
             41.3814 0.0430371  0.243297   49.4993   2.95852   1.26894 0.0246099 180.013       0       0 -0.13     0 -1.03   0.211432   0.111885 -0.0760747 0.00739983 0.00370881 -0.0131393 -0.0291868 -0.0447778 -0.0108789 0.0692225   0.15776   9.80749 
             41.5801 0.0466006  0.250191   49.6821   3.00341   1.28875 0.0316347 180.013       0       0 -0.13     0 -1.03  0.166179 0.0406248 0.0356686 0.00731724  0.0035105 -0.0131767  -0.029546 -0.0437221 -0.0127339 0.0693698  0.158718   9.80747 
             41.7788 0.0463531  0.254531   49.9674   3.03626   1.32517 0.0333922 180.013       0       0 -0.13     0 -1.03  0.129739 0.0987277 0.0360466 0.00735498 0.00328635 -0.0131015 -0.0323111 -0.0425527 -0.0124587 0.0677742  0.160712   9.80745 
             41.9787 0.0471116   0.25908   49.7819   3.06499   1.31929 0.0299309 180.013       0       0 -0.13     0 -1.03   0.127459  0.0347847 0.00302556 0.00739116 0.00305848 -0.0129509  -0.030356 -0.0425955 -0.0119065 0.0691903   0.15989   9.80745 
             42.1774 0.0469878  0.263042    49.743   3.08614   1.32909 0.0369368 180.013       0       0 -0.13     0 -1.03    0.174111 -0.00293456    0.049098 0.00737177  0.0030575 -0.0129359 -0.0318682 -0.0437994 -0.0117229 0.0675845  0.159611   9.80747 
             42.3761 0.0507914  0.265125   49.9543    3.0987   1.31554 0.0353944 180.013       0       0 -0.13     0 -1.03   0.145324 -0.0445891    0.01941 0.00739895 0.00304195 -0.0131613  -0.030559 -0.0464894 -0.0103715 0.0674476  0.157081   9.80751 
             42.5747 0.0540253  0.268549   50.2151   3.15625   1.33018 0.0299465 180.013       0       0 -0.13     0 -1.03   0.281047 0.00242669  0.0294291 0.00727342 0.00298504 -0.0132367  -0.0333702  -0.0432946 -0.00872595 0.0666831  0.160563   9.80746 
             42.7747 0.0531208  0.268259   50.3316   3.14081   1.40869 0.0456214 180.013       0       0 -0.13     0 -1.03 0.106037 0.170414 0.115492 0.00728174 0.00288234 -0.0131582  -0.0434102   -0.050724 -0.00871683 0.056305   0.1592  9.80755 
             42.9733 0.0483604  0.269916   50.2864   3.10145   1.46711 0.0236977 180.013       0       0 -0.13     0 -1.03 -0.0495516   0.209783  -0.061511 0.00730933 0.00265635 -0.0130819  -0.0461164  -0.0555981 -0.00671097 0.0523247   0.15671   9.80761 
              43.172 0.0438313  0.275191      50.3   3.10704   1.47483 0.0184844 180.013       0       0 -0.13     0 -1.03 0.00873206    0.13522  -0.110691 0.00727436 0.00280021 -0.0132397  -0.0423009  -0.0547355 -0.00885318 0.0554786  0.155827   9.80761 
             43.5706 0.0464855  0.279983   50.4579   3.22008   1.47697 0.0246258 180.013       0       0 -0.13     0 -1.03   0.188986  0.0146728 -0.0487858 0.00726272 0.00279393 -0.0133531 -0.0386143 -0.0455617 -0.0117294 0.0618719  0.161037   9.80748 
             43.7693 0.0499513  0.284614   50.4109   3.30454    1.5472 0.0137907 180.013       0       0 -0.13     0 -1.03  0.319697  0.118583 -0.152252  0.0070804 0.00221709 -0.0130163 -0.0441255 -0.0417661 -0.0125718 0.0593901  0.166042   9.80741 
             43.9693 0.050951 0.290714  50.4405   3.33618   1.59006 0.0271428 180.013       0       0 -0.13     0 -1.03   0.263348   0.179583 0.00749971 0.00759475 0.00228392  -0.012925 -0.0460516 -0.0450706 -0.0184563  0.05665 0.164469  9.80746 
             44.1693 0.0500408  0.288264   50.1261   3.30343   1.57655 0.0409031 180.013       0       0 -0.13     0 -1.03 0.0530699 0.0962706 0.0434663 0.00757085 0.00240012  -0.013421 -0.0413276 -0.0543814 -0.0187768 0.0562938  0.155868    9.8076 
             44.3679 0.0395228   0.26167   47.9539     3.196   1.42549 0.0398934 180.013       0       0 -0.13     0 -1.03 -0.194688  -0.26175 0.0386785 0.00740297 0.00200622 -0.0134369 -0.0219425 -0.0687504 -0.0170051 0.0641487  0.137701   9.80782 
             44.5652 0.0111428  0.259023   45.2571   2.90825   1.29155 0.0433295 180.013       0       0 -0.13     0 -1.03 -0.796617 -0.424916  0.070244  0.00698003 0.000946141  -0.0132796 -0.0135844 -0.0941473 -0.0160905 0.0589722  0.116607   9.80813 
             44.7652 -0.00155695    0.252282     43.8979   2.59364   1.15173 0.0388047 180.013       0       0 -0.13     0 -1.03     -1.2212   -0.529981 0.000183456  0.00674508 0.000564384  -0.0134033 -0.00840691    -0.10592  -0.0150446 0.0569068  0.106564   9.80826 
             44.9652 -0.0104581   0.243223    44.1342   2.48507   1.14477 0.0219774 180.013       0       0 -0.13     0 -1.03  -0.93364 -0.295351 -0.119943  0.00668189 0.000923928  -0.0136326 -0.0156562 -0.0975823 -0.0147544 0.0567424  0.115138   9.80816 
             45.1638 -0.0134073    0.23964    44.4134  2.54479  1.21262 0.046504 180.013       0       0 -0.13     0 -1.03  -0.370761 0.00386445   0.124375 0.00655541 0.00108636 -0.0137993 -0.0277443 -0.0795889 -0.0178913 0.0588603  0.131713   9.80794 
             45.5625 -0.00909813    0.239618     44.6034   2.73481   1.19519 0.0392942 180.013       0       0 -0.13     0 -1.03   0.180879 -0.0401242    0.01611  0.00588911 0.000668329   -0.013707 -0.0293522 -0.0599761 -0.0160561 0.0677491  0.143962   9.80771 
             45.7612 0.00555865   0.234663    46.7378   2.82433   1.18782 0.0484122 180.013       0       0 -0.13     0 -1.03  0.253708 0.0214586   0.11846  0.00536811 0.000216842     -0.0138 -0.0293805 -0.0563454 -0.0155203 0.0695051   0.14616   9.80766 
             45.9599 0.0126266  0.236415   47.7284   2.84996   1.28214 0.0369726 180.013       0       0 -0.13     0 -1.03     0.18947     0.16926 -0.00193417    0.0068542 -0.000738543   -0.0136715 -0.0379555 -0.0588251 -0.0104055 0.0628983  0.148502   9.80767 
             46.1585 0.0149511  0.243719   47.5096   2.85153   1.26749 0.0163084 180.013       0       0 -0.13     0 -1.03   0.123484  0.0538256 -0.0913856   0.00679922 -0.000385123   -0.0135043   -0.033798  -0.0620207 -0.00968959 0.0641404   0.14456   9.80772 
             46.3585 0.0145468  0.242201    47.594   2.84042   1.21498 0.0379934 180.013       0       0 -0.13     0 -1.03  0.0711581 -0.0841123  0.0571902   0.00687099 -0.000586516   -0.0134687  -0.029066 -0.0650713 -0.0123598 0.0658469    0.1405   9.80777 
             46.5571 0.0178208  0.245396   47.6313   2.90159   1.27156 0.0369954 180.013       0       0 -0.13     0 -1.03  0.259988 0.0470166 0.0430621   0.00673175 -0.000586267   -0.0135417 -0.0362448 -0.0616771 -0.0109681 0.0627683   0.14587   9.80771 
             46.7558 0.0212316  0.253007   47.8639  2.99133  1.30988 0.042645 180.013       0       0 -0.13     0 -1.03  0.272784 0.0532707  0.130192   0.00663712 -0.000645921   -0.0135886 -0.0397216 -0.0574782 -0.0100913 0.0624504   0.15009   9.80765 
             46.9558 0.0212571  0.257455   47.8816   2.99134   1.35582 0.0600449 180.013       0       0 -0.13     0 -1.03 0.0717003  0.111045  0.204579  0.00624364 -0.00074766  -0.0135755  -0.0423155  -0.0605827 -0.00880274 0.0594189  0.149309   9.80768 
             47.3544 0.0213577  0.260587   47.9293    3.0038    1.4186 0.0843118 180.013       0       0 -0.13     0 -1.03 0.0234067  0.154512  0.137778   0.00623081 -0.000556694   -0.0136729  -0.0426892  -0.0606079 -0.00379099 0.0591773  0.149414   9.80768 
             47.5531 0.0179572  0.265298   47.9735  3.05943  1.47406 0.032361 180.013       0       0 -0.13     0 -1.03 0.0658219    0.2623 0.0450746 0.00599016 -0.0012088 -0.0134478 -0.0442437 -0.0571067 0.00230383 0.0597024  0.152243   9.80764 
             47.7531 0.0187934   0.27017   47.9055    3.0797    1.5013 0.0514115 180.013       0       0 -0.13     0 -1.03 0.0365346  0.202103  0.097569  0.00553051 -0.00107096  -0.0133801 -0.0424046   -0.05604 0.00200924 0.0613401  0.152114   9.80763 
             47.9517 0.0166638    0.2746   48.0881   3.11208   1.55285 0.0393022 180.013       0       0 -0.13     0 -1.03 0.0852873  0.201223 0.0577888  0.00556344 -0.00102119  -0.0135313 -0.0434754 -0.0543897  0.0023982 0.0614191  0.153599   9.80761 
             48.1504 0.0177579   0.27923   48.2212    3.1452   1.55647 0.0441683 180.013       0       0 -0.13     0 -1.03  0.102093   0.11235 0.0456913  0.00557988 -0.00111247  -0.0136306 -0.0407881  -0.052722 0.00391701 0.0638008  0.153408   9.80759 
             48.3504 0.0261016  0.284867    48.353   3.24903   1.55169 0.0353058 180.013       0       0 -0.13     0 -1.03   0.305805  0.0760679 -0.0237031   0.00565607 -0.000907082   -0.0137209 -0.0383871 -0.0443972  0.0059608 0.0689855  0.157402   9.80749 
             48.7477 0.0257358  0.288684   48.2541    3.3572   1.61312 0.0558286 180.013       0       0 -0.13     0 -1.03   0.31112  0.112815 0.0816178   0.00557761 -0.000910382   -0.0134399 -0.0407207  -0.045955 0.00614206 0.0668677  0.157484   9.80751 
             48.9477 0.0249486   0.29802   48.4001   3.33373   1.69162 0.0320323 180.013       0       0 -0.13     0 -1.03   0.240879   0.241938 -0.0365127   0.00629436 -0.000636245   -0.0135448  -0.043534 -0.0517868 0.00786376 0.0625779  0.155114   9.80757 
             49.1464 0.0248214   0.30097   48.5271   3.31616   1.67862 0.0386892 180.013       0       0 -0.13     0 -1.03 0.0846343  0.134349 0.0473941  0.00631048 0.000967843  -0.0135209 -0.0387601 -0.0559887 0.00720364 0.0636306  0.150472   9.80764 
             49.3463 0.0227263  0.309011   48.6074   3.30972   1.75719 0.0528481 180.013       0       0 -0.13     0 -1.03 0.00226464   0.233742   0.145124   0.0064191 0.000766651   -0.013649 -0.0428235 -0.0576632 0.00772923 0.0604498  0.151259   9.80765 
             49.7437 0.022811 0.312291  48.8087    3.32994    1.88154 -0.0175795 180.013       0       0 -0.13     0 -1.03 0.0388365  0.359897 -0.240656  0.00630443 0.000795855  -0.0139787 -0.0433106 -0.0563001  0.0126332 0.0607502  0.152243   9.80763 
             49.9436 0.0280369  0.319789   49.0041  3.45008  1.78994 0.027297 180.013       0       0 -0.13     0 -1.03   0.297968  0.0694856 -0.0451362 0.00526308 0.00115656 -0.0138115 -0.0335817 -0.0493928 0.00824615 0.0696085    0.1522   9.80757 
             50.1423 0.0283441  0.323564   48.8314   3.45879   1.76992 0.0354586 180.013       0       0 -0.13     0 -1.03   0.259241 -0.0251816 -0.0673143 0.00574362 0.00230727 -0.0137216 -0.0315364 -0.0531901 0.00614311 0.0692289   0.14904   9.80762 
             50.5411 0.0286928    0.3297   48.9475   3.52713   1.85209 0.0243087 180.013       0       0 -0.13     0 -1.03  0.280421  0.132639 -0.050533 0.00673997 0.00210807 -0.0136359 -0.0358851 -0.0565281 0.00605209 0.065188 0.148907  9.80765 
             50.7396 0.0403179  0.296663   50.5938   3.41072   1.69422 0.0467967 180.013       0       0 -0.13     0 -1.03 -0.0407291  -0.288941   0.125585 0.00696038 0.00629407 -0.0135152  -0.024174   -0.06692 0.00477639 0.0677214  0.137681    9.8078 
             50.9397 0.0624574  0.272452   52.8856   3.24831   1.47351 0.0595702 180.013       0       0 -0.13     0 -1.03  -0.39586 -0.708911  0.144141 0.00733657  0.0105889 -0.0135412 -0.0113244 -0.0787218 0.00755597 0.0706977  0.125083   9.80795 
             51.1396 0.0776336  0.267647   54.6356   2.98977   1.21773 0.0380816 180.013       0       0 -0.13     0 -1.03   -0.795046   -0.958309 -0.00482217 0.00778715  0.0120489 -0.0135304 -0.00226394  -0.0935709   0.0103479 0.0706725  0.112015   9.80811 
             51.3382 0.0712408  0.253961   54.7087   2.92483   1.15769 0.0512454 180.013       0       0 -0.13     0 -1.03 -0.638678 -0.650419  0.135035 0.00754047  0.0114094 -0.0133781 -0.0130568 -0.0840013  0.0107877 0.0669884  0.122302   9.80801 
             51.5369 0.0678331  0.249921   54.8399   2.91589   1.17935 0.0236181 180.013       0       0 -0.13     0 -1.03 -0.294831 -0.354158 -0.164603 0.00731486  0.0104099 -0.0134205 -0.0276663 -0.0717959  0.0145368 0.0614509  0.135632   9.80787 
             51.7356 0.0670972  0.250628    54.933   3.02554   1.24583 0.0211678 180.013       0       0 -0.13     0 -1.03   0.144716  0.0342115 -0.0139177 0.00703223 0.00993958 -0.0134823 -0.0372361 -0.0573926  0.0129528 0.0600924  0.148705   9.80769 
             51.9342 0.0729165  0.255972   54.9321   3.11665   1.30103 0.0539486 180.013       0       0 -0.13     0 -1.03 0.328786 0.139016 0.119944 0.00702462 0.00992916 -0.0132028 -0.0401598 -0.0534145  0.0114317 0.0595559  0.152403   9.80764 
             52.1342 0.0738387   0.26055   54.7816   3.15784     1.333 0.0402225 180.013       0       0 -0.13     0 -1.03 0.272966 0.198863 0.101931 0.00694071 0.00980366 -0.0130442 -0.0400602 -0.0556508  0.0173423 0.0588081  0.150862   9.80766 
             52.3329 0.077202 0.263325  55.0357    3.2068   1.40436 0.0354194 180.013       0       0 -0.13     0 -1.03   0.307815   0.305271 -0.0682754 0.00693778 0.00982598 -0.0133114 -0.0432179 -0.0565689  0.0189483 0.0563927  0.151359   9.80767 
             52.5316 0.0804701  0.270374   55.0268    3.2498    1.3827 0.0335274 180.013       0       0 -0.13     0 -1.03  0.289484 0.0118994  0.121524 0.00683897  0.0102326  -0.013434 -0.0354826 -0.0591032  0.0193112 0.0605887  0.146937   9.80771 
             52.7316 0.0854535  0.274488    55.269    3.2487     1.381 0.0452002 180.013       0       0 -0.13     0 -1.03   0.171585 0.00102946 -0.0269014 0.00697894  0.0103071 -0.0134127 -0.0352554 -0.0644396  0.0194213 0.0588404  0.143355   9.80778 
             52.9302 0.0793116  0.274263   55.1914     3.17533     1.41915 -0.00854847 180.013       0       0 -0.13     0 -1.03 -0.0901742   0.120438  -0.270674 0.00671709  0.0100902 -0.0129397 -0.0375895 -0.0705506  0.0205352 0.0551475  0.140187   9.80784 
             53.1289 0.0744929  0.277855   55.1575   3.17948   1.46739 0.0538156 180.013       0       0 -0.13     0 -1.03 -0.0260373   0.179088   0.175582 0.00667995  0.0100059 -0.0131483 -0.0392122 -0.0685494 0.00774839 0.0548732  0.142168   9.80782 
             53.3289 0.0746651  0.280105   55.3791   3.17835    1.4675 0.0475628 180.013       0       0 -0.13     0 -1.03 -0.0152277   0.036128   0.102441  0.0067209  0.0098715 -0.0132517 -0.0364812 -0.0682043  0.0128746 0.056733 0.141392  9.80782 
             53.5275 0.0785212  0.281469   55.5309   3.26929   1.49376 0.0441575 180.013       0       0 -0.13     0 -1.03  0.220583 0.0543241  0.137788 0.00638028 0.00982706 -0.0132742 -0.0379755 -0.0585454   0.015626 0.059175 0.148126   9.8077 
             53.9262 0.0828689  0.284136   55.5042   3.39806   1.49238 0.0396775 180.013       0       0 -0.13     0 -1.03  0.334469 0.0227619  0.039444 0.00628707 0.00987741 -0.0133273 -0.0366428  -0.056629   0.017697 0.060713  0.14886  9.80768 
             54.1248 0.0907643  0.295197   55.6896   3.41386   1.56212 0.0386213 180.013       0       0 -0.13     0 -1.03  0.218165  0.153385 0.0553944 0.00611946 0.00969313 -0.0132102 -0.0400818 -0.0587948  0.0184212 0.0577491  0.148691    9.8077 
             54.3247 0.0882708  0.297902   55.7423   3.40787   1.61774 0.0327571 180.013       0       0 -0.13     0 -1.03    0.118204     0.23974 -0.00184069 0.00688076 0.00971009 -0.0132391 -0.0423361 -0.0634354  0.0207031 0.0546878  0.146481   9.80775 
             54.5235 0.0899724  0.298452    55.775   3.42359   1.63262 0.0366551 180.013       0       0 -0.13     0 -1.03 0.0785162 0.0250053 0.0378884 0.00676094 0.00967424 -0.0132022 -0.0402191 -0.0639647  0.0205093 0.0558496   0.14541   9.80776 
             54.7234 0.0863791  0.299491   55.7897   3.46454   1.65935 0.0456191 180.013       0       0 -0.13     0 -1.03  0.140811 0.0443299  0.162346  0.0067213 0.00962355 -0.0132206 -0.0421001 -0.0616806  0.0209942 0.0554543  0.147512   9.80773 
             54.9221 0.093133 0.300451  55.9301   3.46238   1.59196 0.0525033 180.013       0       0 -0.13     0 -1.03 0.0871527 -0.108051 0.0964377 0.00681783 0.00901614 -0.0132109 -0.0375155 -0.0637579   0.021922 0.0575831  0.144595   9.80777 
             55.1221 0.0926433   0.30823   55.7805   3.45798   1.65457 0.0273508 180.013       0       0 -0.13     0 -1.03  0.0632777   0.099034 -0.0555948  0.0060872 0.00965427 -0.0132601 -0.0433842 -0.0650032  0.0262349 0.0534993  0.145867   9.80777 
             55.3208 0.0927784   0.31147   55.8697  3.49356  1.71058 0.034692 180.013       0       0 -0.13     0 -1.03 0.0698228  0.232947 0.0450401 0.00604023 0.00974173 -0.0131812 -0.0458994 -0.0622475  0.0248502 0.0529141  0.148472   9.80773 
             55.5207 0.0923098  0.316421   55.9541   3.52496   1.72825 0.0439648 180.013       0       0 -0.13     0 -1.03 0.124817 0.180838 0.127603 0.00611303 0.00966873 -0.0131528 -0.0430422 -0.0608369  0.0253632 0.0551714  0.148339   9.80772 
             55.7194 0.096486 0.319252  56.0604   3.55569   1.73044 0.0203255 180.013       0       0 -0.13     0 -1.03  0.150958 0.0916745 -0.157115 0.00614313 0.00964177   -0.01316 -0.0402146  -0.060645  0.0274713 0.0569704  0.147443   9.80773 
             55.9194 0.0964235  0.323369   56.0472    3.57369    1.75061 0.00757216 180.013       0       0 -0.13     0 -1.03 0.109708 0.115753 -0.14273 0.00605972 0.00944975 -0.0131133 -0.0401704  -0.061421  0.0262868 0.0567241  0.146966   9.80773 
              56.118 0.0959125  0.324494   56.1156   3.59543   1.77513 0.0299277 180.013       0       0 -0.13     0 -1.03    0.023691    0.144509 -0.00917703 0.00605308 0.00937331 -0.0132102 -0.0398381 -0.0607834   0.020558 0.0571734   0.14728   9.80773 
             56.3168 0.102047 0.324397  56.2171   3.62954   1.74891 0.0312681 180.013       0       0 -0.13     0 -1.03   0.138235  0.0867482 -0.0426041 0.00627614 0.00925947 -0.0133676  -0.034224 -0.0587751  0.0199027 0.0612708  0.146527   9.80771 
             56.5167 0.102757   0.3303  56.2743    3.6346   1.79209 0.0387717 180.013       0       0 -0.13     0 -1.03 0.038079 0.176772 0.167032 0.00597652 0.00933336 -0.0133025 -0.0359058 -0.0598391   0.019887 0.059889 0.146486  9.80772 
             56.7153 0.103942 0.332493  56.3575   3.66253   1.82986 0.0312545 180.013       0       0 -0.13     0 -1.03  0.144539   0.17249 -0.116415 0.00594733 0.00928231 -0.0133394 -0.0361327 -0.0589543  0.0210367 0.0600598  0.147087   9.80771 
             56.9153 0.100316 0.336348  56.4253    3.63708    1.86635 0.00147925 180.013       0       0 -0.13     0 -1.03 0.0081578  0.164048 -0.202975  0.0059893  0.0094381 -0.0130115 -0.0365084 -0.0622338  0.0209668 0.0587009   0.14526   9.80775 
              57.114 0.0851969  0.337525   56.2143   3.64137   2.01445 0.0467551 180.013       0       0 -0.13     0 -1.03 0.00885188   0.389859   0.160228 0.00603048 0.00899661 -0.0128464  -0.046767 -0.0616593  0.0124485 0.0528111  0.149266   9.80772 
             57.5126 0.0890625  0.347024   56.4057   3.73048   2.10878 0.0221954 180.013       0       0 -0.13     0 -1.03   0.187689   0.352756 -0.0506484 0.00543596 0.00906267 -0.0130327 -0.0410281 -0.0570587  0.0156176 0.0578047  0.149999   9.80768 
             57.7126 0.0881371  0.353149   56.6567   3.72709   2.11664 0.0382141 180.013       0       0 -0.13     0 -1.03 0.157982 0.270564  0.09156 0.00535289  0.0104305 -0.0134866 -0.0366162  -0.060218  0.0141385 0.0593387  0.146624   9.80772 
             57.9113 0.0966698  0.351878   56.7783   3.80961   2.06702 0.0507582 180.013       0       0 -0.13     0 -1.03    0.3042  0.125747 0.0869463 0.00330333  0.0117397 -0.0136299 -0.0270099 -0.0563598  0.0154061 0.0663316  0.145583    9.8077 
             58.1113 0.101172 0.347505  56.8114   3.8395  2.03499 0.032782 180.013       0       0 -0.13     0 -1.03   0.191249 -0.0621531 -0.0254878 0.00334181  0.0122659 -0.0135827 -0.0225378 -0.0586317  0.0174065 0.0681715  0.142695   9.80773 
             58.3099 0.101447 0.350755  56.7336   3.80774   2.00557 0.0230427 180.013       0       0 -0.13     0 -1.03   0.118731 -0.0939861 -0.0945496 0.00373324  0.0120551 -0.0133173 -0.0216481 -0.0665459  0.0171026 0.0659785  0.137739   9.80781 
             58.7085 0.0985924  0.352068   56.8493  3.77755  2.11596 0.011675 180.013       0       0 -0.13     0 -1.03 -0.0337216   0.219552 -0.0467738 0.00389817  0.0118123 -0.0134523 -0.0293148 -0.0698416  0.0149401 0.0603628  0.138417   9.80784 
             58.9085 0.0970286  0.361415     56.94   3.84065   2.19712 0.0351052 180.013       0       0 -0.13     0 -1.03   0.144385    0.27384 -0.0025503  0.0036085  0.0112178 -0.0133137 -0.0310234  -0.066828  0.0132713 0.060383 0.140778   9.8078 
             59.1072 0.0999004  0.369894   57.0703   3.91743   2.19293 0.0133942 180.013       0       0 -0.13     0 -1.03  0.298342  0.181979 -0.221805 0.00194015  0.0118356   -0.01329 -0.0265755 -0.0639036  0.0132751 0.0639627  0.141024   9.80778 
             59.3073  0.10248 0.364775  57.1425   3.94324   2.18309 0.0223875 180.013       0       0 -0.13     0 -1.03   0.228748  0.0347811 -0.0524484 0.00200501  0.0122197 -0.0134014  -0.023448 -0.0667096 0.00995283 0.0648118  0.138384   9.80781 
             59.5059 0.102634 0.370158  57.1817   3.92689   2.20012 0.0371788 180.013       0       0 -0.13     0 -1.03 0.0936833 0.0399117 0.0241522 0.00203457  0.0122608 -0.0132709 -0.0243873 -0.0714931 0.00779007 0.0626556  0.136006   9.80786 
             59.7058 0.102986 0.376883   57.232   3.92532   2.22731 0.0311026 180.013       0       0 -0.13     0 -1.03   0.0247361   0.0866685 -0.00213285 0.00203985  0.0122276 -0.0132694 -0.0258478 -0.0727531 0.00876777 0.0613939  0.135773   9.80787 
             59.9045 0.0979426  0.378414    57.276   3.92128   2.33731 0.0285568 180.013       0       0 -0.13     0 -1.03 0.0134087  0.321112 -0.056614 0.00160414  0.0124529 -0.0134741  -0.031028 -0.0730894 0.00846717 0.0583639  0.137353   9.80786 
             60.1045 0.0992163  0.385247   57.5742   3.94286   2.36234 0.0449324 180.013       0       0 -0.13     0 -1.03 -0.0114354   0.256844   0.125695 0.00171262  0.0124795  -0.013432 -0.0274177 -0.0706796 0.00618964 0.0612005  0.137499   9.80785 
             60.7018 0.0982444  0.387909   57.3475    4.0347   2.38809 0.0381433 180.013       0       0 -0.13     0 -1.03  0.114166  0.132053 0.0299302 0.00168106   0.012549 -0.0133312 -0.0207123 -0.0663826 0.00836708 0.0663962   0.13762   9.80781 
             60.9005 0.0992243  0.393532   57.5417   4.07105   2.50195 0.0468748 180.013       0       0 -0.13     0 -1.03  0.166105  0.290781 0.0674908 0.00233579   0.010581 -0.0134811 -0.0239011 -0.0657978 0.00828086 0.0647737  0.138999    9.8078 
             61.1004 0.0987137  0.393603   57.5573    4.0814    2.5102 0.0408236 180.013       0       0 -0.13     0 -1.03  0.117634  0.159543 0.0219289 0.00207114  0.0120922 -0.0133803 -0.0213528   -0.06714  0.0115029 0.0657487  0.137416   9.80782 
             61.2991 0.0947623  0.405492   57.5701   4.09104   2.56965 0.0297471 180.013       0       0 -0.13     0 -1.03   0.121444   0.238674 -0.0155422 0.00226703  0.0118039  -0.013463 -0.0233002 -0.0683653  0.0119594 0.0642652  0.137373   9.80783 
             61.4978 0.0938755  0.406442   57.4798   4.07445   2.55023 0.0442322 180.013       0       0 -0.13     0 -1.03    0.0685725 -0.000300445    0.0222568 0.00236059  0.0116982 -0.0131673 -0.0177919 -0.0722581 0.00981495 0.065978 0.133412  9.80787 
             61.8964 0.0969517  0.408294   57.5073   4.19742   2.52885 0.0323854 180.013       0       0 -0.13     0 -1.03    0.237096  0.00696841 -0.00350867 0.00264155  0.0117631 -0.0132602 -0.0156014 -0.0662547  0.0115538 0.0691742  0.135933   9.80781 
             62.0964 0.124993 0.366285  59.9966   3.97247   2.30355 0.0502975 180.013       0       0 -0.13     0 -1.03 -0.240258 -0.384306  0.115551   0.003016  0.0119476 -0.0126198 -0.00682163  -0.0770054   0.0112829 0.0703435  0.127189   9.80792 
             62.2951 0.116028 0.360224  59.7987   3.91701    2.1842 0.0376875 180.013       0       0 -0.13     0 -1.03 -0.241276  -0.55584 -0.018191 0.00291571  0.0123234   -0.01246 -0.0036717 -0.0777056  0.0171183 0.0718979   0.12576   9.80793 
             62.6938 0.115631 0.372093  59.7939    3.93995    2.16073 -0.0684174 180.013       0       0 -0.13     0 -1.03 -0.051513 -0.178071  -0.42529 0.00294624   0.012845 -0.0124986 -0.0117882 -0.0721209  0.0170918 0.0689385  0.131438   9.80788 
             62.8924 0.121963 0.370294  60.2025   4.02356   2.29839 0.0325007 180.013       0       0 -0.13     0 -1.03   0.14409  0.171601 0.0206188 0.00287364  0.0136376 -0.0126132 -0.0182207 -0.0680148  0.0101196 0.0665895  0.135776   9.80783 
             63.0924 0.125556   0.3701  60.0974     4.067   2.29918 0.0502762 180.013       0       0 -0.13     0 -1.03  0.161538  0.156348 0.0891587 0.00251545  0.0139949 -0.0123594 -0.0159357 -0.0672875 0.00956861 0.0680914  0.135493   9.80783 
              63.291 0.145518 0.349955  61.4011   3.94853   2.15965 0.0359778 180.013       0       0 -0.13     0 -1.03  -0.219409  -0.212463 0.00344649 0.00276088  0.0157571 -0.0120826 -0.00554021  -0.0775836   0.0119571 0.0708676  0.126562   9.80793 
             63.6897 0.149513  0.31996  63.3663     3.52316       1.906 -0.00701681 180.013       0       0 -0.13     0 -1.03 -0.781232 -0.497715 -0.198236 0.00368859  0.0170202 -0.0120308 0.00195148 -0.0946768  0.0118799 0.0702133  0.114607   9.80808 
             63.8896 0.131299 0.290769  64.7524   3.37822    1.6644 0.0279673 180.013       0       0 -0.13     0 -1.03  -0.810105  -0.732508 -0.0515023 0.00291876  0.0177703 -0.0119115 0.00806953  -0.094219 0.00963669 0.0739702  0.113285   9.80807 
             64.0883 0.122156 0.265905  64.5934   3.27314   1.52057 0.0330405 180.013       0       0 -0.13     0 -1.03  -0.710748  -0.712776 0.00590838 0.00195114  0.0172691 -0.0115938 0.00859475 -0.0909286 0.00849799 0.075032 0.115212  9.80804 
             64.2883  0.12087 0.253967  65.6804   3.05373   1.33039 0.0456247 180.013       0       0 -0.13     0 -1.03  -0.92288 -0.808194 0.0868114 0.00250661  0.0177584 -0.0113071  0.0111484 -0.0969378 0.00842968 0.0751687  0.110913   9.80808 
              64.687 0.118888 0.231874  67.4944  2.57842  1.01952 0.064784 180.013       0       0 -0.13     0 -1.03  -1.11484 -0.832514  0.151944 0.00309396  0.0176364  -0.011205 0.00843459   -0.10303  0.0112706 0.0720591  0.107793   9.80814 
             64.8856 0.0996372  0.216543   67.8436   2.70214   1.17688 0.0290362 180.013       0       0 -0.13     0 -1.03  -0.357379  -0.132683 -0.0609596 0.00177206  0.0150483 -0.0111834 -0.00219301  -0.0856931   0.0126757 0.0691134  0.120997   9.80801 
             65.0843 0.102749 0.223011  67.9298   2.84182   1.27895 0.0172599 180.013       0       0 -0.13     0 -1.03  0.122423   0.20721 -0.105006 -0.000861677    0.0118957   -0.0112066 -0.00627951  -0.0723486   0.0114762 0.0691867   0.13029   9.80789 
             65.2843 0.107329 0.229096  67.8845   2.96441   1.38058 0.0174703 180.013       0       0 -0.13     0 -1.03  0.483784  0.468972 -0.150244 -0.00147695   0.0113131  -0.0112191 -0.00809398  -0.0650047  0.00851022 0.0695793  0.135291   9.80782 
             65.4831 0.115778 0.238164  68.1226    3.0609   1.47183 0.0233574 180.013       0       0 -0.13     0 -1.03   0.538381   0.531504 -0.0834786 -0.00161352   0.0112953  -0.0113667 -0.00759657  -0.0651147  0.00506862 0.0698571  0.135132   9.80782 
             65.6829 0.119968 0.239457  67.9703   3.06117   1.47016 0.0325157 180.013       0       0 -0.13     0 -1.03  0.229817  0.296858 0.0244042 -0.00160809   0.0111693  -0.0113159 -0.00138993   -0.073606  0.00408636 0.0718653  0.128552   9.80789 
             65.8816 0.117553 0.246677  67.8942   3.02777   1.53583 0.0329311 180.013       0       0 -0.13     0 -1.03 0.0751803   0.32567 0.0181716 -0.00214924     0.01098  -0.0114069 -0.00231333  -0.0772937  0.00414964 0.0705028  0.126495   9.80793 
             66.0816 0.117855 0.250101  68.0469   3.05748    1.5715 0.0232485 180.013       0       0 -0.13     0 -1.03  0.134118   0.26531 -0.058274 -0.00179657   0.0106831   -0.011634 0.000443356  -0.0768567  0.00406986 0.0722625  0.126149   9.80792 
             66.2802 0.115615 0.256487  68.1008  3.04328  1.62462 0.016145 180.013       0       0 -0.13     0 -1.03 0.0592156  0.269202 -0.140035 -0.00188772   0.0103745  -0.0116844 -0.000463104   -0.0814729   0.00176624 0.0707046  0.123572   9.80797 
             66.6789 0.113902 0.260626  68.3283    3.03723     1.7578 0.00732661 180.013       0       0 -0.13     0 -1.03 0.0182511  0.365089 -0.105076 -0.00183071   0.0104001  -0.0117393 -0.00172477  -0.0834061 -0.00291595 0.0695292  0.122698   9.80799 
             66.8776 0.119446 0.267587  68.4391   3.16076   1.75732 0.0403998 180.013       0       0 -0.13     0 -1.03   0.22209   0.26459 0.0546645 -0.00360325   0.0107645  -0.0118522  0.00399679  -0.0772294 -0.00493903 0.0742839  0.125247   9.80792 
             67.0775 0.122717 0.272239  68.5133   3.1789  1.78856 0.030731 180.013       0       0 -0.13     0 -1.03   0.142947   0.180869 -0.0413693 -0.00318275   0.0111166  -0.0117155  0.00484769  -0.0790264 -0.00295505 0.0744261  0.123977   9.80793 
             67.2762 0.123779 0.276578  68.4313    3.2233   1.81681 0.0452166 180.013       0       0 -0.13     0 -1.03 0.210085   0.1721 0.117999 -0.00322082    0.011049  -0.0116786 0.00575624 -0.0782956 -0.0036025 0.0751258   0.12422   9.80793 
             67.4762 0.126926   0.2831   68.484    3.2436   1.85426 0.0293716 180.013       0       0 -0.13     0 -1.03  0.262336  0.273597 -0.147228 -0.00299396     0.01092  -0.0115357   0.00523582   -0.0812024 -0.000350204 0.0741924  0.122579   9.80795 
             67.6762 0.127419 0.286116  68.4717   3.27786   1.93967 0.0117731 180.013       0       0 -0.13     0 -1.03   0.206611   0.400117 -0.0894661 -0.00301544    0.010998  -0.0116146  0.00272192  -0.0821839 -0.00121456 0.072498 0.122541  9.80797 
             67.8749  0.12669 0.291234  68.7128   3.26308   1.98783 0.0392311 180.013       0       0 -0.13     0 -1.03  0.127967  0.347632 0.0526395 -0.00339982   0.0104905  -0.0118265  0.00395117  -0.0859963 -0.00313668 0.0723693  0.120066     9.808 
             68.0749 0.126777 0.294146  68.6586    3.2482   2.01267 0.0364027 180.013       0       0 -0.13     0 -1.03  0.0271278   0.285882 -0.0344729 -0.00329774  0.00996681  -0.0115385  0.00717672  -0.0898671 -0.00220982 0.0734021  0.117103   9.80803 
             68.2735 0.124133 0.299549  68.6047   3.29234   2.04223 0.0258062 180.013       0       0 -0.13     0 -1.03   0.131872   0.237118 -0.0691687 -0.00339769   0.0099674  -0.0116237   0.0109125  -0.0866401 -0.00206023 0.076269 0.118187  9.80799 
             68.6722 0.128128 0.303223   68.792   3.33898   1.99627 0.0648592 180.013       0       0 -0.13     0 -1.03  0.0982058 -0.0192663  0.0809361 -0.00341716   0.0101036  -0.0116538   0.0204268   -0.088444 -0.00448688 0.0813846  0.115109   9.80799 
             68.8708 0.131049  0.30575  68.8837   3.36189   2.00667 0.0308205 180.013       0       0 -0.13     0 -1.03   0.122746   0.004606 0.00141457 -0.00315383  0.00939776  -0.0118117    0.0192106   -0.0882812 -0.000704121 0.0807052  0.115435   9.80799 
             69.0709 0.134813 0.314022  68.9074   3.38421   1.96365 0.0311843 180.013       0       0 -0.13     0 -1.03   0.127313 -0.0816937 -0.0100355 -0.00349101   0.0104847  -0.0119124    0.0229272   -0.0891544 -0.000677694 0.0826728  0.114152   9.80799 
             69.2695 0.136195 0.312381  69.1236   3.36449   2.02419 0.0290216 180.013       0       0 -0.13     0 -1.03 0.00919536   0.153571 -0.0641187 -0.00296304  0.00999662  -0.0120715   0.0165736  -0.0918591 -0.00100245 0.0784481  0.113961   9.80802 
             69.6681 0.133932 0.314287  69.1855   3.31202   2.09215 0.0153747 180.013       0       0 -0.13     0 -1.03 -0.0672463   0.161318 -0.0507345 -0.00311843  0.00985002  -0.0118638  0.0153786 -0.0953576 -0.0017289 0.0770116  0.112225   9.80806 
             69.8668 0.130654 0.322927  69.1532   3.38174   2.11506 0.0371877 180.013       0       0 -0.13     0 -1.03 0.0761017 0.0998984 0.0275287 -0.00429848  0.00919803  -0.0118353   0.0164712   -0.089831 -0.00432456 0.0787772  0.115183   9.80801 
             70.0668 0.134304 0.324239  69.2262   3.41963    2.0835 0.0422405 180.013       0       0 -0.13     0 -1.03   0.117253 -0.0113969  0.0551623 -0.00537059   0.0102918  -0.0117219   0.0213366  -0.0884092 -0.00274579 0.0818508  0.114977   9.80798 
             70.2655 0.135512 0.325839   69.067   3.43941   2.12446 0.0404061 180.013       0       0 -0.13     0 -1.03  0.115447 0.0850953 0.0702236 -0.00507055   0.0096951  -0.0115784    0.0168885   -0.0881417 -0.000621262 0.079389 0.116037  9.80799 
             70.4641  0.13989 0.328154  69.2846  3.49886  2.16267 0.026634 180.013       0       0 -0.13     0 -1.03   0.211267   0.146798 -0.0540002 -0.00530784  0.00921851  -0.0119358   0.015419 -0.0841553  0.0014539 0.0794044  0.118581   9.80796 
             70.6641  0.14208 0.329665    69.47   3.48846   2.18549 0.0226695 180.013       0       0 -0.13     0 -1.03 0.0753598  0.130425 -0.067214 -0.00500106  0.00922637  -0.0116932   0.0150676  -0.0892629 0.000454325 0.0781107  0.115795   9.80801 
             70.8627 0.133808 0.337675  69.0623   3.45911    2.2099 0.0181723 180.013       0       0 -0.13     0 -1.03 -0.000537663     0.111095    -0.067828 -0.00512504  0.00907456  -0.0114088   0.0143614  -0.0941035 -0.00181106 0.0766824   0.11325   9.80805 
             71.0614 0.139058 0.337986  69.1535   3.50578   2.22509 0.0362587 180.013       0       0 -0.13     0 -1.03 0.0826447  0.124817 0.0104687 -0.00469083  0.00910886  -0.0115723   0.0161452  -0.0893792 -0.00545967 0.0786843  0.115521     9.808 
             71.2614 0.142352 0.340034  69.3592   3.52441   2.23005 0.0425425 180.013       0       0 -0.13     0 -1.03 0.0916227 0.0558289 0.0890275 -0.00468117  0.00899439  -0.0115763   0.0179034   -0.089107 -0.00466353 0.0797134  0.115284     9.808 
               71.66 0.141002 0.344903  69.3133   3.53872   2.26478 0.0105489 180.013       0       0 -0.13     0 -1.03  0.0580981  0.0480076 -0.0622505 -0.0045412 0.00873705   -0.01152   0.0164021  -0.0902399 -0.00192861 0.0786427  0.114961   9.80801 
             71.8587 0.139916 0.349662  69.2904   3.55091   2.31445 0.0393208 180.013       0       0 -0.13     0 -1.03 0.0797114  0.104389 0.0444883 -0.0041345 0.00813977 -0.0114412  0.0134304 -0.0900636 -0.0049554 0.0770371  0.115704   9.80802 
             72.0574 0.142817 0.353695  69.4749   3.57252    2.3253 0.0336779 180.013       0       0 -0.13     0 -1.03   0.162792 -0.0238757 0.00519628 -0.00387582  0.00815393  -0.0115393   0.0132263  -0.0903369 -0.00234766 0.0768718  0.115565   9.80802 
             72.2573 0.145651   0.3581  69.5092   3.64518   2.30287 0.0299883 180.013       0       0 -0.13     0 -1.03   0.237058 -0.0942471 -0.0208398 -0.00432097  0.00812717  -0.0115711   0.0151563  -0.0866127 -0.00185879 0.0787179  0.117181   9.80798 
              72.456 0.145992 0.362408  69.3049   3.62817    2.3633 0.0258876 180.013       0       0 -0.13     0 -1.03  0.0959136   0.125594 -0.0130903 -0.00429504   0.0080802  -0.0113647  0.00879864  -0.0907489 -0.00197866 0.0743777  0.116305   9.80803 
             72.6546   0.1475 0.366238    69.41   3.64841   2.44855 0.0333162 180.013       0       0 -0.13     0 -1.03  0.123795  0.319258 0.0132483 -0.00440066  0.00797904  -0.0115491  0.00425983  -0.0899224 -0.00331267 0.0720992   0.11774   9.80803 
             72.8546 0.148368 0.364917  69.4843   3.64909   2.47472 0.0259906 180.013       0       0 -0.13     0 -1.03 0.0198409  0.241966 -0.126645 -0.00424342  0.00786627  -0.0114765  0.00756869  -0.0921465 -0.00320447 0.0733922  0.115826   9.80804 
             73.2533 0.146669 0.367693  69.3356    3.63866    2.57174 -0.0452186 180.013       0       0 -0.13     0 -1.03 0.0190393  0.261748 -0.218402 -0.00445323  0.00768488  -0.0115027  0.00785847  -0.0937649 -0.00403083 0.0731961  0.114907   9.80805 
             73.4519 0.144407 0.377865   69.422   3.67316   2.60776 0.0355589 180.013       0       0 -0.13     0 -1.03 0.0740203  0.210447 0.0968542 -0.00457167  0.00755139  -0.0114585 0.00875385 -0.0924943 -0.0122307 0.0739521  0.115448   9.80804 
             73.6506 0.147464 0.377597  69.5453    3.7248   2.60996 0.0485624 180.013       0       0 -0.13     0 -1.03 0.141607 0.147456 0.121074 -0.00596729  0.00831044  -0.0115334  0.0121957 -0.0902793 -0.0106872 0.0762332  0.115891   9.80802 
             73.8506 0.152284 0.383754  69.7731  3.76712  2.60863 0.020445 180.013       0       0 -0.13     0 -1.03  0.233398  0.141715 -0.123736 -0.00582689  0.00833036  -0.0116028  0.0136976 -0.0903355 -0.0102515 0.0770137  0.115527   9.80802 
             74.0493 0.151085 0.385576  69.7479   3.73275   2.68495 0.0394896 180.013       0       0 -0.13     0 -1.03  0.041851  0.252114 0.0860613 -0.00693533  0.00851066  -0.0115107  0.0101077 -0.0946924  -0.012987 0.0742078  0.114083   9.80806 
              74.248 0.152501 0.390649  69.8825   3.74437   2.69385 0.0318197 180.013       0       0 -0.13     0 -1.03  0.0555809    0.17159 -0.0179014 -0.00680572  0.00814167  -0.0114799  0.0140886 -0.0951994 -0.0109565 0.0761574  0.112947   9.80805 
             74.4479 0.154268 0.395803  69.9825   3.77759   2.79009 0.0425259 180.013       0       0 -0.13     0 -1.03 0.0896352  0.308517  0.101014 -0.00669713  0.00822605  -0.0116851 0.00831421 -0.0920169 -0.0112265 0.073852 0.115827  9.80804 
             74.6466 0.155863 0.395478  70.1142   3.78546   2.83252 0.0343699 180.013       0       0 -0.13     0 -1.03  0.0903374   0.235221 -0.0469296 -0.00675828  0.00810639  -0.0117316 0.00948431 -0.0934581 -0.0089903 0.0741369  0.114816   9.80805 
             74.8466 0.150861 0.400261  69.8347   3.77678   2.86674 0.0237007 180.013       0       0 -0.13     0 -1.03  0.0432435   0.273473 -0.0603214 -0.0068571 0.00761461 -0.0114175   0.0109914  -0.0965436 -0.00888713 0.0742487  0.112906   9.80807 
             75.0453 0.149766 0.399502  69.9112   3.82547   2.88727 0.0343379 180.013       0       0 -0.13     0 -1.03  0.155334  0.213817 -0.023412 -0.0060176 0.00727047 -0.0117826  0.0150055 -0.0936447 -0.0119759 0.0769311  0.113555   9.80804 
             75.2439 0.139025  0.36105  67.2457   3.82577   2.76331 0.0739917 180.013       0       0 -0.13     0 -1.03 0.0287193 -0.178578  0.224609 -0.00554057  0.00535011  -0.0117224  0.0288323 -0.0980232 -0.0150434 0.0829671  0.108365   9.80805 
             75.4425 0.103376 0.355274  64.0487 3.83772 2.58687  0.0607 180.013       0       0 -0.13     0 -1.03 -0.0242715  -0.535961 -0.0459417 -0.00518485  0.00448023  -0.0117154  0.0377943 -0.0988148  -0.011796 0.0870691  0.105876   9.80804 
             75.6425 0.116969 0.349435  61.3613   3.85611   2.20009 0.0468321 180.013       0       0 -0.13     0 -1.03 -0.0410066    -1.1736   0.260312 -0.0043482 0.00312961 -0.0117789  0.0514607 -0.0976306 -0.0111854 0.0931068  0.102747   9.80802 
             75.8412 0.0900059  0.329217   57.8977     3.752   1.86273 0.0989917 180.013       0       0 -0.13     0 -1.03 -0.273549   -1.4716 0.0780848 -0.00474208  0.00184903  -0.0118226  0.0543569 -0.0999235 -0.0112349 0.0934787  0.101095   9.80803 
             76.0399 0.0678537  0.323442   54.4257   3.54311   1.50508 0.0231673 180.013       0       0 -0.13     0 -1.03 -0.518378  -1.68492 0.0509672 -0.00522651 0.000981795  -0.0117673   0.0566689   -0.103316 -0.00861085 0.0930334 0.0995188   9.80805 
             76.4385 0.0674247  0.292254   51.2912   3.2429   0.8156 0.110147 180.013       0       0 -0.13     0 -1.03 -0.672143  -1.69489  0.143874 -0.00590193 8.95318e-05   -0.011655  0.0581426  -0.105639 -0.0111402 0.0925361 0.0987961   9.80807 
             76.8372 0.0742376  0.244195   48.8507    2.8826  0.360847 0.0206663 180.013       0       0 -0.13     0 -1.03 -0.839342  -1.39834 0.0100121 -0.00630803 0.000631292  -0.0117918   0.0534163   -0.111427 -0.00400954 0.0910449  0.099962   9.80807 
             77.0358 0.083047 0.223077  49.1506  2.91257 0.617982 0.050975 180.013       0       0 -0.13     0 -1.03  -0.47264 -0.274414  0.164303 -0.00294594 -0.00801019  -0.0118221   0.0358186   -0.117389 -0.00495086 0.0918125  0.103852   9.80802 
             77.2344 0.0794435  0.223541    49.093   2.99289  0.742644 0.0119461 180.013       0       0 -0.13     0 -1.03 -0.0142555   0.145165  -0.144845 -0.00305123  -0.0113998  -0.0119587   0.0267832    -0.11668 -0.00168374 0.0927447  0.105597   9.80799 
             77.4345 0.0780923  0.227273   49.4144   3.05446  0.825207 0.0380382 180.013       0       0 -0.13     0 -1.03 0.186288   0.2948 0.101882 -0.00307544  -0.0115714  -0.0120246   0.0234449   -0.115872 -0.00449094 0.0931588  0.106255   9.80798 
             77.6332 0.0794782  0.233771   49.3739   3.14017  0.945588 0.0280992 180.013       0       0 -0.13     0 -1.03  0.277524   0.65725 -0.314895 -0.00314615   -0.011791  -0.0120271   0.0195418   -0.115287 -0.00316281 0.0935624  0.106989   9.80797 
             77.8332 0.0763855  0.240124   49.3737    3.19766    1.02052 -0.0255325 180.013       0       0 -0.13     0 -1.03  0.303946  0.533954 -0.311054 -0.00336306  -0.0116706  -0.0121131   0.0219173   -0.113487 -0.00375126 0.0937583  0.106383   9.80797 
             78.0318 0.0791418  0.244341   49.6951    3.2428    1.0096 0.0438087 180.013       0       0 -0.13     0 -1.03  0.221655  0.284637 0.0895226 -0.00281742  -0.0121226  -0.0121986   0.0253481   -0.111351 -0.00811382 0.0939853  0.105586   9.80798 
             78.2305 0.0780878  0.248387   49.6914   3.23487   1.06213 0.0370799 180.013       0       0 -0.13     0 -1.03   0.0864918    0.254106 -0.00806922 -0.00323725  -0.0124571  -0.0119325   0.0268151   -0.113342 -0.00616655 0.0934859  0.105377   9.80799 
             78.4305 0.0771335  0.249897   49.6634   3.23815   1.06004 0.0271647 180.013       0       0 -0.13     0 -1.03 0.0383162  0.174928    -0.062 -0.00321492  -0.0125705   -0.012048   0.0306941   -0.111488 -0.00586762 0.0936573  0.104476     9.808 
             78.6292 0.075938 0.251715  49.7567   3.29225   1.13607 0.0331351 180.013       0       0 -0.13     0 -1.03  0.100978  0.321511 -0.119545 -0.00329734  -0.0128674  -0.0122467   0.0263341   -0.110157 -0.00854788 0.0941762  0.105286   9.80798 
             78.8278 0.0788649  0.257721   50.0054    3.3402   1.16053 0.0191041 180.013       0       0 -0.13     0 -1.03   0.190279   0.248692 -0.0897846 -0.00358425   -0.012732  -0.0122982   0.0275301   -0.107384 -0.00935365 0.0946427  0.104881   9.80798 
             79.0278 0.0774288  0.264571    49.967   3.36747   1.22924 0.0299371 180.013       0       0 -0.13     0 -1.03   0.145772   0.302345 -0.0757082 -0.0037659 -0.0125602 -0.0122467  0.0272508   -0.10789 -0.0104509 0.094544 0.104974  9.80798 
             79.2264 0.0763132  0.269712   50.1776   3.37437   1.25642 0.0488931 180.013       0       0 -0.13     0 -1.03 0.0591364  0.283939  0.135598 -0.00348844  -0.0129741  -0.0122882  0.0296827  -0.107487 -0.0125077 0.0945314  0.104476   9.80799 
             79.4265 0.0754288    0.2755   49.9363   3.40429   1.32017 0.0352545 180.013       0       0 -0.13     0 -1.03  0.101354  0.308804 -0.191804 -0.00358386  -0.0127486   -0.011939  0.0286356  -0.106572 -0.0102059 0.0947517  0.104632   9.80798 
             79.6251 0.072219 0.276478  49.7678    3.39041    1.38673 0.00291031 180.013       0       0 -0.13     0 -1.03 -0.0114075   0.224676  -0.277527 -0.00335039  -0.0126602  -0.0119683  0.0295727  -0.109039 -0.0113994 0.0942159  0.104567   9.80799 
             80.0225 0.0709553  0.283076    50.304   3.40285   1.47282 0.0706253 180.013       0       0 -0.13     0 -1.03 0.0341812  0.277763 0.0739769 -0.00328295  -0.0126075  -0.0120607  0.0299373  -0.108451 -0.0169193 0.0943698   0.10447   9.80799 
             80.2223 0.0731705  0.292897    50.604   3.52598   1.49328 0.0391409 180.013       0       0 -0.13     0 -1.03    0.26708   0.222586 -0.0511837 -0.00315932  -0.0124579  -0.0125668  0.0288387   -0.10508 -0.0151841 0.0950783  0.104523   9.80798 
              80.421 0.0759206  0.300592   50.7615   3.55503   1.50432 0.0493538 180.013       0       0 -0.13     0 -1.03 0.139141 0.171965 0.103161 -0.00348866  -0.0117066  -0.0125308  0.0320221   -0.10439 -0.0162154 0.0950682  0.103887   9.80799 
             80.6197 0.073908 0.302449  50.8561   3.50341    1.5121 0.0658101 180.013       0       0 -0.13     0 -1.03 -0.0530091  0.0390299   0.341096 -0.00341789  -0.0114144  -0.0125517   0.035547  -0.107283 -0.0157737 0.0943875  0.103269     9.808 
             80.8184 0.0662031  0.298553   51.4834  3.37488  1.50759 0.061779 180.013       0       0 -0.13     0 -1.03   -0.32779 -0.0307509  0.0634384 -0.00343998  -0.0113183  -0.0123334  0.0395237  -0.111888 -0.0102248 0.0933599  0.102528   9.80802 
             81.0184 0.0684915  0.282465   54.2324   3.19787   1.35067 0.0319054 180.013       0       0 -0.13     0 -1.03  -0.557559  -0.450902 -0.0426027 -0.00327457  -0.0119289  -0.0123695   0.0464794   -0.112483 -0.00891792 0.093201  0.10106  9.80804 
              81.217 0.0674097  0.261133   57.3245   3.05722   1.24227 0.0380099 180.013       0       0 -0.13     0 -1.03  -0.660575  -0.447446 -0.0982638 -0.00321721  -0.0122227  -0.0122689  0.0480269  -0.113007 -0.0102828 0.0931562  0.100692   9.80804 
              81.417 0.0750064  0.231998   59.8099   2.94793   1.14348 0.0190758 180.013       0       0 -0.13     0 -1.03 -0.675836  -0.57365  0.040396 -0.00297237  -0.0120426  -0.0121563  0.0477582  -0.111903 -0.0102783 0.0933984  0.100886   9.80804 
             81.6157 0.0956735  0.239939   62.5921   3.07824   1.19878 0.0569302 180.013       0       0 -0.13     0 -1.03 -0.132944 -0.151778  0.236423 -0.000719474   -0.0071555   -0.0121333  0.0343519  -0.100421 -0.0119183 0.0938422  0.106454   9.80797 
             81.8144 0.104704 0.231805   65.954   2.96405   1.29205 0.0496727 180.013       0       0 -0.13     0 -1.03  -0.274317   0.218463 -0.0218282 -0.00235992 -0.00630195  -0.0120072   0.0300671   -0.105326 -0.00950217 0.0915765  0.106351     9.808 
             82.0144 0.109095 0.228089  68.0695   3.00122   1.37716 0.0243957 180.013       0       0 -0.13     0 -1.03   0.028259   0.329786 -0.0109054 -0.00183648 -0.00583808  -0.0119706   0.0285299    -0.10299 -0.00885702 0.0916732  0.107431   9.80798 
             82.4117 0.125522 0.244213  70.1275   3.15735   1.68452 0.0935578 180.013       0       0 -0.13     0 -1.03 0.230883  0.64021 0.128474 -0.000807846  -0.00330171   -0.0118895   0.022076  -0.096622 -0.0123429 0.0906272  0.111246   9.80795 
              82.809 0.147497 0.260181  74.4685  3.2843 1.97639  0.1005 180.013       0       0 -0.13     0 -1.03 0.202556 0.688754 0.295025 -0.00115902 -0.00348887  -0.0117855   0.0202513  -0.0940314 -0.00707496 0.0903628  0.112664   9.80794 
              83.009 0.175853 0.269805  78.5027   3.4023  2.14456 0.043025 180.013       0       0 -0.13     0 -1.03 0.360082  0.83016 0.051086 -0.00244982 -0.00452509  -0.0117628   0.0195502   -0.090152 -0.00134636 0.0905966  0.114635   9.80791 
              83.605 0.192243 0.270149  81.1236    3.42227    2.53405 -0.0895097 180.013       0       0 -0.13     0 -1.03  0.150306  0.739768 -0.260157 -0.00190149 -0.00408592  -0.0116481    0.0210941   -0.0958533 -0.000500471 0.0908884  0.111475   9.80795 
             83.8037 0.212846 0.282239  86.2741   3.30608   2.54839 0.0259941 180.013       0       0 -0.13     0 -1.03  0.0624217   0.569163 -0.0141673 3.26937e-05 -0.00158468  -0.0116293  0.0239206  -0.103044 -0.0105179 0.0919832  0.107356   9.80798 
             84.0022 0.214664  0.29152  86.1459   3.35074   2.66253 0.0450323 180.013       0       0 -0.13     0 -1.03 0.157514 0.563488 0.134788 -0.00105079 -0.00176132  -0.0115733  0.0249805  -0.100827 -0.0138475 0.0926064  0.108671   9.80796 
             84.2023 0.215892 0.299298  86.1161   3.35009   2.66874 0.0350727 180.013       0       0 -0.13     0 -1.03   0.122671   0.299588 0.00396838 -0.00120577 -0.00177839  -0.0113083 0.0300082 -0.105901 -0.014009 0.0954233  0.105603   9.80797 
             84.5996 0.220017  0.30455  86.1676   3.41942   2.86166 0.0351888 180.013       0       0 -0.13     0 -1.03  0.256374  0.459268 0.0464922 -0.00156771  -0.0015529  -0.0114183  0.0261933  -0.105809 -0.0129231 0.093222 0.105765  9.80799 
             84.7982 0.219209  0.31541  86.1998   3.37629   2.89315 0.0386546 180.013       0       0 -0.13     0 -1.03   0.0417211    0.323863 -0.00522423 -0.000132476 -0.000878572   -0.0112605  0.0269751  -0.114444 -0.0123705 0.0934547  0.100764   9.80804 
             84.9969 0.220214  0.31813  86.4453   3.37049   2.81082 0.0276985 180.013       0       0 -0.13     0 -1.03  0.0614805  -0.100397 0.00988576 0.000478444  0.00331937  -0.0114329   0.0403583   -0.123977 -0.00987394  0.100941 0.0949656   9.80802 
             85.1956 0.221573 0.321014  86.4531   3.38481   2.82106 0.0380302 180.013       0       0 -0.13     0 -1.03    0.104993 -0.00780233   0.0548802 0.000547884  0.00322815  -0.0112246  0.0377213  -0.122862 -0.0103951 0.0994675 0.0956836   9.80803 
             85.3942 0.222845 0.325065  86.5311   3.36345   2.96956 0.0244929 180.013       0       0 -0.13     0 -1.03 0.0305415   0.36506 -0.112497 0.000148773  0.00356284  -0.0113859   0.0218215    -0.11971 -0.00886659 0.0904994  0.097951   9.80809 
             85.5929 0.227221 0.329384  86.7099   3.41933   3.03514 0.0339594 180.013       0       0 -0.13     0 -1.03 0.154385 0.232613 0.159019 0.000327294    0.003621  -0.0113914  0.0240026  -0.115043 -0.0109891 0.0918781  0.100538   9.80805 
             85.7929 0.227505 0.335179  86.4563    3.3985   3.06738 0.0440354 180.013       0       0 -0.13     0 -1.03 0.0311865  0.194263  0.015804 0.00029277 0.00357535 -0.0113262  0.0230697   -0.11997 -0.0106074 0.0911978 0.0977712   9.80809 
             85.9902 0.229192 0.338969  86.5708   3.37836   3.16202 0.0267726 180.013       0       0 -0.13     0 -1.03 -0.0113903   0.341916 -0.0433379 4.78197e-05  0.00386065  -0.0112761   0.0194591   -0.119972 -0.00964138 0.0891664 0.0978875   9.80811 
             86.1902 0.231648 0.346489  86.6961   3.43858   3.23485 0.0389867 180.013       0       0 -0.13     0 -1.03  0.105911  0.315329 0.0268479 0.000569008  0.00405524  -0.0112704  0.0210426   -0.11366 -0.0119844 0.090271 0.101372  9.80806 
             86.3888 0.234738 0.351605  86.7045   3.43547   3.33556 0.0326906 180.013       0       0 -0.13     0 -1.03  0.0878352   0.400195 -0.0168319 0.000397357  0.00408492  -0.0116505  0.0153686  -0.114935 -0.0110276 0.0870647  0.100857    9.8081 
             86.5875 0.200987 0.317865  84.1705  3.39795  3.08681 0.047234 180.013       0       0 -0.13     0 -1.03  0.0510717  -0.421237 -0.0426376 0.00115285 0.00718214 -0.0115509  0.0457007  -0.136913 -0.0128752  0.103107 0.0875715   9.80807 
             86.7862 0.187503 0.338284    80.72   3.47349   2.90689 0.0339987 180.013       0       0 -0.13     0 -1.03  0.217631 -0.608025 0.0485687 0.000712319  0.00774777  -0.0115444  0.0556586  -0.135689 -0.0128428  0.108599 0.0877708   9.80801 
             86.9848 0.189277 0.333761  78.4192   3.67942   2.70581 0.0938883 180.013       0       0 -0.13     0 -1.03  0.535393 -0.805843  0.325533 0.00191115 0.00735661 -0.0114573   0.061245  -0.130271 -0.0137957  0.111923 0.0900911   9.80795 
             87.1835  0.17327 0.333139  74.7708   3.80348   2.43457 0.0520106 180.013       0       0 -0.13     0 -1.03  0.74481 -0.93796 0.234254 0.00266124 0.00513803 -0.0114474   0.0674031    -0.13121 -0.00550401  0.114687 0.0888036   9.80793 
             87.3821 0.189406 0.325244  73.4831   3.81871   2.16008 0.0639904 180.013       0       0 -0.13     0 -1.03  0.46016 -1.12011 0.289564 0.000165952  0.00234304  -0.0115899    0.070635   -0.138801 -0.00389753  0.114921 0.0850312   9.80796 
             87.5808 0.202187 0.308771  73.5806   3.84349    1.8681 0.0693065 180.013       0       0 -0.13     0 -1.03 0.261052 -1.30912 0.344822 -0.000625044   0.00079376   -0.0118131    0.073063   -0.141656 -0.00161272  0.115369 0.0834833   9.80797 
             87.7794 0.212073 0.302559  74.1095   3.85375   1.76374 0.0723139 180.013       0       0 -0.13     0 -1.03  0.127911 -0.964679  0.166555 -0.00212197  0.00294816  -0.0119956  0.0667035   -0.14295 0.00120462  0.112822 0.0841626   9.80799 
             87.9781 0.215974 0.295361  74.2558   3.8081  1.81033 0.031151 180.013       0       0 -0.13     0 -1.03   -0.122576    -0.36792 -0.00700754 -0.00349763  0.00484612  -0.0117965  0.0580752  -0.144911 0.00403738  0.109329 0.0849829   9.80802 
             88.1768 0.212482 0.295526   74.173   3.76832   1.93539 0.0411136 180.013       0       0 -0.13     0 -1.03 -0.193205 0.0853273  0.172914 -0.00499783  0.00880492  -0.0116023  0.0450436  -0.144676 0.00300153   0.10453 0.0873591   9.80805 
              88.774 0.212317 0.301322  74.3069   3.78313   2.22785 0.0869512 180.013       0       0 -0.13     0 -1.03 0.0256569  0.503406  0.059143 -0.00448125    0.012764  -0.0113894   0.037736  -0.140501 0.00453146 0.102548 0.090188  9.80805 
             88.9727 0.209826 0.319489  74.4274   3.82163    2.3673 0.0295201 180.013       0       0 -0.13     0 -1.03   0.112951   0.593443 -0.0772899 -0.00424734   0.0128858   -0.011348  0.0364075  -0.139619 0.00648816  0.102214 0.0907279   9.80805 
             89.1714  0.21152 0.326335  74.4705   3.84955   2.43461 0.0447843 180.013       0       0 -0.13     0 -1.03   0.173539   0.488804 0.00340502 -0.00488677   0.0148866  -0.0112839   0.038748  -0.139731 0.00382028   0.10303 0.0903178   9.80804 
             89.3701 0.216433 0.330904  74.4274   3.92699   2.39993 0.0513849 180.013       0       0 -0.13     0 -1.03   0.30965  0.215511 0.0337338 -0.0058924  0.0164155  -0.011229  0.0463036  -0.137858 0.00395734  0.106022 0.0897288   9.80802 
             89.7687 0.216136 0.333515  74.4384   4.00017   2.50092 0.0965425 180.013       0       0 -0.13     0 -1.03 0.330198 0.302458 0.256444 -0.00553674   0.0165828  -0.0112003  0.0460083  -0.141959 0.00586398   0.10523 0.0883181   9.80804 
             89.9675 0.221681 0.340218  74.7244   3.97828    2.5392 0.0550927 180.013       0       0 -0.13     0 -1.03  0.113661  0.317038 0.0871632 -0.0048248  0.0168446 -0.0112877  0.0467403   -0.14577 0.00949242  0.104857 0.0868456   9.80806 
              90.166 0.223041 0.339635   74.843   3.96335   2.53543 0.0469492 180.013       0       0 -0.13     0 -1.03  0.0227387   0.106899 -0.0303045 -0.00440062   0.0180439  -0.0110853 0.0494668 -0.147786 0.0114809  0.105448 0.0857269   9.80806 
             90.3647 0.215178 0.344087   74.678   3.90829   2.58469 0.0470498 180.013       0       0 -0.13     0 -1.03 -0.0949291   0.175392  0.0162283 -0.00348184    0.017702  -0.0111041 0.0469811 -0.152192 0.0116563  0.103875 0.0846076   9.80809 
             90.5633 0.218064 0.344493  74.8648   3.91866   2.63168 0.0547551 180.013       0       0 -0.13     0 -1.03 -0.0803925   0.184595   0.171982 -0.00382769   0.0175741  -0.0113204 0.0461952 -0.149421 0.0116519 0.104056 0.085691  9.80807 
             90.7633 0.222726 0.347931  75.1192   3.94981   2.63721 0.0619242 180.013       0       0 -0.13     0 -1.03 -0.0131602   0.221007  -0.107283 -0.0039615  0.0176409 -0.0112759 0.0487384 -0.146343 0.0128452  0.105437 0.0863074   9.80805 
              90.962 0.220277 0.354641  74.8805   3.97549   2.73157 0.0146578 180.013       0       0 -0.13     0 -1.03  0.080045  0.329329 -0.124319 -0.00382774   0.0179502  -0.0110932 0.0468448 -0.145297 0.0138059  0.104957 0.0869743   9.80805 
             91.1607  0.22071 0.361206  75.1246  3.96464  2.83015 0.057195 180.013       0       0 -0.13     0 -1.03 0.0635204  0.426597 0.0328901 -0.00478626   0.0183583  -0.0112539   0.045116  -0.146942 0.00778418  0.104086 0.0867264   9.80806 
             91.3593 0.223433 0.363012  75.2161   3.97895    2.7922 0.0425013 180.013       0       0 -0.13     0 -1.03  0.0640906   0.175053 -0.0593565 -0.00372826   0.0148243  -0.0110202  0.0534094  -0.147437 0.00905661  0.106834 0.0851817   9.80805 
             91.5567 0.223282 0.362508  74.9396   4.00465   2.77112 0.0424885 180.013       0       0 -0.13     0 -1.03    0.12077  -0.016358 -0.0315101 -0.00296187   0.0133631  -0.0108591  0.0580497  -0.146725 0.00765279  0.108527 0.0846755   9.80803 
             91.7567 0.227089 0.360451  75.1951   4.04493   2.71022 0.0417392 180.013       0       0 -0.13     0 -1.03  0.171524 -0.114705 -0.084109 -0.0022618  0.0122264 -0.0108721  0.0636321  -0.145641 0.00669273  0.110588 0.0841444   9.80802 
             91.9554 0.229368 0.360696  75.0384   4.06584   2.71235 0.0320654 180.013       0       0 -0.13     0 -1.03   0.134159 -0.0302138  -0.100044 -0.00254033   0.0122961  -0.0107598  0.0625722  -0.146247 0.00634923  0.110135 0.0841147   9.80802 
              92.154 0.229906 0.360562  75.2251   4.01547   2.69666 0.0380198 180.013       0       0 -0.13     0 -1.03 -0.0423243 -0.0449463 -0.0477005 -0.00454215   0.0112706  -0.0107161  0.0630255  -0.150846 0.00391511  0.109532 0.0825178   9.80804 
             92.3527 0.22513 0.36235 75.1702   3.96857   2.78162 0.0440232 180.013       0       0 -0.13     0 -1.03 -0.107779  0.210757 -0.040053 -0.0062793  0.0138693 -0.0104444   0.056675  -0.152997 0.00253831  0.107076 0.0828438   9.80807 
             92.5513 0.217735  0.36592  75.0207   3.96668   2.86493 0.0472848 180.013       0       0 -0.13     0 -1.03  0.031357  0.357804 -0.022799 -0.00611926   0.0151105  -0.0105481  0.0532799  -0.151191 0.00121364  0.106248 0.0839936   9.80806 
               92.95 0.218008 0.367487  75.0792   3.97399   2.94884 0.0334127 180.013       0       0 -0.13     0 -1.03  0.0223108   0.284012 -0.0652231 -0.00588063   0.0142015  -0.0105385   0.0569053   -0.151526 0.000662821  0.107367 0.0833007   9.80806 
             93.1486 0.216602 0.372784  75.2072   3.97409   2.99133 0.0522506 180.013       0       0 -0.13     0 -1.03 0.0158508  0.256239 0.0296965 -0.0057938  0.0139423 -0.0106659    0.0570674    -0.151695 -1.22663e-05  0.107392 0.0832228   9.80806 
             93.3473 0.220455 0.375944  75.4248   3.98306   2.94079 0.0588889 180.013       0       0 -0.13     0 -1.03 0.0508546 0.0470114 0.0630992 -0.00683961   0.0173861  -0.0105965  0.0645068   -0.15186 0.00038713  0.109639 0.0820329   9.80804 
              93.546  0.22144 0.376288  75.3015    3.9936   2.94396 0.0576277 180.013       0       0 -0.13     0 -1.03 0.0754045 0.0799617 0.0600158 -0.00679202   0.0173843  -0.0104561  0.0651116   -0.15197 0.00182588 0.109816 0.081894  9.80804 
             93.7446 0.221619 0.379008   75.306  4.02136  2.94586 0.047082 180.013       0       0 -0.13     0 -1.03   0.132135  0.0887679 -0.0157837 -0.00684941   0.0174382  -0.0104628  0.0669132  -0.151271 0.00402041  0.110491 0.0818229   9.80804 
             93.9433 0.224803 0.379744  75.2624   4.05185   2.90264 0.0504558 180.013       0       0 -0.13     0 -1.03   0.152433 -0.0723431 0.00209688 -0.00666196   0.0171633  -0.0102924  0.0698035  -0.151295 0.00385638  0.111384 0.0813677   9.80803 
             94.1419 0.224192 0.382249  75.2923  4.03845  2.92807 0.049131 180.013       0       0 -0.13     0 -1.03   0.0414866  -0.0618913 -0.00478276 -0.0069746  0.0171409 -0.0102667  0.0661076   -0.15447 0.00418463  0.109762 0.0809638   9.80805 
             94.3405 0.223182 0.377305  75.2668   3.99861   2.82762 0.0517921 180.013       0       0 -0.13     0 -1.03 -0.0832649  -0.341284  0.0126045 -0.00678047   0.0173254  -0.0102266   0.073554  -0.159542 0.00389808  0.111245 0.0782787   9.80806 
             94.5392 0.215841 0.362236  75.2071   3.97922   2.72642 0.0605903 180.013       0       0 -0.13     0 -1.03 -0.0915227  -0.464957   0.271705 -0.00690198     0.01735  -0.0102607  0.0768617  -0.159825 0.00343035  0.112199 0.0776855   9.80805 
             94.9379 0.216394 0.360851  75.4122   3.95105   2.57171 0.0555336 180.013       0       0 -0.13     0 -1.03 -0.094319 -0.424525 0.0570947 -0.00692312    0.016878  -0.0103409 0.0743578 -0.158862 0.0154119   0.11164 0.0783607   9.80805 
             95.1365 1.55632 1.94092 75.5709     3.9362     2.6087 0.00973268 180.013       0       0 -0.13     0 -1.03 0.000257909   -0.275854   0.0399862 -0.00694843   0.0171141  -0.0104305 0.0705991 -0.158841 0.0169756  0.110522 0.0789289   9.80806 
             95.3352 1.46915 2.09334 75.8711    3.85156    2.68694 -0.0927565 180.013       0       0 -0.13     0 -1.03 -0.149602 0.0766423 -0.291006 -0.00607527   0.0164124  -0.0104678 0.0584818 -0.165436  0.033244  0.105692 0.0783461   9.80812 
             95.7325 0.481241  2.92677  75.8765   3.7676  2.86437 0.123633 180.013       0       0 -0.13     0 -1.03 -0.200067  0.367984  0.226794 -0.00615476   0.0165385  -0.0104603 0.0530077 -0.166654 0.0229031  0.104165 0.0795135   9.80812 
             96.1299 0.881021  2.51176  76.1635   3.60819   2.80057 0.0931587 180.013       0       0 -0.13     0 -1.03 -0.318193  0.112672 0.0270946 -0.00613917    0.016172  -0.0103166 0.0587568 -0.169137 0.0264534  0.105503 0.0777333   9.80812 
             96.3298 0.995199  2.41682  76.2475  3.78841  2.95027 0.030865 180.013       0       0 -0.13     0 -1.03    0.12568   0.348158 -0.0370163 -0.00953441   0.0129573  -0.0104078 0.0543073 -0.159999 0.0291991  0.105447 0.0808861    9.8081 
             96.5285 1.06807 2.36695 75.8443    3.82831    2.99694 -0.0159386 180.013       0       0 -0.13     0 -1.03  0.176484  0.325625 -0.209345 -0.0103761  0.0137015  -0.010034 0.0564765  -0.15833 0.0352478  0.106242 0.0808197   9.80809 
             96.7272  1.0572 2.39054 75.8086    3.88599    3.11104 -0.0229454 180.013       0       0 -0.13     0 -1.03   0.21629  0.497682 -0.121564 -0.0104431  0.0135537 -0.0101051 0.0532728  -0.15648 0.0333701  0.105595 0.0819031   9.80809 
             96.9258 1.04126 2.39761  76.263   3.89747   2.96038 0.0305549 180.013       0       0 -0.13     0 -1.03   0.138689 -0.0875082  0.0810941 -0.00997477   0.0106907  -0.0104533 0.0632573 -0.158166 0.0310278  0.108207 0.0800533   9.80808 
             97.1245  1.0638 2.39288 76.5094     3.91011     3.09653 -0.00382389 180.013       0       0 -0.13     0 -1.03  0.0765187   0.309173 -0.0165999 -0.0115531  0.0151718 -0.0109349 0.0509872 -0.158887 0.0357818  0.104593 0.0814545    9.8081 
             97.3232 1.06014 2.38635 76.7003   3.79627   2.98228 0.0277768 180.013       0       0 -0.13     0 -1.03 -0.273223 -0.100216  0.101591 -0.0132317 0.00999951 -0.0108882 0.0673866 -0.171106 0.0337307  0.107522 0.0757064   9.80812 
             97.7205 2.20995 1.35254 76.5987   4.05412   2.94138 -0.164914 180.013       0       0 -0.13     0 -1.03   0.328178 -0.0727693  -0.374558 -0.0123185  0.0103023 -0.0105226 0.0688828 -0.143766 0.0495856  0.111551 0.0827854   9.80802 
             97.9191   1.12152 -0.326625   75.7558   3.97603   3.10655 -0.592654 180.013       0       0 -0.13     0 -1.03 0.173302 0.486869 -1.31399 -0.0102599 0.00911787 -0.0105834 0.0605863 -0.149758 0.0636279 0.107948 0.081898  9.80806 
             98.3177   1.19297 -0.386614   75.9042  3.96592  3.17308 -0.97874 180.013       0       0 -0.13     0 -1.03 -0.0297325   0.277928   -1.11869 -0.00977317   0.0115032  -0.0106753 0.0644438 -0.151765 0.0552769 0.108821 0.080788  9.80806 
             98.5164   1.23966 -0.368672    75.769   3.85941   3.23888 -0.665587 180.013       0       0 -0.13     0 -1.03    -0.19575    0.407561 -0.00203547 -0.00825951   0.0110339  -0.0101249 0.0629585 -0.157766 0.0255102  0.108056 0.0789343   9.80809 
             98.7151  1.20204 -0.32357  75.7312   3.85644   3.32884 -0.541382 180.013       0       0 -0.13     0 -1.03 -0.173043  0.573002  0.314531 -0.00995774   0.0105715  -0.0100654    0.061605   -0.154909 -0.00773477  0.108752 0.0793546   9.80808 
             99.1124   1.15722 -0.342128   75.8676   4.04873   3.19696 -0.440097 180.013       0       0 -0.13     0 -1.03  0.226225 0.0079635  0.276091 -0.0104015  0.0110692 -0.0101026    0.068949   -0.149652 -0.00759266 0.111421 0.079714  9.80804 
             99.3111   1.22733 -0.358003   76.1708   4.00793   3.25487 -0.531454 180.013       0       0 -0.13     0 -1.03 0.131742 0.147933 0.114998  -0.0104496   0.0108166 -0.00940689   0.0673826   -0.152057 -0.00309634 0.110626 0.079363  9.80806 
             99.5097   1.31064 -0.288888   78.4606    3.9949   3.22061 -0.639765 180.013       0       0 -0.13     0 -1.03  0.134287 0.0373923 -0.198736 -0.0100596  0.0126127 -0.0093712   0.07525 -0.155447 0.0180008  0.111844 0.0777002   9.80805 
             99.7097   1.27578 -0.263996   82.4897   3.93509    3.2664 -0.664942 180.013       0       0 -0.13     0 -1.03 -0.160415  0.263786 -0.422204 -0.00998236   0.0124953 -0.00930957 0.0730644   -0.1603  0.017687  0.110624 0.0766795   9.80808 
             99.9084  0.589439 -0.737871   86.8609   3.95134   3.35793 -0.893058 180.013       0       0 -0.13     0 -1.03 -0.024567  0.364083 -0.829451 -0.00972645   0.0128368  -0.0093758 0.0722732 -0.158558 0.0213864 0.110526 0.077335  9.80807 
             100.107  0.515859 -0.873859    88.366  3.83473  3.57379 -0.82435 180.013       0       0 -0.13     0 -1.03 -0.352229  0.697937 -0.284978   -0.010712   0.0138369 -0.00926113 0.0663856 -0.161146 0.0124964  0.108225 0.0767979    9.8081 
             100.306  0.479763 -0.897475   89.0738   3.73959   3.80509 -0.742086 180.013       0       0 -0.13     0 -1.03 -0.392873  0.917885  0.122999  -0.0113211   0.0154922 -0.00896164   0.0572507   -0.160535 -0.00891151  0.104721 0.0772241   9.80814 
             100.504  0.470885 -0.856083   89.1029   3.68439   3.98447 -0.699928 180.013       0       0 -0.13     0 -1.03 -0.317501  0.916171  0.176742  -0.0105574   0.0153203 -0.00893473   0.0583209   -0.158558 -0.00938265  0.105257 0.0779796   9.80813 
             100.902  0.457354 -0.862928   89.2005   3.77367   4.01024 -0.795965 180.013       0       0 -0.13     0 -1.03 0.0610864  0.535312 -0.413988 -0.00721714  0.00997415 -0.00895801    0.0931416    -0.153995 -0.000838342  0.119747 0.0784595   9.80796 
               101.3  0.399729 -0.839235   89.3816   3.86342   4.18665 -0.920861 180.013       0       0 -0.13     0 -1.03  0.162567  0.539132 -0.310171 -0.00753521   0.0100611 -0.00905531   0.0956303   -0.152058 -0.00167114  0.120849 0.0791391   9.80794 
             101.896  0.427009 -0.821481   89.3403   3.79293   4.52474 -0.458351 180.013       0       0 -0.13     0 -1.03 0.0509309  0.675984  0.685261 -0.00495257  0.00988092 -0.00897552  0.0941368   -0.15604 -0.0199393  0.120044 0.0773321   9.80796 
             102.096  0.413761 -0.803064   89.7411   3.83492   4.70904 -0.750704 180.013       0       0 -0.13     0 -1.03  0.0604618   0.788041 -0.0892203 -0.00562799  0.00930806 -0.00877409  0.0933482  -0.154138 -0.0044141   0.11973 0.0783311   9.80796 
             102.295  0.432029 -0.797216   89.2181   3.78906   4.79778 -0.707214 180.013       0       0 -0.13     0 -1.03 -0.0434258   0.704728  0.0898879 -0.00265918    0.012678  -0.0082485   0.096612  -0.159511 -0.0112434  0.120855 0.0760273   9.80796 
             102.494  0.437005 -0.793146   89.4573   3.80668   4.81255 -0.703386 180.013       0       0 -0.13     0 -1.03 -0.00319126    0.492061   0.0784061 -0.00285968   0.0142421 -0.00854515   0.108678  -0.161231 -0.0101723  0.12554 0.074858  9.80791 
             102.891  0.434358 -0.792252   89.5614   3.82992   4.87336 -0.771046 180.013       0       0 -0.13     0 -1.03  0.062282  0.434615 -0.207072 -0.00297326   0.0153535 -0.00869593    0.122441   -0.165099 -0.00596134  0.130723 0.0727794   9.80786 
              103.29 0.428828  -0.7821  89.8493   3.76169   4.96435 -0.761454 180.013       0       0 -0.13     0 -1.03 -0.0190167   0.418823  -0.151981 -0.00291981   0.0146648 -0.00891625    0.123465   -0.168764 -0.00824234  0.130956 0.0712717   9.80787 
             103.488  0.439563 -0.762905   89.9889   3.82328   5.07636 -0.705399 180.013       0       0 -0.13     0 -1.03 0.0214595  0.443695 0.0849913 -0.00456956   0.0134829 -0.00886803    0.12271   -0.16352 -0.0167834 0.130906 0.073207  9.80785 
             103.886 0.446525 -0.76099  89.8917  3.81459  5.09441 -0.66685 180.013       0       0 -0.13     0 -1.03 -0.014448  0.276881  0.152853 -0.00432262   0.0196404 -0.00880059   0.133938  -0.168258 -0.0134768  0.135049 0.0709863   9.80781 
             104.084  0.461564 -0.758916    89.713   3.87223   5.21369 -0.664418 180.013       0       0 -0.13     0 -1.03 0.0496775  0.441642  0.213307 -0.00454762   0.0189479 -0.00900302   0.132681   -0.16588 -0.0125775 0.134672 0.071956  9.80781 
             104.283  0.451592 -0.738494   89.9849   3.85765   5.28504 -0.710599 180.013       0       0 -0.13     0 -1.03  0.0282797   0.479047 -0.0750232 -0.00387477   0.0197326 -0.00923292    0.134296   -0.168944 -0.00109816  0.135071 0.0709613   9.80781 
             104.482 0.449031 -0.73449  90.0327   3.84957   5.37532 -0.702494 180.013       0       0 -0.13     0 -1.03 -0.0898843   0.650401  -0.109162 -0.00349976   0.0195421 -0.00915059     0.13458   -0.170171 -0.00320984  0.135114 0.0704741   9.80782 
             104.682  0.450789 -0.732401   90.0707   3.81514   5.47354 -0.687735 180.013       0       0 -0.13     0 -1.03  -0.107346   0.677322 -0.0206527 -0.00346974   0.0196012 -0.00912601     0.13839   -0.173522 -0.00972684  0.136416 0.0689766   9.80781 
              104.88  0.447021 -0.716306   90.2121   3.83552   5.61526 -0.696228 180.013       0       0 -0.13     0 -1.03 0.00212565   0.760024  0.0688694 -0.00319632   0.0196152 -0.00928242    0.138947    -0.17178 -0.00937871  0.136706 0.0696016    9.8078 
             105.079 0.454988 -0.70817  90.1399   3.85219   5.64636 -0.672899 180.013       0       0 -0.13     0 -1.03   0.10883   0.54894 0.0678301 -0.00285146   0.0157229 -0.00929974    0.14881  -0.174497 -0.0114023  0.140197 0.0680873   9.80776 
             105.278  0.458064 -0.708715   90.3045   3.87637   5.65926 -0.672221 180.013       0       0 -0.13     0 -1.03 0.105258 0.368914 0.132665 -0.00250832   0.0129662 -0.00922489   0.160532  -0.177862 -0.0084132   0.14433 0.0663163   9.80771 
             105.675  0.456955 -0.709097   90.1518  3.82141  5.79319 -0.62935 180.013       0       0 -0.13     0 -1.03 -0.0118243   0.432863   0.246355 -0.00307845   0.0125069 -0.00941083    0.159755   -0.187722 -0.00521564  0.143581 0.0627794   9.80775 
             105.874  0.456165 -0.755158     89.27   3.78866   5.98829 -0.648901 180.013       0       0 -0.13     0 -1.03 -0.173802  0.769661 0.0157863 -0.00286693   0.0119042 -0.00947016    0.153379    -0.18702 -0.00198331  0.141304 0.0633705   9.80778 
             106.074 0.442551 -0.69037  89.6623   3.86371   5.96766 -0.713224 180.013       0       0 -0.13     0 -1.03 0.0976337  0.345891 -0.133634 -0.00395865   0.0131456 -0.00977945    0.160032   -0.184921 0.000582456  0.143571 0.0636877   9.80774 
             106.272  0.439558 -0.683322   89.8608   3.92527   5.92113 -0.646647 180.013       0       0 -0.13     0 -1.03  0.233349 0.0986408  0.296186 -0.00359228   0.0121555 -0.00971829    0.168545   -0.184639 -0.00614984  0.146468 0.0632192    9.8077 
             106.471  0.468716 -0.678258   90.9533   3.93877   5.81861 -0.652295 180.013       0       0 -0.13     0 -1.03  0.0194256  -0.129779 -0.0673921 -0.00413315   0.0102088 -0.00985392    0.177965   -0.190588 -0.00105269  0.149437 0.0606811   9.80767 
             106.671   0.46943 -0.655479   93.3269   3.91203   5.88126 -0.766525 180.013       0       0 -0.13     0 -1.03 -0.0344601   0.181267  -0.625432 -0.00437808   0.0110469 -0.00979822  0.169227 -0.190596 0.0103192  0.146378 0.0612093   9.80772 
              106.87  0.538744 -0.678929     95.99   3.85043   5.89948 -0.763392 180.013       0       0 -0.13     0 -1.03 -0.277839  0.150964 -0.241033 -0.00484887   0.0108222 -0.00979488   0.169094   -0.19276 0.00663234  0.146235 0.0604063   9.80772 
             107.069  0.496991 -0.667283   97.9825   3.69663   5.83373 -0.816436 180.013       0       0 -0.13     0 -1.03   -0.598598 -0.00886793   -0.253735 -0.00581182   0.0100252 -0.00953562  0.170793 -0.197931 0.0068148  0.146823 0.0583718   9.80773 
             107.268   0.54292 -0.650273    100.25   3.47611   5.88443 -0.702771 180.013       0       0 -0.13     0 -1.03 -0.732558 0.0442975  0.268784 -0.00883936   0.0118767 -0.00948292    0.162713    -0.20351 -0.00862175  0.143576 0.0559287   9.80779 
             107.467  0.652328 -0.535723   101.844   3.29193   5.78089 -0.639321 180.013       0       0 -0.13     0 -1.03 -0.836629 -0.175486  0.314699  -0.0106538  0.00855529 -0.00963911    0.169389   -0.211436 -0.00889278 0.146564 0.052764  9.80776 
             107.666  0.641951 -0.516198   101.626   3.21825    5.9326 -0.690701 180.013       0       0 -0.13     0 -1.03 -0.619891  0.247963 -0.256873 -0.00688021    0.013681 -0.00958004    0.161881   -0.198205 -0.00277199  0.142815 0.0581628   9.80779 
             107.864  0.650542 -0.515905   101.646   3.32456   6.02334 -0.736168 180.013       0       0 -0.13     0 -1.03 -0.0286022   0.390108  -0.289984 -0.000616528    0.0134858   -0.0095106    0.168159   -0.184924 -0.00384024  0.144922 0.0641915   9.80772 
             108.263  0.658331 -0.511621    101.65  3.32189  6.10476 -0.67393 180.013       0       0 -0.13     0 -1.03 -0.0347569   0.337976  0.0405681 -0.000560305    0.0131676  -0.00950882    0.170697   -0.186038 -0.00947261  0.146078 0.0638289    9.8077 
             108.461   0.65665 -0.512346   101.794    3.2546   6.20913 -0.689105 180.013       0       0 -0.13     0 -1.03 -0.147306  0.431103 -0.126523 0.00062719  0.0114965 -0.0095759    0.164959   -0.188485 -0.00866396  0.143754 0.0625145   9.80775 
              108.66  0.659815 -0.504005   101.883  3.22221  6.32273 -0.68827 180.013       0       0 -0.13     0 -1.03 -0.151271  0.363404 -0.320229 0.000469415   0.0103008 -0.00982691   0.161165  -0.186564 -0.0142989    0.1421 0.0631128   9.80777 
             109.059  0.658263 -0.496343   101.965   3.19621   6.43368 -0.758334 180.013       0       0 -0.13     0 -1.03 -0.0987491   0.373717  -0.249612 0.000280063   0.0108975 -0.00995771   0.165194  -0.186768 -0.0175593  0.143811 0.0632057   9.80774 
             109.257   0.66766 -0.489025   102.243    3.2531   6.51627 -0.672764 180.013       0       0 -0.13     0 -1.03 0.0572372  0.449895 0.0720252 5.01379e-05   0.0110262  -0.0107534    0.16688  -0.184031 -0.0223119  0.144405 0.0644339   9.80773 
             109.456  0.665865 -0.480686   102.328   3.24785   6.56938 -0.660526 180.013       0       0 -0.13     0 -1.03   0.02169  0.388316 0.0838982 0.000925695   0.0119984  -0.0106201  0.170008 -0.189519 -0.021763  0.145949 0.0622842   9.80772 
             109.656  0.674912 -0.475153   102.328   3.21568   6.65906 -0.660681 180.013       0       0 -0.13     0 -1.03  -0.156398   0.446529 -0.0341106 0.00142448  0.0114082 -0.0105433   0.166617  -0.192382 -0.0206758  0.144658 0.0609346   9.80774 
             109.855  0.683093 -0.467935   102.241   3.11329   6.76239 -0.662839 180.013       0       0 -0.13     0 -1.03  -0.35537  0.515024 -0.207593  0.0012052  0.0113615 -0.0106494   0.158844  -0.200599 -0.0224708  0.141793 0.0571548   9.80781 
             110.054  0.691183 -0.464692   102.436   3.05808   6.88812 -0.693469 180.013       0       0 -0.13     0 -1.03  -0.220278   0.676408 -0.0321861 0.00196568  0.0120326 -0.0108138   0.157903  -0.198166 -0.0233173  0.141304 0.0581296   9.80781 
             110.452  0.690673 -0.462823   102.564   3.08559   7.11197 -0.612514 180.013       0       0 -0.13     0 -1.03 -0.0949192   0.670918    0.23181  0.0051922 0.00979116 -0.0107444    0.16602  -0.193377 -0.0280511   0.14449 0.0604342   9.80775 
             110.651  0.676238 -0.459698   102.755   3.07032   7.13377 -0.633296 180.013       0       0 -0.13     0 -1.03 -0.102007  0.401142  0.220519 0.00473838 0.00847346 -0.0112036   0.173282  -0.197641 -0.0224924  0.147667 0.0589628   9.80771 
              110.85  0.682221 -0.444706   102.819     3.066   7.10496 -0.646631 180.013       0       0 -0.13     0 -1.03 -0.0359701   0.188733 0.00621832 0.00542409  0.0124735 -0.0111434    0.186904   -0.204904 -0.00861684 0.153629 0.056558  9.80763 
             111.248  0.694916 -0.458035   102.757   3.13998   7.19407 -0.625529 180.013       0       0 -0.13     0 -1.03  0.137723  0.241827 0.0712874 0.00582252  0.0122898 -0.0111468    0.188045   -0.202565 -0.00886231  0.153999 0.0575685   9.80762 
             111.447  0.707252 -0.442264   102.802   2.99219   7.41188 -0.658532 180.013       0       0 -0.13     0 -1.03 -0.177682  0.603917 0.0155094 0.00483724  0.0141891 -0.0113168    0.172541   -0.206473 -0.00453951  0.147851 0.0553433   9.80773 
             111.645   0.70748 -0.434236   103.039   2.93996   7.54206 -0.666079 180.013       0       0 -0.13     0 -1.03 -0.282539   0.70823 -0.220603 0.00527271  0.0140779   -0.01134    0.170773   -0.207715 -0.00338457  0.147188 0.0547614   9.80774 
             111.846  0.686507 -0.401092   103.114   2.98087   7.70385 -0.730891 180.013       0       0 -0.13     0 -1.03 0.0131977  0.820448 -0.237607 0.00340614  0.0143607 -0.0114318      0.1755   -0.198643 -0.00176443  0.148708 0.0586386    9.8077 
             112.044  0.685555 -0.399298   103.225   2.96175   7.78677 -0.650341 180.013       0       0 -0.13     0 -1.03 -0.0556631   0.705919   0.198841 0.00296891  0.0135195 -0.0113887    0.177893   -0.201581 -0.00564073 0.149797 0.057549  9.80769 
             112.441  0.698924 -0.405278   103.333   2.99237   7.91592 -0.592579 180.013       0       0 -0.13     0 -1.03 0.0204666  0.587877  0.186219 0.00253548 0.00919602 -0.0111895    0.187271   -0.205307 -0.00345254  0.153681 0.0564135   9.80763 
             112.641  0.705519 -0.397649    103.48   3.01353    7.9482 -0.638765 180.013       0       0 -0.13     0 -1.03   0.111699   0.460953 -0.0132974 0.00218073 0.00714132 -0.0117861   0.192944  -0.207362 0.00307955  0.156024 0.0558162    9.8076 
              112.84  0.700122 -0.399222   103.874   3.00869   7.94118 -0.612323 180.013       0       0 -0.13     0 -1.03  0.0162379   0.241316 0.00200293 0.00486366  0.0113071   -0.01169    0.202505     -0.2191 -0.00529292  0.160331 0.0515099   9.80755 
             113.437  0.704236 -0.393716   103.849   2.95169   8.02824 -0.584463 180.013       0       0 -0.13     0 -1.03 -0.0842912    0.21325  0.0872469 0.00457558  0.0110112 -0.0117258    0.203308   -0.220951 -0.00499693  0.160725 0.0508069   9.80755 
             113.636   0.70746 -0.379763   104.136  2.95686  8.13724 -0.61411 180.013       0       0 -0.13     0 -1.03 -0.348641  0.199274 0.0328423 0.00417629 0.00925662  -0.011835    0.200489   -0.217708 -0.00179112  0.159457 0.0519645   9.80757 
             113.836 -1.17436 0.650601   104.06   2.75097   8.31097 -0.657407 180.013       0       0 -0.13     0 -1.03  -0.656475   0.503661 -0.0610138   0.0107766 -0.00223583  -0.0122436   0.18001 -0.221703  0.022527  0.151489 0.0495959    9.8077 
             114.035 -1.15586 0.673755   104.11   2.70833   8.36586 -0.650997 180.013       0       0 -0.13     0 -1.03 -0.379882   0.36784 0.0575941   0.010531 -0.0020879 -0.0122766  0.183578 -0.219825 0.0218734  0.152797 0.0504878   9.80768 
             114.233 -1.15419 0.708925  104.105   2.71568   8.39645 -0.667627 180.013       0       0 -0.13     0 -1.03 -0.0785182   0.278346  -0.118105   0.0128759 -0.00454456  -0.0121967  0.189425  -0.21708 0.0240795   0.15504 0.0517591   9.80764 
             114.433 -1.1399 0.72444 104.319  2.80326  8.50984 -0.69991 180.013       0       0 -0.13     0 -1.03 0.0833519  0.518729  -0.24722    0.017919 -0.00290094  -0.0123702  0.190435  -0.20416 0.0253866  0.154991 0.0567874   9.80761 
             114.632 -1.14182 0.706942   104.26   2.69876   8.67064 -0.681296 180.013       0       0 -0.13     0 -1.03 -0.264358  0.685631 -0.375247    0.0142891 -0.000209688   -0.0123372  0.180156 -0.209849 0.0180072  0.150984 0.0542283   9.80769 
             114.831 -1.13638 0.717779  104.256   2.65778   8.72742 -0.719249 180.013       0       0 -0.13     0 -1.03 -0.218889  0.451295 -0.320522   0.0139078 -0.00171143  -0.0124602   0.18374 -0.211535 0.0162204   0.15236 0.0537139   9.80767 
             115.029  -1.1332 0.732029  104.331   2.80123   8.69916 -0.667038 180.013       0       0 -0.13     0 -1.03   0.309366   0.127461 -0.0937376  0.0134583  -0.001154 -0.0124289  0.192565 -0.207515 0.0103094   0.15534 0.0555944   9.80761 
             115.229 -1.13407 0.733759   104.63    2.8326   8.79049 -0.713271 180.013       0       0 -0.13     0 -1.03  0.254509  0.288281 -0.263778   0.0138651 -0.00208283  -0.0125968  0.184096  -0.20738 0.0119848  0.152194 0.0553107   9.80766 
             115.428 -1.12566 0.748827  104.693   2.77299   8.86969 -0.674755 180.013       0       0 -0.13     0 -1.03 -0.0155742   0.324915 -0.0771178  0.0114384 -0.0011324 -0.0123183    0.174002   -0.217624 -0.00298518  0.148292 0.0510788   9.80775 
             115.627 -1.12223 0.746177  104.703  2.65049  8.93712 -0.66274 180.013       0       0 -0.13     0 -1.03  -0.300043   0.381386 -0.0927472  0.00657493 0.000281471  -0.0123151    0.165321   -0.230111 -0.00778083  0.145324 0.0460105   9.80782 
             115.827 -1.12391 0.774158  104.847   2.61635   9.02545 -0.689082 180.013       0       0 -0.13     0 -1.03  -0.227193   0.482885 -0.0609088  0.00718596 0.000435094  -0.0123952    0.165826   -0.228481 -0.00736296  0.145466 0.0466476   9.80781 
             116.224 -1.12192 0.770726  104.674   2.50075   9.28007 -0.635029 180.013       0       0 -0.13     0 -1.03 -0.249372  0.687934  0.070544   0.0070193 0.000988614  -0.0118013    0.164873   -0.228626 -0.00970343  0.145033 0.0465679   9.80782 
             116.423  -1.1295 0.817582  104.856   2.53875   9.24075 -0.673047 180.013       0       0 -0.13     0 -1.03 -0.0395926   0.330032 -0.0197312    0.0072524 -0.000823395     -0.01202   0.180829  -0.231124 -0.0042258  0.151247 0.0462136   9.80772 
             116.821 -1.12864 0.809172  104.769   2.64711   9.09335 -0.667419 180.013       0       0 -0.13     0 -1.03  0.256018 -0.192679 0.0109489 0.00659163  0.0044815 -0.0118171    0.202654    -0.23569 -0.00521081  0.159446 0.0453577    9.8076 
             117.021 -1.13161 0.800118  104.719   2.62612    9.0986 -0.662945 180.013       0       0 -0.13     0 -1.03  0.146254 -0.122382 0.0144154 0.00729443 0.00363431  -0.011749    0.198975   -0.237314 -0.00536672  0.158151 0.0446158   9.80762 
              117.22 -1.12588 0.793258  104.675   2.63396   9.09723 -0.659088 180.013       0       0 -0.13     0 -1.03  0.134322 -0.084587 0.0174431 0.00776052 0.00274996 -0.0116849    0.196453   -0.237866 -0.00552268  0.157254 0.0443229   9.80764 
             117.419 -1.12958 0.788973  104.652   2.64115   9.10822 -0.661672 180.013       0       0 -0.13     0 -1.03   0.131272 -0.0391428 0.00295948 0.00800744 0.00186951 -0.0115253     0.19203    -0.23831 -0.00481167  0.155698 0.0440083   9.80767 
             117.619 -1.13156 0.787643  104.626   2.64137   9.09735 -0.667849 180.013       0       0 -0.13     0 -1.03   0.117007 -0.0678524 -0.0132935 0.00866572 0.00169507 -0.0113988    0.189829    -0.24223 -0.00369649  0.155075 0.0425211   9.80768 
             117.817 -1.13194 0.785938   104.58   2.61105   9.13331 -0.663837 180.013       0       0 -0.13     0 -1.03 0.00934085  0.0495259 0.00859982  0.00943567 0.000453282   -0.011402    0.180244   -0.244788 -0.00461793  0.151692 0.0412894   9.80774 
             118.016 -1.13324 0.787007  104.589    2.611  9.10357 -0.67001 180.013       0       0 -0.13     0 -1.03  0.0445985  -0.064505 -0.0106941  0.00927118 0.000298339  -0.0113047    0.181568   -0.246021 -0.00437783  0.152206 0.0408886   9.80773 
             118.216 -1.13388 0.786417  104.569   2.61888   9.10692 -0.668957 180.013       0       0 -0.13     0 -1.03   0.0830605  -0.0467571 -0.00217711  0.00909565 0.000587457  -0.0111013    0.179673   -0.245457 -0.00485649  0.151507 0.0410374   9.80774 
             118.415 -1.13267 0.788685  104.569   2.63477   9.12077 -0.663345 180.013       0       0 -0.13     0 -1.03   0.121876 -0.0114158   0.014034  0.00895475 0.000483779  -0.0109804     0.17582   -0.243784 -0.00604635  0.150066 0.0415209   9.80776 
             118.615 -1.13285 0.789113  104.548   2.63913   9.12979 -0.665372 180.013       0       0 -0.13     0 -1.03     0.12261   -0.007741 0.000614355  0.00922296 0.000103889  -0.0108698    0.172324   -0.245606 -0.00529775 0.148914 0.040778  9.80778 
             118.813 -1.13092  0.78832  104.546   2.63176   9.10523 -0.661542 180.013       0       0 -0.13     0 -1.03  0.0996664 -0.0719275  0.0102254   0.0102784 0.000377334  -0.0108562    0.172051    -0.25189 -0.00599292  0.148982 0.0385681   9.80779 
             119.013  -1.1308 0.788808   104.56   2.62277   9.09736 -0.664271 180.013       0       0 -0.13     0 -1.03   0.0661508   -0.073806 -0.00163868   0.0100812 0.000410816  -0.0107696    0.171063   -0.252809 -0.00587404  0.148665 0.0382219    9.8078 
             119.212 -1.13053 0.790582  104.558   2.63066   9.10829 -0.662697 180.013       0       0 -0.13     0 -1.03   0.091854 -0.0317528  0.0042214 0.00989983 0.00106548 -0.0106627   0.168688  -0.252297 -0.0061139  0.147832 0.0383461   9.80781 
             119.411 -1.12937 0.791214  104.592   2.63129    9.1159 -0.659609 180.013       0       0 -0.13     0 -1.03  0.0893951 -0.0178011  0.0108505 0.00965614 0.00113725 -0.0105669    0.165186   -0.253678 -0.00653266 0.146655 0.037793  9.80783 
             119.611 -1.12618 0.794142  104.608   2.62503   9.10522 -0.661375 180.013       0       0 -0.13     0 -1.03  0.0755376 -0.0540282 0.00220408 0.00997311 0.00109084  -0.010491    0.163811   -0.257803 -0.00587257  0.146307 0.0363488   9.80784 
             119.809 -1.13011 0.791308  104.612   2.62814   9.10782 -0.663988 180.013       0       0 -0.13     0 -1.03   0.0821084  -0.0368167 -0.00606262   0.0101743 0.000727749  -0.0104858    0.160819   -0.258579 -0.00551799  0.145318 0.0360089   9.80786 
             120.009 -1.12679 0.790531  104.611    2.6424   9.11435 -0.660064 180.013       0       0 -0.13     0 -1.03    0.11292 -0.0192025 0.00725685  0.00999134 0.000767003  -0.0103352    0.160107   -0.258429 -0.00567415  0.145068 0.0360446   9.80786 
             120.208 -1.12645 0.794261  104.606   2.64535   9.10829 -0.658661 180.013       0       0 -0.13     0 -1.03   0.105525 -0.0392156 0.00664039  0.00961748 0.000785345  -0.0101867     0.15877   -0.260645 -0.00570818 0.144666 0.035275  9.80787 
             120.408 -1.12622 0.797411  104.681   2.61804   9.12794 -0.661613 180.013       0       0 -0.13     0 -1.03  0.0292997 0.00523126 -0.0023782   0.0097626 0.000458139  -0.0101772    0.149938   -0.265558 -0.00491616  0.141847 0.0334401   9.80792 
             120.607 -1.13169 0.805691  104.777   2.59274   9.13761 -0.670666 180.013       0       0 -0.13     0 -1.03 -0.00630232    0.008594  -0.0235273  0.0101914 0.00012195 -0.0101912    0.145856   -0.269276 -0.00359655  0.140606 0.0321037   9.80794 
             120.805 -1.12869 0.790851  104.734    2.6174   9.12803 -0.661554 180.013       0       0 -0.13     0 -1.03  0.0837821 -0.0309443 0.00910399  0.00978763 0.000439763  -0.0101629    0.148816   -0.267184 -0.00564922  0.141486 0.0328769   9.80792 
             121.005 -1.12516 0.793799  104.738   2.65884   9.09182 -0.660229 180.013       0       0 -0.13     0 -1.03   0.178508  -0.120486 0.00742358 0.00967058 0.00032035 -0.0100377   0.150231  -0.267072 -0.0056086  0.141953 0.0329434   9.80792 
