0.597279 -0.000087 -0.001940 -0.000002 0.002561 -0.011980 -0.000281 0.000000 0.000000 0.000000 -0.153480 0.008572 -0.001912 0.000000 0.000000 0.000000 0.000075 -0.000487 -0.002224 -0.000002 0.000001 0.000000 0.131581 0.209108 9.805888 
0.795936 -0.000087 -0.001940 0.000519 0.008085 -0.017789 0.000059 0.000000 0.000000 0.000000 0.034374 -0.025178 0.015084 0.000000 0.000000 0.000000 0.000073 -0.000372 -0.002204 -0.000102 0.000016 0.000008 0.131677 0.209093 9.805887 
0.994579 -0.000096 -0.001877 0.002441 0.067536 -0.009943 0.000840 0.000000 0.000000 0.000000 0.290022 0.045992 -0.000118 0.000000 0.000000 0.000000 0.000388 -0.001618 -0.002537 -0.061194 -0.018074 -0.000270 0.190390 0.226443 9.804538 
1.193264 -0.000043 -0.001785 0.005707 0.111658 -0.030074 0.002393 0.000000 0.000000 0.000000 0.232819 -0.105605 0.010140 0.000000 0.000000 0.000000 -0.000585 -0.001211 -0.002703 -0.036743 0.036651 -0.003594 0.166746 0.173857 9.806042 
1.391879 0.000000 -0.001691 0.005764 0.164539 -0.057508 0.002855 0.000000 0.000000 0.000000 0.252558 -0.143163 0.005254 0.000000 0.000000 0.000000 -0.000882 -0.001481 -0.003101 -0.047096 0.047386 0.000765 0.176841 0.163674 9.806040 
1.591850 0.000036 -0.001727 0.010594 0.134030 -0.069263 0.001861 0.000000 0.000000 0.000000 -0.119433 -0.053030 -0.011696 0.000000 0.000000 0.000000 -0.000533 0.000409 -0.003181 0.046707 0.025646 0.008380 0.086857 0.184293 9.806884 
1.790519 -0.000003 -0.001753 0.008167 0.126185 -0.046818 0.002222 0.000000 0.000000 0.000000 -0.055358 0.096891 0.002891 0.000000 0.000000 0.000000 0.000416 -0.000103 -0.002983 0.031028 -0.012567 -0.000283 0.101387 0.220927 9.805988 
1.990511 -0.000055 -0.001731 0.008551 0.155832 -0.024066 0.002306 0.000000 0.000000 0.000000 0.111857 0.124333 -0.006855 0.000000 0.000000 0.000000 0.000523 -0.000895 -0.002958 -0.008810 -0.014556 0.014607 0.139667 0.223709 9.805454 
2.189125 -0.000091 -0.001619 0.007572 0.222515 0.000159 0.003901 0.000000 0.000000 0.000000 0.293808 0.117691 -0.003230 0.000000 0.000000 0.000000 0.000580 -0.001414 -0.002884 -0.043788 -0.012302 0.009089 0.173127 0.221996 9.804959 
2.387784 -0.000040 -0.001513 0.007251 0.302265 -0.013593 0.005687 0.000000 0.000000 0.000000 0.391775 -0.053341 0.002234 0.000000 0.000000 0.000000 0.000165 -0.001479 -0.003077 -0.059774 0.024143 0.000521 0.188809 0.187165 9.805397 
2.586440 0.000021 -0.001468 0.009897 0.316812 -0.046076 0.005917 0.000000 0.000000 0.000000 0.128512 -0.141935 -0.009582 0.000000 0.000000 0.000000 0.000016 -0.000893 -0.002942 -0.011550 0.038453 -0.002422 0.142843 0.172815 9.806437 
2.785092 0.000060 -0.001444 0.008086 0.335375 -0.061198 0.006316 0.000000 0.000000 0.000000 0.103745 -0.104418 0.001980 0.000000 0.000000 0.000000 0.000231 -0.000841 -0.002944 -0.008282 0.028534 -0.005663 0.139523 0.182192 9.806315 
2.985098 0.000036 -0.001402 0.010733 0.381156 -0.042716 0.008629 0.000000 0.000000 0.000000 0.213554 0.076547 0.022630 0.000000 0.000000 0.000000 0.000719 -0.001005 -0.003276 -0.024924 -0.001348 -0.004380 0.155105 0.210887 9.805506 
3.183792 -0.000019 -0.001391 0.009629 0.391556 -0.014724 0.008235 0.000000 0.000000 0.000000 0.091054 0.136492 -0.023901 0.000000 0.000000 0.000000 0.000963 -0.000546 -0.002968 -0.002221 -0.011709 -0.003532 0.133353 0.220542 9.805614 
3.382394 0.000042 -0.001311 0.010468 0.447871 -0.033248 0.008645 0.000000 0.000000 0.000000 0.223871 -0.081488 -0.000248 0.000000 0.000000 0.000000 0.000259 -0.001228 -0.003097 -0.027669 0.016739 -0.014544 0.158047 0.193702 9.805814 
3.582338 0.000096 -0.001193 0.011675 0.508576 -0.049996 0.009392 0.000000 0.000000 0.000000 0.290546 -0.072727 0.010200 0.000000 0.000000 0.000000 0.000177 -0.001419 -0.003299 -0.035718 0.015162 -0.017944 0.165618 0.195282 9.805657 
3.979680 -0.000007 -0.001079 0.017423 0.574378 -0.014680 0.010706 0.000000 0.000000 0.000000 0.138816 0.130941 0.021082 0.000000 0.000000 0.000000 0.001199 -0.000402 -0.003987 -0.019695 -0.005328 -0.023847 0.150015 0.214442 9.805508 
4.178300 0.000003 -0.001016 0.014404 0.609550 -0.011481 0.011704 0.000000 0.000000 0.000000 0.181649 0.020283 0.011600 0.000000 0.000000 0.000000 0.000890 -0.000562 -0.003711 -0.022429 0.003572 -0.016229 0.152950 0.206195 9.805640 
4.378389 0.000021 -0.000922 0.015696 0.646898 -0.026675 0.012029 0.000000 0.000000 0.000000 0.161766 -0.064932 0.003989 0.000000 0.000000 0.000000 0.000769 -0.000739 -0.003814 -0.023988 0.013040 -0.016179 0.154874 0.197317 9.805792 
4.775586 0.000066 -0.000685 0.013989 0.742151 -0.042598 0.013466 0.000000 0.000000 0.000000 0.247971 -0.058209 0.019834 0.000000 0.000000 0.000000 0.001021 -0.001337 -0.003613 -0.032034 0.010244 -0.029401 0.162109 0.200035 9.805620 
4.974315 0.000090 -0.000555 0.014104 0.776514 -0.045130 0.014301 0.000000 0.000000 0.000000 0.164732 -0.004494 0.016949 0.000000 0.000000 0.000000 0.001111 -0.001101 -0.003625 -0.027291 0.007659 -0.020886 0.157717 0.202446 9.805642 
5.372966 0.000067 -0.000403 0.018905 0.868693 -0.043183 0.015127 0.000000 0.000000 0.000000 0.238798 0.018277 0.017303 0.000000 0.000000 0.000000 0.001373 -0.001726 -0.003897 -0.033814 0.005904 -0.024348 0.163725 0.204237 9.805507 
5.571589 0.000032 -0.000348 0.023491 0.946546 -0.022410 0.017294 0.000000 0.000000 0.000000 0.382088 0.120563 -0.003060 0.000000 0.000000 0.000000 0.001643 -0.002378 -0.004616 -0.042380 0.002834 -0.022622 0.171677 0.207435 9.805304 
5.970278 -0.000163 -0.000307 -0.036982 0.950537 0.061587 0.016384 0.000000 0.000000 0.000000 -0.041242 0.244033 -0.014457 0.000000 0.000000 0.000000 0.002043 -0.000967 -0.005433 -0.011632 -0.006332 -0.036414 0.142513 0.215504 9.805597 
6.167564 -0.000554 -0.000529 -0.050770 0.887323 0.155954 0.012178 0.000000 0.000000 0.000000 -0.260720 0.492465 0.009656 0.000000 0.000000 0.000000 0.002002 -0.000585 -0.006017 0.003297 -0.017026 -0.020251 0.131196 0.228109 9.805470 
6.366209 -0.000707 -0.000491 -0.028479 0.898688 0.225202 0.012918 0.000000 0.000000 0.000000 -0.006479 0.350393 -0.009803 0.000000 0.000000 0.000000 0.002228 -0.000619 -0.007388 -0.016028 -0.012197 -0.019797 0.146835 0.218254 9.805472 
6.566199 -0.000722 -0.000362 -0.018367 0.957505 0.230250 0.014579 0.000000 0.000000 0.000000 0.249339 0.034180 0.023041 0.000000 0.000000 0.000000 0.002759 -0.000185 -0.007690 -0.036574 0.005621 -0.016447 0.160262 0.196820 9.805716 
6.764831 -0.000734 -0.000291 -0.017839 1.009255 0.233974 0.016008 0.000000 0.000000 0.000000 0.264530 0.053707 0.029060 0.000000 0.000000 0.000000 0.002749 -0.000237 -0.007719 -0.036667 0.008493 -0.015214 0.159866 0.194199 9.805774 
6.964858 -0.000773 -0.000237 -0.018586 1.042806 0.249793 0.016598 0.000000 0.000000 0.000000 0.178593 0.043708 0.004983 0.000000 0.000000 0.000000 0.002700 -0.000284 -0.007789 -0.031333 0.005553 -0.013849 0.155329 0.197539 9.805781 
7.163527 -0.000740 -0.000139 -0.010054 1.092213 0.238163 0.017063 0.000000 0.000000 0.000000 0.224211 -0.033765 0.022485 0.000000 0.000000 0.000000 0.002649 -0.000197 -0.008770 -0.035139 0.010183 -0.018328 0.158228 0.192807 9.805828 
7.362170 -0.000668 -0.000017 -0.002546 1.128281 0.223918 0.018007 0.000000 0.000000 0.000000 0.199460 -0.071887 -0.028832 0.000000 0.000000 0.000000 0.002638 -0.000223 -0.010413 -0.032241 0.011952 -0.017975 0.155355 0.191586 9.805898 
7.560752 -0.000871 0.000013 -0.021746 1.133932 0.227499 0.016361 0.000000 0.000000 0.000000 0.082306 0.026445 0.051568 0.000000 0.000000 0.000000 0.002816 0.000214 -0.010832 -0.021370 0.008522 -0.014539 0.145991 0.196185 9.805951 
7.759466 -0.000749 -0.000112 -0.055161 1.159026 0.241335 0.018707 0.000000 0.000000 0.000000 0.135508 0.036283 0.003075 0.000000 0.000000 0.000000 0.003096 0.000056 -0.011293 -0.022097 0.004457 -0.015763 0.147274 0.199712 9.805861 
7.958049 -0.000834 -0.000041 -0.091463 1.178477 0.217199 0.023333 0.000000 0.000000 0.000000 0.103579 -0.070470 0.020473 0.000000 0.000000 0.000000 0.002673 0.000181 -0.011600 -0.021372 0.010792 -0.023695 0.144704 0.194319 9.806007 
8.156728 -0.001119 -0.000020 -0.116286 1.190423 0.262906 0.021190 0.000000 0.000000 0.000000 0.052715 0.182875 -0.021785 0.000000 0.000000 0.000000 0.002998 0.000326 -0.011967 -0.016488 -0.000363 -0.026360 0.146148 0.205321 9.805762 
8.355410 -0.001125 -0.000315 -0.155773 1.156437 0.272492 0.021268 0.000000 0.000000 0.000000 -0.173573 0.017269 -0.030292 0.000000 0.000000 0.000000 0.002786 0.000288 -0.012052 -0.010687 0.005967 -0.033879 0.138174 0.204488 9.805895 
8.554073 -0.000841 -0.000430 -0.178185 1.095494 0.209460 0.021888 0.000000 0.000000 0.000000 -0.353759 -0.230957 0.070292 0.000000 0.000000 0.000000 0.002533 0.000240 -0.012272 -0.013475 0.018881 -0.033002 0.130589 0.195144 9.806189 
8.752650 -0.000755 -0.000303 -0.171646 1.168308 0.161036 0.023965 0.000000 0.000000 0.000000 0.297051 -0.255318 -0.050755 0.000000 0.000000 0.000000 0.002922 -0.000087 -0.013149 -0.033371 0.003681 -0.035770 0.151748 0.186160 9.806059 
8.951434 -0.000804 -0.000178 -0.155382 1.231103 0.155021 0.025335 0.000000 0.000000 0.000000 0.347351 -0.088952 0.023955 0.000000 0.000000 0.000000 0.003142 0.000030 -0.013540 -0.027594 -0.006599 -0.038535 0.157715 0.195044 9.805792 
9.151413 -0.000851 -0.000082 -0.155064 1.278444 0.162156 0.026389 0.000000 0.000000 0.000000 0.278037 0.034755 0.031633 0.000000 0.000000 0.000000 0.003106 0.000094 -0.013573 -0.020343 -0.008812 -0.035665 0.156087 0.201744 9.805683 
9.350020 -0.000890 -0.000081 -0.151572 1.273656 0.177803 0.025333 0.000000 0.000000 0.000000 -0.009519 0.093057 -0.003709 0.000000 0.000000 0.000000 0.003154 0.000369 -0.013752 -0.008745 -0.004140 -0.042958 0.146468 0.207621 9.805709 
9.548680 -0.000869 -0.000040 -0.149676 1.299916 0.166634 0.026672 0.000000 0.000000 0.000000 0.081100 -0.041688 0.060367 0.000000 0.000000 0.000000 0.003161 0.000126 -0.013756 -0.018109 -0.002973 -0.037277 0.150886 0.200472 9.805790 
9.747326 -0.000835 0.000061 -0.147459 1.366840 0.138402 0.028529 0.000000 0.000000 0.000000 0.277710 -0.111572 -0.012139 0.000000 0.000000 0.000000 0.003229 0.000076 -0.013927 -0.029547 -0.004556 -0.030514 0.158463 0.193503 9.805811 
9.947254 -0.000855 0.000139 -0.147606 1.402236 0.137328 0.029310 0.000000 0.000000 0.000000 0.198416 -0.009695 0.009003 0.000000 0.000000 0.000000 0.003250 0.000104 -0.013706 -0.023802 -0.007376 -0.028212 0.157182 0.199072 9.805720 
10.145957 -0.000893 0.000232 -0.148566 1.435949 0.138906 0.030449 0.000000 0.000000 0.000000 0.179770 0.026599 0.017866 0.000000 0.000000 0.000000 0.003026 0.000153 -0.013614 -0.023491 -0.006152 -0.024267 0.156210 0.198603 9.805745 
10.344588 -0.000917 0.000313 -0.145932 1.489236 0.140135 0.031158 0.000000 0.000000 0.000000 0.249534 -0.004050 -0.047923 0.000000 0.000000 0.000000 0.003021 0.000181 -0.013780 -0.027433 -0.008261 -0.025640 0.159890 0.197131 9.805715 
10.543218 -0.000933 0.000418 -0.147415 1.542896 0.126691 0.032350 0.000000 0.000000 0.000000 0.258955 -0.037288 0.053183 0.000000 0.000000 0.000000 0.003024 0.000143 -0.013633 -0.029347 -0.007068 -0.028830 0.160133 0.195111 9.805752 
10.743245 -0.000908 0.000478 -0.145852 1.583091 0.115660 0.034248 0.000000 0.000000 0.000000 0.212012 -0.074702 0.021536 0.000000 0.000000 0.000000 0.002992 0.000177 -0.013719 -0.027552 -0.007251 -0.024384 0.159294 0.196468 9.805738 
10.941842 -0.000899 0.000546 -0.144853 1.612181 0.098661 0.034695 0.000000 0.000000 0.000000 0.163049 -0.086891 -0.005488 0.000000 0.000000 0.000000 0.002870 0.000244 -0.013682 -0.025444 -0.005455 -0.026616 0.156880 0.196829 9.805770 
11.140500 -0.000936 0.000593 -0.146588 1.640227 0.107423 0.035248 0.000000 0.000000 0.000000 0.160493 0.007953 0.009457 0.000000 0.000000 0.000000 0.002975 0.000288 -0.013537 -0.022252 -0.010177 -0.029554 0.158126 0.201602 9.805653 
11.340503 -0.000978 0.000707 -0.139076 1.693933 0.116734 0.036407 0.000000 0.000000 0.000000 0.243197 0.021807 -0.016429 0.000000 0.000000 0.000000 0.003058 0.000368 -0.013845 -0.026187 -0.014666 -0.027469 0.163330 0.201649 9.805567 
11.539304 -0.001026 0.000775 -0.138236 1.734987 0.114108 0.037183 0.000000 0.000000 0.000000 0.195090 -0.000826 0.027788 0.000000 0.000000 0.000000 0.003006 0.000309 -0.013876 -0.025864 -0.011750 -0.028122 0.161244 0.200178 9.805632 
11.737881 -0.000977 0.000807 -0.140164 1.772582 0.097745 0.038362 0.000000 0.000000 0.000000 0.193115 -0.061686 0.027064 0.000000 0.000000 0.000000 0.003024 0.000445 -0.013557 -0.026578 -0.008853 -0.028704 0.159855 0.198020 9.805698 
11.937777 -0.001023 0.000902 -0.138788 1.806121 0.117022 0.038332 0.000000 0.000000 0.000000 0.185335 0.081775 0.004087 0.000000 0.000000 0.000000 0.003080 0.000458 -0.013661 -0.024282 -0.013694 -0.027134 0.161454 0.202347 9.805584 
12.136511 -0.001075 0.000955 -0.138827 1.831861 0.130046 0.039705 0.000000 0.000000 0.000000 0.124383 0.091633 -0.010162 0.000000 0.000000 0.000000 0.002850 0.000518 -0.013602 -0.022990 -0.011591 -0.027674 0.159380 0.201907 9.805627 
12.335112 -0.001080 0.001031 -0.138750 1.848741 0.128447 0.040060 0.000000 0.000000 0.000000 0.098852 0.009955 0.028353 0.000000 0.000000 0.000000 0.002796 0.000503 -0.013533 -0.023032 -0.006776 -0.025864 0.156485 0.199039 9.805732 
12.535102 -0.001126 0.001127 -0.131092 1.911525 0.131780 0.040583 0.000000 0.000000 0.000000 0.281555 0.017244 0.012990 0.000000 0.000000 0.000000 0.002809 0.000369 -0.014140 -0.028413 -0.010882 -0.025820 0.162161 0.198214 9.805656 
12.733836 -0.001123 0.001202 -0.119293 1.932692 0.137977 0.040425 0.000000 0.000000 0.000000 0.141941 0.054331 -0.005463 0.000000 0.000000 0.000000 0.002674 0.000596 -0.015338 -0.024255 -0.007519 -0.027403 0.157668 0.198804 9.805718 
12.932453 -0.001406 0.001313 -0.142171 1.880675 0.207163 0.038367 0.000000 0.000000 0.000000 -0.196494 0.323666 0.025356 0.000000 0.000000 0.000000 0.002884 0.001160 -0.015750 -0.009085 -0.009993 -0.030730 0.150252 0.209332 9.805615 
13.131080 -0.001535 0.001168 -0.151708 1.774477 0.270839 0.041254 0.000000 0.000000 0.000000 -0.515421 0.331177 0.060279 0.000000 0.000000 0.000000 0.002707 0.001544 -0.016108 -0.000447 -0.004577 -0.026425 0.142011 0.211577 9.805690 
13.329721 -0.001709 0.001051 -0.167473 1.747707 0.319981 0.039034 0.000000 0.000000 0.000000 -0.139936 0.267667 -0.070438 0.000000 0.000000 0.000000 0.002755 0.001475 -0.016518 -0.009040 -0.007860 -0.023871 0.148584 0.207605 9.805677 
13.528380 -0.001904 0.001095 -0.170882 1.748771 0.385904 0.039340 0.000000 0.000000 0.000000 -0.064863 0.342779 0.074610 0.000000 0.000000 0.000000 0.002770 0.001362 -0.016936 -0.012552 -0.012006 -0.022478 0.153133 0.206937 9.805621 
13.728354 -0.002207 0.001139 -0.183203 1.720475 0.485868 0.037357 0.000000 0.000000 0.000000 -0.138176 0.526986 -0.032899 0.000000 0.000000 0.000000 0.002566 0.001577 -0.017467 -0.009223 -0.013582 -0.018327 0.153022 0.210046 9.805557 
13.926991 -0.002483 0.001132 -0.207613 1.651326 0.624314 0.035277 0.000000 0.000000 0.000000 -0.303879 0.676369 0.002172 0.000000 0.000000 0.000000 0.002626 0.001590 -0.017663 -0.001745 -0.013433 -0.015859 0.150299 0.215738 9.805475 
14.125643 -0.002636 0.001139 -0.217658 1.662926 0.688571 0.031801 0.000000 0.000000 0.000000 0.004561 0.425883 -0.014753 0.000000 0.000000 0.000000 0.002471 0.001455 -0.018142 -0.018067 -0.010770 -0.012823 0.152620 0.202030 9.805732 
14.324410 -0.002598 0.001143 -0.243796 1.635802 0.698014 0.029852 0.000000 0.000000 0.000000 -0.113394 0.076560 0.014011 0.000000 0.000000 0.000000 0.002245 0.001381 -0.018313 -0.023302 0.003386 -0.010116 0.141739 0.195178 9.806034 
14.524281 -0.002724 0.001227 -0.257510 1.636518 0.770078 0.029703 0.000000 0.000000 0.000000 -0.020445 0.346912 0.003661 0.000000 0.000000 0.000000 0.002246 0.001442 -0.018648 -0.019306 -0.005598 -0.009667 0.149015 0.199459 9.805840 
14.722970 -0.002881 0.001263 -0.276430 1.668281 0.850698 0.030548 0.000000 0.000000 0.000000 0.111079 0.434925 0.064939 0.000000 0.000000 0.000000 0.002158 0.001542 -0.019017 -0.022423 -0.010774 -0.005595 0.153495 0.196780 9.805825 
14.922918 -0.003146 0.001461 -0.297519 1.752474 0.929034 0.028868 0.000000 0.000000 0.000000 0.367799 0.386298 0.001622 0.000000 0.000000 0.000000 0.002272 0.001534 -0.019238 -0.029161 -0.017572 0.001894 0.158866 0.190426 9.805865 
15.320207 -0.003745 0.001961 -0.328394 1.954746 1.151907 0.025995 0.000000 0.000000 0.000000 0.552452 0.611706 0.004285 0.000000 0.000000 0.000000 0.003060 0.001152 -0.019486 -0.027642 -0.024210 -0.000828 0.164869 0.190431 9.805765 
15.518902 -0.003870 0.002125 -0.325884 2.015047 1.193340 0.026411 0.000000 0.000000 0.000000 0.258175 0.204153 -0.046978 0.000000 0.000000 0.000000 -0.000536 0.001786 -0.019538 -0.036995 -0.007566 -0.003984 0.148064 0.187883 9.806083 
15.718868 -0.003920 0.002243 -0.323389 2.048185 1.180536 0.026510 0.000000 0.000000 0.000000 0.161939 -0.005385 0.032280 0.000000 0.000000 0.000000 -0.000089 0.001509 -0.019556 -0.042292 -0.001600 -0.003865 0.141619 0.184976 9.806233 
15.917528 -0.003906 0.002315 -0.321283 2.093565 1.147716 0.027040 0.000000 0.000000 0.000000 0.240680 -0.125596 -0.003864 0.000000 0.000000 0.000000 0.000350 0.001686 -0.019588 -0.047668 0.000482 -0.001336 0.138568 0.180939 9.806352 
16.116316 -0.003945 0.002433 -0.319575 2.138853 1.144720 0.027498 0.000000 0.000000 0.000000 0.231919 -0.002177 0.009772 0.000000 0.000000 0.000000 0.000284 0.001503 -0.019476 -0.042842 -0.000918 -0.005542 0.140873 0.184622 9.806251 
16.314830 -0.003953 0.002559 -0.317889 2.202503 1.117144 0.027885 0.000000 0.000000 0.000000 0.308136 -0.133936 0.024028 0.000000 0.000000 0.000000 0.000429 0.001497 -0.019536 -0.049479 -0.002479 -0.004504 0.140702 0.178700 9.806363 
16.514827 -0.003935 0.002607 -0.318317 2.223043 1.093155 0.028118 0.000000 0.000000 0.000000 0.134947 -0.115217 -0.042992 0.000000 0.000000 0.000000 0.000412 0.001150 -0.019400 -0.044616 0.005748 -0.004564 0.134827 0.184533 9.806337 
16.713532 -0.003949 0.002722 -0.318984 2.270277 1.075746 0.028048 0.000000 0.000000 0.000000 0.215334 -0.083358 -0.026138 0.000000 0.000000 0.000000 0.000387 0.001346 -0.019191 -0.045491 0.000798 -0.009851 0.138886 0.182807 9.806313 
16.912196 -0.003979 0.002871 -0.318471 2.334504 1.053814 0.028481 0.000000 0.000000 0.000000 0.305648 -0.103616 -0.002689 0.000000 0.000000 0.000000 0.000563 0.001248 -0.019087 -0.049353 -0.002684 -0.011563 0.141029 0.178842 9.806355 
17.110773 -0.003992 0.002990 -0.317899 2.393684 1.037149 0.029171 0.000000 0.000000 0.000000 0.321699 -0.091347 0.006295 0.000000 0.000000 0.000000 0.000654 0.001471 -0.019038 -0.046801 -0.001360 -0.013435 0.140494 0.181227 9.806319 
17.309508 -0.003952 0.003077 -0.314522 2.419443 1.016443 0.030093 0.000000 0.000000 0.000000 0.163233 -0.114459 -0.011314 0.000000 0.000000 0.000000 0.000339 0.002169 -0.019048 -0.042230 0.006053 -0.015956 0.135312 0.186559 9.806292 
17.508098 -0.004048 0.003178 -0.313450 2.476791 1.022717 0.030367 0.000000 0.000000 0.000000 0.337914 0.050910 -0.000799 0.000000 0.000000 0.000000 0.000601 0.002038 -0.019005 -0.040359 0.001461 -0.018282 0.139527 0.187185 9.806221 
17.706738 -0.004139 0.003311 -0.302582 2.604058 1.029634 0.028720 0.000000 0.000000 0.000000 0.613495 0.054034 -0.016644 0.000000 0.000000 0.000000 0.000755 0.001468 -0.019647 -0.047336 -0.007407 -0.019904 0.145607 0.179796 9.806271 
17.906812 -0.004043 0.003475 -0.289457 2.666149 1.001010 0.027219 0.000000 0.000000 0.000000 0.310203 -0.109363 -0.009992 0.000000 0.000000 0.000000 -0.000091 0.001889 -0.020443 -0.047208 0.007801 -0.018510 0.133032 0.182686 9.806396 
18.105384 -0.003999 0.003582 -0.297562 2.682476 0.992372 0.029811 0.000000 0.000000 0.000000 0.105716 -0.024932 0.042449 0.000000 0.000000 0.000000 -0.000368 0.002336 -0.020899 -0.042538 0.015688 -0.018544 0.127228 0.187691 9.806379 
18.304058 -0.003930 0.003793 -0.304011 2.747770 0.979777 0.031211 0.000000 0.000000 0.000000 0.311363 -0.068926 0.011171 0.000000 0.000000 0.000000 -0.000354 0.002196 -0.021196 -0.047780 0.010706 -0.016376 0.130592 0.182810 9.806427 
18.502715 -0.003955 0.003915 -0.283164 2.785671 0.926521 0.029359 0.000000 0.000000 0.000000 0.186498 -0.271512 -0.021686 0.000000 0.000000 0.000000 -0.000409 0.002136 -0.021692 -0.049691 0.015671 -0.015895 0.126256 0.181939 9.806500 
18.701349 -0.003930 0.004072 -0.278160 2.830841 0.932384 0.029752 0.000000 0.000000 0.000000 0.251681 -0.018767 -0.036895 0.000000 0.000000 0.000000 -0.000299 0.001932 -0.021779 -0.044424 0.011070 -0.019059 0.130583 0.185699 9.806373 
18.901322 -0.003961 0.004202 -0.276281 2.885077 0.931648 0.029160 0.000000 0.000000 0.000000 0.246591 -0.008503 0.054521 0.000000 0.000000 0.000000 -0.000203 0.001867 -0.021591 -0.044650 0.009369 -0.016750 0.131927 0.185467 9.806359 
19.100031 -0.003966 0.004312 -0.277348 2.945065 0.904420 0.029068 0.000000 0.000000 0.000000 0.323751 -0.097933 -0.023442 0.000000 0.000000 0.000000 -0.000335 0.001717 -0.021489 -0.048017 0.012048 -0.017108 0.129866 0.182753 9.806438 
19.298674 -0.003988 0.004438 -0.276500 2.990484 0.899168 0.027992 0.000000 0.000000 0.000000 0.209984 -0.054592 -0.015929 0.000000 0.000000 0.000000 -0.000171 0.001836 -0.021522 -0.044050 0.011146 -0.024130 0.130624 0.185828 9.806370 
19.497356 -0.003973 0.004544 -0.271077 3.039154 0.874866 0.029441 0.000000 0.000000 0.000000 0.228542 -0.104204 0.012629 0.000000 0.000000 0.000000 -0.000275 0.001720 -0.021567 -0.047027 0.012203 -0.025616 0.129868 0.183465 9.806424 
19.697291 -0.004000 0.004669 -0.274606 3.097816 0.860018 0.028729 0.000000 0.000000 0.000000 0.280482 -0.058262 0.014601 0.000000 0.000000 0.000000 -0.000315 0.001624 -0.021343 -0.048082 0.010794 -0.022548 0.130912 0.182668 9.806425 
19.895929 -0.004018 0.004835 -0.272306 3.165541 0.850460 0.027726 0.000000 0.000000 0.000000 0.360208 -0.048888 -0.023488 0.000000 0.000000 0.000000 -0.000410 0.001632 -0.021393 -0.048415 0.010447 -0.022170 0.131181 0.182434 9.806426 
20.094636 -0.004030 0.004934 -0.271732 3.233261 0.840105 0.028463 0.000000 0.000000 0.000000 0.338951 -0.027070 0.013370 0.000000 0.000000 0.000000 -0.000435 0.001685 -0.021427 -0.048860 0.011843 -0.021285 0.130096 0.182047 9.806448 
20.294625 -0.004035 0.005029 -0.266397 3.303895 0.815222 0.028356 0.000000 0.000000 0.000000 0.406816 -0.191078 -0.056740 0.000000 0.000000 0.000000 -0.000268 0.001683 -0.021606 -0.048765 0.013073 -0.021419 0.129158 0.182057 9.806460 
20.493339 -0.004009 0.005034 -0.263095 3.369621 0.781911 0.028717 0.000000 0.000000 0.000000 0.348624 -0.141940 0.081890 0.000000 0.000000 0.000000 -0.000375 0.001810 -0.021635 -0.047009 0.015103 -0.022827 0.127550 0.183265 9.806458 
20.691934 -0.004021 0.005201 -0.262957 3.426056 0.786295 0.028960 0.000000 0.000000 0.000000 0.276367 -0.000389 -0.003759 0.000000 0.000000 0.000000 -0.000382 0.001704 -0.021566 -0.044091 0.013518 -0.020592 0.128379 0.185584 9.806404 
20.891942 -0.004060 0.005333 -0.262624 3.477972 0.791150 0.027611 0.000000 0.000000 0.000000 0.268600 0.027988 0.016062 0.000000 0.000000 0.000000 -0.000333 0.001694 -0.021430 -0.043620 0.013422 -0.019614 0.128387 0.185947 9.806397 
21.090515 -0.004054 0.005456 -0.263899 3.532284 0.760540 0.027305 0.000000 0.000000 0.000000 0.286164 -0.119449 0.031097 0.000000 0.000000 0.000000 -0.000706 0.001720 -0.021115 -0.048081 0.019067 -0.014769 0.124586 0.182170 9.806517 
21.289200 -0.004085 0.005515 -0.262922 3.613169 0.754505 0.027828 0.000000 0.000000 0.000000 0.388347 -0.052514 0.008955 0.000000 0.000000 0.000000 -0.000067 0.001493 -0.021272 -0.048592 0.014434 -0.011372 0.127914 0.182366 9.806470 
21.489202 -0.004110 0.005657 -0.258842 3.681458 0.754067 0.027666 0.000000 0.000000 0.000000 0.329554 -0.089687 0.025848 0.000000 0.000000 0.000000 0.000145 0.001834 -0.021410 -0.045624 0.013294 -0.009308 0.128437 0.184691 9.806420 
21.886456 -0.004112 0.005877 -0.254245 3.792933 0.733182 0.026665 0.000000 0.000000 0.000000 0.291644 -0.051417 0.024972 0.000000 0.000000 0.000000 -0.000274 0.002822 -0.021438 -0.042296 0.015665 -0.012206 0.126534 0.186816 9.806405 
22.085163 -0.004108 0.005958 -0.254009 3.836533 0.728195 0.027868 0.000000 0.000000 0.000000 0.245489 -0.056571 -0.006884 0.000000 0.000000 0.000000 -0.000317 0.003302 -0.021202 -0.040256 0.016325 -0.008854 0.125610 0.188167 9.806391 
22.285146 -0.004085 0.005991 -0.254475 3.896149 0.699337 0.026506 0.000000 0.000000 0.000000 0.291558 -0.151530 -0.006118 0.000000 0.000000 0.000000 -0.000584 0.002902 -0.021229 -0.043059 0.017665 -0.009393 0.125142 0.186001 9.806438 
22.483784 -0.004059 0.006206 -0.250164 3.942605 0.675776 0.024613 0.000000 0.000000 0.000000 0.226901 -0.147814 -0.029530 0.000000 0.000000 0.000000 -0.000512 0.002917 -0.021398 -0.041462 0.017644 -0.010411 0.124930 0.187102 9.806420 
22.682471 -0.004091 0.006324 -0.249550 3.966633 0.662774 0.023327 0.000000 0.000000 0.000000 0.129173 -0.073476 0.012185 0.000000 0.000000 0.000000 -0.000575 0.002999 -0.021177 -0.038611 0.017802 -0.011516 0.124429 0.189039 9.806389 
22.882451 -0.004066 0.006407 -0.250310 4.011280 0.646728 0.025782 0.000000 0.000000 0.000000 0.222650 -0.089074 0.010653 0.000000 0.000000 0.000000 -0.000424 0.002857 -0.020753 -0.040822 0.016234 -0.009723 0.125821 0.187838 9.806394 
23.081047 -0.003924 0.005620 -0.228472 4.010082 0.638610 0.035053 0.000000 0.000000 0.000000 0.080186 -0.055327 0.039811 0.000000 0.000000 0.000000 -0.000612 0.003638 -0.020360 -0.033206 0.020526 -0.016104 0.121701 0.191884 9.806368 
23.279717 -0.003742 0.005212 -0.207232 3.957600 0.553143 0.039564 0.000000 0.000000 0.000000 -0.227220 -0.403351 -0.022903 0.000000 0.000000 0.000000 -0.001290 0.003883 -0.020118 -0.031417 0.034314 -0.018158 0.112731 0.189397 9.806523 
23.678376 -0.003590 0.004885 -0.120310 3.859596 0.520655 0.047607 0.000000 0.000000 0.000000 -0.263223 -0.018139 0.060689 0.000000 0.000000 0.000000 0.000530 0.004047 -0.020155 -0.028581 0.028608 -0.015221 0.113856 0.193198 9.806436 
23.877084 -0.003229 0.004195 -0.086245 3.711821 0.592771 0.049025 0.000000 0.000000 0.000000 -0.700041 0.243057 -0.011989 0.000000 0.000000 0.000000 0.003267 0.008017 -0.020211 -0.019780 0.021084 -0.009644 0.108308 0.197113 9.806421 
24.075660 -0.003247 0.004025 -0.052402 3.573916 0.706939 0.046217 0.000000 0.000000 0.000000 -0.703327 0.561960 -0.002527 0.000000 0.000000 0.000000 0.003945 0.007991 -0.020020 -0.021427 0.015228 -0.007609 0.107295 0.200733 9.806359 
24.274423 -0.003210 0.004022 -0.019997 3.376430 0.767282 0.044705 0.000000 0.000000 0.000000 -1.012780 0.277110 0.027756 0.000000 0.000000 0.000000 0.003985 0.007968 -0.019950 -0.014210 0.019258 -0.005460 0.106136 0.195553 9.806476 
24.474346 -0.002974 0.003465 -0.017647 3.199100 0.725865 0.047052 0.000000 0.000000 0.000000 -0.912991 -0.169442 -0.053171 0.000000 0.000000 0.000000 0.004637 0.008215 -0.019850 -0.012708 0.029011 -0.005298 0.111640 0.191591 9.806493 
24.672955 -0.003006 0.003546 -0.022647 3.206548 0.725842 0.042537 0.000000 0.000000 0.000000 -0.047087 -0.014554 -0.018814 0.000000 0.000000 0.000000 0.004052 0.010513 -0.019626 -0.026131 0.033696 -0.006152 0.117673 0.199593 9.806263 
24.871667 -0.003018 0.003679 -0.019314 3.252174 0.715499 0.042778 0.000000 0.000000 0.000000 0.168563 -0.089588 0.038997 0.000000 0.000000 0.000000 0.004153 0.011241 -0.019676 -0.031072 0.036760 -0.004720 0.120794 0.202144 9.806173 
25.469006 -0.002662 0.003640 0.042857 3.327497 0.644407 0.052067 0.000000 0.000000 0.000000 0.144679 -0.146517 -0.011710 0.000000 0.000000 0.000000 0.003856 0.011780 -0.019624 -0.028586 0.036570 -0.008082 0.120210 0.200479 9.806214 
25.667655 -0.002474 0.003281 0.081787 3.289123 0.680819 0.050370 0.000000 0.000000 0.000000 -0.132071 0.142563 -0.049856 0.000000 0.000000 0.000000 0.005855 0.013721 -0.019640 -0.027400 0.025300 -0.012621 0.111705 0.199221 9.806341 
25.866268 -0.002153 0.003306 0.107420 3.289631 0.657698 0.055132 0.000000 0.000000 0.000000 -0.024728 -0.085830 0.050318 0.000000 0.000000 0.000000 0.005648 0.013566 -0.019338 -0.024991 0.033487 -0.013772 0.118365 0.198370 9.806280 
26.066248 -0.002129 0.003275 0.120157 3.233710 0.614139 0.052725 0.000000 0.000000 0.000000 -0.249114 -0.237004 -0.034789 0.000000 0.000000 0.000000 0.005848 0.013614 -0.019098 -0.015273 0.030454 -0.009259 0.118136 0.190158 9.806445 
26.264866 -0.002040 0.003340 0.113898 3.232564 0.594090 0.051061 0.000000 0.000000 0.000000 -0.045975 -0.177969 0.008543 0.000000 0.000000 0.000000 0.006027 0.013079 -0.018565 -0.027916 0.032957 -0.006885 0.116523 0.200590 9.806257 
26.463506 -0.001975 0.003464 0.115850 3.276284 0.602259 0.050708 0.000000 0.000000 0.000000 0.248269 0.034192 -0.078409 0.000000 0.000000 0.000000 0.006072 0.012742 -0.018478 -0.041383 0.035848 -0.009607 0.114879 0.211830 9.806040 
26.862190 -0.002077 0.003627 0.120016 3.391937 0.656813 0.051432 0.000000 0.000000 0.000000 0.293677 0.124288 0.021380 0.000000 0.000000 0.000000 0.005661 0.012325 -0.018662 -0.044636 0.034081 -0.011187 0.112698 0.213926 9.806019 
27.060816 -0.002086 0.003729 0.119262 3.447425 0.662609 0.051264 0.000000 0.000000 0.000000 0.281182 0.027161 -0.002396 0.000000 0.000000 0.000000 0.005278 0.012481 -0.018560 -0.041642 0.035837 -0.005120 0.114840 0.212102 9.806034 
27.259501 -0.002093 0.003799 0.119577 3.477413 0.687061 0.050675 0.000000 0.000000 0.000000 0.191908 0.078654 0.027509 0.000000 0.000000 0.000000 0.005677 0.012817 -0.018372 -0.040411 0.028893 -0.003044 0.109808 0.209278 9.806152 
27.656767 -0.002042 0.003594 0.128721 3.530997 0.700476 0.055974 0.000000 0.000000 0.000000 0.140763 0.027107 0.013707 0.000000 0.000000 0.000000 0.005126 0.013143 -0.017270 -0.036177 0.027743 -0.010845 0.110191 0.205746 9.806223 
27.856828 -0.002252 0.003740 0.151912 3.479858 0.745180 0.053705 0.000000 0.000000 0.000000 -0.210104 0.187043 -0.023587 0.000000 0.000000 0.000000 0.006557 0.015073 -0.017072 -0.032516 0.011904 -0.011203 0.099380 0.197985 9.806498 
28.056804 -0.002227 0.003604 0.187988 3.325059 0.837947 0.054261 0.000000 0.000000 0.000000 -0.683622 0.389944 0.009287 0.000000 0.000000 0.000000 0.007331 0.015742 -0.017008 -0.028316 -0.010611 -0.012172 0.083948 0.187203 9.806854 
28.255489 -0.002122 0.003311 0.217932 3.132717 0.930443 0.055272 0.000000 0.000000 0.000000 -0.943212 0.448651 0.001632 0.000000 0.000000 0.000000 0.007414 0.015705 -0.016927 -0.025252 -0.019834 -0.009805 0.078375 0.181232 9.807012 
28.454120 -0.002350 0.003258 0.245369 2.929540 1.041178 0.051333 0.000000 0.000000 0.000000 -0.965757 0.509618 -0.068836 0.000000 0.000000 0.000000 0.007374 0.015474 -0.016643 -0.027645 -0.026478 -0.010575 0.072503 0.179891 9.807082 
28.652728 -0.002598 0.003076 0.268471 2.693681 1.129877 0.042528 0.000000 0.000000 0.000000 -1.124200 0.483882 -0.096890 0.000000 0.000000 0.000000 0.007291 0.015154 -0.016417 -0.020154 -0.034790 -0.014293 0.070587 0.170515 9.807264 
28.852844 -0.002869 0.002764 0.291883 2.510630 1.295527 0.040548 0.000000 0.000000 0.000000 -0.973738 0.824885 0.058313 0.000000 0.000000 0.000000 0.007055 0.015079 -0.016232 -0.039672 -0.031078 -0.013782 0.062298 0.185677 9.807045 
29.051429 -0.003079 0.002443 0.323208 2.331641 1.437856 0.041859 0.000000 0.000000 0.000000 -0.871419 0.714908 -0.048376 0.000000 0.000000 0.000000 0.006959 0.015107 -0.016092 -0.035893 -0.027316 -0.013389 0.066970 0.185411 9.807019 
29.250113 -0.003350 0.002546 0.351504 2.216015 1.624628 0.041852 0.000000 0.000000 0.000000 -0.625054 0.966829 0.002566 0.000000 0.000000 0.000000 0.006859 0.014611 -0.015887 -0.050118 -0.016065 -0.016637 0.065321 0.201392 9.806715 
29.450099 -0.003759 0.002572 0.387170 2.125671 1.785794 0.038575 0.000000 0.000000 0.000000 -0.478628 0.800159 -0.098793 0.000000 0.000000 0.000000 0.006988 0.014685 -0.015831 -0.044909 -0.004637 -0.017448 0.075694 0.205524 9.806555 
29.648735 -0.004186 0.002838 0.422318 2.072349 1.945375 0.037703 0.000000 0.000000 0.000000 -0.289016 0.805739 -0.014175 0.000000 0.000000 0.000000 0.007068 0.015174 -0.015656 -0.047477 0.002254 -0.019149 0.078088 0.211645 9.806406 
30.046081 -0.004741 0.002916 0.492995 1.964767 2.132111 0.041048 0.000000 0.000000 0.000000 -0.247095 0.369116 -0.003716 0.000000 0.000000 0.000000 0.006693 0.015422 -0.015396 -0.029356 0.005151 -0.021920 0.092664 0.203764 9.806446 
30.244619 -0.004888 0.003163 0.535834 1.875489 2.187405 0.038895 0.000000 0.000000 0.000000 -0.457169 0.320304 -0.043555 0.000000 0.000000 0.000000 0.006518 0.016826 -0.015448 -0.019321 -0.004901 -0.021920 0.095060 0.191036 9.806679 
30.443369 -0.004754 0.002869 0.573609 1.788025 2.208712 0.039231 0.000000 0.000000 0.000000 -0.428792 0.109623 0.009641 0.000000 0.000000 0.000000 0.006858 0.016718 -0.015310 -0.008896 -0.003215 -0.022370 0.103808 0.187080 9.806666 
30.643342 -0.004612 0.002666 0.596875 1.654862 2.143331 0.038791 0.000000 0.000000 0.000000 -0.638859 -0.296177 0.042124 0.000000 0.000000 0.000000 0.008163 0.014727 -0.015152 0.009715 -0.012085 -0.021727 0.113839 0.171282 9.806844 
30.842021 -0.004411 0.002455 0.630505 1.591312 1.973913 0.036847 0.000000 0.000000 0.000000 -0.382214 -0.750050 -0.094833 0.000000 0.000000 0.000000 0.010367 0.015125 -0.015032 0.041320 0.008490 -0.022164 0.148213 0.172750 9.806359 
31.040602 -0.004151 0.002131 0.656972 1.537343 1.778991 0.034261 0.000000 0.000000 0.000000 -0.246462 -0.938995 0.021120 0.000000 0.000000 0.000000 0.010319 0.015232 -0.014913 0.056885 0.011524 -0.026780 0.161962 0.168200 9.806220 
31.239366 -0.003557 0.002180 0.687321 1.523257 1.512394 0.032953 0.000000 0.000000 0.000000 -0.080395 -1.300823 0.005836 0.000000 0.000000 0.000000 0.009202 0.015726 -0.014790 0.086582 0.022996 -0.023074 0.191028 0.164609 9.805758 
31.438013 -0.002833 0.001941 0.723374 1.518268 1.243464 0.031103 0.000000 0.000000 0.000000 -0.022056 -1.437476 0.035520 0.000000 0.000000 0.000000 0.009069 0.015504 -0.014754 0.086042 0.025988 -0.021091 0.191861 0.167310 9.805696 
31.637963 -0.002377 0.002036 0.751691 1.549095 0.976786 0.027892 0.000000 0.000000 0.000000 0.166832 -1.347354 -0.104541 0.000000 0.000000 0.000000 0.008876 0.015167 -0.014654 0.079645 0.038105 -0.023366 0.191527 0.179887 9.805480 
32.035279 -0.001017 0.001916 0.813162 1.649422 0.482479 0.024930 0.000000 0.000000 0.000000 0.289709 -1.223675 0.022075 0.000000 0.000000 0.000000 0.008978 0.014511 -0.014335 0.069390 0.042431 -0.029126 0.184580 0.187458 9.805471 
32.233879 -0.000462 0.002110 0.832042 1.819175 0.291293 0.027733 0.000000 0.000000 0.000000 0.840587 -0.998523 -0.014385 0.000000 0.000000 0.000000 0.007369 0.010207 -0.014110 0.052439 0.085973 -0.034162 0.186107 0.230625 9.804522 
32.433884 -0.000206 0.002262 0.822724 1.955463 0.239663 0.028095 0.000000 0.000000 0.000000 0.716139 -0.349380 0.000503 0.000000 0.000000 0.000000 0.009165 0.008289 -0.013773 -0.007279 0.081610 -0.035099 0.133885 0.248705 9.804933 
32.632516 -0.000196 0.002393 0.821748 2.014255 0.264715 0.029316 0.000000 0.000000 0.000000 0.374753 0.106351 0.001868 0.000000 0.000000 0.000000 0.009581 0.007820 -0.013757 -0.048414 0.054196 -0.033962 0.089095 0.240663 9.805642 
32.831169 -0.000272 0.002402 0.823807 2.025296 0.324728 0.029716 0.000000 0.000000 0.000000 0.081587 0.251967 0.041044 0.000000 0.000000 0.000000 0.009080 0.007428 -0.013642 -0.059845 0.041674 -0.033127 0.074834 0.234467 9.805912 
33.029954 -0.000382 0.002413 0.818901 2.041901 0.388897 0.029831 0.000000 0.000000 0.000000 0.093489 0.301394 0.011679 0.000000 0.000000 0.000000 0.009020 0.007391 -0.013070 -0.064635 0.043017 -0.030131 0.071301 0.237396 9.805868 
33.228462 -0.000432 0.002511 0.822108 2.103251 0.462213 0.029714 0.000000 0.000000 0.000000 0.303710 0.383540 -0.049170 0.000000 0.000000 0.000000 0.008636 0.007102 -0.013193 -0.066631 0.064122 -0.033793 0.077534 0.255785 9.805358 
33.427105 -0.000602 0.002773 0.834090 2.125604 0.527329 0.030656 0.000000 0.000000 0.000000 0.194247 0.349179 0.022496 0.000000 0.000000 0.000000 0.009046 0.007159 -0.012556 -0.064451 0.044073 -0.034270 0.071819 0.238237 9.805843 
33.625763 -0.000591 0.002476 0.877451 2.100539 0.550498 0.030610 0.000000 0.000000 0.000000 -0.116741 0.106473 0.033680 0.000000 0.000000 0.000000 0.009384 0.007688 -0.012570 -0.048366 0.016662 -0.029135 0.075034 0.209397 9.806478 
33.825860 -0.000894 0.002430 0.909010 1.980645 0.607530 0.030820 0.000000 0.000000 0.000000 -0.502535 0.212940 0.009394 0.000000 0.000000 0.000000 0.008707 0.006884 -0.012478 -0.062132 -0.006275 -0.027968 0.055168 0.195186 9.806903 
34.024423 -0.001033 0.002364 0.938330 1.856716 0.602111 0.030118 0.000000 0.000000 0.000000 -0.580295 0.007134 -0.030995 0.000000 0.000000 0.000000 0.008915 0.006381 -0.012342 -0.049583 -0.016247 -0.028924 0.062292 0.182434 9.807106 
34.223145 -0.001234 0.002073 0.977064 1.744239 0.622076 0.030150 0.000000 0.000000 0.000000 -0.607774 0.117579 0.035970 0.000000 0.000000 0.000000 0.008707 0.006407 -0.012281 -0.054652 -0.013663 -0.026427 0.058845 0.186321 9.807054 
34.421787 -0.001428 0.001982 0.971857 1.648960 0.655308 0.026812 0.000000 0.000000 0.000000 -0.455127 0.170247 -0.020891 0.000000 0.000000 0.000000 0.008858 0.006373 -0.012002 -0.056140 -0.007879 -0.024342 0.059431 0.191721 9.806946 
34.819103 -0.001521 0.002029 0.970563 1.691947 0.740655 0.028593 0.000000 0.000000 0.000000 0.249710 0.226320 0.019035 0.000000 0.000000 0.000000 0.006230 0.005263 -0.011821 -0.046469 0.032178 -0.025270 0.080392 0.223154 9.806132 
35.017751 -0.001524 0.002156 0.969691 1.777156 0.781905 0.027908 0.000000 0.000000 0.000000 0.484390 0.186989 -0.070594 0.000000 0.000000 0.000000 0.005176 0.004872 -0.011600 -0.042972 0.040761 -0.027780 0.086118 0.229431 9.805938 
35.216408 -0.001504 0.002308 0.965813 1.869865 0.837249 0.028303 0.000000 0.000000 0.000000 0.472534 0.307902 0.040614 0.000000 0.000000 0.000000 0.005044 0.004883 -0.011475 -0.046651 0.040907 -0.028910 0.083066 0.230754 9.805934 
35.415051 -0.001547 0.002404 0.970445 1.917875 0.888382 0.028671 0.000000 0.000000 0.000000 0.319281 0.265712 0.024540 0.000000 0.000000 0.000000 0.005497 0.005073 -0.011775 -0.047930 0.020898 -0.021421 0.075437 0.214209 9.806371 
35.613699 -0.001556 0.002440 0.969200 1.927651 0.914781 0.028492 0.000000 0.000000 0.000000 0.087837 0.161091 -0.019494 0.000000 0.000000 0.000000 0.005815 0.005254 -0.011652 -0.043311 -0.003694 -0.015829 0.071275 0.191902 9.806864 
35.813703 -0.001653 0.002480 0.973526 1.929489 0.963336 0.028402 0.000000 0.000000 0.000000 0.006061 0.214691 0.042501 0.000000 0.000000 0.000000 0.005684 0.005081 -0.011938 -0.051573 -0.007941 -0.015634 0.062910 0.191020 9.806938 
36.012330 -0.001637 0.002510 0.977746 1.955553 0.991133 0.028323 0.000000 0.000000 0.000000 0.116947 0.177541 -0.007588 0.000000 0.000000 0.000000 0.005215 0.005186 -0.012239 -0.041622 -0.001550 -0.015660 0.073392 0.193191 9.806823 
36.211007 -0.001633 0.002574 0.978012 2.007601 1.017830 0.027728 0.000000 0.000000 0.000000 0.294554 0.133420 -0.038500 0.000000 0.000000 0.000000 0.004840 0.005068 -0.012112 -0.038732 0.004849 -0.020716 0.077914 0.197674 9.806698 
36.409630 -0.001621 0.002707 0.977538 2.056973 1.060474 0.027344 0.000000 0.000000 0.000000 0.280667 0.183974 0.042579 0.000000 0.000000 0.000000 0.005065 0.004809 -0.012088 -0.046735 0.001781 -0.023248 0.070168 0.197685 9.806757 
36.608352 -0.001695 0.002757 0.976711 2.079329 1.114522 0.027880 0.000000 0.000000 0.000000 0.130458 0.256885 -0.052837 0.000000 0.000000 0.000000 0.005473 0.004681 -0.012102 -0.057289 -0.009111 -0.023177 0.057741 0.191941 9.806952 
36.807202 -0.001713 0.002842 0.981285 2.118148 1.149295 0.028069 0.000000 0.000000 0.000000 0.189926 0.196540 0.013488 0.000000 0.000000 0.000000 0.005439 0.004931 -0.012149 -0.052263 -0.007286 -0.026776 0.062591 0.191848 9.806924 
37.005635 -0.001769 0.002913 0.980161 2.143330 1.192298 0.028859 0.000000 0.000000 0.000000 0.170930 0.234891 0.041551 0.000000 0.000000 0.000000 0.005402 0.004801 -0.012180 -0.052139 -0.012619 -0.023945 0.060929 0.187348 9.807021 
37.205568 -0.001584 0.002965 0.953472 2.151487 1.116123 0.028810 0.000000 0.000000 0.000000 0.098601 -0.223794 -0.001151 0.000000 0.000000 0.000000 0.005092 0.005981 -0.012186 -0.008316 -0.032821 -0.020676 0.090957 0.156151 9.807335 
37.404279 -0.001426 0.003113 0.920998 2.231650 1.031075 0.031017 0.000000 0.000000 0.000000 0.367474 -0.409258 0.035675 0.000000 0.000000 0.000000 0.004660 0.005990 -0.012136 0.010317 -0.018149 -0.021178 0.111307 0.162151 9.807028 
37.801597 -0.000971 0.003233 0.839390 2.391965 0.907903 0.032552 0.000000 0.000000 0.000000 0.428703 -0.330083 -0.005091 0.000000 0.000000 0.000000 0.004571 0.005346 -0.012104 0.005457 -0.014194 -0.019386 0.108734 0.167128 9.806973 
37.998977 -0.000835 0.003371 0.839080 2.519298 0.876465 0.029792 0.000000 0.000000 0.000000 0.663442 -0.166369 -0.061691 0.000000 0.000000 0.000000 0.004117 0.003351 -0.012211 -0.000704 -0.005925 -0.020217 0.107179 0.176125 9.806833 
38.198940 -0.000795 0.003517 0.840238 2.594388 0.881408 0.028921 0.000000 0.000000 0.000000 0.442318 -0.018493 -0.002992 0.000000 0.000000 0.000000 0.005224 0.003233 -0.012416 -0.011980 -0.018304 -0.021367 0.093358 0.171270 9.807060 
38.398909 -0.000792 0.003596 0.846495 2.615574 0.904525 0.028219 0.000000 0.000000 0.000000 0.209342 0.056333 0.025116 0.000000 0.000000 0.000000 0.005466 0.003318 -0.012578 -0.021181 -0.035244 -0.018683 0.079278 0.162097 9.807340 
38.796176 -0.000882 0.003659 0.847279 2.645812 0.965285 0.027355 0.000000 0.000000 0.000000 0.069223 0.173204 -0.007812 0.000000 0.000000 0.000000 0.006485 0.003497 -0.012414 -0.027037 -0.044261 -0.022671 0.071080 0.157531 9.807477 
38.994812 -0.000944 0.003771 0.847292 2.666197 0.997364 0.028035 0.000000 0.000000 0.000000 0.048987 0.159785 0.046222 0.000000 0.000000 0.000000 0.006224 0.003227 -0.012332 -0.027000 -0.042013 -0.018266 0.071992 0.159233 9.807443 
39.193553 -0.001008 0.003807 0.849507 2.696930 1.042379 0.028261 0.000000 0.000000 0.000000 0.138707 0.195998 0.033860 0.000000 0.000000 0.000000 0.006113 0.002864 -0.012752 -0.030247 -0.036439 -0.016122 0.071758 0.164810 9.807353 
39.392187 -0.000994 0.003922 0.855027 2.724809 1.054074 0.028612 0.000000 0.000000 0.000000 0.168500 0.062006 -0.036017 0.000000 0.000000 0.000000 0.005889 0.003123 -0.013018 -0.024096 -0.037293 -0.019318 0.076108 0.161667 9.807372 
39.590809 -0.000935 0.004031 0.856347 2.778939 1.055171 0.029146 0.000000 0.000000 0.000000 0.284789 -0.015320 0.093734 0.000000 0.000000 0.000000 0.005686 0.003081 -0.012909 -0.022138 -0.033436 -0.017023 0.079180 0.163788 9.807313 
39.790832 -0.000943 0.004165 0.858145 2.835343 1.071638 0.028154 0.000000 0.000000 0.000000 0.298908 0.078647 -0.014096 0.000000 0.000000 0.000000 0.005487 0.003110 -0.013198 -0.024993 -0.033392 -0.011546 0.077041 0.164954 9.807310 
40.188154 -0.000957 0.004186 0.856886 2.860181 1.098946 0.026964 0.000000 0.000000 0.000000 0.015301 0.081501 0.002736 0.000000 0.000000 0.000000 0.007115 0.004768 -0.012896 -0.024779 -0.045413 -0.011906 0.072401 0.155609 9.807498 
40.386749 -0.001071 0.004093 0.860209 2.811050 1.136431 0.029235 0.000000 0.000000 0.000000 -0.175133 0.137848 0.047708 0.000000 0.000000 0.000000 0.009717 0.005180 -0.013035 -0.031172 -0.055287 -0.005682 0.063498 0.150459 9.807640 
40.785404 -0.001101 0.004106 0.860367 2.838751 1.198728 0.030732 0.000000 0.000000 0.000000 0.147422 0.160814 0.003449 0.000000 0.000000 0.000000 0.008497 0.003914 -0.012901 -0.030803 -0.047021 -0.007329 0.067085 0.156648 9.807520 
41.182764 -0.001130 0.004303 0.863858 2.915895 1.247167 0.031281 0.000000 0.000000 0.000000 0.211106 0.119041 -0.032442 0.000000 0.000000 0.000000 0.007400 0.003709 -0.013139 -0.029187 -0.044778 -0.010879 0.069222 0.157760 9.807487 
41.381444 -0.001131 0.004442 0.867049 2.963676 1.271528 0.030248 0.000000 0.000000 0.000000 0.231751 0.121625 -0.034227 0.000000 0.000000 0.000000 0.007317 0.003510 -0.013177 -0.029546 -0.043722 -0.012734 0.069370 0.158718 9.807470 
41.580080 -0.001180 0.004510 0.872027 3.008299 1.302928 0.029654 0.000000 0.000000 0.000000 0.185123 0.101904 0.018877 0.000000 0.000000 0.000000 0.007355 0.003286 -0.013102 -0.032311 -0.042553 -0.012459 0.067774 0.160712 9.807449 
41.778797 -0.001194 0.004591 0.868791 3.036736 1.313896 0.030343 0.000000 0.000000 0.000000 0.129042 0.048758 0.017985 0.000000 0.000000 0.000000 0.007391 0.003058 -0.012951 -0.030356 -0.042596 -0.011907 0.069190 0.159890 9.807453 
41.978678 -0.001225 0.004655 0.868111 3.058655 1.325906 0.029379 0.000000 0.000000 0.000000 0.101333 0.062921 -0.001226 0.000000 0.000000 0.000000 0.007372 0.003058 -0.012936 -0.031868 -0.043799 -0.011723 0.067585 0.159611 9.807468 
42.177443 -0.001187 0.004717 0.871798 3.074077 1.321645 0.030778 0.000000 0.000000 0.000000 0.125917 -0.032513 0.010185 0.000000 0.000000 0.000000 0.007399 0.003042 -0.013161 -0.030559 -0.046489 -0.010372 0.067448 0.157081 9.807510 
42.376060 -0.001172 0.004796 0.876350 3.111625 1.328589 0.029446 0.000000 0.000000 0.000000 0.194890 0.009542 -0.022551 0.000000 0.000000 0.000000 0.007273 0.002985 -0.013237 -0.033370 -0.043295 -0.008726 0.066683 0.160563 9.807459 
42.574679 -0.001189 0.004784 0.878384 3.119091 1.372938 0.030696 0.000000 0.000000 0.000000 0.106856 0.201639 0.034118 0.000000 0.000000 0.000000 0.007282 0.002882 -0.013158 -0.043410 -0.050724 -0.008717 0.056305 0.159200 9.807546 
42.774663 -0.001278 0.004775 0.877595 3.107316 1.423546 0.030509 0.000000 0.000000 0.000000 -0.029167 0.227337 0.031446 0.000000 0.000000 0.000000 0.007309 0.002656 -0.013082 -0.046116 -0.055598 -0.006711 0.052325 0.156710 9.807609 
42.973332 -0.001393 0.004826 0.877833 3.107403 1.448755 0.030125 0.000000 0.000000 0.000000 -0.025069 0.140653 -0.015545 0.000000 0.000000 0.000000 0.007274 0.002800 -0.013240 -0.042301 -0.054735 -0.008853 0.055479 0.155827 9.807605 
43.171989 -0.001393 0.004924 0.880587 3.149198 1.462116 0.030624 0.000000 0.000000 0.000000 0.181428 0.079495 -0.026704 0.000000 0.000000 0.000000 0.007263 0.002794 -0.013353 -0.038614 -0.045562 -0.011729 0.061872 0.161037 9.807483 
43.570594 -0.001370 0.005026 0.879768 3.244850 1.522694 0.030159 0.000000 0.000000 0.000000 0.257292 0.155585 -0.031745 0.000000 0.000000 0.000000 0.007080 0.002217 -0.013016 -0.044126 -0.041766 -0.012572 0.059390 0.166042 9.807415 
43.769307 -0.001402 0.005133 0.880284 3.286899 1.555700 0.029336 0.000000 0.000000 0.000000 0.242777 0.154924 -0.034156 0.000000 0.000000 0.000000 0.007595 0.002284 -0.012925 -0.046052 -0.045071 -0.018456 0.056650 0.164469 9.807457 
43.969304 -0.001384 0.005088 0.874797 3.290777 1.562488 0.030301 0.000000 0.000000 0.000000 0.073644 0.069042 0.027294 0.000000 0.000000 0.000000 0.007571 0.002400 -0.013421 -0.041328 -0.054381 -0.018777 0.056294 0.155868 9.807600 
44.169287 -0.001262 0.004586 0.836888 3.240189 1.479888 0.035300 0.000000 0.000000 0.000000 -0.213897 -0.291345 0.003100 0.000000 0.000000 0.000000 0.007403 0.002006 -0.013437 -0.021943 -0.068750 -0.017005 0.064149 0.137701 9.807824 
44.367917 -0.001601 0.004360 0.789825 3.061380 1.379576 0.037211 0.000000 0.000000 0.000000 -0.767206 -0.469636 0.019346 0.000000 0.000000 0.000000 0.006980 0.000946 -0.013280 -0.013584 -0.094147 -0.016090 0.058972 0.116607 9.808130 
44.565249 -0.001712 0.004175 0.766106 2.831190 1.259958 0.038302 0.000000 0.000000 0.000000 -1.167305 -0.569579 0.028196 0.000000 0.000000 0.000000 0.006745 0.000564 -0.013403 -0.008407 -0.105920 -0.015045 0.056907 0.106564 9.808256 
44.765208 -0.001808 0.003962 0.770229 2.669591 1.204702 0.035650 0.000000 0.000000 0.000000 -0.899100 -0.299312 -0.019677 0.000000 0.000000 0.000000 0.006682 0.000924 -0.013633 -0.015656 -0.097582 -0.014754 0.056742 0.115138 9.808160 
44.965166 -0.001843 0.003880 0.775102 2.616552 1.212983 0.034589 0.000000 0.000000 0.000000 -0.364967 0.002218 -0.032071 0.000000 0.000000 0.000000 0.006555 0.001086 -0.013799 -0.027744 -0.079589 -0.017891 0.058860 0.131713 9.807939 
45.163825 -0.001778 0.003907 0.778418 2.665104 1.210976 0.035897 0.000000 0.000000 0.000000 0.141404 -0.008197 0.055358 0.000000 0.000000 0.000000 0.005889 0.000668 -0.013707 -0.029352 -0.059976 -0.016056 0.067749 0.143962 9.807710 
45.562547 -0.001579 0.003905 0.815666 2.769832 1.192327 0.034902 0.000000 0.000000 0.000000 0.285363 -0.049909 0.002289 0.000000 0.000000 0.000000 0.005368 0.000217 -0.013800 -0.029381 -0.056345 -0.015520 0.069505 0.146160 9.807665 
45.761174 -0.001511 0.003976 0.832954 2.810752 1.241813 0.033745 0.000000 0.000000 0.000000 0.199526 0.250505 0.009450 0.000000 0.000000 0.000000 0.006854 -0.000739 -0.013672 -0.037955 -0.058825 -0.010405 0.062898 0.148502 9.807674 
45.959870 -0.001518 0.004115 0.829136 2.828860 1.256217 0.032318 0.000000 0.000000 0.000000 0.093268 0.053189 -0.039315 0.000000 0.000000 0.000000 0.006799 -0.000385 -0.013504 -0.033798 -0.062021 -0.009690 0.064140 0.144560 9.807725 
46.158492 -0.001516 0.004086 0.830610 2.829185 1.233536 0.031269 0.000000 0.000000 0.000000 0.029838 -0.085045 -0.001659 0.000000 0.000000 0.000000 0.006871 -0.000587 -0.013469 -0.029066 -0.065071 -0.012360 0.065847 0.140500 9.807773 
46.358515 -0.001487 0.004162 0.831259 2.861063 1.257587 0.032919 0.000000 0.000000 0.000000 0.151900 0.083070 0.021880 0.000000 0.000000 0.000000 0.006732 -0.000586 -0.013542 -0.036245 -0.061677 -0.010968 0.062768 0.145870 9.807714 
46.557135 -0.001495 0.004310 0.835318 2.925697 1.290401 0.032337 0.000000 0.000000 0.000000 0.368293 0.133408 0.000158 0.000000 0.000000 0.000000 0.006637 -0.000646 -0.013589 -0.039722 -0.057478 -0.010091 0.062450 0.150090 9.807653 
46.755803 -0.001528 0.004384 0.835628 2.967704 1.331347 0.032414 0.000000 0.000000 0.000000 0.166706 0.144956 0.063272 0.000000 0.000000 0.000000 0.006244 -0.000748 -0.013576 -0.042316 -0.060583 -0.008803 0.059419 0.149309 9.807684 
46.955795 -0.001551 0.004435 0.836460 2.991531 1.357787 0.034206 0.000000 0.000000 0.000000 0.075078 0.121619 0.031023 0.000000 0.000000 0.000000 0.006231 -0.000557 -0.013673 -0.042689 -0.060608 -0.003791 0.059177 0.149414 9.807683 
47.354381 -0.001643 0.004488 0.837231 3.039039 1.430798 0.033684 0.000000 0.000000 0.000000 0.123152 0.186505 -0.020648 0.000000 0.000000 0.000000 0.005990 -0.001209 -0.013448 -0.044244 -0.057107 0.002304 0.059702 0.152243 9.807637 
47.553073 -0.001662 0.004574 0.836044 3.066110 1.462129 0.033061 0.000000 0.000000 0.000000 0.093253 0.208919 0.052406 0.000000 0.000000 0.000000 0.005531 -0.001071 -0.013380 -0.042405 -0.056040 0.002009 0.061340 0.152114 9.807629 
47.753099 -0.001737 0.004630 0.839232 3.094228 1.509546 0.033443 0.000000 0.000000 0.000000 0.099885 0.237319 -0.004357 0.000000 0.000000 0.000000 0.005563 -0.001021 -0.013531 -0.043475 -0.054390 0.002398 0.061419 0.153599 9.807605 
47.951694 -0.001759 0.004712 0.841555 3.122595 1.533552 0.033894 0.000000 0.000000 0.000000 0.122582 0.128674 0.021230 0.000000 0.000000 0.000000 0.005580 -0.001112 -0.013631 -0.040788 -0.052722 0.003917 0.063801 0.153408 9.807593 
48.150393 -0.001669 0.004865 0.843853 3.190498 1.539553 0.034637 0.000000 0.000000 0.000000 0.287620 0.051527 -0.019600 0.000000 0.000000 0.000000 0.005656 -0.000907 -0.013721 -0.038387 -0.044397 0.005961 0.068986 0.157402 9.807494 
48.350388 -0.001699 0.004926 0.842129 3.240914 1.565078 0.034709 0.000000 0.000000 0.000000 0.272470 0.130455 -0.028399 0.000000 0.000000 0.000000 0.005578 -0.000910 -0.013440 -0.040721 -0.045955 0.006142 0.066868 0.157484 9.807508 
48.747723 -0.001787 0.005072 0.844676 3.295899 1.647054 0.035796 0.000000 0.000000 0.000000 0.121026 0.226422 0.006880 0.000000 0.000000 0.000000 0.006294 -0.000636 -0.013545 -0.043534 -0.051787 0.007864 0.062578 0.155114 9.807574 
48.947709 -0.001817 0.005118 0.846892 3.299410 1.655836 0.034380 0.000000 0.000000 0.000000 0.087227 0.089044 -0.016519 0.000000 0.000000 0.000000 0.006310 0.000968 -0.013521 -0.038760 -0.055989 0.007204 0.063631 0.150472 9.807639 
49.146351 -0.001915 0.005234 0.848293 3.305734 1.708193 0.035134 0.000000 0.000000 0.000000 0.040050 0.253973 0.024742 0.000000 0.000000 0.000000 0.006419 0.000767 -0.013649 -0.042823 -0.057663 0.007729 0.060450 0.151259 9.807647 
49.346339 -0.001947 0.005286 0.851806 3.317626 1.758966 0.036269 0.000000 0.000000 0.000000 0.032061 0.242839 0.029348 0.000000 0.000000 0.000000 0.006304 0.000796 -0.013979 -0.043311 -0.056300 0.012633 0.060750 0.152243 9.807630 
49.743687 -0.001927 0.005446 0.855217 3.396519 1.777163 0.036437 0.000000 0.000000 0.000000 0.247532 0.032917 -0.038414 0.000000 0.000000 0.000000 0.005263 0.001157 -0.013812 -0.033582 -0.049393 0.008246 0.069608 0.152200 9.807572 
49.943630 -0.001942 0.005512 0.852202 3.416515 1.773417 0.035990 0.000000 0.000000 0.000000 0.157080 0.004119 0.014923 0.000000 0.000000 0.000000 0.005744 0.002307 -0.013722 -0.031536 -0.053190 0.006143 0.069229 0.149040 9.807623 
50.142287 -0.001988 0.005614 0.854229 3.436639 1.801247 0.036220 0.000000 0.000000 0.000000 0.171239 0.105335 -0.063486 0.000000 0.000000 0.000000 0.006740 0.002108 -0.013636 -0.035885 -0.056528 0.006052 0.065188 0.148907 9.807653 
50.541121 -0.001628 0.005147 0.882959 3.417908 1.741631 0.035110 0.000000 0.000000 0.000000 -0.040375 -0.190020 -0.016353 0.000000 0.000000 0.000000 0.006960 0.006294 -0.013515 -0.024174 -0.066920 0.004776 0.067721 0.137681 9.807800 
50.739599 -0.001183 0.004915 0.922956 3.326620 1.609103 0.038833 0.000000 0.000000 0.000000 -0.388591 -0.651149 0.063820 0.000000 0.000000 0.000000 0.007337 0.010589 -0.013541 -0.011324 -0.078722 0.007556 0.070698 0.125083 9.807948 
50.939669 -0.000976 0.004958 0.953496 3.149643 1.410966 0.038713 0.000000 0.000000 0.000000 -0.829489 -0.980408 0.000586 0.000000 0.000000 0.000000 0.007787 0.012049 -0.013530 -0.002264 -0.093571 0.010348 0.070672 0.112015 9.808106 
51.139569 -0.000968 0.004684 0.954772 3.045955 1.288435 0.035711 0.000000 0.000000 0.000000 -0.572212 -0.668371 -0.021556 0.000000 0.000000 0.000000 0.007540 0.011409 -0.013378 -0.013057 -0.084001 0.010788 0.066988 0.122302 9.808009 
51.338208 -0.000995 0.004590 0.957062 2.985182 1.240828 0.033428 0.000000 0.000000 0.000000 -0.382894 -0.286150 0.004817 0.000000 0.000000 0.000000 0.007315 0.010410 -0.013421 -0.027666 -0.071796 0.014537 0.061451 0.135632 9.807870 
51.536946 -0.001017 0.004595 0.958686 2.999952 1.245495 0.031233 0.000000 0.000000 0.000000 0.103083 -0.035590 -0.093903 0.000000 0.000000 0.000000 0.007032 0.009940 -0.013482 -0.037236 -0.057393 0.012953 0.060092 0.148705 9.807689 
51.735606 -0.000968 0.004730 0.958671 3.056807 1.273332 0.032977 0.000000 0.000000 0.000000 0.272555 0.144447 0.055177 0.000000 0.000000 0.000000 0.007025 0.009929 -0.013203 -0.040160 -0.053414 0.011432 0.059556 0.152403 9.807635 
51.934196 -0.000985 0.004811 0.956044 3.102332 1.298260 0.032716 0.000000 0.000000 0.000000 0.271888 0.129576 -0.013891 0.000000 0.000000 0.000000 0.006941 0.009804 -0.013044 -0.040060 -0.055651 0.017342 0.058808 0.150862 9.807663 
52.134215 -0.000965 0.004884 0.960478 3.152358 1.348816 0.034083 0.000000 0.000000 0.000000 0.249705 0.264390 0.059580 0.000000 0.000000 0.000000 0.006938 0.009826 -0.013311 -0.043218 -0.056569 0.018948 0.056393 0.151359 9.807670 
52.332873 -0.000971 0.005025 0.960324 3.195569 1.363296 0.033927 0.000000 0.000000 0.000000 0.266691 0.140153 -0.077376 0.000000 0.000000 0.000000 0.006839 0.010233 -0.013434 -0.035483 -0.059103 0.019311 0.060589 0.146937 9.807712 
52.531566 -0.000936 0.005132 0.964550 3.219061 1.378838 0.033386 0.000000 0.000000 0.000000 0.141569 -0.003546 0.120214 0.000000 0.000000 0.000000 0.006979 0.010307 -0.013413 -0.035255 -0.064440 0.019421 0.058840 0.143355 9.807776 
52.731562 -0.001030 0.005077 0.963196 3.189504 1.399006 0.032332 0.000000 0.000000 0.000000 -0.073125 0.074353 -0.097140 0.000000 0.000000 0.000000 0.006717 0.010090 -0.012940 -0.037589 -0.070551 0.020535 0.055147 0.140187 9.807843 
52.930248 -0.001136 0.005094 0.962605 3.188947 1.433536 0.031677 0.000000 0.000000 0.000000 -0.042536 0.168732 -0.011576 0.000000 0.000000 0.000000 0.006680 0.010006 -0.013148 -0.039212 -0.068549 0.007748 0.054873 0.142168 9.807816 
53.128853 -0.001162 0.005132 0.966471 3.182040 1.452566 0.034094 0.000000 0.000000 0.000000 -0.016688 0.116814 0.038271 0.000000 0.000000 0.000000 0.006721 0.009871 -0.013252 -0.036481 -0.068204 0.012875 0.056733 0.141392 9.807817 
53.328856 -0.001119 0.005186 0.969119 3.229675 1.479288 0.034348 0.000000 0.000000 0.000000 0.192482 0.085585 0.006440 0.000000 0.000000 0.000000 0.006380 0.009827 -0.013274 -0.037976 -0.058545 0.015626 0.059175 0.148126 9.807703 
53.527514 -0.001070 0.005265 0.968655 3.281508 1.486079 0.032937 0.000000 0.000000 0.000000 0.276577 0.021453 0.039151 0.000000 0.000000 0.000000 0.006287 0.009877 -0.013327 -0.036643 -0.056629 0.017697 0.060713 0.148860 9.807682 
53.926168 -0.001046 0.005509 0.971889 3.368112 1.533044 0.032504 0.000000 0.000000 0.000000 0.244562 0.134483 0.017459 0.000000 0.000000 0.000000 0.006119 0.009693 -0.013210 -0.040082 -0.058795 0.018421 0.057749 0.148691 9.807703 
54.124759 -0.001112 0.005532 0.972809 3.386167 1.572684 0.032923 0.000000 0.000000 0.000000 0.103893 0.195037 0.012328 0.000000 0.000000 0.000000 0.006881 0.009710 -0.013239 -0.042336 -0.063435 0.020703 0.054688 0.146481 9.807754 
54.324744 -0.001091 0.005555 0.973379 3.405301 1.605003 0.034201 0.000000 0.000000 0.000000 0.104364 0.186254 0.007996 0.000000 0.000000 0.000000 0.006761 0.009674 -0.013202 -0.040219 -0.063965 0.020509 0.055850 0.145410 9.807763 
54.523479 -0.001158 0.005541 0.973637 3.436786 1.644908 0.034589 0.000000 0.000000 0.000000 0.136144 0.078953 0.017475 0.000000 0.000000 0.000000 0.006721 0.009624 -0.013221 -0.042100 -0.061681 0.020994 0.055454 0.147512 9.807734 
54.723423 -0.001065 0.005614 0.976085 3.447821 1.616413 0.034099 0.000000 0.000000 0.000000 0.067674 -0.138458 0.093619 0.000000 0.000000 0.000000 0.006818 0.009016 -0.013211 -0.037516 -0.063758 0.021922 0.057583 0.144595 9.807765 
54.922094 -0.001131 0.005735 0.973475 3.450146 1.637029 0.033366 0.000000 0.000000 0.000000 0.039377 0.071234 -0.026761 0.000000 0.000000 0.000000 0.006087 0.009654 -0.013260 -0.043384 -0.065003 0.026235 0.053499 0.145867 9.807769 
55.122085 -0.001161 0.005788 0.975031 3.474039 1.671341 0.033583 0.000000 0.000000 0.000000 0.122230 0.160923 -0.017707 0.000000 0.000000 0.000000 0.006040 0.009742 -0.013181 -0.045899 -0.062248 0.024850 0.052914 0.148472 9.807734 
55.320757 -0.001215 0.005863 0.976503 3.501913 1.694741 0.032587 0.000000 0.000000 0.000000 0.103315 0.169168 0.030249 0.000000 0.000000 0.000000 0.006113 0.009669 -0.013153 -0.043042 -0.060837 0.025363 0.055171 0.148339 9.807723 
55.520723 -0.001178 0.005944 0.978360 3.526818 1.709949 0.031808 0.000000 0.000000 0.000000 0.133547 0.101324 0.017773 0.000000 0.000000 0.000000 0.006143 0.009642 -0.013160 -0.040215 -0.060645 0.027471 0.056970 0.147443 9.807726 
55.719356 -0.001214 0.006009 0.978129 3.548420 1.729943 0.031991 0.000000 0.000000 0.000000 0.118791 0.087413 -0.089501 0.000000 0.000000 0.000000 0.006060 0.009450 -0.013113 -0.040170 -0.061421 0.026287 0.056724 0.146966 9.807735 
55.919439 -0.001235 0.006023 0.979322 3.578424 1.749401 0.031412 0.000000 0.000000 0.000000 0.125693 0.109393 0.003351 0.000000 0.000000 0.000000 0.006053 0.009373 -0.013210 -0.039838 -0.060783 0.020558 0.057173 0.147280 9.807728 
56.118037 -0.001141 0.006073 0.981094 3.608420 1.742806 0.032033 0.000000 0.000000 0.000000 0.080205 0.003486 0.011927 0.000000 0.000000 0.000000 0.006276 0.009259 -0.013368 -0.034224 -0.058775 0.019903 0.061271 0.146527 9.807714 
56.316808 -0.001184 0.006174 0.982092 3.621255 1.761175 0.031544 0.000000 0.000000 0.000000 0.098578 0.143041 -0.041429 0.000000 0.000000 0.000000 0.005977 0.009333 -0.013302 -0.035906 -0.059839 0.019887 0.059889 0.146486 9.807723 
56.516656 -0.001188 0.006219 0.983543 3.641397 1.793898 0.032505 0.000000 0.000000 0.000000 0.066321 0.183759 0.116114 0.000000 0.000000 0.000000 0.005947 0.009282 -0.013339 -0.036133 -0.058954 0.021037 0.060060 0.147087 9.807713 
56.715291 -0.001283 0.006250 0.984727 3.635096 1.832059 0.032142 0.000000 0.000000 0.000000 0.033935 0.183848 -0.111616 0.000000 0.000000 0.000000 0.005989 0.009438 -0.013011 -0.036508 -0.062234 0.020967 0.058701 0.145260 9.807749 
56.915287 -0.001524 0.006140 0.981045 3.637898 1.934934 0.031398 0.000000 0.000000 0.000000 0.009328 0.422481 -0.017190 0.000000 0.000000 0.000000 0.006030 0.008997 -0.012846 -0.046767 -0.061659 0.012448 0.052811 0.149266 9.807722 
57.113959 -0.001554 0.006324 0.984385 3.667309 1.984223 0.034262 0.000000 0.000000 0.000000 0.108578 0.267411 0.076660 0.000000 0.000000 0.000000 0.005436 0.009063 -0.013033 -0.041028 -0.057059 0.015618 0.057805 0.149999 9.807683 
57.512568 -0.001636 0.006413 0.988765 3.701686 2.067194 0.033726 0.000000 0.000000 0.000000 0.103406 0.235862 -0.014122 0.000000 0.000000 0.000000 0.005353 0.010431 -0.013487 -0.036616 -0.060218 0.014138 0.059339 0.146624 9.807725 
57.712587 -0.001496 0.006466 0.990886 3.753178 2.055066 0.034562 0.000000 0.000000 0.000000 0.265182 0.017761 0.067729 0.000000 0.000000 0.000000 0.003303 0.011740 -0.013630 -0.027010 -0.056360 0.015406 0.066332 0.145583 9.807695 
57.911281 -0.001388 0.006435 0.991464 3.795793 2.036980 0.035945 0.000000 0.000000 0.000000 0.250985 0.006120 -0.002937 0.000000 0.000000 0.000000 0.003342 0.012266 -0.013583 -0.022538 -0.058632 0.017406 0.068171 0.142695 9.807725 
58.111264 -0.001407 0.006489 0.990107 3.794401 2.028610 0.034464 0.000000 0.000000 0.000000 0.002951 -0.099804 -0.014084 0.000000 0.000000 0.000000 0.003733 0.012055 -0.013317 -0.021648 -0.066546 0.017103 0.065979 0.137739 9.807811 
58.309933 -0.001471 0.006485 0.992126 3.786595 2.049276 0.034039 0.000000 0.000000 0.000000 0.022330 0.101230 -0.010925 0.000000 0.000000 0.000000 0.003898 0.011812 -0.013452 -0.029315 -0.069842 0.014940 0.060363 0.138417 9.807838 
58.708526 -0.001582 0.006621 0.993708 3.817130 2.140924 0.034780 0.000000 0.000000 0.000000 0.085904 0.293904 0.034897 0.000000 0.000000 0.000000 0.003609 0.011218 -0.013314 -0.031023 -0.066828 0.013271 0.060383 0.140778 9.807804 
58.908548 -0.001618 0.006781 0.995982 3.864030 2.163263 0.034630 0.000000 0.000000 0.000000 0.242728 0.129914 -0.004205 0.000000 0.000000 0.000000 0.001940 0.011836 -0.013290 -0.026575 -0.063904 0.013275 0.063963 0.141024 9.807778 
59.107238 -0.001537 0.006721 0.997242 3.898427 2.171413 0.034507 0.000000 0.000000 0.000000 0.212459 0.083388 -0.060613 0.000000 0.000000 0.000000 0.002005 0.012220 -0.013401 -0.023448 -0.066710 0.009953 0.064812 0.138384 9.807810 
59.307250 -0.001583 0.006809 0.997925 3.909518 2.189193 0.033408 0.000000 0.000000 0.000000 0.091130 0.060745 0.013594 0.000000 0.000000 0.000000 0.002035 0.012261 -0.013271 -0.024387 -0.071493 0.007790 0.062656 0.136006 9.807857 
59.505872 -0.001639 0.006919 0.998804 3.919190 2.208867 0.033606 0.000000 0.000000 0.000000 0.055561 0.080352 -0.012246 0.000000 0.000000 0.000000 0.002040 0.012228 -0.013269 -0.025848 -0.072753 0.008768 0.061394 0.135773 9.807868 
59.705840 -0.001736 0.006899 0.999572 3.921534 2.275239 0.034669 0.000000 0.000000 0.000000 0.003506 0.291242 0.016809 0.000000 0.000000 0.000000 0.001604 0.012453 -0.013474 -0.031028 -0.073089 0.008467 0.058364 0.137353 9.807865 
59.904486 -0.001794 0.007018 1.004775 3.937419 2.313468 0.035863 0.000000 0.000000 0.000000 0.079484 0.226910 -0.008966 0.000000 0.000000 0.000000 0.001713 0.012480 -0.013432 -0.027418 -0.070680 0.006190 0.061200 0.137499 9.807845 
60.104499 -0.001819 0.007053 1.000820 3.966937 2.323154 0.035543 0.000000 0.000000 0.000000 0.098893 0.089454 0.054109 0.000000 0.000000 0.000000 0.001681 0.012549 -0.013331 -0.020712 -0.066383 0.008367 0.066396 0.137620 9.807810 
60.701797 -0.001865 0.007150 1.004208 4.041872 2.450031 0.039053 0.000000 0.000000 0.000000 0.120901 0.258351 0.031531 0.000000 0.000000 0.000000 0.002336 0.010581 -0.013481 -0.023901 -0.065798 0.008281 0.064774 0.138999 9.807801 
60.900489 -0.001875 0.007147 1.004480 4.058685 2.476863 0.039736 0.000000 0.000000 0.000000 0.106107 0.179701 0.012994 0.000000 0.000000 0.000000 0.002071 0.012092 -0.013380 -0.021353 -0.067140 0.011503 0.065749 0.137416 9.807817 
61.100417 -0.002043 0.007302 1.004704 4.071996 2.525074 0.034644 0.000000 0.000000 0.000000 0.076729 0.217299 -0.016113 0.000000 0.000000 0.000000 0.002267 0.011804 -0.013463 -0.023300 -0.068365 0.011959 0.064265 0.137373 9.807827 
61.299127 -0.002059 0.007310 1.003127 4.067935 2.535783 0.036920 0.000000 0.000000 0.000000 0.029762 0.102039 0.035312 0.000000 0.000000 0.000000 0.002361 0.011698 -0.013167 -0.017792 -0.072258 0.009815 0.065978 0.133412 9.807871 
61.497817 -0.002028 0.007366 1.003607 4.108966 2.537689 0.035649 0.000000 0.000000 0.000000 0.236920 -0.062515 -0.060437 0.000000 0.000000 0.000000 0.002642 0.011763 -0.013260 -0.015601 -0.066255 0.011554 0.069174 0.135933 9.807814 
61.896419 -0.001368 0.006939 1.047050 4.018766 2.381276 0.040916 0.000000 0.000000 0.000000 -0.238194 -0.391608 0.020414 0.000000 0.000000 0.000000 0.003016 0.011948 -0.012620 -0.006822 -0.077005 0.011283 0.070344 0.127189 9.807923 
62.096396 -0.001443 0.006762 1.043597 3.968913 2.282457 0.036711 0.000000 0.000000 0.000000 -0.256643 -0.481433 -0.006288 0.000000 0.000000 0.000000 0.002916 0.012323 -0.012460 -0.003672 -0.077706 0.017118 0.071898 0.125760 9.807930 
62.295106 -0.001557 0.006946 1.043513 3.956556 2.251857 0.032861 0.000000 0.000000 0.000000 -0.053317 -0.245972 -0.050280 0.000000 0.000000 0.000000 0.002946 0.012845 -0.012499 -0.011788 -0.072121 0.017092 0.068938 0.131438 9.807877 
62.693769 -0.001466 0.006975 1.050643 3.998483 2.266882 0.036121 0.000000 0.000000 0.000000 0.128597 0.148635 -0.047659 0.000000 0.000000 0.000000 0.002874 0.013638 -0.012613 -0.018221 -0.068015 0.010120 0.066590 0.135776 9.807834 
62.892375 -0.001401 0.007005 1.048809 4.031398 2.276324 0.035778 0.000000 0.000000 0.000000 0.184310 0.069578 0.044745 0.000000 0.000000 0.000000 0.002515 0.013995 -0.012359 -0.015936 -0.067287 0.009569 0.068091 0.135493 9.807828 
63.092363 -0.000980 0.006872 1.071560 3.989959 2.205502 0.035759 0.000000 0.000000 0.000000 -0.191257 -0.246139 -0.004833 0.000000 0.000000 0.000000 0.002761 0.015757 -0.012083 -0.005540 -0.077584 0.011957 0.070868 0.126562 9.807927 
63.291040 -0.000750 0.006446 1.105857 3.834229 2.097826 0.037478 0.000000 0.000000 0.000000 -0.728466 -0.483728 0.015615 0.000000 0.000000 0.000000 0.003689 0.017020 -0.012031 0.001951 -0.094677 0.011880 0.070213 0.114607 9.808079 
63.689674 -0.000825 0.005817 1.130051 3.537004 1.818392 0.035501 0.000000 0.000000 0.000000 -0.758734 -0.795763 -0.021253 0.000000 0.000000 0.000000 0.002919 0.017770 -0.011911 0.008070 -0.094219 0.009637 0.073970 0.113285 9.808067 
63.889649 -0.000714 0.005340 1.127277 3.409149 1.664841 0.032969 0.000000 0.000000 0.000000 -0.671321 -0.733161 -0.014661 0.000000 0.000000 0.000000 0.001951 0.017269 -0.011594 0.008595 -0.090929 0.008498 0.075032 0.115212 9.808036 
64.088337 -0.000667 0.005145 1.146247 3.232974 1.494971 0.033780 0.000000 0.000000 0.000000 -0.881603 -0.827574 0.010892 0.000000 0.000000 0.000000 0.002507 0.017758 -0.011307 0.011148 -0.096938 0.008430 0.075169 0.110913 9.808085 
64.288305 -0.000554 0.004790 1.177907 3.012655 1.340680 0.032683 0.000000 0.000000 0.000000 -1.097564 -0.770725 -0.010711 0.000000 0.000000 0.000000 0.003094 0.017636 -0.011205 0.008435 -0.103030 0.011271 0.072059 0.107793 9.808143 
64.686961 -0.000706 0.004356 1.184002 2.779060 1.207732 0.035174 0.000000 0.000000 0.000000 -0.424496 -0.185707 0.027589 0.000000 0.000000 0.000000 0.001772 0.015048 -0.011183 -0.002193 -0.085693 0.012676 0.069113 0.120997 9.808010 
64.885595 -0.000729 0.004488 1.185506 2.815058 1.241146 0.033036 0.000000 0.000000 0.000000 0.150134 0.160410 -0.029566 0.000000 0.000000 0.000000 -0.000862 0.011896 -0.011207 -0.006280 -0.072349 0.011476 0.069187 0.130290 9.807891 
65.084256 -0.000720 0.004629 1.184716 2.886907 1.303230 0.032289 0.000000 0.000000 0.000000 0.314095 0.305677 -0.007100 0.000000 0.000000 0.000000 -0.001477 0.011313 -0.011219 -0.008094 -0.065005 0.008510 0.069579 0.135291 9.807820 
65.284344 -0.000694 0.004856 1.188870 2.964000 1.377788 0.031986 0.000000 0.000000 0.000000 0.477990 0.456040 -0.030378 0.000000 0.000000 0.000000 -0.001614 0.011295 -0.011367 -0.007597 -0.065115 0.005069 0.069857 0.135132 9.807820 
65.483053 -0.000636 0.004919 1.186212 3.009196 1.414983 0.031865 0.000000 0.000000 0.000000 0.291887 0.258940 0.000044 0.000000 0.000000 0.000000 -0.001608 0.011169 -0.011316 -0.001390 -0.073606 0.004086 0.071865 0.128552 9.807894 
65.682940 -0.000745 0.005005 1.184884 3.016932 1.471721 0.032347 0.000000 0.000000 0.000000 0.031428 0.307079 0.023233 0.000000 0.000000 0.000000 -0.002149 0.010980 -0.011407 -0.002313 -0.077294 0.004150 0.070503 0.126495 9.807931 
65.881604 -0.000782 0.005061 1.187549 3.033962 1.516144 0.033004 0.000000 0.000000 0.000000 0.101905 0.249340 0.019392 0.000000 0.000000 0.000000 -0.001797 0.010683 -0.011634 0.000443 -0.076857 0.004070 0.072263 0.126149 9.807923 
66.081649 -0.000886 0.005135 1.188488 3.034521 1.570813 0.031754 0.000000 0.000000 0.000000 0.040815 0.260171 -0.004670 0.000000 0.000000 0.000000 -0.001888 0.010375 -0.011684 -0.000463 -0.081473 0.001766 0.070705 0.123572 9.807967 
66.280204 -0.000965 0.005181 1.192459 3.033331 1.628921 0.033293 0.000000 0.000000 0.000000 0.017056 0.288109 -0.012296 0.000000 0.000000 0.000000 -0.001831 0.010400 -0.011739 -0.001725 -0.083406 -0.002916 0.069529 0.122698 9.807986 
66.678946 -0.000958 0.005346 1.194392 3.115391 1.710584 0.033751 0.000000 0.000000 0.000000 0.263434 0.215749 -0.005622 0.000000 0.000000 0.000000 -0.003603 0.010764 -0.011852 0.003997 -0.077229 -0.004939 0.074284 0.125247 9.807919 
66.877567 -0.000960 0.005451 1.195687 3.149012 1.748131 0.034448 0.000000 0.000000 0.000000 0.171043 0.219596 0.010718 0.000000 0.000000 0.000000 -0.003183 0.011117 -0.011716 0.004848 -0.079026 -0.002955 0.074426 0.123977 9.807934 
67.077544 -0.000985 0.005529 1.194256 3.184412 1.784045 0.033932 0.000000 0.000000 0.000000 0.166744 0.158666 -0.019622 0.000000 0.000000 0.000000 -0.003221 0.011049 -0.011679 0.005756 -0.078296 -0.003602 0.075126 0.124220 9.807926 
67.276219 -0.001008 0.005662 1.195174 3.207362 1.816045 0.033256 0.000000 0.000000 0.000000 0.143486 0.165020 0.029432 0.000000 0.000000 0.000000 -0.002994 0.010920 -0.011536 0.005236 -0.081202 -0.000350 0.074192 0.122579 9.807953 
67.476230 -0.001031 0.005713 1.194961 3.235432 1.867484 0.033833 0.000000 0.000000 0.000000 0.222122 0.341734 -0.104395 0.000000 0.000000 0.000000 -0.003015 0.010998 -0.011615 0.002722 -0.082184 -0.001215 0.072498 0.122541 9.807967 
67.676183 -0.001108 0.005784 1.199167 3.244584 1.921916 0.033271 0.000000 0.000000 0.000000 0.058849 0.321190 0.029073 0.000000 0.000000 0.000000 -0.003400 0.010491 -0.011826 0.003951 -0.085996 -0.003137 0.072369 0.120066 9.807998 
67.874855 -0.001134 0.005830 1.198221 3.242384 1.960945 0.036233 0.000000 0.000000 0.000000 0.044182 0.235378 0.032475 0.000000 0.000000 0.000000 -0.003298 0.009967 -0.011538 0.007177 -0.089867 -0.002210 0.073402 0.117103 9.808026 
68.074862 -0.001228 0.005885 1.197281 3.267822 1.996758 0.035471 0.000000 0.000000 0.000000 0.108469 0.219299 -0.039579 0.000000 0.000000 0.000000 -0.003398 0.009967 -0.011624 0.010913 -0.086640 -0.002060 0.076269 0.118187 9.807991 
68.273505 -0.001216 0.005983 1.200548 3.292384 1.992983 0.035264 0.000000 0.000000 0.000000 0.130168 0.020035 0.002707 0.000000 0.000000 0.000000 -0.003417 0.010104 -0.011654 0.020427 -0.088444 -0.004487 0.081385 0.115109 9.807987 
68.672152 -0.001203 0.006052 1.202150 3.338069 2.005834 0.034154 0.000000 0.000000 0.000000 0.094210 -0.002345 -0.012818 0.000000 0.000000 0.000000 -0.003154 0.009398 -0.011812 0.019211 -0.088281 -0.000704 0.080705 0.115435 9.807989 
68.870833 -0.001233 0.006218 1.202562 3.360537 1.982730 0.030690 0.000000 0.000000 0.000000 0.117889 -0.103064 0.001481 0.000000 0.000000 0.000000 -0.003491 0.010485 -0.011912 0.022927 -0.089154 -0.000678 0.082673 0.114152 9.807987 
69.070854 -0.001207 0.006208 1.206336 3.360371 2.001396 0.033571 0.000000 0.000000 0.000000 0.019242 0.082343 0.005507 0.000000 0.000000 0.000000 -0.002963 0.009997 -0.012071 0.016574 -0.091859 -0.001002 0.078448 0.113961 9.808024 
69.269506 -0.001265 0.006213 1.207415 3.340884 2.028015 0.032697 0.000000 0.000000 0.000000 -0.094417 0.167270 -0.041256 0.000000 0.000000 0.000000 -0.003118 0.009850 -0.011864 0.015379 -0.095358 -0.001729 0.077012 0.112225 9.808056 
69.668093 -0.001404 0.006310 1.206851 3.366147 2.090420 0.033640 0.000000 0.000000 0.000000 0.091415 0.149482 0.006191 0.000000 0.000000 0.000000 -0.004298 0.009198 -0.011835 0.016471 -0.089831 -0.004325 0.078777 0.115183 9.808007 
69.866825 -0.001367 0.006369 1.208126 3.394984 2.087110 0.032907 0.000000 0.000000 0.000000 0.133285 -0.010547 -0.000156 0.000000 0.000000 0.000000 -0.005371 0.010292 -0.011722 0.021337 -0.088409 -0.002746 0.081851 0.114977 9.807985 
70.066823 -0.001356 0.006406 1.205348 3.416914 2.108158 0.032087 0.000000 0.000000 0.000000 0.106370 0.091153 -0.014561 0.000000 0.000000 0.000000 -0.005071 0.009695 -0.011578 0.016889 -0.088142 -0.000621 0.079389 0.116037 9.807992 
70.265494 -0.001326 0.006488 1.209144 3.459106 2.136039 0.032221 0.000000 0.000000 0.000000 0.196769 0.128108 0.014872 0.000000 0.000000 0.000000 -0.005308 0.009219 -0.011936 0.015419 -0.084155 0.001454 0.079404 0.118581 9.807962 
70.464110 -0.001319 0.006534 1.212380 3.469896 2.159705 0.031325 0.000000 0.000000 0.000000 0.087126 0.130384 -0.021135 0.000000 0.000000 0.000000 -0.005001 0.009226 -0.011693 0.015068 -0.089263 0.000454 0.078111 0.115795 9.808005 
70.664121 -0.001506 0.006569 1.205264 3.461338 2.185044 0.030547 0.000000 0.000000 0.000000 -0.034208 0.126780 -0.016139 0.000000 0.000000 0.000000 -0.005125 0.009075 -0.011409 0.014361 -0.094103 -0.001811 0.076682 0.113250 9.808046 
70.862712 -0.001435 0.006629 1.206856 3.485237 2.205183 0.032354 0.000000 0.000000 0.000000 0.107965 0.089615 0.029523 0.000000 0.000000 0.000000 -0.004691 0.009109 -0.011572 0.016145 -0.089379 -0.005460 0.078684 0.115521 9.808004 
71.061399 -0.001418 0.006695 1.210446 3.508935 2.215198 0.032602 0.000000 0.000000 0.000000 0.094358 0.082946 -0.013105 0.000000 0.000000 0.000000 -0.004681 0.008994 -0.011576 0.017903 -0.089107 -0.004664 0.079713 0.115284 9.807999 
71.261398 -0.001487 0.006755 1.209644 3.516848 2.237158 0.032041 0.000000 0.000000 0.000000 0.058918 0.079801 0.017360 0.000000 0.000000 0.000000 -0.004541 0.008737 -0.011520 0.016402 -0.090240 -0.001929 0.078643 0.114961 9.808011 
71.660038 -0.001553 0.006816 1.209244 3.535785 2.293646 0.032436 0.000000 0.000000 0.000000 0.051603 0.130625 0.006583 0.000000 0.000000 0.000000 -0.004135 0.008140 -0.011441 0.013430 -0.090064 -0.004955 0.077037 0.115704 9.808015 
71.858687 -0.001563 0.006908 1.212464 3.549339 2.315225 0.032737 0.000000 0.000000 0.000000 0.076809 0.107221 -0.001712 0.000000 0.000000 0.000000 -0.003876 0.008154 -0.011539 0.013226 -0.090337 -0.002348 0.076872 0.115565 9.808018 
72.057364 -0.001568 0.007005 1.213062 3.596421 2.316909 0.030726 0.000000 0.000000 0.000000 0.269579 -0.060740 -0.016582 0.000000 0.000000 0.000000 -0.004321 0.008127 -0.011571 0.015156 -0.086613 -0.001859 0.078718 0.117181 9.807984 
72.257339 -0.001596 0.007075 1.209497 3.609540 2.343030 0.031250 0.000000 0.000000 0.000000 0.087947 0.069470 -0.015890 0.000000 0.000000 0.000000 -0.004295 0.008080 -0.011365 0.008799 -0.090749 -0.001979 0.074378 0.116305 9.808028 
72.456028 -0.001620 0.007149 1.211331 3.628487 2.394083 0.031123 0.000000 0.000000 0.000000 0.095568 0.245167 0.021426 0.000000 0.000000 0.000000 -0.004401 0.007979 -0.011549 0.004260 -0.089922 -0.003313 0.072099 0.117740 9.808028 
72.654631 -0.001597 0.007138 1.212628 3.639116 2.427693 0.032966 0.000000 0.000000 0.000000 0.089735 0.238768 0.011445 0.000000 0.000000 0.000000 -0.004243 0.007866 -0.011477 0.007569 -0.092146 -0.003204 0.073392 0.115826 9.808042 
72.854645 -0.001643 0.007163 1.210032 3.639222 2.471298 0.031861 0.000000 0.000000 0.000000 -0.023669 0.227123 -0.089108 0.000000 0.000000 0.000000 -0.004453 0.007685 -0.011503 0.007858 -0.093765 -0.004031 0.073196 0.114907 9.808054 
73.253299 -0.001791 0.007294 1.211540 3.656243 2.563142 0.032232 0.000000 0.000000 0.000000 0.074647 0.228082 0.023818 0.000000 0.000000 0.000000 -0.004572 0.007551 -0.011459 0.008754 -0.092494 -0.012231 0.073952 0.115448 9.808042 
73.451939 -0.001749 0.007322 1.213691 3.692045 2.585387 0.032256 0.000000 0.000000 0.000000 0.156536 0.115376 0.066362 0.000000 0.000000 0.000000 -0.005967 0.008310 -0.011533 0.012196 -0.090279 -0.010687 0.076233 0.115891 9.808019 
73.650624 -0.001757 0.007467 1.217667 3.727000 2.589387 0.030537 0.000000 0.000000 0.000000 0.153408 0.053944 0.026462 0.000000 0.000000 0.000000 -0.005827 0.008330 -0.011603 0.013698 -0.090335 -0.010251 0.077014 0.115527 9.808017 
73.850583 -0.001793 0.007482 1.217226 3.723107 2.636558 0.033011 0.000000 0.000000 0.000000 0.064469 0.247358 -0.050435 0.000000 0.000000 0.000000 -0.006935 0.008511 -0.011511 0.010108 -0.094692 -0.012987 0.074208 0.114083 9.808056 
74.049271 -0.001834 0.007574 1.219574 3.733835 2.660946 0.031681 0.000000 0.000000 0.000000 0.043255 0.155047 0.033898 0.000000 0.000000 0.000000 -0.006806 0.008142 -0.011480 0.014089 -0.095199 -0.010956 0.076157 0.112947 9.808054 
74.247951 -0.001869 0.007671 1.221320 3.756842 2.729108 0.032889 0.000000 0.000000 0.000000 0.111219 0.310746 -0.011889 0.000000 0.000000 0.000000 -0.006697 0.008226 -0.011685 0.008314 -0.092017 -0.011227 0.073852 0.115827 9.808038 
74.447900 -0.001851 0.007683 1.223618 3.770256 2.781745 0.033195 0.000000 0.000000 0.000000 0.055514 0.271860 0.033317 0.000000 0.000000 0.000000 -0.006758 0.008106 -0.011732 0.009484 -0.093458 -0.008990 0.074137 0.114816 9.808048 
74.646566 -0.001958 0.007703 1.218741 3.769032 2.821176 0.034158 0.000000 0.000000 0.000000 0.022029 0.185040 -0.048241 0.000000 0.000000 0.000000 -0.006857 0.007615 -0.011418 0.010991 -0.096544 -0.008887 0.074249 0.112906 9.808069 
74.846590 -0.001972 0.007679 1.220076 3.796225 2.846537 0.035829 0.000000 0.000000 0.000000 0.126820 0.189501 0.021122 0.000000 0.000000 0.000000 -0.006018 0.007270 -0.011783 0.015005 -0.093645 -0.011976 0.076931 0.113555 9.808041 
75.045279 -0.001556 0.006984 1.173559 3.810967 2.798029 0.049427 0.000000 0.000000 0.000000 0.088087 -0.183058 0.093431 0.000000 0.000000 0.000000 -0.005541 0.005350 -0.011722 0.028832 -0.098023 -0.015043 0.082967 0.108365 9.808050 
75.243882 -0.001853 0.006549 1.117769 3.826640 2.690108 0.053430 0.000000 0.000000 0.000000 0.029112 -0.510956 0.066662 0.000000 0.000000 0.000000 -0.005185 0.004480 -0.011715 0.037794 -0.098815 -0.011796 0.087069 0.105876 9.808042 
75.442504 -0.001423 0.006597 1.070868 3.851958 2.429165 0.054242 0.000000 0.000000 0.000000 0.034272 -1.143930 -0.074234 0.000000 0.000000 0.000000 -0.004348 0.003130 -0.011779 0.051461 -0.097631 -0.011185 0.093107 0.102747 9.808020 
75.642534 -0.001468 0.006042 1.010423 3.805968 2.145895 0.048874 0.000000 0.000000 0.000000 -0.280261 -1.430403 0.272124 0.000000 0.000000 0.000000 -0.004742 0.001849 -0.011823 0.054357 -0.099923 -0.011235 0.093479 0.101095 9.808034 
75.841181 -0.001587 0.005776 0.949831 3.667826 1.828557 0.050283 0.000000 0.000000 0.000000 -0.658310 -1.631307 -0.174281 0.000000 0.000000 0.000000 -0.005227 0.000982 -0.011767 0.056669 -0.103316 -0.008611 0.093033 0.099519 9.808054 
76.039920 -0.001186 0.005282 0.895129 3.507190 1.498909 0.044079 0.000000 0.000000 0.000000 -0.672326 -1.714842 0.166491 0.000000 0.000000 0.000000 -0.005902 0.000090 -0.011655 0.058143 -0.105639 -0.011140 0.092536 0.098796 9.808066 
76.438511 -0.000600 0.004553 0.852539 3.203946 0.922032 0.034419 0.000000 0.000000 0.000000 -0.778721 -1.389398 -0.096458 0.000000 0.000000 0.000000 -0.006308 0.000631 -0.011792 0.053416 -0.111427 -0.004010 0.091045 0.099962 9.808068 
76.837193 -0.000310 0.004273 0.857772 3.000758 0.675371 0.031415 0.000000 0.000000 0.000000 -0.415850 -0.297238 0.051058 0.000000 0.000000 0.000000 -0.002946 -0.008010 -0.011822 0.035819 -0.117389 -0.004951 0.091812 0.103852 9.808021 
77.035836 -0.000371 0.004254 0.856767 2.998535 0.712588 0.030314 0.000000 0.000000 0.000000 -0.072215 0.174286 -0.017242 0.000000 0.000000 0.000000 -0.003051 -0.011400 -0.011959 0.026783 -0.116680 -0.001684 0.092745 0.105597 9.807993 
77.234441 -0.000433 0.004305 0.862376 3.025311 0.770249 0.030022 0.000000 0.000000 0.000000 0.127726 0.265279 -0.029662 0.000000 0.000000 0.000000 -0.003075 -0.011571 -0.012025 0.023445 -0.115872 -0.004491 0.093159 0.106255 9.807982 
77.434453 -0.000458 0.004422 0.861669 3.081375 0.852179 0.032295 0.000000 0.000000 0.000000 0.304101 0.413510 0.053840 0.000000 0.000000 0.000000 -0.003146 -0.011791 -0.012027 0.019542 -0.115287 -0.003163 0.093562 0.106989 9.807970 
77.633152 -0.000556 0.004502 0.861665 3.139698 0.914800 0.032363 0.000000 0.000000 0.000000 0.277199 0.510448 -0.271724 0.000000 0.000000 0.000000 -0.003363 -0.011671 -0.012113 0.021917 -0.113487 -0.003751 0.093758 0.106383 9.807975 
77.833157 -0.000556 0.004592 0.867274 3.192559 0.956314 0.032876 0.000000 0.000000 0.000000 0.286895 0.241384 0.010093 0.000000 0.000000 0.000000 -0.002817 -0.012123 -0.012199 0.025348 -0.111351 -0.008114 0.093985 0.105586 9.807981 
78.031836 -0.000603 0.004651 0.867210 3.216174 1.008282 0.035000 0.000000 0.000000 0.000000 0.112792 0.281557 0.035261 0.000000 0.000000 0.000000 -0.003237 -0.012457 -0.011933 0.026815 -0.113342 -0.006167 0.093486 0.105377 9.807988 
78.230521 -0.000629 0.004668 0.866722 3.227443 1.029443 0.035737 0.000000 0.000000 0.000000 0.060387 0.119949 -0.015743 0.000000 0.000000 0.000000 -0.003215 -0.012570 -0.012048 0.030694 -0.111488 -0.005868 0.093657 0.104476 9.807996 
78.430462 -0.000666 0.004689 0.868350 3.264113 1.080180 0.037462 0.000000 0.000000 0.000000 0.148806 0.259030 0.010998 0.000000 0.000000 0.000000 -0.003297 -0.012867 -0.012247 0.026334 -0.110157 -0.008548 0.094176 0.105286 9.807983 
78.629175 -0.000675 0.004809 0.872690 3.303793 1.116078 0.036565 0.000000 0.000000 0.000000 0.160502 0.222025 -0.080169 0.000000 0.000000 0.000000 -0.003584 -0.012732 -0.012298 0.027530 -0.107384 -0.009354 0.094643 0.104881 9.807983 
78.827771 -0.000749 0.004910 0.872019 3.336294 1.168641 0.037253 0.000000 0.000000 0.000000 0.172020 0.288189 0.008298 0.000000 0.000000 0.000000 -0.003766 -0.012560 -0.012247 0.027251 -0.107890 -0.010451 0.094544 0.104974 9.807983 
79.027750 -0.000815 0.004985 0.875695 3.356399 1.207441 0.037270 0.000000 0.000000 0.000000 0.105539 0.213807 -0.027563 0.000000 0.000000 0.000000 -0.003488 -0.012974 -0.012288 0.029683 -0.107487 -0.012508 0.094531 0.104476 9.807988 
79.226388 -0.000863 0.005073 0.871484 3.384161 1.258989 0.038444 0.000000 0.000000 0.000000 0.101198 0.300212 0.062732 0.000000 0.000000 0.000000 -0.003584 -0.012749 -0.011939 0.028636 -0.106572 -0.010206 0.094752 0.104632 9.807984 
79.426472 -0.000915 0.005065 0.868544 3.385193 1.325174 0.040690 0.000000 0.000000 0.000000 0.016170 0.330669 -0.147663 0.000000 0.000000 0.000000 -0.003350 -0.012660 -0.011968 0.029573 -0.109039 -0.011399 0.094216 0.104567 9.807990 
79.625121 -0.001011 0.005162 0.877901 3.393887 1.380515 0.040473 0.000000 0.000000 0.000000 0.006529 0.192909 0.051917 0.000000 0.000000 0.000000 -0.003283 -0.012608 -0.012061 0.029937 -0.108451 -0.016919 0.094370 0.104470 9.807990 
80.022453 -0.001064 0.005339 0.883137 3.476241 1.449548 0.041914 0.000000 0.000000 0.000000 0.238986 0.215169 -0.006774 0.000000 0.000000 0.000000 -0.003159 -0.012458 -0.012567 0.028839 -0.105080 -0.015184 0.095078 0.104523 9.807982 
80.222335 -0.001087 0.005485 0.885884 3.516956 1.473887 0.041328 0.000000 0.000000 0.000000 0.221876 0.125456 -0.030317 0.000000 0.000000 0.000000 -0.003489 -0.011707 -0.012531 0.032022 -0.104390 -0.016215 0.095068 0.103887 9.807989 
80.420983 -0.001138 0.005500 0.887536 3.513941 1.492256 0.040360 0.000000 0.000000 0.000000 -0.046683 0.120305 0.047169 0.000000 0.000000 0.000000 -0.003418 -0.011414 -0.012552 0.035547 -0.107283 -0.015774 0.094387 0.103269 9.808002 
80.619694 -0.001264 0.005374 0.898483 3.447033 1.504366 0.043314 0.000000 0.000000 0.000000 -0.350469 0.001480 0.118643 0.000000 0.000000 0.000000 -0.003440 -0.011318 -0.012333 0.039524 -0.111888 -0.010225 0.093360 0.102528 9.808020 
80.818442 -0.001228 0.005122 0.946460 3.315911 1.430866 0.041859 0.000000 0.000000 0.000000 -0.588010 -0.379735 -0.053062 0.000000 0.000000 0.000000 -0.003275 -0.011929 -0.012370 0.046479 -0.112483 -0.008918 0.093201 0.101060 9.808037 
81.018432 -0.001203 0.004759 1.000423 3.184396 1.337872 0.040612 0.000000 0.000000 0.000000 -0.612634 -0.504649 0.010425 0.000000 0.000000 0.000000 -0.003217 -0.012223 -0.012269 0.048027 -0.113007 -0.010283 0.093156 0.100692 9.808041 
81.217049 -0.000925 0.004358 1.043799 3.067614 1.240511 0.037936 0.000000 0.000000 0.000000 -0.615946 -0.453440 -0.098781 0.000000 0.000000 0.000000 -0.002972 -0.012043 -0.012156 0.047758 -0.111903 -0.010278 0.093398 0.100886 9.808036 
81.416988 -0.000787 0.004674 1.092352 3.092080 1.234109 0.030253 0.000000 0.000000 0.000000 -0.061176 -0.179111 0.103791 0.000000 0.000000 0.000000 -0.000719 -0.007155 -0.012133 0.034352 -0.100421 -0.011918 0.093842 0.106454 9.807973 
81.615682 -0.000707 0.004640 1.151023 3.032368 1.261281 0.035062 0.000000 0.000000 0.000000 -0.328491 0.115117 0.103709 0.000000 0.000000 0.000000 -0.002360 -0.006302 -0.012007 0.030067 -0.105326 -0.009502 0.091576 0.106351 9.807996 
81.814406 -0.000690 0.004632 1.187943 3.007025 1.313473 0.037669 0.000000 0.000000 0.000000 -0.076318 0.316232 -0.084587 0.000000 0.000000 0.000000 -0.001836 -0.005838 -0.011971 0.028530 -0.102990 -0.008857 0.091673 0.107431 9.807983 
82.014368 -0.000698 0.005057 1.223858 3.063289 1.443763 0.041238 0.000000 0.000000 0.000000 0.288718 0.597579 0.090317 0.000000 0.000000 0.000000 -0.000808 -0.003302 -0.011890 0.022076 -0.096622 -0.012343 0.090627 0.111246 9.807950 
82.411657 -0.000749 0.005556 1.299615 3.184166 1.706297 0.043133 0.000000 0.000000 0.000000 0.302059 0.704894 -0.032224 0.000000 0.000000 0.000000 -0.001159 -0.003489 -0.011786 0.020251 -0.094031 -0.007075 0.090363 0.112664 9.807937 
82.809006 -0.000652 0.006050 1.370018 3.329758 1.991287 0.037865 0.000000 0.000000 0.000000 0.366529 0.727136 -0.001630 0.000000 0.000000 0.000000 -0.002450 -0.004525 -0.011763 0.019550 -0.090152 -0.001346 0.090597 0.114635 9.807912 
83.008960 -0.000562 0.006274 1.415757 3.345046 2.107485 0.033648 0.000000 0.000000 0.000000 0.091508 0.659609 -0.024132 0.000000 0.000000 0.000000 -0.001901 -0.004086 -0.011648 0.021094 -0.095853 -0.000500 0.090888 0.111475 9.807945 
83.604952 -0.000723 0.006754 1.505642 3.315964 2.439187 0.031748 0.000000 0.000000 0.000000 -0.091779 0.525197 -0.011717 0.000000 0.000000 0.000000 0.000033 -0.001585 -0.011629 0.023921 -0.103044 -0.010518 0.091983 0.107356 9.807981 
83.803666 -0.000812 0.006907 1.503403 3.321081 2.548943 0.031951 0.000000 0.000000 0.000000 0.142722 0.570800 0.043372 0.000000 0.000000 0.000000 -0.001051 -0.001761 -0.011573 0.024980 -0.100827 -0.013847 0.092606 0.108671 9.807961 
84.002235 -0.000895 0.007032 1.502883 3.333362 2.608195 0.029483 0.000000 0.000000 0.000000 0.070190 0.305868 0.042630 0.000000 0.000000 0.000000 -0.001206 -0.001778 -0.011308 0.030008 -0.105901 -0.014009 0.095423 0.105603 9.807967 
84.202265 -0.000909 0.007161 1.503782 3.340040 2.690306 0.030639 0.000000 0.000000 0.000000 0.075745 0.391543 -0.023747 0.000000 0.000000 0.000000 -0.001568 -0.001553 -0.011418 0.026193 -0.105809 -0.012923 0.093222 0.105765 9.807987 
84.599564 -0.001065 0.007303 1.504342 3.364451 2.826502 0.031960 0.000000 0.000000 0.000000 0.087665 0.345932 0.035680 0.000000 0.000000 0.000000 -0.000132 -0.000879 -0.011261 0.026975 -0.114444 -0.012371 0.093455 0.100764 9.808037 
84.798240 -0.001103 0.007356 1.508627 3.365406 2.821900 0.032753 0.000000 0.000000 0.000000 -0.010752 -0.021455 -0.051302 0.000000 0.000000 0.000000 0.000478 0.003319 -0.011433 0.040358 -0.123977 -0.009874 0.100941 0.094966 9.808021 
84.996893 -0.001122 0.007414 1.508764 3.369636 2.825486 0.031776 0.000000 0.000000 0.000000 0.059355 -0.032117 0.037578 0.000000 0.000000 0.000000 0.000548 0.003228 -0.011225 0.037721 -0.122862 -0.010395 0.099468 0.095684 9.808029 
85.195553 -0.001163 0.007488 1.510123 3.362455 2.900365 0.032669 0.000000 0.000000 0.000000 0.006403 0.341784 0.015259 0.000000 0.000000 0.000000 0.000149 0.003563 -0.011386 0.021822 -0.119710 -0.008867 0.090499 0.097951 9.808093 
85.394163 -0.001171 0.007608 1.513244 3.388734 2.969933 0.033413 0.000000 0.000000 0.000000 0.144386 0.367601 -0.048659 0.000000 0.000000 0.000000 0.000327 0.003621 -0.011391 0.024003 -0.115043 -0.010989 0.091878 0.100538 9.808054 
85.592886 -0.001226 0.007691 1.508818 3.392066 3.027757 0.032248 0.000000 0.000000 0.000000 0.005026 0.190984 0.140526 0.000000 0.000000 0.000000 0.000293 0.003575 -0.011326 0.023070 -0.119970 -0.010607 0.091198 0.097771 9.808089 
85.792886 -0.001260 0.007767 1.510815 3.384152 3.096745 0.034575 0.000000 0.000000 0.000000 -0.035103 0.327577 -0.038643 0.000000 0.000000 0.000000 0.000048 0.003861 -0.011276 0.019459 -0.119972 -0.009641 0.089166 0.097888 9.808106 
85.990170 -0.001334 0.007905 1.513002 3.412651 3.169263 0.034299 0.000000 0.000000 0.000000 0.141169 0.374178 0.007539 0.000000 0.000000 0.000000 0.000569 0.004055 -0.011270 0.021043 -0.113660 -0.011984 0.090271 0.101372 9.808061 
86.190188 -0.001359 0.008018 1.513147 3.422104 3.256839 0.035160 0.000000 0.000000 0.000000 0.027601 0.411475 0.001333 0.000000 0.000000 0.000000 0.000397 0.004085 -0.011651 0.015369 -0.114935 -0.011028 0.087065 0.100857 9.808095 
86.388836 -0.001221 0.007088 1.468928 3.405308 3.165876 0.040350 0.000000 0.000000 0.000000 -0.059374 -0.396191 0.047159 0.000000 0.000000 0.000000 0.001153 0.007182 -0.011551 0.045701 -0.136913 -0.012875 0.103107 0.087572 9.808067 
86.587475 -0.001446 0.007198 1.408711 3.428250 3.036811 0.046665 0.000000 0.000000 0.000000 0.192878 -0.658497 -0.043635 0.000000 0.000000 0.000000 0.000712 0.007748 -0.011544 0.055659 -0.135689 -0.012843 0.108599 0.087771 9.808006 
86.786180 -0.001215 0.007146 1.368557 3.559521 2.865245 0.050237 0.000000 0.000000 0.000000 0.611517 -0.799104 0.134367 0.000000 0.000000 0.000000 0.001911 0.007357 -0.011457 0.061245 -0.130271 -0.013796 0.111923 0.090091 9.807948 
86.984813 -0.001211 0.006937 1.304887 3.685103 2.643076 0.041109 0.000000 0.000000 0.000000 0.558471 -1.051445 0.059951 0.000000 0.000000 0.000000 0.002661 0.005138 -0.011447 0.067403 -0.131210 -0.005504 0.114687 0.088804 9.807927 
87.183459 -0.000800 0.006996 1.282413 3.731316 2.387156 0.036183 0.000000 0.000000 0.000000 0.428366 -1.147457 0.149493 0.000000 0.000000 0.000000 0.000166 0.002343 -0.011590 0.070635 -0.138801 -0.003898 0.114921 0.085031 9.807958 
87.382123 -0.000430 0.006893 1.284115 3.784324 2.123591 0.033390 0.000000 0.000000 0.000000 0.308503 -1.278797 0.135762 0.000000 0.000000 0.000000 -0.000625 0.000794 -0.011813 0.073063 -0.141656 -0.001613 0.115369 0.083483 9.807966 
87.580775 -0.000244 0.006916 1.293344 3.819615 1.953275 0.036502 0.000000 0.000000 0.000000 0.158979 -0.943791 0.169643 0.000000 0.000000 0.000000 -0.002122 0.002948 -0.011996 0.066704 -0.142950 0.001205 0.112822 0.084163 9.807990 
87.779425 -0.000114 0.006854 1.295899 3.815824 1.889861 0.036347 0.000000 0.000000 0.000000 -0.049046 -0.384535 -0.018670 0.000000 0.000000 0.000000 -0.003498 0.004846 -0.011796 0.058075 -0.144911 0.004037 0.109329 0.084983 9.808023 
87.978113 -0.000163 0.006816 1.294454 3.798746 1.923762 0.035713 0.000000 0.000000 0.000000 -0.154604 0.055010 0.013113 0.000000 0.000000 0.000000 -0.004998 0.008805 -0.011602 0.045044 -0.144676 0.003002 0.104530 0.087359 9.808054 
88.176756 -0.000239 0.006903 1.296790 3.794589 1.991863 0.031323 0.000000 0.000000 0.000000 -0.087844 0.314665 0.121454 0.000000 0.000000 0.000000 -0.004481 0.012764 -0.011389 0.037736 -0.140501 0.004531 0.102548 0.090188 9.808049 
88.774027 -0.000489 0.007147 1.298892 3.802896 2.255819 0.041872 0.000000 0.000000 0.000000 0.080877 0.550880 -0.049032 0.000000 0.000000 0.000000 -0.004247 0.012886 -0.011348 0.036407 -0.139619 0.006488 0.102214 0.090728 9.808048 
88.972737 -0.000544 0.007269 1.299645 3.822638 2.340524 0.042099 0.000000 0.000000 0.000000 0.117450 0.462487 0.015933 0.000000 0.000000 0.000000 -0.004887 0.014887 -0.011284 0.038748 -0.139731 0.003820 0.103030 0.090318 9.808043 
89.171449 -0.000520 0.007392 1.298892 3.872717 2.362890 0.043165 0.000000 0.000000 0.000000 0.274643 0.176412 -0.002728 0.000000 0.000000 0.000000 -0.005892 0.016416 -0.011229 0.046304 -0.137858 0.003957 0.106022 0.089729 9.808017 
89.370114 -0.000555 0.007428 1.299083 3.898544 2.399747 0.044233 0.000000 0.000000 0.000000 0.192065 0.216744 -0.015134 0.000000 0.000000 0.000000 -0.005537 0.016583 -0.011200 0.046008 -0.141959 0.005864 0.105230 0.088318 9.808038 
89.768697 -0.000567 0.007594 1.304073 3.950051 2.485235 0.044820 0.000000 0.000000 0.000000 0.151294 0.232613 0.028785 0.000000 0.000000 0.000000 -0.004825 0.016845 -0.011288 0.046740 -0.145770 0.009492 0.104857 0.086846 9.808055 
89.967454 -0.000548 0.007602 1.306143 3.958998 2.508941 0.046790 0.000000 0.000000 0.000000 0.022591 0.175283 0.027378 0.000000 0.000000 0.000000 -0.004401 0.018044 -0.011085 0.049467 -0.147786 0.011481 0.105448 0.085727 9.808059 
90.166046 -0.000705 0.007577 1.303263 3.930042 2.551991 0.046750 0.000000 0.000000 0.000000 -0.123735 0.173070 -0.034019 0.000000 0.000000 0.000000 -0.003482 0.017702 -0.011104 0.046981 -0.152192 0.011656 0.103875 0.084608 9.808085 
90.364663 -0.000679 0.007618 1.306524 3.925500 2.590941 0.046968 0.000000 0.000000 0.000000 -0.019857 0.205733 0.015444 0.000000 0.000000 0.000000 -0.003828 0.017574 -0.011320 0.046195 -0.149421 0.011652 0.104056 0.085691 9.808074 
90.563312 -0.000667 0.007724 1.310963 3.943888 2.613275 0.047413 0.000000 0.000000 0.000000 0.037686 0.099505 0.104929 0.000000 0.000000 0.000000 -0.003962 0.017641 -0.011276 0.048738 -0.146343 0.012845 0.105437 0.086307 9.808054 
90.763335 -0.000763 0.007794 1.306797 3.961536 2.663015 0.047990 0.000000 0.000000 0.000000 0.042072 0.338897 -0.180952 0.000000 0.000000 0.000000 -0.003828 0.017950 -0.011093 0.046845 -0.145297 0.013806 0.104957 0.086974 9.808053 
90.961968 -0.000849 0.007899 1.311056 3.957926 2.748122 0.047315 0.000000 0.000000 0.000000 0.008585 0.395741 0.057395 0.000000 0.000000 0.000000 -0.004786 0.018358 -0.011254 0.045116 -0.146942 0.007784 0.104086 0.086726 9.808064 
91.160669 -0.000835 0.007958 1.312653 3.965575 2.761843 0.048453 0.000000 0.000000 0.000000 0.068186 0.132645 -0.012723 0.000000 0.000000 0.000000 -0.003728 0.014824 -0.011020 0.053409 -0.147437 0.009057 0.106834 0.085182 9.808048 
91.359281 -0.000812 0.007946 1.307828 3.986172 2.762221 0.047477 0.000000 0.000000 0.000000 0.093076 0.050041 -0.026185 0.000000 0.000000 0.000000 -0.002962 0.013363 -0.010859 0.058050 -0.146725 0.007653 0.108527 0.084676 9.808034 
91.556671 -0.000750 0.007961 1.312287 4.014510 2.734704 0.047061 0.000000 0.000000 0.000000 0.157664 -0.151773 -0.006198 0.000000 0.000000 0.000000 -0.002262 0.012226 -0.010872 0.063632 -0.145641 0.006693 0.110588 0.084144 9.808016 
91.756655 -0.000708 0.007989 1.309552 4.037065 2.722142 0.046438 0.000000 0.000000 0.000000 0.135251 -0.061599 -0.060289 0.000000 0.000000 0.000000 -0.002540 0.012296 -0.010760 0.062572 -0.146247 0.006349 0.110135 0.084115 9.808021 
91.955374 -0.000712 0.007995 1.312810 4.022351 2.706109 0.046662 0.000000 0.000000 0.000000 -0.048664 -0.059627 -0.022761 0.000000 0.000000 0.000000 -0.004542 0.011271 -0.010716 0.063026 -0.150846 0.003915 0.109532 0.082518 9.808041 
92.154007 -0.000799 0.007967 1.311852 3.993858 2.747103 0.046570 0.000000 0.000000 0.000000 -0.127932 0.164303 -0.003380 0.000000 0.000000 0.000000 -0.006279 0.013869 -0.010444 0.056675 -0.152997 0.002538 0.107076 0.082844 9.808066 
92.352699 -0.000940 0.007934 1.309244 3.978367 2.804289 0.049184 0.000000 0.000000 0.000000 -0.067109 0.303113 -0.008936 0.000000 0.000000 0.000000 -0.006119 0.015111 -0.010548 0.053280 -0.151191 0.001214 0.106248 0.083994 9.808065 
92.551345 -0.000958 0.007961 1.310265 3.965844 2.840456 0.049989 0.000000 0.000000 0.000000 0.028448 0.267428 -0.008770 0.000000 0.000000 0.000000 -0.005881 0.014202 -0.010538 0.056905 -0.151526 0.000663 0.107367 0.083301 9.808059 
92.949998 -0.001048 0.008025 1.312498 3.970555 2.941875 0.051247 0.000000 0.000000 0.000000 0.012889 0.243327 -0.010927 0.000000 0.000000 0.000000 -0.005794 0.013942 -0.010666 0.057067 -0.151695 -0.000012 0.107392 0.083223 9.808059 
93.148630 -0.001043 0.008117 1.316295 3.975472 2.937114 0.050256 0.000000 0.000000 0.000000 0.020740 0.007161 0.019268 0.000000 0.000000 0.000000 -0.006840 0.017386 -0.010596 0.064507 -0.151860 0.000387 0.109639 0.082033 9.808044 
93.347311 -0.001023 0.008133 1.314142 3.982665 2.936686 0.052074 0.000000 0.000000 0.000000 0.049672 0.027592 0.019940 0.000000 0.000000 0.000000 -0.006792 0.017384 -0.010456 0.065112 -0.151970 0.001826 0.109816 0.081894 9.808043 
93.545979 -0.001052 0.008175 1.314222 3.998290 2.933195 0.050313 0.000000 0.000000 0.000000 0.098596 0.025617 -0.019014 0.000000 0.000000 0.000000 -0.006849 0.017438 -0.010463 0.066913 -0.151271 0.004020 0.110491 0.081823 9.808036 
93.744568 -0.001010 0.008222 1.313461 4.022722 2.914228 0.050186 0.000000 0.000000 0.000000 0.139241 -0.056733 0.002099 0.000000 0.000000 0.000000 -0.006662 0.017163 -0.010292 0.069803 -0.151295 0.003856 0.111384 0.081368 9.808030 
93.943292 -0.001050 0.008253 1.313982 4.028543 2.928194 0.050027 0.000000 0.000000 0.000000 0.052868 0.029543 -0.002757 0.000000 0.000000 0.000000 -0.006975 0.017141 -0.010267 0.066108 -0.154470 0.004185 0.109762 0.080964 9.808052 
94.141906 -0.001007 0.008168 1.313537 4.012896 2.886622 0.050068 0.000000 0.000000 0.000000 -0.066456 -0.241154 0.004009 0.000000 0.000000 0.000000 -0.006780 0.017325 -0.010227 0.073554 -0.159542 0.003898 0.111245 0.078279 9.808057 
94.340531 -0.000939 0.007859 1.312497 3.997917 2.810828 0.053123 0.000000 0.000000 0.000000 -0.089145 -0.418691 0.023169 0.000000 0.000000 0.000000 -0.006902 0.017350 -0.010261 0.076862 -0.159825 0.003430 0.112199 0.077686 9.808051 
94.539211 -0.000929 0.007846 1.316077 3.984025 2.740014 0.027106 0.000000 0.000000 0.000000 -0.074118 -0.413595 0.045200 0.000000 0.000000 0.000000 -0.006923 0.016878 -0.010341 0.074358 -0.158862 0.015412 0.111640 0.078361 9.808052 
94.937867 0.000767 0.046719 1.318184 3.948257 2.653701 0.012558 0.000000 0.000000 0.000000 -0.100190 -0.209545 -0.058909 0.000000 0.000000 0.000000 -0.006948 0.017114 -0.010430 0.070599 -0.158841 0.016976 0.110522 0.078929 9.808060 
95.136526 -0.002408 0.048001 1.323402 3.891410 2.675488 -0.034129 0.000000 0.000000 0.000000 -0.217728 0.050828 -0.302783 0.000000 0.000000 0.000000 -0.006075 0.016412 -0.010468 0.058482 -0.165436 0.033244 0.105692 0.078346 9.808118 
95.335178 -0.026685 0.048944 1.323669 3.845912 2.732923 0.004999 0.000000 0.000000 0.000000 -0.174250 0.297322 0.349100 0.000000 0.000000 0.000000 -0.006155 0.016538 -0.010460 0.053008 -0.166654 0.022903 0.104165 0.079513 9.808125 
95.732521 -0.016092 0.047397 1.328615 3.735282 2.774640 0.081224 0.000000 0.000000 0.000000 -0.312944 0.041008 0.040593 0.000000 0.000000 0.000000 -0.006139 0.016172 -0.010317 0.058757 -0.169137 0.026453 0.105503 0.077733 9.808125 
96.129871 -0.013337 0.047313 1.330060 3.761965 2.881410 0.048761 0.000000 0.000000 0.000000 0.137088 0.333954 -0.110372 0.000000 0.000000 0.000000 -0.009534 0.012957 -0.010408 0.054307 -0.159999 0.029199 0.105447 0.080886 9.808100 
96.329823 -0.011504 0.047424 1.323009 3.795589 2.938679 0.016081 0.000000 0.000000 0.000000 0.165610 0.282791 -0.146160 0.000000 0.000000 0.000000 -0.010376 0.013701 -0.010034 0.056476 -0.158330 0.035248 0.106242 0.080820 9.808092 
96.528484 -0.011922 0.047649 1.322384 3.839634 3.019098 0.000000 0.000000 0.000000 0.000000 0.231962 0.434708 -0.111799 0.000000 0.000000 0.000000 -0.010443 0.013554 -0.010105 0.053273 -0.156480 0.033370 0.105595 0.081903 9.808090 
96.727168 -0.012439 0.047564 1.330317 3.869806 2.983631 0.015555 0.000000 0.000000 0.000000 0.141472 -0.132865 0.073827 0.000000 0.000000 0.000000 -0.009975 0.010691 -0.010453 0.063257 -0.158166 0.031028 0.108207 0.080053 9.808076 
96.925785 -0.012159 0.047753 1.334607 3.891319 3.034753 0.005407 0.000000 0.000000 0.000000 0.104425 0.279146 -0.056792 0.000000 0.000000 0.000000 -0.011553 0.015172 -0.010935 0.050987 -0.158887 0.035782 0.104593 0.081455 9.808104 
97.124498 -0.012221 0.047612 1.337943 3.846287 3.008056 0.010270 0.000000 0.000000 0.000000 -0.222729 -0.132316 0.059699 0.000000 0.000000 0.000000 -0.013232 0.010000 -0.010888 0.067387 -0.171106 0.033731 0.107522 0.075706 9.808118 
97.323189 0.016868 0.045752 1.336104 3.920106 2.980535 -0.033135 0.000000 0.000000 0.000000 0.313865 -0.125465 -0.260446 0.000000 0.000000 0.000000 -0.012319 0.010302 -0.010523 0.068883 -0.143766 0.049586 0.111551 0.082785 9.808016 
97.720503 0.020403 0.008094 1.322099 3.965003 3.034402 -0.350533 0.000000 0.000000 0.000000 -0.010429 0.290276 -1.160533 0.000000 0.000000 0.000000 -0.010260 0.009118 -0.010583 0.060586 -0.149758 0.063628 0.107948 0.081898 9.808064 
97.919133 0.022151 0.008060 1.324695 3.958853 3.067990 -0.552922 0.000000 0.000000 0.000000 0.086923 0.271110 -0.992502 0.000000 0.000000 0.000000 -0.009773 0.011503 -0.010675 0.064444 -0.151765 0.055277 0.108821 0.080788 9.808064 
98.317746 0.022640 0.008836 1.322331 3.902077 3.180753 -0.648946 0.000000 0.000000 0.000000 -0.215384 0.288620 -0.086556 0.000000 0.000000 0.000000 -0.008260 0.011034 -0.010125 0.062958 -0.157766 0.025510 0.108056 0.078934 9.808087 
98.516435 0.021563 0.009063 1.321665 3.881028 3.242726 -0.598623 0.000000 0.000000 0.000000 -0.118908 0.418654 0.293636 0.000000 0.000000 0.000000 -0.009958 0.010572 -0.010065 0.061605 -0.154909 -0.007735 0.108752 0.079355 9.808076 
98.715127 0.021108 0.008298 1.324051 3.947449 3.207268 -0.548430 0.000000 0.000000 0.000000 0.285121 -0.035441 0.277863 0.000000 0.000000 0.000000 -0.010402 0.011069 -0.010103 0.068949 -0.149652 -0.007593 0.111421 0.079714 9.808043 
99.112442 0.022321 0.008937 1.329341 3.990932 3.233461 -0.539998 0.000000 0.000000 0.000000 0.073439 0.097606 0.008617 0.000000 0.000000 0.000000 -0.010450 0.010817 -0.009407 0.067383 -0.152057 -0.003096 0.110626 0.079363 9.808055 
99.311119 0.022634 0.011432 1.369286 3.991059 3.223572 -0.581020 0.000000 0.000000 0.000000 0.035255 -0.039053 -0.304522 0.000000 0.000000 0.000000 -0.010060 0.012613 -0.009371 0.075250 -0.155447 0.018001 0.111844 0.077700 9.808055 
99.509723 0.021596 0.012244 1.439596 3.949734 3.238802 -0.627231 0.000000 0.000000 0.000000 -0.053889 0.111611 -0.139314 0.000000 0.000000 0.000000 -0.009982 0.012495 -0.009310 0.073064 -0.160300 0.017687 0.110624 0.076680 9.808076 
99.709721 0.017997 -0.002515 1.515926 3.958607 3.282610 -0.730010 0.000000 0.000000 0.000000 -0.054081 0.338829 -0.749275 0.000000 0.000000 0.000000 -0.009726 0.012837 -0.009376 0.072273 -0.158558 0.021386 0.110526 0.077335 9.808072 
99.908407 0.018903 -0.005159 1.542189 3.894382 3.432868 -0.777165 0.000000 0.000000 0.000000 -0.290643 0.716870 -0.246018 0.000000 0.000000 0.000000 -0.010712 0.013837 -0.009261 0.066386 -0.161146 0.012496 0.108225 0.076798 9.808102 
100.107034 0.018789 -0.005866 1.554537 3.822372 3.624036 -0.753221 0.000000 0.000000 0.000000 -0.404068 0.904153 0.080582 0.000000 0.000000 0.000000 -0.011321 0.015492 -0.008962 0.057251 -0.160535 -0.008912 0.104721 0.077224 9.808137 
100.305731 0.018107 -0.005412 1.555044 3.749546 3.803426 -0.740850 0.000000 0.000000 0.000000 -0.345975 0.910148 0.129863 0.000000 0.000000 0.000000 -0.010557 0.015320 -0.008935 0.058321 -0.158558 -0.009383 0.105257 0.077980 9.808125 
100.504363 0.018023 -0.005675 1.556746 3.756979 3.854476 -0.730772 0.000000 0.000000 0.000000 0.004201 0.322374 0.024196 0.000000 0.000000 0.000000 -0.007217 0.009974 -0.008958 0.093142 -0.153995 -0.000838 0.119747 0.078459 9.807955 
100.901725 0.016924 -0.006108 1.559902 3.804918 3.989966 -0.786539 0.000000 0.000000 0.000000 0.164388 0.459783 -0.377262 0.000000 0.000000 0.000000 -0.007535 0.010061 -0.009055 0.095630 -0.152058 -0.001671 0.120849 0.079139 9.807936 
101.300376 0.017054 -0.005498 1.559185 3.792993 4.189580 -0.751536 0.000000 0.000000 0.000000 -0.038357 0.545266 0.202110 0.000000 0.000000 0.000000 -0.004953 0.009881 -0.008976 0.094137 -0.156040 -0.019939 0.120044 0.077332 9.807961 
101.896310 0.016656 -0.005371 1.566178 3.815323 4.555911 -0.733702 0.000000 0.000000 0.000000 0.113865 0.758168 -0.073129 0.000000 0.000000 0.000000 -0.005628 0.009308 -0.008774 0.093348 -0.154138 -0.004414 0.119730 0.078331 9.807956 
102.096337 0.016783 -0.005112 1.557053 3.804312 4.669512 -0.724931 0.000000 0.000000 0.000000 -0.096897 0.581944 0.104853 0.000000 0.000000 0.000000 -0.002659 0.012678 -0.008249 0.096612 -0.159511 -0.011243 0.120855 0.076027 9.807961 
102.294985 0.016816 -0.004956 1.561227 3.802686 4.731907 -0.713611 0.000000 0.000000 0.000000 0.023866 0.394580 0.054390 0.000000 0.000000 0.000000 -0.002860 0.014242 -0.008545 0.108678 -0.161231 -0.010172 0.125540 0.074858 9.807911 
102.493729 0.016776 -0.004966 1.563044 3.811324 4.750407 -0.716559 0.000000 0.000000 0.000000 0.016524 0.179183 -0.031875 0.000000 0.000000 0.000000 -0.002973 0.015354 -0.008696 0.122441 -0.165099 -0.005961 0.130723 0.072779 9.807859 
102.891019 0.016585 -0.004863 1.568067 3.776007 4.830785 -0.716599 0.000000 0.000000 0.000000 -0.081966 0.303818 -0.060646 0.000000 0.000000 0.000000 -0.002920 0.014665 -0.008916 0.123465 -0.168764 -0.008242 0.130956 0.071272 9.807867 
103.289683 0.016481 -0.004434 1.570504 3.800872 4.981683 -0.710749 0.000000 0.000000 0.000000 0.117318 0.465722 0.019154 0.000000 0.000000 0.000000 -0.004570 0.013483 -0.008868 0.122710 -0.163520 -0.016783 0.130906 0.073207 9.807853 
103.488302 0.016542 -0.004326 1.568808 3.819940 5.010608 -0.714593 0.000000 0.000000 0.000000 0.009661 0.193001 0.035421 0.000000 0.000000 0.000000 -0.004323 0.019640 -0.008801 0.133938 -0.168258 -0.013477 0.135049 0.070986 9.807813 
103.885596 0.016707 -0.004116 1.565691 3.856281 5.137032 -0.693521 0.000000 0.000000 0.000000 0.107544 0.374489 0.075298 0.000000 0.000000 0.000000 -0.004548 0.018948 -0.009003 0.132681 -0.165880 -0.012577 0.134672 0.071956 9.807812 
104.084326 0.016311 -0.003935 1.570435 3.859883 5.201738 -0.699991 0.000000 0.000000 0.000000 -0.021721 0.384144 -0.029898 0.000000 0.000000 0.000000 -0.003875 0.019733 -0.009233 0.134296 -0.168944 -0.001098 0.135071 0.070961 9.807813 
104.282939 0.016224 -0.003909 1.571269 3.852305 5.281196 -0.698776 0.000000 0.000000 0.000000 0.008627 0.457160 -0.005382 0.000000 0.000000 0.000000 -0.003500 0.019542 -0.009151 0.134580 -0.170171 -0.003210 0.135114 0.070474 9.807816 
104.481606 0.016222 -0.003852 1.571932 3.842095 5.353920 -0.685390 0.000000 0.000000 0.000000 -0.121786 0.559437 0.000543 0.000000 0.000000 0.000000 -0.003470 0.019601 -0.009126 0.138390 -0.173522 -0.009727 0.136416 0.068977 9.807809 
104.681547 0.015960 -0.003664 1.574400 3.835293 5.474320 -0.693244 0.000000 0.000000 0.000000 -0.010006 0.681105 -0.048780 0.000000 0.000000 0.000000 -0.003196 0.019615 -0.009282 0.138947 -0.171780 -0.009379 0.136706 0.069602 9.807800 
104.880275 0.015952 -0.003453 1.573140 3.841519 5.548062 -0.689537 0.000000 0.000000 0.000000 0.025885 0.459342 0.110845 0.000000 0.000000 0.000000 -0.002851 0.015723 -0.009300 0.148810 -0.174497 -0.011402 0.140197 0.068087 9.807762 
105.078969 0.016013 -0.003396 1.576012 3.855588 5.591940 -0.684392 0.000000 0.000000 0.000000 0.125164 0.302008 0.001952 0.000000 0.000000 0.000000 -0.002508 0.012966 -0.009225 0.160532 -0.177862 -0.008413 0.144330 0.066316 9.807714 
105.277604 0.015993 -0.003437 1.573348 3.839548 5.649044 -0.682199 0.000000 0.000000 0.000000 -0.064787 0.321034 0.074287 0.000000 0.000000 0.000000 -0.003078 0.012507 -0.009411 0.159755 -0.187722 -0.005216 0.143581 0.062779 9.807748 
105.674958 0.016548 -0.004198 1.557959 3.809334 5.848218 -0.661171 0.000000 0.000000 0.000000 -0.055470 0.659605 0.080388 0.000000 0.000000 0.000000 -0.002867 0.011904 -0.009470 0.153379 -0.187020 -0.001983 0.141304 0.063370 9.807777 
105.873544 0.015506 -0.003441 1.564805 3.844644 5.899791 -0.676798 0.000000 0.000000 0.000000 0.099235 0.317586 -0.168302 0.000000 0.000000 0.000000 -0.003959 0.013146 -0.009779 0.160032 -0.184921 0.000582 0.143571 0.063688 9.807742 
106.073572 0.015381 -0.003360 1.568268 3.884428 5.907675 -0.678070 0.000000 0.000000 0.000000 0.197279 0.054577 0.077440 0.000000 0.000000 0.000000 -0.003592 0.012156 -0.009718 0.168545 -0.184639 -0.006150 0.146468 0.063219 9.807703 
106.272204 0.015780 -0.002748 1.587336 3.910349 5.858097 -0.675122 0.000000 0.000000 0.000000 0.154883 -0.201568 0.133304 0.000000 0.000000 0.000000 -0.004133 0.010209 -0.009854 0.177965 -0.190588 -0.001053 0.149437 0.060681 9.807674 
106.470851 0.015612 -0.002119 1.628759 3.921688 5.866785 -0.699354 0.000000 0.000000 0.000000 -0.042783 0.048942 -0.289857 0.000000 0.000000 0.000000 -0.004378 0.011047 -0.009798 0.169227 -0.190596 0.010319 0.146378 0.061209 9.807717 
106.670912 0.017018 -0.001063 1.675238 3.885466 5.871993 -0.704829 0.000000 0.000000 0.000000 -0.164385 0.133234 -0.297282 0.000000 0.000000 0.000000 -0.004849 0.010822 -0.009795 0.169094 -0.192760 0.006632 0.146235 0.060406 9.807724 
106.869526 0.016406 -0.001243 1.710008 3.798284 5.849665 -0.765475 0.000000 0.000000 0.000000 -0.528988 -0.085822 -0.251874 0.000000 0.000000 0.000000 -0.005812 0.010025 -0.009536 0.170793 -0.197931 0.006815 0.146823 0.058372 9.807727 
107.069475 0.016853 -0.000006 1.749575 3.638512 5.862990 -0.738120 0.000000 0.000000 0.000000 -0.850851 0.115002 0.161628 0.000000 0.000000 0.000000 -0.008839 0.011877 -0.009483 0.162713 -0.203510 -0.008622 0.143576 0.055929 9.807790 
107.268129 0.016525 0.003369 1.777402 3.455905 5.823142 -0.701155 0.000000 0.000000 0.000000 -0.822521 -0.220892 0.277108 0.000000 0.000000 0.000000 -0.010654 0.008555 -0.009639 0.169389 -0.211436 -0.008893 0.146564 0.052764 9.807763 
107.466830 0.016089 0.003422 1.773597 3.340456 5.879868 -0.688410 0.000000 0.000000 0.000000 -0.614496 0.270731 0.070246 0.000000 0.000000 0.000000 -0.006880 0.013681 -0.009580 0.161881 -0.198205 -0.002772 0.142815 0.058163 9.807788 
107.665516 0.016193 0.003561 1.773951 3.331695 5.950837 -0.684342 0.000000 0.000000 0.000000 -0.044525 0.342491 -0.216389 0.000000 0.000000 0.000000 -0.000617 0.013486 -0.009511 0.168159 -0.184924 -0.003840 0.144922 0.064191 9.807719 
107.864143 0.016225 0.003737 1.774014 3.330861 5.993637 -0.685368 0.000000 0.000000 0.000000 0.005562 0.236408 -0.011468 0.000000 0.000000 0.000000 -0.000560 0.013168 -0.009509 0.170697 -0.186038 -0.009473 0.146078 0.063829 9.807705 
108.262814 0.016217 0.003723 1.776518 3.284474 6.128045 -0.677035 0.000000 0.000000 0.000000 -0.145975 0.396515 0.029275 0.000000 0.000000 0.000000 0.000627 0.011496 -0.009576 0.164959 -0.188485 -0.008664 0.143754 0.062515 9.807747 
108.461463 0.016128 0.003891 1.778072 3.252770 6.226508 -0.673182 0.000000 0.000000 0.000000 -0.154844 0.512652 -0.021368 0.000000 0.000000 0.000000 0.000469 0.010301 -0.009827 0.161165 -0.186564 -0.014299 0.142100 0.063113 9.807768 
108.660108 0.015991 0.003976 1.779518 3.231376 6.307407 -0.675367 0.000000 0.000000 0.000000 -0.096747 0.275660 -0.187618 0.000000 0.000000 0.000000 0.000280 0.010897 -0.009958 0.165194 -0.186768 -0.017559 0.143811 0.063206 9.807742 
109.058753 0.015997 0.004256 1.784360 3.244225 6.435598 -0.678356 0.000000 0.000000 0.000000 0.031593 0.381230 -0.032206 0.000000 0.000000 0.000000 0.000050 0.011026 -0.010753 0.166880 -0.184031 -0.022312 0.144405 0.064434 9.807725 
109.257454 0.015845 0.004345 1.785838 3.244220 6.495815 -0.673917 0.000000 0.000000 0.000000 0.005574 0.340931 0.063673 0.000000 0.000000 0.000000 0.000926 0.011998 -0.010620 0.170008 -0.189519 -0.021763 0.145949 0.062284 9.807716 
109.456131 0.015872 0.004555 1.785835 3.228244 6.574995 -0.668766 0.000000 0.000000 0.000000 -0.066887 0.408439 0.033627 0.000000 0.000000 0.000000 0.001424 0.011408 -0.010543 0.166617 -0.192382 -0.020676 0.144658 0.060935 9.807744 
109.656204 0.015862 0.004760 1.784327 3.176171 6.666520 -0.655510 0.000000 0.000000 0.000000 -0.315217 0.473711 -0.009822 0.000000 0.000000 0.000000 0.001205 0.011362 -0.010649 0.158844 -0.200599 -0.022471 0.141793 0.057155 9.807809 
109.854808 0.015914 0.004957 1.787727 3.120111 6.772321 -0.659211 0.000000 0.000000 0.000000 -0.322057 0.561625 -0.188117 0.000000 0.000000 0.000000 0.001966 0.012033 -0.010814 0.157903 -0.198166 -0.023317 0.141304 0.058130 9.807810 
110.053502 0.015878 0.004992 1.789960 3.102854 6.866300 -0.672762 0.000000 0.000000 0.000000 -0.020740 0.582332 0.077566 0.000000 0.000000 0.000000 0.005192 0.009791 -0.010744 0.166020 -0.193377 -0.028051 0.144490 0.060434 9.807750 
110.452158 0.015649 0.004834 1.793291 3.089000 7.039363 -0.661332 0.000000 0.000000 0.000000 -0.090679 0.469535 0.090754 0.000000 0.000000 0.000000 0.004738 0.008473 -0.011204 0.173282 -0.197641 -0.022492 0.147667 0.058963 9.807711 
110.650793 0.015489 0.005125 1.794408 3.079097 7.072638 -0.660302 0.000000 0.000000 0.000000 -0.072631 0.149303 0.055682 0.000000 0.000000 0.000000 0.005424 0.012474 -0.011143 0.186904 -0.204904 -0.008617 0.153629 0.056558 9.807634 
110.849514 0.015856 0.005147 1.793324 3.092932 7.108944 -0.643209 0.000000 0.000000 0.000000 0.097385 0.207790 0.023854 0.000000 0.000000 0.000000 0.005823 0.012290 -0.011147 0.188045 -0.202565 -0.008862 0.153999 0.057568 9.807622 
111.248052 0.015764 0.005544 1.794105 3.027518 7.299535 -0.656457 0.000000 0.000000 0.000000 -0.174907 0.539893 -0.021267 0.000000 0.000000 0.000000 0.004837 0.014189 -0.011317 0.172541 -0.206473 -0.004540 0.147851 0.055343 9.807730 
111.446771 0.015639 0.005685 1.798252 2.984602 7.415236 -0.661072 0.000000 0.000000 0.000000 -0.218227 0.623323 -0.003332 0.000000 0.000000 0.000000 0.005273 0.014078 -0.011340 0.170773 -0.207715 -0.003385 0.147188 0.054761 9.807743 
111.645463 0.014857 0.005780 1.799557 2.990564 7.547273 -0.677868 0.000000 0.000000 0.000000 -0.051780 0.736880 -0.300318 0.000000 0.000000 0.000000 0.003406 0.014361 -0.011432 0.175500 -0.198643 -0.001764 0.148708 0.058639 9.807697 
111.845503 0.014816 0.005803 1.801496 2.968111 7.659130 -0.667650 0.000000 0.000000 0.000000 -0.048766 0.603091 0.080208 0.000000 0.000000 0.000000 0.002969 0.013520 -0.011389 0.177893 -0.201581 -0.005641 0.149797 0.057549 9.807687 
112.044043 0.015075 0.005955 1.803386 2.977913 7.720418 -0.661883 0.000000 0.000000 0.000000 0.008167 0.417987 0.141169 0.000000 0.000000 0.000000 0.002535 0.009196 -0.011190 0.187271 -0.205307 -0.003453 0.153681 0.056414 9.807634 
112.441354 0.015035 0.006176 1.805943 3.003429 7.863891 -0.644021 0.000000 0.000000 0.000000 0.047045 0.414383 0.033685 0.000000 0.000000 0.000000 0.002181 0.007141 -0.011786 0.192944 -0.207362 0.003080 0.156024 0.055816 9.807600 
112.641450 0.014989 0.006129 1.812820 2.996226 7.889712 -0.624904 0.000000 0.000000 0.000000 0.049530 0.253317 0.049553 0.000000 0.000000 0.000000 0.004864 0.011307 -0.011690 0.202505 -0.219100 -0.005293 0.160331 0.051510 9.807554 
112.840115 0.014953 0.006259 1.812389 2.996308 7.922017 -0.616740 0.000000 0.000000 0.000000 -0.045213 0.146633 -0.020133 0.000000 0.000000 0.000000 0.004576 0.011011 -0.011726 0.203308 -0.220951 -0.004997 0.160725 0.050807 9.807552 
113.437376 0.014768 0.006525 1.817392 2.968703 8.080696 -0.618172 0.000000 0.000000 0.000000 -0.042640 0.295875 0.020567 0.000000 0.000000 0.000000 0.004176 0.009257 -0.011835 0.200489 -0.217708 -0.001791 0.159457 0.051965 9.807566 
113.636020 -0.024836 -0.010563 1.816078 2.882448 8.213316 -0.642790 0.000000 0.000000 0.000000 -0.652252 0.507819 -0.104358 0.000000 0.000000 0.000000 0.010777 -0.002236 -0.012244 0.180010 -0.221703 0.022527 0.151489 0.049596 9.807705 
113.836058 -0.024973 -0.009995 1.816953 2.793171 8.288783 -0.648684 0.000000 0.000000 0.000000 -0.454618 0.397590 -0.017161 0.000000 0.000000 0.000000 0.010531 -0.002088 -0.012277 0.183578 -0.219825 0.021873 0.152797 0.050488 9.807680 
114.034699 -0.025510 -0.009533 1.816863 2.746275 8.343300 -0.663245 0.000000 0.000000 0.000000 -0.207453 0.265762 -0.002780 0.000000 0.000000 0.000000 0.012876 -0.004545 -0.012197 0.189425 -0.217080 0.024079 0.155040 0.051759 9.807638 
114.233367 -0.025578 -0.009168 1.820601 2.769895 8.427103 -0.672955 0.000000 0.000000 0.000000 0.169956 0.421814 -0.144274 0.000000 0.000000 0.000000 0.017919 -0.002901 -0.012370 0.190435 -0.204160 0.025387 0.154991 0.056787 9.807611 
114.433416 -0.025324 -0.009400 1.819570 2.740790 8.539662 -0.656772 0.000000 0.000000 0.000000 -0.192090 0.651060 -0.039739 0.000000 0.000000 0.000000 0.014289 -0.000210 -0.012337 0.180156 -0.209849 0.018007 0.150984 0.054228 9.807688 
114.631979 -0.025429 -0.009179 1.819513 2.703403 8.634257 -0.662162 0.000000 0.000000 0.000000 -0.247056 0.496647 -0.265765 0.000000 0.000000 0.000000 0.013908 -0.001711 -0.012460 0.183740 -0.211535 0.016220 0.152360 0.053714 9.807670 
114.830627 -0.025615 -0.008971 1.820816 2.748258 8.668124 -0.660373 0.000000 0.000000 0.000000 0.226267 0.161480 -0.007576 0.000000 0.000000 0.000000 0.013458 -0.001154 -0.012429 0.192565 -0.207515 0.010309 0.155340 0.055594 9.807612 
115.029323 -0.025652 -0.009037 1.826028 2.780923 8.732650 -0.672704 0.000000 0.000000 0.000000 0.218606 0.276864 -0.123054 0.000000 0.000000 0.000000 0.013865 -0.002083 -0.012597 0.184096 -0.207380 0.011985 0.152194 0.055311 9.807663 
115.229363 -0.025788 -0.008734 1.827144 2.771035 8.800554 -0.666067 0.000000 0.000000 0.000000 -0.028427 0.333718 -0.028235 0.000000 0.000000 0.000000 0.011438 -0.001132 -0.012318 0.174002 -0.217624 -0.002985 0.148292 0.051079 9.807746 
115.427969 -0.025704 -0.008714 1.827307 2.708690 8.869621 -0.658583 0.000000 0.000000 0.000000 -0.289343 0.326644 -0.000298 0.000000 0.000000 0.000000 0.006575 0.000281 -0.012315 0.165321 -0.230111 -0.007781 0.145324 0.046010 9.807816 
115.626724 -0.026171 -0.008433 1.829826 2.663958 8.941203 -0.666557 0.000000 0.000000 0.000000 -0.238491 0.402609 -0.112501 0.000000 0.000000 0.000000 0.007186 0.000435 -0.012395 0.165826 -0.228481 -0.007363 0.145466 0.046648 9.807810 
115.826669 -0.026091 -0.008400 1.826810 2.606293 9.034447 -0.662717 0.000000 0.000000 0.000000 -0.275671 0.527819 0.070463 0.000000 0.000000 0.000000 0.007019 0.000989 -0.011801 0.164873 -0.228626 -0.009703 0.145033 0.046568 9.807817 
116.224009 -0.026933 -0.007991 1.829989 2.553666 9.170888 -0.667846 0.000000 0.000000 0.000000 -0.093598 0.361341 -0.031593 0.000000 0.000000 0.000000 0.007252 -0.000823 -0.012020 0.180829 -0.231124 -0.004226 0.151247 0.046214 9.807725 
116.422586 -0.026787 -0.008058 1.828464 2.572761 9.155429 -0.670159 0.000000 0.000000 0.000000 0.141742 -0.127643 0.003225 0.000000 0.000000 0.000000 0.006592 0.004481 -0.011817 0.202654 -0.235690 -0.005211 0.159446 0.045358 9.807599 
116.821255 -0.026679 -0.008204 1.827590 2.603571 9.119971 -0.665977 0.000000 0.000000 0.000000 0.092223 -0.097504 0.016733 0.000000 0.000000 0.000000 0.007294 0.003634 -0.011749 0.198975 -0.237314 -0.005367 0.158151 0.044616 9.807624 
117.021241 -0.026499 -0.008186 1.826833 2.613271 9.111355 -0.662548 0.000000 0.000000 0.000000 0.080026 -0.060094 0.017174 0.000000 0.000000 0.000000 0.007761 0.002750 -0.011685 0.196453 -0.237866 -0.005523 0.157254 0.044323 9.807639 
117.219906 -0.026476 -0.008292 1.826421 2.621097 9.113416 -0.662142 0.000000 0.000000 0.000000 0.077300 -0.015447 0.001611 0.000000 0.000000 0.000000 0.008007 0.001870 -0.011525 0.192030 -0.238310 -0.004812 0.155698 0.044008 9.807665 
117.418561 -0.026479 -0.008333 1.825969 2.626654 9.107076 -0.664884 0.000000 0.000000 0.000000 0.064409 -0.044511 -0.015181 0.000000 0.000000 0.000000 0.008666 0.001695 -0.011399 0.189829 -0.242230 -0.003696 0.155075 0.042521 9.807682 
117.618585 -0.026457 -0.008349 1.825173 2.615013 9.120995 -0.665474 0.000000 0.000000 0.000000 -0.042118 0.071492 0.008064 0.000000 0.000000 0.000000 0.009436 0.000453 -0.011402 0.180244 -0.244788 -0.004618 0.151692 0.041289 9.807740 
117.817207 -0.026490 -0.008358 1.825332 2.607738 9.113977 -0.667818 0.000000 0.000000 0.000000 -0.007211 -0.041685 -0.011472 0.000000 0.000000 0.000000 0.009271 0.000298 -0.011305 0.181568 -0.246021 -0.004378 0.152206 0.040889 9.807734 
118.015858 -0.026488 -0.008371 1.824968 2.608068 9.113765 -0.668464 0.000000 0.000000 0.000000 0.031038 -0.023788 -0.002969 0.000000 0.000000 0.000000 0.009096 0.000587 -0.011101 0.179673 -0.245457 -0.004856 0.151507 0.041037 9.807744 
118.215915 -0.026510 -0.008324 1.824976 2.616351 9.120636 -0.666029 0.000000 0.000000 0.000000 0.070994 0.009997 0.013034 0.000000 0.000000 0.000000 0.008955 0.000484 -0.010980 0.175820 -0.243784 -0.006046 0.150066 0.041521 9.807764 
118.414550 -0.026519 -0.008316 1.824612 2.624055 9.126977 -0.665610 0.000000 0.000000 0.000000 0.072877 0.015213 0.001221 0.000000 0.000000 0.000000 0.009223 0.000104 -0.010870 0.172324 -0.245606 -0.005298 0.148914 0.040778 9.807785 
118.614595 -0.026482 -0.008294 1.824579 2.617572 9.117046 -0.663355 0.000000 0.000000 0.000000 0.050227 -0.049690 0.008678 0.000000 0.000000 0.000000 0.010278 0.000377 -0.010856 0.172051 -0.251890 -0.005993 0.148982 0.038568 9.807793 
118.813200 -0.026488 -0.008290 1.824823 2.615134 9.109531 -0.663929 0.000000 0.000000 0.000000 0.017140 -0.051118 -0.001888 0.000000 0.000000 0.000000 0.010081 0.000411 -0.010770 0.171063 -0.252809 -0.005874 0.148665 0.038222 9.807799 
119.013196 -0.026513 -0.008263 1.824792 2.617753 9.112320 -0.663399 0.000000 0.000000 0.000000 0.042622 -0.010525 0.002891 0.000000 0.000000 0.000000 0.009900 0.001065 -0.010663 0.168688 -0.252297 -0.006114 0.147832 0.038346 9.807811 
119.211855 -0.026509 -0.008246 1.825384 2.618983 9.117076 -0.661609 0.000000 0.000000 0.000000 0.041044 0.003780 0.009569 0.000000 0.000000 0.000000 0.009656 0.001137 -0.010567 0.165186 -0.253678 -0.006533 0.146655 0.037793 9.807831 
119.410633 -0.026517 -0.008163 1.825653 2.618011 9.112430 -0.661461 0.000000 0.000000 0.000000 0.028860 -0.033169 0.000233 0.000000 0.000000 0.000000 0.009973 0.001091 -0.010491 0.163811 -0.257803 -0.005873 0.146307 0.036349 9.807841 
119.610631 -0.026520 -0.008261 1.825734 2.616940 9.112953 -0.662652 0.000000 0.000000 0.000000 0.035001 -0.016348 -0.007400 0.000000 0.000000 0.000000 0.010174 0.000728 -0.010486 0.160819 -0.258579 -0.005518 0.145318 0.036009 9.807857 
119.809258 -0.026467 -0.008218 1.825708 2.624970 9.115971 -0.661469 0.000000 0.000000 0.000000 0.065673 0.001658 0.006538 0.000000 0.000000 0.000000 0.009991 0.000767 -0.010335 0.160107 -0.258429 -0.005674 0.145068 0.036045 9.807861 
120.009228 -0.026522 -0.008165 1.825621 2.629452 9.114102 -0.660090 0.000000 0.000000 0.000000 0.060161 -0.020742 0.007121 0.000000 0.000000 0.000000 0.009617 0.000785 -0.010187 0.158770 -0.260645 -0.005708 0.144666 0.035275 9.807870 
120.207868 -0.026569 -0.008142 1.826926 2.617165 9.124571 -0.660907 0.000000 0.000000 0.000000 -0.014242 0.026442 -0.005873 0.000000 0.000000 0.000000 0.009763 0.000458 -0.010177 0.149938 -0.265558 -0.004916 0.141847 0.033440 9.807917 
120.407863 -0.026769 -0.008152 1.828599 2.601283 9.132786 -0.665675 0.000000 0.000000 0.000000 -0.046604 0.025714 -0.025057 0.000000 0.000000 0.000000 0.010191 0.000122 -0.010191 0.145856 -0.269276 -0.003597 0.140606 0.032104 9.807940 
120.606532 -0.026495 -0.008275 1.827852 2.605548 9.131978 -0.663316 0.000000 0.000000 0.000000 0.040088 -0.011523 0.008532 0.000000 0.000000 0.000000 0.009788 0.000440 -0.010163 0.148816 -0.267184 -0.005649 0.141486 0.032877 9.807924 
120.805242 -0.026499 -0.008184 1.827932 2.628053 9.113749 -0.661838 0.000000 0.000000 0.000000 0.134493 -0.100557 0.007704 0.000000 0.000000 0.000000 0.009671 0.000320 -0.010038 0.150231 -0.267072 -0.005609 0.141953 0.032943 9.807917 
121.005152 -0.026450 -0.008203 1.827824 2.639860 9.096011 -0.661956 0.000000 0.000000 0.000000 0.099360 -0.103773 -0.001445 0.000000 0.000000 0.000000 0.009191 0.000489 -0.009925 0.147742 -0.269653 -0.005120 0.141202 0.032050 9.807931 
