[INFO] [launch]: All log files can be found below /home/nvidia/.ros/log/2026-10-06-13-52-39-795087-nvidia-desktop-14250
[INFO] [launch]: Default logging verbosity is set to INFO
[INFO] [imu_si_publisher-1]: process started with pid [14255]
[INFO] [fastlio_mapping-2]: process started with pid [14257]
[imu_si_publisher-1] [INFO] [1791265959.949899330] [imu_si_publisher]: IMU SI bridge started: /livox/imu -> /livox/imu_si, acc_scale=9.80665
[fastlio_mapping-2] [INFO] [1791265960.072020954] [laser_mapping]: p_pre->lidar_type 0
[fastlio_mapping-2] Multi thread started 
[fastlio_mapping-2] ~~~~/home/nvidia/ros2_ws/src/fast_lio2/ file opened
[fastlio_mapping-2] [INFO] [1791265960.084428693] [laser_mapping]: Node init finished.
[fastlio_mapping-2] IMU Initial Done
[fastlio_mapping-2] [WARN] [1791265961.412062095] [laser_mapping]: No point, skip this scan!
[fastlio_mapping-2] 
[fastlio_mapping-2] [INFO] [1791265961.632869148] [laser_mapping]: Initialize the map kdtree
[fastlio_mapping-2] [ mapping ]: time: IMU + Map + Input Downsample: 0.020554 ave match: 0.080894 ave solve: 0.003691  ave ICP: 0.085529  map incre: 0.016511 ave total: 0.122593 icp: 0.084757 construct H: 0.001121 
[fastlio_mapping-2] [ mapping ]: time: IMU + Map + Input Downsample: 0.026529 ave match: 0.084429 ave solve: 0.004017  ave ICP: 0.092835  map incre: 0.016003 ave total: 0.128980 icp: 0.088630 construct H: 0.001155 
[fastlio_mapping-2] [ mapping ]: time: IMU + Map + Input Downsample: 0.019730 ave match: 0.084983 ave solve: 0.004030  ave ICP: 0.090608  map incre: 0.013583 ave total: 0.127294 icp: 0.089201 construct H: 0.001175 
[fastlio_mapping-2] [ mapping ]: time: IMU + Map + Input Downsample: 0.020222 ave match: 0.085216 ave solve: 0.004046  ave ICP: 0.090670  map incre: 0.015175 ave total: 0.126987 icp: 0.089453 construct H: 0.001188 
[fastlio_mapping-2] [ mapping ]: time: IMU + Map + Input Downsample: 0.023570 ave match: 0.084816 ave solve: 0.004073  ave ICP: 0.087886  map incre: 0.013447 ave total: 0.126570 icp: 0.089082 construct H: 0.001201 
[fastlio_mapping-2] [ mapping ]: time: IMU + Map + Input Downsample: 0.019402 ave match: 0.084350 ave solve: 0.004115  ave ICP: 0.086850  map incre: 0.011273 ave total: 0.125063 icp: 0.088659 construct H: 0.001216 
[fastlio_mapping-2] [ mapping ]: time: IMU + Map + Input Downsample: 0.023115 ave match: 0.084798 ave solve: 0.004147  ave ICP: 0.092405  map incre: 0.011947 ave total: 0.125406 icp: 0.089143 construct H: 0.001225 
[fastlio_mapping-2] [ mapping ]: time: IMU + Map + Input Downsample: 0.020313 ave match: 0.085250 ave solve: 0.004174  ave ICP: 0.093338  map incre: 0.011162 ave total: 0.125332 icp: 0.089623 construct H: 0.001236 
[fastlio_mapping-2] [ mapping ]: time: IMU + Map + Input Downsample: 0.026259 ave match: 0.086671 ave solve: 0.004266  ave ICP: 0.103619  map incre: 0.010663 ave total: 0.127022 icp: 0.091142 construct H: 0.001261 
[fastlio_mapping-2] [ mapping ]: time: IMU + Map + Input Downsample: 0.017035 ave match: 0.086568 ave solve: 0.004288  ave ICP: 0.090614  map incre: 0.007584 ave total: 0.125843 icp: 0.091062 construct H: 0.001269 
[fastlio_mapping-2] [ mapping ]: time: IMU + Map + Input Downsample: 0.021898 ave match: 0.086662 ave solve: 0.004299  ave ICP: 0.092496  map incre: 0.009485 ave total: 0.125664 icp: 0.091168 construct H: 0.001274 
[fastlio_mapping-2] [ mapping ]: time: IMU + Map + Input Downsample: 0.026624 ave match: 0.087498 ave solve: 0.004351  ave ICP: 0.102167  map incre: 0.007977 ave total: 0.126590 icp: 0.092058 construct H: 0.001291 
[fastlio_mapping-2] [ mapping ]: time: IMU + Map + Input Downsample: 0.024423 ave match: 0.088820 ave solve: 0.004390  ave ICP: 0.110468  map incre: 0.009938 ave total: 0.127993 icp: 0.093424 construct H: 0.001303 
[fastlio_mapping-2] [ mapping ]: time: IMU + Map + Input Downsample: 0.018931 ave match: 0.088822 ave solve: 0.004405  ave ICP: 0.093996  map incre: 0.008497 ave total: 0.127524 icp: 0.093441 construct H: 0.001305 
[fastlio_mapping-2] [ mapping ]: time: IMU + Map + Input Downsample: 0.022277 ave match: 0.089327 ave solve: 0.004408  ave ICP: 0.101297  map incre: 0.008472 ave total: 0.127825 icp: 0.093947 construct H: 0.001306 
[fastlio_mapping-2] [ mapping ]: time: IMU + Map + Input Downsample: 0.019902 ave match: 0.089909 ave solve: 0.004408  ave ICP: 0.103946  map incre: 0.008557 ave total: 0.128111 icp: 0.094529 construct H: 0.001306 
[fastlio_mapping-2] [ mapping ]: time: IMU + Map + Input Downsample: 0.022247 ave match: 0.089798 ave solve: 0.004403  ave ICP: 0.092895  map incre: 0.008838 ave total: 0.127868 icp: 0.094413 construct H: 0.001306 
[fastlio_mapping-2] [ mapping ]: time: IMU + Map + Input Downsample: 0.023047 ave match: 0.089660 ave solve: 0.004397  ave ICP: 0.092137  map incre: 0.007758 ave total: 0.127595 icp: 0.094268 construct H: 0.001304 
[fastlio_mapping-2] [ mapping ]: time: IMU + Map + Input Downsample: 0.022566 ave match: 0.089739 ave solve: 0.004390  ave ICP: 0.095920  map incre: 0.009142 ave total: 0.127596 icp: 0.094341 construct H: 0.001302 
[fastlio_mapping-2] [ mapping ]: time: IMU + Map + Input Downsample: 0.022084 ave match: 0.089975 ave solve: 0.004386  ave ICP: 0.099336  map incre: 0.011009 ave total: 0.127838 icp: 0.094573 construct H: 0.001301 
[fastlio_mapping-2] [ mapping ]: time: IMU + Map + Input Downsample: 0.022217 ave match: 0.090197 ave solve: 0.004381  ave ICP: 0.099435  map incre: 0.010609 ave total: 0.128049 icp: 0.094789 construct H: 0.001299 
[fastlio_mapping-2] [ mapping ]: time: IMU + Map + Input Downsample: 0.020528 ave match: 0.090337 ave solve: 0.004378  ave ICP: 0.098135  map incre: 0.010960 ave total: 0.128120 icp: 0.094926 construct H: 0.001297 
[fastlio_mapping-2] [ mapping ]: time: IMU + Map + Input Downsample: 0.022710 ave match: 0.090454 ave solve: 0.004376  ave ICP: 0.097936  map incre: 0.008778 ave total: 0.128177 icp: 0.095041 construct H: 0.001296 
[fastlio_mapping-2] [ mapping ]: time: IMU + Map + Input Downsample: 0.019663 ave match: 0.090526 ave solve: 0.004363  ave ICP: 0.096801  map incre: 0.011342 ave total: 0.128161 icp: 0.095100 construct H: 0.001292 
[fastlio_mapping-2] [ mapping ]: time: IMU + Map + Input Downsample: 0.022275 ave match: 0.090591 ave solve: 0.004315  ave ICP: 0.095781  map incre: 0.018281 ave total: 0.128488 icp: 0.095114 construct H: 0.001278 
[fastlio_mapping-2] [ mapping ]: time: IMU + Map + Input Downsample: 0.020396 ave match: 0.091084 ave solve: 0.004217  ave ICP: 0.105646  map incre: 0.037175 ave total: 0.129824 icp: 0.095503 construct H: 0.001246 
[fastlio_mapping-2] [ mapping ]: time: IMU + Map + Input Downsample: 0.016758 ave match: 0.090910 ave solve: 0.004174  ave ICP: 0.089914  map incre: 0.029873 ave total: 0.130073 icp: 0.095285 construct H: 0.001233 
[fastlio_mapping-2] [ mapping ]: time: IMU + Map + Input Downsample: 0.019840 ave match: 0.090814 ave solve: 0.004162  ave ICP: 0.092483  map incre: 0.020878 ave total: 0.130185 icp: 0.095176 construct H: 0.001230 
[fastlio_mapping-2] [ mapping ]: time: IMU + Map + Input Downsample: 0.019693 ave match: 0.090940 ave solve: 0.004157  ave ICP: 0.099032  map incre: 0.017418 ave total: 0.130390 icp: 0.095298 construct H: 0.001229 
[fastlio_mapping-2] [ mapping ]: time: IMU + Map + Input Downsample: 0.022156 ave match: 0.091066 ave solve: 0.004155  ave ICP: 0.099323  map incre: 0.018415 ave total: 0.130707 icp: 0.095420 construct H: 0.001229 
[fastlio_mapping-2] [ mapping ]: time: IMU + Map + Input Downsample: 0.018098 ave match: 0.091168 ave solve: 0.004145  ave ICP: 0.098591  map incre: 0.016051 ave total: 0.130773 icp: 0.095512 construct H: 0.001226 
[fastlio_mapping-2] [ mapping ]: time: IMU + Map + Input Downsample: 0.024230 ave match: 0.091378 ave solve: 0.004110  ave ICP: 0.101433  map incre: 0.030959 ave total: 0.131580 icp: 0.095685 construct H: 0.001216 
[fastlio_mapping-2] [ mapping ]: time: IMU + Map + Input Downsample: 0.024591 ave match: 0.091600 ave solve: 0.004042  ave ICP: 0.101027  map incre: 0.043373 ave total: 0.132714 icp: 0.095837 construct H: 0.001195 
[fastlio_mapping-2] [ mapping ]: time: IMU + Map + Input Downsample: 0.015183 ave match: 0.091520 ave solve: 0.003983  ave ICP: 0.091266  map incre: 0.045004 ave total: 0.133265 icp: 0.095695 construct H: 0.001176 
[fastlio_mapping-2] [ mapping ]: time: IMU + Map + Input Downsample: 0.021644 ave match: 0.091758 ave solve: 0.003934  ave ICP: 0.102561  map incre: 0.056679 ave total: 0.134626 icp: 0.095881 construct H: 0.001159 
[fastlio_mapping-2] [ mapping ]: time: IMU + Map + Input Downsample: 0.017355 ave match: 0.091812 ave solve: 0.003884  ave ICP: 0.096192  map incre: 0.047933 ave total: 0.135372 icp: 0.095882 construct H: 0.001144 
[fastlio_mapping-2] [ mapping ]: time: IMU + Map + Input Downsample: 0.012610 ave match: 0.092005 ave solve: 0.003849  ave ICP: 0.102420  map incre: 0.042120 ave total: 0.135960 icp: 0.096038 construct H: 0.001137 
[fastlio_mapping-2] [ mapping ]: time: IMU + Map + Input Downsample: 0.021688 ave match: 0.092277 ave solve: 0.003822  ave ICP: 0.105616  map incre: 0.047356 ave total: 0.136979 icp: 0.096282 construct H: 0.001129 
[fastlio_mapping-2] [ mapping ]: time: IMU + Map + Input Downsample: 0.013846 ave match: 0.092271 ave solve: 0.003821  ave ICP: 0.096301  map incre: 0.027641 ave total: 0.136999 icp: 0.096276 construct H: 0.001129 
[fastlio_mapping-2] [ mapping ]: time: IMU + Map + Input Downsample: 0.019970 ave match: 0.092410 ave solve: 0.003831  ave ICP: 0.102602  map incre: 0.020862 ave total: 0.137160 icp: 0.096425 construct H: 0.001134 
[fastlio_mapping-2] [ mapping ]: time: IMU + Map + Input Downsample: 0.023067 ave match: 0.092525 ave solve: 0.003842  ave ICP: 0.101874  map incre: 0.016589 ave total: 0.137267 icp: 0.096551 construct H: 0.001137 
[fastlio_mapping-2] [ mapping ]: time: IMU + Map + Input Downsample: 0.013048 ave match: 0.092626 ave solve: 0.003858  ave ICP: 0.101762  map incre: 0.017081 ave total: 0.137139 icp: 0.096668 construct H: 0.001141 
[fastlio_mapping-2] [ mapping ]: time: IMU + Map + Input Downsample: 0.017903 ave match: 0.092784 ave solve: 0.003869  ave ICP: 0.104348  map incre: 0.014332 ave total: 0.137126 icp: 0.096839 construct H: 0.001145 
[fastlio_mapping-2] [ mapping ]: time: IMU + Map + Input Downsample: 0.022113 ave match: 0.093042 ave solve: 0.003881  ave ICP: 0.109047  map incre: 0.014529 ave total: 0.137320 icp: 0.097109 construct H: 0.001149 
[fastlio_mapping-2] [ mapping ]: time: IMU + Map + Input Downsample: 0.023384 ave match: 0.093513 ave solve: 0.003897  ave ICP: 0.119398  map incre: 0.017943 ave total: 0.137841 icp: 0.097597 construct H: 0.001155 
[fastlio_mapping-2] [ mapping ]: time: IMU + Map + Input Downsample: 0.014738 ave match: 0.093709 ave solve: 0.003909  ave ICP: 0.107448  map incre: 0.015942 ave total: 0.137847 icp: 0.097804 construct H: 0.001159 
[fastlio_mapping-2] [ mapping ]: time: IMU + Map + Input Downsample: 0.012869 ave match: 0.094000 ave solve: 0.003920  ave ICP: 0.112305  map incre: 0.014327 ave total: 0.137882 icp: 0.098108 construct H: 0.001163 
[fastlio_mapping-2] [ mapping ]: time: IMU + Map + Input Downsample: 0.023537 ave match: 0.094348 ave solve: 0.003956  ave ICP: 0.117462  map incre: 0.015232 ave total: 0.138264 icp: 0.098502 construct H: 0.001171 
[fastlio_mapping-2] [ mapping ]: time: IMU + Map + Input Downsample: 0.014907 ave match: 0.094394 ave solve: 0.003965  ave ICP: 0.101471  map incre: 0.010878 ave total: 0.138040 icp: 0.098556 construct H: 0.001174 
[fastlio_mapping-2] [ mapping ]: time: IMU + Map + Input Downsample: 0.021989 ave match: 0.094530 ave solve: 0.003972  ave ICP: 0.106059  map incre: 0.013078 ave total: 0.138101 icp: 0.098700 construct H: 0.001176 
[fastlio_mapping-2] [ mapping ]: time: IMU + Map + Input Downsample: 0.018112 ave match: 0.094763 ave solve: 0.003978  ave ICP: 0.111223  map incre: 0.016177 ave total: 0.138247 icp: 0.098939 construct H: 0.001178 
[fastlio_mapping-2] [ mapping ]: time: IMU + Map + Input Downsample: 0.013439 ave match: 0.094743 ave solve: 0.003982  ave ICP: 0.098473  map incre: 0.011605 ave total: 0.137963 icp: 0.098925 construct H: 0.001180 
[fastlio_mapping-2] [ mapping ]: time: IMU + Map + Input Downsample: 0.020068 ave match: 0.094940 ave solve: 0.003988  ave ICP: 0.109954  map incre: 0.010211 ave total: 0.138006 icp: 0.099126 construct H: 0.001182 
[fastlio_mapping-2] [ mapping ]: time: IMU + Map + Input Downsample: 0.020264 ave match: 0.095085 ave solve: 0.003989  ave ICP: 0.107352  map incre: 0.012607 ave total: 0.138047 icp: 0.099273 construct H: 0.001183 
[fastlio_mapping-2] [ mapping ]: time: IMU + Map + Input Downsample: 0.019876 ave match: 0.095193 ave solve: 0.003992  ave ICP: 0.105720  map incre: 0.013084 ave total: 0.138059 icp: 0.099384 construct H: 0.001184 
[fastlio_mapping-2] [ mapping ]: time: IMU + Map + Input Downsample: 0.022695 ave match: 0.095446 ave solve: 0.004003  ave ICP: 0.114533  map incre: 0.011540 ave total: 0.138250 icp: 0.099649 construct H: 0.001185 
[fastlio_mapping-2] [ mapping ]: time: IMU + Map + Input Downsample: 0.015928 ave match: 0.095527 ave solve: 0.004006  ave ICP: 0.104654  map incre: 0.016113 ave total: 0.138223 icp: 0.099732 construct H: 0.001186 
[fastlio_mapping-2] [ mapping ]: time: IMU + Map + Input Downsample: 0.020515 ave match: 0.095688 ave solve: 0.004001  ave ICP: 0.109117  map incre: 0.015016 ave total: 0.138334 icp: 0.099888 construct H: 0.001184 
[fastlio_mapping-2] [ mapping ]: time: IMU + Map + Input Downsample: 0.023971 ave match: 0.095912 ave solve: 0.003983  ave ICP: 0.112295  map incre: 0.027666 ave total: 0.138767 icp: 0.100092 construct H: 0.001179 
[fastlio_mapping-2] [ mapping ]: time: IMU + Map + Input Downsample: 0.016824 ave match: 0.096064 ave solve: 0.003960  ave ICP: 0.108094  map incre: 0.042047 ave total: 0.139237 icp: 0.100221 construct H: 0.001172 
[fastlio_mapping-2] [ mapping ]: time: IMU + Map + Input Downsample: 0.019782 ave match: 0.096252 ave solve: 0.003932  ave ICP: 0.110210  map incre: 0.036666 ave total: 0.139687 icp: 0.100379 construct H: 0.001163 
[fastlio_mapping-2] [ mapping ]: time: IMU + Map + Input Downsample: 0.015201 ave match: 0.096293 ave solve: 0.003911  ave ICP: 0.101801  map incre: 0.040951 ave total: 0.139982 icp: 0.100398 construct H: 0.001156 
[fastlio_mapping-2] [ mapping ]: time: IMU + Map + Input Downsample: 0.018523 ave match: 0.096541 ave solve: 0.003889  ave ICP: 0.114893  map incre: 0.058922 ave total: 0.140813 icp: 0.100623 construct H: 0.001150 
[fastlio_mapping-2] [ mapping ]: time: IMU + Map + Input Downsample: 0.015363 ave match: 0.096562 ave solve: 0.003870  ave ICP: 0.100974  map incre: 0.039228 ave total: 0.141043 icp: 0.100624 construct H: 0.001144 
[fastlio_mapping-2] [ mapping ]: time: IMU + Map + Input Downsample: 0.021718 ave match: 0.096715 ave solve: 0.003844  ave ICP: 0.109199  map incre: 0.044374 ave total: 0.141570 icp: 0.100749 construct H: 0.001135 
[fastlio_mapping-2] [ mapping ]: time: IMU + Map + Input Downsample: 0.013849 ave match: 0.096738 ave solve: 0.003823  ave ICP: 0.101107  map incre: 0.041627 ave total: 0.141797 icp: 0.100751 construct H: 0.001129 
[fastlio_mapping-2] [ mapping ]: time: IMU + Map + Input Downsample: 0.015945 ave match: 0.096951 ave solve: 0.003806  ave ICP: 0.114154  map incre: 0.042221 ave total: 0.142253 icp: 0.100947 construct H: 0.001123 
[fastlio_mapping-2] [ mapping ]: time: IMU + Map + Input Downsample: 0.012832 ave match: 0.097010 ave solve: 0.003791  ave ICP: 0.104160  map incre: 0.040454 ave total: 0.142476 icp: 0.100990 construct H: 0.001119 
[fastlio_mapping-2] [ mapping ]: time: IMU + Map + Input Downsample: 0.014978 ave match: 0.097043 ave solve: 0.003786  ave ICP: 0.103145  map incre: 0.033976 ave total: 0.142616 icp: 0.101017 construct H: 0.001117 
[fastlio_mapping-2] [ mapping ]: time: IMU + Map + Input Downsample: 0.012916 ave match: 0.097181 ave solve: 0.003799  ave ICP: 0.111903  map incre: 0.022235 ave total: 0.142679 icp: 0.101168 construct H: 0.001122 
[fastlio_mapping-2] [ mapping ]: time: IMU + Map + Input Downsample: 0.015159 ave match: 0.097187 ave solve: 0.003805  ave ICP: 0.102313  map incre: 0.018827 ave total: 0.142589 icp: 0.101181 construct H: 0.001124 
[fastlio_mapping-2] [ mapping ]: time: IMU + Map + Input Downsample: 0.021412 ave match: 0.097277 ave solve: 0.003810  ave ICP: 0.108317  map incre: 0.018476 ave total: 0.142667 icp: 0.101275 construct H: 0.001126 
[fastlio_mapping-2] [ mapping ]: time: IMU + Map + Input Downsample: 0.021632 ave match: 0.097391 ave solve: 0.003816  ave ICP: 0.110385  map incre: 0.012273 ave total: 0.142690 icp: 0.101396 construct H: 0.001128 
[fastlio_mapping-2] [ mapping ]: time: IMU + Map + Input Downsample: 0.017399 ave match: 0.097479 ave solve: 0.003821  ave ICP: 0.108618  map incre: 0.011449 ave total: 0.142619 icp: 0.101490 construct H: 0.001130 
[fastlio_mapping-2] [ mapping ]: time: IMU + Map + Input Downsample: 0.018939 ave match: 0.097712 ave solve: 0.003833  ave ICP: 0.120106  map incre: 0.012482 ave total: 0.142738 icp: 0.101734 construct H: 0.001133 
[fastlio_mapping-2] [ mapping ]: time: IMU + Map + Input Downsample: 0.020522 ave match: 0.097765 ave solve: 0.003837  ave ICP: 0.106422  map incre: 0.010755 ave total: 0.142672 icp: 0.101791 construct H: 0.001134 
[fastlio_mapping-2] [ mapping ]: time: IMU + Map + Input Downsample: 0.023199 ave match: 0.097967 ave solve: 0.003844  ave ICP: 0.118343  map incre: 0.013215 ave total: 0.142828 icp: 0.102001 construct H: 0.001137 
[fastlio_mapping-2] [ mapping ]: time: IMU + Map + Input Downsample: 0.019525 ave match: 0.098052 ave solve: 0.003848  ave ICP: 0.109300  map incre: 0.011313 ave total: 0.142794 icp: 0.102090 construct H: 0.001139 
[fastlio_mapping-2] [ mapping ]: time: IMU + Map + Input Downsample: 0.022813 ave match: 0.098128 ave solve: 0.003851  ave ICP: 0.108570  map incre: 0.012420 ave total: 0.142807 icp: 0.102169 construct H: 0.001140 
[fastlio_mapping-2] [ mapping ]: time: IMU + Map + Input Downsample: 0.020251 ave match: 0.098329 ave solve: 0.003853  ave ICP: 0.118799  map incre: 0.014783 ave total: 0.142945 icp: 0.102372 construct H: 0.001140 
[fastlio_mapping-2] [ mapping ]: time: IMU + Map + Input Downsample: 0.023159 ave match: 0.098494 ave solve: 0.003850  ave ICP: 0.115801  map incre: 0.017428 ave total: 0.143111 icp: 0.102534 construct H: 0.001140 
[fastlio_mapping-2] [ mapping ]: time: IMU + Map + Input Downsample: 0.018291 ave match: 0.098635 ave solve: 0.003842  ave ICP: 0.113704  map incre: 0.035647 ave total: 0.143410 icp: 0.102666 construct H: 0.001137 
[fastlio_mapping-2] [ mapping ]: time: IMU + Map + Input Downsample: 0.014584 ave match: 0.098720 ave solve: 0.003832  ave ICP: 0.109166  map incre: 0.031284 ave total: 0.143550 icp: 0.102741 construct H: 0.001134 
[fastlio_mapping-2] [ mapping ]: time: IMU + Map + Input Downsample: 0.013165 ave match: 0.098910 ave solve: 0.003830  ave ICP: 0.118833  map incre: 0.029610 ave total: 0.143765 icp: 0.102929 construct H: 0.001134 
[fastlio_mapping-2] [ mapping ]: time: IMU + Map + Input Downsample: 0.015419 ave match: 0.098970 ave solve: 0.003829  ave ICP: 0.108125  map incre: 0.018897 ave total: 0.143749 icp: 0.102987 construct H: 0.001133 
[fastlio_mapping-2] [ mapping ]: time: IMU + Map + Input Downsample: 0.017822 ave match: 0.099116 ave solve: 0.003833  ave ICP: 0.116301  map incre: 0.019563 ave total: 0.143865 icp: 0.103138 construct H: 0.001135 
[fastlio_mapping-2] [ mapping ]: time: IMU + Map + Input Downsample: 0.023981 ave match: 0.099355 ave solve: 0.003846  ave ICP: 0.125317  map incre: 0.016198 ave total: 0.144113 icp: 0.103389 construct H: 0.001137 
[fastlio_mapping-2] [ mapping ]: time: IMU + Map + Input Downsample: 0.022732 ave match: 0.099474 ave solve: 0.003849  ave ICP: 0.114444  map incre: 0.014929 ave total: 0.144204 icp: 0.103511 construct H: 0.001138 
[fastlio_mapping-2] [ mapping ]: time: IMU + Map + Input Downsample: 0.019919 ave match: 0.099605 ave solve: 0.003852  ave ICP: 0.115795  map incre: 0.016632 ave total: 0.144296 icp: 0.103645 construct H: 0.001139 
[fastlio_mapping-2] [ mapping ]: time: IMU + Map + Input Downsample: 0.020485 ave match: 0.099701 ave solve: 0.003856  ave ICP: 0.112995  map incre: 0.013682 ave total: 0.144327 icp: 0.103746 construct H: 0.001140 
[fastlio_mapping-2] [ mapping ]: time: IMU + Map + Input Downsample: 0.020722 ave match: 0.099907 ave solve: 0.003858  ave ICP: 0.123101  map incre: 0.013880 ave total: 0.144474 icp: 0.103955 construct H: 0.001141 
[fastlio_mapping-2] [ mapping ]: time: IMU + Map + Input Downsample: 0.013762 ave match: 0.100003 ave solve: 0.003861  ave ICP: 0.113254  map incre: 0.016364 ave total: 0.144463 icp: 0.104053 construct H: 0.001142 
[fastlio_mapping-2] [ mapping ]: time: IMU + Map + Input Downsample: 0.014202 ave match: 0.100073 ave solve: 0.003863  ave ICP: 0.111035  map incre: 0.013962 ave total: 0.144406 icp: 0.104125 construct H: 0.001142 
[fastlio_mapping-2] [ mapping ]: time: IMU + Map + Input Downsample: 0.023184 ave match: 0.100193 ave solve: 0.003864  ave ICP: 0.115844  map incre: 0.015469 ave total: 0.144513 icp: 0.104247 construct H: 0.001143 
[fastlio_mapping-2] [ mapping ]: time: IMU + Map + Input Downsample: 0.018460 ave match: 0.100282 ave solve: 0.003866  ave ICP: 0.113191  map incre: 0.013310 ave total: 0.144518 icp: 0.104337 construct H: 0.001144 
[fastlio_mapping-2] [ mapping ]: time: IMU + Map + Input Downsample: 0.021180 ave match: 0.100401 ave solve: 0.003866  ave ICP: 0.116187  map incre: 0.014595 ave total: 0.144596 icp: 0.104457 construct H: 0.001144 
[fastlio_mapping-2] [ mapping ]: time: IMU + Map + Input Downsample: 0.012405 ave match: 0.100453 ave solve: 0.003865  ave ICP: 0.109668  map incre: 0.012548 ave total: 0.144493 icp: 0.104508 construct H: 0.001144 
[fastlio_mapping-2] [ mapping ]: time: IMU + Map + Input Downsample: 0.021605 ave match: 0.100576 ave solve: 0.003866  ave ICP: 0.117036  map incre: 0.016041 ave total: 0.144597 icp: 0.104632 construct H: 0.001144 
[fastlio_mapping-2] [ mapping ]: time: IMU + Map + Input Downsample: 0.020801 ave match: 0.100733 ave solve: 0.003866  ave ICP: 0.120400  map incre: 0.017103 ave total: 0.144735 icp: 0.104788 construct H: 0.001144 
[fastlio_mapping-2] [ mapping ]: time: IMU + Map + Input Downsample: 0.012210 ave match: 0.100770 ave solve: 0.003866  ave ICP: 0.108829  map incre: 0.017111 ave total: 0.144669 icp: 0.104825 construct H: 0.001145 
[fastlio_mapping-2] [ mapping ]: time: IMU + Map + Input Downsample: 0.021627 ave match: 0.100973 ave solve: 0.003867  ave ICP: 0.125772  map incre: 0.013858 ave total: 0.144834 icp: 0.105030 construct H: 0.001146 
[fastlio_mapping-2] [ mapping ]: time: IMU + Map + Input Downsample: 0.013012 ave match: 0.101132 ave solve: 0.003867  ave ICP: 0.121434  map incre: 0.012126 ave total: 0.144851 icp: 0.105188 construct H: 0.001145 
[fastlio_mapping-2] [ mapping ]: time: IMU + Map + Input Downsample: 0.018106 ave match: 0.101232 ave solve: 0.003865  ave ICP: 0.115620  map incre: 0.021851 ave total: 0.144955 icp: 0.105286 construct H: 0.001145 
[fastlio_mapping-2] [ mapping ]: time: IMU + Map + Input Downsample: 0.020785 ave match: 0.101331 ave solve: 0.003860  ave ICP: 0.115403  map incre: 0.033408 ave total: 0.145192 icp: 0.105380 construct H: 0.001144 
[fastlio_mapping-2] [ mapping ]: time: IMU + Map + Input Downsample: 0.019785 ave match: 0.101434 ave solve: 0.003855  ave ICP: 0.115975  map incre: 0.026853 ave total: 0.145358 icp: 0.105478 construct H: 0.001142 
[fastlio_mapping-2] [ mapping ]: time: IMU + Map + Input Downsample: 0.016509 ave match: 0.101507 ave solve: 0.003850  ave ICP: 0.112920  map incre: 0.030907 ave total: 0.145499 icp: 0.105545 construct H: 0.001140 
[fastlio_mapping-2] [ mapping ]: time: IMU + Map + Input Downsample: 0.018536 ave match: 0.101675 ave solve: 0.003844  ave ICP: 0.123140  map incre: 0.035128 ave total: 0.145791 icp: 0.105707 construct H: 0.001138 
[fastlio_mapping-2] [ mapping ]: time: IMU + Map + Input Downsample: 0.012759 ave match: 0.101799 ave solve: 0.003838  ave ICP: 0.118659  map incre: 0.027424 ave total: 0.145912 icp: 0.105825 construct H: 0.001137 
[fastlio_mapping-2] [ mapping ]: time: IMU + Map + Input Downsample: 0.014141 ave match: 0.101919 ave solve: 0.003836  ave ICP: 0.118887  map incre: 0.031187 ave total: 0.146080 icp: 0.105942 construct H: 0.001136 
[fastlio_mapping-2] [ mapping ]: time: IMU + Map + Input Downsample: 0.012729 ave match: 0.101957 ave solve: 0.003835  ave ICP: 0.110337  map incre: 0.022675 ave total: 0.146077 icp: 0.105980 construct H: 0.001136 
[fastlio_mapping-2] [ mapping ]: time: IMU + Map + Input Downsample: 0.020523 ave match: 0.102020 ave solve: 0.003836  ave ICP: 0.113447  map incre: 0.016886 ave total: 0.146120 icp: 0.106044 construct H: 0.001136 
[fastlio_mapping-2] [ mapping ]: time: IMU + Map + Input Downsample: 0.020927 ave match: 0.102099 ave solve: 0.003837  ave ICP: 0.115287  map incre: 0.021205 ave total: 0.146221 icp: 0.106123 construct H: 0.001136 
[fastlio_mapping-2] [ mapping ]: time: IMU + Map + Input Downsample: 0.022092 ave match: 0.102187 ave solve: 0.003831  ave ICP: 0.115628  map incre: 0.026437 ave total: 0.146380 icp: 0.106205 construct H: 0.001134 
[fastlio_mapping-2] [ mapping ]: time: IMU + Map + Input Downsample: 0.012161 ave match: 0.102199 ave solve: 0.003825  ave ICP: 0.107283  map incre: 0.029346 ave total: 0.146401 icp: 0.106211 construct H: 0.001133 
[fastlio_mapping-2] [ mapping ]: time: IMU + Map + Input Downsample: 0.020713 ave match: 0.102250 ave solve: 0.003821  ave ICP: 0.111792  map incre: 0.026880 ave total: 0.146514 icp: 0.106257 construct H: 0.001131 
[fastlio_mapping-2] [ mapping ]: time: IMU + Map + Input Downsample: 0.017414 ave match: 0.102318 ave solve: 0.003817  ave ICP: 0.113907  map incre: 0.028760 ave total: 0.146631 icp: 0.106321 construct H: 0.001130 
[fastlio_mapping-2] [ mapping ]: time: IMU + Map + Input Downsample: 0.017674 ave match: 0.102365 ave solve: 0.003815  ave ICP: 0.111972  map incre: 0.020046 ave total: 0.146657 icp: 0.106366 construct H: 0.001130 
[fastlio_mapping-2] [ mapping ]: time: IMU + Map + Input Downsample: 0.018070 ave match: 0.102414 ave solve: 0.003815  ave ICP: 0.112414  map incre: 0.016994 ave total: 0.146664 icp: 0.106415 construct H: 0.001129 
[fastlio_mapping-2] [ mapping ]: time: IMU + Map + Input Downsample: 0.019047 ave match: 0.102455 ave solve: 0.003815  ave ICP: 0.111573  map incre: 0.017376 ave total: 0.146675 icp: 0.106456 construct H: 0.001129 
[fastlio_mapping-2] [ mapping ]: time: IMU + Map + Input Downsample: 0.019748 ave match: 0.102555 ave solve: 0.003815  ave ICP: 0.118819  map incre: 0.013666 ave total: 0.146721 icp: 0.106556 construct H: 0.001129 
[fastlio_mapping-2] [ mapping ]: time: IMU + Map + Input Downsample: 0.026671 ave match: 0.102727 ave solve: 0.003820  ave ICP: 0.128503  map incre: 0.014471 ave total: 0.146911 icp: 0.106734 construct H: 0.001131 
[fastlio_mapping-2] [ mapping ]: time: IMU + Map + Input Downsample: 0.017134 ave match: 0.102757 ave solve: 0.003820  ave ICP: 0.110676  map incre: 0.012764 ave total: 0.146859 icp: 0.106764 construct H: 0.001132 
[fastlio_mapping-2] [ mapping ]: time: IMU + Map + Input Downsample: 0.016829 ave match: 0.102802 ave solve: 0.003820  ave ICP: 0.112423  map incre: 0.015133 ave total: 0.146839 icp: 0.106807 construct H: 0.001131 
[fastlio_mapping-2] [ mapping ]: time: IMU + Map + Input Downsample: 0.018879 ave match: 0.102865 ave solve: 0.003817  ave ICP: 0.114578  map incre: 0.023329 ave total: 0.146919 icp: 0.106868 construct H: 0.001130 
[fastlio_mapping-2] [ mapping ]: time: IMU + Map + Input Downsample: 0.019669 ave match: 0.102947 ave solve: 0.003810  ave ICP: 0.116538  map incre: 0.027675 ave total: 0.147055 icp: 0.106943 construct H: 0.001129 
[fastlio_mapping-2] [ mapping ]: time: IMU + Map + Input Downsample: 0.018868 ave match: 0.103016 ave solve: 0.003805  ave ICP: 0.115243  map incre: 0.028874 ave total: 0.147181 icp: 0.107006 construct H: 0.001127 
[fastlio_mapping-2] [ mapping ]: time: IMU + Map + Input Downsample: 0.019574 ave match: 0.103081 ave solve: 0.003798  ave ICP: 0.114684  map incre: 0.028618 ave total: 0.147305 icp: 0.107065 construct H: 0.001125 
[fastlio_mapping-2] [ mapping ]: time: IMU + Map + Input Downsample: 0.011802 ave match: 0.103108 ave solve: 0.003791  ave ICP: 0.109941  map incre: 0.029940 ave total: 0.147339 icp: 0.107085 construct H: 0.001123 
[fastlio_mapping-2] [ mapping ]: time: IMU + Map + Input Downsample: 0.013093 ave match: 0.103142 ave solve: 0.003784  ave ICP: 0.110671  map incre: 0.033990 ave total: 0.147420 icp: 0.107110 construct H: 0.001120 
[fastlio_mapping-2] [ mapping ]: time: IMU + Map + Input Downsample: 0.023342 ave match: 0.103220 ave solve: 0.003776  ave ICP: 0.116619  map incre: 0.029942 ave total: 0.147593 icp: 0.107181 construct H: 0.001118 
[fastlio_mapping-2] [ mapping ]: time: IMU + Map + Input Downsample: 0.022453 ave match: 0.103381 ave solve: 0.003775  ave ICP: 0.128635  map incre: 0.034416 ave total: 0.147882 icp: 0.107340 construct H: 0.001117 
[fastlio_mapping-2] [ mapping ]: time: IMU + Map + Input Downsample: 0.012901 ave match: 0.103392 ave solve: 0.003768  ave ICP: 0.108140  map incre: 0.034870 ave total: 0.147943 icp: 0.107344 construct H: 0.001115 
[fastlio_mapping-2] [ mapping ]: time: IMU + Map + Input Downsample: 0.012716 ave match: 0.103415 ave solve: 0.003762  ave ICP: 0.109920  map incre: 0.031240 ave total: 0.147987 icp: 0.107361 construct H: 0.001113 
[fastlio_mapping-2] [ mapping ]: time: IMU + Map + Input Downsample: 0.021049 ave match: 0.103488 ave solve: 0.003755  ave ICP: 0.116467  map incre: 0.031854 ave total: 0.148147 icp: 0.107427 construct H: 0.001111 
[fastlio_mapping-2] [ mapping ]: time: IMU + Map + Input Downsample: 0.015459 ave match: 0.103521 ave solve: 0.003747  ave ICP: 0.110946  map incre: 0.032650 ave total: 0.148228 icp: 0.107451 construct H: 0.001108 
[fastlio_mapping-2] [ mapping ]: time: IMU + Map + Input Downsample: 0.012363 ave match: 0.103545 ave solve: 0.003741  ave ICP: 0.110108  map incre: 0.039139 ave total: 0.148326 icp: 0.107469 construct H: 0.001106 
[fastlio_mapping-2] [ mapping ]: time: IMU + Map + Input Downsample: 0.021167 ave match: 0.103676 ave solve: 0.003733  ave ICP: 0.124586  map incre: 0.033329 ave total: 0.148551 icp: 0.107592 construct H: 0.001104 
[fastlio_mapping-2] [ mapping ]: time: IMU + Map + Input Downsample: 0.011860 ave match: 0.103709 ave solve: 0.003727  ave ICP: 0.111502  map incre: 0.042954 ave total: 0.148680 icp: 0.107618 construct H: 0.001102 
[fastlio_mapping-2] [ mapping ]: time: IMU + Map + Input Downsample: 0.011800 ave match: 0.103731 ave solve: 0.003723  ave ICP: 0.110399  map incre: 0.035109 ave total: 0.148742 icp: 0.107636 construct H: 0.001101 
[fastlio_mapping-2] [ mapping ]: time: IMU + Map + Input Downsample: 0.014101 ave match: 0.103760 ave solve: 0.003718  ave ICP: 0.111292  map incre: 0.037222 ave total: 0.148841 icp: 0.107660 construct H: 0.001099 
[fastlio_mapping-2] [ mapping ]: time: IMU + Map + Input Downsample: 0.019540 ave match: 0.103867 ave solve: 0.003713  ave ICP: 0.122242  map incre: 0.029650 ave total: 0.149001 icp: 0.107761 construct H: 0.001098 
[fastlio_mapping-2] [ mapping ]: time: IMU + Map + Input Downsample: 0.016031 ave match: 0.103915 ave solve: 0.003708  ave ICP: 0.114256  map incre: 0.037532 ave total: 0.149133 icp: 0.107805 construct H: 0.001096 
[fastlio_mapping-2] [ mapping ]: time: IMU + Map + Input Downsample: 0.016319 ave match: 0.103943 ave solve: 0.003704  ave ICP: 0.111473  map incre: 0.035995 ave total: 0.149236 icp: 0.107829 construct H: 0.001095 
[fastlio_mapping-2] [ mapping ]: time: IMU + Map + Input Downsample: 0.014970 ave match: 0.103969 ave solve: 0.003705  ave ICP: 0.111930  map incre: 0.021668 ave total: 0.149231 icp: 0.107855 construct H: 0.001095 
[fastlio_mapping-2] [ mapping ]: time: IMU + Map + Input Downsample: 0.019680 ave match: 0.104027 ave solve: 0.003705  ave ICP: 0.116678  map incre: 0.019926 ave total: 0.149280 icp: 0.107913 construct H: 0.001095 
[fastlio_mapping-2] [ mapping ]: time: IMU + Map + Input Downsample: 0.012439 ave match: 0.104027 ave solve: 0.003707  ave ICP: 0.108462  map incre: 0.024999 ave total: 0.149257 icp: 0.107915 construct H: 0.001096 
[fastlio_mapping-2] [ mapping ]: time: IMU + Map + Input Downsample: 0.018076 ave match: 0.104045 ave solve: 0.003709  ave ICP: 0.111019  map incre: 0.015915 ave total: 0.149228 icp: 0.107935 construct H: 0.001097 
[fastlio_mapping-2] [ mapping ]: time: IMU + Map + Input Downsample: 0.018506 ave match: 0.104067 ave solve: 0.003709  ave ICP: 0.111668  map incre: 0.016572 ave total: 0.149211 icp: 0.107958 construct H: 0.001097 
[fastlio_mapping-2] [ mapping ]: time: IMU + Map + Input Downsample: 0.019808 ave match: 0.104125 ave solve: 0.003707  ave ICP: 0.116436  map incre: 0.026753 ave total: 0.149304 icp: 0.108013 construct H: 0.001096 
[fastlio_mapping-2] [ mapping ]: time: IMU + Map + Input Downsample: 0.016067 ave match: 0.104140 ave solve: 0.003703  ave ICP: 0.110021  map incre: 0.033609 ave total: 0.149373 icp: 0.108024 construct H: 0.001095 
[fastlio_mapping-2] [ mapping ]: time: IMU + Map + Input Downsample: 0.012159 ave match: 0.104179 ave solve: 0.003698  ave ICP: 0.113380  map incre: 0.037258 ave total: 0.149462 icp: 0.108058 construct H: 0.001094 
[fastlio_mapping-2] [ mapping ]: time: IMU + Map + Input Downsample: 0.014663 ave match: 0.104222 ave solve: 0.003695  ave ICP: 0.114339  map incre: 0.028705 ave total: 0.149516 icp: 0.108098 construct H: 0.001093 
[fastlio_mapping-2] [ mapping ]: time: IMU + Map + Input Downsample: 0.014710 ave match: 0.104255 ave solve: 0.003690  ave ICP: 0.112575  map incre: 0.041813 ave total: 0.149644 icp: 0.108125 construct H: 0.001091 
[fastlio_mapping-2] [ mapping ]: time: IMU + Map + Input Downsample: 0.016389 ave match: 0.104254 ave solve: 0.003690  ave ICP: 0.108262  map incre: 0.028199 ave total: 0.149665 icp: 0.108124 construct H: 0.001091 
[fastlio_mapping-2] [ mapping ]: time: IMU + Map + Input Downsample: 0.020284 ave match: 0.104322 ave solve: 0.003691  ave ICP: 0.119109  map incre: 0.021359 ave total: 0.149736 icp: 0.108193 construct H: 0.001091 
[fastlio_mapping-2] [ mapping ]: time: IMU + Map + Input Downsample: 0.020520 ave match: 0.104363 ave solve: 0.003691  ave ICP: 0.115009  map incre: 0.018106 ave total: 0.149761 icp: 0.108234 construct H: 0.001092 
[fastlio_mapping-2] [ mapping ]: time: IMU + Map + Input Downsample: 0.019678 ave match: 0.104400 ave solve: 0.003691  ave ICP: 0.114293  map incre: 0.015938 ave total: 0.149762 icp: 0.108271 construct H: 0.001092 
[fastlio_mapping-2] [ mapping ]: time: IMU + Map + Input Downsample: 0.020998 ave match: 0.104517 ave solve: 0.003692  ave ICP: 0.127276  map incre: 0.017282 ave total: 0.149862 icp: 0.108389 construct H: 0.001092 
[fastlio_mapping-2] [ mapping ]: time: IMU + Map + Input Downsample: 0.012187 ave match: 0.104603 ave solve: 0.003695  ave ICP: 0.122812  map incre: 0.020170 ave total: 0.149896 icp: 0.108479 construct H: 0.001093 
[fastlio_mapping-2] [ mapping ]: time: IMU + Map + Input Downsample: 0.016235 ave match: 0.104666 ave solve: 0.003698  ave ICP: 0.119360  map incre: 0.014306 ave total: 0.149896 icp: 0.108545 construct H: 0.001095 
[fastlio_mapping-2] [ mapping ]: time: IMU + Map + Input Downsample: 0.012873 ave match: 0.104673 ave solve: 0.003698  ave ICP: 0.110048  map incre: 0.014343 ave total: 0.149817 icp: 0.108552 construct H: 0.001095 
[fastlio_mapping-2] [ mapping ]: time: IMU + Map + Input Downsample: 0.018456 ave match: 0.104709 ave solve: 0.003699  ave ICP: 0.114831  map incre: 0.014226 ave total: 0.149803 icp: 0.108589 construct H: 0.001095 
[fastlio_mapping-2] [ mapping ]: time: IMU + Map + Input Downsample: 0.019650 ave match: 0.104741 ave solve: 0.003700  ave ICP: 0.114343  map incre: 0.014627 ave total: 0.149796 icp: 0.108622 construct H: 0.001096 
[fastlio_mapping-2] [ mapping ]: time: IMU + Map + Input Downsample: 0.015695 ave match: 0.104762 ave solve: 0.003702  ave ICP: 0.112610  map incre: 0.017372 ave total: 0.149771 icp: 0.108645 construct H: 0.001096 
[fastlio_mapping-2] [ mapping ]: time: IMU + Map + Input Downsample: 0.021312 ave match: 0.104845 ave solve: 0.003710  ave ICP: 0.124448  map incre: 0.015400 ave total: 0.149840 icp: 0.108737 construct H: 0.001098 
[fastlio_mapping-2] [ mapping ]: time: IMU + Map + Input Downsample: 0.017134 ave match: 0.104867 ave solve: 0.003711  ave ICP: 0.112987  map incre: 0.015600 ave total: 0.149815 icp: 0.108760 construct H: 0.001098 
[fastlio_mapping-2] [ mapping ]: time: IMU + Map + Input Downsample: 0.023337 ave match: 0.104983 ave solve: 0.003718  ave ICP: 0.130232  map incre: 0.024816 ave total: 0.149986 icp: 0.108884 construct H: 0.001101 
[fastlio_mapping-2] [ mapping ]: time: IMU + Map + Input Downsample: 0.023549 ave match: 0.105040 ave solve: 0.003717  ave ICP: 0.118503  map incre: 0.027147 ave total: 0.150100 icp: 0.108939 construct H: 0.001100 
[fastlio_mapping-2] [ mapping ]: time: IMU + Map + Input Downsample: 0.019011 ave match: 0.105103 ave solve: 0.003716  ave ICP: 0.119786  map incre: 0.021680 ave total: 0.150162 icp: 0.109001 construct H: 0.001100 
[fastlio_mapping-2] [ mapping ]: time: IMU + Map + Input Downsample: 0.023113 ave match: 0.105119 ave solve: 0.003717  ave ICP: 0.112106  map incre: 0.017253 ave total: 0.150175 icp: 0.109017 construct H: 0.001100 
[fastlio_mapping-2] [ mapping ]: time: IMU + Map + Input Downsample: 0.021214 ave match: 0.105155 ave solve: 0.003716  ave ICP: 0.115392  map incre: 0.017040 ave total: 0.150196 icp: 0.109053 construct H: 0.001100 
[fastlio_mapping-2] [ mapping ]: time: IMU + Map + Input Downsample: 0.012286 ave match: 0.105147 ave solve: 0.003717  ave ICP: 0.107981  map incre: 0.014585 ave total: 0.150106 icp: 0.109045 construct H: 0.001100 
[fastlio_mapping-2] [ mapping ]: time: IMU + Map + Input Downsample: 0.020403 ave match: 0.105173 ave solve: 0.003717  ave ICP: 0.114072  map incre: 0.013637 ave total: 0.150095 icp: 0.109073 construct H: 0.001100 
[fastlio_mapping-2] [ mapping ]: time: IMU + Map + Input Downsample: 0.016370 ave match: 0.105256 ave solve: 0.003719  ave ICP: 0.124023  map incre: 0.014668 ave total: 0.150123 icp: 0.109157 construct H: 0.001101 
[fastlio_mapping-2] [ mapping ]: time: IMU + Map + Input Downsample: 0.020628 ave match: 0.105283 ave solve: 0.003719  ave ICP: 0.114299  map incre: 0.013344 ave total: 0.150113 icp: 0.109185 construct H: 0.001101 
[fastlio_mapping-2] [ mapping ]: time: IMU + Map + Input Downsample: 0.022307 ave match: 0.105362 ave solve: 0.003725  ave ICP: 0.124516  map incre: 0.016173 ave total: 0.150186 icp: 0.109270 construct H: 0.001102 
[fastlio_mapping-2] [ mapping ]: time: IMU + Map + Input Downsample: 0.012367 ave match: 0.105367 ave solve: 0.003726  ave ICP: 0.110384  map incre: 0.011786 ave total: 0.150098 icp: 0.109274 construct H: 0.001102 
[fastlio_mapping-2] [ mapping ]: time: IMU + Map + Input Downsample: 0.015797 ave match: 0.105387 ave solve: 0.003726  ave ICP: 0.113281  map incre: 0.015857 ave total: 0.150069 icp: 0.109295 construct H: 0.001102 
[fastlio_mapping-2] [ mapping ]: time: IMU + Map + Input Downsample: 0.021636 ave match: 0.105414 ave solve: 0.003726  ave ICP: 0.114556  map incre: 0.011762 ave total: 0.150057 icp: 0.109322 construct H: 0.001103 
[fastlio_mapping-2] [ mapping ]: time: IMU + Map + Input Downsample: 0.021188 ave match: 0.105452 ave solve: 0.003727  ave ICP: 0.116583  map incre: 0.012511 ave total: 0.150058 icp: 0.109361 construct H: 0.001103 
[fastlio_mapping-2] [ mapping ]: time: IMU + Map + Input Downsample: 0.021695 ave match: 0.105480 ave solve: 0.003727  ave ICP: 0.114818  map incre: 0.012985 ave total: 0.150055 icp: 0.109389 construct H: 0.001103 
[fastlio_mapping-2] [ mapping ]: time: IMU + Map + Input Downsample: 0.012990 ave match: 0.105489 ave solve: 0.003727  ave ICP: 0.111396  map incre: 0.018384 ave total: 0.150015 icp: 0.109399 construct H: 0.001103 
[fastlio_mapping-2] [ mapping ]: time: IMU + Map + Input Downsample: 0.021659 ave match: 0.105523 ave solve: 0.003728  ave ICP: 0.115948  map incre: 0.014307 ave total: 0.150025 icp: 0.109433 construct H: 0.001103 
[fastlio_mapping-2] [ mapping ]: time: IMU + Map + Input Downsample: 0.023630 ave match: 0.105630 ave solve: 0.003729  ave ICP: 0.129638  map incre: 0.013377 ave total: 0.150116 icp: 0.109541 construct H: 0.001103 
[fastlio_mapping-2] [ mapping ]: time: IMU + Map + Input Downsample: 0.021722 ave match: 0.105691 ave solve: 0.003729  ave ICP: 0.121198  map incre: 0.015750 ave total: 0.150162 icp: 0.109602 construct H: 0.001104 
[fastlio_mapping-2] [ mapping ]: time: IMU + Map + Input Downsample: 0.021995 ave match: 0.105800 ave solve: 0.003733  ave ICP: 0.131058  map incre: 0.016383 ave total: 0.150265 icp: 0.109716 construct H: 0.001105 
[fastlio_mapping-2] [ mapping ]: time: IMU + Map + Input Downsample: 0.023736 ave match: 0.105904 ave solve: 0.003734  ave ICP: 0.129559  map incre: 0.012500 ave total: 0.150349 icp: 0.109820 construct H: 0.001105 
[fastlio_mapping-2] [ mapping ]: time: IMU + Map + Input Downsample: 0.016924 ave match: 0.105934 ave solve: 0.003734  ave ICP: 0.115742  map incre: 0.011892 ave total: 0.150318 icp: 0.109850 construct H: 0.001105 
[fastlio_mapping-2] [ mapping ]: time: IMU + Map + Input Downsample: 0.014577 ave match: 0.105955 ave solve: 0.003734  ave ICP: 0.114103  map incre: 0.012252 ave total: 0.150268 icp: 0.109872 construct H: 0.001105 
[fastlio_mapping-2] [ mapping ]: time: IMU + Map + Input Downsample: 0.014731 ave match: 0.105990 ave solve: 0.003733  ave ICP: 0.116760  map incre: 0.013123 ave total: 0.150238 icp: 0.109906 construct H: 0.001105 
[fastlio_mapping-2] [ mapping ]: time: IMU + Map + Input Downsample: 0.012434 ave match: 0.106014 ave solve: 0.003733  ave ICP: 0.114712  map incre: 0.012668 ave total: 0.150184 icp: 0.109930 construct H: 0.001106 
[fastlio_mapping-2] [ mapping ]: time: IMU + Map + Input Downsample: 0.020633 ave match: 0.106048 ave solve: 0.003734  ave ICP: 0.116777  map incre: 0.023017 ave total: 0.150237 icp: 0.109964 construct H: 0.001106 
[fastlio_mapping-2] [ mapping ]: time: IMU + Map + Input Downsample: 0.015771 ave match: 0.106077 ave solve: 0.003734  ave ICP: 0.116036  map incre: 0.012710 ave total: 0.150207 icp: 0.109994 construct H: 0.001106 
[fastlio_mapping-2] [ mapping ]: time: IMU + Map + Input Downsample: 0.020667 ave match: 0.106106 ave solve: 0.003734  ave ICP: 0.115862  map incre: 0.012172 ave total: 0.150200 icp: 0.110023 construct H: 0.001106 
[fastlio_mapping-2] [ mapping ]: time: IMU + Map + Input Downsample: 0.020123 ave match: 0.106142 ave solve: 0.003735  ave ICP: 0.117581  map incre: 0.010880 ave total: 0.150191 icp: 0.110060 construct H: 0.001106 
[fastlio_mapping-2] [ mapping ]: time: IMU + Map + Input Downsample: 0.012201 ave match: 0.106165 ave solve: 0.003733  ave ICP: 0.114223  map incre: 0.020903 ave total: 0.150177 icp: 0.110080 construct H: 0.001105 
[fastlio_mapping-2] [ mapping ]: time: IMU + Map + Input Downsample: 0.018124 ave match: 0.106182 ave solve: 0.003732  ave ICP: 0.113846  map incre: 0.013088 ave total: 0.150151 icp: 0.110097 construct H: 0.001105 
[fastlio_mapping-2] [ mapping ]: time: IMU + Map + Input Downsample: 0.019188 ave match: 0.106225 ave solve: 0.003733  ave ICP: 0.118939  map incre: 0.016634 ave total: 0.150174 icp: 0.110140 construct H: 0.001105 
[fastlio_mapping-2] [ mapping ]: time: IMU + Map + Input Downsample: 0.020422 ave match: 0.106297 ave solve: 0.003731  ave ICP: 0.124434  map incre: 0.022554 ave total: 0.150261 icp: 0.110210 construct H: 0.001105 
[fastlio_mapping-2] [ mapping ]: time: IMU + Map + Input Downsample: 0.012250 ave match: 0.106311 ave solve: 0.003729  ave ICP: 0.112921  map incre: 0.025544 ave total: 0.150263 icp: 0.110222 construct H: 0.001104 
[fastlio_mapping-2] [ mapping ]: time: IMU + Map + Input Downsample: 0.013867 ave match: 0.106345 ave solve: 0.003728  ave ICP: 0.117096  map incre: 0.029084 ave total: 0.150312 icp: 0.110255 construct H: 0.001104 
[fastlio_mapping-2] [ mapping ]: time: IMU + Map + Input Downsample: 0.015896 ave match: 0.106373 ave solve: 0.003728  ave ICP: 0.116240  map incre: 0.019763 ave total: 0.150319 icp: 0.110283 construct H: 0.001104 
[fastlio_mapping-2] [ mapping ]: time: IMU + Map + Input Downsample: 0.017602 ave match: 0.106417 ave solve: 0.003728  ave ICP: 0.119660  map incre: 0.018654 ave total: 0.150347 icp: 0.110328 construct H: 0.001104 
[fastlio_mapping-2] [ mapping ]: time: IMU + Map + Input Downsample: 0.014251 ave match: 0.106457 ave solve: 0.003728  ave ICP: 0.118631  map incre: 0.016672 ave total: 0.150343 icp: 0.110367 construct H: 0.001104 
[fastlio_mapping-2] [ mapping ]: time: IMU + Map + Input Downsample: 0.013211 ave match: 0.106554 ave solve: 0.003729  ave ICP: 0.130945  map incre: 0.025241 ave total: 0.150436 icp: 0.110466 construct H: 0.001104 
[fastlio_mapping-2] [ mapping ]: time: IMU + Map + Input Downsample: 0.012432 ave match: 0.106566 ave solve: 0.003729  ave ICP: 0.112916  map incre: 0.022911 ave total: 0.150426 icp: 0.110477 construct H: 0.001104 
[fastlio_mapping-2] [ mapping ]: time: IMU + Map + Input Downsample: 0.015510 ave match: 0.106601 ave solve: 0.003727  ave ICP: 0.117814  map incre: 0.019138 ave total: 0.150435 icp: 0.110511 construct H: 0.001104 
[fastlio_mapping-2] [ mapping ]: time: IMU + Map + Input Downsample: 0.020092 ave match: 0.106645 ave solve: 0.003727  ave ICP: 0.119966  map incre: 0.016755 ave total: 0.150466 icp: 0.110555 construct H: 0.001104 
[fastlio_mapping-2] [ mapping ]: time: IMU + Map + Input Downsample: 0.016039 ave match: 0.106694 ave solve: 0.003727  ave ICP: 0.121086  map incre: 0.016523 ave total: 0.150481 icp: 0.110604 construct H: 0.001104 
[fastlio_mapping-2] [ mapping ]: time: IMU + Map + Input Downsample: 0.018079 ave match: 0.106777 ave solve: 0.003728  ave ICP: 0.128503  map incre: 0.017804 ave total: 0.150547 icp: 0.110687 construct H: 0.001104 
[fastlio_mapping-2] [ mapping ]: time: IMU + Map + Input Downsample: 0.016905 ave match: 0.106820 ave solve: 0.003729  ave ICP: 0.120222  map incre: 0.013394 ave total: 0.150547 icp: 0.110731 construct H: 0.001104 
[fastlio_mapping-2] [ mapping ]: time: IMU + Map + Input Downsample: 0.020463 ave match: 0.106866 ave solve: 0.003729  ave ICP: 0.120862  map incre: 0.013278 ave total: 0.150566 icp: 0.110778 construct H: 0.001104 
[fastlio_mapping-2] [ mapping ]: time: IMU + Map + Input Downsample: 0.021333 ave match: 0.106905 ave solve: 0.003730  ave ICP: 0.119448  map incre: 0.013346 ave total: 0.150583 icp: 0.110817 construct H: 0.001104 
[fastlio_mapping-2] [ mapping ]: time: IMU + Map + Input Downsample: 0.012868 ave match: 0.106933 ave solve: 0.003730  ave ICP: 0.117378  map incre: 0.013668 ave total: 0.150552 icp: 0.110846 construct H: 0.001105 
[fastlio_mapping-2] [ mapping ]: time: IMU + Map + Input Downsample: 0.015915 ave match: 0.106966 ave solve: 0.003731  ave ICP: 0.118290  map incre: 0.015898 ave total: 0.150550 icp: 0.110880 construct H: 0.001105 
[fastlio_mapping-2] [ mapping ]: time: IMU + Map + Input Downsample: 0.017751 ave match: 0.107029 ave solve: 0.003731  ave ICP: 0.124750  map incre: 0.015986 ave total: 0.150587 icp: 0.110942 construct H: 0.001105 
[fastlio_mapping-2] [ mapping ]: time: IMU + Map + Input Downsample: 0.016077 ave match: 0.107083 ave solve: 0.003732  ave ICP: 0.123094  map incre: 0.012265 ave total: 0.150591 icp: 0.110997 construct H: 0.001105 
[fastlio_mapping-2] [ mapping ]: time: IMU + Map + Input Downsample: 0.014853 ave match: 0.107137 ave solve: 0.003732  ave ICP: 0.123138  map incre: 0.011978 ave total: 0.150588 icp: 0.111052 construct H: 0.001105 
[fastlio_mapping-2] [ mapping ]: time: IMU + Map + Input Downsample: 0.016922 ave match: 0.107194 ave solve: 0.003733  ave ICP: 0.123957  map incre: 0.011805 ave total: 0.150597 icp: 0.111109 construct H: 0.001105 
[fastlio_mapping-2] [ mapping ]: time: IMU + Map + Input Downsample: 0.013246 ave match: 0.107226 ave solve: 0.003734  ave ICP: 0.118640  map incre: 0.011504 ave total: 0.150565 icp: 0.111142 construct H: 0.001106 
[fastlio_mapping-2] [ mapping ]: time: IMU + Map + Input Downsample: 0.016841 ave match: 0.107262 ave solve: 0.003734  ave ICP: 0.119554  map incre: 0.012617 ave total: 0.150558 icp: 0.111179 construct H: 0.001106 
[fastlio_mapping-2] [ mapping ]: time: IMU + Map + Input Downsample: 0.021725 ave match: 0.107319 ave solve: 0.003734  ave ICP: 0.124178  map incre: 0.012875 ave total: 0.150595 icp: 0.111236 construct H: 0.001106 
[fastlio_mapping-2] [ mapping ]: time: IMU + Map + Input Downsample: 0.020790 ave match: 0.107373 ave solve: 0.003734  ave ICP: 0.123526  map incre: 0.015194 ave total: 0.150635 icp: 0.111290 construct H: 0.001106 
[fastlio_mapping-2] [ mapping ]: time: IMU + Map + Input Downsample: 0.020179 ave match: 0.107458 ave solve: 0.003734  ave ICP: 0.130753  map incre: 0.015894 ave total: 0.150707 icp: 0.111375 construct H: 0.001106 
[fastlio_mapping-2] [ mapping ]: time: IMU + Map + Input Downsample: 0.019930 ave match: 0.107510 ave solve: 0.003734  ave ICP: 0.123507  map incre: 0.014218 ave total: 0.150738 icp: 0.111427 construct H: 0.001106 
[fastlio_mapping-2] [ mapping ]: time: IMU + Map + Input Downsample: 0.015316 ave match: 0.107552 ave solve: 0.003734  ave ICP: 0.121119  map incre: 0.012315 ave total: 0.150729 icp: 0.111468 construct H: 0.001105 
[fastlio_mapping-2] [ mapping ]: time: IMU + Map + Input Downsample: 0.024134 ave match: 0.107591 ave solve: 0.003734  ave ICP: 0.120508  map incre: 0.011262 ave total: 0.150752 icp: 0.111507 construct H: 0.001106 
[fastlio_mapping-2] [ mapping ]: time: IMU + Map + Input Downsample: 0.012865 ave match: 0.107619 ave solve: 0.003733  ave ICP: 0.118139  map incre: 0.019290 ave total: 0.150750 icp: 0.111535 construct H: 0.001105 
[fastlio_mapping-2] [ mapping ]: time: IMU + Map + Input Downsample: 0.013442 ave match: 0.107666 ave solve: 0.003731  ave ICP: 0.121945  map incre: 0.022021 ave total: 0.150779 icp: 0.111579 construct H: 0.001105 
[fastlio_mapping-2] [ mapping ]: time: IMU + Map + Input Downsample: 0.016865 ave match: 0.107708 ave solve: 0.003730  ave ICP: 0.121347  map incre: 0.026389 ave total: 0.150839 icp: 0.111620 construct H: 0.001104 
[fastlio_mapping-2] [ mapping ]: time: IMU + Map + Input Downsample: 0.016164 ave match: 0.107738 ave solve: 0.003729  ave ICP: 0.118595  map incre: 0.021752 ave total: 0.150863 icp: 0.111649 construct H: 0.001104 
[fastlio_mapping-2] [ mapping ]: time: IMU + Map + Input Downsample: 0.018459 ave match: 0.107772 ave solve: 0.003729  ave ICP: 0.119949  map incre: 0.015922 ave total: 0.150878 icp: 0.111684 construct H: 0.001104 
[fastlio_mapping-2] [ mapping ]: time: IMU + Map + Input Downsample: 0.012374 ave match: 0.107781 ave solve: 0.003730  ave ICP: 0.114221  map incre: 0.013955 ave total: 0.150834 icp: 0.111693 construct H: 0.001104 
[fastlio_mapping-2] [ mapping ]: time: IMU + Map + Input Downsample: 0.014726 ave match: 0.107850 ave solve: 0.003730  ave ICP: 0.128084  map incre: 0.017667 ave total: 0.150875 icp: 0.111762 construct H: 0.001104 
[fastlio_mapping-2] [ mapping ]: time: IMU + Map + Input Downsample: 0.019927 ave match: 0.107927 ave solve: 0.003731  ave ICP: 0.130312  map incre: 0.012738 ave total: 0.150927 icp: 0.111840 construct H: 0.001104 
[fastlio_mapping-2] [ mapping ]: time: IMU + Map + Input Downsample: 0.019881 ave match: 0.107954 ave solve: 0.003731  ave ICP: 0.118547  map incre: 0.011907 ave total: 0.150924 icp: 0.111867 construct H: 0.001105 
[fastlio_mapping-2] [ mapping ]: time: IMU + Map + Input Downsample: 0.021713 ave match: 0.107988 ave solve: 0.003732  ave ICP: 0.120512  map incre: 0.014300 ave total: 0.150948 icp: 0.111902 construct H: 0.001105 
[fastlio_mapping-2] [ mapping ]: time: IMU + Map + Input Downsample: 0.012292 ave match: 0.108002 ave solve: 0.003732  ave ICP: 0.115386  map incre: 0.013174 ave total: 0.150905 icp: 0.111916 construct H: 0.001104 
[fastlio_mapping-2] [ mapping ]: time: IMU + Map + Input Downsample: 0.024371 ave match: 0.108128 ave solve: 0.003734  ave ICP: 0.143215  map incre: 0.020420 ave total: 0.151061 icp: 0.112044 construct H: 0.001105 
[fastlio_mapping-2] [ mapping ]: time: IMU + Map + Input Downsample: 0.013338 ave match: 0.108196 ave solve: 0.003741  ave ICP: 0.130301  map incre: 0.015493 ave total: 0.151094 icp: 0.112119 construct H: 0.001108 
[fastlio_mapping-2] [ mapping ]: time: IMU + Map + Input Downsample: 0.016425 ave match: 0.108226 ave solve: 0.003741  ave ICP: 0.119762  map incre: 0.012157 ave total: 0.151083 icp: 0.112149 construct H: 0.001108 
[fastlio_mapping-2] [ mapping ]: time: IMU + Map + Input Downsample: 0.012269 ave match: 0.108236 ave solve: 0.003741  ave ICP: 0.115039  map incre: 0.012387 ave total: 0.151036 icp: 0.112160 construct H: 0.001108 
[fastlio_mapping-2] [ mapping ]: time: IMU + Map + Input Downsample: 0.013173 ave match: 0.108259 ave solve: 0.003742  ave ICP: 0.118194  map incre: 0.012395 ave total: 0.151006 icp: 0.112183 construct H: 0.001108 
[fastlio_mapping-2] [ mapping ]: time: IMU + Map + Input Downsample: 0.015912 ave match: 0.108297 ave solve: 0.003742  ave ICP: 0.121758  map incre: 0.010679 ave total: 0.150995 icp: 0.112222 construct H: 0.001108 
[fastlio_mapping-2] [ mapping ]: time: IMU + Map + Input Downsample: 0.022453 ave match: 0.108384 ave solve: 0.003743  ave ICP: 0.134211  map incre: 0.013601 ave total: 0.151074 icp: 0.112309 construct H: 0.001108 
[fastlio_mapping-2] [ mapping ]: time: IMU + Map + Input Downsample: 0.014763 ave match: 0.108478 ave solve: 0.003744  ave ICP: 0.136031  map incre: 0.014320 ave total: 0.151131 icp: 0.112405 construct H: 0.001108 
[fastlio_mapping-2] [ mapping ]: time: IMU + Map + Input Downsample: 0.017767 ave match: 0.108531 ave solve: 0.003743  ave ICP: 0.125567  map incre: 0.014628 ave total: 0.151158 icp: 0.112457 construct H: 0.001108 
[fastlio_mapping-2] [ mapping ]: time: IMU + Map + Input Downsample: 0.012647 ave match: 0.108605 ave solve: 0.003745  ave ICP: 0.131243  map incre: 0.013741 ave total: 0.151185 icp: 0.112532 construct H: 0.001108 
[fastlio_mapping-2] [ mapping ]: time: IMU + Map + Input Downsample: 0.014097 ave match: 0.108674 ave solve: 0.003750  ave ICP: 0.131701  map incre: 0.015857 ave total: 0.151227 icp: 0.112607 construct H: 0.001109 
[fastlio_mapping-2] [ mapping ]: time: IMU + Map + Input Downsample: 0.012774 ave match: 0.108701 ave solve: 0.003751  ave ICP: 0.119689  map incre: 0.013659 ave total: 0.151206 icp: 0.112634 construct H: 0.001109 
[fastlio_mapping-2] [ mapping ]: time: IMU + Map + Input Downsample: 0.015395 ave match: 0.108736 ave solve: 0.003751  ave ICP: 0.121868  map incre: 0.011933 ave total: 0.151198 icp: 0.112670 construct H: 0.001109 
[fastlio_mapping-2] [ mapping ]: time: IMU + Map + Input Downsample: 0.015606 ave match: 0.108762 ave solve: 0.003751  ave ICP: 0.119622  map incre: 0.012838 ave total: 0.151186 icp: 0.112696 construct H: 0.001109 
[fastlio_mapping-2] [ mapping ]: time: IMU + Map + Input Downsample: 0.015490 ave match: 0.108831 ave solve: 0.003754  ave ICP: 0.130795  map incre: 0.010719 ave total: 0.151209 icp: 0.112767 construct H: 0.001110 
[fastlio_mapping-2] [ mapping ]: time: IMU + Map + Input Downsample: 0.016511 ave match: 0.108922 ave solve: 0.003755  ave ICP: 0.136565  map incre: 0.012862 ave total: 0.151267 icp: 0.112859 construct H: 0.001111 
[fastlio_mapping-2] [ mapping ]: time: IMU + Map + Input Downsample: 0.012423 ave match: 0.108935 ave solve: 0.003755  ave ICP: 0.116623  map incre: 0.012419 ave total: 0.151228 icp: 0.112873 construct H: 0.001111 
[fastlio_mapping-2] [ mapping ]: time: IMU + Map + Input Downsample: 0.018393 ave match: 0.108980 ave solve: 0.003755  ave ICP: 0.124600  map incre: 0.010139 ave total: 0.151236 icp: 0.112918 construct H: 0.001111 
[fastlio_mapping-2] [ mapping ]: time: IMU + Map + Input Downsample: 0.017838 ave match: 0.109019 ave solve: 0.003755  ave ICP: 0.123217  map incre: 0.012084 ave total: 0.151243 icp: 0.112957 construct H: 0.001111 
[fastlio_mapping-2] [ mapping ]: time: IMU + Map + Input Downsample: 0.013444 ave match: 0.109043 ave solve: 0.003755  ave ICP: 0.119617  map incre: 0.012750 ave total: 0.151222 icp: 0.112981 construct H: 0.001111 
[fastlio_mapping-2] [ mapping ]: time: IMU + Map + Input Downsample: 0.022942 ave match: 0.109170 ave solve: 0.003759  ave ICP: 0.147207  map incre: 0.015994 ave total: 0.151357 icp: 0.113112 construct H: 0.001113 
[fastlio_mapping-2] [ mapping ]: time: IMU + Map + Input Downsample: 0.012585 ave match: 0.109234 ave solve: 0.003761  ave ICP: 0.130396  map incre: 0.015847 ave total: 0.151386 icp: 0.113178 construct H: 0.001114 
[fastlio_mapping-2] [ mapping ]: time: IMU + Map + Input Downsample: 0.012238 ave match: 0.109254 ave solve: 0.003762  ave ICP: 0.118936  map incre: 0.012082 ave total: 0.151354 icp: 0.113199 construct H: 0.001114 
[fastlio_mapping-2] [ mapping ]: time: IMU + Map + Input Downsample: 0.012960 ave match: 0.109273 ave solve: 0.003763  ave ICP: 0.118608  map incre: 0.012425 ave total: 0.151326 icp: 0.113218 construct H: 0.001114 
[fastlio_mapping-2] [ mapping ]: time: IMU + Map + Input Downsample: 0.013440 ave match: 0.109285 ave solve: 0.003763  ave ICP: 0.116963  map incre: 0.011748 ave total: 0.151291 icp: 0.113231 construct H: 0.001114 
[fastlio_mapping-2] [ mapping ]: time: IMU + Map + Input Downsample: 0.017351 ave match: 0.109330 ave solve: 0.003762  ave ICP: 0.125147  map incre: 0.013712 ave total: 0.151310 icp: 0.113275 construct H: 0.001114 
[fastlio_mapping-2] [ mapping ]: time: IMU + Map + Input Downsample: 0.016956 ave match: 0.109379 ave solve: 0.003763  ave ICP: 0.126483  map incre: 0.015460 ave total: 0.151339 icp: 0.113324 construct H: 0.001114 
[fastlio_mapping-2] [ mapping ]: time: IMU + Map + Input Downsample: 0.014739 ave match: 0.109451 ave solve: 0.003762  ave ICP: 0.132719  map incre: 0.014957 ave total: 0.151380 icp: 0.113396 construct H: 0.001114 
[fastlio_mapping-2] [ mapping ]: time: IMU + Map + Input Downsample: 0.012874 ave match: 0.109512 ave solve: 0.003767  ave ICP: 0.131393  map incre: 0.013051 ave total: 0.151403 icp: 0.113463 construct H: 0.001115 
[fastlio_mapping-2] [ mapping ]: time: IMU + Map + Input Downsample: 0.015042 ave match: 0.109555 ave solve: 0.003767  ave ICP: 0.125270  map incre: 0.010755 ave total: 0.151401 icp: 0.113506 construct H: 0.001115 
[fastlio_mapping-2] [ mapping ]: time: IMU + Map + Input Downsample: 0.019088 ave match: 0.109601 ave solve: 0.003768  ave ICP: 0.126191  map incre: 0.013276 ave total: 0.151428 icp: 0.113552 construct H: 0.001115 
[fastlio_mapping-2] [ mapping ]: time: IMU + Map + Input Downsample: 0.018470 ave match: 0.109653 ave solve: 0.003769  ave ICP: 0.128184  map incre: 0.011214 ave total: 0.151452 icp: 0.113605 construct H: 0.001116 
[fastlio_mapping-2] [ mapping ]: time: IMU + Map + Input Downsample: 0.012291 ave match: 0.109672 ave solve: 0.003769  ave ICP: 0.118972  map incre: 0.009977 ave total: 0.151414 icp: 0.113624 construct H: 0.001116 
[fastlio_mapping-2] [ mapping ]: time: IMU + Map + Input Downsample: 0.016089 ave match: 0.109695 ave solve: 0.003770  ave ICP: 0.120335  map incre: 0.014218 ave total: 0.151411 icp: 0.113647 construct H: 0.001116 
[fastlio_mapping-2] [ mapping ]: time: IMU + Map + Input Downsample: 0.016256 ave match: 0.109739 ave solve: 0.003770  ave ICP: 0.126112  map incre: 0.010537 ave total: 0.151417 icp: 0.113692 construct H: 0.001116 
[fastlio_mapping-2] [ mapping ]: time: IMU + Map + Input Downsample: 0.021678 ave match: 0.109779 ave solve: 0.003771  ave ICP: 0.125336  map incre: 0.012449 ave total: 0.151446 icp: 0.113733 construct H: 0.001116 
[fastlio_mapping-2] [ mapping ]: time: IMU + Map + Input Downsample: 0.012421 ave match: 0.109793 ave solve: 0.003772  ave ICP: 0.118151  map incre: 0.012652 ave total: 0.151416 icp: 0.113748 construct H: 0.001116 
[fastlio_mapping-2] [ mapping ]: time: IMU + Map + Input Downsample: 0.012630 ave match: 0.109806 ave solve: 0.003772  ave ICP: 0.117833  map incre: 0.010870 ave total: 0.151380 icp: 0.113762 construct H: 0.001116 
[fastlio_mapping-2] [ mapping ]: time: IMU + Map + Input Downsample: 0.023727 ave match: 0.109891 ave solve: 0.003777  ave ICP: 0.139254  map incre: 0.013343 ave total: 0.151470 icp: 0.113851 construct H: 0.001117 
[fastlio_mapping-2] [ mapping ]: time: IMU + Map + Input Downsample: 0.012466 ave match: 0.109918 ave solve: 0.003777  ave ICP: 0.121823  map incre: 0.012838 ave total: 0.151454 icp: 0.113879 construct H: 0.001118 
[fastlio_mapping-2] [ mapping ]: time: IMU + Map + Input Downsample: 0.019350 ave match: 0.109958 ave solve: 0.003778  ave ICP: 0.125562  map incre: 0.011730 ave total: 0.151473 icp: 0.113920 construct H: 0.001118 
[fastlio_mapping-2] [ mapping ]: time: IMU + Map + Input Downsample: 0.013529 ave match: 0.110021 ave solve: 0.003780  ave ICP: 0.132736  map incre: 0.012286 ave total: 0.151498 icp: 0.113985 construct H: 0.001118 
[fastlio_mapping-2] [ mapping ]: time: IMU + Map + Input Downsample: 0.022392 ave match: 0.110113 ave solve: 0.003781  ave ICP: 0.140368  map incre: 0.014993 ave total: 0.151591 icp: 0.114078 construct H: 0.001118 
[fastlio_mapping-2] [ mapping ]: time: IMU + Map + Input Downsample: 0.015639 ave match: 0.110201 ave solve: 0.003782  ave ICP: 0.139553  map incre: 0.014098 ave total: 0.151654 icp: 0.114166 construct H: 0.001118 
[fastlio_mapping-2] [ mapping ]: time: IMU + Map + Input Downsample: 0.017529 ave match: 0.110235 ave solve: 0.003781  ave ICP: 0.123926  map incre: 0.023418 ave total: 0.151701 icp: 0.114200 construct H: 0.001118 
[fastlio_mapping-2] [ mapping ]: time: IMU + Map + Input Downsample: 0.024588 ave match: 0.110326 ave solve: 0.003781  ave ICP: 0.140483  map incre: 0.019136 ave total: 0.151815 icp: 0.114290 construct H: 0.001118 
[fastlio_mapping-2] [ mapping ]: time: IMU + Map + Input Downsample: 0.013815 ave match: 0.110402 ave solve: 0.003786  ave ICP: 0.137556  map incre: 0.022767 ave total: 0.151894 icp: 0.114371 construct H: 0.001119 
[fastlio_mapping-2] [ mapping ]: time: IMU + Map + Input Downsample: 0.024278 ave match: 0.110457 ave solve: 0.003786  ave ICP: 0.130650  map incre: 0.018489 ave total: 0.151969 icp: 0.114427 construct H: 0.001119 
[fastlio_mapping-2] [ mapping ]: time: IMU + Map + Input Downsample: 0.017554 ave match: 0.110497 ave solve: 0.003785  ave ICP: 0.126045  map incre: 0.022283 ave total: 0.152017 icp: 0.114466 construct H: 0.001119 
[fastlio_mapping-2] [ mapping ]: time: IMU + Map + Input Downsample: 0.018407 ave match: 0.110563 ave solve: 0.003784  ave ICP: 0.133353  map incre: 0.025410 ave total: 0.152105 icp: 0.114531 construct H: 0.001118 
[fastlio_mapping-2] [ mapping ]: time: IMU + Map + Input Downsample: 0.013100 ave match: 0.110582 ave solve: 0.003782  ave ICP: 0.119782  map incre: 0.022201 ave total: 0.152115 icp: 0.114548 construct H: 0.001118 
[fastlio_mapping-2] [ mapping ]: time: IMU + Map + Input Downsample: 0.012481 ave match: 0.110590 ave solve: 0.003782  ave ICP: 0.116791  map incre: 0.019438 ave total: 0.152103 icp: 0.114555 construct H: 0.001118 
[fastlio_mapping-2] [ mapping ]: time: IMU + Map + Input Downsample: 0.013437 ave match: 0.110601 ave solve: 0.003781  ave ICP: 0.118120  map incre: 0.020964 ave total: 0.152105 icp: 0.114566 construct H: 0.001118 
[fastlio_mapping-2] [ mapping ]: time: IMU + Map + Input Downsample: 0.021349 ave match: 0.110635 ave solve: 0.003779  ave ICP: 0.124125  map incre: 0.023014 ave total: 0.152161 icp: 0.114597 construct H: 0.001117 
[fastlio_mapping-2] [ mapping ]: time: IMU + Map + Input Downsample: 0.013924 ave match: 0.110643 ave solve: 0.003779  ave ICP: 0.117081  map incre: 0.022293 ave total: 0.152165 icp: 0.114605 construct H: 0.001117 
[fastlio_mapping-2] [ mapping ]: time: IMU + Map + Input Downsample: 0.014668 ave match: 0.110653 ave solve: 0.003779  ave ICP: 0.118121  map incre: 0.017293 ave total: 0.152158 icp: 0.114616 construct H: 0.001117 
[fastlio_mapping-2] [ mapping ]: time: IMU + Map + Input Downsample: 0.012871 ave match: 0.110656 ave solve: 0.003780  ave ICP: 0.115916  map incre: 0.016329 ave total: 0.152134 icp: 0.114620 construct H: 0.001117 
[fastlio_mapping-2] [ mapping ]: time: IMU + Map + Input Downsample: 0.014389 ave match: 0.110662 ave solve: 0.003781  ave ICP: 0.116685  map incre: 0.015987 ave total: 0.152117 icp: 0.114626 construct H: 0.001117 
[fastlio_mapping-2] [ mapping ]: time: IMU + Map + Input Downsample: 0.021065 ave match: 0.110681 ave solve: 0.003781  ave ICP: 0.121015  map incre: 0.016219 ave total: 0.152137 icp: 0.114646 construct H: 0.001117 
[fastlio_mapping-2] [ mapping ]: time: IMU + Map + Input Downsample: 0.016906 ave match: 0.110692 ave solve: 0.003782  ave ICP: 0.118156  map incre: 0.015548 ave total: 0.152132 icp: 0.114657 construct H: 0.001117 
[fastlio_mapping-2] [ mapping ]: time: IMU + Map + Input Downsample: 0.013458 ave match: 0.110697 ave solve: 0.003782  ave ICP: 0.116638  map incre: 0.015472 ave total: 0.152110 icp: 0.114663 construct H: 0.001118 
[fastlio_mapping-2] [ mapping ]: time: IMU + Map + Input Downsample: 0.019449 ave match: 0.110755 ave solve: 0.003784  ave ICP: 0.132757  map incre: 0.015118 ave total: 0.152161 icp: 0.114722 construct H: 0.001118 
[fastlio_mapping-2] [ mapping ]: time: IMU + Map + Input Downsample: 0.013777 ave match: 0.110781 ave solve: 0.003784  ave ICP: 0.122812  map incre: 0.011986 ave total: 0.152149 icp: 0.114748 construct H: 0.001118 
[fastlio_mapping-2] [ mapping ]: time: IMU + Map + Input Downsample: 0.022763 ave match: 0.110862 ave solve: 0.003786  ave ICP: 0.140541  map incre: 0.015519 ave total: 0.152237 icp: 0.114832 construct H: 0.001119 
[fastlio_mapping-2] [ mapping ]: time: IMU + Map + Input Downsample: 0.024219 ave match: 0.110919 ave solve: 0.003786  ave ICP: 0.132508  map incre: 0.014455 ave total: 0.152300 icp: 0.114889 construct H: 0.001119 
[fastlio_mapping-2] [ mapping ]: time: IMU + Map + Input Downsample: 0.019766 ave match: 0.110955 ave solve: 0.003787  ave ICP: 0.126286  map incre: 0.011380 ave total: 0.152317 icp: 0.114926 construct H: 0.001119 
[fastlio_mapping-2] [ mapping ]: time: IMU + Map + Input Downsample: 0.023103 ave match: 0.110986 ave solve: 0.003787  ave ICP: 0.124808  map incre: 0.011125 ave total: 0.152339 icp: 0.114957 construct H: 0.001119 
[fastlio_mapping-2] [ mapping ]: time: IMU + Map + Input Downsample: 0.020576 ave match: 0.111022 ave solve: 0.003788  ave ICP: 0.126622  map incre: 0.011135 ave total: 0.152359 icp: 0.114994 construct H: 0.001119 
[fastlio_mapping-2] [ mapping ]: time: IMU + Map + Input Downsample: 0.020429 ave match: 0.111067 ave solve: 0.003788  ave ICP: 0.129239  map incre: 0.013463 ave total: 0.152394 icp: 0.115039 construct H: 0.001119 
[fastlio_mapping-2] [ mapping ]: time: IMU + Map + Input Downsample: 0.012432 ave match: 0.111084 ave solve: 0.003789  ave ICP: 0.120744  map incre: 0.016244 ave total: 0.152384 icp: 0.115057 construct H: 0.001119 
[fastlio_mapping-2] [ mapping ]: time: IMU + Map + Input Downsample: 0.015752 ave match: 0.111099 ave solve: 0.003789  ave ICP: 0.119996  map incre: 0.011729 ave total: 0.152368 icp: 0.115072 construct H: 0.001120 
[fastlio_mapping-2] [ mapping ]: time: IMU + Map + Input Downsample: 0.027306 ave match: 0.111183 ave solve: 0.003791  ave ICP: 0.142109  map incre: 0.015083 ave total: 0.152472 icp: 0.115158 construct H: 0.001120 
[fastlio_mapping-2] [ mapping ]: time: IMU + Map + Input Downsample: 0.018992 ave match: 0.111260 ave solve: 0.003792  ave ICP: 0.139908  map incre: 0.013801 ave total: 0.152537 icp: 0.115236 construct H: 0.001120 
[fastlio_mapping-2] [ mapping ]: time: IMU + Map + Input Downsample: 0.020438 ave match: 0.111340 ave solve: 0.003794  ave ICP: 0.141025  map incre: 0.019264 ave total: 0.152627 icp: 0.115318 construct H: 0.001120 
[fastlio_mapping-2] [ mapping ]: time: IMU + Map + Input Downsample: 0.014511 ave match: 0.111398 ave solve: 0.003797  ave ICP: 0.134810  map incre: 0.017219 ave total: 0.152672 icp: 0.115379 construct H: 0.001122 
[fastlio_mapping-2] [ mapping ]: time: IMU + Map + Input Downsample: 0.022067 ave match: 0.111444 ave solve: 0.003797  ave ICP: 0.130565  map incre: 0.013663 ave total: 0.152715 icp: 0.115426 construct H: 0.001122 
[fastlio_mapping-2] [ mapping ]: time: IMU + Map + Input Downsample: 0.012563 ave match: 0.111453 ave solve: 0.003798  ave ICP: 0.118613  map incre: 0.015838 ave total: 0.152697 icp: 0.115435 construct H: 0.001122 
[fastlio_mapping-2] [ mapping ]: time: IMU + Map + Input Downsample: 0.014759 ave match: 0.111458 ave solve: 0.003798  ave ICP: 0.117564  map incre: 0.011171 ave total: 0.152668 icp: 0.115441 construct H: 0.001122 
[fastlio_mapping-2] [ mapping ]: time: IMU + Map + Input Downsample: 0.014798 ave match: 0.111476 ave solve: 0.003798  ave ICP: 0.121462  map incre: 0.009044 ave total: 0.152644 icp: 0.115459 construct H: 0.001122 
[fastlio_mapping-2] [ mapping ]: time: IMU + Map + Input Downsample: 0.025899 ave match: 0.111544 ave solve: 0.003799  ave ICP: 0.137446  map incre: 0.014460 ave total: 0.152724 icp: 0.115527 construct H: 0.001122 
[fastlio_mapping-2] [ mapping ]: time: IMU + Map + Input Downsample: 0.016687 ave match: 0.111587 ave solve: 0.003799  ave ICP: 0.129852  map incre: 0.016604 ave total: 0.152756 icp: 0.115571 construct H: 0.001122 
[fastlio_mapping-2] [ mapping ]: time: IMU + Map + Input Downsample: 0.012491 ave match: 0.111600 ave solve: 0.003800  ave ICP: 0.120327  map incre: 0.012214 ave total: 0.152732 icp: 0.115584 construct H: 0.001122 
[fastlio_mapping-2] [ mapping ]: time: IMU + Map + Input Downsample: 0.018091 ave match: 0.111652 ave solve: 0.003801  ave ICP: 0.132903  map incre: 0.014875 ave total: 0.152773 icp: 0.115637 construct H: 0.001122 
[fastlio_mapping-2] [ mapping ]: time: IMU + Map + Input Downsample: 0.025063 ave match: 0.111729 ave solve: 0.003803  ave ICP: 0.141386  map incre: 0.018266 ave total: 0.152872 icp: 0.115716 construct H: 0.001123 
[fastlio_mapping-2] [ mapping ]: time: IMU + Map + Input Downsample: 0.015172 ave match: 0.111787 ave solve: 0.003806  ave ICP: 0.135975  map incre: 0.011461 ave total: 0.152902 icp: 0.115778 construct H: 0.001124 
[fastlio_mapping-2] [ mapping ]: time: IMU + Map + Input Downsample: 0.020623 ave match: 0.111831 ave solve: 0.003807  ave ICP: 0.130553  map incre: 0.012182 ave total: 0.152935 icp: 0.115823 construct H: 0.001124 
[fastlio_mapping-2] [ mapping ]: time: IMU + Map + Input Downsample: 0.023385 ave match: 0.111901 ave solve: 0.003807  ave ICP: 0.139159  map incre: 0.015056 ave total: 0.153011 icp: 0.115893 construct H: 0.001124 
[fastlio_mapping-2] [ mapping ]: time: IMU + Map + Input Downsample: 0.012350 ave match: 0.111914 ave solve: 0.003808  ave ICP: 0.120454  map incre: 0.011633 ave total: 0.152984 icp: 0.115907 construct H: 0.001124 
[fastlio_mapping-2] [ mapping ]: time: IMU + Map + Input Downsample: 0.021688 ave match: 0.111936 ave solve: 0.003808  ave ICP: 0.123451  map incre: 0.013175 ave total: 0.153001 icp: 0.115929 construct H: 0.001124 
[fastlio_mapping-2] [ mapping ]: time: IMU + Map + Input Downsample: 0.012919 ave match: 0.111951 ave solve: 0.003809  ave ICP: 0.121397  map incre: 0.015327 ave total: 0.152990 icp: 0.115945 construct H: 0.001124 
[fastlio_mapping-2] [ mapping ]: time: IMU + Map + Input Downsample: 0.013665 ave match: 0.111971 ave solve: 0.003809  ave ICP: 0.122967  map incre: 0.013967 ave total: 0.152983 icp: 0.115965 construct H: 0.001124 
[fastlio_mapping-2] [ mapping ]: time: IMU + Map + Input Downsample: 0.012985 ave match: 0.111989 ave solve: 0.003810  ave ICP: 0.122380  map incre: 0.016828 ave total: 0.152981 icp: 0.115984 construct H: 0.001124 
[fastlio_mapping-2] [ mapping ]: time: IMU + Map + Input Downsample: 0.015230 ave match: 0.112005 ave solve: 0.003811  ave ICP: 0.121824  map incre: 0.012314 ave total: 0.152970 icp: 0.116001 construct H: 0.001124 
[fastlio_mapping-2] [ mapping ]: time: IMU + Map + Input Downsample: 0.021314 ave match: 0.112044 ave solve: 0.003811  ave ICP: 0.129508  map incre: 0.014283 ave total: 0.153006 icp: 0.116040 construct H: 0.001124 
[fastlio_mapping-2] [ mapping ]: time: IMU + Map + Input Downsample: 0.023514 ave match: 0.112128 ave solve: 0.003812  ave ICP: 0.144745  map incre: 0.013421 ave total: 0.153092 icp: 0.116125 construct H: 0.001125 
[fastlio_mapping-2] [ mapping ]: time: IMU + Map + Input Downsample: 0.013340 ave match: 0.112185 ave solve: 0.003814  ave ICP: 0.136282  map incre: 0.011491 ave total: 0.153116 icp: 0.116185 construct H: 0.001125 
[fastlio_mapping-2] [ mapping ]: time: IMU + Map + Input Downsample: 0.012456 ave match: 0.112201 ave solve: 0.003814  ave ICP: 0.121716  map incre: 0.013610 ave total: 0.153101 icp: 0.116200 construct H: 0.001125 
[fastlio_mapping-2] [ mapping ]: time: IMU + Map + Input Downsample: 0.012470 ave match: 0.112211 ave solve: 0.003815  ave ICP: 0.119990  map incre: 0.012297 ave total: 0.153076 icp: 0.116211 construct H: 0.001125 
[fastlio_mapping-2] [ mapping ]: time: IMU + Map + Input Downsample: 0.017129 ave match: 0.112232 ave solve: 0.003815  ave ICP: 0.123943  map incre: 0.011767 ave total: 0.153075 icp: 0.116233 construct H: 0.001125 
[fastlio_mapping-2] [ mapping ]: time: IMU + Map + Input Downsample: 0.014908 ave match: 0.112258 ave solve: 0.003816  ave ICP: 0.125494  map incre: 0.013534 ave total: 0.153078 icp: 0.116260 construct H: 0.001125 
[fastlio_mapping-2] [ mapping ]: time: IMU + Map + Input Downsample: 0.015886 ave match: 0.112278 ave solve: 0.003816  ave ICP: 0.123398  map incre: 0.014277 ave total: 0.153079 icp: 0.116280 construct H: 0.001125 
[fastlio_mapping-2] [ mapping ]: time: IMU + Map + Input Downsample: 0.012823 ave match: 0.112303 ave solve: 0.003816  ave ICP: 0.124895  map incre: 0.013993 ave total: 0.153075 icp: 0.116304 construct H: 0.001125 
[fastlio_mapping-2] [ mapping ]: time: IMU + Map + Input Downsample: 0.014991 ave match: 0.112334 ave solve: 0.003815  ave ICP: 0.126816  map incre: 0.025375 ave total: 0.153116 icp: 0.116334 construct H: 0.001125 
[fastlio_mapping-2] [ mapping ]: time: IMU + Map + Input Downsample: 0.020107 ave match: 0.112371 ave solve: 0.003815  ave ICP: 0.129113  map incre: 0.018884 ave total: 0.153160 icp: 0.116371 construct H: 0.001125 
[fastlio_mapping-2] [ mapping ]: time: IMU + Map + Input Downsample: 0.019348 ave match: 0.112419 ave solve: 0.003814  ave ICP: 0.132805  map incre: 0.022883 ave total: 0.153224 icp: 0.116418 construct H: 0.001125 
[fastlio_mapping-2] [ mapping ]: time: IMU + Map + Input Downsample: 0.015099 ave match: 0.112478 ave solve: 0.003812  ave ICP: 0.136136  map incre: 0.023347 ave total: 0.153286 icp: 0.116474 construct H: 0.001124 
[fastlio_mapping-2] [ mapping ]: time: IMU + Map + Input Downsample: 0.014019 ave match: 0.112519 ave solve: 0.003811  ave ICP: 0.130589  map incre: 0.023659 ave total: 0.153329 icp: 0.116514 construct H: 0.001124 
[fastlio_mapping-2] [ mapping ]: time: IMU + Map + Input Downsample: 0.013639 ave match: 0.112551 ave solve: 0.003809  ave ICP: 0.127136  map incre: 0.022787 ave total: 0.153359 icp: 0.116544 construct H: 0.001123 
[fastlio_mapping-2] [ mapping ]: time: IMU + Map + Input Downsample: 0.012364 ave match: 0.112583 ave solve: 0.003807  ave ICP: 0.127565  map incre: 0.024439 ave total: 0.153391 icp: 0.116575 construct H: 0.001123 
[fastlio_mapping-2] [ mapping ]: time: IMU + Map + Input Downsample: 0.012239 ave match: 0.112608 ave solve: 0.003806  ave ICP: 0.124921  map incre: 0.026689 ave total: 0.153421 icp: 0.116598 construct H: 0.001122 
[fastlio_mapping-2] [ mapping ]: time: IMU + Map + Input Downsample: 0.012102 ave match: 0.112632 ave solve: 0.003805  ave ICP: 0.124952  map incre: 0.017656 ave total: 0.153424 icp: 0.116622 construct H: 0.001122 
[fastlio_mapping-2] [ mapping ]: time: IMU + Map + Input Downsample: 0.015419 ave match: 0.112659 ave solve: 0.003806  ave ICP: 0.126675  map incre: 0.019951 ave total: 0.153449 icp: 0.116649 construct H: 0.001122 
[fastlio_mapping-2] [ mapping ]: time: IMU + Map + Input Downsample: 0.020930 ave match: 0.112715 ave solve: 0.003806  ave ICP: 0.136539  map incre: 0.016136 ave total: 0.153507 icp: 0.116705 construct H: 0.001122 
[fastlio_mapping-2] [ mapping ]: time: IMU + Map + Input Downsample: 0.021560 ave match: 0.112755 ave solve: 0.003806  ave ICP: 0.131013  map incre: 0.014853 ave total: 0.153546 icp: 0.116745 construct H: 0.001122 
[fastlio_mapping-2] [ mapping ]: time: IMU + Map + Input Downsample: 0.013353 ave match: 0.112781 ave solve: 0.003805  ave ICP: 0.126076  map incre: 0.011453 ave total: 0.153539 icp: 0.116771 construct H: 0.001122 
[fastlio_mapping-2] [ mapping ]: time: IMU + Map + Input Downsample: 0.012547 ave match: 0.112803 ave solve: 0.003805  ave ICP: 0.124939  map incre: 0.012905 ave total: 0.153530 icp: 0.116793 construct H: 0.001122 
[fastlio_mapping-2] [ mapping ]: time: IMU + Map + Input Downsample: 0.017435 ave match: 0.112830 ave solve: 0.003805  ave ICP: 0.126558  map incre: 0.015942 ave total: 0.153548 icp: 0.116819 construct H: 0.001122 
[fastlio_mapping-2] [ mapping ]: time: IMU + Map + Input Downsample: 0.020377 ave match: 0.112860 ave solve: 0.003806  ave ICP: 0.128187  map incre: 0.015061 ave total: 0.153576 icp: 0.116851 construct H: 0.001122 
[fastlio_mapping-2] [ mapping ]: time: IMU + Map + Input Downsample: 0.020830 ave match: 0.112906 ave solve: 0.003806  ave ICP: 0.133491  map incre: 0.015513 ave total: 0.153622 icp: 0.116896 construct H: 0.001122 
[fastlio_mapping-2] [ mapping ]: time: IMU + Map + Input Downsample: 0.020493 ave match: 0.112956 ave solve: 0.003805  ave ICP: 0.135062  map incre: 0.013782 ave total: 0.153665 icp: 0.116946 construct H: 0.001122 
[fastlio_mapping-2] [ mapping ]: time: IMU + Map + Input Downsample: 0.019496 ave match: 0.112998 ave solve: 0.003805  ave ICP: 0.132190  map incre: 0.013591 ave total: 0.153698 icp: 0.116988 construct H: 0.001122 
[fastlio_mapping-2] [ mapping ]: time: IMU + Map + Input Downsample: 0.021321 ave match: 0.113037 ave solve: 0.003805  ave ICP: 0.131169  map incre: 0.015040 ave total: 0.153736 icp: 0.117026 construct H: 0.001122 
[fastlio_mapping-2] [ mapping ]: time: IMU + Map + Input Downsample: 0.022947 ave match: 0.113110 ave solve: 0.003807  ave ICP: 0.144695  map incre: 0.017657 ave total: 0.153824 icp: 0.117102 construct H: 0.001123 
[fastlio_mapping-2] [ mapping ]: time: IMU + Map + Input Downsample: 0.012174 ave match: 0.113127 ave solve: 0.003808  ave ICP: 0.123855  map incre: 0.016299 ave total: 0.153819 icp: 0.117120 construct H: 0.001123 
[fastlio_mapping-2] [ mapping ]: time: IMU + Map + Input Downsample: 0.012296 ave match: 0.113140 ave solve: 0.003807  ave ICP: 0.121872  map incre: 0.017136 ave total: 0.153813 icp: 0.117132 construct H: 0.001123 
[fastlio_mapping-2] [ mapping ]: time: IMU + Map + Input Downsample: 0.012373 ave match: 0.113152 ave solve: 0.003807  ave ICP: 0.121871  map incre: 0.016412 ave total: 0.153804 icp: 0.117144 construct H: 0.001123 
[fastlio_mapping-2] [ mapping ]: time: IMU + Map + Input Downsample: 0.018461 ave match: 0.113180 ave solve: 0.003807  ave ICP: 0.127599  map incre: 0.014146 ave total: 0.153821 icp: 0.117172 construct H: 0.001123 
[fastlio_mapping-2] [ mapping ]: time: IMU + Map + Input Downsample: 0.022477 ave match: 0.113272 ave solve: 0.003807  ave ICP: 0.151005  map incre: 0.026647 ave total: 0.153948 icp: 0.117264 construct H: 0.001122 
[fastlio_mapping-2] [ mapping ]: time: IMU + Map + Input Downsample: 0.018618 ave match: 0.113330 ave solve: 0.003805  ave ICP: 0.138308  map incre: 0.024900 ave total: 0.154024 icp: 0.117320 construct H: 0.001122 
[fastlio_mapping-2] [ mapping ]: time: IMU + Map + Input Downsample: 0.013328 ave match: 0.113358 ave solve: 0.003805  ave ICP: 0.127706  map incre: 0.020899 ave total: 0.154045 icp: 0.117348 construct H: 0.001122 
[fastlio_mapping-2] [ mapping ]: time: IMU + Map + Input Downsample: 0.019419 ave match: 0.113440 ave solve: 0.003806  ave ICP: 0.148260  map incre: 0.022356 ave total: 0.154143 icp: 0.117431 construct H: 0.001122 
[fastlio_mapping-2] [ mapping ]: time: IMU + Map + Input Downsample: 0.013400 ave match: 0.113495 ave solve: 0.003809  ave ICP: 0.139270  map incre: 0.031992 ave total: 0.154225 icp: 0.117489 construct H: 0.001122 
[fastlio_mapping-2] [ mapping ]: time: IMU + Map + Input Downsample: 0.013563 ave match: 0.113551 ave solve: 0.003808  ave ICP: 0.138274  map incre: 0.026619 ave total: 0.154291 icp: 0.117544 construct H: 0.001122 
[fastlio_mapping-2] [ mapping ]: time: IMU + Map + Input Downsample: 0.012771 ave match: 0.113579 ave solve: 0.003807  ave ICP: 0.128040  map incre: 0.024535 ave total: 0.154320 icp: 0.117572 construct H: 0.001122 
[fastlio_mapping-2] [ mapping ]: time: IMU + Map + Input Downsample: 0.013079 ave match: 0.113612 ave solve: 0.003806  ave ICP: 0.129654  map incre: 0.020951 ave total: 0.154346 icp: 0.117603 construct H: 0.001121 
[fastlio_mapping-2] [ mapping ]: time: IMU + Map + Input Downsample: 0.012646 ave match: 0.113638 ave solve: 0.003805  ave ICP: 0.127402  map incre: 0.026600 ave total: 0.154378 icp: 0.117629 construct H: 0.001121 
[fastlio_mapping-2] [ mapping ]: time: IMU + Map + Input Downsample: 0.008422 ave match: 0.113666 ave solve: 0.003804  ave ICP: 0.127852  map incre: 0.026865 ave total: 0.154402 icp: 0.117655 construct H: 0.001121 
[fastlio_mapping-2] [ mapping ]: time: IMU + Map + Input Downsample: 0.012392 ave match: 0.113695 ave solve: 0.003803  ave ICP: 0.128304  map incre: 0.026838 ave total: 0.154437 icp: 0.117683 construct H: 0.001120 
[fastlio_mapping-2] [ mapping ]: time: IMU + Map + Input Downsample: 0.016323 ave match: 0.113732 ave solve: 0.003801  ave ICP: 0.131223  map incre: 0.025803 ave total: 0.154487 icp: 0.117718 construct H: 0.001120 
[fastlio_mapping-2] [ mapping ]: time: IMU + Map + Input Downsample: 0.019501 ave match: 0.113797 ave solve: 0.003801  ave ICP: 0.142972  map incre: 0.030194 ave total: 0.154588 icp: 0.117783 construct H: 0.001120 
[fastlio_mapping-2] [ mapping ]: time: IMU + Map + Input Downsample: 0.013302 ave match: 0.113852 ave solve: 0.003800  ave ICP: 0.138224  map incre: 0.031925 ave total: 0.154664 icp: 0.117837 construct H: 0.001119 
[fastlio_mapping-2] [ mapping ]: time: IMU + Map + Input Downsample: 0.006048 ave match: 0.113902 ave solve: 0.003801  ave ICP: 0.137682  map incre: 0.034493 ave total: 0.154726 icp: 0.117888 construct H: 0.001120 
[fastlio_mapping-2] [ mapping ]: time: IMU + Map + Input Downsample: 0.013052 ave match: 0.113934 ave solve: 0.003801  ave ICP: 0.130372  map incre: 0.024235 ave total: 0.154760 icp: 0.117920 construct H: 0.001120 
[fastlio_mapping-2] [ mapping ]: time: IMU + Map + Input Downsample: 0.012442 ave match: 0.113958 ave solve: 0.003801  ave ICP: 0.127616  map incre: 0.020532 ave total: 0.154775 icp: 0.117945 construct H: 0.001120 
[fastlio_mapping-2] [ mapping ]: time: IMU + Map + Input Downsample: 0.020797 ave match: 0.114000 ave solve: 0.003800  ave ICP: 0.133584  map incre: 0.020044 ave total: 0.154827 icp: 0.117985 construct H: 0.001120 
[fastlio_mapping-2] [ mapping ]: time: IMU + Map + Input Downsample: 0.012167 ave match: 0.114013 ave solve: 0.003800  ave ICP: 0.123633  map incre: 0.017873 ave total: 0.154824 icp: 0.117998 construct H: 0.001120 
[fastlio_mapping-2] [ mapping ]: time: IMU + Map + Input Downsample: 0.016619 ave match: 0.114034 ave solve: 0.003801  ave ICP: 0.126575  map incre: 0.015720 ave total: 0.154834 icp: 0.118020 construct H: 0.001120 
[fastlio_mapping-2] [ mapping ]: time: IMU + Map + Input Downsample: 0.012494 ave match: 0.114051 ave solve: 0.003801  ave ICP: 0.124824  map incre: 0.017570 ave total: 0.154834 icp: 0.118037 construct H: 0.001120 
[fastlio_mapping-2] [ mapping ]: time: IMU + Map + Input Downsample: 0.016209 ave match: 0.114108 ave solve: 0.003803  ave ICP: 0.141336  map incre: 0.017838 ave total: 0.154887 icp: 0.118096 construct H: 0.001121 
[fastlio_mapping-2] [ mapping ]: time: IMU + Map + Input Downsample: 0.020161 ave match: 0.114140 ave solve: 0.003803  ave ICP: 0.131013  map incre: 0.015847 ave total: 0.154919 icp: 0.118129 construct H: 0.001121 
[fastlio_mapping-2] [ mapping ]: time: IMU + Map + Input Downsample: 0.023090 ave match: 0.114173 ave solve: 0.003804  ave ICP: 0.131400  map incre: 0.015828 ave total: 0.154958 icp: 0.118162 construct H: 0.001121 
[fastlio_mapping-2] [ mapping ]: time: IMU + Map + Input Downsample: 0.019695 ave match: 0.114204 ave solve: 0.003804  ave ICP: 0.130711  map incre: 0.014769 ave total: 0.154984 icp: 0.118193 construct H: 0.001121 
[fastlio_mapping-2] [ mapping ]: time: IMU + Map + Input Downsample: 0.020419 ave match: 0.114256 ave solve: 0.003804  ave ICP: 0.138948  map incre: 0.027411 ave total: 0.155066 icp: 0.118246 construct H: 0.001121 
[fastlio_mapping-2] [ mapping ]: time: IMU + Map + Input Downsample: 0.012670 ave match: 0.114286 ave solve: 0.003804  ave ICP: 0.129925  map incre: 0.026682 ave total: 0.155102 icp: 0.118275 construct H: 0.001121 
[fastlio_mapping-2] [ mapping ]: time: IMU + Map + Input Downsample: 0.014391 ave match: 0.114319 ave solve: 0.003803  ave ICP: 0.131253  map incre: 0.025252 ave total: 0.155142 icp: 0.118307 construct H: 0.001121 
[fastlio_mapping-2] [ mapping ]: time: IMU + Map + Input Downsample: 0.014601 ave match: 0.114356 ave solve: 0.003803  ave ICP: 0.133247  map incre: 0.028734 ave total: 0.155197 icp: 0.118344 construct H: 0.001121 
[fastlio_mapping-2] [ mapping ]: time: IMU + Map + Input Downsample: 0.014475 ave match: 0.114397 ave solve: 0.003803  ave ICP: 0.134780  map incre: 0.022688 ave total: 0.155239 icp: 0.118385 construct H: 0.001121 
[fastlio_mapping-2] [ mapping ]: time: IMU + Map + Input Downsample: 0.012419 ave match: 0.114434 ave solve: 0.003801  ave ICP: 0.132247  map incre: 0.022696 ave total: 0.155270 icp: 0.118419 construct H: 0.001120 
[fastlio_mapping-2] [ mapping ]: time: IMU + Map + Input Downsample: 0.006454 ave match: 0.114465 ave solve: 0.003800  ave ICP: 0.130955  map incre: 0.017938 ave total: 0.155270 icp: 0.118450 construct H: 0.001120 
[fastlio_mapping-2] [ mapping ]: time: IMU + Map + Input Downsample: 0.014485 ave match: 0.114493 ave solve: 0.003800  ave ICP: 0.130169  map incre: 0.017142 ave total: 0.155286 icp: 0.118479 construct H: 0.001120 
[fastlio_mapping-2] [ mapping ]: time: IMU + Map + Input Downsample: 0.012567 ave match: 0.114521 ave solve: 0.003801  ave ICP: 0.129916  map incre: 0.016986 ave total: 0.155297 icp: 0.118507 construct H: 0.001120 
[fastlio_mapping-2] [ mapping ]: time: IMU + Map + Input Downsample: 0.023305 ave match: 0.114575 ave solve: 0.003801  ave ICP: 0.140656  map incre: 0.019729 ave total: 0.155368 icp: 0.118561 construct H: 0.001121 
[fastlio_mapping-2] [ mapping ]: time: IMU + Map + Input Downsample: 0.023298 ave match: 0.114628 ave solve: 0.003802  ave ICP: 0.140298  map incre: 0.014059 ave total: 0.155423 icp: 0.118615 construct H: 0.001121 
[fastlio_mapping-2] [ mapping ]: time: IMU + Map + Input Downsample: 0.013305 ave match: 0.114653 ave solve: 0.003802  ave ICP: 0.129275  map incre: 0.016177 ave total: 0.155432 icp: 0.118641 construct H: 0.001121 
[fastlio_mapping-2] [ mapping ]: time: IMU + Map + Input Downsample: 0.022101 ave match: 0.114691 ave solve: 0.003803  ave ICP: 0.134497  map incre: 0.012400 ave total: 0.155465 icp: 0.118679 construct H: 0.001121 
[fastlio_mapping-2] [ mapping ]: time: IMU + Map + Input Downsample: 0.014777 ave match: 0.114730 ave solve: 0.003803  ave ICP: 0.134701  map incre: 0.013833 ave total: 0.155485 icp: 0.118718 construct H: 0.001121 
[fastlio_mapping-2] [ mapping ]: time: IMU + Map + Input Downsample: 0.013156 ave match: 0.114759 ave solve: 0.003804  ave ICP: 0.130973  map incre: 0.014481 ave total: 0.155492 icp: 0.118748 construct H: 0.001121 
[fastlio_mapping-2] [ mapping ]: time: IMU + Map + Input Downsample: 0.016401 ave match: 0.114795 ave solve: 0.003804  ave ICP: 0.134049  map incre: 0.013271 ave total: 0.155513 icp: 0.118785 construct H: 0.001122 
[fastlio_mapping-2] [ mapping ]: time: IMU + Map + Input Downsample: 0.013253 ave match: 0.114827 ave solve: 0.003804  ave ICP: 0.132020  map incre: 0.014477 ave total: 0.155523 icp: 0.118816 construct H: 0.001121 
[fastlio_mapping-2] [ mapping ]: time: IMU + Map + Input Downsample: 0.020035 ave match: 0.114869 ave solve: 0.003805  ave ICP: 0.136688  map incre: 0.015187 ave total: 0.155563 icp: 0.118860 construct H: 0.001122 
[fastlio_mapping-2] [ mapping ]: time: IMU + Map + Input Downsample: 0.015166 ave match: 0.114903 ave solve: 0.003806  ave ICP: 0.133368  map incre: 0.014838 ave total: 0.155582 icp: 0.118894 construct H: 0.001122 
[fastlio_mapping-2] [ mapping ]: time: IMU + Map + Input Downsample: 0.021126 ave match: 0.114957 ave solve: 0.003806  ave ICP: 0.141225  map incre: 0.016700 ave total: 0.155640 icp: 0.118948 construct H: 0.001122 
[fastlio_mapping-2] [ mapping ]: time: IMU + Map + Input Downsample: 0.014111 ave match: 0.114993 ave solve: 0.003807  ave ICP: 0.134540  map incre: 0.013310 ave total: 0.155655 icp: 0.118985 construct H: 0.001122 
[fastlio_mapping-2] [ mapping ]: time: IMU + Map + Input Downsample: 0.019815 ave match: 0.115030 ave solve: 0.003807  ave ICP: 0.134885  map incre: 0.011921 ave total: 0.155682 icp: 0.119023 construct H: 0.001122 
[fastlio_mapping-2] [ mapping ]: time: IMU + Map + Input Downsample: 0.018998 ave match: 0.115063 ave solve: 0.003808  ave ICP: 0.133404  map incre: 0.011990 ave total: 0.155703 icp: 0.119057 construct H: 0.001123 
[fastlio_mapping-2] [ mapping ]: time: IMU + Map + Input Downsample: 0.013287 ave match: 0.115111 ave solve: 0.003809  ave ICP: 0.139549  map incre: 0.013103 ave total: 0.155727 icp: 0.119106 construct H: 0.001123 
[fastlio_mapping-2] [ mapping ]: time: IMU + Map + Input Downsample: 0.013025 ave match: 0.115142 ave solve: 0.003810  ave ICP: 0.132404  map incre: 0.012595 ave total: 0.155733 icp: 0.119137 construct H: 0.001123 
[fastlio_mapping-2] [ mapping ]: time: IMU + Map + Input Downsample: 0.024639 ave match: 0.115261 ave solve: 0.003811  ave ICP: 0.169399  map incre: 0.016711 ave total: 0.155865 icp: 0.119257 construct H: 0.001123 
[fastlio_mapping-2] [ mapping ]: time: IMU + Map + Input Downsample: 0.015132 ave match: 0.115302 ave solve: 0.003811  ave ICP: 0.136866  map incre: 0.012444 ave total: 0.155886 icp: 0.119299 construct H: 0.001123 
[fastlio_mapping-2] [ mapping ]: time: IMU + Map + Input Downsample: 0.012720 ave match: 0.115338 ave solve: 0.003812  ave ICP: 0.135054  map incre: 0.013646 ave total: 0.155899 icp: 0.119336 construct H: 0.001124 
[fastlio_mapping-2] [ mapping ]: time: IMU + Map + Input Downsample: 0.020886 ave match: 0.115399 ave solve: 0.003813  ave ICP: 0.145476  map incre: 0.013634 ave total: 0.155956 icp: 0.119397 construct H: 0.001124 
[fastlio_mapping-2] [ mapping ]: time: IMU + Map + Input Downsample: 0.014148 ave match: 0.115429 ave solve: 0.003813  ave ICP: 0.132422  map incre: 0.019860 ave total: 0.155981 icp: 0.119428 construct H: 0.001124 
[fastlio_mapping-2] [ mapping ]: time: IMU + Map + Input Downsample: 0.012676 ave match: 0.115491 ave solve: 0.003815  ave ICP: 0.146390  map incre: 0.014182 ave total: 0.156022 icp: 0.119491 construct H: 0.001124 
[fastlio_mapping-2] [ mapping ]: time: IMU + Map + Input Downsample: 0.016683 ave match: 0.115551 ave solve: 0.003815  ave ICP: 0.145437  map incre: 0.014381 ave total: 0.156071 icp: 0.119552 construct H: 0.001125 
[fastlio_mapping-2] [ mapping ]: time: IMU + Map + Input Downsample: 0.012579 ave match: 0.115590 ave solve: 0.003816  ave ICP: 0.136741  map incre: 0.008981 ave total: 0.156076 icp: 0.119592 construct H: 0.001125 
[fastlio_mapping-2] [ mapping ]: time: IMU + Map + Input Downsample: 0.012891 ave match: 0.115624 ave solve: 0.003817  ave ICP: 0.134590  map incre: 0.008902 ave total: 0.156077 icp: 0.119627 construct H: 0.001125 
[fastlio_mapping-2] [ mapping ]: time: IMU + Map + Input Downsample: 0.012694 ave match: 0.115660 ave solve: 0.003817  ave ICP: 0.135441  map incre: 0.015529 ave total: 0.156095 icp: 0.119663 construct H: 0.001125 
[fastlio_mapping-2] [ mapping ]: time: IMU + Map + Input Downsample: 0.012906 ave match: 0.115699 ave solve: 0.003818  ave ICP: 0.136952  map incre: 0.014633 ave total: 0.156115 icp: 0.119703 construct H: 0.001125 
[fastlio_mapping-2] [ mapping ]: time: IMU + Map + Input Downsample: 0.012637 ave match: 0.115741 ave solve: 0.003818  ave ICP: 0.137849  map incre: 0.015903 ave total: 0.156139 icp: 0.119745 construct H: 0.001125 
[fastlio_mapping-2] [ mapping ]: time: IMU + Map + Input Downsample: 0.012828 ave match: 0.115781 ave solve: 0.003816  ave ICP: 0.136033  map incre: 0.016274 ave total: 0.156160 icp: 0.119783 construct H: 0.001125 
[fastlio_mapping-2] [ mapping ]: time: IMU + Map + Input Downsample: 0.013300 ave match: 0.115815 ave solve: 0.003815  ave ICP: 0.134486  map incre: 0.021192 ave total: 0.156189 icp: 0.119816 construct H: 0.001124 
[fastlio_mapping-2] [ mapping ]: time: IMU + Map + Input Downsample: 0.016640 ave match: 0.115851 ave solve: 0.003812  ave ICP: 0.134169  map incre: 0.033331 ave total: 0.156254 icp: 0.119849 construct H: 0.001123 
[fastlio_mapping-2] [ mapping ]: time: IMU + Map + Input Downsample: 0.012909 ave match: 0.115867 ave solve: 0.003809  ave ICP: 0.125812  map incre: 0.029549 ave total: 0.156282 icp: 0.119862 construct H: 0.001123 
[fastlio_mapping-2] [ mapping ]: time: IMU + Map + Input Downsample: 0.021072 ave match: 0.115900 ave solve: 0.003805  ave ICP: 0.132673  map incre: 0.029903 ave total: 0.156346 icp: 0.119891 construct H: 0.001121 
[fastlio_mapping-2] [ mapping ]: time: IMU + Map + Input Downsample: 0.023286 ave match: 0.115936 ave solve: 0.003801  ave ICP: 0.133767  map incre: 0.024640 ave total: 0.156404 icp: 0.119922 construct H: 0.001120 
[fastlio_mapping-2] [ mapping ]: time: IMU + Map + Input Downsample: 0.022703 ave match: 0.115978 ave solve: 0.003798  ave ICP: 0.137166  map incre: 0.020703 ave total: 0.156460 icp: 0.119961 construct H: 0.001119 
[fastlio_mapping-2] [ mapping ]: time: IMU + Map + Input Downsample: 0.013612 ave match: 0.115997 ave solve: 0.003795  ave ICP: 0.126994  map incre: 0.016431 ave total: 0.156461 icp: 0.119977 construct H: 0.001118 
[fastlio_mapping-2] [ mapping ]: time: IMU + Map + Input Downsample: 0.020514 ave match: 0.116023 ave solve: 0.003792  ave ICP: 0.130024  map incre: 0.017442 ave total: 0.156488 icp: 0.119999 construct H: 0.001117 
[fastlio_mapping-2] [ mapping ]: time: IMU + Map + Input Downsample: 0.020386 ave match: 0.116100 ave solve: 0.003792  ave ICP: 0.154226  map incre: 0.025091 ave total: 0.156587 icp: 0.120077 construct H: 0.001117 
[fastlio_mapping-2] [ mapping ]: time: IMU + Map + Input Downsample: 0.027627 ave match: 0.116201 ave solve: 0.003790  ave ICP: 0.163628  map incre: 0.043761 ave total: 0.156766 icp: 0.120175 construct H: 0.001116 
[fastlio_mapping-2] [ mapping ]: time: IMU + Map + Input Downsample: 0.019835 ave match: 0.116284 ave solve: 0.003788  ave ICP: 0.155708  map incre: 0.033108 ave total: 0.156884 icp: 0.120256 construct H: 0.001115 
[fastlio_mapping-2] [ mapping ]: time: IMU + Map + Input Downsample: 0.023226 ave match: 0.116389 ave solve: 0.003784  ave ICP: 0.165479  map incre: 0.027863 ave total: 0.157019 icp: 0.120358 construct H: 0.001114 
[fastlio_mapping-2] [ mapping ]: time: IMU + Map + Input Downsample: 0.023952 ave match: 0.116476 ave solve: 0.003781  ave ICP: 0.157539  map incre: 0.025826 ave total: 0.157133 icp: 0.120441 construct H: 0.001113 
[fastlio_mapping-2] [ mapping ]: time: IMU + Map + Input Downsample: 0.012805 ave match: 0.116501 ave solve: 0.003777  ave ICP: 0.130063  map incre: 0.019053 ave total: 0.157144 icp: 0.120462 construct H: 0.001112 
[fastlio_mapping-2] [ mapping ]: time: IMU + Map + Input Downsample: 0.014954 ave match: 0.116529 ave solve: 0.003774  ave ICP: 0.131835  map incre: 0.020853 ave total: 0.157168 icp: 0.120487 construct H: 0.001111 
[fastlio_mapping-2] [ mapping ]: time: IMU + Map + Input Downsample: 0.014188 ave match: 0.116571 ave solve: 0.003771  ave ICP: 0.137956  map incre: 0.030690 ave total: 0.157226 icp: 0.120526 construct H: 0.001110 
[fastlio_mapping-2] [ mapping ]: time: IMU + Map + Input Downsample: 0.019213 ave match: 0.116625 ave solve: 0.003768  ave ICP: 0.143545  map incre: 0.032746 ave total: 0.157312 icp: 0.120577 construct H: 0.001109 
[fastlio_mapping-2] [ mapping ]: time: IMU + Map + Input Downsample: 0.013855 ave match: 0.116658 ave solve: 0.003764  ave ICP: 0.133856  map incre: 0.033182 ave total: 0.157365 icp: 0.120606 construct H: 0.001108 
[fastlio_mapping-2] [ mapping ]: time: IMU + Map + Input Downsample: 0.013008 ave match: 0.116679 ave solve: 0.003760  ave ICP: 0.128417  map incre: 0.033581 ave total: 0.157404 icp: 0.120623 construct H: 0.001107 
[fastlio_mapping-2] [ mapping ]: time: IMU + Map + Input Downsample: 0.013299 ave match: 0.116695 ave solve: 0.003756  ave ICP: 0.125784  map incre: 0.031822 ave total: 0.157434 icp: 0.120634 construct H: 0.001105 
[fastlio_mapping-2] [ mapping ]: time: IMU + Map + Input Downsample: 0.022944 ave match: 0.116735 ave solve: 0.003752  ave ICP: 0.137339  map incre: 0.025825 ave total: 0.157498 icp: 0.120670 construct H: 0.001104 
[fastlio_mapping-2] [ mapping ]: time: IMU + Map + Input Downsample: 0.012768 ave match: 0.116756 ave solve: 0.003748  ave ICP: 0.128868  map incre: 0.030159 ave total: 0.157530 icp: 0.120688 construct H: 0.001103 
[fastlio_mapping-2] [ mapping ]: time: IMU + Map + Input Downsample: 0.013401 ave match: 0.116784 ave solve: 0.003744  ave ICP: 0.131610  map incre: 0.023338 ave total: 0.157554 icp: 0.120711 construct H: 0.001102 
[fastlio_mapping-2] [ mapping ]: time: IMU + Map + Input Downsample: 0.014689 ave match: 0.116811 ave solve: 0.003740  ave ICP: 0.131368  map incre: 0.018034 ave total: 0.157568 icp: 0.120734 construct H: 0.001100 
[fastlio_mapping-2] [ mapping ]: time: IMU + Map + Input Downsample: 0.013817 ave match: 0.116828 ave solve: 0.003737  ave ICP: 0.126895  map incre: 0.017612 ave total: 0.157570 icp: 0.120747 construct H: 0.001099 
[fastlio_mapping-2] [ mapping ]: time: IMU + Map + Input Downsample: 0.013585 ave match: 0.116840 ave solve: 0.003733  ave ICP: 0.124481  map incre: 0.021026 ave total: 0.157573 icp: 0.120755 construct H: 0.001098 
[fastlio_mapping-2] [ mapping ]: time: IMU + Map + Input Downsample: 0.012502 ave match: 0.116847 ave solve: 0.003729  ave ICP: 0.122491  map incre: 0.024709 ave total: 0.157578 icp: 0.120758 construct H: 0.001097 
[fastlio_mapping-2] [ mapping ]: time: IMU + Map + Input Downsample: 0.013645 ave match: 0.116855 ave solve: 0.003725  ave ICP: 0.122936  map incre: 0.017775 ave total: 0.157571 icp: 0.120762 construct H: 0.001096 
[fastlio_mapping-2] [ mapping ]: time: IMU + Map + Input Downsample: 0.020191 ave match: 0.116876 ave solve: 0.003721  ave ICP: 0.128694  map incre: 0.015351 ave total: 0.157586 icp: 0.120779 construct H: 0.001094 
[fastlio_mapping-2] [ mapping ]: time: IMU + Map + Input Downsample: 0.016674 ave match: 0.116905 ave solve: 0.003717  ave ICP: 0.132280  map incre: 0.016199 ave total: 0.157602 icp: 0.120803 construct H: 0.001093 
[fastlio_mapping-2] [ mapping ]: time: IMU + Map + Input Downsample: 0.016771 ave match: 0.116983 ave solve: 0.003713  ave ICP: 0.155392  map incre: 0.020016 ave total: 0.157677 icp: 0.120878 construct H: 0.001092 
[fastlio_mapping-2] [ mapping ]: time: IMU + Map + Input Downsample: 0.022347 ave match: 0.117016 ave solve: 0.003710  ave ICP: 0.134297  map incre: 0.012719 ave total: 0.157703 icp: 0.120907 construct H: 0.001091 
[fastlio_mapping-2] [ mapping ]: time: IMU + Map + Input Downsample: 0.012833 ave match: 0.117024 ave solve: 0.003706  ave ICP: 0.122924  map incre: 0.022258 ave total: 0.157704 icp: 0.120910 construct H: 0.001090 
[fastlio_mapping-2] [ mapping ]: time: IMU + Map + Input Downsample: 0.012584 ave match: 0.117036 ave solve: 0.003702  ave ICP: 0.124799  map incre: 0.013968 ave total: 0.157690 icp: 0.120918 construct H: 0.001088 
[fastlio_mapping-2] [ mapping ]: time: IMU + Map + Input Downsample: 0.012495 ave match: 0.117051 ave solve: 0.003698  ave ICP: 0.126473  map incre: 0.014564 ave total: 0.157681 icp: 0.120930 construct H: 0.001087 
[fastlio_mapping-2] [ mapping ]: time: IMU + Map + Input Downsample: 0.012717 ave match: 0.117071 ave solve: 0.003694  ave ICP: 0.128565  map incre: 0.014897 ave total: 0.157678 icp: 0.120946 construct H: 0.001086 
[fastlio_mapping-2] [ mapping ]: time: IMU + Map + Input Downsample: 0.012820 ave match: 0.117090 ave solve: 0.003690  ave ICP: 0.128226  map incre: 0.013386 ave total: 0.157671 icp: 0.120961 construct H: 0.001085 
[fastlio_mapping-2] [ mapping ]: time: IMU + Map + Input Downsample: 0.019145 ave match: 0.117121 ave solve: 0.003686  ave ICP: 0.133843  map incre: 0.010814 ave total: 0.157684 icp: 0.120988 construct H: 0.001083 
[fastlio_mapping-2] [ mapping ]: time: IMU + Map + Input Downsample: 0.015069 ave match: 0.117179 ave solve: 0.003683  ave ICP: 0.146938  map incre: 0.010374 ave total: 0.157715 icp: 0.121042 construct H: 0.001082 
[fastlio_mapping-2] [ mapping ]: time: IMU + Map + Input Downsample: 0.012854 ave match: 0.117205 ave solve: 0.003679  ave ICP: 0.131576  map incre: 0.011691 ave total: 0.157712 icp: 0.121064 construct H: 0.001081 
[fastlio_mapping-2] [ mapping ]: time: IMU + Map + Input Downsample: 0.013314 ave match: 0.117221 ave solve: 0.003675  ave ICP: 0.126705  map incre: 0.013027 ave total: 0.157702 icp: 0.121076 construct H: 0.001080 
[fastlio_mapping-2] [ mapping ]: time: IMU + Map + Input Downsample: 0.015411 ave match: 0.117236 ave solve: 0.003671  ave ICP: 0.126551  map incre: 0.009475 ave total: 0.157689 icp: 0.121087 construct H: 0.001079 
[fastlio_mapping-2] [ mapping ]: time: IMU + Map + Input Downsample: 0.013163 ave match: 0.117256 ave solve: 0.003668  ave ICP: 0.128845  map incre: 0.011139 ave total: 0.157679 icp: 0.121102 construct H: 0.001078 
[fastlio_mapping-2] [ mapping ]: time: IMU + Map + Input Downsample: 0.022501 ave match: 0.117288 ave solve: 0.003664  ave ICP: 0.134808  map incre: 0.018466 ave total: 0.157717 icp: 0.121131 construct H: 0.001076 
[fastlio_mapping-2] [ mapping ]: time: IMU + Map + Input Downsample: 0.018196 ave match: 0.117353 ave solve: 0.003660  ave ICP: 0.150331  map incre: 0.025599 ave total: 0.157794 icp: 0.121192 construct H: 0.001075 
[fastlio_mapping-2] [ mapping ]: time: IMU + Map + Input Downsample: 0.013383 ave match: 0.117372 ave solve: 0.003656  ave ICP: 0.128484  map incre: 0.022641 ave total: 0.157808 icp: 0.121207 construct H: 0.001074 
[fastlio_mapping-2] [ mapping ]: time: IMU + Map + Input Downsample: 0.013469 ave match: 0.117390 ave solve: 0.003652  ave ICP: 0.128398  map incre: 0.020724 ave total: 0.157818 icp: 0.121221 construct H: 0.001073 
[fastlio_mapping-2] [ mapping ]: time: IMU + Map + Input Downsample: 0.012652 ave match: 0.117407 ave solve: 0.003648  ave ICP: 0.127317  map incre: 0.021379 ave total: 0.157826 icp: 0.121233 construct H: 0.001071 
[fastlio_mapping-2] [ mapping ]: time: IMU + Map + Input Downsample: 0.018069 ave match: 0.117440 ave solve: 0.003645  ave ICP: 0.135369  map incre: 0.033683 ave total: 0.157887 icp: 0.121262 construct H: 0.001070 
[fastlio_mapping-2] [ mapping ]: time: IMU + Map + Input Downsample: 0.012863 ave match: 0.117459 ave solve: 0.003641  ave ICP: 0.128750  map incre: 0.032304 ave total: 0.157921 icp: 0.121277 construct H: 0.001069 
[fastlio_mapping-2] [ mapping ]: time: IMU + Map + Input Downsample: 0.014447 ave match: 0.117488 ave solve: 0.003637  ave ICP: 0.133804  map incre: 0.034762 ave total: 0.157973 icp: 0.121303 construct H: 0.001068 
[fastlio_mapping-2] [ mapping ]: time: IMU + Map + Input Downsample: 0.014063 ave match: 0.117504 ave solve: 0.003634  ave ICP: 0.127795  map incre: 0.036356 ave total: 0.158015 icp: 0.121316 construct H: 0.001067 
[fastlio_mapping-2] [ mapping ]: time: IMU + Map + Input Downsample: 0.027342 ave match: 0.117580 ave solve: 0.003630  ave ICP: 0.156223  map incre: 0.033382 ave total: 0.158138 icp: 0.121388 construct H: 0.001066 
[fastlio_mapping-2] [ mapping ]: time: IMU + Map + Input Downsample: 0.019626 ave match: 0.117626 ave solve: 0.003627  ave ICP: 0.142619  map incre: 0.025772 ave total: 0.158200 icp: 0.121431 construct H: 0.001065 
[fastlio_mapping-2] [ mapping ]: time: IMU + Map + Input Downsample: 0.013027 ave match: 0.117640 ave solve: 0.003624  ave ICP: 0.126498  map incre: 0.020891 ave total: 0.158204 icp: 0.121441 construct H: 0.001064 
[fastlio_mapping-2] [ mapping ]: time: IMU + Map + Input Downsample: 0.022189 ave match: 0.117703 ave solve: 0.003620  ave ICP: 0.150507  map incre: 0.022321 ave total: 0.158281 icp: 0.121500 construct H: 0.001063 
[fastlio_mapping-2] [ mapping ]: time: IMU + Map + Input Downsample: 0.014279 ave match: 0.117724 ave solve: 0.003617  ave ICP: 0.130539  map incre: 0.024371 ave total: 0.158303 icp: 0.121518 construct H: 0.001062 
[fastlio_mapping-2] [ mapping ]: time: IMU + Map + Input Downsample: 0.024324 ave match: 0.117751 ave solve: 0.003614  ave ICP: 0.133288  map incre: 0.018844 ave total: 0.158340 icp: 0.121542 construct H: 0.001061 
[fastlio_mapping-2] [ mapping ]: time: IMU + Map + Input Downsample: 0.012081 ave match: 0.117758 ave solve: 0.003610  ave ICP: 0.123543  map incre: 0.018562 ave total: 0.158332 icp: 0.121545 construct H: 0.001059 
[fastlio_mapping-2] [ mapping ]: time: IMU + Map + Input Downsample: 0.013272 ave match: 0.117769 ave solve: 0.003607  ave ICP: 0.125478  map incre: 0.015826 ave total: 0.158324 icp: 0.121553 construct H: 0.001058 
[fastlio_mapping-2] [ mapping ]: time: IMU + Map + Input Downsample: 0.012372 ave match: 0.117781 ave solve: 0.003604  ave ICP: 0.125922  map incre: 0.016424 ave total: 0.158317 icp: 0.121561 construct H: 0.001057 
[fastlio_mapping-2] [ mapping ]: time: IMU + Map + Input Downsample: 0.014410 ave match: 0.117800 ave solve: 0.003600  ave ICP: 0.129397  map incre: 0.021449 ave total: 0.158331 icp: 0.121577 construct H: 0.001056 
[fastlio_mapping-2] [ mapping ]: time: IMU + Map + Input Downsample: 0.013041 ave match: 0.117808 ave solve: 0.003597  ave ICP: 0.123985  map incre: 0.018483 ave total: 0.158325 icp: 0.121581 construct H: 0.001055 
[fastlio_mapping-2] [ mapping ]: time: IMU + Map + Input Downsample: 0.021513 ave match: 0.117840 ave solve: 0.003593  ave ICP: 0.135288  map incre: 0.034182 ave total: 0.158392 icp: 0.121608 construct H: 0.001054 
[fastlio_mapping-2] [ mapping ]: time: IMU + Map + Input Downsample: 0.021008 ave match: 0.117874 ave solve: 0.003588  ave ICP: 0.136547  map incre: 0.028459 ave total: 0.158448 icp: 0.121638 construct H: 0.001052 
[fastlio_mapping-2] [ mapping ]: time: IMU + Map + Input Downsample: 0.013225 ave match: 0.117882 ave solve: 0.003584  ave ICP: 0.123580  map incre: 0.021962 ave total: 0.158448 icp: 0.121641 construct H: 0.001051 
[fastlio_mapping-2] [ mapping ]: time: IMU + Map + Input Downsample: 0.012605 ave match: 0.117895 ave solve: 0.003580  ave ICP: 0.126065  map incre: 0.029183 ave total: 0.158467 icp: 0.121650 construct H: 0.001050 
[fastlio_mapping-2] [ mapping ]: time: IMU + Map + Input Downsample: 0.012404 ave match: 0.117903 ave solve: 0.003576  ave ICP: 0.123721  map incre: 0.024430 ave total: 0.158471 icp: 0.121653 construct H: 0.001049 
[fastlio_mapping-2] [ mapping ]: time: IMU + Map + Input Downsample: 0.012914 ave match: 0.117910 ave solve: 0.003571  ave ICP: 0.123307  map incre: 0.022305 ave total: 0.158472 icp: 0.121656 construct H: 0.001047 
[fastlio_mapping-2] [ mapping ]: time: IMU + Map + Input Downsample: 0.022176 ave match: 0.117936 ave solve: 0.003567  ave ICP: 0.132710  map incre: 0.022154 ave total: 0.158509 icp: 0.121678 construct H: 0.001046 
[fastlio_mapping-2] [ mapping ]: time: IMU + Map + Input Downsample: 0.014209 ave match: 0.117966 ave solve: 0.003563  ave ICP: 0.134776  map incre: 0.018624 ave total: 0.158527 icp: 0.121703 construct H: 0.001044 
[fastlio_mapping-2] [ mapping ]: time: IMU + Map + Input Downsample: 0.012506 ave match: 0.117979 ave solve: 0.003558  ave ICP: 0.125731  map incre: 0.023434 ave total: 0.158533 icp: 0.121711 construct H: 0.001043 
[fastlio_mapping-2] [ mapping ]: time: IMU + Map + Input Downsample: 0.012770 ave match: 0.117989 ave solve: 0.003554  ave ICP: 0.124899  map incre: 0.018849 ave total: 0.158529 icp: 0.121717 construct H: 0.001042 
[fastlio_mapping-2] [ mapping ]: time: IMU + Map + Input Downsample: 0.013173 ave match: 0.118001 ave solve: 0.003549  ave ICP: 0.125774  map incre: 0.025952 ave total: 0.158542 icp: 0.121724 construct H: 0.001040 
[fastlio_mapping-2] [ mapping ]: time: IMU + Map + Input Downsample: 0.012806 ave match: 0.118003 ave solve: 0.003545  ave ICP: 0.120948  map incre: 0.017338 ave total: 0.158527 icp: 0.121722 construct H: 0.001039 
[fastlio_mapping-2] [ mapping ]: time: IMU + Map + Input Downsample: 0.012675 ave match: 0.118008 ave solve: 0.003541  ave ICP: 0.122125  map incre: 0.015787 ave total: 0.158511 icp: 0.121722 construct H: 0.001038 
[fastlio_mapping-2] [ mapping ]: time: IMU + Map + Input Downsample: 0.016047 ave match: 0.118023 ave solve: 0.003537  ave ICP: 0.127109  map incre: 0.018754 ave total: 0.158518 icp: 0.121732 construct H: 0.001036 
[fastlio_mapping-2] [ mapping ]: time: IMU + Map + Input Downsample: 0.012724 ave match: 0.118023 ave solve: 0.003533  ave ICP: 0.120501  map incre: 0.013857 ave total: 0.158496 icp: 0.121729 construct H: 0.001035 
[fastlio_mapping-2] [ mapping ]: time: IMU + Map + Input Downsample: 0.019054 ave match: 0.118053 ave solve: 0.003529  ave ICP: 0.135184  map incre: 0.016964 ave total: 0.158521 icp: 0.121755 construct H: 0.001034 
[fastlio_mapping-2] [ mapping ]: time: IMU + Map + Input Downsample: 0.015099 ave match: 0.118060 ave solve: 0.003525  ave ICP: 0.123224  map incre: 0.013866 ave total: 0.158508 icp: 0.121758 construct H: 0.001033 
[fastlio_mapping-2] [ mapping ]: time: IMU + Map + Input Downsample: 0.014062 ave match: 0.118084 ave solve: 0.003522  ave ICP: 0.132087  map incre: 0.012294 ave total: 0.158508 icp: 0.121777 construct H: 0.001031 
[fastlio_mapping-2] [ mapping ]: time: IMU + Map + Input Downsample: 0.014199 ave match: 0.118103 ave solve: 0.003518  ave ICP: 0.129992  map incre: 0.012779 ave total: 0.158505 icp: 0.121793 construct H: 0.001030 
[fastlio_mapping-2] [ mapping ]: time: IMU + Map + Input Downsample: 0.019245 ave match: 0.118119 ave solve: 0.003514  ave ICP: 0.128224  map incre: 0.029787 ave total: 0.158542 icp: 0.121805 construct H: 0.001029 
[fastlio_mapping-2] [ mapping ]: time: IMU + Map + Input Downsample: 0.016752 ave match: 0.118144 ave solve: 0.003510  ave ICP: 0.132875  map incre: 0.027107 ave total: 0.158577 icp: 0.121826 construct H: 0.001028 
[fastlio_mapping-2] [ mapping ]: time: IMU + Map + Input Downsample: 0.012326 ave match: 0.118141 ave solve: 0.003506  ave ICP: 0.118784  map incre: 0.020777 ave total: 0.158564 icp: 0.121819 construct H: 0.001026 
[fastlio_mapping-2] [ mapping ]: time: IMU + Map + Input Downsample: 0.013553 ave match: 0.118139 ave solve: 0.003502  ave ICP: 0.118613  map incre: 0.018254 ave total: 0.158548 icp: 0.121812 construct H: 0.001025 
[fastlio_mapping-2] [ mapping ]: time: IMU + Map + Input Downsample: 0.021760 ave match: 0.118158 ave solve: 0.003498  ave ICP: 0.130051  map incre: 0.024047 ave total: 0.158582 icp: 0.121828 construct H: 0.001024 
[fastlio_mapping-2] [ mapping ]: time: IMU + Map + Input Downsample: 0.020915 ave match: 0.118167 ave solve: 0.003495  ave ICP: 0.124875  map incre: 0.018669 ave total: 0.158593 icp: 0.121833 construct H: 0.001023 
[fastlio_mapping-2] [ mapping ]: time: IMU + Map + Input Downsample: 0.022289 ave match: 0.118183 ave solve: 0.003491  ave ICP: 0.127888  map incre: 0.013947 ave total: 0.158604 icp: 0.121844 construct H: 0.001021 
[fastlio_mapping-2] [ mapping ]: time: IMU + Map + Input Downsample: 0.018754 ave match: 0.118186 ave solve: 0.003487  ave ICP: 0.121770  map incre: 0.008534 ave total: 0.158586 icp: 0.121843 construct H: 0.001020 
[fastlio_mapping-2] [ mapping ]: time: IMU + Map + Input Downsample: 0.023872 ave match: 0.118208 ave solve: 0.003483  ave ICP: 0.132091  map incre: 0.008268 ave total: 0.158597 icp: 0.121862 construct H: 0.001019 
[fastlio_mapping-2] [ mapping ]: time: IMU + Map + Input Downsample: 0.018708 ave match: 0.118202 ave solve: 0.003480  ave ICP: 0.116822  map incre: 0.007573 ave total: 0.158567 icp: 0.121852 construct H: 0.001018 
[fastlio_mapping-2] [ mapping ]: time: IMU + Map + Input Downsample: 0.011666 ave match: 0.118186 ave solve: 0.003476  ave ICP: 0.111703  map incre: 0.006342 ave total: 0.158511 icp: 0.121832 construct H: 0.001017 
[fastlio_mapping-2] [ mapping ]: time: IMU + Map + Input Downsample: 0.011960 ave match: 0.118163 ave solve: 0.003472  ave ICP: 0.108352  map incre: 0.005867 ave total: 0.158449 icp: 0.121806 construct H: 0.001016 
[fastlio_mapping-2] [ mapping ]: time: IMU + Map + Input Downsample: 0.020782 ave match: 0.118154 ave solve: 0.003469  ave ICP: 0.115034  map incre: 0.005455 ave total: 0.158417 icp: 0.121792 construct H: 0.001015 
[fastlio_mapping-2] [ mapping ]: time: IMU + Map + Input Downsample: 0.020025 ave match: 0.118148 ave solve: 0.003465  ave ICP: 0.117445  map incre: 0.004430 ave total: 0.158385 icp: 0.121783 construct H: 0.001014 
[fastlio_mapping-2] [ mapping ]: time: IMU + Map + Input Downsample: 0.017671 ave match: 0.118150 ave solve: 0.003461  ave ICP: 0.120886  map incre: 0.007723 ave total: 0.158362 icp: 0.121781 construct H: 0.001012 
[fastlio_mapping-2] [ mapping ]: time: IMU + Map + Input Downsample: 0.019243 ave match: 0.118158 ave solve: 0.003457  ave ICP: 0.123777  map incre: 0.007614 ave total: 0.158347 icp: 0.121784 construct H: 0.001011 
[fastlio_mapping-2] [ mapping ]: time: IMU + Map + Input Downsample: 0.021019 ave match: 0.118154 ave solve: 0.003453  ave ICP: 0.117619  map incre: 0.025512 ave total: 0.158358 icp: 0.121775 construct H: 0.001010 
[fastlio_mapping-2] [ mapping ]: time: IMU + Map + Input Downsample: 0.020005 ave match: 0.118137 ave solve: 0.003449  ave ICP: 0.111221  map incre: 0.020093 ave total: 0.158345 icp: 0.121755 construct H: 0.001008 
[fastlio_mapping-2] [ mapping ]: time: IMU + Map + Input Downsample: 0.016430 ave match: 0.118122 ave solve: 0.003445  ave ICP: 0.111569  map incre: 0.012284 ave total: 0.158311 icp: 0.121735 construct H: 0.001007 
[fastlio_mapping-2] [ mapping ]: time: IMU + Map + Input Downsample: 0.021487 ave match: 0.118112 ave solve: 0.003441  ave ICP: 0.114797  map incre: 0.017588 ave total: 0.158302 icp: 0.121721 construct H: 0.001006 
[fastlio_mapping-2] [ mapping ]: time: IMU + Map + Input Downsample: 0.021579 ave match: 0.118088 ave solve: 0.003437  ave ICP: 0.107404  map incre: 0.013308 ave total: 0.158272 icp: 0.121694 construct H: 0.001005 
[fastlio_mapping-2] [ mapping ]: time: IMU + Map + Input Downsample: 0.011783 ave match: 0.118062 ave solve: 0.003434  ave ICP: 0.105923  map incre: 0.009088 ave total: 0.158213 icp: 0.121664 construct H: 0.001004 
[fastlio_mapping-2] [ mapping ]: time: IMU + Map + Input Downsample: 0.010773 ave match: 0.118031 ave solve: 0.003430  ave ICP: 0.103241  map incre: 0.008319 ave total: 0.158146 icp: 0.121629 construct H: 0.001002 
[fastlio_mapping-2] [ mapping ]: time: IMU + Map + Input Downsample: 0.016936 ave match: 0.118007 ave solve: 0.003427  ave ICP: 0.107571  map incre: 0.008455 ave total: 0.158099 icp: 0.121602 construct H: 0.001001 
[fastlio_mapping-2] [INFO] [1791266092.742250693] [laser_mapping]: Saving map to /home/nvidia/drone/stage1_m2dgr_experiments/results/Street_02/fastlio_default/map.pcd...
[WARNING] [launch]: user interrupted with ctrl-c (SIGINT)
[fastlio_mapping-2] catch sig %d2
[INFO] [fastlio_mapping-2]: sending signal 'SIGINT' to process[fastlio_mapping-2]
[INFO] [imu_si_publisher-1]: sending signal 'SIGINT' to process[imu_si_publisher-1]
[imu_si_publisher-1] [INFO] [1791266093.313965500] [rclcpp]: signal_handler(SIGINT/SIGTERM)
[imu_si_publisher-1] [INFO] [1791266093.320505506] [rclcpp]: signal_handler(SIGINT/SIGTERM)
[ERROR] [fastlio_mapping-2]: process has died [pid 14257, exit code -2, cmd '/home/nvidia/ros2_ws/install/fast_lio/lib/fast_lio/fastlio_mapping --ros-args --params-file /home/nvidia/drone/stage1_m2dgr_experiments/configs/fastlio_street2.yaml --params-file /tmp/launch_params_gnri4m7f'].
[INFO] [imu_si_publisher-1]: process has finished cleanly [pid 14255]
