[INFO] [launch]: All log files can be found below /home/nvidia/.ros/log/2026-10-06-13-58-02-957805-nvidia-desktop-14650
[INFO] [launch]: Default logging verbosity is set to INFO
[INFO] [imu_si_publisher-1]: process started with pid [14656]
[INFO] [fastlio_mapping-2]: process started with pid [14658]
[imu_si_publisher-1] [INFO] [1791266283.122616876] [imu_si_publisher]: IMU SI bridge started: /livox/imu -> /livox/imu_si, acc_scale=9.80665
[fastlio_mapping-2] [INFO] [1791266283.241156019] [laser_mapping]: p_pre->lidar_type 0
[fastlio_mapping-2] Multi thread started 
[fastlio_mapping-2] ~~~~/home/nvidia/ros2_ws/src/fast_lio2/ file opened
[fastlio_mapping-2] [INFO] [1791266283.254423914] [laser_mapping]: Node init finished.
[fastlio_mapping-2] IMU Initial Done
[fastlio_mapping-2] [WARN] [1791266284.512540470] [laser_mapping]: No point, skip this scan!
[fastlio_mapping-2] 
[fastlio_mapping-2] [INFO] [1791266284.734812637] [laser_mapping]: Initialize the map kdtree
[fastlio_mapping-2] [ mapping ]: time: IMU + Map + Input Downsample: 0.020424 ave match: 0.082498 ave solve: 0.003769  ave ICP: 0.087227  map incre: 0.016456 ave total: 0.124107 icp: 0.086446 construct H: 0.001107 
[fastlio_mapping-2] [ mapping ]: time: IMU + Map + Input Downsample: 0.021881 ave match: 0.081981 ave solve: 0.003875  ave ICP: 0.085967  map incre: 0.015323 ave total: 0.123639 icp: 0.086039 construct H: 0.001148 
[fastlio_mapping-2] [ mapping ]: time: IMU + Map + Input Downsample: 0.021267 ave match: 0.082700 ave solve: 0.003968  ave ICP: 0.088756  map incre: 0.015454 ave total: 0.124252 icp: 0.086856 construct H: 0.001178 
[fastlio_mapping-2] [ mapping ]: time: IMU + Map + Input Downsample: 0.021684 ave match: 0.081889 ave solve: 0.004007  ave ICP: 0.084057  map incre: 0.012713 ave total: 0.122803 icp: 0.086084 construct H: 0.001194 
[fastlio_mapping-2] [ mapping ]: time: IMU + Map + Input Downsample: 0.024212 ave match: 0.082922 ave solve: 0.004046  ave ICP: 0.091914  map incre: 0.014504 ave total: 0.124368 icp: 0.087160 construct H: 0.001208 
[fastlio_mapping-2] [ mapping ]: time: IMU + Map + Input Downsample: 0.020846 ave match: 0.082894 ave solve: 0.004081  ave ICP: 0.087551  map incre: 0.013458 ave total: 0.123949 icp: 0.087168 construct H: 0.001220 
[fastlio_mapping-2] [ mapping ]: time: IMU + Map + Input Downsample: 0.023893 ave match: 0.084787 ave solve: 0.004252  ave ICP: 0.101980  map incre: 0.010722 ave total: 0.125756 icp: 0.089240 construct H: 0.001245 
[fastlio_mapping-2] [ mapping ]: time: IMU + Map + Input Downsample: 0.018452 ave match: 0.085625 ave solve: 0.004262  ave ICP: 0.096366  map incre: 0.011493 ave total: 0.125825 icp: 0.090086 construct H: 0.001251 
[fastlio_mapping-2] [ mapping ]: time: IMU + Map + Input Downsample: 0.022334 ave match: 0.086132 ave solve: 0.004297  ave ICP: 0.095345  map incre: 0.011788 ave total: 0.126230 icp: 0.090633 construct H: 0.001261 
[fastlio_mapping-2] [ mapping ]: time: IMU + Map + Input Downsample: 0.018283 ave match: 0.086594 ave solve: 0.004312  ave ICP: 0.095732  map incre: 0.009906 ave total: 0.125999 icp: 0.091110 construct H: 0.001268 
[fastlio_mapping-2] [ mapping ]: time: IMU + Map + Input Downsample: 0.021606 ave match: 0.086690 ave solve: 0.004333  ave ICP: 0.092671  map incre: 0.007474 ave total: 0.125613 icp: 0.091227 construct H: 0.001275 
[fastlio_mapping-2] [ mapping ]: time: IMU + Map + Input Downsample: 0.020483 ave match: 0.086996 ave solve: 0.004345  ave ICP: 0.095347  map incre: 0.008736 ave total: 0.125526 icp: 0.091545 construct H: 0.001280 
[fastlio_mapping-2] [ mapping ]: time: IMU + Map + Input Downsample: 0.023173 ave match: 0.087268 ave solve: 0.004358  ave ICP: 0.095552  map incre: 0.007141 ave total: 0.125552 icp: 0.091831 construct H: 0.001286 
[fastlio_mapping-2] [ mapping ]: time: IMU + Map + Input Downsample: 0.021076 ave match: 0.087266 ave solve: 0.004362  ave ICP: 0.092188  map incre: 0.011673 ave total: 0.125508 icp: 0.091835 construct H: 0.001288 
[fastlio_mapping-2] [ mapping ]: time: IMU + Map + Input Downsample: 0.020303 ave match: 0.087752 ave solve: 0.004371  ave ICP: 0.099543  map incre: 0.007259 ave total: 0.125614 icp: 0.092331 construct H: 0.001292 
[fastlio_mapping-2] [ mapping ]: time: IMU + Map + Input Downsample: 0.021621 ave match: 0.088174 ave solve: 0.004380  ave ICP: 0.099647  map incre: 0.009857 ave total: 0.125959 icp: 0.092763 construct H: 0.001297 
[fastlio_mapping-2] [ mapping ]: time: IMU + Map + Input Downsample: 0.022752 ave match: 0.088657 ave solve: 0.004387  ave ICP: 0.101421  map incre: 0.009207 ave total: 0.126395 icp: 0.093252 construct H: 0.001299 
[fastlio_mapping-2] [ mapping ]: time: IMU + Map + Input Downsample: 0.021165 ave match: 0.088585 ave solve: 0.004387  ave ICP: 0.092304  map incre: 0.007823 ave total: 0.126112 icp: 0.093181 construct H: 0.001299 
[fastlio_mapping-2] [ mapping ]: time: IMU + Map + Input Downsample: 0.022404 ave match: 0.088763 ave solve: 0.004388  ave ICP: 0.096913  map incre: 0.007436 ave total: 0.126146 icp: 0.093359 construct H: 0.001299 
[fastlio_mapping-2] [ mapping ]: time: IMU + Map + Input Downsample: 0.020146 ave match: 0.089063 ave solve: 0.004392  ave ICP: 0.099714  map incre: 0.010938 ave total: 0.126378 icp: 0.093664 construct H: 0.001300 
[fastlio_mapping-2] [ mapping ]: time: IMU + Map + Input Downsample: 0.024987 ave match: 0.089707 ave solve: 0.004386  ave ICP: 0.107417  map incre: 0.012474 ave total: 0.127259 icp: 0.094303 construct H: 0.001299 
[fastlio_mapping-2] [ mapping ]: time: IMU + Map + Input Downsample: 0.021787 ave match: 0.090142 ave solve: 0.004376  ave ICP: 0.103986  map incre: 0.011041 ave total: 0.127694 icp: 0.094727 construct H: 0.001297 
[fastlio_mapping-2] [ mapping ]: time: IMU + Map + Input Downsample: 0.019305 ave match: 0.090153 ave solve: 0.004360  ave ICP: 0.094928  map incre: 0.011634 ave total: 0.127614 icp: 0.094722 construct H: 0.001293 
[fastlio_mapping-2] [ mapping ]: time: IMU + Map + Input Downsample: 0.022550 ave match: 0.090599 ave solve: 0.004255  ave ICP: 0.103093  map incre: 0.033391 ave total: 0.128923 icp: 0.095057 construct H: 0.001260 
[fastlio_mapping-2] [ mapping ]: time: IMU + Map + Input Downsample: 0.013381 ave match: 0.090243 ave solve: 0.004162  ave ICP: 0.083987  map incre: 0.039427 ave total: 0.129238 icp: 0.094603 construct H: 0.001231 
[fastlio_mapping-2] [ mapping ]: time: IMU + Map + Input Downsample: 0.023800 ave match: 0.090310 ave solve: 0.004121  ave ICP: 0.095576  map incre: 0.025940 ave total: 0.129857 icp: 0.094628 construct H: 0.001218 
[fastlio_mapping-2] [ mapping ]: time: IMU + Map + Input Downsample: 0.024354 ave match: 0.090455 ave solve: 0.004114  ave ICP: 0.098668  map incre: 0.020178 ave total: 0.130351 icp: 0.094766 construct H: 0.001217 
[fastlio_mapping-2] [ mapping ]: time: IMU + Map + Input Downsample: 0.024230 ave match: 0.090634 ave solve: 0.004117  ave ICP: 0.100252  map incre: 0.020082 ave total: 0.130858 icp: 0.094948 construct H: 0.001218 
[fastlio_mapping-2] [ mapping ]: time: IMU + Map + Input Downsample: 0.023840 ave match: 0.090754 ave solve: 0.004122  ave ICP: 0.098918  map incre: 0.015417 ave total: 0.131111 icp: 0.095072 construct H: 0.001220 
[fastlio_mapping-2] [ mapping ]: time: IMU + Map + Input Downsample: 0.018556 ave match: 0.090827 ave solve: 0.004116  ave ICP: 0.097373  map incre: 0.019340 ave total: 0.131249 icp: 0.095139 construct H: 0.001219 
[fastlio_mapping-2] [ mapping ]: time: IMU + Map + Input Downsample: 0.023834 ave match: 0.091004 ave solve: 0.004080  ave ICP: 0.099801  map incre: 0.021502 ave total: 0.131697 icp: 0.095278 construct H: 0.001208 
[fastlio_mapping-2] [ mapping ]: time: IMU + Map + Input Downsample: 0.021112 ave match: 0.091122 ave solve: 0.004034  ave ICP: 0.097870  map incre: 0.033514 ave total: 0.132347 icp: 0.095348 construct H: 0.001194 
[fastlio_mapping-2] [ mapping ]: time: IMU + Map + Input Downsample: 0.023687 ave match: 0.091353 ave solve: 0.003979  ave ICP: 0.101426  map incre: 0.038875 ave total: 0.133306 icp: 0.095522 construct H: 0.001177 
[fastlio_mapping-2] [ mapping ]: time: IMU + Map + Input Downsample: 0.018125 ave match: 0.091405 ave solve: 0.003925  ave ICP: 0.095659  map incre: 0.045442 ave total: 0.134068 icp: 0.095518 construct H: 0.001160 
[fastlio_mapping-2] [ mapping ]: time: IMU + Map + Input Downsample: 0.018028 ave match: 0.091414 ave solve: 0.003879  ave ICP: 0.094477  map incre: 0.045418 ave total: 0.134750 icp: 0.095479 construct H: 0.001146 
[fastlio_mapping-2] [ mapping ]: time: IMU + Map + Input Downsample: 0.017952 ave match: 0.091393 ave solve: 0.003832  ave ICP: 0.093192  map incre: 0.040828 ave total: 0.135228 icp: 0.095408 construct H: 0.001131 
[fastlio_mapping-2] [ mapping ]: time: IMU + Map + Input Downsample: 0.012969 ave match: 0.091319 ave solve: 0.003794  ave ICP: 0.091507  map incre: 0.040772 ave total: 0.135499 icp: 0.095294 construct H: 0.001120 
[fastlio_mapping-2] [ mapping ]: time: IMU + Map + Input Downsample: 0.021956 ave match: 0.091380 ave solve: 0.003765  ave ICP: 0.096766  map incre: 0.041796 ave total: 0.136158 icp: 0.095325 construct H: 0.001111 
[fastlio_mapping-2] [ mapping ]: time: IMU + Map + Input Downsample: 0.017986 ave match: 0.091499 ave solve: 0.003766  ave ICP: 0.100322  map incre: 0.024407 ave total: 0.136326 icp: 0.095446 construct H: 0.001111 
[fastlio_mapping-2] [ mapping ]: time: IMU + Map + Input Downsample: 0.023494 ave match: 0.091661 ave solve: 0.003776  ave ICP: 0.102671  map incre: 0.019010 ave total: 0.136547 icp: 0.095618 construct H: 0.001115 
[fastlio_mapping-2] [ mapping ]: time: IMU + Map + Input Downsample: 0.023439 ave match: 0.091974 ave solve: 0.003791  ave ICP: 0.109399  map incre: 0.018249 ave total: 0.136902 icp: 0.095946 construct H: 0.001122 
[fastlio_mapping-2] [ mapping ]: time: IMU + Map + Input Downsample: 0.016737 ave match: 0.092045 ave solve: 0.003801  ave ICP: 0.099676  map incre: 0.014375 ave total: 0.136756 icp: 0.096028 construct H: 0.001126 
[fastlio_mapping-2] [ mapping ]: time: IMU + Map + Input Downsample: 0.023597 ave match: 0.092300 ave solve: 0.003812  ave ICP: 0.107816  map incre: 0.014806 ave total: 0.136976 icp: 0.096294 construct H: 0.001130 
[fastlio_mapping-2] [ mapping ]: time: IMU + Map + Input Downsample: 0.023786 ave match: 0.092523 ave solve: 0.003826  ave ICP: 0.107070  map incre: 0.014937 ave total: 0.137176 icp: 0.096532 construct H: 0.001135 
[fastlio_mapping-2] [ mapping ]: time: IMU + Map + Input Downsample: 0.023678 ave match: 0.092793 ave solve: 0.003838  ave ICP: 0.109526  map incre: 0.017383 ave total: 0.137474 icp: 0.096813 construct H: 0.001139 
[fastlio_mapping-2] [ mapping ]: time: IMU + Map + Input Downsample: 0.023605 ave match: 0.093012 ave solve: 0.003849  ave ICP: 0.107797  map incre: 0.011512 ave total: 0.137593 icp: 0.097045 construct H: 0.001143 
[fastlio_mapping-2] [ mapping ]: time: IMU + Map + Input Downsample: 0.023816 ave match: 0.093286 ave solve: 0.003864  ave ICP: 0.111058  map incre: 0.016528 ave total: 0.137887 icp: 0.097334 construct H: 0.001148 
[fastlio_mapping-2] [ mapping ]: time: IMU + Map + Input Downsample: 0.018281 ave match: 0.093325 ave solve: 0.003877  ave ICP: 0.100264  map incre: 0.014215 ave total: 0.137780 icp: 0.097387 construct H: 0.001153 
[fastlio_mapping-2] [ mapping ]: time: IMU + Map + Input Downsample: 0.023500 ave match: 0.093592 ave solve: 0.003891  ave ICP: 0.111608  map incre: 0.010684 ave total: 0.137943 icp: 0.097669 construct H: 0.001156 
[fastlio_mapping-2] [ mapping ]: time: IMU + Map + Input Downsample: 0.023476 ave match: 0.093847 ave solve: 0.003901  ave ICP: 0.111245  map incre: 0.011602 ave total: 0.138111 icp: 0.097935 construct H: 0.001160 
[fastlio_mapping-2] [ mapping ]: time: IMU + Map + Input Downsample: 0.023746 ave match: 0.094114 ave solve: 0.003910  ave ICP: 0.112328  map incre: 0.013331 ave total: 0.138332 icp: 0.098210 construct H: 0.001163 
[fastlio_mapping-2] [ mapping ]: time: IMU + Map + Input Downsample: 0.013433 ave match: 0.094151 ave solve: 0.003917  ave ICP: 0.100790  map incre: 0.012075 ave total: 0.138101 icp: 0.098255 construct H: 0.001166 
[fastlio_mapping-2] [ mapping ]: time: IMU + Map + Input Downsample: 0.023997 ave match: 0.094312 ave solve: 0.003924  ave ICP: 0.107539  map incre: 0.012173 ave total: 0.138207 icp: 0.098424 construct H: 0.001168 
[fastlio_mapping-2] [ mapping ]: time: IMU + Map + Input Downsample: 0.023478 ave match: 0.094494 ave solve: 0.003927  ave ICP: 0.108780  map incre: 0.013959 ave total: 0.138355 icp: 0.098609 construct H: 0.001170 
[fastlio_mapping-2] [ mapping ]: time: IMU + Map + Input Downsample: 0.023424 ave match: 0.094791 ave solve: 0.003932  ave ICP: 0.115559  map incre: 0.011607 ave total: 0.138578 icp: 0.098911 construct H: 0.001171 
[fastlio_mapping-2] [ mapping ]: time: IMU + Map + Input Downsample: 0.023311 ave match: 0.094888 ave solve: 0.003939  ave ICP: 0.105030  map incre: 0.012037 ave total: 0.138610 icp: 0.099015 construct H: 0.001175 
[fastlio_mapping-2] [ mapping ]: time: IMU + Map + Input Downsample: 0.023635 ave match: 0.095072 ave solve: 0.003942  ave ICP: 0.110042  map incre: 0.015429 ave total: 0.138794 icp: 0.099202 construct H: 0.001176 
[fastlio_mapping-2] [ mapping ]: time: IMU + Map + Input Downsample: 0.023789 ave match: 0.095275 ave solve: 0.003935  ave ICP: 0.110894  map incre: 0.017848 ave total: 0.139031 icp: 0.099398 construct H: 0.001174 
[fastlio_mapping-2] [ mapping ]: time: IMU + Map + Input Downsample: 0.023841 ave match: 0.095483 ave solve: 0.003917  ave ICP: 0.110887  map incre: 0.036830 ave total: 0.139582 icp: 0.099587 construct H: 0.001168 
[fastlio_mapping-2] [ mapping ]: time: IMU + Map + Input Downsample: 0.019528 ave match: 0.095603 ave solve: 0.003897  ave ICP: 0.105861  map incre: 0.038401 ave total: 0.139985 icp: 0.099685 construct H: 0.001162 
[fastlio_mapping-2] [ mapping ]: time: IMU + Map + Input Downsample: 0.017971 ave match: 0.095623 ave solve: 0.003879  ave ICP: 0.100091  map incre: 0.037383 ave total: 0.140239 icp: 0.099687 construct H: 0.001156 
[fastlio_mapping-2] [ mapping ]: time: IMU + Map + Input Downsample: 0.015813 ave match: 0.095637 ave solve: 0.003861  ave ICP: 0.099644  map incre: 0.040082 ave total: 0.140486 icp: 0.099682 construct H: 0.001149 
[fastlio_mapping-2] [ mapping ]: time: IMU + Map + Input Downsample: 0.022429 ave match: 0.095727 ave solve: 0.003842  ave ICP: 0.104446  map incre: 0.043022 ave total: 0.140953 icp: 0.099752 construct H: 0.001143 
[fastlio_mapping-2] [ mapping ]: time: IMU + Map + Input Downsample: 0.016708 ave match: 0.095753 ave solve: 0.003822  ave ICP: 0.100395  map incre: 0.041915 ave total: 0.141235 icp: 0.099758 construct H: 0.001137 
[fastlio_mapping-2] [ mapping ]: time: IMU + Map + Input Downsample: 0.012858 ave match: 0.095794 ave solve: 0.003806  ave ICP: 0.101543  map incre: 0.041156 ave total: 0.141455 icp: 0.099781 construct H: 0.001132 
[fastlio_mapping-2] [ mapping ]: time: IMU + Map + Input Downsample: 0.019801 ave match: 0.095874 ave solve: 0.003789  ave ICP: 0.104248  map incre: 0.036261 ave total: 0.141741 icp: 0.099845 construct H: 0.001127 
[fastlio_mapping-2] [ mapping ]: time: IMU + Map + Input Downsample: 0.017100 ave match: 0.095928 ave solve: 0.003772  ave ICP: 0.102582  map incre: 0.038505 ave total: 0.141986 icp: 0.099881 construct H: 0.001122 
[fastlio_mapping-2] [ mapping ]: time: IMU + Map + Input Downsample: 0.020703 ave match: 0.096009 ave solve: 0.003756  ave ICP: 0.104554  map incre: 0.038786 ave total: 0.142311 icp: 0.099945 construct H: 0.001116 
[fastlio_mapping-2] [ mapping ]: time: IMU + Map + Input Downsample: 0.018524 ave match: 0.096073 ave solve: 0.003741  ave ICP: 0.103556  map incre: 0.051403 ave total: 0.142762 icp: 0.099993 construct H: 0.001111 
[fastlio_mapping-2] [ mapping ]: time: IMU + Map + Input Downsample: 0.024027 ave match: 0.096327 ave solve: 0.003725  ave ICP: 0.116939  map incre: 0.042140 ave total: 0.143339 icp: 0.100230 construct H: 0.001106 
[fastlio_mapping-2] [ mapping ]: time: IMU + Map + Input Downsample: 0.013821 ave match: 0.096340 ave solve: 0.003723  ave ICP: 0.101329  map incre: 0.028772 ave total: 0.143347 icp: 0.100241 construct H: 0.001106 
[fastlio_mapping-2] [ mapping ]: time: IMU + Map + Input Downsample: 0.017253 ave match: 0.096365 ave solve: 0.003724  ave ICP: 0.102330  map incre: 0.018680 ave total: 0.143276 icp: 0.100266 construct H: 0.001106 
[fastlio_mapping-2] [ mapping ]: time: IMU + Map + Input Downsample: 0.023582 ave match: 0.096483 ave solve: 0.003725  ave ICP: 0.109350  map incre: 0.015942 ave total: 0.143353 icp: 0.100387 construct H: 0.001107 
[fastlio_mapping-2] [ mapping ]: time: IMU + Map + Input Downsample: 0.023319 ave match: 0.096666 ave solve: 0.003727  ave ICP: 0.114432  map incre: 0.016757 ave total: 0.143504 icp: 0.100572 construct H: 0.001108 
[fastlio_mapping-2] [ mapping ]: time: IMU + Map + Input Downsample: 0.017515 ave match: 0.096769 ave solve: 0.003730  ave ICP: 0.108784  map incre: 0.015119 ave total: 0.143476 icp: 0.100677 construct H: 0.001108 
[fastlio_mapping-2] [ mapping ]: time: IMU + Map + Input Downsample: 0.023335 ave match: 0.096905 ave solve: 0.003734  ave ICP: 0.111618  map incre: 0.015051 ave total: 0.143562 icp: 0.100817 construct H: 0.001109 
[fastlio_mapping-2] [ mapping ]: time: IMU + Map + Input Downsample: 0.018170 ave match: 0.096946 ave solve: 0.003736  ave ICP: 0.104467  map incre: 0.011154 ave total: 0.143435 icp: 0.100860 construct H: 0.001110 
[fastlio_mapping-2] [ mapping ]: time: IMU + Map + Input Downsample: 0.023313 ave match: 0.097099 ave solve: 0.003737  ave ICP: 0.113299  map incre: 0.012300 ave total: 0.143505 icp: 0.101016 construct H: 0.001111 
[fastlio_mapping-2] [ mapping ]: time: IMU + Map + Input Downsample: 0.023177 ave match: 0.097250 ave solve: 0.003739  ave ICP: 0.113414  map incre: 0.012505 ave total: 0.143576 icp: 0.101168 construct H: 0.001111 
[fastlio_mapping-2] [ mapping ]: time: IMU + Map + Input Downsample: 0.023464 ave match: 0.097341 ave solve: 0.003741  ave ICP: 0.108974  map incre: 0.012222 ave total: 0.143590 icp: 0.101261 construct H: 0.001112 
[fastlio_mapping-2] [ mapping ]: time: IMU + Map + Input Downsample: 0.023269 ave match: 0.097466 ave solve: 0.003743  ave ICP: 0.111846  map incre: 0.011137 ave total: 0.143622 icp: 0.101388 construct H: 0.001113 
[fastlio_mapping-2] [ mapping ]: time: IMU + Map + Input Downsample: 0.023488 ave match: 0.097648 ave solve: 0.003744  ave ICP: 0.116797  map incre: 0.017440 ave total: 0.143794 icp: 0.101572 construct H: 0.001113 
[fastlio_mapping-2] [ mapping ]: time: IMU + Map + Input Downsample: 0.023809 ave match: 0.097836 ave solve: 0.003742  ave ICP: 0.117281  map incre: 0.017516 ave total: 0.143973 icp: 0.101757 construct H: 0.001113 
[fastlio_mapping-2] [ mapping ]: time: IMU + Map + Input Downsample: 0.023553 ave match: 0.098033 ave solve: 0.003733  ave ICP: 0.117895  map incre: 0.034162 ave total: 0.144349 icp: 0.101945 construct H: 0.001110 
[fastlio_mapping-2] [ mapping ]: time: IMU + Map + Input Downsample: 0.016969 ave match: 0.098145 ave solve: 0.003723  ave ICP: 0.110826  map incre: 0.036637 ave total: 0.144586 icp: 0.102046 construct H: 0.001107 
[fastlio_mapping-2] [ mapping ]: time: IMU + Map + Input Downsample: 0.012308 ave match: 0.098191 ave solve: 0.003718  ave ICP: 0.105879  map incre: 0.028630 ave total: 0.144612 icp: 0.102087 construct H: 0.001105 
[fastlio_mapping-2] [ mapping ]: time: IMU + Map + Input Downsample: 0.023433 ave match: 0.098310 ave solve: 0.003717  ave ICP: 0.112674  map incre: 0.025320 ave total: 0.144805 icp: 0.102205 construct H: 0.001105 
[fastlio_mapping-2] [ mapping ]: time: IMU + Map + Input Downsample: 0.019570 ave match: 0.098387 ave solve: 0.003720  ave ICP: 0.109469  map incre: 0.017260 ave total: 0.144822 icp: 0.102285 construct H: 0.001106 
[fastlio_mapping-2] [ mapping ]: time: IMU + Map + Input Downsample: 0.023451 ave match: 0.098504 ave solve: 0.003722  ave ICP: 0.113265  map incre: 0.017236 ave total: 0.144924 icp: 0.102404 construct H: 0.001107 
[fastlio_mapping-2] [ mapping ]: time: IMU + Map + Input Downsample: 0.023557 ave match: 0.098649 ave solve: 0.003726  ave ICP: 0.116127  map incre: 0.015369 ave total: 0.145037 icp: 0.102553 construct H: 0.001108 
[fastlio_mapping-2] [ mapping ]: time: IMU + Map + Input Downsample: 0.014610 ave match: 0.098712 ave solve: 0.003729  ave ICP: 0.108855  map incre: 0.014134 ave total: 0.144955 icp: 0.102619 construct H: 0.001108 
[fastlio_mapping-2] [ mapping ]: time: IMU + Map + Input Downsample: 0.023732 ave match: 0.098853 ave solve: 0.003731  ave ICP: 0.116204  map incre: 0.011498 ave total: 0.145026 icp: 0.102763 construct H: 0.001109 
[fastlio_mapping-2] [ mapping ]: time: IMU + Map + Input Downsample: 0.023542 ave match: 0.099013 ave solve: 0.003734  ave ICP: 0.118188  map incre: 0.011490 ave total: 0.145114 icp: 0.102925 construct H: 0.001110 
[fastlio_mapping-2] [ mapping ]: time: IMU + Map + Input Downsample: 0.023424 ave match: 0.099123 ave solve: 0.003734  ave ICP: 0.113680  map incre: 0.010911 ave total: 0.145145 icp: 0.103036 construct H: 0.001110 
[fastlio_mapping-2] [ mapping ]: time: IMU + Map + Input Downsample: 0.024723 ave match: 0.099256 ave solve: 0.003735  ave ICP: 0.115990  map incre: 0.015000 ave total: 0.145256 icp: 0.103169 construct H: 0.001110 
[fastlio_mapping-2] [ mapping ]: time: IMU + Map + Input Downsample: 0.014637 ave match: 0.099334 ave solve: 0.003735  ave ICP: 0.111044  map incre: 0.013403 ave total: 0.145192 icp: 0.103248 construct H: 0.001111 
[fastlio_mapping-2] [ mapping ]: time: IMU + Map + Input Downsample: 0.023464 ave match: 0.099488 ave solve: 0.003736  ave ICP: 0.118620  map incre: 0.011294 ave total: 0.145276 icp: 0.103403 construct H: 0.001111 
[fastlio_mapping-2] [ mapping ]: time: IMU + Map + Input Downsample: 0.022649 ave match: 0.099592 ave solve: 0.003737  ave ICP: 0.113952  map incre: 0.019942 ave total: 0.145391 icp: 0.103507 construct H: 0.001111 
[fastlio_mapping-2] [ mapping ]: time: IMU + Map + Input Downsample: 0.021850 ave match: 0.099664 ave solve: 0.003738  ave ICP: 0.111071  map incre: 0.012773 ave total: 0.145394 icp: 0.103580 construct H: 0.001112 
[fastlio_mapping-2] [ mapping ]: time: IMU + Map + Input Downsample: 0.023881 ave match: 0.099803 ave solve: 0.003737  ave ICP: 0.117697  map incre: 0.015435 ave total: 0.145510 icp: 0.103718 construct H: 0.001111 
[fastlio_mapping-2] [ mapping ]: time: IMU + Map + Input Downsample: 0.013595 ave match: 0.099837 ave solve: 0.003738  ave ICP: 0.107531  map incre: 0.015186 ave total: 0.145419 icp: 0.103753 construct H: 0.001111 
[fastlio_mapping-2] [ mapping ]: time: IMU + Map + Input Downsample: 0.022447 ave match: 0.099991 ave solve: 0.003738  ave ICP: 0.119880  map incre: 0.011863 ave total: 0.145505 icp: 0.103908 construct H: 0.001111 
[fastlio_mapping-2] [ mapping ]: time: IMU + Map + Input Downsample: 0.019056 ave match: 0.100108 ave solve: 0.003740  ave ICP: 0.116419  map incre: 0.015658 ave total: 0.145560 icp: 0.104026 construct H: 0.001112 
[fastlio_mapping-2] [ mapping ]: time: IMU + Map + Input Downsample: 0.021417 ave match: 0.100254 ave solve: 0.003739  ave ICP: 0.119432  map incre: 0.012645 ave total: 0.145636 icp: 0.104171 construct H: 0.001111 
[fastlio_mapping-2] [ mapping ]: time: IMU + Map + Input Downsample: 0.014038 ave match: 0.100302 ave solve: 0.003738  ave ICP: 0.109410  map incre: 0.013562 ave total: 0.145554 icp: 0.104219 construct H: 0.001111 
[fastlio_mapping-2] [ mapping ]: time: IMU + Map + Input Downsample: 0.022359 ave match: 0.100396 ave solve: 0.003737  ave ICP: 0.114466  map incre: 0.011580 ave total: 0.145581 icp: 0.104312 construct H: 0.001111 
[fastlio_mapping-2] [ mapping ]: time: IMU + Map + Input Downsample: 0.021162 ave match: 0.100503 ave solve: 0.003737  ave ICP: 0.115996  map incre: 0.010498 ave total: 0.145600 icp: 0.104418 construct H: 0.001111 
[fastlio_mapping-2] [ mapping ]: time: IMU + Map + Input Downsample: 0.024440 ave match: 0.100732 ave solve: 0.003736  ave ICP: 0.129331  map incre: 0.025794 ave total: 0.145915 icp: 0.104646 construct H: 0.001110 
[fastlio_mapping-2] [ mapping ]: time: IMU + Map + Input Downsample: 0.012111 ave match: 0.100797 ave solve: 0.003730  ave ICP: 0.111422  map incre: 0.037215 ave total: 0.146051 icp: 0.104705 construct H: 0.001109 
[fastlio_mapping-2] [ mapping ]: time: IMU + Map + Input Downsample: 0.019970 ave match: 0.100899 ave solve: 0.003726  ave ICP: 0.115638  map incre: 0.036137 ave total: 0.146284 icp: 0.104802 construct H: 0.001107 
[fastlio_mapping-2] [ mapping ]: time: IMU + Map + Input Downsample: 0.016198 ave match: 0.100940 ave solve: 0.003723  ave ICP: 0.109432  map incre: 0.025011 ave total: 0.146324 icp: 0.104841 construct H: 0.001107 
[fastlio_mapping-2] [ mapping ]: time: IMU + Map + Input Downsample: 0.021434 ave match: 0.101129 ave solve: 0.003733  ave ICP: 0.127387  map incre: 0.027266 ave total: 0.146589 icp: 0.105039 construct H: 0.001109 
[fastlio_mapping-2] [ mapping ]: time: IMU + Map + Input Downsample: 0.024060 ave match: 0.101302 ave solve: 0.003727  ave ICP: 0.124322  map incre: 0.030853 ave total: 0.146878 icp: 0.105207 construct H: 0.001107 
[fastlio_mapping-2] [ mapping ]: time: IMU + Map + Input Downsample: 0.014031 ave match: 0.101461 ave solve: 0.003724  ave ICP: 0.123272  map incre: 0.026685 ave total: 0.147028 icp: 0.105363 construct H: 0.001106 
[fastlio_mapping-2] [ mapping ]: time: IMU + Map + Input Downsample: 0.016114 ave match: 0.101669 ave solve: 0.003723  ave ICP: 0.129360  map incre: 0.024924 ave total: 0.147232 icp: 0.105570 construct H: 0.001106 
[fastlio_mapping-2] [ mapping ]: time: IMU + Map + Input Downsample: 0.017311 ave match: 0.101728 ave solve: 0.003722  ave ICP: 0.112616  map incre: 0.016335 ave total: 0.147223 icp: 0.105628 construct H: 0.001105 
[fastlio_mapping-2] [ mapping ]: time: IMU + Map + Input Downsample: 0.022503 ave match: 0.101867 ave solve: 0.003723  ave ICP: 0.122202  map incre: 0.027458 ave total: 0.147436 icp: 0.105767 construct H: 0.001106 
[fastlio_mapping-2] [ mapping ]: time: IMU + Map + Input Downsample: 0.016678 ave match: 0.101908 ave solve: 0.003718  ave ICP: 0.110317  map incre: 0.031320 ave total: 0.147529 icp: 0.105803 construct H: 0.001104 
[fastlio_mapping-2] [ mapping ]: time: IMU + Map + Input Downsample: 0.013155 ave match: 0.101957 ave solve: 0.003714  ave ICP: 0.111379  map incre: 0.024948 ave total: 0.147545 icp: 0.105847 construct H: 0.001103 
[fastlio_mapping-2] [ mapping ]: time: IMU + Map + Input Downsample: 0.018214 ave match: 0.102045 ave solve: 0.003709  ave ICP: 0.116088  map incre: 0.027239 ave total: 0.147662 icp: 0.105930 construct H: 0.001101 
[fastlio_mapping-2] [ mapping ]: time: IMU + Map + Input Downsample: 0.025161 ave match: 0.102187 ave solve: 0.003707  ave ICP: 0.123291  map incre: 0.022802 ave total: 0.147857 icp: 0.106070 construct H: 0.001100 
[fastlio_mapping-2] [ mapping ]: time: IMU + Map + Input Downsample: 0.013017 ave match: 0.102219 ave solve: 0.003704  ave ICP: 0.109945  map incre: 0.016134 ave total: 0.147785 icp: 0.106100 construct H: 0.001100 
[fastlio_mapping-2] [ mapping ]: time: IMU + Map + Input Downsample: 0.017807 ave match: 0.102371 ave solve: 0.003701  ave ICP: 0.124738  map incre: 0.016537 ave total: 0.147877 icp: 0.106249 construct H: 0.001099 
[fastlio_mapping-2] [ mapping ]: time: IMU + Map + Input Downsample: 0.023512 ave match: 0.102433 ave solve: 0.003700  ave ICP: 0.114001  map incre: 0.016090 ave total: 0.147923 icp: 0.106309 construct H: 0.001098 
[fastlio_mapping-2] [ mapping ]: time: IMU + Map + Input Downsample: 0.017401 ave match: 0.102503 ave solve: 0.003698  ave ICP: 0.115173  map incre: 0.012467 ave total: 0.147900 icp: 0.106377 construct H: 0.001098 
[fastlio_mapping-2] [ mapping ]: time: IMU + Map + Input Downsample: 0.024397 ave match: 0.102640 ave solve: 0.003693  ave ICP: 0.123384  map incre: 0.025114 ave total: 0.148098 icp: 0.106509 construct H: 0.001096 
[fastlio_mapping-2] [ mapping ]: time: IMU + Map + Input Downsample: 0.014962 ave match: 0.102814 ave solve: 0.003686  ave ICP: 0.128003  map incre: 0.031116 ave total: 0.148303 icp: 0.106676 construct H: 0.001094 
[fastlio_mapping-2] [ mapping ]: time: IMU + Map + Input Downsample: 0.015060 ave match: 0.102889 ave solve: 0.003681  ave ICP: 0.115858  map incre: 0.029128 ave total: 0.148395 icp: 0.106745 construct H: 0.001092 
[fastlio_mapping-2] [ mapping ]: time: IMU + Map + Input Downsample: 0.019768 ave match: 0.102972 ave solve: 0.003675  ave ICP: 0.116996  map incre: 0.029521 ave total: 0.148533 icp: 0.106822 construct H: 0.001090 
[fastlio_mapping-2] [ mapping ]: time: IMU + Map + Input Downsample: 0.011904 ave match: 0.103022 ave solve: 0.003667  ave ICP: 0.112458  map incre: 0.030084 ave total: 0.148579 icp: 0.106864 construct H: 0.001088 
[fastlio_mapping-2] [ mapping ]: time: IMU + Map + Input Downsample: 0.012110 ave match: 0.103048 ave solve: 0.003659  ave ICP: 0.109606  map incre: 0.029170 ave total: 0.148596 icp: 0.106882 construct H: 0.001086 
[fastlio_mapping-2] [ mapping ]: time: IMU + Map + Input Downsample: 0.017436 ave match: 0.103115 ave solve: 0.003653  ave ICP: 0.115168  map incre: 0.029573 ave total: 0.148699 icp: 0.106943 construct H: 0.001084 
[fastlio_mapping-2] [ mapping ]: time: IMU + Map + Input Downsample: 0.013822 ave match: 0.103155 ave solve: 0.003648  ave ICP: 0.111682  map incre: 0.032276 ave total: 0.148767 icp: 0.106976 construct H: 0.001082 
[fastlio_mapping-2] [ mapping ]: time: IMU + Map + Input Downsample: 0.017941 ave match: 0.103290 ave solve: 0.003644  ave ICP: 0.125189  map incre: 0.031428 ave total: 0.148960 icp: 0.107108 construct H: 0.001080 
[fastlio_mapping-2] [ mapping ]: time: IMU + Map + Input Downsample: 0.013430 ave match: 0.103427 ave solve: 0.003637  ave ICP: 0.124919  map incre: 0.031137 ave total: 0.149112 icp: 0.107238 construct H: 0.001079 
[fastlio_mapping-2] [ mapping ]: time: IMU + Map + Input Downsample: 0.012713 ave match: 0.103459 ave solve: 0.003631  ave ICP: 0.110954  map incre: 0.037667 ave total: 0.149202 icp: 0.107263 construct H: 0.001077 
[fastlio_mapping-2] [ mapping ]: time: IMU + Map + Input Downsample: 0.026460 ave match: 0.103654 ave solve: 0.003622  ave ICP: 0.133054  map incre: 0.038394 ave total: 0.149557 icp: 0.107449 construct H: 0.001074 
[fastlio_mapping-2] [ mapping ]: time: IMU + Map + Input Downsample: 0.013173 ave match: 0.103700 ave solve: 0.003615  ave ICP: 0.113065  map incre: 0.033951 ave total: 0.149634 icp: 0.107488 construct H: 0.001072 
[fastlio_mapping-2] [ mapping ]: time: IMU + Map + Input Downsample: 0.011855 ave match: 0.103730 ave solve: 0.003608  ave ICP: 0.110878  map incre: 0.037142 ave total: 0.149708 icp: 0.107511 construct H: 0.001069 
[fastlio_mapping-2] [ mapping ]: time: IMU + Map + Input Downsample: 0.013839 ave match: 0.103771 ave solve: 0.003601  ave ICP: 0.112513  map incre: 0.032268 ave total: 0.149772 icp: 0.107544 construct H: 0.001067 
[fastlio_mapping-2] [ mapping ]: time: IMU + Map + Input Downsample: 0.011847 ave match: 0.103830 ave solve: 0.003595  ave ICP: 0.115235  map incre: 0.036323 ave total: 0.149868 icp: 0.107597 construct H: 0.001065 
[fastlio_mapping-2] [ mapping ]: time: IMU + Map + Input Downsample: 0.013491 ave match: 0.103879 ave solve: 0.003590  ave ICP: 0.114098  map incre: 0.034298 ave total: 0.149953 icp: 0.107641 construct H: 0.001064 
[fastlio_mapping-2] [ mapping ]: time: IMU + Map + Input Downsample: 0.014453 ave match: 0.103929 ave solve: 0.003585  ave ICP: 0.114313  map incre: 0.039206 ave total: 0.150079 icp: 0.107686 construct H: 0.001062 
[fastlio_mapping-2] [ mapping ]: time: IMU + Map + Input Downsample: 0.013302 ave match: 0.103958 ave solve: 0.003580  ave ICP: 0.111406  map incre: 0.035972 ave total: 0.150153 icp: 0.107709 construct H: 0.001060 
[fastlio_mapping-2] [ mapping ]: time: IMU + Map + Input Downsample: 0.015326 ave match: 0.104000 ave solve: 0.003575  ave ICP: 0.113365  map incre: 0.036601 ave total: 0.150257 icp: 0.107746 construct H: 0.001059 
[fastlio_mapping-2] [ mapping ]: time: IMU + Map + Input Downsample: 0.019318 ave match: 0.104107 ave solve: 0.003569  ave ICP: 0.122881  map incre: 0.031469 ave total: 0.150417 icp: 0.107847 construct H: 0.001057 
[fastlio_mapping-2] [ mapping ]: time: IMU + Map + Input Downsample: 0.013273 ave match: 0.104145 ave solve: 0.003565  ave ICP: 0.113123  map incre: 0.033801 ave total: 0.150484 icp: 0.107881 construct H: 0.001056 
[fastlio_mapping-2] [ mapping ]: time: IMU + Map + Input Downsample: 0.015482 ave match: 0.104189 ave solve: 0.003564  ave ICP: 0.114519  map incre: 0.034336 ave total: 0.150578 icp: 0.107924 construct H: 0.001055 
[fastlio_mapping-2] [ mapping ]: time: IMU + Map + Input Downsample: 0.011772 ave match: 0.104215 ave solve: 0.003564  ave ICP: 0.112072  map incre: 0.022430 ave total: 0.150549 icp: 0.107950 construct H: 0.001055 
[fastlio_mapping-2] [ mapping ]: time: IMU + Map + Input Downsample: 0.012222 ave match: 0.104217 ave solve: 0.003563  ave ICP: 0.108434  map incre: 0.014024 ave total: 0.150443 icp: 0.107951 construct H: 0.001055 
[fastlio_mapping-2] [ mapping ]: time: IMU + Map + Input Downsample: 0.018428 ave match: 0.104261 ave solve: 0.003563  ave ICP: 0.114890  map incre: 0.016432 ave total: 0.150438 icp: 0.107995 construct H: 0.001055 
[fastlio_mapping-2] [ mapping ]: time: IMU + Map + Input Downsample: 0.017235 ave match: 0.104292 ave solve: 0.003562  ave ICP: 0.112909  map incre: 0.019091 ave total: 0.150430 icp: 0.108025 construct H: 0.001055 
[fastlio_mapping-2] [ mapping ]: time: IMU + Map + Input Downsample: 0.021262 ave match: 0.104347 ave solve: 0.003559  ave ICP: 0.116281  map incre: 0.028004 ave total: 0.150529 icp: 0.108077 construct H: 0.001054 
[fastlio_mapping-2] [ mapping ]: time: IMU + Map + Input Downsample: 0.014834 ave match: 0.104381 ave solve: 0.003554  ave ICP: 0.112800  map incre: 0.031305 ave total: 0.150584 icp: 0.108106 construct H: 0.001053 
[fastlio_mapping-2] [ mapping ]: time: IMU + Map + Input Downsample: 0.011795 ave match: 0.104420 ave solve: 0.003548  ave ICP: 0.113428  map incre: 0.034686 ave total: 0.150644 icp: 0.108139 construct H: 0.001051 
[fastlio_mapping-2] [ mapping ]: time: IMU + Map + Input Downsample: 0.017473 ave match: 0.104540 ave solve: 0.003548  ave ICP: 0.127161  map incre: 0.039436 ave total: 0.150858 icp: 0.108259 construct H: 0.001050 
[fastlio_mapping-2] [ mapping ]: time: IMU + Map + Input Downsample: 0.012783 ave match: 0.104626 ave solve: 0.003544  ave ICP: 0.121207  map incre: 0.033918 ave total: 0.150967 icp: 0.108340 construct H: 0.001048 
[fastlio_mapping-2] [ mapping ]: time: IMU + Map + Input Downsample: 0.012964 ave match: 0.104700 ave solve: 0.003544  ave ICP: 0.120344  map incre: 0.032856 ave total: 0.151063 icp: 0.108414 construct H: 0.001048 
[fastlio_mapping-2] [ mapping ]: time: IMU + Map + Input Downsample: 0.021098 ave match: 0.104784 ave solve: 0.003542  ave ICP: 0.121832  map incre: 0.024662 ave total: 0.151167 icp: 0.108496 construct H: 0.001047 
[fastlio_mapping-2] [ mapping ]: time: IMU + Map + Input Downsample: 0.014813 ave match: 0.104806 ave solve: 0.003542  ave ICP: 0.112428  map incre: 0.018228 ave total: 0.151131 icp: 0.108519 construct H: 0.001047 
[fastlio_mapping-2] [ mapping ]: time: IMU + Map + Input Downsample: 0.016455 ave match: 0.104826 ave solve: 0.003543  ave ICP: 0.112228  map incre: 0.015066 ave total: 0.151085 icp: 0.108540 construct H: 0.001048 
[fastlio_mapping-2] [ mapping ]: time: IMU + Map + Input Downsample: 0.018476 ave match: 0.104871 ave solve: 0.003544  ave ICP: 0.116200  map incre: 0.022885 ave total: 0.151125 icp: 0.108586 construct H: 0.001048 
[fastlio_mapping-2] [ mapping ]: time: IMU + Map + Input Downsample: 0.012249 ave match: 0.104874 ave solve: 0.003545  ave ICP: 0.109481  map incre: 0.016758 ave total: 0.151048 icp: 0.108589 construct H: 0.001048 
[fastlio_mapping-2] [ mapping ]: time: IMU + Map + Input Downsample: 0.014558 ave match: 0.104880 ave solve: 0.003547  ave ICP: 0.110117  map incre: 0.014826 ave total: 0.150978 icp: 0.108597 construct H: 0.001048 
[fastlio_mapping-2] [ mapping ]: time: IMU + Map + Input Downsample: 0.020078 ave match: 0.104914 ave solve: 0.003548  ave ICP: 0.114890  map incre: 0.011105 ave total: 0.150948 icp: 0.108633 construct H: 0.001049 
[fastlio_mapping-2] [ mapping ]: time: IMU + Map + Input Downsample: 0.020152 ave match: 0.104954 ave solve: 0.003549  ave ICP: 0.115815  map incre: 0.012190 ave total: 0.150931 icp: 0.108674 construct H: 0.001049 
[fastlio_mapping-2] [ mapping ]: time: IMU + Map + Input Downsample: 0.013597 ave match: 0.105019 ave solve: 0.003551  ave ICP: 0.119990  map incre: 0.016883 ave total: 0.150928 icp: 0.108740 construct H: 0.001050 
[fastlio_mapping-2] [ mapping ]: time: IMU + Map + Input Downsample: 0.012399 ave match: 0.105018 ave solve: 0.003551  ave ICP: 0.109043  map incre: 0.012733 ave total: 0.150828 icp: 0.108741 construct H: 0.001050 
[fastlio_mapping-2] [ mapping ]: time: IMU + Map + Input Downsample: 0.017002 ave match: 0.105050 ave solve: 0.003552  ave ICP: 0.114606  map incre: 0.013467 ave total: 0.150794 icp: 0.108773 construct H: 0.001050 
[fastlio_mapping-2] [ mapping ]: time: IMU + Map + Input Downsample: 0.020870 ave match: 0.105091 ave solve: 0.003554  ave ICP: 0.116406  map incre: 0.014647 ave total: 0.150801 icp: 0.108816 construct H: 0.001050 
[fastlio_mapping-2] [ mapping ]: time: IMU + Map + Input Downsample: 0.019627 ave match: 0.105146 ave solve: 0.003553  ave ICP: 0.118322  map incre: 0.027253 ave total: 0.150885 icp: 0.108870 construct H: 0.001050 
[fastlio_mapping-2] [ mapping ]: time: IMU + Map + Input Downsample: 0.015207 ave match: 0.105165 ave solve: 0.003550  ave ICP: 0.111775  map incre: 0.024937 ave total: 0.150891 icp: 0.108885 construct H: 0.001049 
[fastlio_mapping-2] [ mapping ]: time: IMU + Map + Input Downsample: 0.021241 ave match: 0.105232 ave solve: 0.003549  ave ICP: 0.120692  map incre: 0.023506 ave total: 0.150975 icp: 0.108952 construct H: 0.001049 
[fastlio_mapping-2] [ mapping ]: time: IMU + Map + Input Downsample: 0.017666 ave match: 0.105262 ave solve: 0.003548  ave ICP: 0.114314  map incre: 0.021490 ave total: 0.150990 icp: 0.108981 construct H: 0.001048 
[fastlio_mapping-2] [ mapping ]: time: IMU + Map + Input Downsample: 0.016663 ave match: 0.105293 ave solve: 0.003548  ave ICP: 0.114745  map incre: 0.016367 ave total: 0.150971 icp: 0.109012 construct H: 0.001048 
[fastlio_mapping-2] [ mapping ]: time: IMU + Map + Input Downsample: 0.021012 ave match: 0.105329 ave solve: 0.003547  ave ICP: 0.115509  map incre: 0.015468 ave total: 0.150977 icp: 0.109047 construct H: 0.001048 
[fastlio_mapping-2] [ mapping ]: time: IMU + Map + Input Downsample: 0.023820 ave match: 0.105395 ave solve: 0.003546  ave ICP: 0.120943  map incre: 0.017603 ave total: 0.151041 icp: 0.109112 construct H: 0.001048 
[fastlio_mapping-2] [ mapping ]: time: IMU + Map + Input Downsample: 0.018594 ave match: 0.105424 ave solve: 0.003545  ave ICP: 0.114468  map incre: 0.013639 ave total: 0.151017 icp: 0.109140 construct H: 0.001047 
[fastlio_mapping-2] [ mapping ]: time: IMU + Map + Input Downsample: 0.012083 ave match: 0.105438 ave solve: 0.003545  ave ICP: 0.111707  map incre: 0.015155 ave total: 0.150950 icp: 0.109153 construct H: 0.001047 
[fastlio_mapping-2] [ mapping ]: time: IMU + Map + Input Downsample: 0.020713 ave match: 0.105485 ave solve: 0.003544  ave ICP: 0.117760  map incre: 0.011843 ave total: 0.150946 icp: 0.109199 construct H: 0.001047 
[fastlio_mapping-2] [ mapping ]: time: IMU + Map + Input Downsample: 0.011981 ave match: 0.105499 ave solve: 0.003543  ave ICP: 0.111810  map incre: 0.011031 ave total: 0.150857 icp: 0.109212 construct H: 0.001047 
[fastlio_mapping-2] [ mapping ]: time: IMU + Map + Input Downsample: 0.022640 ave match: 0.105612 ave solve: 0.003542  ave ICP: 0.129961  map incre: 0.015613 ave total: 0.150952 icp: 0.109325 construct H: 0.001046 
[fastlio_mapping-2] [ mapping ]: time: IMU + Map + Input Downsample: 0.021771 ave match: 0.105687 ave solve: 0.003541  ave ICP: 0.123208  map incre: 0.013005 ave total: 0.150991 icp: 0.109399 construct H: 0.001046 
[fastlio_mapping-2] [ mapping ]: time: IMU + Map + Input Downsample: 0.020224 ave match: 0.105722 ave solve: 0.003540  ave ICP: 0.115981  map incre: 0.018720 ave total: 0.151012 icp: 0.109433 construct H: 0.001046 
[fastlio_mapping-2] [ mapping ]: time: IMU + Map + Input Downsample: 0.021906 ave match: 0.105809 ave solve: 0.003539  ave ICP: 0.125552  map incre: 0.017820 ave total: 0.151089 icp: 0.109518 construct H: 0.001046 
[fastlio_mapping-2] [ mapping ]: time: IMU + Map + Input Downsample: 0.019835 ave match: 0.105904 ave solve: 0.003538  ave ICP: 0.127394  map incre: 0.013776 ave total: 0.151143 icp: 0.109612 construct H: 0.001045 
[fastlio_mapping-2] [ mapping ]: time: IMU + Map + Input Downsample: 0.017070 ave match: 0.105937 ave solve: 0.003537  ave ICP: 0.115890  map incre: 0.012575 ave total: 0.151113 icp: 0.109644 construct H: 0.001045 
[fastlio_mapping-2] [ mapping ]: time: IMU + Map + Input Downsample: 0.012239 ave match: 0.105951 ave solve: 0.003536  ave ICP: 0.112491  map incre: 0.014465 ave total: 0.151049 icp: 0.109658 construct H: 0.001045 
[fastlio_mapping-2] [ mapping ]: time: IMU + Map + Input Downsample: 0.020348 ave match: 0.106049 ave solve: 0.003536  ave ICP: 0.128408  map incre: 0.013550 ave total: 0.151109 icp: 0.109755 construct H: 0.001045 
[fastlio_mapping-2] [ mapping ]: time: IMU + Map + Input Downsample: 0.015176 ave match: 0.106078 ave solve: 0.003534  ave ICP: 0.115340  map incre: 0.010390 ave total: 0.151055 icp: 0.109783 construct H: 0.001044 
[fastlio_mapping-2] [ mapping ]: time: IMU + Map + Input Downsample: 0.020833 ave match: 0.106123 ave solve: 0.003533  ave ICP: 0.118602  map incre: 0.012209 ave total: 0.151058 icp: 0.109827 construct H: 0.001044 
[fastlio_mapping-2] [ mapping ]: time: IMU + Map + Input Downsample: 0.019218 ave match: 0.106170 ave solve: 0.003533  ave ICP: 0.118988  map incre: 0.013140 ave total: 0.151060 icp: 0.109873 construct H: 0.001044 
[fastlio_mapping-2] [ mapping ]: time: IMU + Map + Input Downsample: 0.012039 ave match: 0.106196 ave solve: 0.003531  ave ICP: 0.114958  map incre: 0.011412 ave total: 0.150994 icp: 0.109898 construct H: 0.001043 
[fastlio_mapping-2] [ mapping ]: time: IMU + Map + Input Downsample: 0.019060 ave match: 0.106276 ave solve: 0.003530  ave ICP: 0.125340  map incre: 0.012055 ave total: 0.151022 icp: 0.109976 construct H: 0.001043 
[fastlio_mapping-2] [ mapping ]: time: IMU + Map + Input Downsample: 0.020765 ave match: 0.106329 ave solve: 0.003529  ave ICP: 0.120432  map incre: 0.012386 ave total: 0.151035 icp: 0.110028 construct H: 0.001043 
[fastlio_mapping-2] [ mapping ]: time: IMU + Map + Input Downsample: 0.020133 ave match: 0.106377 ave solve: 0.003528  ave ICP: 0.119610  map incre: 0.012160 ave total: 0.151040 icp: 0.110076 construct H: 0.001042 
[fastlio_mapping-2] [ mapping ]: time: IMU + Map + Input Downsample: 0.023319 ave match: 0.106439 ave solve: 0.003526  ave ICP: 0.122343  map incre: 0.014451 ave total: 0.151086 icp: 0.110136 construct H: 0.001042 
[fastlio_mapping-2] [ mapping ]: time: IMU + Map + Input Downsample: 0.018716 ave match: 0.106475 ave solve: 0.003525  ave ICP: 0.117341  map incre: 0.011975 ave total: 0.151071 icp: 0.110171 construct H: 0.001041 
[fastlio_mapping-2] [ mapping ]: time: IMU + Map + Input Downsample: 0.021605 ave match: 0.106535 ave solve: 0.003523  ave ICP: 0.121952  map incre: 0.017373 ave total: 0.151120 icp: 0.110228 construct H: 0.001041 
[fastlio_mapping-2] [ mapping ]: time: IMU + Map + Input Downsample: 0.015010 ave match: 0.106597 ave solve: 0.003519  ave ICP: 0.122041  map incre: 0.024305 ave total: 0.151171 icp: 0.110286 construct H: 0.001039 
[fastlio_mapping-2] [ mapping ]: time: IMU + Map + Input Downsample: 0.012327 ave match: 0.106635 ave solve: 0.003516  ave ICP: 0.117566  map incre: 0.026228 ave total: 0.151196 icp: 0.110321 construct H: 0.001039 
[fastlio_mapping-2] [ mapping ]: time: IMU + Map + Input Downsample: 0.012492 ave match: 0.106662 ave solve: 0.003513  ave ICP: 0.115450  map incre: 0.025202 ave total: 0.151206 icp: 0.110345 construct H: 0.001038 
[fastlio_mapping-2] [ mapping ]: time: IMU + Map + Input Downsample: 0.014529 ave match: 0.106763 ave solve: 0.003513  ave ICP: 0.131234  map incre: 0.023815 ave total: 0.151296 icp: 0.110446 construct H: 0.001037 
[fastlio_mapping-2] [ mapping ]: time: IMU + Map + Input Downsample: 0.015973 ave match: 0.106815 ave solve: 0.003511  ave ICP: 0.120985  map incre: 0.018843 ave total: 0.151318 icp: 0.110496 construct H: 0.001037 
[fastlio_mapping-2] [ mapping ]: time: IMU + Map + Input Downsample: 0.019057 ave match: 0.106869 ave solve: 0.003511  ave ICP: 0.121761  map incre: 0.019750 ave total: 0.151363 icp: 0.110549 construct H: 0.001036 
[fastlio_mapping-2] [ mapping ]: time: IMU + Map + Input Downsample: 0.020187 ave match: 0.106947 ave solve: 0.003508  ave ICP: 0.126429  map incre: 0.022659 ave total: 0.151450 icp: 0.110625 construct H: 0.001036 
[fastlio_mapping-2] [ mapping ]: time: IMU + Map + Input Downsample: 0.021813 ave match: 0.107059 ave solve: 0.003506  ave ICP: 0.133733  map incre: 0.032615 ave total: 0.151628 icp: 0.110735 construct H: 0.001035 
[fastlio_mapping-2] [ mapping ]: time: IMU + Map + Input Downsample: 0.012517 ave match: 0.107087 ave solve: 0.003505  ave ICP: 0.116392  map incre: 0.019578 ave total: 0.151612 icp: 0.110761 construct H: 0.001035 
[fastlio_mapping-2] [ mapping ]: time: IMU + Map + Input Downsample: 0.017298 ave match: 0.107134 ave solve: 0.003504  ave ICP: 0.120703  map incre: 0.018556 ave total: 0.151636 icp: 0.110807 construct H: 0.001034 
[fastlio_mapping-2] [ mapping ]: time: IMU + Map + Input Downsample: 0.014674 ave match: 0.107177 ave solve: 0.003503  ave ICP: 0.119977  map incre: 0.017425 ave total: 0.151638 icp: 0.110849 construct H: 0.001034 
[fastlio_mapping-2] [ mapping ]: time: IMU + Map + Input Downsample: 0.013996 ave match: 0.107265 ave solve: 0.003503  ave ICP: 0.129522  map incre: 0.017246 ave total: 0.151681 icp: 0.110937 construct H: 0.001034 
[fastlio_mapping-2] [ mapping ]: time: IMU + Map + Input Downsample: 0.015346 ave match: 0.107343 ave solve: 0.003504  ave ICP: 0.128116  map incre: 0.025124 ave total: 0.151761 icp: 0.111016 construct H: 0.001034 
[fastlio_mapping-2] [ mapping ]: time: IMU + Map + Input Downsample: 0.018582 ave match: 0.107380 ave solve: 0.003504  ave ICP: 0.119276  map incre: 0.022727 ave total: 0.151803 icp: 0.111053 construct H: 0.001034 
[fastlio_mapping-2] [ mapping ]: time: IMU + Map + Input Downsample: 0.020592 ave match: 0.107446 ave solve: 0.003503  ave ICP: 0.125341  map incre: 0.016029 ave total: 0.151850 icp: 0.111119 construct H: 0.001034 
[fastlio_mapping-2] [ mapping ]: time: IMU + Map + Input Downsample: 0.012211 ave match: 0.107475 ave solve: 0.003503  ave ICP: 0.117460  map incre: 0.013333 ave total: 0.151809 icp: 0.111147 construct H: 0.001034 
[fastlio_mapping-2] [ mapping ]: time: IMU + Map + Input Downsample: 0.017744 ave match: 0.107509 ave solve: 0.003503  ave ICP: 0.118863  map incre: 0.015232 ave total: 0.151809 icp: 0.111181 construct H: 0.001034 
[fastlio_mapping-2] [ mapping ]: time: IMU + Map + Input Downsample: 0.021083 ave match: 0.107570 ave solve: 0.003502  ave ICP: 0.124637  map incre: 0.012164 ave total: 0.151837 icp: 0.111242 construct H: 0.001034 
[fastlio_mapping-2] [ mapping ]: time: IMU + Map + Input Downsample: 0.018238 ave match: 0.107626 ave solve: 0.003502  ave ICP: 0.123851  map incre: 0.012291 ave total: 0.151849 icp: 0.111298 construct H: 0.001034 
[fastlio_mapping-2] [ mapping ]: time: IMU + Map + Input Downsample: 0.021800 ave match: 0.107698 ave solve: 0.003502  ave ICP: 0.127228  map incre: 0.011871 ave total: 0.151890 icp: 0.111369 construct H: 0.001034 
[fastlio_mapping-2] [ mapping ]: time: IMU + Map + Input Downsample: 0.020354 ave match: 0.107782 ave solve: 0.003502  ave ICP: 0.130101  map incre: 0.023088 ave total: 0.151988 icp: 0.111453 construct H: 0.001034 
[fastlio_mapping-2] [ mapping ]: time: IMU + Map + Input Downsample: 0.018571 ave match: 0.107814 ave solve: 0.003501  ave ICP: 0.118896  map incre: 0.013592 ave total: 0.151984 icp: 0.111485 construct H: 0.001034 
[fastlio_mapping-2] [ mapping ]: time: IMU + Map + Input Downsample: 0.020786 ave match: 0.107860 ave solve: 0.003501  ave ICP: 0.121718  map incre: 0.011579 ave total: 0.151994 icp: 0.111530 construct H: 0.001034 
[fastlio_mapping-2] [ mapping ]: time: IMU + Map + Input Downsample: 0.023394 ave match: 0.107911 ave solve: 0.003500  ave ICP: 0.123140  map incre: 0.013884 ave total: 0.152032 icp: 0.111580 construct H: 0.001033 
[fastlio_mapping-2] [ mapping ]: time: IMU + Map + Input Downsample: 0.021542 ave match: 0.107984 ave solve: 0.003498  ave ICP: 0.127959  map incre: 0.013869 ave total: 0.152082 icp: 0.111652 construct H: 0.001033 
[fastlio_mapping-2] [ mapping ]: time: IMU + Map + Input Downsample: 0.017962 ave match: 0.108030 ave solve: 0.003497  ave ICP: 0.121950  map incre: 0.010887 ave total: 0.152076 icp: 0.111696 construct H: 0.001033 
[fastlio_mapping-2] [ mapping ]: time: IMU + Map + Input Downsample: 0.020883 ave match: 0.108077 ave solve: 0.003496  ave ICP: 0.122409  map incre: 0.010298 ave total: 0.152083 icp: 0.111742 construct H: 0.001032 
[fastlio_mapping-2] [ mapping ]: time: IMU + Map + Input Downsample: 0.022540 ave match: 0.108136 ave solve: 0.003494  ave ICP: 0.125110  map incre: 0.025159 ave total: 0.152174 icp: 0.111800 construct H: 0.001032 
[fastlio_mapping-2] [ mapping ]: time: IMU + Map + Input Downsample: 0.016954 ave match: 0.108190 ave solve: 0.003492  ave ICP: 0.123909  map incre: 0.022980 ave total: 0.152226 icp: 0.111852 construct H: 0.001031 
[fastlio_mapping-2] [ mapping ]: time: IMU + Map + Input Downsample: 0.012396 ave match: 0.108230 ave solve: 0.003490  ave ICP: 0.120923  map incre: 0.020796 ave total: 0.152234 icp: 0.111890 construct H: 0.001030 
[fastlio_mapping-2] [ mapping ]: time: IMU + Map + Input Downsample: 0.017266 ave match: 0.108268 ave solve: 0.003489  ave ICP: 0.120687  map incre: 0.020809 ave total: 0.152262 icp: 0.111927 construct H: 0.001030 
[fastlio_mapping-2] [ mapping ]: time: IMU + Map + Input Downsample: 0.015433 ave match: 0.108309 ave solve: 0.003489  ave ICP: 0.121446  map incre: 0.018194 ave total: 0.152274 icp: 0.111966 construct H: 0.001030 
[fastlio_mapping-2] [ mapping ]: time: IMU + Map + Input Downsample: 0.012966 ave match: 0.108332 ave solve: 0.003488  ave ICP: 0.117710  map incre: 0.016047 ave total: 0.152250 icp: 0.111990 construct H: 0.001030 
[fastlio_mapping-2] [ mapping ]: time: IMU + Map + Input Downsample: 0.014251 ave match: 0.108357 ave solve: 0.003487  ave ICP: 0.117731  map incre: 0.012969 ave total: 0.152219 icp: 0.112013 construct H: 0.001029 
[fastlio_mapping-2] [ mapping ]: time: IMU + Map + Input Downsample: 0.016436 ave match: 0.108392 ave solve: 0.003487  ave ICP: 0.120369  map incre: 0.012091 ave total: 0.152205 icp: 0.112047 construct H: 0.001029 
[fastlio_mapping-2] [ mapping ]: time: IMU + Map + Input Downsample: 0.021533 ave match: 0.108430 ave solve: 0.003486  ave ICP: 0.121143  map incre: 0.013318 ave total: 0.152221 icp: 0.112085 construct H: 0.001029 
[fastlio_mapping-2] [ mapping ]: time: IMU + Map + Input Downsample: 0.020054 ave match: 0.108528 ave solve: 0.003486  ave ICP: 0.135754  map incre: 0.013180 ave total: 0.152292 icp: 0.112184 construct H: 0.001029 
[fastlio_mapping-2] [ mapping ]: time: IMU + Map + Input Downsample: 0.012234 ave match: 0.108542 ave solve: 0.003486  ave ICP: 0.115450  map incre: 0.012913 ave total: 0.152243 icp: 0.112197 construct H: 0.001029 
[fastlio_mapping-2] [ mapping ]: time: IMU + Map + Input Downsample: 0.012501 ave match: 0.108558 ave solve: 0.003485  ave ICP: 0.115983  map incre: 0.013210 ave total: 0.152198 icp: 0.112211 construct H: 0.001028 
[fastlio_mapping-2] [ mapping ]: time: IMU + Map + Input Downsample: 0.018565 ave match: 0.108602 ave solve: 0.003484  ave ICP: 0.122791  map incre: 0.015097 ave total: 0.152216 icp: 0.112254 construct H: 0.001028 
[fastlio_mapping-2] [ mapping ]: time: IMU + Map + Input Downsample: 0.018882 ave match: 0.108686 ave solve: 0.003483  ave ICP: 0.132708  map incre: 0.013610 ave total: 0.152270 icp: 0.112338 construct H: 0.001028 
[fastlio_mapping-2] [ mapping ]: time: IMU + Map + Input Downsample: 0.014321 ave match: 0.108723 ave solve: 0.003483  ave ICP: 0.121260  map incre: 0.011266 ave total: 0.152248 icp: 0.112374 construct H: 0.001028 
[fastlio_mapping-2] [ mapping ]: time: IMU + Map + Input Downsample: 0.013332 ave match: 0.108736 ave solve: 0.003482  ave ICP: 0.115932  map incre: 0.014316 ave total: 0.152212 icp: 0.112387 construct H: 0.001028 
[fastlio_mapping-2] [ mapping ]: time: IMU + Map + Input Downsample: 0.021193 ave match: 0.108802 ave solve: 0.003482  ave ICP: 0.128569  map incre: 0.012646 ave total: 0.152254 icp: 0.112453 construct H: 0.001027 
[fastlio_mapping-2] [ mapping ]: time: IMU + Map + Input Downsample: 0.017862 ave match: 0.108838 ave solve: 0.003481  ave ICP: 0.121373  map incre: 0.010512 ave total: 0.152244 icp: 0.112488 construct H: 0.001027 
[fastlio_mapping-2] [ mapping ]: time: IMU + Map + Input Downsample: 0.012560 ave match: 0.108886 ave solve: 0.003480  ave ICP: 0.124392  map incre: 0.011593 ave total: 0.152229 icp: 0.112536 construct H: 0.001027 
[fastlio_mapping-2] [ mapping ]: time: IMU + Map + Input Downsample: 0.017505 ave match: 0.108991 ave solve: 0.003479  ave ICP: 0.138291  map incre: 0.011966 ave total: 0.152292 icp: 0.112639 construct H: 0.001027 
[fastlio_mapping-2] [ mapping ]: time: IMU + Map + Input Downsample: 0.018763 ave match: 0.109035 ave solve: 0.003478  ave ICP: 0.123678  map incre: 0.011321 ave total: 0.152298 icp: 0.112683 construct H: 0.001027 
[fastlio_mapping-2] [ mapping ]: time: IMU + Map + Input Downsample: 0.012400 ave match: 0.109054 ave solve: 0.003478  ave ICP: 0.117462  map incre: 0.014003 ave total: 0.152264 icp: 0.112701 construct H: 0.001026 
[fastlio_mapping-2] [ mapping ]: time: IMU + Map + Input Downsample: 0.020263 ave match: 0.109118 ave solve: 0.003477  ave ICP: 0.128972  map incre: 0.011157 ave total: 0.152296 icp: 0.112765 construct H: 0.001026 
[fastlio_mapping-2] [ mapping ]: time: IMU + Map + Input Downsample: 0.017763 ave match: 0.109151 ave solve: 0.003477  ave ICP: 0.121045  map incre: 0.010637 ave total: 0.152285 icp: 0.112796 construct H: 0.001026 
[fastlio_mapping-2] [ mapping ]: time: IMU + Map + Input Downsample: 0.020359 ave match: 0.109185 ave solve: 0.003476  ave ICP: 0.121355  map incre: 0.011931 ave total: 0.152290 icp: 0.112829 construct H: 0.001026 
[fastlio_mapping-2] [ mapping ]: time: IMU + Map + Input Downsample: 0.012567 ave match: 0.109207 ave solve: 0.003475  ave ICP: 0.118397  map incre: 0.010601 ave total: 0.152248 icp: 0.112850 construct H: 0.001026 
[fastlio_mapping-2] [ mapping ]: time: IMU + Map + Input Downsample: 0.022533 ave match: 0.109313 ave solve: 0.003475  ave ICP: 0.139991  map incre: 0.012271 ave total: 0.152337 icp: 0.112956 construct H: 0.001026 
[fastlio_mapping-2] [ mapping ]: time: IMU + Map + Input Downsample: 0.013960 ave match: 0.109369 ave solve: 0.003475  ave ICP: 0.127794  map incre: 0.015458 ave total: 0.152356 icp: 0.113013 construct H: 0.001026 
[fastlio_mapping-2] [ mapping ]: time: IMU + Map + Input Downsample: 0.013429 ave match: 0.109386 ave solve: 0.003474  ave ICP: 0.117256  map incre: 0.011737 ave total: 0.152317 icp: 0.113029 construct H: 0.001025 
[fastlio_mapping-2] [ mapping ]: time: IMU + Map + Input Downsample: 0.012418 ave match: 0.109407 ave solve: 0.003473  ave ICP: 0.118487  map incre: 0.012211 ave total: 0.152281 icp: 0.113049 construct H: 0.001025 
[fastlio_mapping-2] [ mapping ]: time: IMU + Map + Input Downsample: 0.017726 ave match: 0.109438 ave solve: 0.003472  ave ICP: 0.121009  map incre: 0.011050 ave total: 0.152272 icp: 0.113078 construct H: 0.001025 
[fastlio_mapping-2] [ mapping ]: time: IMU + Map + Input Downsample: 0.018446 ave match: 0.109486 ave solve: 0.003471  ave ICP: 0.125469  map incre: 0.014262 ave total: 0.152294 icp: 0.113125 construct H: 0.001024 
[fastlio_mapping-2] [ mapping ]: time: IMU + Map + Input Downsample: 0.019417 ave match: 0.109534 ave solve: 0.003469  ave ICP: 0.125590  map incre: 0.012333 ave total: 0.152314 icp: 0.113172 construct H: 0.001024 
[fastlio_mapping-2] [ mapping ]: time: IMU + Map + Input Downsample: 0.017868 ave match: 0.109589 ave solve: 0.003468  ave ICP: 0.127526  map incre: 0.013394 ave total: 0.152339 icp: 0.113226 construct H: 0.001024 
[fastlio_mapping-2] [ mapping ]: time: IMU + Map + Input Downsample: 0.012971 ave match: 0.109610 ave solve: 0.003467  ave ICP: 0.118620  map incre: 0.013916 ave total: 0.152313 icp: 0.113246 construct H: 0.001023 
[fastlio_mapping-2] [ mapping ]: time: IMU + Map + Input Downsample: 0.018657 ave match: 0.109649 ave solve: 0.003466  ave ICP: 0.123206  map incre: 0.012798 ave total: 0.152322 icp: 0.113283 construct H: 0.001023 
[fastlio_mapping-2] [ mapping ]: time: IMU + Map + Input Downsample: 0.021127 ave match: 0.109737 ave solve: 0.003463  ave ICP: 0.136237  map incre: 0.013339 ave total: 0.152391 icp: 0.113369 construct H: 0.001022 
[fastlio_mapping-2] [ mapping ]: time: IMU + Map + Input Downsample: 0.016895 ave match: 0.109784 ave solve: 0.003462  ave ICP: 0.125563  map incre: 0.014507 ave total: 0.152409 icp: 0.113414 construct H: 0.001022 
[fastlio_mapping-2] [ mapping ]: time: IMU + Map + Input Downsample: 0.017575 ave match: 0.109859 ave solve: 0.003461  ave ICP: 0.133460  map incre: 0.014496 ave total: 0.152458 icp: 0.113488 construct H: 0.001022 
[fastlio_mapping-2] [ mapping ]: time: IMU + Map + Input Downsample: 0.021564 ave match: 0.109958 ave solve: 0.003463  ave ICP: 0.140637  map incre: 0.012039 ave total: 0.152540 icp: 0.113589 construct H: 0.001021 
[fastlio_mapping-2] [ mapping ]: time: IMU + Map + Input Downsample: 0.014748 ave match: 0.109996 ave solve: 0.003461  ave ICP: 0.123749  map incre: 0.011878 ave total: 0.152532 icp: 0.113626 construct H: 0.001021 
[fastlio_mapping-2] [ mapping ]: time: IMU + Map + Input Downsample: 0.018217 ave match: 0.110045 ave solve: 0.003460  ave ICP: 0.126733  map incre: 0.010760 ave total: 0.152544 icp: 0.113673 construct H: 0.001020 
[fastlio_mapping-2] [ mapping ]: time: IMU + Map + Input Downsample: 0.012462 ave match: 0.110068 ave solve: 0.003459  ave ICP: 0.119579  map incre: 0.008754 ave total: 0.152500 icp: 0.113694 construct H: 0.001020 
[fastlio_mapping-2] [ mapping ]: time: IMU + Map + Input Downsample: 0.017876 ave match: 0.110104 ave solve: 0.003457  ave ICP: 0.123265  map incre: 0.009330 ave total: 0.152493 icp: 0.113729 construct H: 0.001019 
[fastlio_mapping-2] [ mapping ]: time: IMU + Map + Input Downsample: 0.023093 ave match: 0.110192 ave solve: 0.003456  ave ICP: 0.137658  map incre: 0.014067 ave total: 0.152575 icp: 0.113816 construct H: 0.001019 
[fastlio_mapping-2] [ mapping ]: time: IMU + Map + Input Downsample: 0.020049 ave match: 0.110297 ave solve: 0.003455  ave ICP: 0.142391  map incre: 0.011322 ave total: 0.152653 icp: 0.113920 construct H: 0.001019 
[fastlio_mapping-2] [ mapping ]: time: IMU + Map + Input Downsample: 0.024681 ave match: 0.110364 ave solve: 0.003453  ave ICP: 0.131912  map incre: 0.016574 ave total: 0.152728 icp: 0.113984 construct H: 0.001018 
[fastlio_mapping-2] [ mapping ]: time: IMU + Map + Input Downsample: 0.015735 ave match: 0.110396 ave solve: 0.003452  ave ICP: 0.122775  map incre: 0.012268 ave total: 0.152721 icp: 0.114015 construct H: 0.001018 
[fastlio_mapping-2] [ mapping ]: time: IMU + Map + Input Downsample: 0.017789 ave match: 0.110443 ave solve: 0.003450  ave ICP: 0.126634  map incre: 0.012324 ave total: 0.152736 icp: 0.114060 construct H: 0.001017 
[fastlio_mapping-2] [ mapping ]: time: IMU + Map + Input Downsample: 0.021451 ave match: 0.110491 ave solve: 0.003448  ave ICP: 0.127331  map incre: 0.010747 ave total: 0.152760 icp: 0.114106 construct H: 0.001016 
[fastlio_mapping-2] [ mapping ]: time: IMU + Map + Input Downsample: 0.012226 ave match: 0.110517 ave solve: 0.003446  ave ICP: 0.121030  map incre: 0.013026 ave total: 0.152737 icp: 0.114131 construct H: 0.001016 
[fastlio_mapping-2] [ mapping ]: time: IMU + Map + Input Downsample: 0.025689 ave match: 0.110627 ave solve: 0.003443  ave ICP: 0.144298  map incre: 0.026077 ave total: 0.152893 icp: 0.114238 construct H: 0.001015 
[fastlio_mapping-2] [ mapping ]: time: IMU + Map + Input Downsample: 0.014380 ave match: 0.110703 ave solve: 0.003441  ave ICP: 0.134972  map incre: 0.025268 ave total: 0.152971 icp: 0.114311 construct H: 0.001015 
[fastlio_mapping-2] [ mapping ]: time: IMU + Map + Input Downsample: 0.012993 ave match: 0.110748 ave solve: 0.003440  ave ICP: 0.126762  map incre: 0.021075 ave total: 0.152999 icp: 0.114355 construct H: 0.001014 
[fastlio_mapping-2] [ mapping ]: time: IMU + Map + Input Downsample: 0.024427 ave match: 0.110851 ave solve: 0.003439  ave ICP: 0.143322  map incre: 0.016036 ave total: 0.153108 icp: 0.114457 construct H: 0.001014 
[fastlio_mapping-2] [ mapping ]: time: IMU + Map + Input Downsample: 0.013726 ave match: 0.110903 ave solve: 0.003437  ave ICP: 0.129036  map incre: 0.020462 ave total: 0.153144 icp: 0.114507 construct H: 0.001014 
[fastlio_mapping-2] [ mapping ]: time: IMU + Map + Input Downsample: 0.012432 ave match: 0.110968 ave solve: 0.003435  ave ICP: 0.132328  map incre: 0.023109 ave total: 0.153196 icp: 0.114569 construct H: 0.001013 
[fastlio_mapping-2] [ mapping ]: time: IMU + Map + Input Downsample: 0.013084 ave match: 0.111015 ave solve: 0.003433  ave ICP: 0.127688  map incre: 0.050822 ave total: 0.153331 icp: 0.114615 construct H: 0.001012 
[fastlio_mapping-2] [ mapping ]: time: IMU + Map + Input Downsample: 0.022082 ave match: 0.111039 ave solve: 0.003429  ave ICP: 0.120505  map incre: 0.025668 ave total: 0.153384 icp: 0.114634 construct H: 0.001011 
[fastlio_mapping-2] [ mapping ]: time: IMU + Map + Input Downsample: 0.016514 ave match: 0.111052 ave solve: 0.003427  ave ICP: 0.118065  map incre: 0.025226 ave total: 0.153406 icp: 0.114645 construct H: 0.001011 
[fastlio_mapping-2] [ mapping ]: time: IMU + Map + Input Downsample: 0.019158 ave match: 0.111080 ave solve: 0.003425  ave ICP: 0.122556  map incre: 0.030942 ave total: 0.153473 icp: 0.114672 construct H: 0.001010 
[fastlio_mapping-2] [ mapping ]: time: IMU + Map + Input Downsample: 0.015841 ave match: 0.111107 ave solve: 0.003423  ave ICP: 0.122052  map incre: 0.025072 ave total: 0.153506 icp: 0.114696 construct H: 0.001009 
[fastlio_mapping-2] [ mapping ]: time: IMU + Map + Input Downsample: 0.020736 ave match: 0.111150 ave solve: 0.003422  ave ICP: 0.127014  map incre: 0.022802 ave total: 0.153565 icp: 0.114738 construct H: 0.001009 
[fastlio_mapping-2] [ mapping ]: time: IMU + Map + Input Downsample: 0.014732 ave match: 0.111170 ave solve: 0.003421  ave ICP: 0.120642  map incre: 0.019614 ave total: 0.153570 icp: 0.114757 construct H: 0.001009 
[fastlio_mapping-2] [ mapping ]: time: IMU + Map + Input Downsample: 0.024316 ave match: 0.111239 ave solve: 0.003423  ave ICP: 0.135884  map incre: 0.016668 ave total: 0.153650 icp: 0.114828 construct H: 0.001009 
[fastlio_mapping-2] [ mapping ]: time: IMU + Map + Input Downsample: 0.013562 ave match: 0.111304 ave solve: 0.003426  ave ICP: 0.134761  map incre: 0.016235 ave total: 0.153688 icp: 0.114896 construct H: 0.001011 
[fastlio_mapping-2] [ mapping ]: time: IMU + Map + Input Downsample: 0.012474 ave match: 0.111312 ave solve: 0.003425  ave ICP: 0.117539  map incre: 0.018772 ave total: 0.153671 icp: 0.114904 construct H: 0.001011 
[fastlio_mapping-2] [ mapping ]: time: IMU + Map + Input Downsample: 0.016134 ave match: 0.111326 ave solve: 0.003425  ave ICP: 0.119324  map incre: 0.013156 ave total: 0.153654 icp: 0.114918 construct H: 0.001011 
[fastlio_mapping-2] [ mapping ]: time: IMU + Map + Input Downsample: 0.012375 ave match: 0.111340 ave solve: 0.003425  ave ICP: 0.119202  map incre: 0.010016 ave total: 0.153613 icp: 0.114932 construct H: 0.001011 
[fastlio_mapping-2] [ mapping ]: time: IMU + Map + Input Downsample: 0.020018 ave match: 0.111389 ave solve: 0.003426  ave ICP: 0.129929  map incre: 0.011946 ave total: 0.153641 icp: 0.114981 construct H: 0.001011 
[fastlio_mapping-2] [ mapping ]: time: IMU + Map + Input Downsample: 0.016156 ave match: 0.111419 ave solve: 0.003426  ave ICP: 0.124234  map incre: 0.015443 ave total: 0.153648 icp: 0.115011 construct H: 0.001011 
[fastlio_mapping-2] [ mapping ]: time: IMU + Map + Input Downsample: 0.021497 ave match: 0.111467 ave solve: 0.003426  ave ICP: 0.129660  map incre: 0.014525 ave total: 0.153688 icp: 0.115060 construct H: 0.001011 
[fastlio_mapping-2] [ mapping ]: time: IMU + Map + Input Downsample: 0.018093 ave match: 0.111499 ave solve: 0.003426  ave ICP: 0.125156  map incre: 0.010771 ave total: 0.153690 icp: 0.115092 construct H: 0.001011 
[fastlio_mapping-2] [ mapping ]: time: IMU + Map + Input Downsample: 0.022522 ave match: 0.111530 ave solve: 0.003426  ave ICP: 0.124667  map incre: 0.010821 ave total: 0.153704 icp: 0.115123 construct H: 0.001011 
[fastlio_mapping-2] [ mapping ]: time: IMU + Map + Input Downsample: 0.019081 ave match: 0.111562 ave solve: 0.003426  ave ICP: 0.125076  map incre: 0.009695 ave total: 0.153704 icp: 0.115156 construct H: 0.001011 
[fastlio_mapping-2] [ mapping ]: time: IMU + Map + Input Downsample: 0.012309 ave match: 0.111582 ave solve: 0.003427  ave ICP: 0.121568  map incre: 0.009514 ave total: 0.153670 icp: 0.115176 construct H: 0.001011 
[fastlio_mapping-2] [ mapping ]: time: IMU + Map + Input Downsample: 0.014819 ave match: 0.111607 ave solve: 0.003427  ave ICP: 0.123123  map incre: 0.011229 ave total: 0.153655 icp: 0.115201 construct H: 0.001011 
[fastlio_mapping-2] [ mapping ]: time: IMU + Map + Input Downsample: 0.022182 ave match: 0.111628 ave solve: 0.003426  ave ICP: 0.121555  map incre: 0.010922 ave total: 0.153659 icp: 0.115221 construct H: 0.001011 
[fastlio_mapping-2] [ mapping ]: time: IMU + Map + Input Downsample: 0.019693 ave match: 0.111665 ave solve: 0.003426  ave ICP: 0.126757  map incre: 0.012297 ave total: 0.153675 icp: 0.115258 construct H: 0.001011 
[fastlio_mapping-2] [ mapping ]: time: IMU + Map + Input Downsample: 0.017917 ave match: 0.111683 ave solve: 0.003426  ave ICP: 0.121168  map incre: 0.011351 ave total: 0.153665 icp: 0.115276 construct H: 0.001011 
[fastlio_mapping-2] [ mapping ]: time: IMU + Map + Input Downsample: 0.022435 ave match: 0.111743 ave solve: 0.003425  ave ICP: 0.133889  map incre: 0.015469 ave total: 0.153724 icp: 0.115335 construct H: 0.001010 
[fastlio_mapping-2] [ mapping ]: time: IMU + Map + Input Downsample: 0.023884 ave match: 0.111789 ave solve: 0.003425  ave ICP: 0.129641  map incre: 0.014388 ave total: 0.153770 icp: 0.115381 construct H: 0.001010 
[fastlio_mapping-2] [ mapping ]: time: IMU + Map + Input Downsample: 0.013564 ave match: 0.111812 ave solve: 0.003424  ave ICP: 0.122550  map incre: 0.011513 ave total: 0.153750 icp: 0.115403 construct H: 0.001010 
[fastlio_mapping-2] [ mapping ]: time: IMU + Map + Input Downsample: 0.019585 ave match: 0.111828 ave solve: 0.003424  ave ICP: 0.120825  map incre: 0.011458 ave total: 0.153744 icp: 0.115419 construct H: 0.001010 
[fastlio_mapping-2] [ mapping ]: time: IMU + Map + Input Downsample: 0.022254 ave match: 0.111862 ave solve: 0.003423  ave ICP: 0.126037  map incre: 0.012165 ave total: 0.153766 icp: 0.115452 construct H: 0.001010 
[fastlio_mapping-2] [ mapping ]: time: IMU + Map + Input Downsample: 0.023034 ave match: 0.111884 ave solve: 0.003423  ave ICP: 0.122247  map incre: 0.009169 ave total: 0.153768 icp: 0.115473 construct H: 0.001010 
[fastlio_mapping-2] [ mapping ]: time: IMU + Map + Input Downsample: 0.019525 ave match: 0.111917 ave solve: 0.003422  ave ICP: 0.125980  map incre: 0.012376 ave total: 0.153781 icp: 0.115506 construct H: 0.001010 
[fastlio_mapping-2] [ mapping ]: time: IMU + Map + Input Downsample: 0.021903 ave match: 0.111965 ave solve: 0.003422  ave ICP: 0.130912  map incre: 0.011953 ave total: 0.153816 icp: 0.115554 construct H: 0.001009 
[fastlio_mapping-2] [ mapping ]: time: IMU + Map + Input Downsample: 0.013426 ave match: 0.111976 ave solve: 0.003422  ave ICP: 0.119472  map incre: 0.011258 ave total: 0.153785 icp: 0.115565 construct H: 0.001009 
[fastlio_mapping-2] [ mapping ]: time: IMU + Map + Input Downsample: 0.013741 ave match: 0.111991 ave solve: 0.003421  ave ICP: 0.120410  map incre: 0.012850 ave total: 0.153764 icp: 0.115580 construct H: 0.001009 
[fastlio_mapping-2] [ mapping ]: time: IMU + Map + Input Downsample: 0.017646 ave match: 0.112017 ave solve: 0.003421  ave ICP: 0.123704  map incre: 0.012269 ave total: 0.153763 icp: 0.115604 construct H: 0.001009 
[fastlio_mapping-2] [ mapping ]: time: IMU + Map + Input Downsample: 0.021815 ave match: 0.112038 ave solve: 0.003420  ave ICP: 0.122538  map incre: 0.009904 ave total: 0.153765 icp: 0.115625 construct H: 0.001009 
[fastlio_mapping-2] [ mapping ]: time: IMU + Map + Input Downsample: 0.022095 ave match: 0.112067 ave solve: 0.003420  ave ICP: 0.125063  map incre: 0.009816 ave total: 0.153775 icp: 0.115654 construct H: 0.001009 
[fastlio_mapping-2] [ mapping ]: time: IMU + Map + Input Downsample: 0.018224 ave match: 0.112114 ave solve: 0.003419  ave ICP: 0.130955  map incre: 0.010198 ave total: 0.153792 icp: 0.115700 construct H: 0.001009 
[fastlio_mapping-2] [ mapping ]: time: IMU + Map + Input Downsample: 0.025642 ave match: 0.112180 ave solve: 0.003419  ave ICP: 0.137266  map incre: 0.013720 ave total: 0.153864 icp: 0.115766 construct H: 0.001009 
[fastlio_mapping-2] [ mapping ]: time: IMU + Map + Input Downsample: 0.018903 ave match: 0.112213 ave solve: 0.003419  ave ICP: 0.126549  map incre: 0.011932 ave total: 0.153875 icp: 0.115799 construct H: 0.001009 
[fastlio_mapping-2] [ mapping ]: time: IMU + Map + Input Downsample: 0.021994 ave match: 0.112243 ave solve: 0.003418  ave ICP: 0.125565  map incre: 0.010849 ave total: 0.153889 icp: 0.115828 construct H: 0.001008 
[fastlio_mapping-2] [ mapping ]: time: IMU + Map + Input Downsample: 0.014604 ave match: 0.112296 ave solve: 0.003418  ave ICP: 0.133225  map incre: 0.018389 ave total: 0.153927 icp: 0.115881 construct H: 0.001008 
[fastlio_mapping-2] [ mapping ]: time: IMU + Map + Input Downsample: 0.012795 ave match: 0.112342 ave solve: 0.003418  ave ICP: 0.131038  map incre: 0.013266 ave total: 0.153936 icp: 0.115927 construct H: 0.001009 
[fastlio_mapping-2] [ mapping ]: time: IMU + Map + Input Downsample: 0.014062 ave match: 0.112402 ave solve: 0.003422  ave ICP: 0.136973  map incre: 0.011026 ave total: 0.153961 icp: 0.115991 construct H: 0.001009 
[fastlio_mapping-2] [ mapping ]: time: IMU + Map + Input Downsample: 0.023959 ave match: 0.112466 ave solve: 0.003421  ave ICP: 0.136803  map incre: 0.014733 ave total: 0.154027 icp: 0.116053 construct H: 0.001009 
[fastlio_mapping-2] [ mapping ]: time: IMU + Map + Input Downsample: 0.013543 ave match: 0.112485 ave solve: 0.003421  ave ICP: 0.122589  map incre: 0.012720 ave total: 0.154011 icp: 0.116072 construct H: 0.001009 
[fastlio_mapping-2] [ mapping ]: time: IMU + Map + Input Downsample: 0.012340 ave match: 0.112498 ave solve: 0.003420  ave ICP: 0.120380  map incre: 0.012297 ave total: 0.153984 icp: 0.116085 construct H: 0.001009 
[fastlio_mapping-2] [ mapping ]: time: IMU + Map + Input Downsample: 0.018167 ave match: 0.112523 ave solve: 0.003419  ave ICP: 0.124304  map incre: 0.014278 ave total: 0.153992 icp: 0.116109 construct H: 0.001009 
[fastlio_mapping-2] [ mapping ]: time: IMU + Map + Input Downsample: 0.021997 ave match: 0.112546 ave solve: 0.003418  ave ICP: 0.123742  map incre: 0.010825 ave total: 0.154000 icp: 0.116131 construct H: 0.001008 
[fastlio_mapping-2] [ mapping ]: time: IMU + Map + Input Downsample: 0.020035 ave match: 0.112582 ave solve: 0.003417  ave ICP: 0.128027  map incre: 0.014109 ave total: 0.154025 icp: 0.116166 construct H: 0.001008 
[fastlio_mapping-2] [ mapping ]: time: IMU + Map + Input Downsample: 0.012551 ave match: 0.112601 ave solve: 0.003416  ave ICP: 0.122482  map incre: 0.010157 ave total: 0.153998 icp: 0.116184 construct H: 0.001008 
[fastlio_mapping-2] [ mapping ]: time: IMU + Map + Input Downsample: 0.013336 ave match: 0.112626 ave solve: 0.003415  ave ICP: 0.124536  map incre: 0.012156 ave total: 0.153986 icp: 0.116208 construct H: 0.001007 
[fastlio_mapping-2] [ mapping ]: time: IMU + Map + Input Downsample: 0.021547 ave match: 0.112684 ave solve: 0.003414  ave ICP: 0.135429  map incre: 0.016368 ave total: 0.154044 icp: 0.116265 construct H: 0.001007 
[fastlio_mapping-2] [ mapping ]: time: IMU + Map + Input Downsample: 0.020918 ave match: 0.112772 ave solve: 0.003414  ave ICP: 0.146030  map incre: 0.027336 ave total: 0.154164 icp: 0.116352 construct H: 0.001007 
[fastlio_mapping-2] [ mapping ]: time: IMU + Map + Input Downsample: 0.014265 ave match: 0.112816 ave solve: 0.003412  ave ICP: 0.130932  map incre: 0.026826 ave total: 0.154217 icp: 0.116394 construct H: 0.001007 
[fastlio_mapping-2] [ mapping ]: time: IMU + Map + Input Downsample: 0.012390 ave match: 0.112851 ave solve: 0.003411  ave ICP: 0.127998  map incre: 0.023753 ave total: 0.154246 icp: 0.116428 construct H: 0.001006 
[fastlio_mapping-2] [ mapping ]: time: IMU + Map + Input Downsample: 0.017479 ave match: 0.112929 ave solve: 0.003409  ave ICP: 0.142599  map incre: 0.027298 ave total: 0.154344 icp: 0.116504 construct H: 0.001006 
[fastlio_mapping-2] [ mapping ]: time: IMU + Map + Input Downsample: 0.012429 ave match: 0.112959 ave solve: 0.003407  ave ICP: 0.126535  map incre: 0.023145 ave total: 0.154367 icp: 0.116533 construct H: 0.001005 
[fastlio_mapping-2] [ mapping ]: time: IMU + Map + Input Downsample: 0.014628 ave match: 0.113015 ave solve: 0.003405  ave ICP: 0.135230  map incre: 0.023888 ave total: 0.154424 icp: 0.116587 construct H: 0.001004 
[fastlio_mapping-2] [ mapping ]: time: IMU + Map + Input Downsample: 0.020793 ave match: 0.113068 ave solve: 0.003403  ave ICP: 0.134309  map incre: 0.025099 ave total: 0.154499 icp: 0.116638 construct H: 0.001004 
[fastlio_mapping-2] [ mapping ]: time: IMU + Map + Input Downsample: 0.022225 ave match: 0.113123 ave solve: 0.003402  ave ICP: 0.135514  map incre: 0.024465 ave total: 0.154580 icp: 0.116692 construct H: 0.001003 
[fastlio_mapping-2] [ mapping ]: time: IMU + Map + Input Downsample: 0.013895 ave match: 0.113142 ave solve: 0.003402  ave ICP: 0.123474  map incre: 0.022828 ave total: 0.154596 icp: 0.116711 construct H: 0.001003 
[fastlio_mapping-2] [ mapping ]: time: IMU + Map + Input Downsample: 0.023114 ave match: 0.113175 ave solve: 0.003402  ave ICP: 0.128315  map incre: 0.025203 ave total: 0.154660 icp: 0.116743 construct H: 0.001003 
[fastlio_mapping-2] [ mapping ]: time: IMU + Map + Input Downsample: 0.018840 ave match: 0.113197 ave solve: 0.003402  ave ICP: 0.124785  map incre: 0.016902 ave total: 0.154677 icp: 0.116766 construct H: 0.001003 
[fastlio_mapping-2] [ mapping ]: time: IMU + Map + Input Downsample: 0.012938 ave match: 0.113223 ave solve: 0.003401  ave ICP: 0.125468  map incre: 0.015066 ave total: 0.154673 icp: 0.116790 construct H: 0.001003 
[fastlio_mapping-2] [ mapping ]: time: IMU + Map + Input Downsample: 0.019935 ave match: 0.113247 ave solve: 0.003401  ave ICP: 0.125512  map incre: 0.012547 ave total: 0.154683 icp: 0.116814 construct H: 0.001003 
[fastlio_mapping-2] [ mapping ]: time: IMU + Map + Input Downsample: 0.013711 ave match: 0.113263 ave solve: 0.003401  ave ICP: 0.122834  map incre: 0.014074 ave total: 0.154671 icp: 0.116831 construct H: 0.001003 
[fastlio_mapping-2] [ mapping ]: time: IMU + Map + Input Downsample: 0.018857 ave match: 0.113294 ave solve: 0.003401  ave ICP: 0.127923  map incre: 0.011999 ave total: 0.154683 icp: 0.116862 construct H: 0.001003 
[fastlio_mapping-2] [ mapping ]: time: IMU + Map + Input Downsample: 0.019334 ave match: 0.113323 ave solve: 0.003402  ave ICP: 0.127322  map incre: 0.013171 ave total: 0.154698 icp: 0.116891 construct H: 0.001003 
[fastlio_mapping-2] [ mapping ]: time: IMU + Map + Input Downsample: 0.012275 ave match: 0.113340 ave solve: 0.003402  ave ICP: 0.123175  map incre: 0.010823 ave total: 0.154674 icp: 0.116907 construct H: 0.001003 
[fastlio_mapping-2] [ mapping ]: time: IMU + Map + Input Downsample: 0.019794 ave match: 0.113364 ave solve: 0.003402  ave ICP: 0.125775  map incre: 0.010090 ave total: 0.154677 icp: 0.116932 construct H: 0.001003 
[fastlio_mapping-2] [ mapping ]: time: IMU + Map + Input Downsample: 0.014642 ave match: 0.113410 ave solve: 0.003402  ave ICP: 0.133522  map incre: 0.014447 ave total: 0.154699 icp: 0.116978 construct H: 0.001003 
[fastlio_mapping-2] [ mapping ]: time: IMU + Map + Input Downsample: 0.019980 ave match: 0.113478 ave solve: 0.003402  ave ICP: 0.141698  map incre: 0.014600 ave total: 0.154760 icp: 0.117046 construct H: 0.001003 
[fastlio_mapping-2] [ mapping ]: time: IMU + Map + Input Downsample: 0.012777 ave match: 0.113496 ave solve: 0.003402  ave ICP: 0.123705  map incre: 0.013562 ave total: 0.154747 icp: 0.117064 construct H: 0.001003 
[fastlio_mapping-2] [ mapping ]: time: IMU + Map + Input Downsample: 0.014530 ave match: 0.113524 ave solve: 0.003401  ave ICP: 0.127170  map incre: 0.012007 ave total: 0.154744 icp: 0.117091 construct H: 0.001003 
[fastlio_mapping-2] [ mapping ]: time: IMU + Map + Input Downsample: 0.023483 ave match: 0.113601 ave solve: 0.003403  ave ICP: 0.145603  map incre: 0.016543 ave total: 0.154830 icp: 0.117170 construct H: 0.001003 
[fastlio_mapping-2] [ mapping ]: time: IMU + Map + Input Downsample: 0.013828 ave match: 0.113649 ave solve: 0.003404  ave ICP: 0.135225  map incre: 0.013761 ave total: 0.154852 icp: 0.117219 construct H: 0.001003 
[fastlio_mapping-2] [ mapping ]: time: IMU + Map + Input Downsample: 0.013349 ave match: 0.113669 ave solve: 0.003404  ave ICP: 0.124506  map incre: 0.013128 ave total: 0.154841 icp: 0.117238 construct H: 0.001003 
[fastlio_mapping-2] [ mapping ]: time: IMU + Map + Input Downsample: 0.019261 ave match: 0.113720 ave solve: 0.003402  ave ICP: 0.135644  map incre: 0.026099 ave total: 0.154914 icp: 0.117288 construct H: 0.001003 
[fastlio_mapping-2] [ mapping ]: time: IMU + Map + Input Downsample: 0.021558 ave match: 0.113752 ave solve: 0.003401  ave ICP: 0.128939  map incre: 0.021599 ave total: 0.154961 icp: 0.117320 construct H: 0.001003 
[fastlio_mapping-2] [ mapping ]: time: IMU + Map + Input Downsample: 0.020091 ave match: 0.113795 ave solve: 0.003400  ave ICP: 0.132714  map incre: 0.024619 ave total: 0.155023 icp: 0.117361 construct H: 0.001002 
[fastlio_mapping-2] [ mapping ]: time: IMU + Map + Input Downsample: 0.016794 ave match: 0.113821 ave solve: 0.003399  ave ICP: 0.126808  map incre: 0.023757 ave total: 0.155057 icp: 0.117386 construct H: 0.001002 
[fastlio_mapping-2] [ mapping ]: time: IMU + Map + Input Downsample: 0.012958 ave match: 0.113858 ave solve: 0.003398  ave ICP: 0.130701  map incre: 0.021344 ave total: 0.155084 icp: 0.117422 construct H: 0.001001 
[fastlio_mapping-2] [ mapping ]: time: IMU + Map + Input Downsample: 0.012644 ave match: 0.113886 ave solve: 0.003396  ave ICP: 0.127292  map incre: 0.022348 ave total: 0.155104 icp: 0.117448 construct H: 0.001001 
[fastlio_mapping-2] [ mapping ]: time: IMU + Map + Input Downsample: 0.012511 ave match: 0.113910 ave solve: 0.003395  ave ICP: 0.126058  map incre: 0.022577 ave total: 0.155121 icp: 0.117471 construct H: 0.001001 
[fastlio_mapping-2] [ mapping ]: time: IMU + Map + Input Downsample: 0.012950 ave match: 0.113943 ave solve: 0.003394  ave ICP: 0.129645  map incre: 0.027396 ave total: 0.155161 icp: 0.117503 construct H: 0.001000 
[fastlio_mapping-2] [ mapping ]: time: IMU + Map + Input Downsample: 0.025769 ave match: 0.114034 ave solve: 0.003394  ave ICP: 0.151344  map incre: 0.029513 ave total: 0.155300 icp: 0.117594 construct H: 0.001000 
[fastlio_mapping-2] [ mapping ]: time: IMU + Map + Input Downsample: 0.022415 ave match: 0.114082 ave solve: 0.003391  ave ICP: 0.134369  map incre: 0.039037 ave total: 0.155410 icp: 0.117639 construct H: 0.000999 
[fastlio_mapping-2] [ mapping ]: time: IMU + Map + Input Downsample: 0.015702 ave match: 0.114109 ave solve: 0.003389  ave ICP: 0.127243  map incre: 0.028756 ave total: 0.155454 icp: 0.117664 construct H: 0.000998 
[fastlio_mapping-2] [ mapping ]: time: IMU + Map + Input Downsample: 0.025271 ave match: 0.114188 ave solve: 0.003390  ave ICP: 0.147807  map incre: 0.034366 ave total: 0.155594 icp: 0.117743 construct H: 0.000998 
[fastlio_mapping-2] [ mapping ]: time: IMU + Map + Input Downsample: 0.012604 ave match: 0.114202 ave solve: 0.003389  ave ICP: 0.122721  map incre: 0.029776 ave total: 0.155619 icp: 0.117756 construct H: 0.000998 
[fastlio_mapping-2] [ mapping ]: time: IMU + Map + Input Downsample: 0.012994 ave match: 0.114217 ave solve: 0.003388  ave ICP: 0.123716  map incre: 0.020646 ave total: 0.155624 icp: 0.117771 construct H: 0.000998 
[fastlio_mapping-2] [ mapping ]: time: IMU + Map + Input Downsample: 0.018425 ave match: 0.114236 ave solve: 0.003388  ave ICP: 0.124951  map incre: 0.019771 ave total: 0.155644 icp: 0.117790 construct H: 0.000998 
[fastlio_mapping-2] [ mapping ]: time: IMU + Map + Input Downsample: 0.023648 ave match: 0.114268 ave solve: 0.003388  ave ICP: 0.130099  map incre: 0.020764 ave total: 0.155694 icp: 0.117822 construct H: 0.000998 
[fastlio_mapping-2] [ mapping ]: time: IMU + Map + Input Downsample: 0.020516 ave match: 0.114292 ave solve: 0.003387  ave ICP: 0.127029  map incre: 0.015132 ave total: 0.155712 icp: 0.117845 construct H: 0.000998 
[fastlio_mapping-2] [ mapping ]: time: IMU + Map + Input Downsample: 0.019254 ave match: 0.114315 ave solve: 0.003387  ave ICP: 0.126659  map incre: 0.017169 ave total: 0.155732 icp: 0.117868 construct H: 0.000998 
[fastlio_mapping-2] [ mapping ]: time: IMU + Map + Input Downsample: 0.017995 ave match: 0.114340 ave solve: 0.003387  ave ICP: 0.127689  map incre: 0.017023 ave total: 0.155750 icp: 0.117893 construct H: 0.000998 
[fastlio_mapping-2] [ mapping ]: time: IMU + Map + Input Downsample: 0.012595 ave match: 0.114351 ave solve: 0.003387  ave ICP: 0.122403  map incre: 0.012657 ave total: 0.155729 icp: 0.117904 construct H: 0.000998 
[fastlio_mapping-2] [ mapping ]: time: IMU + Map + Input Downsample: 0.013023 ave match: 0.114358 ave solve: 0.003387  ave ICP: 0.120604  map incre: 0.014628 ave total: 0.155709 icp: 0.117910 construct H: 0.000997 
[fastlio_mapping-2] [ mapping ]: time: IMU + Map + Input Downsample: 0.019466 ave match: 0.114371 ave solve: 0.003387  ave ICP: 0.123234  map incre: 0.012362 ave total: 0.155708 icp: 0.117923 construct H: 0.000997 
[fastlio_mapping-2] [ mapping ]: time: IMU + Map + Input Downsample: 0.012980 ave match: 0.114382 ave solve: 0.003386  ave ICP: 0.122237  map incre: 0.013650 ave total: 0.155690 icp: 0.117934 construct H: 0.000997 
[fastlio_mapping-2] [ mapping ]: time: IMU + Map + Input Downsample: 0.020790 ave match: 0.114416 ave solve: 0.003386  ave ICP: 0.131142  map incre: 0.014056 ave total: 0.155717 icp: 0.117968 construct H: 0.000997 
[fastlio_mapping-2] [ mapping ]: time: IMU + Map + Input Downsample: 0.017947 ave match: 0.114451 ave solve: 0.003385  ave ICP: 0.131247  map incre: 0.026234 ave total: 0.155768 icp: 0.118001 construct H: 0.000997 
[fastlio_mapping-2] [ mapping ]: time: IMU + Map + Input Downsample: 0.013172 ave match: 0.114484 ave solve: 0.003383  ave ICP: 0.130172  map incre: 0.027518 ave total: 0.155807 icp: 0.118032 construct H: 0.000996 
[fastlio_mapping-2] [ mapping ]: time: IMU + Map + Input Downsample: 0.017986 ave match: 0.114547 ave solve: 0.003382  ave ICP: 0.142680  map incre: 0.028058 ave total: 0.155892 icp: 0.118095 construct H: 0.000996 
[fastlio_mapping-2] [ mapping ]: time: IMU + Map + Input Downsample: 0.012669 ave match: 0.114617 ave solve: 0.003382  ave ICP: 0.145170  map incre: 0.029611 ave total: 0.155973 icp: 0.118164 construct H: 0.000996 
[fastlio_mapping-2] [ mapping ]: time: IMU + Map + Input Downsample: 0.013824 ave match: 0.114662 ave solve: 0.003380  ave ICP: 0.135463  map incre: 0.024126 ave total: 0.156018 icp: 0.118207 construct H: 0.000995 
[fastlio_mapping-2] [ mapping ]: time: IMU + Map + Input Downsample: 0.012303 ave match: 0.114698 ave solve: 0.003379  ave ICP: 0.132063  map incre: 0.025004 ave total: 0.156052 icp: 0.118242 construct H: 0.000995 
[fastlio_mapping-2] [ mapping ]: time: IMU + Map + Input Downsample: 0.006123 ave match: 0.114727 ave solve: 0.003378  ave ICP: 0.129408  map incre: 0.020114 ave total: 0.156051 icp: 0.118270 construct H: 0.000995 
[fastlio_mapping-2] [ mapping ]: time: IMU + Map + Input Downsample: 0.012474 ave match: 0.114752 ave solve: 0.003377  ave ICP: 0.128086  map incre: 0.025098 ave total: 0.156076 icp: 0.118294 construct H: 0.000994 
[fastlio_mapping-2] [ mapping ]: time: IMU + Map + Input Downsample: 0.015864 ave match: 0.114815 ave solve: 0.003377  ave ICP: 0.143255  map incre: 0.019222 ave total: 0.156133 icp: 0.118357 construct H: 0.000995 
[fastlio_mapping-2] [ mapping ]: time: IMU + Map + Input Downsample: 0.018212 ave match: 0.114884 ave solve: 0.003376  ave ICP: 0.145545  map incre: 0.016264 ave total: 0.156193 icp: 0.118425 construct H: 0.000994 
[fastlio_mapping-2] [ mapping ]: time: IMU + Map + Input Downsample: 0.025426 ave match: 0.114976 ave solve: 0.003376  ave ICP: 0.154744  map incre: 0.018148 ave total: 0.156300 icp: 0.118516 construct H: 0.000994 
[fastlio_mapping-2] [ mapping ]: time: IMU + Map + Input Downsample: 0.013609 ave match: 0.115003 ave solve: 0.003375  ave ICP: 0.129325  map incre: 0.013111 ave total: 0.156299 icp: 0.118543 construct H: 0.000994 
[fastlio_mapping-2] [ mapping ]: time: IMU + Map + Input Downsample: 0.016565 ave match: 0.115044 ave solve: 0.003374  ave ICP: 0.134633  map incre: 0.011352 ave total: 0.156315 icp: 0.118583 construct H: 0.000994 
[fastlio_mapping-2] [ mapping ]: time: IMU + Map + Input Downsample: 0.019467 ave match: 0.115120 ave solve: 0.003375  ave ICP: 0.149301  map incre: 0.017169 ave total: 0.156389 icp: 0.118659 construct H: 0.000994 
[fastlio_mapping-2] [ mapping ]: time: IMU + Map + Input Downsample: 0.022668 ave match: 0.115170 ave solve: 0.003374  ave ICP: 0.138454  map incre: 0.012738 ave total: 0.156433 icp: 0.118708 construct H: 0.000993 
[fastlio_mapping-2] [ mapping ]: time: IMU + Map + Input Downsample: 0.018531 ave match: 0.115215 ave solve: 0.003373  ave ICP: 0.136884  map incre: 0.013444 ave total: 0.156464 icp: 0.118753 construct H: 0.000993 
[fastlio_mapping-2] [ mapping ]: time: IMU + Map + Input Downsample: 0.019315 ave match: 0.115288 ave solve: 0.003373  ave ICP: 0.148605  map incre: 0.016558 ave total: 0.156534 icp: 0.118826 construct H: 0.000993 
[fastlio_mapping-2] [ mapping ]: time: IMU + Map + Input Downsample: 0.018316 ave match: 0.115326 ave solve: 0.003373  ave ICP: 0.134264  map incre: 0.012747 ave total: 0.156556 icp: 0.118864 construct H: 0.000993 
[fastlio_mapping-2] [ mapping ]: time: IMU + Map + Input Downsample: 0.012986 ave match: 0.115393 ave solve: 0.003374  ave ICP: 0.146515  map incre: 0.010294 ave total: 0.156589 icp: 0.118932 construct H: 0.000993 
[fastlio_mapping-2] [ mapping ]: time: IMU + Map + Input Downsample: 0.016972 ave match: 0.115457 ave solve: 0.003374  ave ICP: 0.145399  map incre: 0.013885 ave total: 0.156638 icp: 0.118997 construct H: 0.000994 
[fastlio_mapping-2] [ mapping ]: time: IMU + Map + Input Downsample: 0.012970 ave match: 0.115494 ave solve: 0.003373  ave ICP: 0.133619  map incre: 0.014340 ave total: 0.156648 icp: 0.119032 construct H: 0.000993 
[fastlio_mapping-2] [ mapping ]: time: IMU + Map + Input Downsample: 0.014929 ave match: 0.115527 ave solve: 0.003372  ave ICP: 0.132374  map incre: 0.011096 ave total: 0.156652 icp: 0.119064 construct H: 0.000993 
[fastlio_mapping-2] [ mapping ]: time: IMU + Map + Input Downsample: 0.013188 ave match: 0.115554 ave solve: 0.003372  ave ICP: 0.130243  map incre: 0.010717 ave total: 0.156646 icp: 0.119091 construct H: 0.000993 
[fastlio_mapping-2] [ mapping ]: time: IMU + Map + Input Downsample: 0.014044 ave match: 0.115607 ave solve: 0.003371  ave ICP: 0.140767  map incre: 0.016681 ave total: 0.156683 icp: 0.119143 construct H: 0.000992 
[fastlio_mapping-2] [ mapping ]: time: IMU + Map + Input Downsample: 0.015250 ave match: 0.115664 ave solve: 0.003371  ave ICP: 0.142618  map incre: 0.012930 ave total: 0.156717 icp: 0.119200 construct H: 0.000992 
[fastlio_mapping-2] [ mapping ]: time: IMU + Map + Input Downsample: 0.012609 ave match: 0.115697 ave solve: 0.003370  ave ICP: 0.132741  map incre: 0.010817 ave total: 0.156716 icp: 0.119232 construct H: 0.000992 
[fastlio_mapping-2] [ mapping ]: time: IMU + Map + Input Downsample: 0.015100 ave match: 0.115732 ave solve: 0.003369  ave ICP: 0.133262  map incre: 0.011541 ave total: 0.156724 icp: 0.119266 construct H: 0.000992 
[fastlio_mapping-2] [ mapping ]: time: IMU + Map + Input Downsample: 0.013210 ave match: 0.115767 ave solve: 0.003369  ave ICP: 0.134001  map incre: 0.012639 ave total: 0.156731 icp: 0.119301 construct H: 0.000992 
[fastlio_mapping-2] [ mapping ]: time: IMU + Map + Input Downsample: 0.012629 ave match: 0.115804 ave solve: 0.003368  ave ICP: 0.134442  map incre: 0.009532 ave total: 0.156731 icp: 0.119337 construct H: 0.000992 
[fastlio_mapping-2] [ mapping ]: time: IMU + Map + Input Downsample: 0.023022 ave match: 0.115857 ave solve: 0.003367  ave ICP: 0.140912  map incre: 0.012887 ave total: 0.156779 icp: 0.119388 construct H: 0.000991 
[fastlio_mapping-2] [ mapping ]: time: IMU + Map + Input Downsample: 0.012607 ave match: 0.115891 ave solve: 0.003366  ave ICP: 0.133760  map incre: 0.010468 ave total: 0.156780 icp: 0.119422 construct H: 0.000991 
[fastlio_mapping-2] [ mapping ]: time: IMU + Map + Input Downsample: 0.013052 ave match: 0.115922 ave solve: 0.003366  ave ICP: 0.132364  map incre: 0.012803 ave total: 0.156783 icp: 0.119453 construct H: 0.000991 
[fastlio_mapping-2] [ mapping ]: time: IMU + Map + Input Downsample: 0.015495 ave match: 0.115954 ave solve: 0.003365  ave ICP: 0.132624  map incre: 0.010615 ave total: 0.156788 icp: 0.119484 construct H: 0.000990 
[fastlio_mapping-2] [ mapping ]: time: IMU + Map + Input Downsample: 0.012863 ave match: 0.115983 ave solve: 0.003364  ave ICP: 0.131824  map incre: 0.009836 ave total: 0.156782 icp: 0.119512 construct H: 0.000990 
[fastlio_mapping-2] [ mapping ]: time: IMU + Map + Input Downsample: 0.013667 ave match: 0.116022 ave solve: 0.003364  ave ICP: 0.135583  map incre: 0.007790 ave total: 0.156783 icp: 0.119550 construct H: 0.000990 
[fastlio_mapping-2] [ mapping ]: time: IMU + Map + Input Downsample: 0.016465 ave match: 0.116064 ave solve: 0.003363  ave ICP: 0.137072  map incre: 0.008261 ave total: 0.156795 icp: 0.119591 construct H: 0.000990 
[fastlio_mapping-2] [ mapping ]: time: IMU + Map + Input Downsample: 0.015671 ave match: 0.116138 ave solve: 0.003362  ave ICP: 0.151024  map incre: 0.014092 ave total: 0.156852 icp: 0.119665 construct H: 0.000989 
[fastlio_mapping-2] [ mapping ]: time: IMU + Map + Input Downsample: 0.013005 ave match: 0.116206 ave solve: 0.003362  ave ICP: 0.148205  map incre: 0.019627 ave total: 0.156909 icp: 0.119732 construct H: 0.000989 
[fastlio_mapping-2] [ mapping ]: time: IMU + Map + Input Downsample: 0.020344 ave match: 0.116272 ave solve: 0.003360  ave ICP: 0.147227  map incre: 0.030051 ave total: 0.157005 icp: 0.119796 construct H: 0.000989 
[fastlio_mapping-2] [ mapping ]: time: IMU + Map + Input Downsample: 0.012757 ave match: 0.116323 ave solve: 0.003357  ave ICP: 0.140491  map incre: 0.030439 ave total: 0.157068 icp: 0.119844 construct H: 0.000988 
[fastlio_mapping-2] [ mapping ]: time: IMU + Map + Input Downsample: 0.013460 ave match: 0.116357 ave solve: 0.003354  ave ICP: 0.133144  map incre: 0.033671 ave total: 0.157122 icp: 0.119875 construct H: 0.000987 
[fastlio_mapping-2] [ mapping ]: time: IMU + Map + Input Downsample: 0.020195 ave match: 0.116409 ave solve: 0.003350  ave ICP: 0.140776  map incre: 0.035459 ave total: 0.157215 icp: 0.119923 construct H: 0.000986 
[fastlio_mapping-2] [ mapping ]: time: IMU + Map + Input Downsample: 0.020732 ave match: 0.116447 ave solve: 0.003346  ave ICP: 0.134541  map incre: 0.033088 ave total: 0.157288 icp: 0.119957 construct H: 0.000985 
[fastlio_mapping-2] [ mapping ]: time: IMU + Map + Input Downsample: 0.014115 ave match: 0.116466 ave solve: 0.003343  ave ICP: 0.127044  map incre: 0.026481 ave total: 0.157312 icp: 0.119973 construct H: 0.000983 
[fastlio_mapping-2] [ mapping ]: time: IMU + Map + Input Downsample: 0.012555 ave match: 0.116486 ave solve: 0.003339  ave ICP: 0.127238  map incre: 0.022810 ave total: 0.157324 icp: 0.119989 construct H: 0.000982 
[fastlio_mapping-2] [ mapping ]: time: IMU + Map + Input Downsample: 0.012836 ave match: 0.116508 ave solve: 0.003336  ave ICP: 0.127995  map incre: 0.021600 ave total: 0.157336 icp: 0.120007 construct H: 0.000981 
[fastlio_mapping-2] [ mapping ]: time: IMU + Map + Input Downsample: 0.012652 ave match: 0.116524 ave solve: 0.003332  ave ICP: 0.125533  map incre: 0.016643 ave total: 0.157330 icp: 0.120019 construct H: 0.000980 
[fastlio_mapping-2] [ mapping ]: time: IMU + Map + Input Downsample: 0.012736 ave match: 0.116540 ave solve: 0.003329  ave ICP: 0.125834  map incre: 0.016956 ave total: 0.157326 icp: 0.120032 construct H: 0.000979 
[fastlio_mapping-2] [ mapping ]: time: IMU + Map + Input Downsample: 0.012471 ave match: 0.116578 ave solve: 0.003325  ave ICP: 0.134950  map incre: 0.031494 ave total: 0.157376 icp: 0.120066 construct H: 0.000978 
[fastlio_mapping-2] [ mapping ]: time: IMU + Map + Input Downsample: 0.021449 ave match: 0.116649 ave solve: 0.003322  ave ICP: 0.149802  map incre: 0.029585 ave total: 0.157476 icp: 0.120134 construct H: 0.000977 
[fastlio_mapping-2] [ mapping ]: time: IMU + Map + Input Downsample: 0.016460 ave match: 0.116703 ave solve: 0.003318  ave ICP: 0.142210  map incre: 0.027828 ave total: 0.157543 icp: 0.120184 construct H: 0.000975 
[fastlio_mapping-2] [ mapping ]: time: IMU + Map + Input Downsample: 0.020618 ave match: 0.116782 ave solve: 0.003314  ave ICP: 0.153032  map incre: 0.030207 ave total: 0.157649 icp: 0.120258 construct H: 0.000974 
[fastlio_mapping-2] [ mapping ]: time: IMU + Map + Input Downsample: 0.006044 ave match: 0.116816 ave solve: 0.003310  ave ICP: 0.133662  map incre: 0.022307 ave total: 0.157659 icp: 0.120288 construct H: 0.000973 
[fastlio_mapping-2] [ mapping ]: time: IMU + Map + Input Downsample: 0.012406 ave match: 0.116849 ave solve: 0.003306  ave ICP: 0.133006  map incre: 0.019105 ave total: 0.157675 icp: 0.120317 construct H: 0.000971 
[fastlio_mapping-2] [ mapping ]: time: IMU + Map + Input Downsample: 0.025265 ave match: 0.116945 ave solve: 0.003302  ave ICP: 0.160781  map incre: 0.024597 ave total: 0.157795 icp: 0.120408 construct H: 0.000970 
[fastlio_mapping-2] [ mapping ]: time: IMU + Map + Input Downsample: 0.013463 ave match: 0.117014 ave solve: 0.003298  ave ICP: 0.149797  map incre: 0.030459 ave total: 0.157877 icp: 0.120474 construct H: 0.000969 
[fastlio_mapping-2] [ mapping ]: time: IMU + Map + Input Downsample: 0.012921 ave match: 0.117044 ave solve: 0.003296  ave ICP: 0.132577  map incre: 0.032452 ave total: 0.157922 icp: 0.120501 construct H: 0.000968 
[fastlio_mapping-2] [ mapping ]: time: IMU + Map + Input Downsample: 0.008281 ave match: 0.117078 ave solve: 0.003293  ave ICP: 0.134568  map incre: 0.035154 ave total: 0.157968 icp: 0.120532 construct H: 0.000967 
[fastlio_mapping-2] [ mapping ]: time: IMU + Map + Input Downsample: 0.014674 ave match: 0.117108 ave solve: 0.003290  ave ICP: 0.132580  map incre: 0.032118 ave total: 0.158016 icp: 0.120559 construct H: 0.000966 
[fastlio_mapping-2] [ mapping ]: time: IMU + Map + Input Downsample: 0.012897 ave match: 0.117137 ave solve: 0.003286  ave ICP: 0.132145  map incre: 0.030591 ave total: 0.158056 icp: 0.120584 construct H: 0.000965 
[fastlio_mapping-2] [ mapping ]: time: IMU + Map + Input Downsample: 0.015554 ave match: 0.117182 ave solve: 0.003283  ave ICP: 0.139698  map incre: 0.034945 ave total: 0.158128 icp: 0.120626 construct H: 0.000964 
[fastlio_mapping-2] [ mapping ]: time: IMU + Map + Input Downsample: 0.013326 ave match: 0.117197 ave solve: 0.003280  ave ICP: 0.125929  map incre: 0.021546 ave total: 0.158134 icp: 0.120638 construct H: 0.000963 
[fastlio_mapping-2] [ mapping ]: time: IMU + Map + Input Downsample: 0.013401 ave match: 0.117217 ave solve: 0.003277  ave ICP: 0.128368  map incre: 0.029299 ave total: 0.158163 icp: 0.120654 construct H: 0.000962 
[fastlio_mapping-2] [ mapping ]: time: IMU + Map + Input Downsample: 0.025192 ave match: 0.117293 ave solve: 0.003275  ave ICP: 0.154193  map incre: 0.022508 ave total: 0.158261 icp: 0.120729 construct H: 0.000962 
[fastlio_mapping-2] [ mapping ]: time: IMU + Map + Input Downsample: 0.021042 ave match: 0.117342 ave solve: 0.003272  ave ICP: 0.141683  map incre: 0.025400 ave total: 0.158327 icp: 0.120774 construct H: 0.000960 
[fastlio_mapping-2] [ mapping ]: time: IMU + Map + Input Downsample: 0.013043 ave match: 0.117358 ave solve: 0.003269  ave ICP: 0.126484  map incre: 0.020866 ave total: 0.158332 icp: 0.120787 construct H: 0.000960 
[fastlio_mapping-2] [ mapping ]: time: IMU + Map + Input Downsample: 0.019359 ave match: 0.117381 ave solve: 0.003266  ave ICP: 0.130321  map incre: 0.017884 ave total: 0.158352 icp: 0.120807 construct H: 0.000959 
[fastlio_mapping-2] [ mapping ]: time: IMU + Map + Input Downsample: 0.012538 ave match: 0.117409 ave solve: 0.003263  ave ICP: 0.132191  map incre: 0.017667 ave total: 0.158361 icp: 0.120832 construct H: 0.000958 
[fastlio_mapping-2] [ mapping ]: time: IMU + Map + Input Downsample: 0.023169 ave match: 0.117478 ave solve: 0.003260  ave ICP: 0.151446  map incre: 0.022591 ave total: 0.158447 icp: 0.120898 construct H: 0.000957 
[fastlio_mapping-2] [ mapping ]: time: IMU + Map + Input Downsample: 0.022701 ave match: 0.117518 ave solve: 0.003257  ave ICP: 0.137895  map incre: 0.014260 ave total: 0.158483 icp: 0.120935 construct H: 0.000956 
[fastlio_mapping-2] [ mapping ]: time: IMU + Map + Input Downsample: 0.012529 ave match: 0.117530 ave solve: 0.003254  ave ICP: 0.125075  map incre: 0.012514 ave total: 0.158465 icp: 0.120943 construct H: 0.000955 
[fastlio_mapping-2] [ mapping ]: time: IMU + Map + Input Downsample: 0.021117 ave match: 0.117580 ave solve: 0.003250  ave ICP: 0.142397  map incre: 0.020201 ave total: 0.158520 icp: 0.120990 construct H: 0.000954 
[fastlio_mapping-2] [ mapping ]: time: IMU + Map + Input Downsample: 0.012636 ave match: 0.117594 ave solve: 0.003247  ave ICP: 0.126429  map incre: 0.018578 ave total: 0.158518 icp: 0.121001 construct H: 0.000953 
[fastlio_mapping-2] [ mapping ]: time: IMU + Map + Input Downsample: 0.019138 ave match: 0.117617 ave solve: 0.003245  ave ICP: 0.130070  map incre: 0.011788 ave total: 0.158524 icp: 0.121020 construct H: 0.000952 
[fastlio_mapping-2] [ mapping ]: time: IMU + Map + Input Downsample: 0.012556 ave match: 0.117643 ave solve: 0.003242  ave ICP: 0.131853  map incre: 0.013065 ave total: 0.158521 icp: 0.121043 construct H: 0.000951 
[fastlio_mapping-2] [ mapping ]: time: IMU + Map + Input Downsample: 0.013460 ave match: 0.117659 ave solve: 0.003239  ave ICP: 0.127372  map incre: 0.011907 ave total: 0.158509 icp: 0.121056 construct H: 0.000950 
[fastlio_mapping-2] [ mapping ]: time: IMU + Map + Input Downsample: 0.014367 ave match: 0.117671 ave solve: 0.003236  ave ICP: 0.125595  map incre: 0.011787 ave total: 0.158494 icp: 0.121066 construct H: 0.000949 
[fastlio_mapping-2] [ mapping ]: time: IMU + Map + Input Downsample: 0.013844 ave match: 0.117691 ave solve: 0.003233  ave ICP: 0.129040  map incre: 0.009882 ave total: 0.158482 icp: 0.121082 construct H: 0.000948 
[fastlio_mapping-2] [ mapping ]: time: IMU + Map + Input Downsample: 0.022022 ave match: 0.117743 ave solve: 0.003231  ave ICP: 0.144319  map incre: 0.011273 ave total: 0.158523 icp: 0.121132 construct H: 0.000947 
[fastlio_mapping-2] [ mapping ]: time: IMU + Map + Input Downsample: 0.020004 ave match: 0.117783 ave solve: 0.003227  ave ICP: 0.138236  map incre: 0.037089 ave total: 0.158602 icp: 0.121168 construct H: 0.000946 
[fastlio_mapping-2] [ mapping ]: time: IMU + Map + Input Downsample: 0.016069 ave match: 0.117802 ave solve: 0.003224  ave ICP: 0.128571  map incre: 0.033183 ave total: 0.158644 icp: 0.121183 construct H: 0.000945 
[fastlio_mapping-2] [ mapping ]: time: IMU + Map + Input Downsample: 0.013841 ave match: 0.117814 ave solve: 0.003221  ave ICP: 0.125727  map incre: 0.019986 ave total: 0.158646 icp: 0.121192 construct H: 0.000944 
[fastlio_mapping-2] [ mapping ]: time: IMU + Map + Input Downsample: 0.013016 ave match: 0.117829 ave solve: 0.003218  ave ICP: 0.127045  map incre: 0.023366 ave total: 0.158656 icp: 0.121204 construct H: 0.000943 
[fastlio_mapping-2] [ mapping ]: time: IMU + Map + Input Downsample: 0.012369 ave match: 0.117845 ave solve: 0.003214  ave ICP: 0.127153  map incre: 0.031185 ave total: 0.158682 icp: 0.121217 construct H: 0.000942 
[fastlio_mapping-2] [ mapping ]: time: IMU + Map + Input Downsample: 0.012476 ave match: 0.117868 ave solve: 0.003211  ave ICP: 0.131031  map incre: 0.031092 ave total: 0.158715 icp: 0.121237 construct H: 0.000941 
[fastlio_mapping-2] [ mapping ]: time: IMU + Map + Input Downsample: 0.014117 ave match: 0.117891 ave solve: 0.003208  ave ICP: 0.130704  map incre: 0.043876 ave total: 0.158779 icp: 0.121256 construct H: 0.000940 
[fastlio_mapping-2] [ mapping ]: time: IMU + Map + Input Downsample: 0.014253 ave match: 0.117932 ave solve: 0.003205  ave ICP: 0.139141  map incre: 0.048476 ave total: 0.158871 icp: 0.121294 construct H: 0.000939 
[fastlio_mapping-2] [ mapping ]: time: IMU + Map + Input Downsample: 0.013170 ave match: 0.117949 ave solve: 0.003202  ave ICP: 0.128220  map incre: 0.036516 ave total: 0.158911 icp: 0.121308 construct H: 0.000938 
[fastlio_mapping-2] [ mapping ]: time: IMU + Map + Input Downsample: 0.013239 ave match: 0.117965 ave solve: 0.003199  ave ICP: 0.127855  map incre: 0.026238 ave total: 0.158929 icp: 0.121321 construct H: 0.000937 
[fastlio_mapping-2] [ mapping ]: time: IMU + Map + Input Downsample: 0.006204 ave match: 0.117978 ave solve: 0.003196  ave ICP: 0.126300  map incre: 0.019728 ave total: 0.158915 icp: 0.121331 construct H: 0.000936 
[fastlio_mapping-2] [ mapping ]: time: IMU + Map + Input Downsample: 0.012813 ave match: 0.117988 ave solve: 0.003194  ave ICP: 0.125439  map incre: 0.019258 ave total: 0.158912 icp: 0.121339 construct H: 0.000935 
[fastlio_mapping-2] [ mapping ]: time: IMU + Map + Input Downsample: 0.017673 ave match: 0.118011 ave solve: 0.003191  ave ICP: 0.130995  map incre: 0.019215 ave total: 0.158931 icp: 0.121359 construct H: 0.000934 
[fastlio_mapping-2] [ mapping ]: time: IMU + Map + Input Downsample: 0.012475 ave match: 0.118024 ave solve: 0.003189  ave ICP: 0.126471  map incre: 0.018662 ave total: 0.158928 icp: 0.121369 construct H: 0.000934 
[fastlio_mapping-2] [ mapping ]: time: IMU + Map + Input Downsample: 0.012372 ave match: 0.118039 ave solve: 0.003186  ave ICP: 0.127677  map incre: 0.016418 ave total: 0.158923 icp: 0.121381 construct H: 0.000933 
[fastlio_mapping-2] [ mapping ]: time: IMU + Map + Input Downsample: 0.023240 ave match: 0.118070 ave solve: 0.003184  ave ICP: 0.135622  map incre: 0.021467 ave total: 0.158967 icp: 0.121410 construct H: 0.000932 
[fastlio_mapping-2] [ mapping ]: time: IMU + Map + Input Downsample: 0.012573 ave match: 0.118080 ave solve: 0.003182  ave ICP: 0.125351  map incre: 0.013626 ave total: 0.158952 icp: 0.121418 construct H: 0.000931 
[fastlio_mapping-2] [ mapping ]: time: IMU + Map + Input Downsample: 0.012686 ave match: 0.118116 ave solve: 0.003180  ave ICP: 0.138217  map incre: 0.014681 ave total: 0.158966 icp: 0.121452 construct H: 0.000931 
[fastlio_mapping-2] [ mapping ]: time: IMU + Map + Input Downsample: 0.014951 ave match: 0.118154 ave solve: 0.003177  ave ICP: 0.138731  map incre: 0.016214 ave total: 0.158988 icp: 0.121488 construct H: 0.000930 
[fastlio_mapping-2] [ mapping ]: time: IMU + Map + Input Downsample: 0.019708 ave match: 0.118196 ave solve: 0.003175  ave ICP: 0.140901  map incre: 0.018847 ave total: 0.159031 icp: 0.121527 construct H: 0.000929 
[fastlio_mapping-2] [ mapping ]: time: IMU + Map + Input Downsample: 0.013409 ave match: 0.118212 ave solve: 0.003173  ave ICP: 0.128255  map incre: 0.016645 ave total: 0.159029 icp: 0.121540 construct H: 0.000928 
[fastlio_mapping-2] [ mapping ]: time: IMU + Map + Input Downsample: 0.012821 ave match: 0.118224 ave solve: 0.003170  ave ICP: 0.126602  map incre: 0.018610 ave total: 0.159027 icp: 0.121550 construct H: 0.000928 
[fastlio_mapping-2] [ mapping ]: time: IMU + Map + Input Downsample: 0.016331 ave match: 0.118246 ave solve: 0.003167  ave ICP: 0.130847  map incre: 0.018936 ave total: 0.159042 icp: 0.121568 construct H: 0.000927 
[fastlio_mapping-2] [ mapping ]: time: IMU + Map + Input Downsample: 0.012342 ave match: 0.118256 ave solve: 0.003165  ave ICP: 0.125516  map incre: 0.015291 ave total: 0.159030 icp: 0.121576 construct H: 0.000926 
[fastlio_mapping-2] [ mapping ]: time: IMU + Map + Input Downsample: 0.020230 ave match: 0.118290 ave solve: 0.003162  ave ICP: 0.137294  map incre: 0.018399 ave total: 0.159064 icp: 0.121608 construct H: 0.000925 
[fastlio_mapping-2] [ mapping ]: time: IMU + Map + Input Downsample: 0.014859 ave match: 0.118310 ave solve: 0.003159  ave ICP: 0.130212  map incre: 0.021528 ave total: 0.159080 icp: 0.121625 construct H: 0.000924 
[fastlio_mapping-2] [ mapping ]: time: IMU + Map + Input Downsample: 0.019554 ave match: 0.118329 ave solve: 0.003157  ave ICP: 0.130107  map incre: 0.018488 ave total: 0.159098 icp: 0.121641 construct H: 0.000924 
[fastlio_mapping-2] [ mapping ]: time: IMU + Map + Input Downsample: 0.015403 ave match: 0.118349 ave solve: 0.003154  ave ICP: 0.129945  map incre: 0.017109 ave total: 0.159105 icp: 0.121657 construct H: 0.000923 
[fastlio_mapping-2] [ mapping ]: time: IMU + Map + Input Downsample: 0.012526 ave match: 0.118352 ave solve: 0.003151  ave ICP: 0.122042  map incre: 0.018158 ave total: 0.159092 icp: 0.121658 construct H: 0.000922 
[fastlio_mapping-2] [ mapping ]: time: IMU + Map + Input Downsample: 0.021459 ave match: 0.118384 ave solve: 0.003148  ave ICP: 0.136145  map incre: 0.016786 ave total: 0.159123 icp: 0.121687 construct H: 0.000921 
[fastlio_mapping-2] [ mapping ]: time: IMU + Map + Input Downsample: 0.017837 ave match: 0.118405 ave solve: 0.003145  ave ICP: 0.130714  map incre: 0.016344 ave total: 0.159135 icp: 0.121704 construct H: 0.000920 
[fastlio_mapping-2] [ mapping ]: time: IMU + Map + Input Downsample: 0.012923 ave match: 0.118411 ave solve: 0.003142  ave ICP: 0.123546  map incre: 0.014527 ave total: 0.159118 icp: 0.121707 construct H: 0.000919 
[fastlio_mapping-2] [ mapping ]: time: IMU + Map + Input Downsample: 0.021615 ave match: 0.118444 ave solve: 0.003139  ave ICP: 0.136519  map incre: 0.021864 ave total: 0.159160 icp: 0.121737 construct H: 0.000918 
[fastlio_mapping-2] [ mapping ]: time: IMU + Map + Input Downsample: 0.012448 ave match: 0.118458 ave solve: 0.003136  ave ICP: 0.127134  map incre: 0.026452 ave total: 0.159174 icp: 0.121747 construct H: 0.000917 
[fastlio_mapping-2] [ mapping ]: time: IMU + Map + Input Downsample: 0.015719 ave match: 0.118466 ave solve: 0.003132  ave ICP: 0.124585  map incre: 0.018280 ave total: 0.159173 icp: 0.121752 construct H: 0.000916 
[fastlio_mapping-2] [ mapping ]: time: IMU + Map + Input Downsample: 0.012685 ave match: 0.118494 ave solve: 0.003130  ave ICP: 0.134581  map incre: 0.021131 ave total: 0.159192 icp: 0.121777 construct H: 0.000915 
[fastlio_mapping-2] [ mapping ]: time: IMU + Map + Input Downsample: 0.016296 ave match: 0.118525 ave solve: 0.003126  ave ICP: 0.135807  map incre: 0.019062 ave total: 0.159216 icp: 0.121805 construct H: 0.000914 
[fastlio_mapping-2] [ mapping ]: time: IMU + Map + Input Downsample: 0.014815 ave match: 0.118555 ave solve: 0.003123  ave ICP: 0.135275  map incre: 0.013435 ave total: 0.159224 icp: 0.121831 construct H: 0.000913 
[fastlio_mapping-2] [ mapping ]: time: IMU + Map + Input Downsample: 0.006340 ave match: 0.118584 ave solve: 0.003120  ave ICP: 0.135100  map incre: 0.012730 ave total: 0.159214 icp: 0.121857 construct H: 0.000912 
[fastlio_mapping-2] [ mapping ]: time: IMU + Map + Input Downsample: 0.012366 ave match: 0.118594 ave solve: 0.003117  ave ICP: 0.125637  map incre: 0.012655 ave total: 0.159197 icp: 0.121864 construct H: 0.000911 
[fastlio_mapping-2] [ mapping ]: time: IMU + Map + Input Downsample: 0.012810 ave match: 0.118593 ave solve: 0.003113  ave ICP: 0.119672  map incre: 0.014459 ave total: 0.159173 icp: 0.121859 construct H: 0.000910 
[fastlio_mapping-2] [ mapping ]: time: IMU + Map + Input Downsample: 0.012686 ave match: 0.118590 ave solve: 0.003110  ave ICP: 0.119136  map incre: 0.011146 ave total: 0.159141 icp: 0.121853 construct H: 0.000908 
[fastlio_mapping-2] [ mapping ]: time: IMU + Map + Input Downsample: 0.012384 ave match: 0.118588 ave solve: 0.003107  ave ICP: 0.119386  map incre: 0.010408 ave total: 0.159107 icp: 0.121847 construct H: 0.000907 
[fastlio_mapping-2] [ mapping ]: time: IMU + Map + Input Downsample: 0.006261 ave match: 0.118604 ave solve: 0.003104  ave ICP: 0.128512  map incre: 0.011214 ave total: 0.159081 icp: 0.121860 construct H: 0.000906 
[fastlio_mapping-2] [ mapping ]: time: IMU + Map + Input Downsample: 0.012422 ave match: 0.118609 ave solve: 0.003100  ave ICP: 0.122990  map incre: 0.013351 ave total: 0.159061 icp: 0.121862 construct H: 0.000905 
[fastlio_mapping-2] [ mapping ]: time: IMU + Map + Input Downsample: 0.022996 ave match: 0.118653 ave solve: 0.003097  ave ICP: 0.142631  map incre: 0.017297 ave total: 0.159108 icp: 0.121902 construct H: 0.000904 
[fastlio_mapping-2] [ mapping ]: time: IMU + Map + Input Downsample: 0.013426 ave match: 0.118660 ave solve: 0.003096  ave ICP: 0.125502  map incre: 0.010413 ave total: 0.159089 icp: 0.121908 construct H: 0.000904 
[fastlio_mapping-2] [ mapping ]: time: IMU + Map + Input Downsample: 0.025593 ave match: 0.118691 ave solve: 0.003093  ave ICP: 0.136546  map incre: 0.012869 ave total: 0.159120 icp: 0.121936 construct H: 0.000903 
[fastlio_mapping-2] [ mapping ]: time: IMU + Map + Input Downsample: 0.012206 ave match: 0.118680 ave solve: 0.003090  ave ICP: 0.114564  map incre: 0.009360 ave total: 0.159075 icp: 0.121921 construct H: 0.000902 
[fastlio_mapping-2] [ mapping ]: time: IMU + Map + Input Downsample: 0.021172 ave match: 0.118674 ave solve: 0.003087  ave ICP: 0.117522  map incre: 0.006973 ave total: 0.159049 icp: 0.121912 construct H: 0.000901 
[fastlio_mapping-2] [ mapping ]: time: IMU + Map + Input Downsample: 0.015956 ave match: 0.118668 ave solve: 0.003083  ave ICP: 0.117669  map incre: 0.005879 ave total: 0.159011 icp: 0.121903 construct H: 0.000899 
[fastlio_mapping-2] [ mapping ]: time: IMU + Map + Input Downsample: 0.020086 ave match: 0.118665 ave solve: 0.003080  ave ICP: 0.118779  map incre: 0.006792 ave total: 0.158985 icp: 0.121896 construct H: 0.000898 
[fastlio_mapping-2] [ mapping ]: time: IMU + Map + Input Downsample: 0.012373 ave match: 0.118643 ave solve: 0.003077  ave ICP: 0.108836  map incre: 0.005208 ave total: 0.158922 icp: 0.121870 construct H: 0.000897 
[fastlio_mapping-2] [ mapping ]: time: IMU + Map + Input Downsample: 0.012782 ave match: 0.118627 ave solve: 0.003074  ave ICP: 0.112340  map incre: 0.004924 ave total: 0.158866 icp: 0.121851 construct H: 0.000896 
[fastlio_mapping-2] [ mapping ]: time: IMU + Map + Input Downsample: 0.019581 ave match: 0.118619 ave solve: 0.003071  ave ICP: 0.116447  map incre: 0.004082 ave total: 0.158830 icp: 0.121840 construct H: 0.000895 
[fastlio_mapping-2] [ mapping ]: time: IMU + Map + Input Downsample: 0.022347 ave match: 0.118638 ave solve: 0.003067  ave ICP: 0.130240  map incre: 0.004169 ave total: 0.158826 icp: 0.121856 construct H: 0.000894 
[fastlio_mapping-2] [ mapping ]: time: IMU + Map + Input Downsample: 0.011787 ave match: 0.118638 ave solve: 0.003064  ave ICP: 0.120452  map incre: 0.004593 ave total: 0.158783 icp: 0.121853 construct H: 0.000893 
[fastlio_mapping-2] [ mapping ]: time: IMU + Map + Input Downsample: 0.012551 ave match: 0.118638 ave solve: 0.003061  ave ICP: 0.120486  map incre: 0.003918 ave total: 0.158742 icp: 0.121849 construct H: 0.000892 
[fastlio_mapping-2] [ mapping ]: time: IMU + Map + Input Downsample: 0.011799 ave match: 0.118615 ave solve: 0.003058  ave ICP: 0.108369  map incre: 0.003362 ave total: 0.158674 icp: 0.121823 construct H: 0.000891 
[fastlio_mapping-2] [ mapping ]: time: IMU + Map + Input Downsample: 0.018627 ave match: 0.118612 ave solve: 0.003055  ave ICP: 0.118565  map incre: 0.003235 ave total: 0.158639 icp: 0.121816 construct H: 0.000890 
[fastlio_mapping-2] [ mapping ]: time: IMU + Map + Input Downsample: 0.022342 ave match: 0.118609 ave solve: 0.003052  ave ICP: 0.118945  map incre: 0.003516 ave total: 0.158613 icp: 0.121810 construct H: 0.000889 
[fastlio_mapping-2] [ mapping ]: time: IMU + Map + Input Downsample: 0.011546 ave match: 0.118589 ave solve: 0.003049  ave ICP: 0.110040  map incre: 0.002942 ave total: 0.158548 icp: 0.121787 construct H: 0.000888 
[fastlio_mapping-2] [ mapping ]: time: IMU + Map + Input Downsample: 0.013437 ave match: 0.118572 ave solve: 0.003045  ave ICP: 0.111246  map incre: 0.003009 ave total: 0.158489 icp: 0.121767 construct H: 0.000887 
[fastlio_mapping-2] [ mapping ]: time: IMU + Map + Input Downsample: 0.017354 ave match: 0.118558 ave solve: 0.003042  ave ICP: 0.113242  map incre: 0.003164 ave total: 0.158442 icp: 0.121750 construct H: 0.000886 
[fastlio_mapping-2] [ mapping ]: time: IMU + Map + Input Downsample: 0.021989 ave match: 0.118552 ave solve: 0.003039  ave ICP: 0.117216  map incre: 0.005340 ave total: 0.158416 icp: 0.121741 construct H: 0.000885 
[fastlio_mapping-2] [ mapping ]: time: IMU + Map + Input Downsample: 0.019142 ave match: 0.118557 ave solve: 0.003036  ave ICP: 0.122665  map incre: 0.005071 ave total: 0.158394 icp: 0.121742 construct H: 0.000884 
[fastlio_mapping-2] [ mapping ]: time: IMU + Map + Input Downsample: 0.011444 ave match: 0.118529 ave solve: 0.003033  ave ICP: 0.105400  map incre: 0.004290 ave total: 0.158324 icp: 0.121710 construct H: 0.000883 
[fastlio_mapping-2] [ mapping ]: time: IMU + Map + Input Downsample: 0.016883 ave match: 0.118526 ave solve: 0.003030  ave ICP: 0.118801  map incre: 0.004030 ave total: 0.158289 icp: 0.121704 construct H: 0.000882 
[fastlio_mapping-2] [ mapping ]: time: IMU + Map + Input Downsample: 0.014921 ave match: 0.118499 ave solve: 0.003027  ave ICP: 0.106225  map incre: 0.003459 ave total: 0.158225 icp: 0.121675 construct H: 0.000881 
[fastlio_mapping-2] [INFO] [1791266415.063769970] [laser_mapping]: Saving map to /home/nvidia/drone/stage1_m2dgr_experiments/results/Street_02/fastlio_default/map.pcd...
[fastlio_mapping-2] catch sig %d2
[fastlio_mapping-2] Rebuild thread terminated normally
[INFO] [fastlio_mapping-2]: process has finished cleanly [pid 14658]
[WARNING] [launch]: user interrupted with ctrl-c (SIGINT)
[INFO] [imu_si_publisher-1]: sending signal 'SIGINT' to process[imu_si_publisher-1]
[imu_si_publisher-1] [INFO] [1791266416.752941817] [rclcpp]: signal_handler(SIGINT/SIGTERM)
[INFO] [imu_si_publisher-1]: process has finished cleanly [pid 14656]
