            0.599954 0 0 0 -0.000667854 -0.000126044  8.12084e-05 180.013       0       0 -0.13     0 -1.03   -0.0028372 -0.000908088  0.000462551  0.00013671 -0.00019086 -0.00123483 0 0 0 0.0850377 0.0643863   9.80842 
            0.799973 -0.00190545  0.00296841 -0.00810259 -0.00188999  0.00467674 0.000234458 180.013       0       0 -0.13     0 -1.03  -0.00469215 -0.000229468  0.000669421   0.0001368 -0.00019085 -0.00123483  3.72424e-08 -3.29902e-07 -3.74425e-09 0.0850377 0.0643866   9.80842 
             1.00125 -0.00264241  0.00491472   0.0124548   0.0101424  0.00993951 0.000504743 180.013       0       0 -0.13     0 -1.03  0.0269154   0.012235 0.00120398  0.000137182 -0.000195396  -0.00125137 -1.75316e-05 -7.67249e-06 -1.21003e-07 0.0850546 0.0643937   9.80842 
             1.20129 -0.00250188  0.00554472  0.00931381   0.0104625 -0.00322966 0.000548249 180.013       0       0 -0.13     0 -1.03  0.0116568  -0.033613 0.00110623 -0.000149729 -0.000112272  -0.00124903  0.00367506   0.0127374 0.000274531 0.081508 0.052144  9.80852 
             1.59999 -0.00222708  0.00548295  -0.0139895 -0.00027525 -0.00589834  0.00103078 180.013       0       0 -0.13     0 -1.03 -0.0223998 -0.0185323 0.00162486 2.79709e-05 7.69251e-05 -0.00123732   0.0101661  0.00685194 0.000402796 0.0752679 0.0577945   9.80854 
             1.80133 -0.00316132  0.00486149  0.00892377   0.00145637    0.0129797 -3.81626e-05 180.013       0       0 -0.13     0 -1.03 -0.0131124  0.0284731 -0.0015291   0.00054045 -7.13233e-05  -0.00127847 0.00765063 -0.0018416 0.00135153 0.0776952 0.0661431   9.80847 
             2.00136 -0.0032048 0.00556084  0.0218392  0.00895627  0.00374355 0.000288406 180.013       0       0 -0.13     0 -1.03    0.0131474   -0.0140975 -1.05035e-05  0.000337782 -0.000215271  -0.00128537  0.00293094  0.00501221 0.000759216 0.0822143 0.0595637   9.80847 
             2.19998 -0.00279797  0.00552227 -0.00176932  0.00636863 0.000711802  0.00107512 180.013       0       0 -0.13     0 -1.03 -0.00248237  -0.0165931  0.00245276  0.000335834 -0.000155217  -0.00126675  0.00539818  0.00498306 0.000273217  0.079846 0.0595859   9.80849 
             2.40006 -0.0027738 0.00540497 -0.0143673 0.00199026  0.0056909 0.00117113 180.013       0       0 -0.13     0 -1.03 -0.0159522 0.00526659 0.00124872  0.000435909 -0.000112736  -0.00126384  0.00717022 0.000739071 0.000577669 0.0781504 0.0636511   9.80848 
             2.60134 -0.00293329  0.00514784 -0.00209678  0.00276459  0.00724935 0.000569362 180.013       0       0 -0.13     0 -1.03 -0.00788721   0.0059836 -0.00105168  0.000440421 -0.000163964  -0.00127643  0.00520462 0.000501168  0.00116418 0.0800352 0.0638812   9.80847 
             2.80142 -0.00340028  0.00595959  0.00883526  0.0119663 0.00944978 0.00075352 180.013       0       0 -0.13     0 -1.03   0.0195983  0.00821598 0.000284802  0.000448361 -0.000272995  -0.00128579 0.000545654 0.000106091 0.000895226 0.0844864 0.0642566   9.80843 
             3.00002 -0.00303997   0.0068595 -0.00571681   0.0130961 -0.00162072  0.00145217 180.013       0       0 -0.13     0 -1.03  0.0115572 -0.0269926 0.00198769  0.000306535 -0.000247033  -0.00127573   0.0015622  0.00529799 0.000483457 0.0835152 0.0592967   9.80847 
             3.20003 -0.00253072  0.00533817  -0.0188658 -0.00125314  0.00176237 0.000511608 180.013       0       0 -0.13     0 -1.03  -0.0356112 -0.00451519 -0.00172652  0.000396479 -8.33358e-05  -0.00126785  0.0082849 0.00146177 0.00141019 0.0771089 0.0629583   9.80849 
             3.40144   -0.003008  0.00546041 -0.00669001  0.00294406  0.00679637 0.000900895 180.013       0       0 -0.13     0 -1.03  -0.00867716     0.010514 -1.72606e-05  0.000443107 -0.000179154  -0.00127739   0.00408302 -0.000700997  0.000955701 0.0811109 0.0650133   9.80845 
             3.60136 -0.0035328 0.00589268  0.0118168 0.00871092 0.00951422 0.00107509 180.013       0       0 -0.13     0 -1.03  0.00907591   0.0117326 0.000429236  0.000447639 -0.000250181  -0.00129421   0.00145179 -0.000899134   0.00083139  0.083614 0.0652002   9.80843 
             3.80007 -0.00339849  0.00635325  0.00438236   0.0127383  0.00547401 0.000946631 180.013       0       0 -0.13     0 -1.03   0.0141657 -0.00598514 7.31704e-05  0.000392596 -0.000268455  -0.00128916 0.000533981  0.00157485 0.000970376 0.0844898 0.0628503   9.80843 
             4.00014 -0.00356651  0.00645514   -0.015387 0.00859482 0.00694379  0.0016588 180.013       0       0 -0.13     0 -1.03 -0.00635477 0.000678031   0.0018847  0.000404266 -0.000233741  -0.00127813  0.00270457 0.000669664 0.000611687 0.0824245 0.0637051   9.80845 
             4.20151  -0.0037395  0.00549516 -0.00292129  0.0004042 0.00550782 0.00143681 180.013       0       0 -0.13     0 -1.03  -0.0268072 -0.00377604 0.000669362  0.000391063 -0.000181048  -0.00129042  0.00461447  0.00111017 0.000953499 0.0806166 0.0632896   9.80846 
             4.40147 -0.00350227  0.00571186    0.005567   0.0093414   0.0088719 0.000876859 180.013       0       0 -0.13     0 -1.03  0.00807072  0.00641526 -0.00140624  0.000416516 -0.000275632  -0.00130294 -0.000154423 -0.000227004   0.00135851 0.0851357  0.064557   9.80842 
             4.80015 -0.00378763  0.00660012  0.00109762  0.0139799  0.0064933 0.00185318 180.013       0       0 -0.13     0 -1.03  0.00968831 -0.00336863  0.00141869  0.000400519 -0.000282851  -0.00130069 -0.000498995  0.000722769  0.000842356 0.0854578 0.0636555   9.80842 
             5.00153 -0.00342007  0.00643485  -0.0104067 0.00761821 0.00173291 0.00118985 180.013       0       0 -0.13     0 -1.03  -0.00804133    -0.012599 -0.000737584  0.000340344 -0.000160796  -0.00129594 0.0008065 0.0013574 0.0011762  0.084229 0.0630577   9.80844 
             5.20148 -0.00376056  0.00613002  0.00708152 0.00711914  0.0106284  0.0012893 180.013       0       0 -0.13     0 -1.03  -0.00668619    0.0169421 -0.000230215  0.000432798 -0.000176887  -0.00131727 0.000557598  -0.0013919 0.000991236 0.0844625 0.0656459   9.80842 
             5.40022 -0.0038653 0.00625443 0.00370853  0.00943501  0.00831708 0.000862788 180.013       0       0 -0.13     0 -1.03  0.00206768 0.000966153 -0.00142225  0.000423667 -0.000183538  -0.00131703 -0.000550772  0.000287752   0.00115434 0.0855075 0.0640665   9.80842 
             5.60022  -0.0037317  0.00616699 -0.00518234   0.007766 0.00680508 0.00100748 180.013       0       0 -0.13     0 -1.03  -0.00378712  -0.00438838 -0.000278645  0.000418863 -0.000181047  -0.00131231 1.15911e-05 0.000755897 0.000957101 0.0849777 0.0636245   9.80843 
             5.80155 -0.00383475  0.00601932 -0.00613552 0.00534424 0.00520465 0.00128983 180.013       0       0 -0.13     0 -1.03 -0.00903423 -0.00743988 0.000355558  0.000415828 -0.000181174  -0.00131424 0.000426113  0.00090843 0.000786632 0.0845873 0.0634801   9.80843 
             6.00167 -0.00390443  0.00609375  0.00685019  0.00817019  0.00752771 0.000757256 180.013       0       0 -0.13     0 -1.03  0.00222571  0.00196588 -0.00197235  0.000422973 -0.000192106  -0.00132293 -0.000598647  6.12732e-05  0.000962579 0.0855492 0.0642748   9.80842 
             6.20023 -0.00374563  0.00605138  0.00983899 0.00749611 0.00729831 0.00103406 180.013       0       0 -0.13     0 -1.03   -0.0012044  0.000108343 -0.000527628  0.000415366 -0.000186578  -0.00132775  -0.0003912 0.000179698 0.000720786 0.0853532 0.0641625   9.80842 
             6.40023 -0.00379743  0.00599475 -0.00709951 0.00755156 0.00537507 0.00143203 180.013       0       0 -0.13     0 -1.03 -0.00137176 -0.00557935 0.000521713  0.000405046 -0.000188974  -0.00131511 -0.00049475 0.000620724  0.00048867 0.0854484 0.0637497   9.80842 
             6.60158 -0.00383586  0.00557644 -0.00135628 0.00414959 0.00906699   0.001066 180.013       0       0 -0.13     0 -1.03   -0.0105409   0.00689195 -0.000790444  0.000414692 -0.000181847  -0.00132177  0.000173402 -0.000461861  0.000686299 0.0848269  0.064759   9.80842 
             6.80163 -0.00373645  0.00567189  0.00234968  0.00791028  0.00724926 0.000867714 180.013       0       0 -0.13     0 -1.03  0.00420354  -0.0021093 -0.00147904   0.00039666 -0.000209729  -0.00132766  -0.0010047  0.00018179 0.000689573 0.0859221 0.0641608   9.80841 
             7.00162 -0.00359778  0.00579438  0.00385151 0.00643767 0.00718811   0.001334 180.013       0       0 -0.13     0 -1.03 -0.00254651 -0.00196055 0.000754417  0.000398062 -0.000200616   -0.0013313 -0.000616468  9.72535e-05  0.000478719 0.0855601 0.0642376   9.80842 
             7.20039 -0.00360483  0.00612557 -0.00103879 0.00964442 0.00394576  0.0014323 180.013       0       0 -0.13     0 -1.03  0.00684477   -0.010294 0.000707502 0.000380956  -0.0002234 -0.00133122 -0.00133277 0.000642251 0.000496604 0.0862233 0.0637341   9.80841 
             7.40163 -0.00351061  0.00572206 -0.00652686  0.00587103  0.00547769 0.000751375 180.013       0       0 -0.13     0 -1.03   -0.0075935 -0.000940966  -0.00155124    0.0003885 -0.000209361  -0.00133063 -0.000365829  -7.1624e-05  0.000784451 0.0853326 0.0643946   9.80842 
             7.60162 -0.00351943  0.00529861  0.00267152  0.00290751  0.00659427 0.000960095 180.013       0       0 -0.13     0 -1.03   -0.0119611   0.00203933 -6.46008e-05  0.000392424 -0.000202898  -0.00133823 -0.000120395 -0.000317781  0.000624976 0.0851051 0.0646204   9.80842 
             7.80163 -0.00380856  0.00590887 -0.00289489  0.0108946 0.00847402 0.00131392 180.013       0       0 -0.13     0 -1.03  0.0137355 0.00479822 0.00115066  0.000397042 -0.000248116  -0.00133356  -0.00209578 -0.000592935  0.000496807 0.0869196 0.0648734    9.8084 
             8.20164 -0.00354808  0.00572797 -0.00376813 0.00478704 0.00482715 0.00114566 180.013       0       0 -0.13     0 -1.03  -0.00718914  -0.00608724 -9.25166e-05 0.000387366 -0.00022978 -0.00133461 -0.000872683 -2.49269e-05  0.000640326 0.0857994 0.0643523   9.80841 
             8.40167 -0.0036985 0.00543868 0.00339731 0.00475996 0.00725736 0.00117365 180.013       0       0 -0.13     0 -1.03 -0.00493922  0.00146587 0.000347432  0.000413432 -0.000241922  -0.00134651  -0.00101711 -0.000384397  0.000635067 0.0859312 0.0646807   9.80841 
             8.60171 -0.00356845  0.00566824  0.00359447 0.00720995  0.0070577  0.0015041 180.013       0       0 -0.13     0 -1.03   0.00304635 -0.000320475   0.00113148  0.000413235 -0.000243659   -0.0013499 -0.00153536 -0.00030733 0.000536881 0.0864026 0.0646101   9.80841 
             8.80164  -0.0037203  0.00581999 -0.00518965  0.00931322  0.00516129 0.000954962 180.013       0       0 -0.13     0 -1.03   0.00590381  -0.00605173 -0.000578011  0.000407704 -0.000245543  -0.00134498 -0.00180663 -1.2303e-05 0.000776715 0.0866518 0.0643436   9.80841 
             9.00173 -0.00349819   0.0058204  -0.0036366 0.00689923 0.00504984 0.00125526 180.013       0       0 -0.13     0 -1.03 -0.00433291 -0.00348367 0.000326181  0.000410574 -0.000234107  -0.00134682  -0.0013512 -0.00016528 0.000684782 0.0862378 0.0644814   9.80841 
             9.20168 -0.00347406  0.00557382 -0.00237849  0.00574166  0.00746971 0.000918244 180.013       0       0 -0.13     0 -1.03 -0.00572192  0.00388129 -0.00148351  0.000426744 -0.000231737  -0.00135001  -0.00131581 -0.000582782  0.000753616 0.0862065 0.0648588   9.80841 
             9.40174 -0.00362074  0.00588775 -0.00401836  0.0105552 0.00518502 0.00100559 180.013       0       0 -0.13     0 -1.03   0.00988873   -0.0047954 -0.000556947  0.000411815 -0.000256136  -0.00134992  -0.00212899 -0.000146586  0.000657318  0.086938 0.0644657    9.8084 
              9.8017 -0.00355225  0.00603225 -0.00518952  0.0100306 0.00825452 0.00141571 180.013       0       0 -0.13     0 -1.03  0.00158426  0.00312094 0.000388316  0.000428961 -0.000240018  -0.00135077  -0.00173971 -0.000625897  0.000557316 0.0865876 0.0648949    9.8084 
             10.0018 -0.00357522  0.00620068 -0.00651018  0.00868965  0.00514302 0.000988557 180.013       0       0 -0.13     0 -1.03   -0.0026362  -0.00442779 -0.000746376  0.000375653 -0.000220209  -0.00135459 -0.00160942 -0.00030873 0.000660882 0.0864722 0.0646123   9.80841 
             10.2018 -0.00329274  0.00543173 -0.00168154 0.00328124 0.00217094   0.001065 180.013       0       0 -0.13     0 -1.03    -0.015814   -0.0104811 -0.000235513   0.00035925 -0.000189513  -0.00136172  -0.00101728 -6.13784e-05   0.00057723 0.0859444 0.0643917   9.80841 
             10.4017 -0.00345191  0.00572934  0.00173477 0.00910911 0.00788944 0.00128193 180.013       0       0 -0.13     0 -1.03  0.00693422  0.00961714 0.000171986  0.000369958 -0.000205358  -0.00136615 -0.00230143 -0.00120382  0.00049295  0.087085 0.0654068    9.8084 
             10.6018 -0.00346793   0.0054139 0.000902136  0.00529192   0.0049375 0.000646351 180.013       0       0 -0.13     0 -1.03 -0.00680342 -0.00347683 -0.00167874  0.000351505 -0.000186929  -0.00136698  -0.00160197 -0.000545032  0.000645143  0.086467 0.0648235    9.8084 
             10.8018 -0.00342454  0.00570021  0.00286417 0.00759474 0.00524553 0.00167546 180.013       0       0 -0.13     0 -1.03   0.00239487 -0.000998156   0.00207933 0.000353371 -0.00020162 -0.00137085  -0.00205242 -0.000660837  0.000364313 0.0868622 0.0649245    9.8084 
             11.0019 -0.00355434  0.00547422 -0.00350546  0.00459779  0.00734423 0.000860716 180.013       0       0 -0.13     0 -1.03  -0.0068138  0.00471647 -0.00144129  0.000363476 -0.000185024  -0.00136986  -0.00162944 -0.000952601  0.000629165 0.0864922 0.0651824    9.8084 
             11.2018 -0.00356658  0.00570634 -0.00132025 0.00928078 0.00599288 0.00101149 180.013       0       0 -0.13     0 -1.03   0.00834163   -0.0017169 -3.48354e-05  0.000355043 -0.000204328  -0.00137132  -0.00248625 -0.000609266  0.000502724  0.087243 0.0648813    9.8084 
             11.4018 -0.00347378  0.00578909 -0.00632648 0.00823428 0.00511209 0.00154436 180.013       0       0 -0.13     0 -1.03 0.000757264 -0.00312012  0.00165922  0.000352412 -0.000200459  -0.00136913  -0.00212593 -0.000536513  0.000395625 0.0869268 0.0648167    9.8084 
             11.6019 -0.00333283  0.00576276 -0.00396698 0.00683084 0.00488504 0.00109768 180.013       0       0 -0.13     0 -1.03  -0.00389009  -0.00251393 -0.000236705  0.000352323 -0.000196626   -0.0013722  -0.00192586 -0.000602213   0.00058727 0.0867541 0.0648751    9.8084 
             11.8019 -0.00337164  0.00528955  0.00217744 0.00183366   0.004824 0.00141389 180.013       0       0 -0.13     0 -1.03  -0.0152756 -0.00146141 0.000996075  0.000352887 -0.000188229  -0.00137801  -0.00138736 -0.000671982  0.000515905 0.0862851 0.0649351   9.80841 
              12.002 -0.00375064  0.00583754 -0.00801338  0.0110333 0.00873585 0.00127524 180.013       0       0 -0.13     0 -1.03  0.0173544 0.00909182 0.00034944  0.000363517 -0.000221975  -0.00137544 -0.00262353  -0.0011014 0.000569498 0.0873563 0.0653084   9.80839 
             12.2006 -0.00355173  0.00548172  0.00592898 0.00460077 0.00645368 0.00119399 180.013       0       0 -0.13     0 -1.03  -0.00746577  -0.00146116 -0.000175482  0.000345133 -0.000182349  -0.00139142  -0.00155419 -0.000658463  0.000587038 0.0864352 0.0649262    9.8084 
              12.402 -0.00349286  0.00578213  -0.0134724 0.00714051  0.0052326 0.00131474 180.013       0       0 -0.13     0 -1.03  0.00265039  -0.0045171 0.000226596  0.000341923 -0.000192504  -0.00138038  -0.00206808 -0.000539379  0.000547821 0.0868766  0.064824    9.8084 
              12.602 -0.00357335  0.00568607 -0.00232818 0.00683379 0.00563004 0.00130778 180.013       0       0 -0.13     0 -1.03  0.000415378  -0.00123465 -0.000322244  0.000345493 -0.000189461  -0.00139274  -0.00195698 -0.000713999  0.000549364 0.0867813 0.0649735    9.8084 
              12.802 -0.00329422  0.00551742  0.00645394 0.00647481 0.00545047 0.00106671 180.013       0       0 -0.13     0 -1.03  -0.00122559 -0.000986103 -0.000713992  0.000345442 -0.000190388  -0.00139888  -0.00191111 -0.000718718  0.000609984 0.0867427 0.0649779    9.8084 
              13.002 -0.00345436   0.0056333 -0.00313063 0.00783981 0.00498925 0.00151496 180.013       0       0 -0.13     0 -1.03  0.00286458 -0.00207185 0.000465825  0.000345013 -0.000196131  -0.00139496   -0.0020811 -0.000697278  0.000494366 0.0868863 0.0649592    9.8084 
             13.2021    -0.00343  0.00556897 -0.00252482  0.0061117 0.00745488 0.00114445 180.013       0       0 -0.13     0 -1.03 -0.00315321  0.00502692 -0.00098721  0.000356388 -0.000187557  -0.00139648  -0.0018219 -0.00103768 0.000591867 0.0866672 0.0652475    9.8084 
             13.4033 -0.00315895  0.00556407  0.00266551 0.00679389 0.00246784 0.00083374 180.013       0       0 -0.13     0 -1.03 -2.06087e-06   -0.0108087  -0.00167171  0.000346937 -0.000189222   -0.0014037  -0.00200592 -0.000248843  0.000597076 0.0868232 0.0645817    9.8084 
             13.6033 -0.00308354  0.00552645  0.00396708 0.00586993 0.00354836 0.00133383 180.013       0       0 -0.13     0 -1.03 -0.00296563 -0.00298312 0.000282684  0.000349334 -0.000189076  -0.00140565  -0.00189776 -0.000683788  0.000393288   0.08673 0.0649465    9.8084 
             13.8022 -0.00361342  0.00567446 -0.00603067 0.00674843 0.00708192 0.00200277 180.013       0       0 -0.13     0 -1.03 0.000345117  0.00779433  0.00187511   0.00032425 -0.000182336  -0.00140068 -0.00208215  -0.0012047   0.0002595 0.0868831 0.0653834    9.8084 
             14.0022 -0.00352976  0.00566722  -0.0122386  0.00723659  0.00591959 0.000456074 180.013       0       0 -0.13     0 -1.03  0.00146973  0.00020745 -0.00367164  0.000344228 -0.000178783  -0.00139801  -0.00212992 -0.000921562  0.000575753  0.086926 0.0651485    9.8084 
             14.2022 -0.00361383  0.00572475 -0.00564068 0.00951359 0.00576615 0.00128255 180.013       0       0 -0.13     0 -1.03   0.00608657 -0.000231623  0.000980289  0.000342039 -0.000178362  -0.00140526  -0.00232587 -0.000897199  0.000317761 0.0870868 0.0651266    9.8084 
             14.4034 -0.00348775  0.00562652 0.000845685 0.00539936  0.0042718 0.00121317 180.013       0       0 -0.13     0 -1.03 -0.00793545 -0.00450473 0.000128955  0.000338593 -0.000167016  -0.00141228  -0.00170582 -0.000741549  0.000377082 0.0865733 0.0649983    9.8084 
             14.6023 -0.00334836  0.00571959 -0.00329676  0.00996932  0.00516527 0.000826308 180.013       0       0 -0.13     0 -1.03   0.00773193 -0.000115166 -0.000720062  0.000344435 -0.000186787  -0.00141104  -0.00237863 -0.000941365  0.000455136 0.0871297 0.0651642    9.8084 
             14.8023 -0.00349636  0.00591107  -0.0122404 0.00912093 0.00440542 0.00153446 180.013       0       0 -0.13     0 -1.03  0.00144736 -0.00232938  0.00191262  0.000344857 -0.000191662  -0.00140261  -0.00210375 -0.000864267  0.000276425 0.0869019 0.0650993    9.8084 
             15.0022 -0.00326805  0.00600219  -0.0115463   0.0115703  0.00644755 0.000698858 180.013       0       0 -0.13     0 -1.03 0.00655798 0.00399962 -0.0017427  0.000342688 -0.000191184   -0.0014033 -0.00233314 -0.00112428 0.000474728 0.0870917 0.0653139    9.8084 
             15.2034 -0.00342966  0.00616693  0.00115066 0.00954962 0.00634676 0.00143965 180.013       0       0 -0.13     0 -1.03 -0.00218502  0.00104066  0.00156346   0.0003395 -0.00017854 -0.00141527 -0.00198394 -0.00104101 0.000261116 0.0868047 0.0652449    9.8084 
             15.4021 -0.00361101  0.00632218 -0.00397016   0.0105096  0.00878126 0.000920122 180.013       0       0 -0.13     0 -1.03  0.000886457   0.00624332 -0.000400693  0.000343294 -0.000183564  -0.00141253 -0.00214716 -0.00130441 0.000449985 0.0869391 0.0654605    9.8084 
             15.6021 -0.00387342   0.0063743  -0.0169615  0.0103998 0.00684495 0.00175208 180.013       0       0 -0.13     0 -1.03 -0.000382552  -0.00225134   0.00205413  0.000357294 -0.000185751  -0.00140529  -0.00212898 -0.000911633  0.000249451 0.0869231 0.0651403    9.8084 
             15.8021 -0.0036832 0.00641225  -0.011851   0.012046 0.00710287 0.00105227 180.013       0       0 -0.13     0 -1.03   0.00332065 -0.000898512 -0.000804263  0.000356081 -0.000184952  -0.00141053  -0.00232131 -0.000995274   0.00046045 0.0870804 0.0652093    9.8084 
             16.0034 -0.00349788   0.0061434  0.00223165 0.00806065 0.00577999  0.0011664 180.013       0       0 -0.13     0 -1.03 -0.00951148 -0.00387245 0.000274941  0.000353462 -0.000172537  -0.00141883   -0.0019108 -0.000895661  0.000426962 0.0867496 0.0651294    9.8084 
             16.2021 -0.00355625   0.0065546  0.00289149  0.0124985  0.0054071 0.00168761 180.013       0       0 -0.13     0 -1.03  0.00647687 -0.00330492   0.0015169  0.000352689 -0.000207504  -0.00142043  -0.00249829 -0.000923455  0.000341505  0.087219 0.0651514    9.8084 
             16.4022 -0.00336976   0.0063889  -0.0165814 0.00910947 0.00385996 0.00119278 180.013       0       0 -0.13     0 -1.03  -0.00573655  -0.00592819 -0.000916805   0.00035287 -0.000223273   -0.0014064  -0.00197614 -0.000839262  0.000507317 0.0868033 0.0650842    9.8084 
             16.6022 -0.00323207  0.00589675 -0.00270959 0.00448017 0.00160734 0.00176701 180.013       0       0 -0.13     0 -1.03  -0.0153091 -0.00887971 0.000927774  0.000351301 -0.000224126  -0.00141562  -0.00164512 -0.000744808  0.000387205  0.086539 0.0650082    9.8084 
             16.8035 -0.00299948  0.00622188  0.00030769   0.0138277  0.00549933 0.000476954 180.013       0       0 -0.13     0 -1.03   0.0160136  0.00576302 -0.00354307  0.000380088 -0.000292024  -0.00141843 -0.00273735 -0.00124174 0.000610922 0.0874047 0.0654017   9.80839 
             17.0022 -0.00361571  0.00639096 -0.00436135   0.010386  0.0104515 0.00145724 180.013       0       0 -0.13     0 -1.03 -0.00182759   0.0157355  0.00122472   0.00040077 -0.000256283  -0.00141641 -0.00220446 -0.00156571 0.000381577 0.0869833 0.0656546   9.80839 
             17.2021 -0.00354414  0.00685318  -0.0136586  0.0132468 0.00208319 0.00163656 180.013       0       0 -0.13     0 -1.03 0.00694157 -0.0146431 0.00131693  0.000404051 -0.000254247     -0.00141   -0.0025332 -0.000421325  0.000395194 0.0872427 0.0647587    9.8084 
             17.4022 -0.00318395  0.00677668 -0.00777266   0.0131957  0.00433676 0.000864138 180.013       0       0 -0.13     0 -1.03  0.00304907 -0.00108641 -0.00141612 0.000406514 -0.00025435 -0.00141247  -0.00240778 -0.000869717  0.000537664  0.087146 0.0651093    9.8084 
             17.6035 -0.00361269  0.00663422 0.000469411  0.0100746 0.00677468 0.00161362 180.013       0       0 -0.13     0 -1.03 -0.00722056  0.00526558  0.00157761  0.000424508 -0.000230275  -0.00141893 -0.00211402 -0.00109461 0.000390067 0.0869176 0.0652828    9.8084 
             17.8022 -0.00391204  0.00627823 -0.00830106 0.00835849 0.00767729 0.00153341 180.013       0       0 -0.13     0 -1.03 -0.00838629  0.00503026 0.000788465   0.00042107 -0.000226841  -0.00141544 -0.00209274 -0.00107915 0.000453217 0.0869017 0.0652713    9.8084 
             18.0022 -0.00380133  0.00622052 -0.00930648  0.00836054  0.00604658 0.000700196 180.013       0       0 -0.13     0 -1.03 -0.00395441 -0.00260019 -0.00189414  0.000427155 -0.000223086  -0.00141735  -0.00224416 -0.000844119  0.000599632 0.0870194 0.0650916    9.8084 
             18.4036 -0.0038133 0.00632061 -0.0149234 0.00966702 0.00475071 0.00263435 180.013       0       0 -0.13     0 -1.03 0.000553105 -0.00333588  0.00239553  0.000425134 -0.000219845  -0.00141512 -0.00242138  -0.0008264 0.000312854 0.0871526 0.0650763    9.8084 
             18.6023 -0.00355348  0.00620621 -0.00657823   0.008996  0.0039462 0.00124114 180.013       0       0 -0.13     0 -1.03  -0.00105399  -0.00370238 -0.000938598  0.000419841 -0.000213265  -0.00142304  -0.00237957 -0.000815431   0.00055837 0.0871229 0.0650695    9.8084 
             19.2036 -0.00386452  0.00626409  -0.0205522 0.00838775   0.010102 0.00245282 180.013       0       0 -0.13     0 -1.03 -0.000968188   0.00596027   0.00155391  0.000456918 -0.000215282  -0.00141378 -0.00238223 -0.00112929 0.000368189 0.0871237 0.0653045    9.8084 
             19.6023 -0.00348917  0.00535843 -0.00821756 0.00501454 0.00408415 0.00104404 180.013       0       0 -0.13     0 -1.03  -0.00527709  -0.00463044 -0.000454884  0.000359205 -0.000186967  -0.00142184 -0.00233892 -0.00100015 0.000481058 0.0870925 0.0652105    9.8084 
             19.8036 -0.00415295  0.00622065  -0.0172153  0.0110035 0.00861904 0.00183304 180.013       0       0 -0.13     0 -1.03 0.00829925 0.00572076  0.0011871  0.000432276 -0.000286746  -0.00141969  -0.0025463 -0.00116369    0.000367 0.0872426 0.0653284   9.80839 
             20.0037 -0.00356947  0.00590237  0.00115439 0.00514094 0.00537565 0.00112669 180.013       0       0 -0.13     0 -1.03  -0.0114027 -0.00584005  -0.0015696  0.000390348 -0.000219864  -0.00142868  -0.00206171 -0.000873511  0.000490645 0.0868881  0.065117    9.8084 
             20.2023 -0.00363103  0.00534041  0.00140973 0.00400443 0.00711771 0.00121969 180.013       0       0 -0.13     0 -1.03  -0.00901911   0.00168896 -0.000546023  0.000391625 -0.000222179  -0.00143422 -0.00215164 -0.00112766 0.000433877 0.0869535 0.0653021    9.8084 
             20.4023 -0.00336861  0.00583182 -0.00950029  0.0100073   0.002652 0.00117986 180.013       0       0 -0.13     0 -1.03    0.0103038    -0.011312 -6.04433e-05  0.000412384 -0.000189607  -0.00142585 -0.00302186 -0.00056036 0.000416637 0.0875881 0.0648901   9.80839 
             20.6024 -0.00335162   0.0053609 -0.00259776 0.00528579 0.00717745 0.00124698 180.013       0       0 -0.13     0 -1.03  -0.00724587   0.00636306 -0.000420276  0.000398355 -0.000202417  -0.00143269 -0.00232881  -0.0012745 0.000390225 0.0870844 0.0654074    9.8084 
             20.8037 -0.00331851  0.00500229  0.00712847 0.00148372 0.00336117 0.00143966 180.013       0       0 -0.13     0 -1.03  -0.0132196 -0.00700674  0.00031055  0.000384423 -0.000200307  -0.00143991  -0.00211783 -0.000789799  0.000341357 0.0869316 0.0650574    9.8084 
             21.0024 -0.00331544  0.00514351  0.00755126 0.00686628 0.00586941 0.00120303 180.013       0       0 -0.13     0 -1.03   0.00731701   0.00292969 -0.000315821   0.00039657 -0.000226065  -0.00144005 -0.00273434 -0.00109246 0.000377643 0.0873741  0.065276   9.80839 
             21.2024 -0.00306363  0.00496043 -0.00311086 0.00119129 0.00272772 0.00126926 180.013       0       0 -0.13     0 -1.03  -0.0100337 -0.00628098 4.15468e-05  0.000376609 -0.000188632  -0.00143411  -0.00218466 -0.000800643   0.00036203 0.0869829 0.0650662    9.8084 
             21.6038 -0.00309274   0.0051435 -0.00441587 0.00657657 0.00236699 0.00167596 180.013       0       0 -0.13     0 -1.03  0.00582794   -0.003097 0.000543956  0.000380677 -0.000215093  -0.00143351  -0.00270254 -0.000915763  0.000311178 0.0873501 0.0651489   9.80839 
             21.8024 -0.00292449  0.00442498  0.00586793 -5.48216e-05    0.0038278   0.00114647 180.013       0       0 -0.13     0 -1.03   -0.014311 0.000941756 -0.00134249  0.000378826 -0.000195888  -0.00144416 -0.00226356 -0.00103188 0.000404905 0.0870408 0.0652312    9.8084 
             22.0025 -0.00296029  0.00463479  0.00948242 -0.00344317  0.00426188 0.000368053 180.013       0       0 -0.13     0 -1.03   -0.0744986 -0.000697216   -0.0041257  0.000378073 -0.000189543  -0.00144484 -0.00250404 -0.00104075 0.000386367 0.0872097 0.0652377    9.8084 
             22.2038 -0.00321908  0.00544146   0.0767268   -0.0145028   0.00833415 -0.000440327 180.013       0       0 -0.13     0 -1.03  -0.143027  0.0112227 0.00316868  0.000342998 -0.000249226  -0.00163772 -0.00377057 -0.00133977  0.00023591  0.088091 0.0654482   9.80839 
             22.4038 -0.00433579   0.0108426    0.173557   0.0330486 0.000559934  0.00169712 180.013       0       0 -0.13     0 -1.03  0.0512137 -0.0230891 0.00306488 0.000404242 7.57453e-06 -0.00172451   -0.0114052  -0.00014538 -0.000243383 0.0934061 0.0646301   9.80834 
             22.6025 -0.00422367   0.0168816    0.300668     0.108464   -0.0172453 -0.000699058 180.013       0       0 -0.13     0 -1.03   0.264339 -0.0439734 -0.0145468  0.000321854 -4.64983e-05  -0.00185915 -0.0163038 0.00115158 9.2475e-05 0.0968277 0.0638152   9.80831 
             22.8024 -0.00342689   0.0197049    0.147979    0.106848 -0.00874633 -0.00113953 180.013       0       0 -0.13     0 -1.03   0.156663  0.0101413 -0.0105661 0.000412084 0.000269681 -0.00165152    -0.011885 -0.000372326 -0.000292715 0.0937223 0.0646676   9.80834 
             23.0038 -0.00452182   0.0216345  -0.0103951   0.0964215    0.011448 -0.00202001 180.013       0       0 -0.13     0 -1.03  0.0140629  0.0611565 -0.0174038 0.000491155 0.000373952 -0.00161342  -0.00897719  -0.00188692 -0.000589359   0.09164 0.0655246   9.80835 
             23.4025 -0.00367225   0.0228312    0.366035    0.0853492    -0.019755 -0.000752387 180.013       0       0 -0.13     0 -1.03 -0.0442939 -0.0386369    -0.0135 0.000262448 0.000370658 -0.00203194 -0.00930163 0.000858195 -0.00115432 0.0918874 0.0636566   9.80836 
             23.6025 -0.0032861   0.037458   0.473053   0.241932 -0.0521147 -0.0021848 180.013       0       0 -0.13     0 -1.03   0.340981 -0.0948662 -0.0172971  1.83432e-05 -0.000634413  -0.00203892 -0.0171459 0.00231177 -0.0014784 0.0972132 0.0628867   9.80832 
             23.8039 -0.00230385   0.0440188     0.56487   0.262828 -0.0538295 0.00552785 180.013       0       0 -0.13     0 -1.03   0.217244 -0.0421201  0.0369305  6.74123e-05 -0.000410977  -0.00210887 -0.0143103 0.00115917 -0.0025148 0.0952103 0.0633777   9.80833 
             24.0038 -0.00399885   0.0414523    0.254204    0.183304 -0.00562759  -0.0031331 180.013       0       0 -0.13     0 -1.03  -0.162344   0.113198 -0.0298206  0.000248615 -0.000106263  -0.00198615  -0.0078018 -0.00255737 -0.00146984 0.0905522  0.065205   9.80837 
             24.4039 -0.00572656   0.0446367    0.420938    0.25655  0.0138433 -0.0169593 180.013       0       0 -0.13     0 -1.03   0.029246  0.0772034 -0.0541192  0.000155714 -0.000563017  -0.00210096  -0.0127264 -0.00123784 -0.00197393 0.0938869 0.0647762   9.80834 
             24.6026 -0.00850455   0.0662117    0.468283    0.396399  -0.0306483 -0.00331367 180.013       0       0 -0.13     0 -1.03    0.265278  -0.0559702 -0.00506583 -0.000392569  -0.00192167   -0.0021452  -0.0182241  0.00134671 -0.00476275 0.0976262 0.0634465   9.80831 
             24.8039 -0.00954576   0.0752523    0.596637    0.414525 -0.00986169  0.00993145 180.013       0       0 -0.13     0 -1.03  0.151182  0.028473 0.0542875 -0.000152522  -0.00170514  -0.00228915   -0.0165389 -0.000592763  -0.00571189  0.096377 0.0645183   9.80831 
              25.004 -0.0112351  0.0855241   0.756505    0.492508 -0.00391906  0.00271343 180.013       0       0 -0.13     0 -1.03   0.27748 0.0156858 0.0396613 -0.000134542  -0.00189125  -0.00238366   -0.0192238 -0.000454474  -0.00396905 0.0981388 0.0646704    9.8083 
             25.2026 -0.0109618  0.0964461   0.905889   0.581917 -0.0316186   0.013415 180.013       0       0 -0.13     0 -1.03   0.356435 -0.0676541   0.109138 -0.000406197  -0.00209071  -0.00260319  -0.0211923   0.0016772 -0.00321981 0.0996297  0.063554   9.80829 
             25.4026 -0.00988191    0.104726    0.931722   0.590179   -0.02404 0.00257273 180.013       0       0 -0.13     0 -1.03      0.20438  -0.00715363 -0.000970351 -0.000386845  -0.00172161  -0.00264202   -0.0161968 -0.000630043  0.000829408 0.0962092 0.0642265   9.80832 
              25.604 -0.0144794   0.112929   0.985705    0.660783 -0.00670226 -0.00782357 180.013       0       0 -0.13     0 -1.03    0.27069  0.0440462 -0.0323372 -0.000314985  -0.00177698  -0.00268487  -0.0186587 -0.00186706  0.00154113 0.0975106 0.0654099    9.8083 
              25.804 -0.0144362   0.127041    1.09935   0.756093 -0.0349985 -0.0112931 180.013       0       0 -0.13     0 -1.03   0.361876 -0.0900059  -0.126822 -0.00064159 -0.00199612 -0.00277369   -0.0213833  0.000854893 -0.000479186 0.0996802 0.0642621   9.80828 
             26.0026 -0.0166334   0.139881    1.01486   0.775551 -0.0105687 0.00601222 180.013       0       0 -0.13     0 -1.03  0.178231 0.0253869 0.0154094 -0.000492417   -0.0019213  -0.00274504  -0.0193869 -0.00160934 -0.00237091 0.0979956 0.0653831   9.80829 
             26.2027 -0.0184787   0.148815    1.08517    0.824935 -0.00594409    0.013235 180.013       0       0 -0.13     0 -1.03   0.206481 0.00905633   0.121444 -0.000483145  -0.00201327  -0.00284354  -0.0200579 -0.00161892 -0.00149078 0.0983819  0.065569   9.80829 
              26.404 -0.0178992   0.162893    1.25287    0.960545 -0.00423417 -0.00758459 180.013       0       0 -0.13     0 -1.03    0.495619 -0.00331566  -0.0919539 -0.000468559  -0.00234491  -0.00297356   -0.0260014 -0.000924981   0.00194087  0.102012 0.0662805   9.80825 
             26.6039 -0.0187537   0.182179    1.49863    1.05565 -0.0261958 -0.0235081 180.013       0       0 -0.13     0 -1.03   0.471218 -0.0373991  -0.165285 -0.000606485  -0.00228076  -0.00307441  -0.0255771 0.000494607 0.000543458  0.102082 0.0653634   9.80825 
             26.8027 -0.0199427   0.190912    1.54046    1.07037 -0.0191253  0.0120003 180.013       0       0 -0.13     0 -1.03  0.24424 0.018068 0.158307 -0.000536415  -0.00181652  -0.00309272   -0.0212494 -0.000960991  -0.00407807 0.0993618 0.0650756   9.80828 
             27.0027 -0.0198605   0.202771    1.63007    1.17578 -0.0352373  0.0109318 180.013       0       0 -0.13     0 -1.03   0.386396 -0.0509156  0.0586481 -0.000649571  -0.00195332  -0.00311893  -0.0238081 0.000583274 -0.00229162  0.101185 0.0649115   9.80826 
             27.2041 -0.0248993   0.221229    1.61366     1.27015  -0.0374307 -0.00663292 180.013       0       0 -0.13     0 -1.03   0.428391 -0.0425308 -0.0345402 -0.000585989  -0.00188854  -0.00310321   -0.0245327  0.000204034 -0.000820579  0.101448 0.0652855   9.80826 
              27.404 -0.0251427   0.235675    1.64073     1.35923 -0.00617823  -0.0193728 180.013       0       0 -0.13     0 -1.03   0.43521 0.0448435 -0.145901 -0.000302604  -0.00185229  -0.00314822  -0.0251078 -0.00290429 -0.00276497  0.100902 0.0670885   9.80825 
             27.6027 -0.0285846   0.254078    1.79491    1.46142 -0.0137206  0.0180736 180.013       0       0 -0.13     0 -1.03  0.492616 0.0071276  0.126304 -0.000497558  -0.00196015  -0.00327015  -0.0255351 -0.00170306  -0.0071759  0.101588 0.0665501   9.80825 
             28.0041 -0.0284538   0.268672    1.95278    1.60476 -0.0587401  0.0400884 180.013       0       0 -0.13     0 -1.03    0.3656 -0.085386  0.134634 -0.000751556  -0.00173214  -0.00335522   -0.0231887 -0.000230142   -0.0035766  0.100764 0.0650264   9.80827 
             28.4041 -0.0397589    0.29826     2.2189     1.82203 -0.00851953  0.00753326 180.013       0       0 -0.13     0 -1.03  0.465519 0.0440811 0.0372221 -0.000169332  -0.00224336  -0.00359778   -0.0249571  -0.00160931 -0.000358173  0.101111 0.0661498   9.80826 
             28.6028 -0.0427958   0.340841    2.39778      1.9483  -0.0420318 -0.00807803 180.013       0       0 -0.13     0 -1.03    0.54942 -0.0293397 -0.0687723 -0.000939212  -0.00280018  -0.00374894   -0.0255695 -0.000166364  0.000419597   0.10186 0.0656649   9.80825 
             28.8041 -0.0482199   0.353316    2.47444     1.9856 -0.0249196 0.00188584 180.013       0       0 -0.13     0 -1.03   0.382455  0.0169266 -0.0492239 -0.000675421  -0.00173274  -0.00383951  -0.0217548 -0.00263001 -0.00242133 0.0992968 0.0652817   9.80828 
             29.2042 -0.0524663   0.370927    2.65703     2.26446  -0.0102215 -0.00262447 180.013       0       0 -0.13     0 -1.03   0.625701  0.0577943 -0.0156865 -0.000720117  -0.00173257  -0.00395762  -0.0251046 -0.00137202 -0.00281926  0.101317 0.0660255   9.80825 
             29.4028 -0.048772  0.393371   2.76484   2.33145 -0.037698 0.0188061 180.013       0       0 -0.13     0 -1.03   0.477654 -0.0531806   0.107374 -0.000958731  -0.00107092  -0.00402096   -0.0227965 -0.000759847  -0.00353079  0.100668 0.0648138   9.80827 
             29.6042 -0.0528998   0.413172    2.88176      2.416 -0.0250468  0.0229185 180.013       0       0 -0.13     0 -1.03    0.413273 -0.00021802    0.140568 -0.000778162 -0.000923019  -0.00415384  -0.0229998 -0.00228791  0.00074953 0.0998681 0.0654715   9.80827 
             29.8042 -0.05527  0.42929  3.14387     2.5224 -0.0161666 -0.0152168 180.013       0       0 -0.13     0 -1.03  0.566719 0.0661413 -0.232405 -0.000721505 -0.000955669  -0.00440115  -0.0238996 -0.00218421  0.00354861   0.10013 0.0657162   9.80827 
             30.0029 -0.0564614   0.445462    3.16275    2.64849 -0.0304668 -0.0114588 180.013       0       0 -0.13     0 -1.03   0.639228 -0.0275997 -0.0723859 -0.000863621 -0.000855249  -0.00438089   -0.0236389 -0.000834884  0.000103746 0.100796 0.065155  9.80827 
             30.2029 -0.057808  0.460396   3.24359    2.70821 -0.0301302  0.0186717 180.013       0       0 -0.13     0 -1.03  0.458896 0.0155321 0.0866597 -0.000839264 -0.000573203  -0.00438172  -0.0200698 -0.00230835 -0.00251834 0.0989847 0.0640572   9.80829 
             30.4043 -0.0575686   0.465199    3.19952     2.68481  -0.0219168 -0.00403228 180.013       0       0 -0.13     0 -1.03   0.134383  0.0170894 -0.0404755 -0.000657137 -0.000112057  -0.00440429  -0.0136885 -0.00549725  0.00051082 0.0950974 0.0620964   9.80834 
             30.6043 -0.0653156   0.477004    3.22193     2.81597 -0.00553608  -0.0102768 180.013       0       0 -0.13     0 -1.03   0.442731  0.0616894 -0.0807177 -0.000584941 -0.000658019  -0.00448546   -0.0190409  -0.00415952 -0.000413829 0.0976468 0.0641066    9.8083 
             31.0029 -0.0650417   0.488418    3.51113     3.05946   0.0155532 -0.00675744 180.013       0       0 -0.13     0 -1.03   0.801987  0.0868275 -0.0490508 -0.000670446 -0.000635584  -0.00466054  -0.0177755 -0.00410715 -0.00336017 0.0973016 0.0635487   9.80831 
             31.2042 -0.0663026   0.509664    3.31976     3.10096  0.00126375 0.000964027 180.013       0       0 -0.13     0 -1.03     0.55211   0.0198981 -0.00750705 -0.000707215   0.00110755  -0.00449602  -0.0137676 -0.00495677 -0.00416811 0.0957318 0.0617804   9.80834 
             31.4042 -0.0721916   0.509417    3.34329    2.75472 -0.0441825  0.0112116 180.013       0       0 -0.13     0 -1.03 -0.723017 -0.107956 0.0326257 -0.000979586   0.00979574  -0.00453455  0.00816691  -0.0126885 -0.00607448 0.0860711 0.0522744   9.80848 
             31.6042 -0.0664832   0.499619    3.31777     2.84558  -0.0301485 -0.00020729 180.013       0       0 -0.13     0 -1.03  -0.121417 -0.0169262 -0.0195118 -0.000843142   0.00871486  -0.00453422 -0.00558828  -0.0095218 -0.00505769 0.0921807   0.05745    9.8084 
             31.8043 -0.0660011   0.498781    3.29952    2.86866  -0.007069 0.00548898 180.013       0       0 -0.13     0 -1.03 -0.00257117   0.0562803   0.0117183 -0.000754427   0.00847146  -0.00452481 -0.00886078 -0.00995284 -0.00585254  0.093131 0.0590986   9.80838 
             32.0043 -0.0656513   0.503813    3.31805    2.89061 -0.0127427 0.00363329 180.013       0       0 -0.13     0 -1.03  0.0677209  0.0413012 0.00117243 -0.000797267   0.00841588  -0.00452251 -0.00940889 -0.00884496 -0.00563535 0.0938045 0.0589734   9.80837 
             32.2057 -0.0649643   0.504192    3.35119    2.88834 -0.0188253 0.00336655 180.013       0       0 -0.13     0 -1.03  -0.0232826   0.0669599 -0.00203294 -0.00084949  0.00838985 -0.00454145 -0.00874704 -0.00818792 -0.00563316 0.0938725 0.0584668   9.80838 
             32.4044 -0.0697197   0.507254    3.43224    2.86206   0.012066 0.00396215 180.013       0       0 -0.13     0 -1.03  -0.139209   0.160894 -0.0158158 -0.000739748   0.00840144  -0.00474341 -0.00811892 -0.00951165 -0.00621503 0.0931045 0.0586427   9.80838 
             32.8044 -0.0674987   0.497134    3.57069   2.79234  0.106604 0.0114769 180.013       0       0 -0.13     0 -1.03 -0.142078  0.246203 0.0487609 -0.000695398   0.00855257  -0.00473062 -0.00725619  -0.0108021 -0.00623157 0.0922651 0.0586892   9.80839 
             33.0045 -0.0788427    0.50514    3.40912     2.91147    0.143555 -0.00777231 180.013       0       0 -0.13     0 -1.03   0.108831   0.250314 -0.0948817 -0.000896196   0.00648923  -0.00451068  -0.0130236 -0.00791848 -0.00556007 0.0952252 0.0605719   9.80835 
             33.2044 -0.0826683   0.504262    3.48039    2.85802   0.178879 -0.0159803 180.013       0       0 -0.13     0 -1.03 -0.139131  0.222773 -0.157465 -0.00111804  0.00733145 -0.00446811 -0.00897379 -0.00851547 -0.00899796 0.0939147 0.0588875   9.80837 
             33.4044 -0.0897922   0.507263    3.24568   2.85187  0.215217 0.0079524 180.013       0       0 -0.13     0 -1.03 -0.119757  0.178175 0.0103158 -0.000942423   0.00710031  -0.00427973  -0.010411 -0.0075446 -0.0122384 0.0948445 0.0593046   9.80836 
             33.6045 -0.0985449    0.50825    3.23524  2.87876 0.266795  0.02701 180.013       0       0 -0.13     0 -1.03 0.0273318  0.211859  0.138676 -0.000785823   0.00674668   -0.0043293  -0.0134981 -0.00751071  -0.0115646 0.0957813 0.0606424   9.80834 
             33.8045 -0.103674  0.506826   3.41215   2.86067  0.309587 0.0270157 180.013       0       0 -0.13     0 -1.03 -0.0222906   0.201455   0.213703 -0.000750707   0.00681374  -0.00434556  -0.0122341 -0.00824293 -0.00729888  0.094958 0.0602805   9.80836 
              34.203 -0.107528  0.511855   3.26665   2.9003 0.422048 0.025014 180.013       0       0 -0.13     0 -1.03   0.0535993     0.23616 -0.00263917 -0.000694855   0.00665761  -0.00429421  -0.0141733 -0.00851439 -0.00356392 0.0953626   0.06106   9.80835 
             34.4031 -0.116521  0.518196   3.30534    2.88972   0.407976 -0.0344173 180.013       0       0 -0.13     0 -1.03 0.0037085 0.0719744 -0.251786 -0.000882152   0.00697577  -0.00435308   -0.013051 -0.00704455 -0.00150812  0.095501 0.0601262   9.80835 
             34.6046 -0.121224  0.516171   3.41042    2.87452   0.483607 0.00894372 180.013       0       0 -0.13     0 -1.03 -0.0384678   0.228551 -0.0200726 -0.000284501   0.00699729  -0.00442862 -0.0129739 -0.0113597 -0.0133201 0.0943788  0.061508   9.80835 
             35.0047 -0.121859  0.518195   3.46656   2.91189  0.535531 0.0659003 180.013       0       0 -0.13     0 -1.03 0.012434 0.183997 0.257548 -0.000513668   0.00678498  -0.00442486  -0.0149455 -0.00847141  -0.0130399 0.0961526 0.0613901   9.80834 
             35.2032 -0.134134   0.51519   3.23423   2.86741  0.615661 0.0228648 180.013       0       0 -0.13     0 -1.03 -0.0783028   0.297183   0.119268 3.03837e-05  0.00720225 -0.00422164  -0.0141727  -0.0101957 -0.00833363 0.0950485 0.0613829   9.80835 
             35.4058 -0.137987  0.511283    3.1305   2.87032  0.646742 0.0190978 180.013       0       0 -0.13     0 -1.03 -0.0219889   0.233916   0.102132 -0.000971978   0.00688052  -0.00407561  -0.0143806 -0.00820082 -0.00418907 0.0959465 0.0607789   9.80834 
             35.6047 -0.145181    0.5153   2.97877     2.89329    0.699882 -0.00416713 180.013       0       0 -0.13     0 -1.03 -0.0139853    0.25493  -0.124816 -0.000953432   0.00654093  -0.00383621   -0.0172657  -0.00775987 -0.000927563 0.0968696  0.061528   9.80833 
             35.8032 -0.150752  0.524645   3.12465    2.91446   0.712705 0.00509466 180.013       0       0 -0.13     0 -1.03 0.0195963  0.144209 0.0394016 -0.000812919    0.0064453  -0.00396357  -0.0185942 -0.00423251 -0.00348173 0.0986144 0.0609155   9.80832 
             36.0032 -0.158804  0.517623    2.9849   2.83514  0.786366 0.0249418 180.013       0       0 -0.13     0 -1.03 -0.203573  0.285819  0.118741 -0.000772966   0.00638976  -0.00390388   -0.015016 -0.00743786 -0.00352569 0.0963426 0.0607968   9.80834 
             36.2048 -0.16223 0.520772  3.10406   2.87194  0.845311 0.0225247 180.013       0       0 -0.13     0 -1.03 -0.0311683   0.270094   0.106365 -0.000790447   0.00573217  -0.00413042  -0.0205734 -0.00588503 0.000893542 0.0984976 0.0620892   9.80831 
             36.4045 -0.171678  0.522838   3.19179    2.87963   0.916352 -0.0107403 180.013       0       0 -0.13     0 -1.03 -0.0173092   0.319827 -0.0930973 -0.000765581   0.00575799  -0.00416699  -0.0222889 -0.00677231  0.00462894 0.0986379 0.0628144    9.8083 
             36.6032 -0.179505  0.529549     3.193   2.90631  0.967273 0.0192575 180.013       0       0 -0.13     0 -1.03 0.0355348  0.196635  0.049464 -0.000991408   0.00540076  -0.00418148  -0.0242282 -0.00564032  0.00143796 0.0997779 0.0633298   9.80829 
             36.8032 -0.185351  0.529939   3.07799     2.8771    1.02634 0.00809651 180.013       0       0 -0.13     0 -1.03 -0.110408  0.200107  0.104083 -0.000611938   0.00531837  -0.00404336  -0.0229875 -0.00820589  0.00438741 0.0984644 0.0635904    9.8083 
             37.0045 -0.191003  0.531884   2.99974   2.87264   1.05892 0.0350295 180.013       0       0 -0.13     0 -1.03 -0.0474453   0.136999   0.164562 -0.000639468    0.0051731  -0.00398347  -0.0238513 -0.00778299  0.00479459 0.0988764   0.06377   9.80829 
             37.2046 -0.200848   0.53698   2.78662    2.88325    1.13974 -0.0172684 180.013       0       0 -0.13     0 -1.03 -0.0258738   0.291159  -0.185105 -0.000776336   0.00512866  -0.00373604 -0.0258085 -0.0098038  0.0082551 0.0987022   0.06487   9.80829 
             37.4032 -0.207706  0.542204   2.88884     2.9268    1.18064 0.00135471 180.013       0       0 -0.13     0 -1.03  0.0767111   0.205823 -0.0785865 -0.00100203  0.00481763 -0.00380229  -0.0289349 -0.00787652  0.00283961 0.100447 0.065418  9.80827 
             37.6033 -0.214712  0.547638   2.87153    2.88554    1.25373 0.00625837 180.013       0       0 -0.13     0 -1.03 -0.108398  0.261394 0.0797939    -0.00047  0.00539177 -0.00379362 -0.0256657 -0.0117075 0.00205739 0.0982927 0.0657397   9.80829 
             37.8059 -0.218785  0.540614    2.8949   2.90059   1.31473 0.0269897 180.013       0       0 -0.13     0 -1.03 0.0416149  0.319647 0.0598664 -0.000687202   0.00523899   -0.0037538 -0.0276096 -0.0111714 0.00155988 0.0991044 0.0661821   9.80828 
              38.006 -0.228358  0.552206   2.97109     2.96008     1.35458 -0.00154368 180.013       0       0 -0.13     0 -1.03   0.210916   0.210305 -0.0157248 -0.000739779   0.00503224  -0.00381088 -0.0298669 -0.0100923 0.00425522  0.100039 0.0663304   9.80827 
             38.2046 -0.237969  0.557094   2.96271    2.9124   1.42952 0.0125805 180.013       0       0 -0.13     0 -1.03  -0.0587831    0.277569 -0.00030504  -0.0005998  0.00512386 -0.00366235 -0.0257883 -0.0137591 0.00215294 0.0977582 0.0663225   9.80829 
             38.4046 -0.249711   0.56401   2.80511   2.92044   1.49085 0.0202607 180.013       0       0 -0.13     0 -1.03 -0.0424952   0.333134  0.0919753 -0.000638035    0.0049758   -0.0035513  -0.028022 -0.0131661 0.00284444 0.0986029 0.0668218   9.80828 
              38.606 -0.257662  0.566622   2.71159   2.90434   1.55983 0.0216572 180.013       0       0 -0.13     0 -1.03 -0.0414219   0.320392  0.0104067 -0.00068278  0.00506834 -0.00332348 -0.0273433 -0.0138221 0.00423545 0.0981708 0.0667689   9.80828 
             39.0047 -0.263444  0.578475   2.73498   2.97739   1.56711 0.0625864 180.013       0       0 -0.13     0 -1.03    0.09101 -0.0805327    0.21084 -0.000997371    0.0044557  -0.00341066 -0.0319084 -0.0100524 0.00640491  0.100549 0.0667504   9.80826 
             39.2047 -0.280211  0.585209   2.75938   2.90404   1.71677 0.0015132 180.013       0       0 -0.13     0 -1.03 -0.141532  0.252585 -0.122161  0.00093674  0.00537952 -0.00344176  -0.030389 -0.0171516  0.0108306 0.0980358 0.0684123   9.80827 
             39.4061 -0.291483  0.591465   2.78845   2.94941   1.80351 0.0249167 180.013       0       0 -0.13     0 -1.03 0.0213567  0.322001 0.0537062  0.00149021  0.00353788 -0.00339047 -0.0345876 -0.0179062 0.00655976 0.0992242 0.0700223   9.80825 
             39.6061 -0.298131   0.59742   2.76789   2.95087   1.86357 0.0387175 180.013       0       0 -0.13     0 -1.03 0.0239429  0.289855  0.164536  0.00170459  0.00354921 -0.00328669  -0.034295 -0.0181015 0.00782614 0.0990552 0.0699576   9.80825 
             39.8047 -0.307062  0.596554   2.60735   2.94684   1.92731 0.0344116 180.013       0       0 -0.13     0 -1.03 -0.0482045   0.319778   0.108084  0.00177912  0.00349189 -0.00316009 -0.0342218 -0.0185728  0.0128919 0.0986997 0.0700497   9.80825 
              40.006 -0.31009 0.593305  2.43378   2.91198   2.00253 0.0447055 180.013       0       0 -0.13     0 -1.03 -0.163028  0.359534  0.285629   0.0018805  0.00343263 -0.00302849 -0.0334719 -0.0199335  0.0171641 0.0979723 0.0701463   9.80826 
             40.4048 -0.318168  0.597263   2.50111   3.01272   2.09394 0.0655733 180.013       0       0 -0.13     0 -1.03   0.07158   0.25325 0.0882517    0.001969  0.00405883 -0.00307605 -0.0390978 -0.0174643  0.0208437  0.100167 0.0706345   9.80823 
             40.8062 -0.329535  0.603163   2.51703     2.91037      2.1944 -0.00559351 180.013       0       0 -0.13     0 -1.03  -0.088644   0.109754 -0.0628419  0.00192845  0.00481307 -0.00314404 -0.0350066  -0.019063  0.0289578 0.0982102 0.0698664   9.80826 
             41.0061 -0.345541  0.613255   2.64514   2.98648   2.24965 0.0149924 180.013       0       0 -0.13     0 -1.03   0.109806  0.0727856 0.00801781  0.00296665  0.00325708 -0.00313309 -0.0391276 -0.0203586  0.0255565 0.0992669 0.0712565   9.80824 
             41.2048 -0.350043  0.621524   2.64192   3.03048   2.24858 0.0140239 180.013       0       0 -0.13     0 -1.03    0.238972   0.0320524 -0.00806597 0.00287804 0.00324679 -0.0031459 -0.0400059 -0.0191064   0.025803 0.0998117 0.0710564   9.80823 
             41.4061 -0.352838  0.616077   2.44738   2.98679   2.24427 0.0154184 180.013       0       0 -0.13     0 -1.03  0.112734  0.028319 -0.011174 0.00281244 0.00296998 -0.0030391 -0.0327908 -0.0198552  0.0256901 0.0973947 0.0696351   9.80827 
             41.6062 -0.347922  0.607967   2.44414   2.97055   2.23865 0.0168438 180.013       0       0 -0.13     0 -1.03   0.0582965 -0.00672472   0.0158777 0.00274627 0.00318789 -0.0027827 -0.0288533 -0.0196244  0.0252287 0.0962521 0.0687066   9.80829 
             41.8048 -0.34868 0.601577  2.14458   2.85814   2.24174 0.0138646 180.013       0       0 -0.13     0 -1.03  -0.313307 0.00488609 -0.0789357  0.00276906  0.00315255 -0.00264032 -0.0185211 -0.0223171   0.025113 0.0924512  0.067366   9.80833 
             42.0049 -0.340238  0.584308    2.0894    2.78889    2.26328 0.00887017 180.013       0       0 -0.13     0 -1.03  -0.305178  0.0515923 -0.0513508   0.0026369  0.00307811 -0.00257556   -0.01819 -0.0238896  0.0242587 0.0920913 0.0678495   9.80833 
             42.2048 -0.343582  0.583608   2.18257   2.79193   2.23639 0.0139058 180.013       0       0 -0.13     0 -1.03  -0.0935314  -0.0661776 -0.00934661  0.00284269  0.00337124 -0.00266502 -0.0206212 -0.0217676  0.0233555 0.0932535 0.0675664   9.80832 
             42.4062 -0.34354 0.574474  1.98365    2.7289   2.25983 0.0317371 180.013       0       0 -0.13     0 -1.03 -0.185507 0.0233167 0.0874549  0.00303275  0.00348879 -0.00243313 -0.0177011 -0.0248945  0.0221184 0.0918959 0.0681804   9.80833 
             42.6061 -0.341237  0.564179   1.84595   2.65118    2.2389 0.0203907 180.013       0       0 -0.13     0 -1.03   -0.324727   -0.041938 -0.00222087  0.00278608  0.00372017 -0.00232983 -0.0152515 -0.0235841  0.0243441 0.0912639 0.0672929   9.80834 
             42.8047 -0.340329  0.552067   1.66032   2.56086    2.2397 0.0160111 180.013       0       0 -0.13     0 -1.03  -0.446825 -0.0121901 -0.0530104  0.00271435  0.00380659 -0.00217849 -0.0139083 -0.0242911  0.0243578 0.0907435 0.0673499   9.80835 
             43.0046 -0.341626  0.546923   1.73667   2.53433   2.23722 0.0236595 180.013       0       0 -0.13     0 -1.03  -0.259967 -0.0391709 -0.0126645   0.0027871  0.00409792 -0.00212551 -0.0175114  -0.023923  0.0228256   0.09204 0.0676743   9.80833 
             43.2058 -0.342871  0.540609   1.57725   2.52148   2.22252 0.0141362 180.013       0       0 -0.13     0 -1.03  -0.174316 -0.0497667 -0.0767905  0.00279606  0.00432065 -0.00195645 -0.0193188 -0.0233769  0.0227154 0.0926851 0.0676536   9.80833 
             43.6041 -0.340866  0.534178   1.50504 2.40777 2.24214 0.04648 180.013       0       0 -0.13     0 -1.03  -0.179006 0.00583849  0.0590825   0.0029323  0.00444688 -0.00198483 -0.0160811 -0.0256976  0.0201204 0.0915663 0.0682569   9.80834 
              43.804 -0.336958  0.514283   1.43509   2.28643   2.25181 0.0259416 180.013       0       0 -0.13     0 -1.03  -0.348206  0.0288162 -0.0189233  0.00314886  0.00516703 -0.00181846 -0.0119569 -0.0264361  0.0232003 0.0901477 0.0682366   9.80835 
             44.0052 -0.339944  0.507246   1.29184   2.17741   2.24118 0.0388653 180.013       0       0 -0.13     0 -1.03  -0.478482 -0.0294907  0.0791404   0.0030225  0.00547048 -0.00174164 -0.0102028 -0.0257884  0.0227524 0.0896332  0.067955   9.80836 
              44.205 -0.332201  0.486827   1.10828    2.0901    2.2355 0.0274338 180.013       0       0 -0.13     0 -1.03  -0.468223 -0.0314253 -0.0302319  0.00288625  0.00542124 -0.00146328  -0.010755 -0.0257912   0.023714 0.0897402 0.0679211   9.80835 
             44.4036 -0.334584  0.479403  0.978527   2.04253   2.24369 0.0229592 180.013       0       0 -0.13     0 -1.03   -0.331313 -0.00142691  -0.0302911  0.00286196  0.00543091 -0.00133193 -0.0146213 -0.0270521  0.0230438 0.0909765 0.0684211   9.80834 
             44.6048 -0.330612  0.474642   1.04397   2.04146    2.2466 0.0459105 180.013       0       0 -0.13     0 -1.03 -0.179071 0.0244835  0.100802  0.00274153  0.00512374 -0.00138699 -0.0198683 -0.0267358  0.0211766 0.0926931 0.0683357   9.80832 
             44.8047 -0.327496  0.459411   0.97837    1.9259   2.25702 0.0276711 180.013       0       0 -0.13     0 -1.03 -0.392857 0.0671154 -0.126983  0.00279156  0.00586683 -0.00133719 -0.0145759   -0.02703  0.0241121 0.0909322  0.068466   9.80834 
             45.0032 -0.321566  0.436937  0.799148   1.76774   2.26577 0.0233645 180.013       0       0 -0.13     0 -1.03  -0.614511  0.0591118 0.00164517  0.00276205   0.0057951 -0.00130104 -0.0100633 -0.0267911  0.0235001 0.0895232 0.0684933   9.80835 
             45.2031 -0.314798  0.423992  0.698257   1.71041   2.25814 0.0367811 180.013       0       0 -0.13     0 -1.03  -0.475088 0.00178738 0.00664321  0.00291977  0.00604601 -0.00114495 -0.0128333 -0.0259827  0.0228719 0.0903525 0.0681552   9.80835 
             45.4042 -0.317132  0.411206  0.582401   1.66158   2.23438 0.0167385 180.013       0       0 -0.13     0 -1.03  -0.358093  -0.080966 -0.0799576  0.00279334   0.0057364 -0.00102732 -0.0164793 -0.0242446  0.0240193 0.0913409 0.0673986   9.80834 
             45.6041 -0.29972 0.395843 0.501047     1.57462     2.25102 0.000307835 180.013       0       0 -0.13     0 -1.03 -0.390348 0.0425458 -0.258563   0.00309756   0.00587435 -0.000926196 -0.0151028 -0.0262006  0.0205721 0.0911247   0.06814   9.80834 
              45.804 -0.295464  0.380546  0.508693   1.52256   2.25259 0.0237443 180.013       0       0 -0.13     0 -1.03  -0.322003  0.0240667 -0.0297459   0.00302195   0.00573778 -0.000898262 -0.0168869   -0.02556  0.0134467  0.091703 0.0679993   9.80834 
             46.4036 -0.300215  0.374797  0.394356  1.32669  2.25604 0.161143 180.013       0       0 -0.13     0 -1.03  -0.320901 0.00820328   0.285089   0.00300256   0.00571314 -0.000860812 -0.0165495 -0.0254674  0.0121122 0.0916153 0.0680396   9.80834 
             46.8033   -0.294954    0.334901 -0.00766963    1.10641    2.25401 0.00840841 180.013       0       0 -0.13     0 -1.03   -0.453238 0.000279855  -0.0617679   0.00277414   0.00585714 -0.000170275 -0.0156643 -0.0254007  0.0174377 0.0912877 0.0679748   9.80834 
             47.0032 -0.290072  0.317193 0.0644935   1.08109   2.26055 0.0152321 180.013       0       0 -0.13     0 -1.03  -0.35266 0.0386778 -0.179678   0.00291842   0.00477725 -0.000261393 -0.0181136 -0.0256574  0.0137119 0.0919726 0.0678625   9.80833 
             47.2031  -0.285217    0.30634 -0.0869242  1.03305  2.26042 0.031223 180.013       0       0 -0.13     0 -1.03  -0.245709 1.2692e-05  0.0439242  0.00287005  0.00455432 -0.00012755  -0.019286 -0.0254747 0.00950177 0.0922412 0.0676071   9.80833 
             47.4029 -0.287809  0.293586 -0.240802  0.957051   2.27214 0.0245684 180.013       0       0 -0.13     0 -1.03  -0.280502  0.0292638 -0.0663248  0.00299432  0.00468331 2.28558e-05 -0.0169276 -0.0261287 0.00977688  0.091706 0.0681473   9.80833 
             47.6027 -0.282064  0.280105 -0.292128  0.855117    2.2771 0.0364665 180.013       0       0 -0.13     0 -1.03 -0.376477 0.0183995 0.0319086  0.00299341  0.00509674 7.30919e-05  -0.01327 -0.025593 0.0086824 0.0906668 0.0686574   9.80834 
             48.0025  -0.27437  0.259032 -0.478921  0.597645   2.25416 0.0194378 180.013       0       0 -0.13     0 -1.03  -0.566711 -0.0416838 -0.0134818  0.00269233  0.00562386 0.000217834 -0.0089451  -0.023735    0.01047 0.0892228 0.0689805   9.80835 
             48.2024 -0.274125  0.242866 -0.680049 0.575529  2.28925 0.029272 180.013       0       0 -0.13     0 -1.03 -0.358113 0.0310746 0.0654093  0.00334675  0.00427763 0.000402897 -0.0113772 -0.0255073  0.0102161  0.090148 0.0688921   9.80834 
             48.4022 -0.269483  0.230125 -0.852634  0.550566    2.2674 0.0260584 180.013       0       0 -0.13     0 -1.03  -0.226576 -0.0564192 -0.0366888   0.0027327  0.00310344 0.000496198 -0.0138991 -0.0244692  0.0112157  0.090489 0.0680862   9.80835 
             48.6021 -0.269069  0.225995 -0.863472   0.445016    2.28808 0.00536697 180.013       0       0 -0.13     0 -1.03  -0.413598 0.00186234  -0.104797  0.00300418  0.00367502 0.000482412 -0.0096348 -0.0261947  0.0118748 0.0900034 0.0695423   9.80834 
              48.802 -0.255857  0.213973 -0.857625   0.291557    2.32772 0.00951592 180.013       0       0 -0.13     0 -1.03 -0.615788 0.0639295 0.0496224   0.0035983  0.00418053 0.000497795 -0.00428981  -0.0286264   0.0102994 0.0895074 0.0714704   9.80833 
             49.0018 -0.271025  0.198295  -1.03332  0.168765   2.35866 0.0429033 180.013       0       0 -0.13     0 -1.03 -0.639726  0.107664  0.163036  0.00355886  0.00421421 0.000615496 -0.0043168 -0.0295606 0.00930547 0.0897373 0.0716847   9.80833 
             49.2017 -0.275067  0.195102  -1.12937  0.327448   2.24626 0.0319282 180.013       0       0 -0.13     0 -1.03  0.152815  -0.27129 0.0792941  0.00336948   0.0045339 0.000754574 -0.0215607 -0.0249877  0.0128329  0.092343 0.0664027   9.80834 
             49.4015 -0.278062  0.190467  -1.24765  0.199229   2.28102 0.0479788 180.013       0       0 -0.13     0 -1.03  -0.289215 -0.0377242   0.100712  0.00373588  0.00503527 0.000874304 -0.00814415  -0.0297847   0.0131973 0.0908187 0.0709404   9.80832 
             49.6014 -0.25852 0.172006 -1.41308 -0.00331434     2.31654    0.017129 180.013       0       0 -0.13     0 -1.03  -0.667596  0.0723538 -0.0583961   0.0039794  0.00586681 0.000973437 0.00233099 -0.0304456  0.0171401 0.0889577 0.0739615   9.80832 
             49.8012 -0.258669  0.156833  -1.38983 -0.0260305    2.33364  0.0185282 180.013       0       0 -0.13     0 -1.03   -0.339771   0.0708677 -0.00481195  0.00410779  0.00535111 0.000872197 -0.0041872 -0.0324305  0.0160891 0.0907528 0.0723908   9.80831 
             50.0011 -0.252306  0.150299  -1.38437 -0.069512   2.36428 0.0331316 180.013       0       0 -0.13     0 -1.03 -0.217237  0.104995 0.0668504   0.0042656  0.00527356 0.000895574 -0.00497733  -0.0337125   0.0151412 0.0912837 0.0723722   9.80831 
              50.201 -0.265179  0.145221  -1.55542  -0.15174    2.3352 0.0317875 180.013       0       0 -0.13     0 -1.03   -0.316859  -0.0385915 -0.00322273 0.00421073 0.00503767 0.00105744 -0.0037773  -0.030796  0.0159179 0.0902137   0.07218   9.80832 
             50.4009 -0.257689  0.124923  -1.71348 -0.278587   2.31431 0.0199607 180.013       0       0 -0.13     0 -1.03  -0.478293 -0.0751201  0.0149402  0.0040333 0.00506774 0.00117552 0.000562173   -0.028875   0.0181252 0.0889008 0.0730411   9.80833 
             50.6021 -0.243148  0.114013  -1.79118 -0.371222   2.34025 0.0200488 180.013       0       0 -0.13     0 -1.03 -0.469904 0.0383206 0.0336195 0.00445649 0.00521399 0.00134307 0.00133331 -0.0325974  0.0181222 0.0899707 0.0739088   9.80831 
             50.9991 -0.251771  0.105583   -1.9055  -0.462443    2.37312 0.00333169 180.013       0       0 -0.13     0 -1.03 -0.437367  0.075597 -0.110239 0.00460457 0.00467466 0.00144342 -0.00454387  -0.0351349   0.0176829  0.091729 0.0723794    9.8083 
              51.199 -0.234085 0.0816568  -2.09731  -0.783024    2.41366 -0.0267084 180.013       0       0 -0.13     0 -1.03  -1.21876  0.149833 -0.143613 0.00475545 0.00662453 0.00145426 0.00205971 -0.0335825  0.0179296 0.0903197 0.0744936    9.8083 
             51.4002 -0.256695 0.0816996  -1.96614  -0.816615    2.35084 -0.0112939 180.013       0       0 -0.13     0 -1.03  -0.741812   -0.23424 -0.0243486   0.0027345 0.000421674  0.00166222 -0.0120971 -0.0332276   0.013768 0.0913197 0.0693423   9.80833 
             51.5987 -0.0255024    1.72569   -1.71932 -0.232171   2.27874 -0.349635 180.013       0       0 -0.13     0 -1.03    1.1602 -0.404669  -0.93616  0.00414605 -0.00399235  0.00196714 -0.0616514 -0.0484878  0.0401165  0.103847 0.0529141   9.80831 
             51.7986 -0.206371   1.34512  -1.78779 -0.315171   2.36186 -0.407063 180.013       0       0 -0.13     0 -1.03  0.403434 0.0576212 -0.540509  0.00464826 -0.00214895  0.00159945 -0.0334752 -0.0530834  0.0302211  0.102848 0.0624189   9.80826 
             51.9985 -0.153841   1.23117  -1.71701 -0.536274   2.12054 -0.381295 180.013       0       0 -0.13     0 -1.03 -0.549437 -0.640183 -0.178257  0.00434321 -0.00206096  0.00139786 -0.0212866 -0.0352544   0.022563   0.09671 0.0635017   9.80832 
             52.1997 -0.0961121    1.29043   -1.47585 -0.626316   2.09569  -0.32096 180.013       0       0 -0.13     0 -1.03  -0.565285  -0.363567 -0.0256763  0.00363318 -0.00198444  0.00122721 -0.0209834 -0.0386968  0.0188087   0.09802 0.0641762    9.8083 
             52.3995 -0.0877213    1.32586   -1.51392 -0.469445   2.07927  -0.32576 180.013       0       0 -0.13     0 -1.03    0.101448   -0.207336 -0.00919363  0.00354985 -0.00221321  0.00107413 -0.0392498 -0.0473887  0.0187916  0.103511 0.0599873   9.80827 
             52.5981 -0.0831682    1.32178   -1.29841 -0.486251   2.01951 -0.326809 180.013       0       0 -0.13     0 -1.03 -0.0345678  -0.252472  -0.119684  0.00327352 -0.00187659 0.000918527 -0.0370707 -0.0450563  0.0179696  0.102596 0.0602426   9.80828 
              52.798 -0.125759   1.29311  -1.49515 -0.562499   1.93471 -0.323746 180.013       0       0 -0.13     0 -1.03 -0.176009 -0.158921 -0.062005  0.00270249 -0.00125489  0.00107598 -0.0322747 -0.0394563  0.0162358  0.100478 0.0606154    9.8083 
             52.9992 -0.139616   1.22978  -1.38605 -0.463899   1.90376 -0.363148 180.013       0       0 -0.13     0 -1.03  0.246631 -0.133656 -0.109549  0.00266723 -0.00159121  0.00104304 -0.0397525 -0.0409789  0.0182251   0.10193 0.0589504   9.80829 
              53.199 -0.0680781    1.30875   -1.38342  -0.51654   1.80619 -0.305419 180.013       0       0 -0.13     0 -1.03 -0.0420061  -0.320435  0.0432712  0.00297726 -0.00203744 0.000949578 -0.0366385 -0.0373996  0.0148195  0.100681 0.0591658    9.8083 
             53.3976 -0.0875116    1.27121   -1.29879 -0.482481   1.74219  -0.33088 180.013       0       0 -0.13     0 -1.03  0.0744934  -0.301045 0.00516616  0.00279176 -0.00199998 0.000673936 -0.0398578 -0.0376698  0.0183007  0.100961 0.0584634   9.80831 
             53.5975 -0.061339   1.28189  -1.24277 -0.531739   1.65643 -0.321608 180.013       0       0 -0.13     0 -1.03   -0.124734   -0.414846 -0.00357802  0.00256458 -0.00137619 0.000685379 -0.0351085 -0.0350971  0.0164619 0.0997267  0.059297   9.80831 
             53.9986 -0.0599875    1.30383   -1.21162 -0.494702   1.50081 -0.262016 180.013       0       0 -0.13     0 -1.03 0.0327471 -0.360842  0.171086  0.00246827 -0.00173076 0.000586237 -0.0384551 -0.0358997  0.0146262  0.100726 0.0585508   9.80831 
             54.1985 -0.06152   1.3157 -1.30266 -0.563064   1.45845 -0.265245 180.013       0       0 -0.13     0 -1.03 -0.0969062  -0.306018   0.201841   0.00274425 -0.000682279  0.000638856 -0.0360061 -0.0360983  0.0170222  0.100145 0.0592646   9.80831 
             54.3969 -0.0566459     1.2891   -1.36663  -0.44095   1.38615 -0.326167 180.013       0       0 -0.13     0 -1.03   0.210886  -0.341285 -0.0295257  0.00274757 -0.00491109 0.000616255 -0.0459703 -0.0373965  0.0268585  0.101003 0.0573256   9.80831 
             54.5983 -0.0301424    1.24313   -1.23077 -0.572233   1.32177 -0.358213 180.013       0       0 -0.13     0 -1.03 -0.230786 -0.330501 -0.123002  0.00262272 -0.00376319 0.000360364 -0.0332816 -0.0355347  0.0287403  0.098309 0.0603355   9.80832 
             54.7981 -0.0563461    1.24679   -1.09133 -0.541893   1.24819 -0.318308 180.013       0       0 -0.13     0 -1.03 -0.00587207   -0.391048   0.0538236    0.002608 -0.00400364 0.000308453 -0.0377204 -0.0364119  0.0232101 0.0998476 0.0591653   9.80831 
             55.1979 -0.00293289     1.27788    -1.10962 -0.493828     1.145 -0.321195 180.013       0       0 -0.13     0 -1.03  0.0533039  -0.293682 -0.0126527  0.00258586 -0.00406559 0.000299495 -0.0388986 -0.0383605   0.023116  0.100488 0.0592423   9.80831 
             55.3978 -0.00431652     1.25463   -0.979613 -0.642341   1.05861 -0.326277 180.013       0       0 -0.13     0 -1.03  -0.273155   -0.20608 -0.0489696  0.00191729 -0.00318205 0.000235439 -0.0349577 -0.0361443  0.0230624 0.0993545 0.0597261   9.80831 
             55.5977 0.0210529   1.26509  -1.16923 -0.653821   1.00097 -0.334352 180.013       0       0 -0.13     0 -1.03 -0.179667 -0.282374 -0.145315  0.00162136 -0.00415717 0.000369779 -0.0382135 -0.0356484  0.0213082 0.0999452 0.0589601   9.80831 
             55.7976 0.0230097   1.28316   -1.0754 -0.548729   0.94538 -0.327014 180.013       0       0 -0.13     0 -1.03  0.110462 -0.392839 -0.178667   0.0018352 -0.00453761 0.000157963 -0.0470326  -0.037863   0.017727    0.1023 0.0574128    9.8083 
             55.9975 0.0404366    1.2783 -0.867066 -0.597459  0.827226 -0.334644 180.013       0       0 -0.13     0 -1.03  -0.172081  -0.528103 -0.0809728  0.00183293 -0.00464329 8.05144e-05 -0.0443673 -0.0358616  0.0165013  0.101552 0.0576373    9.8083 
             56.1974 0.0584428    1.2678 -0.914305 -0.644935  0.776164 -0.294988 180.013       0       0 -0.13     0 -1.03 -0.215733 -0.396852  0.171292  0.00177481  -0.0046864 0.000142802 -0.0437702 -0.0374388  0.0156182  0.101801 0.0579932    9.8083 
             56.3972 0.0491655   1.27298 -0.763219  -0.59071  0.706142 -0.282706 180.013       0       0 -0.13     0 -1.03 0.0261606 -0.436948  0.152042   0.00183449  -0.00529379 -0.000119819 -0.0509096 -0.0397626  0.0185183   0.10317 0.0572777   9.80829 
             56.5982 0.0623752    1.2778 -0.810838 -0.640075  0.655637  -0.32901 180.013       0       0 -0.13     0 -1.03 -0.118371  -0.34008 -0.109473   0.00242523  -0.00477453 -0.000112555 -0.0458053 -0.0426748  0.0251093  0.102206 0.0589249   9.80829 
              56.797 0.0666278   1.26617 -0.822696 -0.642017  0.575003 -0.321622 180.013       0       0 -0.13     0 -1.03 -0.0916687   -0.38894 -0.0111563  0.00248259 -0.00484786 -4.0006e-05 -0.0475078 -0.0420029  0.0223926  0.102633 0.0583924   9.80829 
             56.9969 0.0553768   1.26808 -0.891075 -0.617497  0.495604 -0.321875 180.013       0       0 -0.13     0 -1.03 -0.00194271   -0.452649    -0.08065   0.00254896  -0.00499928 -2.37594e-05 -0.0498999 -0.0429722  0.0210876  0.103338 0.0580995   9.80828 
             57.1951 0.0792419   1.27334 -0.704525 -0.605412  0.426153 -0.326558 180.013       0       0 -0.13     0 -1.03  0.037189 -0.433024 -0.110118   0.00220504  -0.00489611 -0.000301963 -0.0500775 -0.0440259  0.0206187  0.103589 0.0582486   9.80828 
             57.5976 0.0872062   1.24935 -0.648908 -0.704657  0.251067 -0.420962 180.013       0       0 -0.13     0 -1.03 -0.213911 -0.544198 -0.357915   0.00249517  -0.00475795 -0.000159715 -0.0447861 -0.0450766  0.0197912  0.102951 0.0592946   9.80828 
              57.996  0.109642   1.20106 -0.503239 -0.759155   0.21331 -0.531359 180.013       0       0 -0.13     0 -1.03 -0.250263 -0.206185 -0.629385   0.00433327  -0.00599637 -0.000464576 -0.0456808 -0.0505031  0.0103463  0.104513 0.0597361   9.80826 
             58.3971  0.136155   1.25659 -0.669028 -0.610404 0.0843157 -0.358574 180.013       0       0 -0.13     0 -1.03 0.0676504 -0.258288 -0.136789   0.0039308 -0.00858483 -0.00035774  -0.0503019  -0.0508842 -0.00579595  0.105968 0.0585641   9.80825 
             58.5956  0.046438   1.21977 -0.349858  -0.683366 -0.0333729  -0.348493 180.013       0       0 -0.13     0 -1.03 -0.0837698  -0.366123  -0.304682   0.00148664  -0.00626909 -0.000739022  -0.0472129  -0.0477355 -0.00915429  0.105299 0.0584257   9.80826 
             58.7955  0.110007   1.23898 -0.385496  -0.717711 -0.0955458  -0.327679 180.013       0       0 -0.13     0 -1.03 -0.172133  -0.30996  0.122826   0.00125618  -0.00586754 -0.000740601 -0.0456324 -0.0476753 -0.0154615  0.105677 0.0589995   9.80825 
             58.9954 0.0814598   1.25592 -0.250126 -0.668379 -0.141084 -0.233516 180.013       0       0 -0.13     0 -1.03 -0.000236423    -0.160254     0.481141   0.00116052  -0.00572988 -0.000745902 -0.0498677 -0.0480744 -0.0184536  0.10676 0.058716  9.80824 
             59.1953 0.0731187   1.24748 -0.319157 -0.767354 -0.236227 -0.239174 180.013       0       0 -0.13     0 -1.03 -0.294625 -0.252301   0.33769   0.00115428  -0.00622073 -0.000732104 -0.0468823 -0.0448469 -0.0134988  0.105467 0.0584961   9.80826 
             59.3952  0.075725   1.24612 -0.469111 -0.761125 -0.317312 -0.294414 180.013       0       0 -0.13     0 -1.03 -0.110222 -0.378011 0.0321938 0.000977803 -0.00639555 -0.00052333  -0.0532761  -0.0426873 -0.00319683  0.105583 0.0576041   9.80826 
              59.595  0.101132   1.25205 -0.489091 -0.707151 -0.378956  -0.30467 180.013       0       0 -0.13     0 -1.03 0.0596184 -0.372465 0.0821514   0.00114587  -0.00702185 -0.000543808   -0.0600128   -0.0448273 -0.000377064  0.106705 0.0573761   9.80825 
             59.7963    0.1059   1.26601 -0.339902 -0.672784 -0.443303 -0.273871 180.013       0       0 -0.13     0 -1.03 0.0896829 -0.460296  0.347174  0.00153066 -0.00694122 -0.00080172   -0.0614306   -0.0464843 -0.000197889   0.10713 0.0574831   9.80825 
             60.3932    1.42666    1.13284 -0.0248822 -0.912652   -1.3229 -0.430054 180.013       0       0 -0.13     0 -1.03  -0.336054   -1.26784 -0.0798802  0.000794338  -0.00661898 -0.000808685 -0.0570895 -0.0290598  0.0113371  0.103258 0.0558749    9.8083 
             60.5944  0.444779   1.15609 -0.147525 -0.786333 -0.606807 -0.345421 180.013       0       0 -0.13     0 -1.03 -0.0422895   0.295403 0.00665782    0.0111699  -0.00798721 -0.000645451 -0.0592323 -0.0473225 0.00873823  0.105057 0.0580982   9.80827 
             60.9941  0.211252   1.20575 -0.172344 -0.649382 -0.754647 -0.271912 180.013       0       0 -0.13     0 -1.03  0.181515 0.0384941  0.160861   0.00629724   -0.0105853 -0.000576955 -0.0663762 -0.0365574 0.00169881  0.105867 0.0551646   9.80827 
              61.194 0.195726  1.19599 0.100035 -0.802542 -0.868313 -0.302596 180.013       0       0 -0.13     0 -1.03 -0.247909 -0.206402 0.0187603   0.00472887  -0.00824112 -0.000478981 -0.0603812 -0.0317274 0.00466055  0.104306 0.0550676   9.80829 
             61.3939 0.199305  1.24239 0.130538 -0.713141 -0.834264 -0.321084 180.013       0       0 -0.13     0 -1.03   0.106049 0.00148046 -0.0433414  0.00687638  -0.0122694 -0.00124077  -0.069391 -0.0374298 0.00674118  0.106015 0.0552464   9.80827 
             61.5938 0.208329  1.21453 0.131543 -0.747571 -0.767543 -0.303813 180.013       0       0 -0.13     0 -1.03 -0.169516   0.17868 0.0119581  0.00717672  -0.0119095 -0.00127988 -0.0651865 -0.0427376    0.00457  0.105723 0.0562294   9.80827 
             61.7937     0.20555     1.21222 -0.00204805 -0.840716 -0.789648 -0.302574 180.013       0       0 -0.13     0 -1.03  -0.578439  0.0228252 -0.0399692  0.00677636  -0.0118027 -0.00120315 -0.0617602 -0.0376756 0.00452664  0.104975 0.0555293   9.80828 
             61.9949 0.274635   1.1797 0.178333 -0.931996 -0.792482 -0.388927 180.013       0       0 -0.13     0 -1.03 -0.650677 0.0432124 -0.238087  0.00677377  -0.0120337 -0.00124013 -0.0648367 -0.0368198  0.0100099  0.105088 0.0554148   9.80828 
             62.3934 -0.0201939    1.86092   0.372093  -0.42634 -0.793011  0.213339 180.013       0       0 -0.13     0 -1.03   0.590849 -0.0101078   0.787835  0.00721663 -0.00817753 -0.00138978  -0.0771585  -0.0379548 -0.00406041  0.108055 0.0544215   9.80825 
             62.5932 -0.0301641    1.79728   0.600632 -0.286712 -0.780844 0.0663059 180.013       0       0 -0.13     0 -1.03 0.571329 0.034706 0.291837  0.00723334 -0.00782934 -0.00175995 -0.0812298 -0.0384693  0.0148181  0.105987 0.0545483   9.80828 
             62.7944 -0.0305964    1.78269   0.708858 -0.272651 -0.786445 -0.101876 180.013       0       0 -0.13     0 -1.03   0.249741 -0.0257759    -0.7279  0.00710835 -0.00591603 -0.00186401 -0.0781229 -0.0379308  0.0387867 0.101647 0.054256  9.80832 
             62.9942 -0.0369955    1.81071   0.865559  -0.106655  -0.797925 -0.0975082 180.013       0       0 -0.13     0 -1.03   0.608913 -0.0251433  -0.169435   0.0074095 -0.00573824 -0.00191484 -0.0828664 -0.0372951  0.0309367  0.103483 0.0542356    9.8083 
             63.3927 -0.0219754    1.82817    1.06165  0.104653 -0.791707 0.0420686 180.013       0       0 -0.13     0 -1.03 0.494556 0.011455 0.241844  0.00711648 -0.00567428 -0.00212852 -0.0821953 -0.0375585  0.0280473  0.103734 0.0542629    9.8083 
             63.5939 -0.0479789    1.84637    1.25248   0.127256  -0.764974 -0.0168096 180.013       0       0 -0.13     0 -1.03 0.286438 0.132719 0.100166  0.00754226 -0.00484311 -0.00262818 -0.0797304 -0.0386671  0.0357025  0.102388 0.0542513   9.80832 
             63.7938 -0.0208748    1.84458    1.36404   0.239204  -0.769649 -0.0588724 180.013       0       0 -0.13     0 -1.03  0.315563  0.134929 -0.267417  0.00634225 -0.00604597 -0.00269932 -0.0849944 -0.0352505  0.0414803   0.10265 0.0540098   9.80831 
             64.1922 -0.0500688    1.83183     1.4158  0.441878 -0.771091 -0.133245 180.013       0       0 -0.13     0 -1.03  0.399451 0.0133959 -0.169088  0.00636075 -0.00608712 -0.00276143 -0.0877681 -0.0331326  0.0402201  0.103411 0.0540013   9.80831 
             64.3934 -0.0164002    1.85068    1.76233    0.53903  -0.825765 -0.0949705 180.013       0       0 -0.13     0 -1.03  0.413919 -0.123554 -0.242654  0.00564976 -0.00615829 -0.00336794 -0.0876637 -0.0312949  0.0369827  0.103963 0.0538193    9.8083 
             64.5933 -0.0139638    1.85732    1.84682  0.611808 -0.805695 -0.101218 180.013       0       0 -0.13     0 -1.03   0.409544 -0.0110076  -0.220631  0.00625981 -0.00585181 -0.00335543 -0.0859623 -0.0350885  0.0311723  0.104084 0.0543581    9.8083 
             64.7919 -0.0201464    1.84281    1.90456   0.725686  -0.790627 -0.0851533 180.013       0       0 -0.13     0 -1.03   0.474472  0.0433528 0.00810936  0.00608739 -0.00574326 -0.00339682 -0.0875913 -0.0355495  0.0282194  0.104613 0.0547489   9.80829 
             64.9917 -0.00853873     1.82975     1.94676   0.799235  -0.775368 -0.0781818 180.013       0       0 -0.13     0 -1.03   0.37468 0.0637113  0.185296  0.00593966 -0.00569619 -0.00332313 -0.0865683 -0.0361237  0.0290546 0.104299 0.054641  9.80829 
             65.1929 0.0188337   1.85548   2.09178   0.931461  -0.812275 -0.0944398 180.013       0       0 -0.13     0 -1.03   0.469643  -0.058478 -0.0433624   0.0060111 -0.00555485 -0.00355688 -0.0903402 -0.0321376  0.0311651  0.105106 0.0546276   9.80828 
             65.3928 0.00659688     1.8941    2.29877   0.963773  -0.816155 -0.0621824 180.013       0       0 -0.13     0 -1.03   0.224867 -0.0325086   0.178698  0.00567292 -0.00560483 -0.00378039 -0.0857041 -0.0335173   0.029793  0.104494 0.0541957   9.80829 
             65.5914 0.0197462   1.90453   2.42295    1.04798  -0.800063 -0.0842698 180.013       0       0 -0.13     0 -1.03  0.302473 0.0735269 0.0759168  0.00564297 -0.00567477 -0.00392257 -0.0911075 -0.0343417  0.0363979  0.104253 0.0548941   9.80829 
             65.7926 0.0111563    1.8958   2.46889   1.17716 -0.779273 -0.103622 180.013       0       0 -0.13     0 -1.03   0.469617  0.0908124 0.00366385  0.00572864 -0.00583983 -0.00396351 -0.0978188  -0.033525  0.0397285  0.104691 0.0558882   9.80828 
             65.9925 0.0534586   1.86346   2.53015   1.26955 -0.800274 -0.136086 180.013       0       0 -0.13     0 -1.03   0.411831 -0.0395771 -0.0247564  0.00565936 -0.00586615 -0.00394749 -0.0982789 -0.0307237  0.0430877  0.104802 0.0556129   9.80828 
             66.1924 0.0172276   1.88221   2.52546   1.43497  -0.80474 -0.122528 180.013       0       0 -0.13     0 -1.03   0.566781 0.00187814  0.0371778  0.00569775 -0.00542209 -0.00409488  -0.101056 -0.0300973  0.0424851  0.105278 0.0560899   9.80827 
             66.3909 0.0201241    1.9289   2.79968   1.43531 -0.812227 -0.142572 180.013       0       0 -0.13     0 -1.03   0.228219 -0.0192257  -0.184738  0.00568209  -0.0051819 -0.00452239 -0.0903606 -0.0319176  0.0426452  0.103818 0.0543338    9.8083 
             66.5921 0.0355942   1.91903   2.87326   1.54149 -0.760562 -0.176215 180.013       0       0 -0.13     0 -1.03  0.382422  0.138794 -0.132811  0.00585363 -0.00539496 -0.00458108 -0.0973616 -0.0360401  0.0426811  0.103723 0.0560825   9.80829 
              66.792 0.0620906   1.90693   2.94852   1.68665 -0.793979 -0.167563 180.013       0       0 -0.13     0 -1.03   0.465213 -0.0055778  0.0347613  0.00541686 -0.00576089 -0.00456321  -0.102115 -0.0286892  0.0393741  0.106151 0.0566218   9.80826 
             66.9919 0.0670441   1.93292   2.89634   1.76249 -0.745104 -0.176259 180.013       0       0 -0.13     0 -1.03  0.402933  0.139628 -0.199942   0.0053663 -0.00569988 -0.00456636  -0.101833 -0.0324544   0.038865   0.10533 0.0568865   9.80827 
             67.1905 0.0789784   1.93659   3.15624   1.87259 -0.806437 -0.199539 180.013       0       0 -0.13     0 -1.03  0.456028 -0.101466 -0.140689  0.00598011 -0.00554826 -0.00484131   -0.10202 -0.0297124   0.038368  0.105979 0.0566775   9.80826 
             67.3917 0.0771217   1.94697   3.38113     1.902 -0.774118 -0.173701 180.013       0       0 -0.13     0 -1.03   0.256485  0.0343014 -0.0242484  0.00577565 -0.00565581 -0.00503168  -0.097722 -0.0354479  0.0340902  0.104836 0.0563328   9.80828 
             67.7915 0.0752491   1.95184   3.53064   2.08976 -0.784148 -0.172913 180.013       0       0 -0.13     0 -1.03   0.362168 -0.0197392  0.0205843  0.00539568 -0.00605986  -0.0051266  -0.102959 -0.0320284  0.0342768  0.106023 0.0573776   9.80826 
               67.99 0.105942  1.96107  3.58194   2.22918 -0.764819 -0.204951 180.013       0       0 -0.13     0 -1.03   0.429708 -0.0182485 -0.0770454  0.00562718 -0.00717225 -0.00506952  -0.107753 -0.0322318  0.0369211 0.105892 0.058587  9.80825 
             68.1912 0.11003 1.96938 3.62231   2.32434 -0.788408 -0.214851 180.013       0       0 -0.13     0 -1.03   0.375683 -0.0585317   -0.02714  0.00512638 -0.00744219 -0.00509211  -0.108676 -0.0299722  0.0367001  0.106592 0.0587603   9.80824 
              68.391 0.0864221   2.01913   3.91012   2.41189 -0.796443 -0.178899 180.013       0       0 -0.13     0 -1.03   0.376819 -0.0518204  0.0453952  0.00510835  -0.0073231 -0.00544241  -0.109569 -0.0298707  0.0327211   0.10715 0.0591229   9.80824 
             68.5909 0.091491  2.01359   4.0416   2.52703 -0.756845 -0.186051 180.013       0       0 -0.13     0 -1.03  0.507839 0.0989198 0.0719357  0.00517562 -0.00727724 -0.00550217  -0.113788 -0.0328469  0.0346525  0.106324 0.0603566   9.80824 
             68.7895 0.116108  2.01169  4.18311   2.58163 -0.756503 -0.225204 180.013       0       0 -0.13     0 -1.03  0.291167  0.149131 -0.336009   0.0050353 -0.00711677 -0.00550375  -0.110744 -0.0322143   0.037631  0.106074 0.0593116   9.80825 
             68.9907 0.144342  2.00549  4.00134   2.71256 -0.736396  -0.31697 180.013       0       0 -0.13     0 -1.03  0.462985  0.113686 -0.433214  0.00503197 -0.00706656 -0.00548893  -0.115509 -0.0296561  0.0388251  0.106841 0.0606782   9.80823 
             69.5891 0.14671 2.01504 4.27476   2.97814 -0.746269 -0.225827 180.013       0       0 -0.13     0 -1.03    0.357534 0.000456954   0.0272792  0.00515153 -0.00681497 -0.00580055  -0.114991 -0.0286741  0.0341078  0.107626 0.0606106   9.80822 
             69.7903 0.12029 2.07247  4.5943    3.0592 -0.754871 -0.229644 180.013       0       0 -0.13     0 -1.03   0.364675  0.0792686 -0.0387491  0.00446084 -0.00651425 -0.00612935  -0.114879 -0.0280084  0.0345461  0.107797 0.0605515   9.80822 
             69.9901 -0.310299    1.7573    4.5957   3.10549 -0.663135 -0.309569 180.013       0       0 -0.13     0 -1.03  0.303516  0.267864 -0.272896  0.00608903 -0.00606172 -0.00613703  -0.116405 -0.0321785  0.0444683  0.105326 0.0603355   9.80825 
             70.3899 -0.323754   1.75676   4.72439   3.37899  -0.71197 -0.397482 180.013       0       0 -0.13     0 -1.03     0.63642 -0.00358672   -0.297879     0.00751 -0.00500181  -0.0061948  -0.117718 -0.0281149  0.0437375  0.106699 0.0607096   9.80823 
             70.5898 -0.372914   1.78562   4.92343   3.34443  -0.69123 -0.309935 180.013       0       0 -0.13     0 -1.03   0.375287  0.0175132 -0.0674979  0.00744152 -0.00423693 -0.00622877  -0.110018 -0.0318732  0.0371318  0.105857 0.0586105   9.80825 
             70.9882 -0.384616   1.79988   4.84878   3.63228 -0.701578  -0.34526 180.013       0       0 -0.13     0 -1.03   0.642716   0.080339 -0.0844416  0.00685358 -0.00621213 -0.00618819   -0.11552 -0.0280583  0.0374519 0.107021 0.060554  9.80823 
             71.1894 -0.352638   1.78938   5.02594   3.22697 -0.680847 -0.325138 180.013       0       0 -0.13     0 -1.03 -0.651665  0.292674 0.0218754  0.00677285 -0.00468249 -0.00611465  -0.100875 -0.0334344  0.0368723  0.105462 0.0555747   9.80828 
             71.3893 -0.387008   1.80432   4.84257   3.3222 -0.67066 -0.25459 180.013       0       0 -0.13     0 -1.03 -0.103094  0.152842   0.29253   0.0050443 -0.00917496  -0.0063328  -0.111282 -0.0249659  0.0341254  0.108199 0.0594656   9.80822 
             71.7891 0.0113566   2.09332   4.93164    3.42011  -0.580544 -0.0363739 180.013       0       0 -0.13     0 -1.03 0.0833078  0.138428  0.574873  0.00547391 -0.00951843 -0.00638854  -0.120304 -0.0244285  0.0322998  0.108377 0.0625486    9.8082 
              71.989 0.0555353   2.10646   4.74568   3.34725 -0.436014 -0.242783 180.013       0       0 -0.13     0 -1.03  -0.136265   0.390619 -0.0627297  0.00838546 -0.00808647 -0.00604492 -0.121095 -0.032229 0.0554196  0.103409 0.0619999   9.80826 
             72.1889 -0.214327   1.99214   4.78687   3.32268 -0.394488 -0.302753 180.013       0       0 -0.13     0 -1.03 -0.146853  0.299304 -0.224973  0.00741404  -0.0079622 -0.00604653  -0.120716 -0.0286664  0.0610619  0.103944 0.0617698   9.80825 
             72.3888 -0.352332   1.87497   4.64993   3.31713 -0.356168 -0.312579 180.013       0       0 -0.13     0 -1.03 -0.0914449   0.192292 -0.0790042   0.0073384 -0.00782875 -0.00595997  -0.121664 -0.0264923  0.0593048  0.104795 0.0621516   9.80824 
             72.5874 -0.327765   1.88696   4.74805   3.29305 -0.339885 -0.303657 180.013       0       0 -0.13     0 -1.03 -0.117699  0.114217 -0.143117  0.00711341 -0.00772531  -0.0059649  -0.120505 -0.0249105  0.0566094  0.105474 0.0619902   9.80824 
             72.7886 -0.407263   1.85859   4.54571   3.34138 -0.260958 -0.338971 180.013       0       0 -0.13     0 -1.03 0.0233098   0.25183 -0.466378  0.00719748 -0.00812321 -0.00577986  -0.128955 -0.0272271  0.0567947  0.104782 0.0645772   9.80823 
             72.9886 -0.395593   1.82073   4.68997   3.34717 -0.251578 -0.400404 180.013       0       0 -0.13     0 -1.03  0.025869     0.137 -0.429589  0.00715356 -0.00815174 -0.00579107  -0.127639 -0.0240208  0.0540698  0.105936 0.0643627   9.80822 
             73.1884 -0.373895   1.84486   4.59341   3.40131 -0.206384 -0.335463 180.013       0       0 -0.13     0 -1.03   0.146966   0.162684 -0.0325283  0.00702979  -0.0079128 -0.00576028  -0.128517 -0.0239989  0.0506011   0.10617 0.0648262   9.80821 
             73.3882 -0.313737    1.8865   4.69566   3.34624  -0.17923 -0.272821 180.013       0       0 -0.13     0 -1.03 -0.0796069   0.130323   0.235916    0.006987 -0.00963019 -0.00579369  -0.121234 -0.0265799  0.0475291  0.105457 0.0629434   9.80823 
             73.5881 -0.345458   1.92403   4.66046    3.31418 -0.0989893  -0.262355 180.013       0       0 -0.13     0 -1.03 -0.155934  0.297358  0.229788   0.0073266 -0.00966143 -0.00571951  -0.122502 -0.0323125  0.0523368    0.1035 0.0631631   9.80825 
             74.1878 -0.334826   1.90275   4.74773   3.25041 0.0353492 -0.233993 180.013       0       0 -0.13     0 -1.03 -0.204832  0.287162   0.17103  0.00705573 -0.00972812 -0.00573919  -0.123868 -0.0273722  0.0594804  0.104474 0.0632081   9.80824 
             74.3878 -0.335885   1.87847    4.4751   3.28792 0.0661835  -0.32134 180.013       0       0 -0.13     0 -1.03 -0.101605  0.222676 -0.116762  0.00642688  -0.0107487 -0.00540735  -0.125384 -0.0263709  0.0629172  0.104477 0.0634863   9.80824 
             74.5876 -0.313473   1.88952   4.42807    3.4024 0.0628783 -0.353737 180.013       0       0 -0.13     0 -1.03   0.246967   0.087499 -0.0534155  0.00360939  -0.0165235 -0.00531449  -0.132759 -0.0198781  0.0652641  0.106096 0.0657063   9.80821 
             74.7861 -0.427959   1.84144    4.5094   3.25941 0.0844356 -0.307802 180.013       0       0 -0.13     0 -1.03 -0.367711   0.18917  0.145119  0.00326188  -0.0164439 -0.00537529 -0.116349  -0.02545 0.0606333 0.104613 0.061715  9.80825 
             74.9874 -0.379194   1.88435    4.4834   3.22024   0.19423 -0.256316 180.013       0       0 -0.13     0 -1.03 -0.298777  0.365821  0.332064 0.00306899 -0.0162721 -0.0052933  -0.120444 -0.0295479  0.0597449   0.1037 0.062938  9.80825 
             75.1874 -0.362167   1.88594   4.30645   3.44401  0.179831 -0.303192 180.013       0       0 -0.13     0 -1.03  0.357905  0.176426 0.0942883 0.00373073 -0.0138769 -0.0052421  -0.128536 -0.0242092  0.0630401 0.105133 0.064747  9.80822 
             75.7856 -0.37466  1.90416  4.45905   3.34992  0.298133 -0.293806 180.013       0       0 -0.13     0 -1.03  -0.10758  0.183098 0.0464374  0.00363388  -0.0146167 -0.00521975  -0.116908 -0.0308972  0.0652197   0.10296 0.0618999   9.80826 
             75.9869 -0.436197   1.89948   4.53625   3.33441  0.406479 -0.353386 180.013       0       0 -0.13     0 -1.03 -0.0831801   0.303361   -0.33797  0.00431806  -0.0141701 -0.00504657  -0.117677 -0.0330366  0.0672168  0.102301 0.0620002   9.80827 
             76.1869 -0.440211    1.8975   4.32598   3.32736  0.469319 -0.353789 180.013       0       0 -0.13     0 -1.03 -0.0361631   0.310643  -0.212887  0.00435849  -0.0142548 -0.00477341  -0.116746 -0.0322045  0.0565704  0.103275 0.0626087   9.80826 
             76.5852 -0.485643   1.86645   4.23916   3.2556  0.66368 -0.28657 180.013       0       0 -0.13     0 -1.03 -0.198209  0.457315    0.1184  0.00433418  -0.0140916 -0.00468044 -0.114927 -0.035046 0.0501534  0.102902 0.0625855   9.80826 
             76.7866 -0.494232   1.89652   4.12702   3.36937  0.636518 -0.318438 180.013       0       0 -0.13     0 -1.03 0.0538566 0.0894502 -0.325547  0.00252668  -0.0160525 -0.00446579  -0.122379 -0.0252422  0.0533787  0.105256 0.0639406   9.80823 
             76.9865 -0.292099   1.98129   4.29388   3.31819  0.677089 -0.360042 180.013       0       0 -0.13     0 -1.03 -0.177708  0.204799  -0.27553  0.00286887  -0.0155195 -0.00445568  -0.118073 -0.0282395  0.0497057  0.104677 0.0631835   9.80824 
             77.1848 -0.253166   2.07839   4.24125    3.3434  0.807658 -0.248952 180.013       0       0 -0.13     0 -1.03 -0.0651888   0.473176    0.14362 0.00206841 -0.0145175 -0.0044809  -0.119864 -0.0297496  0.0451156  0.104763 0.0638561   9.80823 
             77.3862 -0.0988217    2.01986    4.24842   3.35051  0.868294 -0.319355 180.013       0       0 -0.13     0 -1.03  -0.03611  0.355287 -0.115091  0.00248139  -0.0140558 -0.00436361  -0.122386 -0.0258619  0.0516512  0.105081 0.0640216   9.80823 
             77.5861 -0.238285   1.93798   4.09693   3.35399  0.948077 -0.364963 180.013       0       0 -0.13     0 -1.03 0.0040736  0.362027 -0.220234  0.00250891  -0.0140119 -0.00420528  -0.124058 -0.0266751  0.0528912 0.104828 0.064405  9.80823 
             77.9844 -0.421389   1.82683   3.99365   3.31907   1.13573 -0.327007 180.013       0       0 -0.13     0 -1.03 -0.131455   0.46503  0.348666  0.00273754  -0.0136981 -0.00417514  -0.123417 -0.0292493  0.0510936  0.104379 0.0644001   9.80823 
             78.1857 -0.379654   1.91781   4.00722   3.38212   1.16516 -0.273026 180.013       0       0 -0.13     0 -1.03 0.00435496   0.285891   0.190288  0.00228188   -0.013964 -0.00419289  -0.125714 -0.0263993  0.0509881  0.105078 0.0647677   9.80822 
             78.3869 -0.548787   1.83583   3.99024   3.33719   1.26967 -0.388299 180.013       0       0 -0.13     0 -1.03 -0.189934  0.481303 -0.181293   0.0028313  -0.0133639 -0.00413566  -0.125493 -0.0294958    0.05757  0.103912 0.0641693   9.80824 
             78.5854 -0.54632  1.79667  4.00459    3.3223    1.3283 -0.396706 180.013       0       0 -0.13     0 -1.03 -0.189534   0.31045 -0.192795  0.00267341  -0.0134861 -0.00404286  -0.127101 -0.0261013   0.054592  0.104812 0.0645676   9.80823 
             78.7854 -0.584146   1.83212   3.81899   3.33509   1.38476 -0.370007 180.013       0       0 -0.13     0 -1.03 -0.101508 0.0864593 -0.115258  0.00247669  -0.0135218 -0.00389691 -0.131377 -0.024707 0.0489516 0.105533 0.065696  9.80821 
             78.9852 -0.574034   1.84889   3.66509    3.3645   1.44016 -0.368581 180.013       0       0 -0.13     0 -1.03 0.0153013  0.179139 0.0483237  0.00249601  -0.0134972 -0.00384247  -0.135718 -0.0265498  0.0478136  0.105416 0.0667106   9.80821 
             79.1865 -0.591985    1.8245   3.64352   3.34126   1.54643 -0.337958 180.013       0       0 -0.13     0 -1.03 -0.0749428   0.429214  0.0299807  0.00162457  -0.0135424 -0.00371799 -0.135373 -0.028411 0.0470377  0.105116 0.0668094   9.80821 
             79.3863 -0.588535   1.87703   3.76186   3.40873   1.59002 -0.386072 180.013       0       0 -0.13     0 -1.03  0.112149  0.207539 -0.327159  0.00204203  -0.0120538 -0.00379898  -0.142515 -0.0242843  0.0487434  0.106144 0.0676654   9.80819 
             79.5849 -0.573784   1.87027   3.70554   3.36749   1.64114 -0.409855 180.013       0       0 -0.13     0 -1.03 -0.122131   0.16703 -0.427043  0.00190109  -0.0122219 -0.00385038 -0.137433 -0.026774 0.0431602  0.105748 0.0673012    9.8082 
             79.7848 -0.555743    1.8685    3.7538   3.31946   1.72502 -0.377133 180.013       0       0 -0.13     0 -1.03 -0.222924  0.217397  0.103319  0.00239346   -0.011992 -0.00367097  -0.135659 -0.0321791  0.0335159  0.105149 0.0677803    9.8082 
              79.986 -0.57886  1.84674  3.61554    3.4257   1.79065 -0.355537 180.013       0       0 -0.13     0 -1.03   0.249928   0.211658 -0.0174209  0.00254973  -0.0128532 -0.00358639  -0.146374 -0.0315127  0.0316981  0.105873 0.0697334   9.80818 
             80.1858 -0.613936   1.85105   3.64258   3.33652    1.8618 -0.372588 180.013       0       0 -0.13     0 -1.03   -0.115897    0.202904 -0.00880477  0.00230457  -0.0135034 -0.00349285  -0.141945 -0.0337165  0.0323701 0.105234 0.069079  9.80819 
             80.3845 -0.589689   1.86319   3.55472   3.35221   1.89051 -0.343345 180.013       0       0 -0.13     0 -1.03 -0.0140898  0.0271883   0.168255  0.00226118   -0.013285 -0.00342735  -0.145892 -0.0335544   0.030956  0.105545 0.0697849   9.80818 
             80.5843 -0.58551   1.8621  3.76205   3.51455   1.88898 -0.353945 180.013       0       0 -0.13     0 -1.03   0.400106 -0.0134084  0.0599918  0.00205119  -0.0145297 -0.00354087  -0.164171 -0.0294464  0.0353741  0.106924 0.0721839   9.80815 
             81.1841 -0.606954   1.87054     3.758  3.39878  1.87577 -0.37179 180.013       0       0 -0.13     0 -1.03   0.102102 -0.0417897  -0.024221  0.00219747  -0.0115054 -0.00362566  -0.143829 -0.0335766  0.0382882  0.105046 0.0691023   9.80819 
              81.384 -0.663677    1.8718   3.56477   3.31372   1.91672 -0.339164 180.013       0       0 -0.13     0 -1.03  -0.101218  0.0539852 -0.0275398  0.00325789 -0.00873786 -0.00323405 -0.141296 -0.035032 0.0368568 0.104804 0.068777   9.8082 
             81.5852 -0.609223   1.84063   3.35046   3.14779   1.88719 -0.367593 180.013       0       0 -0.13     0 -1.03  -0.535944 -0.0401337  -0.104122  0.00198852 -0.00274532 -0.00329656  -0.133363 -0.0348346  0.0392531  0.104389 0.0671716   9.80821 
             81.7837 -0.580411   1.85897   3.30912   3.09371   1.88458 -0.335525 180.013       0       0 -0.13     0 -1.03 -0.343216 0.0164646  0.320691   0.0019774 -0.00289042 -0.00309404  -0.137271 -0.0339775  0.0357701  0.104902 0.0678328    9.8082 
             82.1836 -0.572686   1.83289   3.17988   3.16275   1.87868 -0.294572 180.013       0       0 -0.13     0 -1.03  0.0266034 -0.0376557   0.116587  0.00188686 -0.00314948 -0.00300907  -0.149436 -0.0318953  0.0376975 0.105833 0.069254  9.80818 
             82.3848 -0.619041   1.84034   2.90216  2.90513  1.88489 -0.33263 180.013       0       0 -0.13     0 -1.03   -0.486025  -0.0199707 -0.00085481  0.00184278  -0.0030899 -0.00249823  -0.142901 -0.0333771  0.0395023  0.105162 0.0684436    9.8082 
             82.5833 -0.570479   1.81661   2.83241    2.8502   1.87139 -0.337432 180.013       0       0 -0.13     0 -1.03  -0.399386 -0.0650584 -0.0255147 0.00164077 -0.0041856   -0.00242  -0.147104 -0.0319383  0.0395088 0.105577 0.068849  9.80819 
             82.7832 -0.584936    1.8177   2.82447   2.79785   1.87753 -0.315974 180.013       0       0 -0.13     0 -1.03  -0.275365 -0.0224993   0.199579   0.0017554 -0.00448356 -0.00240824  -0.149673 -0.0334414  0.0374007  0.105707 0.0692532   9.80819 
             82.9845 -0.580034   1.81396   2.61658   2.72938   1.88018 -0.311221 180.013       0       0 -0.13     0 -1.03   -0.33238 -0.0212021 0.00807596  0.00174468 -0.00452144 -0.00236473  -0.149121 -0.0342449  0.0390256  0.105546 0.0692058   9.80819 
             83.1843 -0.55299  1.79506  2.60368   2.67671   1.87353 -0.321386 180.013       0       0 -0.13     0 -1.03  -0.323147 -0.0500071  0.0258022   0.0017341 -0.00429019 -0.00231992  -0.149648 -0.0341922  0.0395481  0.105568 0.0692266   9.80819 
             83.3828 -0.586281   1.80977   2.54866   2.59039   1.87752 -0.311417 180.013       0       0 -0.13     0 -1.03   -0.403622 -0.00446465  0.00473654   0.0016598 -0.00428244 -0.00223076 -0.147544 -0.035742  0.039104  0.105338 0.0692133   9.80819 
              83.784 -0.570854    1.7864   2.47745   2.43615    1.8697 -0.334136 180.013       0       0 -0.13     0 -1.03  -0.429169 -0.0299756  -0.065687  0.00173298  -0.0043386 -0.00204465  -0.149269 -0.0355616  0.0403175  0.105412 0.0692716   9.80819 
             83.9839 -0.568231   1.75544    2.2671   2.44893    1.8674 -0.317575 180.013       0       0 -0.13     0 -1.03   -0.226839   -0.036966 -0.00785948  0.00168627 -0.00620855 -0.00161194  -0.155049 -0.0352068  0.0375108  0.105945 0.0696756   9.80818 
             84.1826 -0.546636   1.75262   2.23651   2.35602   1.87094 -0.308197 180.013       0       0 -0.13     0 -1.03   -0.345298 -0.00357899  0.00256675  0.00181724 -0.00564568 -0.00159586  -0.150184 -0.0366897   0.036005   0.10559 0.0695718   9.80818 
             84.5836 -0.566803   1.71699   2.31569   2.17702     1.859 -0.357494 180.013       0       0 -0.13     0 -1.03  -0.450428 -0.0519359  -0.106916  0.00173927 -0.00566662 -0.00154916  -0.148084 -0.0369138  0.0385468  0.105337 0.0694471   9.80819 
             84.9821 -0.526969    1.7163   2.09316  2.08211  1.85644 -0.33136 180.013       0       0 -0.13     0 -1.03  -0.405481 -0.0827507 -0.0903635  0.00199027 -0.00684809 -0.00123385  -0.152336 -0.0377667  0.0325711  0.105807 0.0698515   9.80818 
             85.1819 -0.359884   1.69625   1.87856   2.04511   1.85681 -0.341109 180.013       0       0 -0.13     0 -1.03  -0.324448 -0.0518117  -0.160355  0.00213641 -0.00713168  -0.0010517  -0.153959 -0.0383204  0.0314881  0.105937 0.0699805   9.80818 
             85.3832 -0.412152   1.69856   1.77299   2.01357   1.83856 -0.296754 180.013       0       0 -0.13     0 -1.03  -0.259832 -0.0605839  0.0596894  0.00193521 -0.00756362   -0.000963  -0.155346 -0.0378125  0.0297395  0.106055 0.0699045   9.80818 
             85.5831 -0.494958   1.67601   1.73816   1.85472   1.86765 -0.322757 180.013       0       0 -0.13     0 -1.03 -0.531484 0.0299123 -0.102974   0.00268381  -0.00609413 -0.000893419  -0.146015 -0.0425122  0.0318423  0.105354 0.0702781   9.80818 
             85.7817 -0.463207   1.63516   1.72985    1.8146   1.86894 -0.334121 180.013       0       0 -0.13     0 -1.03  -0.376262 0.00111238  -0.202803  0.00255244 -0.00654258  -0.0009604  -0.153274 -0.0416654  0.0302958  0.105919 0.0701695   9.80818 
             85.9829 -0.522968   1.61397   1.63272   1.77143   1.88957 -0.336118 180.013       0       0 -0.13     0 -1.03  -0.274661  0.0300197 -0.0838976   0.00244163  -0.00647418 -0.000921149 -0.155991 -0.043545 0.0267138   0.10626 0.0703406   9.80817 
             86.1829 -0.508442   1.63017   1.56309   1.68767   1.87135 -0.301651 180.013       0       0 -0.13     0 -1.03  -0.385939 -0.0354261  0.0264235   0.00261568  -0.00658564 -0.000776599 -0.155218  -0.04278 0.0250946  0.106236 0.0703231   9.80817 
             86.3827 -0.451071   1.63306    1.6025   1.67573   1.84966 -0.298336 180.013       0       0 -0.13     0 -1.03   -0.240469   -0.104156 -0.00329249   0.00273451  -0.00583348 -0.000897761 -0.162529 -0.041279 0.0250891  0.106736 0.0700729   9.80817 
             86.5813 -0.447797   1.58388   1.49526   1.54057   1.87836 -0.302538 180.013       0       0 -0.13     0 -1.03  -0.458558  0.0444683 0.00879136   0.00280687  -0.00540291 -0.000609166  -0.151634 -0.0472501  0.0261431  0.106082 0.0707402   9.80817 
             86.7812 -0.484163   1.58913   1.32635    1.4748    1.8556 -0.307407 180.013       0       0 -0.13     0 -1.03   -0.370792  -0.0568004 -0.00759745   0.00270533  -0.00569668 -0.000473811  -0.154304 -0.0439638  0.0264405  0.106209 0.0704605   9.80817 
             86.9824 -0.43309  1.61414  1.22336  1.40812  1.86018 -0.30204 180.013       0       0 -0.13     0 -1.03  -0.349575 0.00514561  0.0422079   0.00272561     -0.00569 -0.000455401  -0.154779 -0.0448138  0.0261497  0.106278 0.0705092   9.80817 
             87.1823 -0.513537   1.58299   1.09823   1.30896    1.8812 -0.284053 180.013       0       0 -0.13     0 -1.03 -0.431815 0.0712543  0.108085   0.00250845  -0.00578129 -0.000152496  -0.153476 -0.0456851  0.0260582  0.106234 0.0706388   9.80817 
             87.3809 -0.488773   1.55381   1.00452   1.25381   1.85652 -0.307774 180.013       0       0 -0.13     0 -1.03    -0.3715 -0.0527183  -0.046866   0.00264128  -0.00565433 -5.41454e-05  -0.157763 -0.0415727   0.029508  0.106242 0.0700883   9.80817 
             87.5808 -0.468557   1.54049  0.945262   1.15109   1.86611 -0.308653 180.013       0       0 -0.13     0 -1.03   -0.473998 -0.00645217  -0.0743797  0.00270165 -0.00551445 6.47909e-05  -0.154683 -0.0438699  0.0286173   0.10621 0.0704482   9.80817 
              87.782 -0.45657   1.5221 0.838361   1.09299   1.86996 -0.324417 180.013       0       0 -0.13     0 -1.03   -0.431428  -0.0257348 -0.00324608  0.00272774  -0.0059383 0.000188041  -0.158775 -0.0447141  0.0288922  0.106523 0.0702139   9.80817 
             88.1804 -0.508929   1.51484  0.765361   1.06147   1.86903 -0.279173 180.013       0       0 -0.13     0 -1.03   -0.12228 -0.0106064  0.0902936  0.00273465 -0.00653508 0.000173144  -0.164452 -0.0454428  0.0255991  0.107003 0.0698682   9.80817 
             88.3803 -0.42259  1.53173 0.666003  0.898099    1.8844 -0.296491 180.013       0       0 -0.13     0 -1.03 -0.396764 0.0488905 0.0247516   0.0027771 -0.00613171 0.000534797  -0.160899 -0.0455709  0.0265091  0.106792 0.0701946   9.80817 
             88.5816 -0.437339   1.47285  0.525033  0.780723   1.88017 -0.316265 180.013       0       0 -0.13     0 -1.03  -0.534161 0.00544375 -0.0160688  0.00253504 -0.00548449 0.000591524  -0.158111 -0.0441142  0.0299603  0.106418 0.0703327   9.80817 
             88.7815 -0.429766   1.45604   0.51416 0.675616  1.87321 -0.31932 180.013       0       0 -0.13     0 -1.03  -0.698647 0.00905933  -0.187774  0.00253193 -0.00541899 0.000651289  -0.158503 -0.0434237  0.0297879  0.106373 0.0702537   9.80817 
             89.1814 -0.48492  1.47265 0.361178   0.59115   1.86031 -0.320672 180.013       0       0 -0.13     0 -1.03  -0.321312 -0.0502558 -0.0605151  0.00244545 -0.00616194 0.000660051  -0.169462 -0.0440111   0.025617  0.107109 0.0690727   9.80817 
             89.3812 -0.416537   1.45408  0.260436  0.520139   1.88444 -0.300914 180.013       0       0 -0.13     0 -1.03   -0.371747 0.000121697  -0.0640805   0.0021776 -0.00603541 0.000787932  -0.169301 -0.0447587  0.0247016  0.107194 0.0691456   9.80817 
             89.5811 -0.305736   1.42918  0.293033  0.329413   1.88387 -0.301736 180.013       0       0 -0.13     0 -1.03  -0.697471 -0.0184812   0.110835   0.0022687 -0.00435538 0.000856626 -0.156251 -0.043828   0.02583  0.106395 0.0705587   9.80817 
             89.7796 -0.351047   1.41731 0.0999474  0.342552   1.88295 -0.271859 180.013       0       0 -0.13     0 -1.03 -0.174646 0.0357387  0.511468  0.00233802 -0.00413875  0.00090653   -0.16906 -0.0455099  0.0248097   0.10727 0.0691243   9.80817 
             89.9809  -0.412784    1.40325 -0.0110809 0.280924  1.91756 -0.26834 180.013       0       0 -0.13     0 -1.03   -0.27432    0.08109 -0.0323838  0.00231921 -0.00414176 0.000943677  -0.167293 -0.0477025  0.0306719  0.107363 0.0694615   9.80817 
             90.1808 -0.273941   1.42578 -0.127291  0.152679   1.89053 -0.319781 180.013       0       0 -0.13     0 -1.03  -0.436066 -0.0317194  -0.125484 0.00246981 -0.0046481 0.00108929  -0.165537 -0.0463873  0.0318376  0.107089 0.0696142   9.80817 
             90.3808 -0.203129   1.40618 -0.157265  0.122564   1.86831 -0.301105 180.013       0       0 -0.13     0 -1.03  -0.310804 -0.0881704  0.0359864  0.00295937 -0.00245478  0.00113359  -0.170284 -0.0456551  0.0292798  0.107268 0.0689722   9.80817 
             90.5806 -0.345814   1.37593 -0.328706 0.0283479   1.90417 -0.286145 180.013       0       0 -0.13     0 -1.03  -0.41077 0.0524156 0.0108709  0.00239056 -0.00294513  0.00137005   -0.16634 -0.0507293   0.028461  0.10784 0.069761  9.80816 
             90.7807 -0.277635   1.37776 -0.418883 -0.0700097    1.89393   -0.30369 180.013       0       0 -0.13     0 -1.03  -0.503031  0.0076296 -0.0320313  0.00227676 -0.00292653  0.00132978  -0.164903 -0.0479232  0.0310761  0.107357 0.0698789   9.80816 
             90.9804 -0.072338   1.41815 -0.376805 -0.164893   1.88682 -0.290054 180.013       0       0 -0.13     0 -1.03  -0.506945 -0.0187402 -0.0726919   0.0023114 -0.00290964  0.00131465  -0.165665 -0.0473087  0.0282549   0.10727 0.0697138   9.80817 
             91.1803 -0.197086   1.37825 -0.474079 -0.232964   1.91194  -0.30729 180.013       0       0 -0.13     0 -1.03 -0.439275 0.0408416 -0.112937  0.00196594 -0.00249256  0.00152622  -0.166524 -0.0483112  0.0281336  0.107464 0.0696218   9.80816 
             91.3789 -0.20807  1.34454 -0.62931 -0.28158  1.89722 -0.29497 180.013       0       0 -0.13     0 -1.03  -0.318468 -0.0192304  0.0312385   0.0022586 -0.00207862  0.00173618  -0.170048 -0.0464488  0.0264114   0.10732 0.0689726   9.80817 
             91.5801 -0.304774   1.31666  -0.73431 -0.384346   1.92936 -0.292837 180.013       0       0 -0.13     0 -1.03 -0.405191 0.0939779 0.0209627  0.00239442 -0.00182456  0.00194693  -0.163874 -0.0500046  0.0263161   0.10772 0.0701268   9.80816 
             91.9799 -0.288093   1.31165 -0.829365 -0.611052   1.92296 -0.264397 180.013       0       0 -0.13     0 -1.03   -0.566564 -0.00754383    0.168748  0.00194202 -0.00139152  0.00206726  -0.160814 -0.0467318  0.0272627   0.10705 0.0705828   9.80816 
             92.1785 -0.186096   1.32648 -0.944681 -0.631201   1.91429  -0.24693 180.013       0       0 -0.13     0 -1.03  -0.545486 -0.0433155   0.251484  0.00184922 -0.00216992  0.00210184 -0.165107 -0.047298  0.028548  0.107249 0.0697755   9.80817 
             92.3797 -0.13402  1.32199 -1.01025 -0.763552   1.90919 -0.268487 180.013       0       0 -0.13     0 -1.03 -0.742961 -0.125014 0.0699674  0.00199472 -0.00257483  0.00209072  -0.165301 -0.0477716   0.032851  0.107293 0.0697847   9.80816 
             92.5797 -0.174937   1.35429 -0.877006 -0.845783   1.87331 -0.277889 180.013       0       0 -0.13     0 -1.03  -0.629553  -0.302264 -0.0994116  0.00227787 -0.00342123   0.0019599  -0.172361 -0.0497273  0.0334924  0.107827 0.0684119   9.80817 
             92.7795 -0.150737   1.31259 -0.815698 -0.507399    1.8709 -0.313743 180.013       0       0 -0.13     0 -1.03   0.770939 -0.0474615  -0.390207  0.00293765 -0.00597411   0.0019825  -0.224245 -0.0673121  0.0329883  0.112309 0.0585347   9.80818 
             92.9781  -0.25057   1.25745 -0.825445 -0.562577    1.8503 -0.343546 180.013       0       0 -0.13     0 -1.03   0.228561 -0.0340545     -0.208  0.00268422 -0.00643685   0.0018043 -0.207173   -0.0625 0.0297989  0.111078 0.0616713   9.80818 
             93.1794 -0.260066   1.27645  -1.03566 -0.700709   1.65343 -0.297198 180.013       0       0 -0.13     0 -1.03 -0.264683 -0.602025 -0.138173  0.00421846 -0.00817687      0.0021  -0.202894 -0.0564891  0.0269255  0.109863 0.0622537   9.80819 
             93.3793  -0.10625   1.30789 -0.956446  -0.62168   1.57848 -0.322661 180.013       0       0 -0.13     0 -1.03 0.0808605 -0.550462 -0.116134  0.00338939 -0.00590151  0.00188591  -0.214221 -0.0640884  0.0264138  0.111542 0.0604016   9.80818 
             93.5791 -0.0876621    1.31573  -0.876717 -0.608359   1.53386 -0.301685 180.013       0       0 -0.13     0 -1.03   0.141504  -0.438666 -0.0967714  0.00335886 -0.00582008  0.00184249  -0.211576 -0.0715281  0.0209169  0.112938 0.0609746   9.80816 
             93.7777 -0.0964324    1.31554  -0.827374  -0.57437   1.43293 -0.308705 180.013       0       0 -0.13     0 -1.03  0.200631 -0.577506 -0.221905 0.00346743 -0.0058028  0.0017204  -0.212345 -0.0706107  0.0191858 0.112771  0.06076  9.80816 
              93.979 -0.143451   1.28446 -0.743549 -0.670028     1.364 -0.288489 180.013       0       0 -0.13     0 -1.03 -0.219753 -0.490047 0.0799253 0.00332428 -0.0060897 0.00169601  -0.201823 -0.0727856  0.0154575 0.112922 0.062671  9.80815 
             94.1789 -0.0884866    1.29066  -0.655089 -0.698082   1.29255 -0.255906 180.013       0       0 -0.13     0 -1.03 -0.148938 -0.384243  0.139115  0.00324808 -0.00612306  0.00167932  -0.202041 -0.0732759   0.015153   0.11301 0.0626419   9.80815 
             94.3787 -0.0564681     1.3053  -0.870181 -0.710632   1.21793 -0.244712 180.013       0       0 -0.13     0 -1.03 -0.128057 -0.395464  0.189626  0.00303394 -0.00610285  0.00193548  -0.203014 -0.0740117  0.0165544 0.113183 0.062525  9.80815 
             94.5786 -0.0722003    1.31075  -0.755521 -0.620017   1.14286 -0.237791 180.013       0       0 -0.13     0 -1.03  0.190137 -0.423702  0.203066   0.0032141 -0.00690958  0.00158469  -0.217921 -0.0780103   0.022548  0.114292 0.0602202   9.80815 
             94.7786 0.0889889   1.33977 -0.614157 -0.642868   1.03973 -0.263071 180.013       0       0 -0.13     0 -1.03  0.187945 -0.484769  0.110637 0.00328228  -0.006394 0.00137816  -0.210931 -0.0743728  0.0317064  0.113626 0.0616349   9.80815 
             94.9785 0.0816746   1.30268 -0.597507 -0.696825  0.979682 -0.274461 180.013       0       0 -0.13     0 -1.03  0.151315 -0.531779  0.249294  0.00389516 -0.00507499  0.00143159   -0.19712 -0.0776732  0.0377979  0.11402 0.064367  9.80813 
             95.1784  0.276322   1.37113 -0.467006 -0.661049  0.856585 -0.209687 180.013       0       0 -0.13     0 -1.03  0.173928 -0.506215  0.247925  0.00411528 -0.00503807  0.00141239  -0.197295 -0.0772533  0.0373148  0.113955 0.0643074   9.80813 
             95.3783 0.0528152   1.38261 -0.534372 -0.712904  0.845407 -0.228837 180.013       0       0 -0.13     0 -1.03 0.0012941 -0.261124  0.104356  0.00358724 -0.00513381  0.00164445  -0.193338 -0.0799476  0.0397539  0.114218 0.0650713   9.80812 
             95.5782 0.0479536   1.36088 -0.718903 -0.656355  0.749195 -0.249831 180.013       0       0 -0.13     0 -1.03   0.163077  -0.389654 -0.0158391  0.00405637 -0.00448241  0.00179347  -0.201014 -0.0753523   0.043938  0.113835 0.0640171   9.80813 
             95.7782 -0.0297062    1.29331  -0.573114 -0.709788  0.701607  -0.30893 180.013       0       0 -0.13     0 -1.03 -0.141581  -0.29646 -0.390211  0.00446057 -0.00330674  0.00147619 -0.190672 -0.077185  0.050499  0.113814 0.0658177   9.80812 
             95.9794  0.207271   1.24279 -0.454083  -0.75375  0.557666 -0.368766 180.013       0       0 -0.13     0 -1.03 -0.220856 -0.579843 -0.228065  0.00367728 -0.00328836  0.00143146  -0.190879 -0.0698224  0.0501624  0.112612 0.0655989   9.80813 
              96.178 0.0879567   1.27979 -0.379839 -0.732252  0.514075  -0.27639 180.013       0       0 -0.13     0 -1.03 -0.0366615   -0.39778   0.146212 0.00308308 -0.0028721  0.0012969  -0.192489 -0.0723653  0.0461585 0.112896 0.065346  9.80813 
             96.3781 0.0511956   1.28223 -0.306673 -0.742126   0.46162 -0.239495 180.013       0       0 -0.13     0 -1.03 -0.032276 -0.316243  0.216687  0.00228627 -0.00281229  0.00125287  -0.191605 -0.0746823  0.0466478  0.113168 0.0655647   9.80813 
              96.579  0.116497   1.30754 -0.548124 -0.794077  0.352473 -0.274565 180.013       0       0 -0.13     0 -1.03  -0.124026   -0.46557 -0.0550677  0.00253102 -0.00302892  0.00157066  -0.187316 -0.0697063  0.0536252  0.112463 0.0660619   9.80813 
             96.9777  0.10246  1.28061 -0.46505 -0.710218  0.284452 -0.293552 180.013       0       0 -0.13     0 -1.03 0.0261239 -0.151308 0.0824061  0.00359395 -0.00499046  0.00127619  -0.199303 -0.0773694  0.0562892  0.113859 0.0648959   9.80812 
             97.1776  0.068325   1.26641 -0.371898 -0.763007  0.185185 -0.275229 180.013       0       0 -0.13     0 -1.03 -0.0934139  -0.288042  0.0841594  0.00258006 -0.00435655  0.00112761  -0.19751 -0.074006 0.0561031  0.113318 0.0650652   9.80813 
             97.3787  0.100292   1.29022 -0.208083 -0.752812  0.102027 -0.299861 180.013       0       0 -0.13     0 -1.03 0.0273143 -0.269858 -0.109845 0.00114135 -0.0049861 0.00103775   -0.19938 -0.0713231  0.0572347  0.113023 0.0647598   9.80814 
             97.5786 -0.0627254    1.36148  -0.230799 -0.794515 0.0319829 -0.209106 180.013       0       0 -0.13     0 -1.03 -0.147187 -0.373966  0.205046 0.000445235 -0.00410075 0.000994551   -0.19511 -0.0702683   0.048283  0.112755 0.0650987   9.80814 
             97.7785  0.134828   1.36298 -0.329761  -0.809857 -0.0999321  -0.244104 180.013       0       0 -0.13     0 -1.03    0.01689  -0.585979 -0.0991308 -0.000325877  -0.00432382   0.00118565  -0.197408 -0.0640172  0.0555618  0.112089 0.0647013   9.80815 
             97.9757 0.272968  1.33065 -0.18909 -0.711593 -0.168606  -0.31351 180.013       0       0 -0.13     0 -1.03  0.292728 -0.377476 -0.186927  0.00020294 -0.00536357  0.00118294  -0.205993 -0.0685913  0.0603386  0.112867 0.0641448   9.80814 
             98.1756  0.155968   1.28309 -0.145798 -0.768682  -0.21108 -0.303722 180.013       0       0 -0.13     0 -1.03 -0.00966368    -0.28272   -0.206942 -4.08651e-07  -0.00614609   0.00102775  -0.203125 -0.0689252  0.0586741   0.11279 0.0644139   9.80814 
             98.3771  0.0880201    1.27092 -0.0790749 -0.840755 -0.293815 -0.300619 180.013       0       0 -0.13     0 -1.03 -0.221287 -0.371293 -0.144557 -6.96141e-05  -0.00682039   0.00103546  -0.196499 -0.0660213  0.0554186  0.112195 0.0648977   9.80814 
              98.577  0.127663   1.26512 0.0170818  -0.81759 -0.410539 -0.286076 180.013       0       0 -0.13     0 -1.03 -0.0106301  -0.493483  0.0653932 -0.000665964  -0.00770084  0.000911376  -0.204331 -0.0631712  0.0519982  0.112158 0.0639744   9.80815 
             98.7754  0.160183   1.31294 0.0138249 -0.809552 -0.456658 -0.250816 180.013       0       0 -0.13     0 -1.03 -0.0828771  -0.237564   0.119159 0.000242824 -0.00771383  0.00108581  -0.205333 -0.0691695  0.0494135  0.112724 0.0640324   9.80814 
             98.9768 -0.0200457    1.50282  -0.172909  -0.771129  -0.446343 -0.0763903 180.013       0       0 -0.13     0 -1.03  0.0558911 -0.0762804   0.794985 0.000693003 -0.00819855  0.00112344   -0.2095 -0.074492 0.0371707  0.113269 0.0634976   9.80814 
             99.1779  1.04059  1.39925 0.086382 -0.813223 -0.720903 -0.155677 180.013       0       0 -0.13     0 -1.03 -0.125413 -0.666679  0.316837  0.00259508 -0.00856951  0.00091552  -0.208857 -0.0675197  0.0446633  0.112549 0.0634814   9.80815 
             99.3765 0.909108  1.52464 0.134271  -0.83138 -0.681871 -0.205056 180.013       0       0 -0.13     0 -1.03   -0.129364   -0.114164 -0.00368154 0.000234135 -0.00823583 0.000843822  -0.208477 -0.0804557  0.0504995  0.113831 0.0644101   9.80813 
             99.5763  0.266121   1.38556 0.0651307 -0.854355 -0.645763 -0.253938 180.013       0       0 -0.13     0 -1.03 -0.157904 0.0222945 -0.103787 0.000838863  -0.0082054 0.000906762  -0.208836 -0.0875851  0.0563338 0.114465 0.065192  9.80812 
             99.7762 0.235527  1.33882 0.234794 -0.848916 -0.785993 -0.270472 180.013       0       0 -0.13     0 -1.03 -0.0891769  -0.191503   0.265764 -0.00178325 -0.00896178 0.000642723 -0.215087 -0.069487 0.0569071  0.113217 0.0640958   9.80814 
             99.9761 0.221568  1.34103 0.253564 -0.892828 -0.805036  -0.20147 180.013       0       0 -0.13     0 -1.03  -0.178432 -0.0281739   0.300423 -0.00179178  -0.0086731 0.000657016  -0.213041 -0.0692036  0.0554203  0.113114 0.0641688   9.80814 
             100.177 0.0863056   1.41554  0.161076 -0.844624 -0.825491 -0.162974 180.013       0       0 -0.13     0 -1.03 0.00497372 -0.0553866   0.236434  -0.0015304 -0.00802609 0.000733244  -0.215284 -0.0689373  0.0559494    0.1132 0.0640407   9.80814 
             100.376 0.112209  1.41052 0.267316 -0.884725 -0.766943 -0.190609 180.013       0       0 -0.13     0 -1.03 -0.243769   0.13196 0.0685539 -0.00282896 -0.00849359 0.000607445  -0.212448 -0.0755011  0.0606668  0.113541 0.0646134   9.80813 
             100.576   0.167635    1.40863 0.00842521 -0.919302 -0.745167 -0.220008 180.013       0       0 -0.13     0 -1.03  -0.349291   0.140295 -0.0220001 -0.00294109 -0.00908779 0.000766464  -0.217342 -0.0747552  0.0657064  0.113665 0.0643794   9.80813 
             100.777 0.0940139   1.52012 0.0665344 -0.813851 -0.779162  -0.19173 180.013       0       0 -0.13     0 -1.03 -0.073124  0.113813  0.166683 -0.00408824  -0.0127601 0.000691956 -0.240291 -0.068375 0.0612797  0.113973 0.0623021   9.80814 
             100.977 0.0999123   1.56715  0.347806 -0.612593 -0.800929 -0.102827 180.013       0       0 -0.13     0 -1.03   0.539942 -0.0419983   0.394739 -0.00442398  -0.0152044   0.0006736  -0.260124 -0.0664934  0.0557434    0.1144 0.0602745   9.80815 
             101.176 0.131661  1.56434 0.542397 -0.540588  -0.78283  -0.10622 180.013       0       0 -0.13     0 -1.03  0.379335 0.0216684  0.263664 -0.00446661  -0.0152153 0.000280287  -0.259563 -0.0669943  0.0583607  0.114375 0.0604067   9.80815 
             101.374 0.026482  1.71834 0.774956  -0.383912  -0.757818 -0.0148817 180.013       0       0 -0.13     0 -1.03  0.58215 0.114864 0.355397  -0.00467664   -0.0141288 -5.28899e-05 -0.267275 -0.068501  0.056258  0.114817 0.0599807   9.80814 
             101.575 -0.0123441    1.76059   0.914942  -0.278816  -0.755631 -0.0483646 180.013       0       0 -0.13     0 -1.03   0.541985  0.0794342 -0.0347142  -0.00499911   -0.0137675 -0.000269352  -0.266762 -0.0659071  0.0646243  0.114371 0.0600282   9.80815 
             101.777 -0.0135956    1.70038   0.945198 -0.193755 -0.775548 -0.125377 180.013       0       0 -0.13     0 -1.03   0.574784 -0.0545716  0.0874772  -0.00567463   -0.0134169 -0.000379223 -0.264568 -0.062087 0.0734003  0.113866 0.0600248   9.80816 
             101.975 0.348917  1.47894  1.11136 -0.145194   -0.8803 -0.279832 180.013       0       0 -0.13     0 -1.03  0.338653 -0.337504 -0.599939  -0.00626477   -0.0129845 -0.000409395  -0.260503 -0.0550784  0.0862869   0.11327 0.0598923   9.80816 
             102.174 0.182417  1.51602  1.21842 -0.0379762  -0.773887  -0.280276 180.013       0       0 -0.13     0 -1.03  0.414012  0.111049 -0.397318  -0.00744791   -0.0127073 -0.000502371   -0.2616 -0.059739 0.0824812  0.113403 0.0599665   9.80816 
             102.375 0.156145  1.59041  1.47708  0.111645 -0.782151 -0.201744 180.013       0       0 -0.13     0 -1.03   0.591062   0.052061 -0.0425722   -0.0064272   -0.0111118 -0.000940319  -0.265631 -0.0571518  0.0732305 0.113707 0.059492  9.80816 
             102.576 0.160376  1.57632  1.40202  0.145005 -0.773654 -0.205432 180.013       0       0 -0.13     0 -1.03   0.362587  0.0676621 -0.0260295  -0.00627258   -0.0108597 -0.000831152  -0.255103 -0.0571921  0.0727409  0.11331 0.059374  9.80817 
             102.975 0.111692  1.57034  1.42575  0.318328 -0.804307  -0.10944 180.013       0       0 -0.13     0 -1.03    0.415358 -0.00963158    0.444664   -0.0070138   -0.0112031 -0.000921674  -0.257012 -0.0523415  0.0723288  0.113499 0.0592357   9.80816 
             103.376 0.0644923   1.70327   1.74186   0.644137  -0.738649 -0.0075685 180.013       0       0 -0.13     0 -1.03 0.686279 0.139708  0.32021  -0.0067227  -0.0121387 -0.00107769  -0.260517 -0.0532912  0.0741355  0.113584 0.0593627   9.80816 
             103.575 0.00204602    1.80446    2.07402  0.692301 -0.772946 -0.085927 180.013       0       0 -0.13     0 -1.03  0.506967  0.071958 0.0177041 -0.00845423 -0.00938197 -0.00168654  -0.256832 -0.0503819  0.0804057  0.113335 0.0592928   9.80817 
             103.774 0.0191601   1.83172   2.09795  0.790901 -0.785081 -0.112513 180.013       0       0 -0.13     0 -1.03    0.34335  0.0602456 -0.0937427 -0.00950495 -0.00907246 -0.00174693  -0.256839 -0.0474392  0.0835524  0.113317 0.0592456   9.80817 
             103.974 -0.0409655    2.05564    2.21122    0.892685   -0.771788 -0.00662639 180.013       0       0 -0.13     0 -1.03  0.443724 0.0827395   0.16812 -0.00938261 -0.00913988 -0.00178183   -0.25826 -0.0472182  0.0726619  0.113914 0.0593562   9.80816 
             104.174 -0.0052392    1.88062    2.32987  0.960275 -0.773097 -0.156521 180.013       0       0 -0.13     0 -1.03  0.384143  0.060875 -0.386501  -0.0092873 -0.00905768 -0.00194708  -0.25799 -0.046641 0.0771749  0.113747 0.0593362   9.80816 
             104.374 0.0115468   1.76276    2.5225   1.05389 -0.798106 -0.226948 180.013       0       0 -0.13     0 -1.03   0.427861 -0.0342628  -0.385594 -0.00837507  -0.0089238 -0.00208331  -0.259103 -0.0427686  0.0766936 0.114093 0.059304  9.80816 
             104.975 0.030611  1.78818  2.58692   1.33043 -0.781301 -0.139667 180.013       0       0 -0.13     0 -1.03  0.426133 0.0693085 0.0641865 -0.00863316 -0.00859945 -0.00196559  -0.259461 -0.0416618  0.0644415  0.114582 0.0592956   9.80815 
             105.374 0.0378713    1.8256   2.85083   1.50154 -0.734525 -0.183057 180.013       0       0 -0.13     0 -1.03   0.437108   0.104459 -0.0621503  -0.0075006 -0.00855131 -0.00279518  -0.259605 -0.0424518  0.0666924  0.114452 0.0593431   9.80815 
             105.574 0.0236096   1.88542   3.07366   1.68191 -0.793152 -0.176006 180.013       0       0 -0.13     0 -1.03   0.622613 -0.0280854  -0.151013 -0.00952336  -0.0105124 -0.00308719  -0.262901 -0.0384684  0.0627084  0.114986 0.0594485   9.80815 
             105.775 -0.105968   1.81276    3.0376    1.6754 -0.737043 -0.220443 180.013       0       0 -0.13     0 -1.03  0.0386131   0.101766 -0.0560044 -0.00749299 -0.00676317 -0.00302579   -0.25197 -0.0468266  0.0649162  0.113685 0.0581208   9.80817 
             105.975 -0.157554   1.80663   3.27511   1.77422 -0.750962   -0.1882 180.013       0       0 -0.13     0 -1.03    0.286668   0.0166212 -0.00190848 -0.00749997 -0.00695069 -0.00309314  -0.257812 -0.0429469  0.0613477  0.114395 0.0589116   9.80816 
             106.173 0.000465227     1.83404     3.38356   1.92602 -0.756882 -0.227211 180.013       0       0 -0.13     0 -1.03   0.520999 -0.0128981 -0.0559733 -0.00742645 -0.00637036 -0.00326415 -0.260361 -0.042275 0.0622354  0.114495 0.0592196   9.80815 
             106.373 0.0232269   1.86707   3.33982   2.01824 -0.753543 -0.197491 180.013       0       0 -0.13     0 -1.03  0.480008 0.0169332  0.056079 -0.00759044 -0.00653613 -0.00330644  -0.259114 -0.0427328  0.0592551  0.114491 0.0590595   9.80815 
             106.575 0.0246922   1.90571    3.4209   2.10043  -0.76473 -0.174458 180.013       0       0 -0.13     0 -1.03   0.428306 0.00213571  0.0744813 -0.00726823 -0.00662139 -0.00350249  -0.257205 -0.0411294  0.0579356  0.114747 0.0587737   9.80815 
             106.774 -0.0225141    1.95715    3.54592     2.194 -0.734989 -0.153755 180.013       0       0 -0.13     0 -1.03 0.477207  0.17992  0.46447 -0.00709734 -0.00637799 -0.00360803  -0.258497 -0.0438712  0.0576295  0.114381 0.0589769   9.80816 
             106.973 -0.192599   1.99232   3.61615    2.33138  -0.714061 -0.0596024 180.013       0       0 -0.13     0 -1.03 0.619334  0.10293 0.375362 -0.00737659 -0.00692807 -0.00367619  -0.262333 -0.0417325  0.0568295  0.114758 0.0595438   9.80815 
             107.173 -0.067974    1.9974   3.85369   2.44711 -0.747394 -0.210088 180.013       0       0 -0.13     0 -1.03   0.565622 0.00839192 -0.0748364 -0.00728049 -0.00675619 -0.00394942  -0.262313 -0.0403279  0.0630296  0.114718 0.0594584   9.80815 
             107.574 -0.0209784     1.9571    4.03495   2.55588 -0.764649 -0.259092 180.013       0       0 -0.13     0 -1.03  0.306599 -0.014189 -0.143965 -0.00694072 -0.00821113 -0.00407261  -0.255929 -0.0402869  0.0625497 0.114727 0.058452  9.80815 
             107.974 0.0284737   1.99419   4.08293   2.78038 -0.717421 -0.301567 180.013       0       0 -0.13     0 -1.03  0.418885 0.0664218 -0.320517 -0.00607404 -0.00926182 -0.00425957  -0.261451 -0.0420577  0.0574965  0.114586 0.0594495   9.80815 
             108.174 0.0660656   1.96001   4.39869   2.95401  -0.77139 -0.273863 180.013       0       0 -0.13     0 -1.03  0.659222 -0.109945 -0.252582 -0.00659855  -0.0103274 -0.00440263  -0.263561 -0.0394589   0.051891  0.115297 0.0598191   9.80814 
             108.374 0.0262859   1.96886   4.63804   2.95108 -0.722951 -0.263732 180.013       0       0 -0.13     0 -1.03  0.297802  0.112432 -0.163408 -0.00515206 -0.00851402 -0.00448184  -0.256802 -0.0459543  0.0493529  0.114163 0.0582253   9.80816 
             108.574 -0.00854583     2.02063      4.4504   3.05188 -0.713554 -0.222758 180.013       0       0 -0.13     0 -1.03 0.393658 0.082182 0.121942 -0.00510298 -0.00921449 -0.00439137  -0.260427 -0.0434588  0.0450642  0.114686 0.0589476   9.80815 
             108.772 0.0121863   2.05763   4.50886   3.18998 -0.720817  -0.21052 180.013       0       0 -0.13     0 -1.03   0.609418  0.0931496 -0.0216053 -0.00533143  -0.0102193 -0.00449704 -0.266305 -0.038832 0.0460639   0.11547 0.0602764   9.80814 
             108.972 -0.00720826     2.07294     4.61768   3.28773 -0.692366  -0.25632 180.013       0       0 -0.13     0 -1.03  0.482073  0.107121 -0.101435 -0.00516402 -0.00993365 -0.00449684 -0.264941  -0.04054 0.0503921  0.115005 0.0599862   9.80814 
             109.373 -0.0388696    2.06633    4.86277   3.47891 -0.719248 -0.211478 180.013       0       0 -0.13     0 -1.03   0.697491 0.00150741  0.0651324   -0.004843 -0.00984811 -0.00483646  -0.264072 -0.0394717  0.0494811  0.115282 0.0598408   9.80814 
             109.573 -0.131358   2.33426   4.99839   3.61988 -0.677059 -0.161173 180.013       0       0 -0.13     0 -1.03 0.866169 0.114323  0.10564 -0.00495523 -0.00875073  -0.0048242  -0.262301 -0.0425629  0.0467199  0.114848 0.0594587   9.80815 
             109.773 -0.0514668    2.11183    4.83499   3.77734 -0.690057 -0.297829 180.013       0       0 -0.13     0 -1.03  0.864559 0.0345708 -0.389979 -0.00600563 -0.00747408 -0.00481235  -0.262762 -0.0402478  0.0668595  0.113808 0.0586958   9.80816 
             109.973 -0.348496   1.86277   4.74877   3.34803 -0.656283 -0.389036 180.013       0       0 -0.13     0 -1.03 -0.830268  0.146745 -0.426118 -0.00719338 -0.00794319  -0.0049059 -0.223791  -0.05551 0.0698351  0.111589 0.0491932   9.80824 
             110.373 -0.28898  1.91637  4.89452   3.28038 -0.666537 -0.267777 180.013       0       0 -0.13     0 -1.03 -0.447688  0.210296 0.0553002  -0.0066372 -0.00686055 -0.00500442 -0.227621 -0.052093 0.0647975  0.112331 0.0501407   9.80823 
             110.572 -0.223402   1.96001   4.60738   3.44178 -0.636963 -0.275253 180.013       0       0 -0.13     0 -1.03 0.0547776  0.230518 -0.104724 -0.00686279 -0.00775403 -0.00468956   -0.24565 -0.0446738  0.0644655  0.113401 0.0541161    9.8082 
             110.773 -0.0437155    2.11772    4.84389   3.46248 -0.555811 -0.226861 180.013       0       0 -0.13     0 -1.03 0.0747677  0.312899  0.437907 -0.00550317 -0.00773698 -0.00479604  -0.247025 -0.0475581  0.0553593  0.112929 0.0545348    9.8082 
             110.973 -0.0711132    2.17909    4.72993    3.44757  -0.415973 -0.0991471 180.013       0       0 -0.13     0 -1.03 -0.0427346   0.630727   0.714448 -0.00519575 -0.00763326 -0.00476771   -0.24599 -0.0536718  0.0526481  0.111919 0.0542761   9.80821 
             111.173 -0.0894457    2.16964    4.62109   3.41402 -0.371407 -0.200974 180.013       0       0 -0.13     0 -1.03 -0.0990391   0.382155 -0.0417483 -0.00473673 -0.00772727 -0.00454769   -0.24519 -0.0517612  0.0585608  0.112058 0.0540758   9.80821 
             111.373 -0.254526   2.04656   4.53631   3.44561 -0.290519 -0.280846 180.013       0       0 -0.13     0 -1.03  0.0355884   0.484147 -0.0545127 -0.00450345 -0.00626822 -0.00444293  -0.250721 -0.0494201  0.0652332  0.112126 0.0550404    9.8082 
             111.572 -0.0817149    2.06348    4.56252     3.463 -0.209631 -0.258596 180.013       0       0 -0.13     0 -1.03 0.0497701  0.496982 0.0637808 -0.00379434 -0.00646544 -0.00451891   -0.25094 -0.0457128  0.0622836  0.112906 0.0551978   9.80819 
             111.772 -0.208636   2.10857   4.58087    3.40927 -0.0894317  -0.210388 180.013       0       0 -0.13     0 -1.03 -0.0848738    0.91073   0.217979 -0.00362792 -0.00550542 -0.00441686   -0.24334 -0.0486552  0.0584577  0.112619 0.0537722   9.80821 
             112.171 -0.199797   2.10189   4.55238   3.52864    0.1307 -0.314177 180.013       0       0 -0.13     0 -1.03  0.161453  0.642598 -0.295404 -0.00489262 -0.00649626 -0.00441876   -0.25069 -0.0369412  0.0656814  0.114349 0.0552217   9.80818 
             112.372 -0.182636   2.08138   4.41197    3.4396 0.0751126 -0.292786 180.013       0       0 -0.13     0 -1.03  -0.14711  0.216199 -0.180438  -0.0046052 -0.00640187  -0.0041167   -0.24642 -0.0331831   0.063731  0.115157 0.0545667   9.80817 
             112.572 -0.450798   1.92442   4.44824   3.43683  0.205717 -0.341098 180.013       0       0 -0.13     0 -1.03  -0.11172  0.508109 -0.194423  -0.0032462 -0.00712818 -0.00404566  -0.252549 -0.0408675  0.0651684  0.113627 0.0554917   9.80818 
             112.771 -0.403826   1.91651    4.4263   3.39927  0.283299 -0.326206 180.013       0       0 -0.13     0 -1.03 -0.215022  0.539126 -0.972687 -0.00366648  -0.0068679 -0.00384668   -0.25032 -0.0387564  0.0597259  0.114128 0.0554295   9.80818 
             112.972 -0.120645   2.07207   4.28367   3.43795  0.324412 -0.446583 180.013       0       0 -0.13     0 -1.03 -0.0245045   0.317022  -0.748889 -0.00508177 -0.00843536 -0.00392992  -0.258806 -0.0262799  0.0510665 0.116325 0.057561  9.80814 
             113.172 -0.309608   1.95702   4.33956   3.39233  0.444973 -0.332895 180.013       0       0 -0.13     0 -1.03  -0.149168   0.493654 0.00618929 -0.00523404 -0.00839779 -0.00384813  -0.257698 -0.0277708   0.044248   0.11622 0.0575549   9.80814 
             113.372 -0.382075    1.9346   4.08943  3.40274 0.511617 -0.26287 180.013       0       0 -0.13     0 -1.03 0.030342 0.306122 0.354721 -0.00463744 -0.00751401 -0.00349283  -0.260026 -0.0249066  0.0410234  0.116761 0.0580045   9.80813 
             113.572 -0.249013   2.07946   4.06207   3.49951  0.537444 -0.195641 180.013       0       0 -0.13     0 -1.03 0.232561 0.178087 0.432454 -0.00446106 -0.00695835 -0.00359169   -0.27146 -0.0169919  0.0429867  0.117884 0.0597674   9.80811 
             113.971 -0.264928   2.03852   4.18072   3.47818  0.782077 -0.272814 180.013       0       0 -0.13     0 -1.03  0.122923  0.581211 0.0698065 -0.00294947 -0.00610978 -0.00369666  -0.264226 -0.0292479  0.0640937  0.115663 0.0583959   9.80814 
             114.171 0.451973 0.919519  4.22396    3.29537   0.692521 -0.0631153 180.013       0       0 -0.13     0 -1.03 -0.363494  0.136077  0.608467 -0.00441641 -0.00405182  -0.0037403   -0.25435 -0.0234136  0.0567429  0.116614 0.0569809   9.80814 
             114.571  0.14457 0.684446   3.9798  3.31879 0.989551 0.270829 180.013       0       0 -0.13     0 -1.03 -0.0440107   0.488572   0.838348 -1.2784e-05 -0.00697419 -0.00344082  -0.26317 -0.032894 0.0560276   0.11517 0.0581459   9.80815 
             114.771 0.0181918  0.778735   3.81417   3.40562    1.0083 0.0995534 180.013       0       0 -0.13     0 -1.03 0.181473 0.469275 0.285749 -0.00252853 -0.00873052 -0.00332395  -0.266497 -0.0264723  0.0770727  0.117178 0.0591984   9.80812 
             114.971 0.189028 0.832939   3.9841   3.35275   1.07738 0.0395137 180.013       0       0 -0.13     0 -1.03  0.0169959   0.469445 -0.0193679 -0.00330094 -0.00294237 -0.00344808  -0.256229 -0.0263927  0.0979001  0.118195 0.0576228   9.80812 
             115.371 0.0465259  0.772266    3.9372 3.39098 1.35011 -0.1284 180.013       0       0 -0.13     0 -1.03  0.105154  0.695052 -0.368864 -0.00338074 -0.00279973 -0.00342462   -0.25661 -0.0277406  0.0998643  0.118137 0.0576968   9.80812 
             115.571 0.0269237  0.706887   3.65896    3.32628    1.38374 -0.0990006 180.013       0       0 -0.13     0 -1.03 -0.0496849   0.525845   -0.44178 -0.00185466 -0.00380399 -0.00281856  -0.251025 -0.0230373  0.0930495  0.118363 0.0567699   9.80812 
             115.971 -0.230595  0.683767   3.51072    3.42489    1.52824 -0.0604563 180.013       0       0 -0.13     0 -1.03  0.234006  0.385923 0.0726117  -0.0035352 -0.00541487 -0.00287488   -0.25701 -0.0179407  0.0796746  0.118386 0.0572412   9.80812 
             116.171 -0.236388  0.691488    3.5624    3.34847    1.58613 -0.0146159 180.013       0       0 -0.13     0 -1.03 -0.00945703     0.33251   0.0419384 -0.00377789 -0.00410051 -0.00296307  -0.252233 -0.0178543  0.0779175  0.118252 0.0568158   9.80812 
              116.37 -0.213344  0.672673   3.65574   3.34931   1.66494 -0.053852 180.013       0       0 -0.13     0 -1.03 0.0400694  0.359715 -0.177243 -0.00348522  -0.0041847 -0.00301531  -0.252136 -0.0186978  0.0803634  0.118306 0.0567657   9.80812 
              116.57 -0.0159716   0.774424    3.52782    3.36868     1.7633 -0.0247609 180.013       0       0 -0.13     0 -1.03 0.117655 0.477946 0.106914 -0.00319358 -0.00410849  -0.0028171  -0.253149 -0.0206229  0.0758836  0.117841 0.0569024   9.80813 
              116.77 -0.223882  0.663102   3.45057    3.41424     1.8248 -0.0147441 180.013       0       0 -0.13     0 -1.03 0.0617531  0.390868 -0.107586 -0.00382394 -0.00436989 -0.00276892 -0.255268 -0.016279 0.0760466  0.118307 0.0570799   9.80812 
              116.97 -0.270287  0.658918   3.43416    3.35401    1.88343 -0.0641516 180.013       0       0 -0.13     0 -1.03 -0.100609  0.305829 -0.202347 -0.00393923 -0.00382115 -0.00277704 -0.248204 -0.016262  0.078053 0.118336 0.056437  9.80812 
              117.17 -0.0817421   0.724212    3.54131    3.34915    1.93014 -0.0529739 180.013       0       0 -0.13     0 -1.03 -0.047191  0.202607 -0.139598 -0.00373439 -0.00367804 -0.00294875  -0.248759 -0.0159951  0.0761748  0.118243 0.0564895   9.80812 
              117.37 -0.0230448    0.73486    3.50881    3.29522    2.02796 -0.0624869 180.013       0       0 -0.13     0 -1.03 -0.189258   0.29375 -0.133057 -0.00410897 -0.00472252 -0.00287391  -0.245081 -0.0237394  0.0750306  0.117462 0.0562567   9.80814 
              117.57 -0.113298   0.75689   3.44192    3.32545    2.13035 -0.0544474 180.013       0       0 -0.13     0 -1.03 -0.00411398    0.402583   0.0196348 -0.00366546 -0.00535091 -0.00273208  -0.255149 -0.0280003   0.070803   0.11694 0.0571035   9.80814 
              117.97 -0.142827  0.750971   3.32655    3.40039    2.20506 -0.0335712 180.013       0       0 -0.13     0 -1.03   0.21054  0.121457 0.0163564 -0.00392249 -0.00591253 -0.00258853 -0.258608 -0.025582  0.068146   0.11705 0.0573503   9.80813 
              118.17 -0.0105185   0.782107    3.59857    3.42665    2.14772 -0.0450313 180.013       0       0 -0.13     0 -1.03    0.23031 -0.0521251 -0.0136403 -0.00458717 -0.00553233 -0.00295194  -0.257045 -0.0219721  0.0691096  0.117336 0.0572012   9.80813 
              118.37 -0.0955539   0.762629    3.56086     3.3702    2.15563 -0.0490628 180.013       0       0 -0.13     0 -1.03  0.101539 0.0199015 -0.055906 -0.00348019 -0.00129182 -0.00311854  -0.247039 -0.0250479  0.0688518  0.116984 0.0566257   9.80814 
              118.77 -0.103372   0.75075   3.60766    3.36486    2.19041 -0.0520881 180.013       0       0 -0.13     0 -1.03 0.0823696 0.0519961 -0.112341  -0.00324217 -0.000390335  -0.00291149  -0.240487 -0.0287679  0.0652297  0.116407 0.0559972   9.80815 
              118.97 -0.159895  0.752592   3.17561    3.14313    2.19389 -0.0435663 180.013       0       0 -0.13     0 -1.03   -0.4147 0.0522511 -0.125854 -0.00289573  0.00199889 -0.00206045  -0.224744 -0.0308146  0.0609992  0.115868 0.0544018   9.80816 
              119.17 -0.145583  0.743356   2.92766    3.19578     2.1418 -0.0497869 180.013       0       0 -0.13     0 -1.03 0.00529972   -0.10661 -0.0981668 -0.00286185  0.00200278 -0.00172371 -0.234353 -0.023859 0.0573648  0.116366 0.0551539   9.80815 
              119.37 -0.0894083   0.740341     2.8523  3.18794  2.13485 -0.03964 180.013       0       0 -0.13     0 -1.03  0.0217317  -0.069478 -0.0487741 -0.00277481  0.00239114 -0.00160013 -0.232833 -0.026077 0.0525557   0.11596 0.0550925   9.80816 
             119.769 -0.174204  0.667211   2.83671    3.01873     2.1848 -0.0308264 180.013       0       0 -0.13     0 -1.03   -0.22034  0.0881128 -0.0413345 -0.00202345  0.00382755 -0.00146634  -0.213756 -0.0358454  0.0482662  0.114965 0.0543794   9.80818 
             119.969 -0.157726  0.681383    2.7128    2.93511    2.15426 -0.0198408 180.013       0       0 -0.13     0 -1.03  -0.267558 -0.0114661 -0.0911768 -0.00233161   0.0042955 -0.00124273   -0.21024 -0.0324286  0.0451772  0.114894 0.0541644   9.80818 
             120.169 -0.138999  0.661676     2.678    2.85531    2.15907 -0.0397263 180.013       0       0 -0.13     0 -1.03   -0.251902 -0.00225354   -0.247868 -0.00236621  0.00412474 -0.00113044  -0.207313 -0.0336201   0.041531 0.114602 0.054052  9.80818 
             120.369 -0.227294  0.604169   2.39927  2.74641  2.17331 -0.06625 180.013       0       0 -0.13     0 -1.03 -0.407295 0.0225007  -0.24667  -0.00236112   0.00417401 -0.000779665   -0.20128 -0.0360705  0.0374712  0.114175 0.0538888   9.80819 
             120.569 -0.234547  0.559986   2.32593    2.65993    2.14874 -0.0766549 180.013       0       0 -0.13     0 -1.03  -0.398703 -0.0492342  -0.223662 -0.00293492  0.00401573 -0.00068699  -0.200668 -0.0319333  0.0311332  0.113848 0.0538518   9.80819 
             120.769 -0.242705  0.560584   2.20434    2.54486    2.16299 -0.0436162 180.013       0       0 -0.13     0 -1.03 -0.374272 -0.039089 -0.225981  -0.00284669   0.00434484 -0.000555628  -0.196935 -0.0348459  0.0213165 0.113046 0.054049   9.8082 
             120.969 -0.25049 0.553871  2.07026    2.49773    2.15414 -0.0535135 180.013       0       0 -0.13     0 -1.03 -0.304464 -0.049294 -0.341616  -0.00288482   0.00422823 -0.000537824  -0.199731 -0.0344305  0.0167716  0.112808 0.0541438    9.8082 
             121.168 -0.221648  0.533447   2.04008   2.38932   2.15463 -0.039305 180.013       0       0 -0.13     0 -1.03   -0.41174 -0.0240758  -0.069116  -0.00308333   0.00380437 -0.000382218  -0.198563 -0.0346527  0.0146528  0.112649 0.0541764    9.8082 
              121.37 -0.210596  0.505584   1.91817    2.26603    2.15179 -0.0298877 180.013       0       0 -0.13     0 -1.03   -0.515409 -0.00241096  -0.0539305   -0.0029756   0.00290713 -0.000178392  -0.194382 -0.0346753  0.0118108  0.112366 0.0542398   9.80821 
             121.568 -0.201298  0.522956   1.85674    2.17248    2.13895 -0.0341212 180.013       0       0 -0.13     0 -1.03 -0.501274 -0.040318 -0.169769 -0.00315629  0.00285161 1.82174e-06    -0.1963 -0.0326568 0.00776381   0.1121 0.054197  9.80821 
             121.768 -0.220118  0.489957   1.72502    2.09048    2.15793 -0.0399439 180.013       0       0 -0.13     0 -1.03 -0.475967  0.049497 -0.613286   -0.002981  0.00270542 0.000146752  -0.198761 -0.0357424 0.00358794  0.111949 0.0542558   9.80821 
             122.169 -0.187704  0.437522   1.64391  1.96097  2.15081 -0.18293 180.013       0       0 -0.13     0 -1.03  -0.307492 0.00185017    -0.3886 -0.00310286  0.00244571 0.000155526   -0.201892  -0.0339706 -0.00256638  0.111581 0.0542189   9.80822 
             122.568 -0.13271 0.312762  1.46559   1.79506   2.13691 -0.179244 180.013       0       0 -0.13     0 -1.03  -0.310628 -0.0214136  -0.270523 -0.00301917  0.00209344 0.000428433   -0.201359  -0.0336486 -0.00623278  0.111299 0.0542563   9.80822 
             122.768 -0.193936    0.3717   1.21937   1.65875   2.15199 -0.028191 180.013       0       0 -0.13     0 -1.03 -0.360024 0.0681634 -0.129236  -0.0026622  0.00370265 0.000848642   -0.19731 -0.0346128 -0.0281538 0.109427 0.054613  9.80824 
             122.969 -0.176364  0.384261   1.18945    1.58477     2.1624 -0.0280848 180.013       0       0 -0.13     0 -1.03  -0.330907  0.0651472 -0.0415258 -0.00282932    0.003848 0.000844599  -0.197268 -0.0340863  -0.033579  0.108964 0.0547001   9.80824 
             123.169 -0.220495  0.402844   1.06772   1.52008    2.1479 0.0250332 180.013       0       0 -0.13     0 -1.03   -0.297335 0.000864978    0.186802 -0.00252579  0.00373891  0.00106636  -0.197381 -0.0332788 -0.0353423   0.10879 0.0546954   9.80824 
             123.368 -0.193534  0.385987  0.873291    1.4216   2.14369 0.0437828 180.013       0       0 -0.13     0 -1.03  -0.359253 -0.0368759   0.247899 -0.00261003  0.00227091  0.00121333  -0.191862  -0.033699 -0.0325858  0.108899 0.0550651   9.80824 
             123.569 -0.225825  0.380748  0.828264  1.28551  2.17048 0.036074 180.013       0       0 -0.13     0 -1.03 -0.511829 0.0576011  0.155734 -0.00260751  0.00187352  0.00146707  -0.182626 -0.0381471 -0.0254205   0.10958 0.0558034   9.80823 
             123.967 -0.246623  0.379762  0.680782   1.11939   2.14827 0.0712658 180.013       0       0 -0.13     0 -1.03 -0.425746 -0.015452  0.120901 -0.00321336  0.00143667  0.00162839  -0.186267 -0.0344187 -0.0234721   0.10945 0.0554131   9.80823 
             124.167 -0.124788   0.46499  0.593934  1.13496  2.13911 0.061908 180.013       0       0 -0.13     0 -1.03  -0.174186 -0.0166201   0.135798 -0.00314805 0.000899763  0.00161939  -0.189961 -0.0346779 -0.0217394  0.109632 0.0550213   9.80823 
             124.367 -0.17562 0.356086 0.517858   1.08855   2.16308 0.0214369 180.013       0       0 -0.13     0 -1.03    -0.15893   0.0387489 -0.00736849 -0.00228385   0.0014374  0.00154209   -0.18852 -0.0363527 -0.0184027  0.109974 0.0553267   9.80823 
             124.569 -0.180305  0.327719  0.468782 0.930335  2.18223 0.019336 180.013       0       0 -0.13     0 -1.03 -0.473895 0.0840007  0.081493 -0.00215751  0.00262747  0.00165973  -0.174591 -0.0366142 -0.0176978  0.109896 0.0568877   9.80822 
             124.967 -0.189536  0.290195  0.387001    0.740441     2.17786 -0.00544311 180.013       0       0 -0.13     0 -1.03  -0.51275 0.0413174 -0.131746 -0.00247725  0.00245248  0.00174654  -0.175916 -0.0333103 -0.0159912  0.109666 0.0567022   9.80822 
             125.368 -0.212803  0.326161  0.139437  0.662665   2.18905 0.0554287 180.013       0       0 -0.13     0 -1.03 -0.267637 0.0330922 0.0673134 -0.00260519  0.00220577  0.00181635  -0.178671 -0.0332783 -0.0181349  0.109551 0.0564241   9.80823 
             125.567 -0.201403  0.264419 0.0390249  0.643308   2.16297 0.0284376 180.013       0       0 -0.13     0 -1.03 -0.151955 -0.037326  0.129811 -0.00355771  0.00171638  0.00187605  -0.180165 -0.0318816 -0.0152207  0.109468 0.0561596   9.80823 
             125.968   -0.18361   0.240221 -0.0913501  0.409732   2.17778 0.0408874 180.013       0       0 -0.13     0 -1.03  -0.474782 -0.0247424  0.0950003 -0.00300745  0.00421722  0.00201105  -0.166859 -0.0337195 -0.0107707  0.109913 0.0578389   9.80821 
             126.168 -0.171636  0.236287 -0.165557 0.355311  2.17867 0.010676 180.013       0       0 -0.13     0 -1.03  -0.585838 -0.0688324 -0.0727472 -0.00300093  0.00396999  0.00207414   -0.168795  -0.0343481 -0.00900737  0.110118 0.0575542   9.80821 
             126.366  -0.18106  0.213354 -0.335105   0.225624    2.17987 0.00501749 180.013       0       0 -0.13     0 -1.03  -0.710031 -0.0955384 -0.0325491 -0.00256773  0.00357664  0.00202575   -0.168666  -0.0353679 -0.00922744  0.110251 0.0575671   9.80821 
             126.566 -0.185492  0.176851 -0.202017   0.154167     2.1336 -0.0236953 180.013       0       0 -0.13     0 -1.03 -0.465921 -0.281722 -0.100122 -0.0024181 0.00362161 0.00228718   -0.174556  -0.0348498 -0.00773281  0.110287 0.0566687   9.80822 
             126.968 -0.0383879   0.550983  -0.384717     0.7195    1.96994 -0.0134513 180.013       0       0 -0.13     0 -1.03 0.790964 -0.53179 0.443768 -0.00235306 0.000375698  0.00283622  -0.233187 -0.0426341 -0.0023161  0.111728 0.0481572   9.80825 
             127.166 -0.144596  0.145701 -0.218736  0.392405   1.97501 0.0512638 180.013       0       0 -0.13     0 -1.03 -0.329459  -0.23783  0.400772 -0.00167478  0.00266545  0.00267474   -0.214542  -0.0433793 -0.00129293  0.112042 0.0511612   9.80823 
             127.366  -0.206037   0.217032 0.00644682  0.454309   1.86812 0.0443675 180.013       0       0 -0.13     0 -1.03 0.0160003 -0.398483 0.0777573 -0.00311476 0.000341561  0.00244673  -0.221496 -0.0408857 0.00168002  0.111931 0.0500105   9.80823 
             127.767 -0.172764  0.216071  0.214278     0.400237      1.73343 -0.000103815 180.013       0       0 -0.13     0 -1.03 -0.0309763  -0.324617  -0.129923 -0.00346667 0.000845254  0.00217692  -0.215069 -0.0417038 0.00692793  0.112385 0.0507616   9.80822 
             127.966 -0.125236   0.23858  0.105069   0.371474    1.65081 -0.0116693 180.013       0       0 -0.13     0 -1.03 -0.0515892  -0.261818 -0.0544038 -0.00365219  0.00133192  0.00235757  -0.213616 -0.0397046 0.00650666  0.112119 0.0509353   9.80823 
             128.166 -0.136317  0.218879 0.0597118     0.41171     1.58517 -0.00874599 180.013       0       0 -0.13     0 -1.03   0.203348  -0.259408 0.00543143 -0.00375643  0.00146245  0.00231833  -0.215582 -0.0383767 0.00435235   0.11188 0.0507322   9.80823 
             128.367 -0.0661269   0.288048   0.178588   0.442841    1.48803 -0.0280477 180.013       0       0 -0.13     0 -1.03  0.241349 -0.412415 -0.255372 -0.00355636  0.00179326   0.0019735  -0.214393 -0.0339591 0.00219172  0.111206 0.0508654   9.80824 
             128.567 -0.140404  0.208036  0.185905   0.449505    1.41559 -0.0487281 180.013       0       0 -0.13     0 -1.03  0.202836  -0.38071 -0.116599 -0.00337987  0.00211817   0.0016661    -0.207682     -0.03502 -0.000643606  0.111153 0.0517003   9.80823 
             128.766 -0.100965  0.171741  0.312672   0.356881    1.32401 -0.0401788 180.013       0       0 -0.13     0 -1.03  -0.153413  -0.481019 -0.0342723 -0.00355647  0.00291156  0.00151373   -0.194255  -0.0317412 -0.00393247  0.110458 0.0533327   9.80823 
             128.965 0.204284  0.34045 0.330694   0.318582     1.1952 -0.0230604 180.013       0       0 -0.13     0 -1.03 -0.0974889  -0.667828   0.116536 -0.00371986  0.00297216  0.00150139   -0.193668  -0.0286795 -0.00629756  0.109939 0.0534006   9.80824 
             129.167 -0.104786  0.185818  0.205333  0.372088   1.13723 0.0187823 180.013       0       0 -0.13     0 -1.03  0.150773 -0.454874  0.125223 -0.00436059  0.00364848  0.00143312  -0.195446 -0.0312947 -0.0071097 0.110164 0.053248  9.80824 
             129.367 -0.0695323   0.306993   0.438323  0.389284   1.07312 0.0763557 180.013       0       0 -0.13     0 -1.03  0.105497 -0.394552  0.374192 -0.00517926  0.00355147  0.00114215   -0.193867  -0.0340046 -0.00791109  0.110383 0.0534309   9.80823 
             129.565 -0.0707928   0.192699   0.536454   0.40923  0.963232 0.0242711 180.013       0       0 -0.13     0 -1.03 0.0552958  -0.46857   0.14026 -0.00498709  0.00320856 0.000952098  -0.194696 -0.0307101 0.00468643 0.110761 0.053416  9.80823 
             129.765 -0.0988873   0.188679   0.603814  0.265504  0.919757 0.0238157 180.013       0       0 -0.13     0 -1.03 -0.480979  0.491214  0.235489 -0.00479663  0.00469844  0.00102456  -0.177697  -0.033291 0.00791296  0.111041 0.0550184   9.80822 
             129.966 -0.105884  0.157954  0.500668   0.294671   0.849594 0.00229049 180.013       0       0 -0.13     0 -1.03  -0.14425 -0.101313   0.21721 -0.00640627  0.00345703 0.000939508  -0.193069 -0.0141477  0.0153791   0.11023 0.0534726   9.80823 
             130.166 0.243278 0.289904 0.581707    0.32046   0.736906 0.00515636 180.013       0       0 -0.13     0 -1.03 0.0546898 -0.301459   0.46033 -0.00537296  0.00373542 0.000942462    -0.1945 -0.0114677  0.0172114  0.110158 0.0533124   9.80824 
             130.365 0.0782835  0.235675  0.756975   0.37502  0.627844 0.0630251 180.013       0       0 -0.13     0 -1.03  0.266039 -0.461653  0.226072  -0.0038025  0.00503651 0.000695205   -0.197155 -0.00850623   0.0180383  0.110005 0.0530726   9.80824 
             130.565 0.0266465  0.222246  0.703757   0.416405   0.564123 0.00821212 180.013       0       0 -0.13     0 -1.03  0.249836 -0.344278 0.0120268 -0.00429874  0.00444888 0.000540254  -0.195532 -0.0105134  0.0253819  0.110519 0.0533712   9.80823 
             130.766 -0.0857645   0.197911   0.875753  0.289594  0.495287 0.0346084 180.013       0       0 -0.13     0 -1.03 -0.044141   -0.2735 -0.407178 -0.00440164  0.00175645 0.000576407 -0.178501 -0.009677 0.0233229  0.110102 0.0545412   9.80823 
             130.966 -0.0825119   0.224753   0.817801   0.259236   0.384377 -0.0124388 180.013       0       0 -0.13     0 -1.03 -0.0588531  -0.425236   -0.30301 -0.00451425  0.00176406 0.000600281  -0.176669 -0.0038371  0.0201885  0.109481 0.0545934   9.80824 
             131.366 0.0871839  0.266931  0.722243    0.377285    0.185779 -0.00525133 180.013       0       0 -0.13     0 -1.03    0.20825  -0.543446 -0.0740651 -0.00427694  0.00263274 0.000681546   -0.179348 -0.00343177   0.0187048  0.109412 0.0544384   9.80824 
             131.566 0.136987 0.247116 0.870244  0.388588 0.0908359  0.010358 180.013       0       0 -0.13     0 -1.03  0.217744 -0.468447 0.0273467 -0.00400508  0.00315051 4.04018e-05   -0.175836 -0.00476474   0.0163738  0.109368 0.0546576   9.80824 
             131.766 0.0125089  0.196729   1.12902   0.269902  0.0695374 0.00318974 180.013       0       0 -0.13     0 -1.03  -0.15533 -0.240499 -0.183936  -0.00147755   0.00877195 -0.000299564  -0.156588 -0.0113062    0.01779  0.109729 0.0562151   9.80823 
             131.964  0.036394 0.0401548  0.880353   0.219502 -0.0236569 -0.0671492 180.013       0       0 -0.13     0 -1.03 -0.133122 -0.352713 -0.317026  -0.00186404   0.00894896 -0.000177011   -0.154374 -0.00607503   0.0216355  0.109571 0.0563167   9.80823 
             132.166 0.253653 0.199425 0.837121   0.295161  -0.182205 -0.0758744 180.013       0       0 -0.13     0 -1.03  0.145298 -0.659995 -0.433481   -0.0010417   0.00977837 -0.000154677   -0.157428 -0.00380034   0.0198561  0.109411 0.0561405   9.80823 
             132.366 0.0826505 0.0396752   0.83967   0.310488   -0.23632 -0.0942164 180.013       0       0 -0.13     0 -1.03 0.0988219 -0.554506 -0.138597  -0.00441633   0.00919737 -0.000357315   -0.15551 -0.0128236   0.016099  0.109604 0.0562863   9.80823 
             132.566 0.122384 0.088415 0.980768   0.345863  -0.334066 -0.0370228 180.013       0       0 -0.13     0 -1.03   0.147502  -0.522741 -0.0171377  -0.00462211   0.00962045 -0.000855989    -0.1581 -0.0146946 0.00563365  0.109094 0.0559971   9.80823 
             132.765 0.0562862 0.0489433   1.22589   0.251767   -0.36708 -0.0345474 180.013       0       0 -0.13     0 -1.03 -0.139427 -0.184206  0.350927 -0.00440568  0.00966682 -0.00112611  -0.143264 -0.0219771 0.00525897  0.109333 0.0569937   9.80823 
             132.965 0.168997 0.145428  1.16764    0.2173 -0.476874 0.0153312 180.013       0       0 -0.13     0 -1.03 -0.144181 -0.151138  0.456889  -0.0061349   0.0097274 -0.00109357  -0.143076 -0.0111892 0.00762236  0.108974 0.0568921   9.80823 
             133.165  0.131013 0.0915137   1.05598  0.268435  -0.52439 0.0217538 180.013       0       0 -0.13     0 -1.03 0.0614981 -0.137806  0.450986  -0.0059414   0.0100135 -0.00103798  -0.145208 -0.0105405  0.0106003  0.109186 0.0568549   9.80823 
             133.364 0.133618 0.124355  1.19204  0.272157 -0.628719 0.0387115 180.013       0       0 -0.13     0 -1.03 -0.00893908   -0.253381    0.258722 -0.00231272  0.00989727 -0.00126059     -0.14495 -0.000920443    0.0154615  0.109142 0.0568142   9.80823 
             133.565 0.0628367 0.0755081    1.1187   0.176907   -0.64547 -0.0450365 180.013       0       0 -0.13     0 -1.03   -0.34121 -0.0773196 -0.0809642 -0.00265417  0.00738855 -0.00124605   -0.133858 -0.00315695   0.0301112  0.109975 0.0575452   9.80821 
             133.765 0.0885686 0.0497665   1.07986   0.195666  -0.660258 -0.0753403 180.013       0       0 -0.13     0 -1.03  -0.194986 0.00165101  -0.130797 -0.00276399  0.00748546  -0.0012637   -0.143805 -0.00306686   0.0316188  0.110226 0.0572398   9.80821 
             133.965  0.110935 0.0391427    1.2171   0.266435  -0.639179 -0.0705958 180.013       0       0 -0.13     0 -1.03  0.036285 0.0217939 -0.112689 -0.00252989  0.00546404 -0.00140965    -0.15895 -0.00567381   0.0283663  0.110284 0.0566926   9.80822 
             134.165  0.102639 0.0866504   1.38171   0.435039  -0.610102 -0.0432044 180.013       0       0 -0.13     0 -1.03   0.383021   0.115942 -0.0432519 -0.00267862  0.00630764 -0.00170792   -0.164157 -0.00651855   0.0265889  0.110273 0.0564934   9.80822 
             134.365  0.213133 0.0641362   1.46364  0.516385  -0.65735 -0.103518 180.013       0       0 -0.13     0 -1.03  0.364841 -0.056426 -0.196917 -5.4548e-05  0.00639621 -0.00198686   -0.165385 0.000885196   0.0298282  0.110282 0.0563997   9.80822 
             134.565  0.214832 0.0879148   1.67234   0.609587  -0.673712 -0.0993021 180.013       0       0 -0.13     0 -1.03  0.483045 -0.126288 -0.210092 -5.24949e-05   0.00646068  -0.00234535   -0.167409 0.000411343   0.0231477  0.109858 0.0562295   9.80822 
             134.965 0.173657 0.106674  1.88662   0.866725  -0.640997 -0.0982795 180.013       0       0 -0.13     0 -1.03  0.729177 0.0103083 -0.177445 0.000922567  0.00622642 -0.00267721   -0.171014 -0.00717457    0.013813 0.109405 0.056052  9.80823 
             135.365  0.166485 0.0872597   2.15546   1.05756 -0.660697 -0.120848 180.013       0       0 -0.13     0 -1.03    0.611907 -0.00862635   -0.191547  0.00099143  0.00647672 -0.00278542   -0.168431 -0.00700993     0.01065  0.109177 0.0559582   9.80823 
             135.764 0.113231 0.169558  2.25234    1.19679  -0.606384 -0.0865238 180.013       0       0 -0.13     0 -1.03  0.583779 0.0403055 -0.198478  0.00248378  0.00802904 -0.00311678   -0.165498 -0.00940458  0.00620349  0.108735 0.0557578   9.80824 
             135.964 0.083426 0.208751   2.6178    1.35889  -0.653758 -0.0357416 180.013       0       0 -0.13     0 -1.03   0.711604 -0.0979398   -0.02834  0.00156225   0.0074614 -0.00345083   -0.168316 -0.00625925 -0.00316347  0.108257 0.0556267   9.80824 
             136.164 0.0732418  0.228713   2.75751     1.39884   -0.632575 -0.00467933 180.013       0       0 -0.13     0 -1.03  0.428854 0.0481471  0.103819 0.000367288   0.0047408 -0.00354476   -0.165533 -0.00761783 -0.00639978   0.10799 0.0554878   9.80825 
             136.364  0.10314 0.255519  2.86033     1.46385   -0.636027 -0.00876586 180.013       0       0 -0.13     0 -1.03  0.366082 0.0341519  0.143502 0.000588389  0.00418147 -0.00369197   -0.163654 -0.00628385 -0.00262854 0.108243 0.055397  9.80825 
             136.564 0.105165 0.305019    2.921    1.58599  -0.630045 -0.0116652 180.013       0       0 -0.13     0 -1.03  0.533562 0.0442095 -0.065199 0.000546136  0.00386854 -0.00381699    -0.169601  -0.00528579 -0.000760276  0.108434 0.0558099   9.80824 
             136.764 0.160683 0.302589  3.05797    1.70153  -0.643676 -0.0618618 180.013       0       0 -0.13     0 -1.03  0.615445 -0.129108   0.11995 0.000261184  0.00377437 -0.00392242   -0.170097 -0.00257406  0.00396501  0.108815 0.0559136   9.80824 
             136.964 0.141395  0.31873   3.0911    1.82222  -0.626308 -0.0191955 180.013       0       0 -0.13     0 -1.03  0.667653 0.0164395   0.30337 0.000840835  0.00381315 -0.00390062   -0.169998 -0.00748091  0.00257276  0.108392 0.0558969   9.80824 
             137.164 0.0475471  0.346309   3.28786   1.90253 -0.627411 0.0687726 180.013       0       0 -0.13     0 -1.03    0.581033 -0.00757051    0.386491 0.000717158  0.00320788 -0.00412898   -0.168315 -0.00761677  0.00181445  0.108345 0.0557446   9.80824 
             137.364 0.145391 0.363516  3.26878    1.95303  -0.627097 -0.0126384 180.013       0       0 -0.13     0 -1.03    0.403279 -0.00713191   -0.037384 0.000512781 0.000812785 -0.00411172   -0.161392 -0.00927109    0.014903   0.10872 0.0553482   9.80824 
             137.564 0.109332 0.338495  3.39149     2.0639  -0.623706 -0.0463406 180.013       0       0 -0.13     0 -1.03    0.475172 -0.00169919   -0.127605 0.000498158  0.00130485  -0.0043647   -0.164575 -0.00934599   0.0172105  0.108801 0.0556917   9.80824 
             137.764 0.139762 0.381636  3.58784    2.17082  -0.621908 -0.0428114 180.013       0       0 -0.13     0 -1.03  0.514254 0.0629031 -0.144327 0.000702854  0.00143259 -0.00459922   -0.166116 -0.00946807   0.0138152  0.108654 0.0557598   9.80824 
             137.964 0.0544058  0.466766    3.6915     2.30861   -0.604271 -0.00395042 180.013       0       0 -0.13     0 -1.03   0.624179  0.0742131 -0.0577905 0.000653255  0.00140812 -0.00460034   -0.169416 -0.00978418  0.00720333  0.108406 0.0559072   9.80824 
             138.164 0.110955 0.428805  3.76576    2.37297  -0.615959 -0.0303924 180.013       0       0 -0.13     0 -1.03   0.521101 -0.0249448  -0.169275  0.00072186    0.001228 -0.00460496   -0.167417 -0.00932113  0.00763478  0.108479 0.0556926   9.80824 
             138.364 0.0544751  0.441789   3.83673    2.47098  -0.608094 -0.0297094 180.013       0       0 -0.13     0 -1.03    0.555775 -0.00497614   -0.169577 3.27623e-05 0.000705639 -0.00468656  -0.166715 -0.0110154 0.00446393  0.108201 0.0555622   9.80825 
             138.564 0.116453 0.496997  4.07585   2.62146 -0.607954  -0.02718 180.013       0       0 -0.13     0 -1.03   0.679092 -0.0119108  -0.125793 0.000102245  0.00206115 -0.00498251  -0.169634 -0.0106593   0.001186  0.108136 0.0558715   9.80824 
             138.763 0.0996716  0.496953   4.25804    2.66637  -0.595321 -0.0172008 180.013       0       0 -0.13     0 -1.03   0.536151 -0.0293584  -0.123663 -0.000135392  0.000858369  -0.00506859   -0.161744  -0.0137857 -0.00167021  0.107757 0.0548276   9.80825 
             138.963 0.129413 0.465495  4.33767    2.75191  -0.602905 -0.0166733 180.013       0       0 -0.13     0 -1.03  0.524133 0.0129157   0.16208 -8.06815e-05  0.000883542  -0.00509804  -0.158536 -0.0141308  -0.004361 0.107686  0.05433  9.80826 
             139.163 0.0972412  0.522037   4.37951    2.8728  -0.58754 0.0252256 180.013       0       0 -0.13     0 -1.03  0.640953 0.0502126  0.306447 -0.000159557   0.00100679  -0.00521477    -0.15894  -0.0144549 -0.00459511  0.107628 0.0543786   9.80826 
             139.363 0.116525 0.527286  4.43188   2.94074 -0.583522 0.0172256 180.013       0       0 -0.13     0 -1.03     0.701 0.0173151 0.0875815 -3.19034e-05  -0.00163755  -0.00525857   -0.151872  -0.0156662 0.000505446  0.107687 0.0533935   9.80826 
             139.563  0.18274 0.782209  4.50873   3.08443 -0.595303  0.103967 180.013       0       0 -0.13     0 -1.03   0.815204 0.00442513   0.240312 0.000417002 -0.00182203 -0.00518263   -0.149783   -0.014136 -0.00648436  0.107829 0.0529961   9.80826 
             139.763 0.105134 0.532408  4.26676    2.98799   -0.53153 -0.0145814 180.013       0       0 -0.13     0 -1.03  0.156118  0.181188 -0.151549 -0.000471801  -0.00503737  -0.00490371   -0.12485 -0.0269721  0.0105803  0.106358 0.0490683    9.8083 
             139.963 0.0730229   0.48025   4.24421    2.87646  -0.584039 -0.0116973 180.013       0       0 -0.13     0 -1.03  -0.157582 -0.0186647 -0.0848678 -0.000662929  -0.00480701   -0.0048893  -0.107685  -0.021314 0.00743717  0.107644 0.0464655    9.8083 
             140.163 0.102721 0.556812  4.32416    2.89471  -0.603846 -0.0479579 180.013       0       0 -0.13     0 -1.03 -0.0253198 -0.0553579   -0.13759 -0.000541956  -0.00450696   -0.0048928  -0.109012 -0.0205359 0.00798681  0.107742 0.0466665    9.8083 
             140.564 0.108634 0.523475  4.28447    2.84315  -0.583821 -0.0417309 180.013       0       0 -0.13     0 -1.03 -0.0880599  0.0239925 -0.0432612 -0.00161574 -0.00550285 -0.00485183  -0.106556  -0.024036 0.00447192  0.107242 0.0462591    9.8083 
             140.963 0.121828 0.546637  4.30733    2.91462  -0.581915 -0.0162505 180.013       0       0 -0.13     0 -1.03  0.066638 0.0196084 0.0140881 -0.00156644  -0.0050822 -0.00478449   -0.11137 -0.0226486 0.00196708  0.107324 0.0469149    9.8083 
             141.163 0.107794 0.569393  4.30197     2.89329   -0.588871 -0.00206913 180.013       0       0 -0.13     0 -1.03  -0.0157021 -0.00515731   0.0424592 -0.00164639 -0.00466831 -0.00477123  -0.109772 -0.0225215 0.00141077  0.107359 0.0466937    9.8083 
             141.364 0.103026 0.555772  4.32227    2.87704  -0.585559 -0.0036358 180.013       0       0 -0.13     0 -1.03 -0.0436488 0.00983636  0.0181494 -0.00164091 -0.00463386 -0.00475643  -0.109445 -0.0226909 0.00152155  0.107343 0.0466508    9.8083 
             141.762 0.101787 0.566971   4.3015     2.8941  -0.583583 -0.0148427 180.013       0       0 -0.13     0 -1.03   0.022945  0.0123134 -0.0122942 -0.00170509 -0.00495325 -0.00471397   -0.11202  -0.021773 0.00258741  0.107443 0.0470112    9.8083 
             141.962 0.120155 0.568123  4.29855    2.89484  -0.585459 -0.0133207 180.013       0       0 -0.13     0 -1.03   0.0197566   0.0063187 -0.00488683 -0.00172232  -0.0048217 -0.00465596  -0.111634  -0.021575 0.00223172   0.10747 0.0469604    9.8083 
             142.164 0.0980519  0.562804   4.30267   2.89841 -0.587902 -0.015679 180.013       0       0 -0.13     0 -1.03    0.0233637 -0.000675635  -0.00779302 -0.00163122  -0.0047781 -0.00462276 -0.111528 -0.021368 0.0024059    0.1075 0.0469507    9.8083 
             142.363 0.0941516   0.55543   4.30312    2.89189  -0.584788 -0.0145478 180.013       0       0 -0.13     0 -1.03 -0.000487603    0.0103635  -0.00162583 -0.00154161 -0.00457859 -0.00458903   -0.10991 -0.0222649 0.00204811  0.107401 0.0467257    9.8083 
             142.762 0.0982595  0.555997   4.29673    2.89904  -0.584429 -0.0153527 180.013       0       0 -0.13     0 -1.03   0.0191039  0.00971265 -0.00211753 -0.00160206  -0.0046004 -0.00456337  -0.110242 -0.0217095 0.00205991  0.107469 0.0467764    9.8083 
             142.963 0.104146 0.560293  4.31901     2.89689   -0.587181 -0.00760502 180.013       0       0 -0.13     0 -1.03   0.011494 0.00230146  0.0125623 -0.00161125  -0.0044702 -0.00452844  -0.109773 -0.0215379 0.00137628  0.107488 0.0467135    9.8083 
             143.163 0.10723  0.5617 4.31394     2.89221   -0.590863 -0.00844436 180.013       0       0 -0.13     0 -1.03 -0.00130814 -0.00512928   0.0045993 -0.00155125 -0.00450723 -0.00448661   -0.10929 -0.0213773 0.00178741  0.107519 0.0466564    9.8083 
             143.362 0.0949206  0.561186   4.30196     2.89418   -0.586241 -0.00696616 180.013       0       0 -0.13     0 -1.03 0.00934502  0.0123053 0.00547658  -0.0014661 -0.00448137 -0.00444918  -0.109612 -0.0220993  0.0017115  0.107422 0.0466868    9.8083 
             143.562 0.0999358    0.5621   4.33973    2.89671  -0.585092 -0.0117704 180.013       0       0 -0.13     0 -1.03  0.0157897  0.0119429 -0.0095074 -0.00148567 -0.00445454 -0.00445204  -0.109572 -0.0218887 0.00238843  0.107458 0.0466895    9.8083 
             143.963 0.111515 0.557067  4.38519    2.89093  -0.597765 -0.0335528 180.013       0       0 -0.13     0 -1.03 -0.00561567  -0.0115718  -0.0489136 -0.00163594 -0.00430019 -0.00446126  -0.108447  -0.020722 0.00339677  0.107634 0.0465693    9.8083 
             144.162 0.115774 0.557682   4.3069     2.8865  -0.581484 -0.0054606 180.013       0       0 -0.13     0 -1.03 -0.00860028   0.0374528   0.0466062 -0.00153241 -0.00426549 -0.00443202  -0.108436 -0.0214352 0.00199928  0.107524 0.0465476    9.8083 
             144.362 0.105726 0.558947  4.30708    2.88905  -0.589603 -0.0073303 180.013       0       0 -0.13     0 -1.03  0.00778659 -0.00157957   0.0205995 -0.00180452 -0.00429648 -0.00441533  -0.108476 -0.0206005 0.00241271  0.107633 0.0465673    9.8083 
             144.563 0.110025 0.549811  4.30452   2.89176 -0.589331 -0.020252 180.013       0       0 -0.13     0 -1.03  0.0154016 0.00363039  -0.021266  -0.0017863 -0.00425579 -0.00438354  -0.108544 -0.0206426 0.00385742  0.107645 0.0465856    9.8083 
