            0.599954 -0.00190545  0.00296841 -0.00810259 -0.00121705   0.0046183  0.00013498 180.013       0       0 -0.13     0 -1.03  -0.0030989 0.000794588 0.000481732   0.0001368 -0.00019085 -0.00123483  3.72424e-08 -3.29902e-07 -3.74425e-09 0.0850377 0.0643866   9.80842  38524
            0.799973 -0.00264241  0.00491472   0.0124548  0.00457532  0.00737955 0.000277155 180.013       0       0 -0.13     0 -1.03   0.0276096    0.013298 0.000883091  0.000137182 -0.000195396  -0.00125137 -1.75316e-05 -7.67249e-06 -1.21003e-07 0.0850546 0.0643937   9.80842  38800
             1.00125 -0.00250188  0.00554472  0.00931381  0.00786144   0.0028808 0.000362416 180.013       0       0 -0.13     0 -1.03   0.0145561    -0.02816 0.000508951 -0.000149729 -0.000112272  -0.00124903  0.00367506   0.0127374 0.000274531 0.081508 0.052144  9.80852  39091
             1.20129 -0.00222708  0.00548295  -0.0139895  0.00653515 0.000262424 0.000499129 180.013       0       0 -0.13     0 -1.03  -0.0115646  -0.0124615 0.000690938 2.79709e-05 7.69251e-05 -0.00123732   0.0101661  0.00685194 0.000402796 0.0752679 0.0577945   9.80854  38772
             1.59999 -0.00316132  0.00486149  0.00892377  0.00357182  0.00728242 0.000243693 180.013       0       0 -0.13     0 -1.03 -0.00929032   0.0282296 -0.00106699   0.00054045 -7.13233e-05  -0.00127847 0.00765063 -0.0018416 0.00135153 0.0776952 0.0661431   9.80847  38760
             1.80133 -0.0032048 0.00556084  0.0218392 0.00612893 0.00633156 0.00023067 180.013       0       0 -0.13     0 -1.03   0.0149729  -0.0123648 0.000412504  0.000337782 -0.000215271  -0.00128537  0.00293094  0.00501221 0.000759216 0.0822143 0.0595637   9.80847  39050
             2.00136 -0.00279797  0.00552227 -0.00176932  0.00660168  0.00372699 0.000637019 180.013       0       0 -0.13     0 -1.03 0.000298103  -0.0139408  0.00213874  0.000335834 -0.000155217  -0.00126675  0.00539818  0.00498306 0.000273217  0.079846 0.0595859   9.80849  38839
             2.19998 -0.0027738 0.00540497 -0.0143673  0.00477585  0.00453415 0.000912132 180.013       0       0 -0.13     0 -1.03 -0.0120496 0.00637025 0.00126913  0.000435909 -0.000112736  -0.00126384  0.00717022 0.000739071 0.000577669 0.0781504 0.0636511   9.80848  38545
             2.40006 -0.00293329  0.00514784 -0.00209678    0.003995  0.00596465 0.000803875 180.013       0       0 -0.13     0 -1.03 -0.00507353  0.00662119 -0.00105166  0.000440421 -0.000163964  -0.00127643  0.00520462 0.000501168  0.00116418 0.0800352 0.0638812   9.80847  38918
             2.60134 -0.00340028  0.00595959  0.00883526  0.00787297  0.00776508 0.000743051 180.013       0       0 -0.13     0 -1.03   0.0208755  0.00840159 4.47054e-05  0.000448361 -0.000272995  -0.00128579 0.000545654 0.000106091 0.000895226 0.0844864 0.0642566   9.80843  39205
             2.80142 -0.00303997   0.0068595 -0.00571681  0.0106371 0.00352108 0.00101902 180.013       0       0 -0.13     0 -1.03  0.0130735 -0.0248753 0.00211286  0.000306535 -0.000247033  -0.00127573   0.0015622  0.00529799 0.000483457 0.0835152 0.0592967   9.80847  38853
             3.00002 -0.00253072  0.00533817  -0.0188658  0.00540136  0.00248772 0.000868432 180.013       0       0 -0.13     0 -1.03  -0.0309923 -0.00271207 -0.00175532  0.000396479 -8.33358e-05  -0.00126785  0.0082849 0.00146177 0.00141019 0.0771089 0.0629583   9.80849  38602
             3.20003   -0.003008  0.00546041 -0.00669001  0.00427701   0.0046031 0.000859243 180.013       0       0 -0.13     0 -1.03 -0.0047692  0.0114248 0.00044345  0.000443107 -0.000179154  -0.00127739   0.00408302 -0.000700997  0.000955701 0.0811109 0.0650133   9.80845  38871
             3.40144 -0.0035328 0.00589268  0.0118168  0.00664726  0.00715208 0.000993369 180.013       0       0 -0.13     0 -1.03   0.0110599   0.0120228 0.000524331  0.000447639 -0.000250181  -0.00129421   0.00145179 -0.000899134   0.00083139  0.083614 0.0652002   9.80843  39104
             3.60136 -0.00339849  0.00635325  0.00438236  0.00980471  0.00652358 0.000969269 180.013       0       0 -0.13     0 -1.03    0.0151575  -0.00457202 -0.000118939  0.000392596 -0.000268455  -0.00128916 0.000533981  0.00157485 0.000970376 0.0844898 0.0628503   9.80843  38790
             3.80007 -0.00356651  0.00645514   -0.015387 0.00961181 0.00669786 0.00125726 180.013       0       0 -0.13     0 -1.03 -0.00370483   0.0016971   0.0020883  0.000404266 -0.000233741  -0.00127813  0.00270457 0.000669664 0.000611687 0.0824245 0.0637051   9.80845  38563
             4.00014  -0.0037395  0.00549516 -0.00292129 0.00544926 0.00618019 0.00135733 180.013       0       0 -0.13     0 -1.03   -0.023105  -0.0031441 5.06427e-05  0.000391063 -0.000181048  -0.00129042  0.00461447  0.00111017 0.000953499 0.0806166 0.0632896   9.80846  38824
             4.20151 -0.00350227  0.00571186    0.005567 0.00749565 0.00757521 0.00113028 180.013       0       0 -0.13     0 -1.03  0.0098197 0.00660437 -0.0012258  0.000416516 -0.000275632  -0.00130294 -0.000154423 -0.000227004   0.00135851 0.0851357  0.064557   9.80842  39063
             4.40147 -0.00378763  0.00660012  0.00109762 0.00984924 0.00744553 0.00131301 180.013       0       0 -0.13     0 -1.03   0.0109456 -0.00164805  0.00133655  0.000400519 -0.000282851  -0.00130069 -0.000498995  0.000722769  0.000842356 0.0854578 0.0636555   9.80842  38828
             4.80015 -0.00342007  0.00643485  -0.0104067 0.00913779 0.00414384 0.00132936 180.013       0       0 -0.13     0 -1.03  -0.00686357   -0.0113854 -0.000203872  0.000340344 -0.000160796  -0.00129594 0.0008065 0.0013574 0.0011762  0.084229 0.0630577   9.80844  38835
             5.00153 -0.00376056  0.00613002  0.00708152 0.00828089 0.00725797 0.00131597 180.013       0       0 -0.13     0 -1.03  -0.00513226    0.0170927 -8.78561e-05  0.000432798 -0.000176887  -0.00131727 0.000557598  -0.0013919 0.000991236 0.0844625 0.0656459   9.80842  39137
             5.20148 -0.0038653 0.00625443 0.00370853 0.00892348 0.00796546 0.00113453 180.013       0       0 -0.13     0 -1.03  0.00298001  0.00238948 -0.00108326  0.000423667 -0.000183538  -0.00131703 -0.000550772  0.000287752   0.00115434 0.0855075 0.0640665   9.80842  38856
             5.40022  -0.0037317  0.00616699 -0.00518234 0.00845219 0.00752226 0.00104379 180.013       0       0 -0.13     0 -1.03  -0.00297103  -0.00319389 -0.000316176  0.000418863 -0.000181047  -0.00131231 1.15911e-05 0.000755897 0.000957101 0.0849777 0.0636245   9.80843  38637
             5.60022 -0.00383475  0.00601932 -0.00613552 0.00700821 0.00652663 0.00116867 180.013       0       0 -0.13     0 -1.03 -0.00772478 -0.00577788 0.000693178  0.000415828 -0.000181174  -0.00131424 0.000426113  0.00090843 0.000786632 0.0845873 0.0634801   9.80843  38904
             5.80155 -0.00390443  0.00609375  0.00685019 0.00760758 0.00704348 0.00106374 180.013       0       0 -0.13     0 -1.03  0.00337454  0.00297856 -0.00117666  0.000422973 -0.000192106  -0.00132293 -0.000598647  6.12732e-05  0.000962579 0.0855492 0.0642748   9.80842  39142
             6.00167 -0.00374563  0.00605138  0.00983899 0.00764924 0.00724155 0.00107598 180.013       0       0 -0.13     0 -1.03 -0.000519482  0.000507921 -8.55973e-06  0.000415366 -0.000186578  -0.00132775  -0.0003912 0.000179698 0.000720786 0.0853532 0.0641625   9.80842  38916
             6.20023 -0.00379743  0.00599475 -0.00709951 0.00768998 0.00640516   0.001275 180.013       0       0 -0.13     0 -1.03 -0.000101647  -0.00470472  0.000931099  0.000405046 -0.000188974  -0.00131511 -0.00049475 0.000620724  0.00048867 0.0854484 0.0637497   9.80842  38673
             6.40023 -0.00383586  0.00557644 -0.00135628 0.00612935 0.00764584  0.0012034 180.013       0       0 -0.13     0 -1.03  -0.00928459   0.00732219 -0.000951821  0.000414692 -0.000181847  -0.00132177  0.000173402 -0.000461861  0.000686299 0.0848269  0.064759   9.80842  38905
             6.60158 -0.00373645  0.00567189  0.00234968 0.00701282  0.0075949 0.00105274 180.013       0       0 -0.13     0 -1.03    0.0048197  -0.00153929 -0.000845172   0.00039666 -0.000209729  -0.00132766  -0.0010047  0.00018179 0.000689573 0.0859221 0.0641608   9.80841  39172
             6.80163 -0.00359778  0.00579438  0.00385151 0.00685297 0.00745414 0.00118558 180.013       0       0 -0.13     0 -1.03  -0.00172618 -0.000786147   0.00058174  0.000398062 -0.000200616   -0.0013313 -0.000616468  9.72535e-05  0.000478719 0.0855601 0.0642376   9.80842  38844
             7.00162 -0.00360483  0.00612557 -0.00103879 0.00827177 0.00588842 0.00130306 180.013       0       0 -0.13     0 -1.03  0.00693182 -0.00906802 0.000597878 0.000380956  -0.0002234 -0.00133122 -0.00133277 0.000642251 0.000496604 0.0862233 0.0637341   9.80841  38818
             7.20039 -0.00351061  0.00572206 -0.00652686  0.0072768 0.00560247  0.0010665 180.013       0       0 -0.13     0 -1.03  -0.00607642 -0.000664691  -0.00160198    0.0003885 -0.000209361  -0.00133063 -0.000365829  -7.1624e-05  0.000784451 0.0853326 0.0643946   9.80842  38594
             7.40163 -0.00351943  0.00529861  0.00267152  0.00521559   0.0061142 0.000983104 180.013       0       0 -0.13     0 -1.03   -0.0111395   0.00268763 -0.000144023  0.000392424 -0.000202898  -0.00133823 -0.000120395 -0.000317781  0.000624976 0.0851051 0.0646204   9.80842  39130
             7.60162 -0.00380856  0.00590887 -0.00289489 0.00808808 0.00741558 0.00111462 180.013       0       0 -0.13     0 -1.03   0.0145127  0.00582516 0.000805478  0.000397042 -0.000248116  -0.00133356  -0.00209578 -0.000592935  0.000496807 0.0869196 0.0648734    9.8084  38838
             7.80163 -0.00354808  0.00572797 -0.00376813 0.00732745 0.00682479 0.00109487 180.013       0       0 -0.13     0 -1.03  -0.0058574 -0.00427629 -0.00021175 0.000387366 -0.00022978 -0.00133461 -0.000872683 -2.49269e-05  0.000640326 0.0857994 0.0643523   9.80841  38858
             8.20164 -0.0036985 0.00543868 0.00339731 0.00566196 0.00696531 0.00115378 180.013       0       0 -0.13     0 -1.03  -0.00430883   0.00136542 -9.03142e-05  0.000413432 -0.000241922  -0.00134651  -0.00101711 -0.000384397  0.000635067 0.0859312 0.0646807   9.80841  39102
             8.40167 -0.00356845  0.00566824  0.00359447 0.00647168 0.00705383 0.00127547 180.013       0       0 -0.13     0 -1.03  0.00396864  0.00022115 0.000946036  0.000413235 -0.000243659   -0.0013499 -0.00153536 -0.00030733 0.000536881 0.0864026 0.0646101   9.80841  38831
             8.60171  -0.0037203  0.00581999 -0.00518965 0.00799453 0.00624823 0.00111394 180.013       0       0 -0.13     0 -1.03  0.00733533 -0.00485014 -0.00125854  0.000407704 -0.000245543  -0.00134498 -0.00180663 -1.2303e-05 0.000776715 0.0866518 0.0643436   9.80841  38856
             8.80164 -0.00349819   0.0058204  -0.0036366 0.00769456 0.00567543 0.00115266 180.013       0       0 -0.13     0 -1.03 -0.00352564 -0.00270724 0.000769609  0.000410574 -0.000234107  -0.00134682  -0.0013512 -0.00016528 0.000684782 0.0862378 0.0644814   9.80841  38843
             9.00173 -0.00347406  0.00557382 -0.00237849 0.00680511 0.00658268 0.00112588 180.013       0       0 -0.13     0 -1.03  -0.00498785   0.00489935 -0.000505361  0.000426744 -0.000231737  -0.00135001  -0.00131581 -0.000582782  0.000753616 0.0862065 0.0648588   9.80841  38852
             9.20168 -0.00362074  0.00588775 -0.00401836 0.00856969 0.00607395 0.00108945 180.013       0       0 -0.13     0 -1.03   0.0100761 -0.00448628 -0.00034484  0.000411815 -0.000256136  -0.00134992  -0.00212899 -0.000146586  0.000657318  0.086938 0.0644657    9.8084  38858
             9.40174 -0.00355225  0.00603225 -0.00518952 0.00920245 0.00679468   0.001201 180.013       0       0 -0.13     0 -1.03  0.00259275   0.0042414 0.000596962  0.000428961 -0.000240018  -0.00135077  -0.00173971 -0.000625897  0.000557316 0.0865876 0.0648949    9.8084  38890
              9.8017 -0.00357522  0.00620068 -0.00651018 0.00910028 0.00604243 0.00110893 180.013       0       0 -0.13     0 -1.03  -0.00147673  -0.00439565 -0.000548743  0.000375653 -0.000220209  -0.00135459 -0.00160942 -0.00030873 0.000660882 0.0864722 0.0646123   9.80841  38835
             10.0018 -0.00329274  0.00543173 -0.00168154 0.00631206  0.0041524  0.0011069 180.013       0       0 -0.13     0 -1.03   -0.0148936   -0.0094782 -2.28064e-05   0.00035925 -0.000189513  -0.00136172  -0.00101728 -6.13784e-05   0.00057723 0.0859444 0.0643917   9.80841  38889
             10.2018 -0.00345191  0.00572934  0.00173477 0.00770276 0.00594115 0.00120526 180.013       0       0 -0.13     0 -1.03 0.00713216 0.00986212 0.00049108  0.000369958 -0.000205358  -0.00136615 -0.00230143 -0.00120382  0.00049295  0.087085 0.0654068    9.8084  38863
             10.4017 -0.00346793   0.0054139 0.000902136  0.00657943  0.00558455 0.000984047 180.013       0       0 -0.13     0 -1.03   -0.006126 -0.00277381  -0.0015792  0.000351505 -0.000186929  -0.00136698  -0.00160197 -0.000545032  0.000645143  0.086467 0.0648235    9.8084  38889
             10.6018 -0.00342454  0.00570021  0.00286417 0.00706639 0.00541172 0.00125597 180.013       0       0 -0.13     0 -1.03   0.00287189 -0.000951418   0.00224705 0.000353371 -0.00020162 -0.00137085  -0.00205242 -0.000660837  0.000364313 0.0868622 0.0649245    9.8084  38854
             10.8018 -0.00355434  0.00547422 -0.00350546  0.0059109 0.00632988 0.00112208 180.013       0       0 -0.13     0 -1.03 -0.00654472  0.00519725 -0.00133372  0.000363476 -0.000185024  -0.00136986  -0.00162944 -0.000952601  0.000629165 0.0864922 0.0651824    9.8084  38900
             11.0019 -0.00356658  0.00570634 -0.00132025 0.00758034 0.00628861 0.00106681 180.013       0       0 -0.13     0 -1.03    0.0084572   -0.0012379 -0.000204266  0.000355043 -0.000204328  -0.00137132  -0.00248625 -0.000609266  0.000502724  0.087243 0.0648813    9.8084  38923
             11.2018 -0.00347378  0.00578909 -0.00632648 0.00798684 0.00572101 0.00121959 180.013       0       0 -0.13     0 -1.03  0.00148188 -0.00304789  0.00126274  0.000352412 -0.000200459  -0.00136913  -0.00212593 -0.000536513  0.000395625 0.0869268 0.0648167    9.8084  38846
             11.4018 -0.00333283  0.00576276 -0.00396698 0.00751417 0.00532469 0.00119772 180.013       0       0 -0.13     0 -1.03  -0.00293953  -0.00186545 -0.000388815  0.000352323 -0.000196626   -0.0013722  -0.00192586 -0.000602213   0.00058727 0.0867541 0.0648751    9.8084  38892
             11.6019 -0.00337164  0.00528955  0.00217744 0.00482402 0.00509418 0.00124338 180.013       0       0 -0.13     0 -1.03  -0.0145611 -0.00109881 0.000667143  0.000352887 -0.000188229  -0.00137801  -0.00138736 -0.000671982  0.000515905 0.0862851 0.0649351   9.80841  38860
             11.8019 -0.00375064  0.00583754 -0.00801338 0.00752663  0.0068201 0.00125697 180.013       0       0 -0.13     0 -1.03    0.0172966   0.00985643 -0.000158306  0.000363517 -0.000221975  -0.00137544 -0.00262353  -0.0011014 0.000569498 0.0873563 0.0653084   9.80839  38856
              12.002 -0.00355173  0.00548172  0.00592898 0.00608461 0.00668606   0.001232 180.013       0       0 -0.13     0 -1.03 -0.00731182 -0.00109438 0.000178625  0.000345133 -0.000182349  -0.00139142  -0.00155419 -0.000658463  0.000587038 0.0864352 0.0649262    9.8084  38841
             12.2006 -0.00349286  0.00578213  -0.0134724 0.00657832 0.00606341 0.00126714 180.013       0       0 -0.13     0 -1.03  0.00309396 -0.00383545 0.000280124  0.000341923 -0.000192504  -0.00138038  -0.00206808 -0.000539379  0.000547821 0.0868766  0.064824    9.8084  38587
              12.402 -0.00357335  0.00568607 -0.00232818 0.00672881 0.00586319 0.00131453 180.013       0       0 -0.13     0 -1.03 0.000502792 -0.00111751 0.000208274  0.000345493 -0.000189461  -0.00139274  -0.00195698 -0.000713999  0.000549364 0.0867813 0.0649735    9.8084  39082
              12.602 -0.00329422  0.00551742  0.00645394 0.00664948 0.00564526  0.0011804 180.013       0       0 -0.13     0 -1.03 -0.000596904  -0.00112411  -0.00110754  0.000345442 -0.000190388  -0.00139888  -0.00191111 -0.000718718  0.000609984 0.0867427 0.0649779    9.8084  38863
              12.802 -0.00345436   0.0056333 -0.00313063 0.00726515  0.0053651 0.00136506 180.013       0       0 -0.13     0 -1.03  0.00316285 -0.00159414  0.00122773  0.000345013 -0.000196131  -0.00139496   -0.0020811 -0.000697278  0.000494366 0.0868863 0.0649592    9.8084  38843
              13.002    -0.00343  0.00556897 -0.00252482 0.00672086 0.00639479  0.0013132 180.013       0       0 -0.13     0 -1.03  -0.00298135   0.00553271 -0.000752095  0.000356388 -0.000187557  -0.00139648  -0.0018219 -0.00103768 0.000591867 0.0866672 0.0652475    9.8084  38844
             13.2021 -0.00315895  0.00556407  0.00266551  0.0067449 0.00459467 0.00112441 180.013       0       0 -0.13     0 -1.03 0.000410598  -0.0103016 -0.00102437  0.000346937 -0.000189222   -0.0014037  -0.00200592 -0.000248843  0.000597076 0.0868232 0.0645817    9.8084  38834
             13.4033 -0.00308354  0.00552645  0.00396708 0.00639993 0.00407918 0.00123764 180.013       0       0 -0.13     0 -1.03 -0.00218804 -0.00218739   0.0006555  0.000349334 -0.000189076  -0.00140565  -0.00189776 -0.000683788  0.000393288   0.08673 0.0649465    9.8084  39136
             13.6033 -0.00361342  0.00567446 -0.00603067 0.00662784 0.00550383 0.00160056 180.013       0       0 -0.13     0 -1.03 0.000828738  0.00795166  0.00195203   0.00032425 -0.000182336  -0.00140068 -0.00208215  -0.0012047   0.0002595 0.0868831 0.0653834    9.8084  38821
             13.8022 -0.00352976  0.00566722  -0.0122386 0.00694929 0.00584333 0.00118115 180.013       0       0 -0.13     0 -1.03  0.00163067 0.000529602   -0.003705  0.000344228 -0.000178783  -0.00139801  -0.00212992 -0.000921562  0.000575753  0.086926 0.0651485    9.8084  38566
             14.0022 -0.00361383  0.00572475 -0.00564068 0.00822786 0.00582639  0.0011416 180.013       0       0 -0.13     0 -1.03   0.00646239 -0.000390096  0.000279659  0.000342039 -0.000178362  -0.00140526  -0.00232587 -0.000897199  0.000317761 0.0870868 0.0651266    9.8084  38893
             14.2022 -0.00348775  0.00562652 0.000845685 0.00691212 0.00508124 0.00116773 180.013       0       0 -0.13     0 -1.03 -0.00710961 -0.00355808 0.000332247  0.000338593 -0.000167016  -0.00141228  -0.00170582 -0.000741549  0.000377082 0.0865733 0.0649983    9.8084  38910
             14.4034 -0.00334836  0.00571959 -0.00329676 0.00841156 0.00518257 0.00101942 180.013       0       0 -0.13     0 -1.03   0.0078287  0.00016411 -0.00109592  0.000344435 -0.000186787  -0.00141104  -0.00237863 -0.000941365  0.000455136 0.0871297 0.0651642    9.8084  39179
             14.6023 -0.00349636  0.00591107  -0.0122404 0.00879231 0.00482616 0.00118661 180.013       0       0 -0.13     0 -1.03   0.0017587 -0.00178482  0.00151672  0.000344857 -0.000191662  -0.00140261  -0.00210375 -0.000864267  0.000276425 0.0869019 0.0650993    9.8084  38628
             14.8023 -0.00326805  0.00600219  -0.0115463  0.0102142  0.0055987 0.00101763 180.013       0       0 -0.13     0 -1.03  0.00709248  0.00419799 -0.00129093  0.000342688 -0.000191184   -0.0014033 -0.00233314 -0.00112428 0.000474728 0.0870917 0.0653139    9.8084  38911
             15.0022 -0.00342966  0.00616693  0.00115066  0.0099264 0.00603923 0.00118319 180.013       0       0 -0.13     0 -1.03 -0.00175272  0.00201139   0.0011274   0.0003395 -0.00017854 -0.00141527 -0.00198394 -0.00104101 0.000261116 0.0868047 0.0652449    9.8084  38920
             15.2034 -0.00361101  0.00632218 -0.00397016  0.0102983 0.00747151 0.00103251 180.013       0       0 -0.13     0 -1.03   0.00146419   0.00696868 -0.000863135  0.000343294 -0.000183564  -0.00141253 -0.00214716 -0.00130441 0.000449985 0.0869391 0.0654605    9.8084  39102
             15.4021 -0.00387342   0.0063743  -0.0169615  0.0103851 0.00724595 0.00131333 180.013       0       0 -0.13     0 -1.03 0.000430952 -0.00199732  0.00209114  0.000357294 -0.000185751  -0.00140529  -0.00212898 -0.000911633  0.000249451 0.0869231 0.0651403    9.8084  38589
             15.6021 -0.0036832 0.00641225  -0.011851   0.011278 0.00722727 0.00124088 180.013       0       0 -0.13     0 -1.03    0.0040142 -0.000311472 -0.000958706  0.000356081 -0.000184952  -0.00141053  -0.00232131 -0.000995274   0.00046045 0.0870804 0.0652093    9.8084  38837
             15.8021 -0.00349788   0.0061434  0.00223165 0.00986854 0.00655706  0.0011546 180.013       0       0 -0.13     0 -1.03  -0.00860831  -0.00374519 -0.000119244  0.000353462 -0.000172537  -0.00141883   -0.0019108 -0.000895661  0.000426962 0.0867496 0.0651294    9.8084  38855
             16.0034 -0.00355625   0.0065546  0.00289149  0.0112431 0.00601783 0.00138385 180.013       0       0 -0.13     0 -1.03  0.00641552 -0.00299344  0.00152716  0.000352689 -0.000207504  -0.00142043  -0.00249829 -0.000923455  0.000341505  0.087219 0.0651514    9.8084  39023
             16.2021 -0.00336976   0.0063889  -0.0165814  0.0102139 0.00497784 0.00135592 180.013       0       0 -0.13     0 -1.03  -0.00514296  -0.00521731 -0.000520565   0.00035287 -0.000223273   -0.0014064  -0.00197614 -0.000839262  0.000507317 0.0868033 0.0650842    9.8084  38550
             16.4022 -0.00323207  0.00589675 -0.00270959 0.00742795  0.0033709 0.00154332 180.013       0       0 -0.13     0 -1.03  -0.0145001 -0.00835175  0.00124196  0.000351301 -0.000224126  -0.00141562  -0.00164512 -0.000744808  0.000387205  0.086539 0.0650082    9.8084  38745
             16.6022 -0.00299948  0.00622188  0.00030769  0.0105916 0.00437291  0.0011285 180.013       0       0 -0.13     0 -1.03   0.0161497  0.00549048 -0.00309276  0.000380088 -0.000292024  -0.00141843 -0.00273735 -0.00124174 0.000610922 0.0874047 0.0654017   9.80839  38797
             16.8035 -0.00361571  0.00639096 -0.00436135  0.0106953   0.007275 0.00122616 180.013       0       0 -0.13     0 -1.03 -0.00128112   0.0163158  0.00120656   0.00040077 -0.000256283  -0.00141641 -0.00220446 -0.00156571 0.000381577 0.0869833 0.0656546   9.80839  39041
             17.0022 -0.00354414  0.00685318  -0.0136586  0.0118957 0.00491698 0.00138425 180.013       0       0 -0.13     0 -1.03  0.00659563  -0.0138826 0.000987087  0.000404051 -0.000254247     -0.00141   -0.0025332 -0.000421325  0.000395194 0.0872427 0.0647587    9.8084  38487
             17.2021 -0.00318395  0.00677668 -0.00777266  0.0125866 0.00450947 0.00117836 180.013       0       0 -0.13     0 -1.03   0.00296881 -0.000603597  -0.00171409 0.000406514 -0.00025435 -0.00141247  -0.00240778 -0.000869717  0.000537664  0.087146 0.0651093    9.8084  38768
             17.4022 -0.00361269  0.00663422 0.000469411  0.0114312 0.00561483 0.00133942 180.013       0       0 -0.13     0 -1.03 -0.00627037  0.00608834  0.00143293  0.000424508 -0.000230275  -0.00141893 -0.00211402 -0.00109461 0.000390067 0.0869176 0.0652828    9.8084  38821
             17.6035 -0.00391204  0.00627823 -0.00830106 0.00995539   0.006691 0.00143122 180.013       0       0 -0.13     0 -1.03 -0.00778848  0.00488347 0.000469983   0.00042107 -0.000226841  -0.00141544 -0.00209274 -0.00107915 0.000453217 0.0869017 0.0652713    9.8084  39070
             17.8022 -0.00380133  0.00622052 -0.00930648 0.00914269 0.00649668 0.00112423 180.013       0       0 -0.13     0 -1.03 -0.00382712 -0.00200178 -0.00200226  0.000427155 -0.000223086  -0.00141735  -0.00224416 -0.000844119  0.000599632 0.0870194 0.0650916    9.8084  38517
             18.0022 -0.0038133 0.00632061 -0.0149234 0.00936521 0.00597712 0.00155084 180.013       0       0 -0.13     0 -1.03 0.000919868 -0.00305811  0.00285592  0.000425134 -0.000219845  -0.00141512 -0.00242138  -0.0008264 0.000312854 0.0871526 0.0650763    9.8084  38759
             18.4036 -0.00355348  0.00620621 -0.00657823 0.00920127 0.00465801 0.00145948 180.013       0       0 -0.13     0 -1.03 -0.00105008 -0.00353416 -0.00124864  0.000419841 -0.000213265  -0.00142304  -0.00237957 -0.000815431   0.00055837 0.0871229 0.0650695    9.8084  38835
             18.6023 -0.00386452  0.00626409  -0.0205522  0.0090614 0.00603522 0.00165658 180.013       0       0 -0.13     0 -1.03 -0.000950146   0.00742282    0.0014528  0.000456918 -0.000215282  -0.00141378 -0.00238223 -0.00112929 0.000368189 0.0871237 0.0653045    9.8084  38321
             19.2036 -0.00348917  0.00535843 -0.00821756 0.00696492   0.005889 0.00123668 180.013       0       0 -0.13     0 -1.03  -0.00458073  -0.00469129 -0.000951902  0.000359205 -0.000186967  -0.00142184 -0.00233892 -0.00100015 0.000481058 0.0870925 0.0652105    9.8084  38698
             19.6023 -0.00415295  0.00622065  -0.0172153 0.00930651 0.00741687 0.00156907 180.013       0       0 -0.13     0 -1.03 0.00822786 0.00607144 0.00112067  0.000432276 -0.000286746  -0.00141969  -0.0025463 -0.00116369    0.000367 0.0872426 0.0653284   9.80839  38748
             19.8036 -0.00356947  0.00590237  0.00115439 0.00742854 0.00654083 0.00143623 180.013       0       0 -0.13     0 -1.03  -0.0114977 -0.00595793 -0.00143505  0.000390348 -0.000219864  -0.00142868  -0.00206171 -0.000873511  0.000490645 0.0868881  0.065117    9.8084  39008
             20.0037 -0.00363103  0.00534041  0.00140973 0.00574479  0.0068244 0.00131687 180.013       0       0 -0.13     0 -1.03  -0.00868945   0.00145585 -0.000548909  0.000391625 -0.000222179  -0.00143422 -0.00215164 -0.00112766 0.000433877 0.0869535 0.0653021    9.8084  38724
             20.2023 -0.00336861  0.00583182 -0.00950029  0.0079355  0.0048399 0.00123686 180.013       0       0 -0.13     0 -1.03   0.0103093   -0.010575 -0.00037999  0.000412384 -0.000189607  -0.00142585 -0.00302186 -0.00056036 0.000416637 0.0875881 0.0648901   9.80839  38492
             20.4023 -0.00335162   0.0053609 -0.00259776 0.00669773 0.00589298 0.00126139 180.013       0       0 -0.13     0 -1.03 -0.00657223  0.00636762 0.000328477  0.000398355 -0.000202417  -0.00143269 -0.00232881  -0.0012745 0.000390225 0.0870844 0.0654074    9.8084  38495
             20.6024 -0.00331851  0.00500229  0.00712847 0.00409663 0.00470187 0.00138047 180.013       0       0 -0.13     0 -1.03  -0.0128177 -0.00651366  0.00044497  0.000384423 -0.000200307  -0.00143991  -0.00211783 -0.000789799  0.000341357 0.0869316 0.0650574    9.8084  38011
             20.8037 -0.00331544  0.00514351  0.00755126 0.00539706 0.00525667 0.00130008 180.013       0       0 -0.13     0 -1.03   0.00734325     0.003203 -0.000655364   0.00039657 -0.000226065  -0.00144005 -0.00273434 -0.00109246 0.000377643 0.0873741  0.065276   9.80839  37458
             21.0024 -0.00306363  0.00496043 -0.00311086 0.00323152  0.0039957  0.0012527 180.013       0       0 -0.13     0 -1.03  -0.0102346  -0.0063781 3.60823e-05  0.000376609 -0.000188632  -0.00143411  -0.00218466 -0.000800643   0.00036203 0.0869829 0.0650662    9.8084  36520
             21.2024 -0.00309274   0.0051435 -0.00441587 0.00431667 0.00347184 0.00142476 180.013       0       0 -0.13     0 -1.03  0.00570818 -0.00269029 0.000971301  0.000380677 -0.000215093  -0.00143351  -0.00270254 -0.000915763  0.000311178 0.0873501 0.0651489   9.80839  35983
             21.6038 -0.00292449  0.00442498  0.00586793 0.00194516 0.00354552 0.00128364 180.013       0       0 -0.13     0 -1.03  -0.00956112   0.00131358 -0.000673849  0.000378826 -0.000195888  -0.00144416 -0.00226356 -0.00103188 0.000404905 0.0870408 0.0652312    9.8084  35120
             21.8024 -0.00296029  0.00463479  0.00948242 0.00194688 0.00393865 0.00119965 180.013       0       0 -0.13     0 -1.03  -0.00322122   0.00134712 -0.000983014  0.000378073 -0.000189543  -0.00144484 -0.00250404 -0.00104075 0.000386367 0.0872097 0.0652377    9.8084  34259
             22.0025 -0.00321908  0.00544146   0.0767268   0.0048003  0.00640539 0.000829634 180.013       0       0 -0.13     0 -1.03  -0.0377731  0.00888854 -0.00162593  0.000342998 -0.000249226  -0.00163772 -0.00377057 -0.00133977  0.00023591  0.088091 0.0654482   9.80839  33757
             22.2038 -0.00433579   0.0108426    0.173557  0.0249145 0.00400445 0.00055088 180.013       0       0 -0.13     0 -1.03  0.0485182 -0.0179142 0.00889342 0.000404242 7.57453e-06 -0.00172451   -0.0114052  -0.00014538 -0.000243383 0.0934061 0.0646301   9.80834  33170
             22.4038 -0.00422367   0.0168816    0.300668   0.0628133 -0.00628097 0.000271714 180.013       0       0 -0.13     0 -1.03    0.205809  -0.0634242 -0.00531673  0.000321854 -4.64983e-05  -0.00185915 -0.0163038 0.00115158 9.2475e-05 0.0968277 0.0638152   9.80831  32799
             22.6025 -0.00342689   0.0197049    0.147979   0.0803091 -0.00959346 0.000607037 180.013       0       0 -0.13     0 -1.03     0.127262 -0.000670101  -0.00715211 0.000412084 0.000269681 -0.00165152    -0.011885 -0.000372326 -0.000292715 0.0937223 0.0646676   9.80834  32301
             22.8024 -0.00452182   0.0216345  -0.0103951    0.0868959 -0.000200042 -1.04239e-05 180.013       0       0 -0.13     0 -1.03   0.0490471   0.0604511 -0.00349656 0.000491155 0.000373952 -0.00161342  -0.00897719  -0.00188692 -0.000589359   0.09164 0.0655246   9.80835  32339
             23.0038 -0.00367225   0.0228312    0.366035    0.0983674  -0.00639313 -9.39973e-05 180.013       0       0 -0.13     0 -1.03   0.0256849  -0.0290996 -0.00591165 0.000262448 0.000370658 -0.00203194 -0.00930163 0.000858195 -0.00115432 0.0918874 0.0636566   9.80836  32807
             23.4025 -0.0032861   0.037458   0.473053     0.180727   -0.0344863 -0.000558688 180.013       0       0 -0.13     0 -1.03   0.276663 -0.0918694 -0.0135521  1.83432e-05 -0.000634413  -0.00203892 -0.0171459 0.00231177 -0.0014784 0.0972132 0.0628867   9.80832  33178
             23.6025 -0.00230385   0.0440188     0.56487   0.218182 -0.0449771 0.00113255 180.013       0       0 -0.13     0 -1.03   0.220722 -0.0542633 0.00266973  6.74123e-05 -0.000410977  -0.00210887 -0.0143103 0.00115917 -0.0025148 0.0952103 0.0633777   9.80833  34082
             23.8039 -0.00399885   0.0414523    0.254204     0.207848   -0.0291029 -5.38612e-05 180.013       0       0 -0.13     0 -1.03   -0.103752    0.115925 -0.00383356  0.000248615 -0.000106263  -0.00198615  -0.0078018 -0.00255737 -0.00146984 0.0905522  0.065205   9.80837  35160
             24.0038 -0.00572656   0.0446367    0.420938     0.231222   -0.0140672 -0.000388766 180.013       0       0 -0.13     0 -1.03 0.0836698 0.0608043 -0.013091  0.000155714 -0.000563017  -0.00210096  -0.0127264 -0.00123784 -0.00197393 0.0938869 0.0647762   9.80834  36106
             24.4039 -0.00850455   0.0662117    0.468283    0.339857  -0.0200727 0.000177096 180.013       0       0 -0.13     0 -1.03    0.309194  -0.0446901 -0.00203636 -0.000392569  -0.00192167   -0.0021452  -0.0182241  0.00134671 -0.00476275 0.0976262 0.0634465   9.80831  38699
             24.6026 -0.00954576   0.0752523    0.596637     0.381194   -0.0158031 -3.05712e-05 180.013       0       0 -0.13     0 -1.03  0.181556 0.0274931 0.0158011 -0.000152522  -0.00170514  -0.00228915   -0.0165389 -0.000592763  -0.00571189  0.096377 0.0645183   9.80831  38657
             24.8039 -0.0112351  0.0855241   0.756505    0.436733 -0.00937976 0.000234093 180.013       0       0 -0.13     0 -1.03   0.274374  0.0284424 -0.0119925 -0.000134542  -0.00189125  -0.00238366   -0.0192238 -0.000454474  -0.00396905 0.0981388 0.0646704    9.8083  39222
              25.004 -0.0109618  0.0964461   0.905889      0.50901   -0.0184653 -0.000599915 180.013       0       0 -0.13     0 -1.03   0.362732 -0.0608426  0.0198685 -0.000406197  -0.00209071  -0.00260319  -0.0211923   0.0016772 -0.00321981 0.0996297  0.063554   9.80829  38951
             25.2026 -0.00988191    0.104726    0.931722    0.549397  -0.0219115 0.000381438 180.013       0       0 -0.13     0 -1.03  0.195516 -0.011386 0.0322637 -0.000386845  -0.00172161  -0.00264202   -0.0161968 -0.000630043  0.000829408 0.0962092 0.0642265   9.80832  38805
             25.4026 -0.0144794   0.112929   0.985705    0.604618  -0.0148685 1.08632e-05 180.013       0       0 -0.13     0 -1.03  0.279368 0.0408984 -0.017401 -0.000314985  -0.00177698  -0.00268487  -0.0186587 -0.00186706  0.00154113 0.0975106 0.0654099    9.8083  38939
              25.604 -0.0144362   0.127041    1.09935      0.68138   -0.0215566 -2.42073e-05 180.013       0       0 -0.13     0 -1.03   0.376881 -0.0348728  0.0153818 -0.00064159 -0.00199612 -0.00277369   -0.0213833  0.000854893 -0.000479186 0.0996802 0.0642621   9.80828  39061
              25.804 -0.0166334   0.139881    1.01486     0.736499   -0.0168331 -0.000413326 180.013       0       0 -0.13     0 -1.03   0.227553  0.0363953 -0.0346228 -0.000492417   -0.0019213  -0.00274504  -0.0193869 -0.00160934 -0.00237091 0.0979956 0.0653831   9.80829  38811
             26.0026 -0.0184787   0.148815    1.08517    0.783037 -0.00911756 0.000352286 180.013       0       0 -0.13     0 -1.03   0.213855   0.032399 -0.0165539 -0.000483145  -0.00201327  -0.00284354  -0.0200579 -0.00161892 -0.00149078 0.0983819  0.065569   9.80829  38605
             26.2027 -0.0178992   0.162893    1.25287    0.866922 -0.00464997 3.72413e-05 180.013       0       0 -0.13     0 -1.03  0.432262 0.0122958 0.0352842 -0.000468559  -0.00234491  -0.00297356   -0.0260014 -0.000924981   0.00194087  0.102012 0.0662805   9.80825  38797
              26.404 -0.0187537   0.182179    1.49863     0.958949   -0.0155601 -0.000225209 180.013       0       0 -0.13     0 -1.03   0.489394 -0.0694109 -0.0415846 -0.000606485  -0.00228076  -0.00307441  -0.0255771 0.000494607 0.000543458  0.102082 0.0653634   9.80825  38947
             26.6039 -0.0199427   0.190912    1.54046     1.01779  -0.0210812 -0.00033188 180.013       0       0 -0.13     0 -1.03    0.268997 -0.00590346  -0.0181538 -0.000536415  -0.00181652  -0.00309272   -0.0212494 -0.000960991  -0.00407807 0.0993618 0.0650756   9.80828  38779
             26.8027 -0.0198605   0.202771    1.63007    1.09538 -0.0277918 0.00147307 180.013       0       0 -0.13     0 -1.03   0.412845 -0.0423361  0.0687085 -0.000649571  -0.00195332  -0.00311893  -0.0238081 0.000583274 -0.00229162  0.101185 0.0649115   9.80826  38610
             27.0027 -0.0248993   0.221229    1.61366     1.1826 -0.0301797 0.00161662 180.013       0       0 -0.13     0 -1.03   0.421252 -0.0262774   0.006457 -0.000585989  -0.00188854  -0.00310321   -0.0245327  0.000204034 -0.000820579  0.101448 0.0652855   9.80826  38719
             27.2041 -0.0251427   0.235675    1.64073     1.27065  -0.0175099 0.000933041 180.013       0       0 -0.13     0 -1.03  0.429746 0.0673517  0.013329 -0.000302604  -0.00185229  -0.00314822  -0.0251078 -0.00290429 -0.00276497  0.100902 0.0670885   9.80825  38972
              27.404 -0.0285846   0.254078    1.79491    1.36466 -0.0138045 0.00164867 180.013       0       0 -0.13     0 -1.03   0.463934 0.00172533 -0.0118011 -0.000497558  -0.00196015  -0.00327015  -0.0255351 -0.00170306  -0.0071759  0.101588 0.0665501   9.80825  38835
             27.6027 -0.0284538   0.268672    1.95278    1.44574  -0.028345 0.00173594 180.013       0       0 -0.13     0 -1.03    0.41017 -0.0711699  0.0224013 -0.000751556  -0.00173214  -0.00335522   -0.0231887 -0.000230142   -0.0035766  0.100764 0.0650264   9.80827  38607
             28.0041 -0.0397589    0.29826     2.2189    1.63221 -0.0244446 0.00173443 180.013       0       0 -0.13     0 -1.03   0.464989  0.0427617 0.00916969 -0.000169332  -0.00224336  -0.00359778   -0.0249571  -0.00160931 -0.000358173  0.101111 0.0661498   9.80826  38723
             28.4041 -0.0427958   0.340841    2.39778     1.84049   -0.033504 0.000669774 180.013       0       0 -0.13     0 -1.03   0.527304 -0.0419549  0.0155327 -0.000939212  -0.00280018  -0.00374894   -0.0255695 -0.000166364  0.000419597   0.10186 0.0656649   9.80825  38970
             28.6028 -0.0482199   0.353316    2.47444    1.91194 -0.0320893 0.00348503 180.013       0       0 -0.13     0 -1.03   0.344139  0.0351341 0.00908573 -0.000675421  -0.00173274  -0.00383951  -0.0217548 -0.00263001 -0.00242133 0.0992968 0.0652817   9.80828  38768
             28.8041 -0.0524663   0.370927    2.65703    2.01793 -0.0263602 0.00434057 180.013       0       0 -0.13     0 -1.03   0.589085 0.00465819 -0.0310214 -0.000720117  -0.00173257  -0.00395762  -0.0251046 -0.00137202 -0.00281926  0.101317 0.0660255   9.80825  39171
             29.2042 -0.048772  0.393371   2.76484    2.23206 -0.0319998 0.00342203 180.013       0       0 -0.13     0 -1.03   0.525313 -0.0151208  0.0026453 -0.000958731  -0.00107092  -0.00402096   -0.0227965 -0.000759847  -0.00353079  0.100668 0.0648138   9.80827  38566
             29.4028 -0.0528998   0.413172    2.88176    2.32815 -0.0268274 0.00390535 180.013       0       0 -0.13     0 -1.03   0.460932  0.0128401 0.00694574 -0.000778162 -0.000923019  -0.00415384  -0.0229998 -0.00228791  0.00074953 0.0998681 0.0654715   9.80827  38542
             29.6042 -0.05527  0.42929  3.14387    2.42201  -0.024214 0.00620853 180.013       0       0 -0.13     0 -1.03   0.446852 0.00315373  0.0363317 -0.000721505 -0.000955669  -0.00440115  -0.0238996 -0.00218421  0.00354861   0.10013 0.0657162   9.80827  39316
             29.8042 -0.0564614   0.445462    3.16275    2.52525 -0.0260917 0.00417628 180.013       0       0 -0.13     0 -1.03   0.591094 0.00258403 -0.0837503 -0.000863621 -0.000855249  -0.00438089   -0.0236389 -0.000834884  0.000103746 0.100796 0.065155  9.80827  38789
             30.0029 -0.057808  0.460396   3.24359   2.61511 -0.029943 0.0044855 180.013       0       0 -0.13     0 -1.03    0.46627 -0.0217455  0.0206716 -0.000839264 -0.000573203  -0.00438172  -0.0200698 -0.00230835 -0.00251834 0.0989847 0.0640572   9.80829  38618
             30.2029 -0.0575686   0.465199    3.19952    2.65644 -0.0275699 0.00431038 180.013       0       0 -0.13     0 -1.03  0.142275 0.0369341 -0.016384 -0.000657137 -0.000112057  -0.00440429  -0.0136885 -0.00549725  0.00051082 0.0950974 0.0620964   9.80834  39095
             30.4043 -0.0653156   0.477004    3.22193    2.73399 -0.0155171 0.00166529 180.013       0       0 -0.13     0 -1.03    0.403859   0.0457752 -0.00391033 -0.000584941 -0.000658019  -0.00448546   -0.0190409  -0.00415952 -0.000413829 0.0976468 0.0641066    9.8083  39238
             30.6043 -0.0650417   0.488418    3.51113     2.80739 -0.00893998  0.00390919 180.013       0       0 -0.13     0 -1.03   0.394162  0.0445257 0.00763259 -0.000670446 -0.000635584  -0.00466054  -0.0177755 -0.00410715 -0.00336017 0.0973016 0.0635487   9.80831  38971
             31.0029 -0.0663026   0.509664    3.31976     2.98748 -0.00224757  0.00310195 180.013       0       0 -0.13     0 -1.03   0.559429  0.0152945 -0.0175965 -0.000707215   0.00110755  -0.00449602  -0.0137676 -0.00495677 -0.00416811 0.0957318 0.0617804   9.80834  39134
             31.2042 -0.0721916   0.509417    3.34329    2.89508 -0.0230168  0.0049957 180.013       0       0 -0.13     0 -1.03 -0.672392 -0.105718 0.0271112 -0.000979586   0.00979574  -0.00453455  0.00816691  -0.0126885 -0.00607448 0.0860711 0.0522744   9.80848  39522
             31.4042 -0.0664832   0.499619    3.31777    2.86928 -0.0262286 0.00346028 180.013       0       0 -0.13     0 -1.03  -0.115624 -0.0215705 -0.0160349 -0.000843142   0.00871486  -0.00453422 -0.00558828  -0.0095218 -0.00505769 0.0921807   0.05745    9.8084  39292
             31.6042 -0.0660011   0.498781    3.29952     2.8679 -0.0181318  0.0037278 180.013       0       0 -0.13     0 -1.03 0.00928394  0.0545785 0.00772151 -0.000754427   0.00847146  -0.00452481 -0.00886078 -0.00995284 -0.00585254  0.093131 0.0590986   9.80838  39246
             31.8043 -0.0656513   0.503813    3.31805    2.87742 -0.0151111 0.00375205 180.013       0       0 -0.13     0 -1.03   0.0577764 -0.00286655 -0.00308103 -0.000797267   0.00841588  -0.00452251 -0.00940889 -0.00884496 -0.00563535 0.0938045 0.0589734   9.80837  39192
             32.0043 -0.0649643   0.504192    3.35119     2.8858 -0.0221817 0.00358798 180.013       0       0 -0.13     0 -1.03  0.0430314 -0.0071604 0.00108862 -0.00084949  0.00838985 -0.00454145 -0.00874704 -0.00818792 -0.00563316 0.0938725 0.0584668   9.80838  39191
             32.2057 -0.0697197   0.507254    3.43224    2.88165 -0.0126779 0.00577983 180.013       0       0 -0.13     0 -1.03 -0.0626489   0.102074  0.0132226 -0.000739748   0.00840144  -0.00474341 -0.00811892 -0.00951165 -0.00621503 0.0931045 0.0586427   9.80838  39415
             32.4044 -0.0674987   0.497134    3.57069    2.85492  0.0170372 0.00413526 180.013       0       0 -0.13     0 -1.03  -0.176122   0.190053 -0.0148096 -0.000695398   0.00855257  -0.00473062 -0.00725619  -0.0108021 -0.00623157 0.0922651 0.0586892   9.80839  38999
             32.8044 -0.0788427    0.50514    3.40912    2.88606  0.0986962 0.00465583 180.013       0       0 -0.13     0 -1.03   0.16969   0.21171 0.0276826 -0.000896196   0.00648923  -0.00451068  -0.0130236 -0.00791848 -0.00556007 0.0952252 0.0605719   9.80835  39318
             33.0045 -0.0826683   0.504262    3.48039    2.87999   0.135589 0.00450453 180.013       0       0 -0.13     0 -1.03 -0.0728985   0.208809 -0.0127582 -0.00111804  0.00733145 -0.00446811 -0.00897379 -0.00851547 -0.00899796 0.0939147 0.0588875   9.80837  39012
             33.2044 -0.0897922   0.507263    3.24568     2.8717   0.176484 0.00454268 180.013       0       0 -0.13     0 -1.03 -0.0645972   0.199618 -0.0217433 -0.000942423   0.00710031  -0.00427973  -0.010411 -0.0075446 -0.0122384 0.0948445 0.0593046   9.80836  39243
             33.4044 -0.0985449    0.50825    3.23524     2.8747   0.223539 0.00431604 180.013       0       0 -0.13     0 -1.03 0.00443006   0.221474  -0.014134 -0.000785823   0.00674668   -0.0043293  -0.0134981 -0.00751071  -0.0115646 0.0957813 0.0606424   9.80834  39103
             33.6045 -0.103674  0.506826   3.41215    2.86694   0.267947 0.00595743 180.013       0       0 -0.13     0 -1.03 -0.0378689    0.22068 0.00776821 -0.000750707   0.00681374  -0.00434556  -0.0122341 -0.00824293 -0.00729888  0.094958 0.0602805   9.80836  39042
             33.8045 -0.107528  0.511855   3.26665    2.87399   0.316208 0.00510405 180.013       0       0 -0.13     0 -1.03  0.063408  0.246438 0.0332952 -0.000694855   0.00665761  -0.00429421  -0.0141733 -0.00851439 -0.00356392 0.0953626   0.06106   9.80835  39042
              34.203 -0.116521  0.518196   3.30534    2.88896   0.389018 0.00517784 180.013       0       0 -0.13     0 -1.03  0.0225503   0.120687 -0.0607432 -0.000882152   0.00697577  -0.00435308   -0.013051 -0.00704455 -0.00150812  0.095501 0.0601262   9.80835  38431
             34.4031 -0.121224  0.516171   3.41042    2.88271   0.436441 0.00491902 180.013       0       0 -0.13     0 -1.03 -0.042081  0.238652 0.0106897 -0.000284501   0.00699729  -0.00442862 -0.0129739 -0.0113597 -0.0133201 0.0943788  0.061508   9.80835  38879
             34.6046 -0.121859  0.518195   3.46656    2.89518   0.469316 0.00713875 180.013       0       0 -0.13     0 -1.03  0.0734082   0.147397 -0.0311082 -0.000513668   0.00678498  -0.00442486  -0.0149455 -0.00847141  -0.0130399 0.0961526 0.0613901   9.80834  39055
             35.0047 -0.134134   0.51519   3.23423    2.88382   0.557849 0.00641745 180.013       0       0 -0.13     0 -1.03 -0.0899892   0.263888  0.0602364 3.03837e-05  0.00720225 -0.00422164  -0.0141727  -0.0101957 -0.00833363 0.0950485 0.0613829   9.80835  38760
             35.2032 -0.137987  0.511283    3.1305   2.87476  0.600666 0.0066387 180.013       0       0 -0.13     0 -1.03 -0.0355547   0.214849  0.0106475 -0.000971978   0.00688052  -0.00407561  -0.0143806 -0.00820082 -0.00418907 0.0959465 0.0607789   9.80834  38448
             35.4058 -0.145181    0.5153   2.97877     2.8881   0.649034 0.00479455 180.013       0       0 -0.13     0 -1.03 0.0626782  0.244144 0.0218976 -0.000953432   0.00654093  -0.00383621   -0.0172657  -0.00775987 -0.000927563 0.0968696  0.061528   9.80833  39293
             35.6047 -0.150752  0.524645   3.12465    2.90558   0.685195 0.00469255 180.013       0       0 -0.13     0 -1.03  0.0533461   0.162459 -0.0595284 -0.000812919    0.0064453  -0.00396357  -0.0185942 -0.00423251 -0.00348173 0.0986144 0.0609155   9.80832  38551
             35.8032 -0.158804  0.517623    2.9849    2.87501    0.73158 0.00569514 180.013       0       0 -0.13     0 -1.03 -0.211238  0.263362 0.0433259 -0.000772966   0.00638976  -0.00390388   -0.015016 -0.00743786 -0.00352569 0.0963426 0.0607968   9.80834  38454
             36.0032 -0.16223 0.520772  3.10406    2.87712   0.787806 0.00615351 180.013       0       0 -0.13     0 -1.03 0.000658707    0.287532   0.0132704 -0.000790447   0.00573217  -0.00413042  -0.0205734 -0.00588503 0.000893542 0.0984976 0.0620892   9.80831  38786
             36.2048 -0.171678  0.522838   3.19179    2.88051   0.852839 0.00627279 180.013       0       0 -0.13     0 -1.03   0.0205241    0.316262 -0.00288037 -0.000765581   0.00575799  -0.00416699  -0.0222889 -0.00677231  0.00462894 0.0986379 0.0628144    9.8083  39006
             36.4045 -0.179505  0.529549     3.193    2.89701   0.914131 0.00623071 180.013       0       0 -0.13     0 -1.03 0.0720248  0.308154 0.0120191 -0.000991408   0.00540076  -0.00418148  -0.0242282 -0.00564032  0.00143796 0.0997779 0.0633298   9.80829  38714
             36.6032 -0.185351  0.529939   3.07799    2.89247   0.979751 0.00607338 180.013       0       0 -0.13     0 -1.03 -0.0479239   0.265899 -0.0334899 -0.000611938   0.00531837  -0.00404336  -0.0229875 -0.00820589  0.00438741 0.0984644 0.0635904    9.8083  38357
             36.8032 -0.191003  0.531884   2.99974    2.88456     1.0254 0.00563412 180.013       0       0 -0.13     0 -1.03 -0.0622387   0.192115  0.0822014 -0.000639468    0.0051731  -0.00398347  -0.0238513 -0.00778299  0.00479459 0.0988764   0.06377   9.80829  38442
             37.0045 -0.200848   0.53698   2.78662    2.88704    1.08421 0.00668175 180.013       0       0 -0.13     0 -1.03  0.0200805   0.266715 0.00313357 -0.000776336   0.00512866  -0.00373604 -0.0258085 -0.0098038  0.0082551 0.0987022   0.06487   9.80829  38653
             37.2046 -0.207706  0.542204   2.88884    2.90823    1.13536 0.00597076 180.013       0       0 -0.13     0 -1.03  0.105566   0.26531 -0.041398 -0.00100203  0.00481763 -0.00380229  -0.0289349 -0.00787652  0.00283961 0.100447 0.065418  9.80827  38294
             37.4032 -0.214712  0.547638   2.87153    2.90104    1.19772 0.00476474 180.013       0       0 -0.13     0 -1.03 -0.0561377   0.299269 -0.0587258    -0.00047  0.00539177 -0.00379362 -0.0256657 -0.0117075 0.00205739 0.0982927 0.0657397   9.80829  37942
             37.6033 -0.218785  0.540614    2.8949    2.89946    1.25437 0.00841252 180.013       0       0 -0.13     0 -1.03 -0.0279005   0.269177  0.0938332 -0.000687202   0.00523899   -0.0037538 -0.0276096 -0.0111714 0.00155988 0.0991044 0.0661821   9.80828  38065
             37.8059 -0.228358  0.552206   2.97109    2.92137    1.30976 0.00911498 180.013       0       0 -0.13     0 -1.03   0.168938   0.284897 -0.0716158 -0.000739779   0.00503224  -0.00381088 -0.0298669 -0.0100923 0.00425522  0.100039 0.0663304   9.80827  38220
              38.006 -0.237969  0.557094   2.96271    2.92069    1.37278 0.00947732 180.013       0       0 -0.13     0 -1.03 0.0112029  0.308803 0.0492216  -0.0005998  0.00512386 -0.00366235 -0.0257883 -0.0137591 0.00215294 0.0977582 0.0663225   9.80829  37484
             38.2046 -0.249711   0.56401   2.80511    2.9253   1.43003 0.0100718 180.013       0       0 -0.13     0 -1.03  0.0037818   0.279071 -0.0161157 -0.000638035    0.0049758   -0.0035513  -0.028022 -0.0131661 0.00284444 0.0986029 0.0668218   9.80828  37035
             38.4046 -0.257662  0.566622   2.71159   2.91535   1.49325 0.0143235 180.013       0       0 -0.13     0 -1.03 -0.0676894   0.348629  0.0573663 -0.00068278  0.00506834 -0.00332348 -0.0273433 -0.0138221 0.00423545 0.0981708 0.0667689   9.80828  37157
              38.606 -0.263444  0.578475   2.73498   2.93621   1.54505 0.0128536 180.013       0       0 -0.13     0 -1.03   0.124689   0.235194 -0.0410726 -0.000997371    0.0044557  -0.00341066 -0.0319084 -0.0100524 0.00640491  0.100549 0.0667504   9.80826  37186
             39.0047 -0.280211  0.585209   2.75938  2.92997  1.66252 0.017566 180.013       0       0 -0.13     0 -1.03 -0.0759217   0.269704  0.0544344  0.00093674  0.00537952 -0.00344176  -0.030389 -0.0171516  0.0108306 0.0980358 0.0684123   9.80827  36169
             39.2047 -0.291483  0.591465   2.78845   2.94231   1.73459 0.0198258 180.013       0       0 -0.13     0 -1.03    0.065745    0.355686 -0.00313637  0.00149021  0.00353788 -0.00339047 -0.0345876 -0.0179062 0.00655976 0.0992242 0.0700223   9.80825  36094
             39.4061 -0.298131   0.59742   2.76789   2.94646    1.8036 0.0174047 180.013       0       0 -0.13     0 -1.03 0.00433544   0.317065 0.00583399  0.00170459  0.00354921 -0.00328669  -0.034295 -0.0181015 0.00782614 0.0990552 0.0699576   9.80825  36182
             39.6061 -0.307062  0.596554   2.60735   2.94838   1.86562 0.0182816 180.013       0       0 -0.13     0 -1.03 0.0100478  0.300974 0.0413508  0.00177912  0.00349189 -0.00316009 -0.0342218 -0.0185728  0.0128919 0.0986997 0.0700497   9.80825  35726
             39.8047 -0.31009 0.593305  2.43378   2.93958     1.933 0.0154461 180.013       0       0 -0.13     0 -1.03 -0.0945424   0.354775 -0.0434338   0.0018805  0.00343263 -0.00302849 -0.0334719 -0.0199335  0.0171641 0.0979723 0.0701463   9.80826  35429
              40.006 -0.318168  0.597263   2.50111   2.97089   1.99028 0.0137163 180.013       0       0 -0.13     0 -1.03 0.133794 0.291917  0.11218    0.001969  0.00405883 -0.00307605 -0.0390978 -0.0174643  0.0208437  0.100167 0.0706345   9.80823  35875
             40.4048 -0.329535  0.603163   2.51703     2.957   2.09938 0.0147056 180.013       0       0 -0.13     0 -1.03  -0.121926   0.280956 -0.0700175  0.00192845  0.00481307 -0.00314404 -0.0350066  -0.019063  0.0289578 0.0982102 0.0698664   9.80826  35149
             40.8062 -0.345541  0.613255   2.64514  2.96673  2.22405 0.013679 180.013       0       0 -0.13     0 -1.03   0.0930313     0.19881 -0.00456873  0.00296665  0.00325708 -0.00313309 -0.0391276 -0.0203586  0.0255565 0.0992669 0.0712565   9.80824  35574
             41.0061 -0.350043  0.621524   2.64192    2.9942   2.24294 0.0143292 180.013       0       0 -0.13     0 -1.03   0.155209  0.0332189 0.00321024 0.00287804 0.00324679 -0.0031459 -0.0400059 -0.0191064   0.025803 0.0998117 0.0710564   9.80823  35257
             41.2048 -0.352838  0.616077   2.44738   2.97791   2.24247 0.0153355 180.013       0       0 -0.13     0 -1.03  -0.0257139  0.00633985 0.000266993 0.00281244 0.00296998 -0.0030391 -0.0327908 -0.0198552  0.0256901 0.0973947 0.0696351   9.80827  35079
             41.4061 -0.347922  0.607967   2.44414   2.96364   2.23808 0.0172532 180.013       0       0 -0.13     0 -1.03   0.00189536 -0.000882456 -0.000908935 0.00274627 0.00318789 -0.0027827 -0.0288533 -0.0196244  0.0252287 0.0962521 0.0687066   9.80829  35579
             41.6062 -0.34868 0.601577  2.14458     2.912   2.24072 0.0173015 180.013       0       0 -0.13     0 -1.03  -0.26306 0.0135159 0.0195894  0.00276906  0.00315255 -0.00264032 -0.0185211 -0.0223171   0.025113 0.0924512  0.067366   9.80833  35311
             41.8048 -0.340238  0.584308    2.0894    2.8542   2.25242 0.0187102 180.013       0       0 -0.13     0 -1.03  -0.341166   0.077355 -0.0414826   0.0026369  0.00307811 -0.00257556   -0.01819 -0.0238896  0.0242587 0.0920913 0.0678495   9.80833  35137
             42.0049 -0.343582  0.583608   2.18257   2.81746    2.2467 0.0155974 180.013       0       0 -0.13     0 -1.03  -0.160457 -0.0390459 -0.0133483  0.00284269  0.00337124 -0.00266502 -0.0206212 -0.0217676  0.0233555 0.0932535 0.0675664   9.80832  35525
             42.2048 -0.34354 0.574474  1.98365   2.76896   2.25356 0.0196809 180.013       0       0 -0.13     0 -1.03 -0.219376 0.0333639  0.025796  0.00303275  0.00348879 -0.00243313 -0.0177011 -0.0248945  0.0221184 0.0918959 0.0681804   9.80833  35503
             42.4062 -0.341237  0.564179   1.84595   2.71133   2.24731 0.0199495 180.013       0       0 -0.13     0 -1.03   -0.28294 -0.0467599  0.0118242  0.00278608  0.00372017 -0.00232983 -0.0152515 -0.0235841  0.0243441 0.0912639 0.0672929   9.80834  35973
             42.6061 -0.340329  0.552067   1.66032   2.64122   2.24223 0.0203898 180.013       0       0 -0.13     0 -1.03   -0.377254  -0.0194848 -0.00222041  0.00271435  0.00380659 -0.00217849 -0.0139083 -0.0242911  0.0243578 0.0907435 0.0673499   9.80835  35962
             42.8047 -0.341626  0.546923   1.73667    2.5878    2.2407 0.0237504 180.013       0       0 -0.13     0 -1.03  -0.270748 -0.0132616  0.0113674   0.0027871  0.00409792 -0.00212551 -0.0175114  -0.023923  0.0228256   0.09204 0.0676743   9.80833  36004
             43.0046 -0.342871  0.540609   1.57725   2.55659   2.23293 0.0245272 180.013       0       0 -0.13     0 -1.03   -0.151285  -0.0620026 -0.00818442  0.00279606  0.00432065 -0.00195645 -0.0193188 -0.0233769  0.0227154 0.0926851 0.0676536   9.80833  36270
             43.2058 -0.340866  0.534178   1.50504   2.49924   2.23513 0.0252859 180.013       0       0 -0.13     0 -1.03   -0.295284   0.0238625 -0.00817422   0.0029323  0.00444688 -0.00198483 -0.0160811 -0.0256976  0.0201204 0.0915663 0.0682569   9.80834  36651
             43.6041 -0.336958  0.514283   1.43509   2.35641   2.24673 0.0256603 180.013       0       0 -0.13     0 -1.03    -0.35821   0.0223069 -0.00639953  0.00314886  0.00516703 -0.00181846 -0.0119569 -0.0264361  0.0232003 0.0901477 0.0682366   9.80835  36390
              43.804 -0.339944  0.507246   1.29184   2.27043   2.24499 0.0279133 180.013       0       0 -0.13     0 -1.03   -0.449954  -0.0153168 -0.00239143   0.0030225  0.00547048 -0.00174164 -0.0102028 -0.0257884  0.0227524 0.0896332  0.067955   9.80836  36604
             44.0052 -0.332201  0.486827   1.10828   2.18227   2.24108 0.0299089 180.013       0       0 -0.13     0 -1.03 -0.454946 -0.027967 0.0315873  0.00288625  0.00542124 -0.00146328  -0.010755 -0.0257912   0.023714 0.0897402 0.0679211   9.80835  37229
              44.205 -0.334584  0.479403  0.978527   2.11174    2.2434 0.0297231 180.013       0       0 -0.13     0 -1.03  -0.356731 0.00982513 -0.0174129  0.00286196  0.00543091 -0.00133193 -0.0146213 -0.0270521  0.0230438 0.0909765 0.0684211   9.80834  37097
             44.4036 -0.330612  0.474642   1.04397   2.07555   2.24303 0.0312364 180.013       0       0 -0.13     0 -1.03     -0.1593 -0.00855379   0.0165725  0.00274153  0.00512374 -0.00138699 -0.0198683 -0.0267358  0.0211766 0.0926931 0.0683357   9.80832  37182
             44.6048 -0.327496  0.459411   0.97837  2.00278  2.24744 0.031121 180.013       0       0 -0.13     0 -1.03  -0.392943  0.0362069 0.00694896  0.00279156  0.00586683 -0.00133719 -0.0145759   -0.02703  0.0241121 0.0909322  0.068466   9.80834  38118
             44.8047 -0.321566  0.436937  0.799148   1.89116   2.25435 0.0308848 180.013       0       0 -0.13     0 -1.03  -0.625821  0.0571182 -0.0965503  0.00276205   0.0057951 -0.00130104 -0.0100633 -0.0267911  0.0235001 0.0895232 0.0684933   9.80835  38189
             45.0032 -0.314798  0.423992  0.698257   1.80115   2.25639 0.0297354 180.013       0       0 -0.13     0 -1.03  -0.448168 0.00588563  0.0361715  0.00291977  0.00604601 -0.00114495 -0.0128333 -0.0259827  0.0228719 0.0903525 0.0681552   9.80835  37845
             45.2031 -0.317132  0.411206  0.582401   1.73345   2.24806 0.0320762 180.013       0       0 -0.13     0 -1.03   -0.35683 -0.0582171 -0.0210341  0.00279334   0.0057364 -0.00102732 -0.0164793 -0.0242446  0.0240193 0.0913409 0.0673986   9.80834  38044
             45.4042 -0.29972 0.395843 0.501047     1.654    2.2469 0.0322675 180.013       0       0 -0.13     0 -1.03   -0.401997 -0.00874234   0.0144656   0.00309756   0.00587435 -0.000926196 -0.0151028 -0.0262006  0.0205721 0.0911247   0.06814   9.80834  38171
             45.6041 -0.295464  0.380546  0.508693    1.5868   2.24837 0.0309113 180.013       0       0 -0.13     0 -1.03  -0.326995  0.0249813 -0.0631873   0.00302195   0.00573778 -0.000898262 -0.0168869   -0.02556  0.0134467  0.091703 0.0679993   9.80834  38056
              45.804 -0.300215  0.374797  0.394356   1.52031   2.25238 0.0308512 180.013       0       0 -0.13     0 -1.03 -0.338405 0.0233001 0.0349353   0.00300256   0.00571314 -0.000860812 -0.0165495 -0.0254674  0.0121122 0.0916153 0.0680396   9.80834  38196
             46.4036   -0.294954    0.334901 -0.00766963   1.28519   2.25256 0.0319979 180.013       0       0 -0.13     0 -1.03  -0.418629 0.00887962  0.0418932   0.00277414   0.00585714 -0.000170275 -0.0156643 -0.0254007  0.0174377 0.0912877 0.0679748   9.80834  38060
             46.8033 -0.290072  0.317193 0.0644935   1.14869   2.25644 0.0304991 180.013       0       0 -0.13     0 -1.03  -0.321072 0.00496369 0.00761024   0.00291842   0.00477725 -0.000261393 -0.0181136 -0.0256574  0.0137119 0.0919726 0.0678625   9.80833  38045
             47.0032  -0.285217    0.30634 -0.0869242   1.08904   2.25866 0.0317666 180.013       0       0 -0.13     0 -1.03 -0.310822 0.0259915 -0.073529  0.00287005  0.00455432 -0.00012755  -0.019286 -0.0254747 0.00950177 0.0922412 0.0676071   9.80833  38176
             47.2031 -0.287809  0.293586 -0.240802   1.01744   2.26592 0.0297087 180.013       0       0 -0.13     0 -1.03 -0.326996  0.031015 0.0359168  0.00299432  0.00468331 2.28558e-05 -0.0169276 -0.0261287 0.00977688  0.091706 0.0681473   9.80833  38130
             47.4029 -0.282064  0.280105 -0.292128  0.933318   2.27149 0.0293893 180.013       0       0 -0.13     0 -1.03  -0.410426  0.0288782 -0.0354463  0.00299341  0.00509674 7.30919e-05  -0.01327 -0.025593 0.0086824 0.0906668 0.0686574   9.80834  38182
             47.6027  -0.27437  0.259032 -0.478921  0.822718   2.26845 0.0271679 180.013       0       0 -0.13     0 -1.03  -0.551214 -0.0219693 -0.0219213  0.00269233  0.00562386 0.000217834 -0.0089451  -0.023735    0.01047 0.0892228 0.0689805   9.80835  38192
             48.0025 -0.274125  0.242866 -0.680049    0.6505   2.28105 0.0228934 180.013       0       0 -0.13     0 -1.03   -0.385484   0.0534319 -0.00285181  0.00334675  0.00427763 0.000402897 -0.0113772 -0.0255073  0.0102161  0.090148 0.0688921   9.80834  38070
             48.2024 -0.269483  0.230125 -0.852634  0.595483   2.27758 0.0250114 180.013       0       0 -0.13     0 -1.03  -0.245405 -0.0425748  0.0373046   0.0027327  0.00310344 0.000496198 -0.0138991 -0.0244692  0.0112157  0.090489 0.0680862   9.80835  38110
             48.4022 -0.269069  0.225995 -0.863472 0.523463  2.28366 0.022153 180.013       0       0 -0.13     0 -1.03  -0.370874  0.0394701 -0.0588881  0.00300418  0.00367502 0.000482412 -0.0096348 -0.0261947  0.0118748 0.0900034 0.0695423   9.80834  38150
             48.6021 -0.255857  0.213973 -0.857625  0.414623   2.30941 0.0128408 180.013       0       0 -0.13     0 -1.03  -0.582976   0.125013 -0.0581771   0.0035983  0.00418053 0.000497795 -0.00428981  -0.0286264   0.0102994 0.0895074 0.0714704   9.80833  38194
              48.802 -0.271025  0.198295  -1.03332  0.293568   2.33496 0.0158029 180.013       0       0 -0.13     0 -1.03 -0.603031  0.116988 0.0945627  0.00355886  0.00421421 0.000615496 -0.0043168 -0.0295606 0.00930547 0.0897373 0.0716847   9.80833  38638
             49.0018 -0.275067  0.195102  -1.12937  0.303284   2.29873 0.0219993 180.013       0       0 -0.13     0 -1.03 0.0675045 -0.230544 0.0383773  0.00336948   0.0045339 0.000754574 -0.0215607 -0.0249877  0.0128329  0.092343 0.0664027   9.80834  38341
             49.2017 -0.278062  0.190467  -1.24765  0.254537   2.28714 0.0299314 180.013       0       0 -0.13     0 -1.03  -0.246126 -0.0235725  0.0704709  0.00373588  0.00503527 0.000874304 -0.00814415  -0.0297847   0.0131973 0.0908187 0.0709404   9.80832  38325
             49.4015 -0.25852 0.172006 -1.41308  0.132289   2.29947 0.0267456 180.013       0       0 -0.13     0 -1.03  -0.666192  0.0869815 -0.0334745   0.0039794  0.00586681 0.000973437 0.00233099 -0.0304456  0.0171401 0.0889577 0.0739615   9.80832  38438
             49.6014 -0.258669  0.156833  -1.38983 0.0485604   2.31948 0.0236595 180.013       0       0 -0.13     0 -1.03  -0.379249  0.0776288 -0.0195703  0.00410779  0.00535111 0.000872197 -0.0041872 -0.0324305  0.0160891 0.0907528 0.0723908   9.80831  38260
             49.8012 -0.252306  0.150299  -1.38437 -0.0167405    2.34158  0.0247323 180.013       0       0 -0.13     0 -1.03 -0.283128  0.119708 0.0429369   0.0042656  0.00527356 0.000895574 -0.00497733  -0.0337125   0.0151412 0.0912837 0.0723722   9.80831  38392
             50.0011 -0.265179  0.145221  -1.55542 -0.0896908    2.34015   0.026586 180.013       0       0 -0.13     0 -1.03  -0.321851 -0.0211152  0.0300624 0.00421073 0.00503767 0.00105744 -0.0037773  -0.030796  0.0159179 0.0902137   0.07218   9.80832  38427
              50.201 -0.257689  0.124923  -1.71348 -0.182594   2.32929 0.0213116 180.013       0       0 -0.13     0 -1.03  -0.475714 -0.0627777 -0.0613474  0.0040333 0.00506774 0.00117552 0.000562173   -0.028875   0.0181252 0.0889008 0.0730411   9.80833  38325
             50.4009 -0.243148  0.114013  -1.79118 -0.275875   2.33368 0.0199632 180.013       0       0 -0.13     0 -1.03 -0.465145 0.0298315 0.0143123 0.00445649 0.00521399 0.00134307 0.00133331 -0.0325974  0.0181222 0.0899707 0.0739088   9.80831  38304
             50.6021 -0.251771  0.105583   -1.9055 -0.337978   2.34473 0.0219883 180.013       0       0 -0.13     0 -1.03 -0.307178 0.0552841 0.0419471 0.00460457 0.00467466 0.00144342 -0.00454387  -0.0351349   0.0176829  0.091729 0.0723794    9.8083  38604
             50.9991 -0.234085 0.0816568  -2.09731   -0.577115     2.38521 0.000693985 180.013       0       0 -0.13     0 -1.03 -0.876184  0.127599 -0.114091 0.00475545 0.00662453 0.00145426 0.00205971 -0.0335825  0.0179296 0.0903197 0.0744936    9.8083  38321
              51.199 -0.256695 0.0816996  -1.96614   -0.676717     2.37977 -0.00734358 180.013       0       0 -0.13     0 -1.03  -0.625339 -0.0710497 -0.0212553   0.0027345 0.000421674  0.00166222 -0.0120971 -0.0332276   0.013768 0.0913197 0.0693423   9.80833  38182
             51.4002 -0.0255024    1.72569   -1.71932 -0.461276   2.35054 -0.163361 180.013       0       0 -0.13     0 -1.03   1.15286 -0.306891 -0.949992  0.00414605 -0.00399235  0.00196714 -0.0616514 -0.0484878  0.0401165  0.103847 0.0529141   9.80831  38593
             51.5987 -0.206371   1.34512  -1.78779 -0.382481   2.35098 -0.293173 180.013       0       0 -0.13     0 -1.03  0.295722 0.0601319 -0.585274  0.00464826 -0.00214895  0.00159945 -0.0334752 -0.0530834  0.0302211  0.102848 0.0624189   9.80826  38179
             51.7986 -0.153841   1.23117  -1.71701 -0.435901   2.25947 -0.349912 180.013       0       0 -0.13     0 -1.03  -0.472219  -0.734232 -0.0743837  0.00434321 -0.00206096  0.00139786 -0.0212866 -0.0352544   0.022563   0.09671 0.0635017   9.80832  38545
             51.9985 -0.0961121    1.29043   -1.47585 -0.521281    2.1687 -0.327947 180.013       0       0 -0.13     0 -1.03 -0.476531 -0.370554  0.104494  0.00363318 -0.00198444  0.00122721 -0.0209834 -0.0386968  0.0188087   0.09802 0.0641762    9.8083  38563
             52.1997 -0.0877213    1.32586   -1.51392 -0.491821   2.12293 -0.322836 180.013       0       0 -0.13     0 -1.03   0.132016   -0.23329 -0.0388948  0.00354985 -0.00221321  0.00107413 -0.0392498 -0.0473887  0.0187916  0.103511 0.0599873   9.80827  38766
             52.3995 -0.0831682    1.32178   -1.29841  -0.48399   2.07022 -0.321433 180.013       0       0 -0.13     0 -1.03 0.0253203 -0.255304 0.0144006  0.00327352 -0.00187659 0.000918527 -0.0370707 -0.0450563  0.0179696  0.102596 0.0602426   9.80828  38496
             52.5981 -0.125759   1.29311  -1.49515 -0.521956   1.99433 -0.316682 180.013       0       0 -0.13     0 -1.03  -0.224949  -0.390079 -0.0641592  0.00270249 -0.00125489  0.00107598 -0.0322747 -0.0394563  0.0162358  0.100478 0.0606154    9.8083  38232
              52.798 -0.139616   1.22978  -1.38605  -0.50987   1.93423 -0.337828 180.013       0       0 -0.13     0 -1.03  0.202193 -0.174895 -0.162279  0.00266723 -0.00159121  0.00104304 -0.0397525 -0.0409789  0.0182251   0.10193 0.0589504   9.80829  38585
             52.9992 -0.0680781    1.30875   -1.38342 -0.509351   1.87094 -0.320666 180.013       0       0 -0.13     0 -1.03 0.00338424  -0.315781   0.115284  0.00297726 -0.00203744 0.000949578 -0.0366385 -0.0373996  0.0148195  0.100681 0.0591658    9.8083  38836
              53.199 -0.0875116    1.27121   -1.29879 -0.497194   1.80445 -0.328072 180.013       0       0 -0.13     0 -1.03  0.0626267  -0.328812 -0.0685373  0.00279176 -0.00199998 0.000673936 -0.0398578 -0.0376698  0.0183007  0.100961 0.0584634   9.80831  38517
             53.3976 -0.061339   1.28189  -1.24277 -0.510495   1.73433  -0.32161 180.013       0       0 -0.13     0 -1.03 -0.074161 -0.340283 0.0560445  0.00256458 -0.00137619 0.000685379 -0.0351085 -0.0350971  0.0164619 0.0997267  0.059297   9.80831  38283
             53.5975 -0.0599875    1.30383   -1.21162 -0.509258   1.65709 -0.312258 180.013       0       0 -0.13     0 -1.03 -0.000599904    -0.413448    0.0453133  0.00246827 -0.00173076 0.000586237 -0.0384551 -0.0358997  0.0146262  0.100726 0.0585508   9.80831  38518
             53.9986 -0.06152   1.3157 -1.30266 -0.540174   1.51636 -0.294838 180.013       0       0 -0.13     0 -1.03  -0.12943 -0.297464 0.0635637   0.00274425 -0.000682279  0.000638856 -0.0360061 -0.0360983  0.0170222  0.100145 0.0592646   9.80831  38414
             54.1985 -0.0566459     1.2891   -1.36663 -0.49152  1.45541 -0.31697 180.013       0       0 -0.13     0 -1.03   0.314376  -0.335675 -0.0940721  0.00274757 -0.00491109 0.000616255 -0.0459703 -0.0373965  0.0268585  0.101003 0.0573256   9.80831  38468
             54.3969 -0.0301424    1.24313   -1.23077  -0.52499    1.3902 -0.335704 180.013       0       0 -0.13     0 -1.03  -0.245726  -0.302919 -0.0789858  0.00262272 -0.00376319 0.000360364 -0.0332816 -0.0355347  0.0287403  0.098309 0.0603355   9.80832  38318
             54.5983 -0.0563461    1.24679   -1.09133 -0.538578   1.32082 -0.325388 180.013       0       0 -0.13     0 -1.03 -0.0263905  -0.345736  0.0703386    0.002608 -0.00400364 0.000308453 -0.0377204 -0.0364119  0.0232101 0.0998476 0.0591653   9.80831  38831
             54.7981 -0.00293289     1.27788    -1.10962 -0.527804   1.26285 -0.317772 180.013       0       0 -0.13     0 -1.03 0.0884512 -0.280395 0.0566052  0.00258586 -0.00406559 0.000299495 -0.0388986 -0.0383605   0.023116  0.100488 0.0592423   9.80831  38568
             55.1979 -0.00431652     1.25463   -0.979613 -0.590099   1.11528 -0.318136 180.013       0       0 -0.13     0 -1.03   -0.245037   -0.373011 -0.00300524  0.00191729 -0.00318205 0.000235439 -0.0349577 -0.0361443  0.0230624 0.0993545 0.0597261   9.80831  38534
             55.3978 0.0210529   1.26509  -1.16923 -0.621785    1.0525  -0.31967 180.013       0       0 -0.13     0 -1.03  -0.153154  -0.246085 -0.0116589  0.00162136 -0.00415717 0.000369779 -0.0382135 -0.0356484  0.0213082 0.0999452 0.0589601   9.80831  38485
             55.5977 0.0230097   1.28316   -1.0754 -0.586065   1.00547 -0.312803 180.013       0       0 -0.13     0 -1.03   0.227568  -0.270269 -0.0229146   0.0018352 -0.00453761 0.000157963 -0.0470326  -0.037863   0.017727    0.1023 0.0574128    9.8083  38517
             55.7976 0.0404366    1.2783 -0.867066 -0.573913  0.932884  -0.31593 180.013       0       0 -0.13     0 -1.03 -0.0767568  -0.485434 -0.0966032  0.00183293 -0.00464329 8.05144e-05 -0.0443673 -0.0358616  0.0165013  0.101552 0.0576373    9.8083  38444
             55.9975 0.0584428    1.2678 -0.914305 -0.601574  0.854614  -0.31972 180.013       0       0 -0.13     0 -1.03   -0.197344   -0.378046 -0.00220434  0.00177481  -0.0046864 0.000142802 -0.0437702 -0.0374388  0.0156182  0.101801 0.0579932    9.8083  38493
             56.1974 0.0491655   1.27298 -0.763219 -0.596579  0.786178 -0.313962 180.013       0       0 -0.13     0 -1.03 0.0357595  -0.34718 0.0772178   0.00183449  -0.00529379 -0.000119819 -0.0509096 -0.0397626  0.0185183   0.10317 0.0572777   9.80829  38503
             56.3972 0.0623752    1.2778 -0.810838 -0.617892  0.724836 -0.312787 180.013       0       0 -0.13     0 -1.03   -0.130328   -0.323486 -0.00758073   0.00242523  -0.00477453 -0.000112555 -0.0458053 -0.0426748  0.0251093  0.102206 0.0589249   9.80829  38540
             56.5982 0.0666278   1.26617 -0.822696 -0.628963  0.649652 -0.315244 180.013       0       0 -0.13     0 -1.03 -0.0536726  -0.381181 -0.0368328  0.00248259 -0.00484786 -4.0006e-05 -0.0475078 -0.0420029  0.0223926  0.102633 0.0583924   9.80829  38846
              56.797 0.0553768   1.26808 -0.891075 -0.623638  0.579109 -0.314045 180.013       0       0 -0.13     0 -1.03 0.0465402 -0.363981 0.0471347   0.00254896  -0.00499928 -2.37594e-05 -0.0498999 -0.0429722  0.0210876  0.103338 0.0580995   9.80828  38561
             56.9969 0.0792419   1.27334 -0.704525  -0.61215   0.50888 -0.315645 180.013       0       0 -0.13     0 -1.03  0.0257993  -0.378175 -0.0492021   0.00220504  -0.00489611 -0.000301963 -0.0500775 -0.0440259  0.0206187  0.103589 0.0582486   9.80828  38950
             57.1951 0.0872062   1.24935 -0.648908 -0.636222  0.434914 -0.320762 180.013       0       0 -0.13     0 -1.03  -0.134144   -0.38156 -0.0802116   0.00249517  -0.00475795 -0.000159715 -0.0447861 -0.0450766  0.0197912  0.102951 0.0592946   9.80828  38636
             57.5976  0.109642   1.20106 -0.503239 -0.678197  0.310494 -0.345972 180.013       0       0 -0.13     0 -1.03 -0.136022 -0.342412 -0.143433   0.00433327  -0.00599637 -0.000464576 -0.0456808 -0.0505031  0.0103463  0.104513 0.0597361   9.80826  39247
              57.996  0.136155   1.25659 -0.669028 -0.651691  0.191971 -0.334809 180.013       0       0 -0.13     0 -1.03  0.134158 -0.298295 0.0721542   0.0039308 -0.00858483 -0.00035774  -0.0503019  -0.0508842 -0.00579595  0.105968 0.0585641   9.80825  38964
             58.3971  0.046438   1.21977 -0.349858 -0.665918 0.0400324  -0.31581 180.013       0       0 -0.13     0 -1.03   -0.112253   -0.389073 -0.00374914   0.00148664  -0.00626909 -0.000739022  -0.0472129  -0.0477355 -0.00915429  0.105299 0.0584257   9.80826  38909
             58.5956  0.110007   1.23898 -0.385496  -0.690251 -0.0300618  -0.320314 180.013       0       0 -0.13     0 -1.03 -0.123509 -0.335979 -0.134202   0.00125618  -0.00586754 -0.000740601 -0.0456324 -0.0476753 -0.0154615  0.105677 0.0589995   9.80825  38573
             58.7955 0.0814598   1.25592 -0.250126  -0.680617 -0.0936765   -0.30497 180.013       0       0 -0.13     0 -1.03 0.0991258 -0.301008  0.279987   0.00116052  -0.00572988 -0.000745902 -0.0498677 -0.0480744 -0.0184536  0.10676 0.058716  9.80824  38759
             58.9954 0.0731187   1.24748 -0.319157 -0.714594 -0.176464 -0.295915 180.013       0       0 -0.13     0 -1.03 -0.239307  -0.33932  0.167524   0.00115428  -0.00622073 -0.000732104 -0.0468823 -0.0448469 -0.0134988  0.105467 0.0584961   9.80826  38817
             59.1953  0.075725   1.24612 -0.469111 -0.737178 -0.249066 -0.298729 180.013       0       0 -0.13     0 -1.03 -0.132714 -0.326014 0.0494621 0.000977803 -0.00639555 -0.00052333  -0.0532761  -0.0426873 -0.00319683  0.105583 0.0576041   9.80826  38797
             59.3952  0.101132   1.25205 -0.489091 -0.724983 -0.308264 -0.308991 180.013       0       0 -0.13     0 -1.03  0.0978185  -0.329792 -0.0477163   0.00114587  -0.00702185 -0.000543808   -0.0600128   -0.0448273 -0.000377064  0.106705 0.0573761   9.80825  38858
              59.595    0.1059   1.26601 -0.339902 -0.696692 -0.369894 -0.305892 180.013       0       0 -0.13     0 -1.03   0.12052 -0.327056   0.07527  0.00153066 -0.00694122 -0.00080172   -0.0614306   -0.0464843 -0.000197889   0.10713 0.0574831   9.80825  38876
             59.7963    1.42666    1.13284 -0.0248822 -0.723691 -0.544911 -0.344254 180.013       0       0 -0.13     0 -1.03 -0.282318  -1.31306 -0.186304  0.000794338  -0.00661898 -0.000808685 -0.0570895 -0.0290598  0.0113371  0.103258 0.0558749    9.8083  39115
             60.3932  0.444779   1.15609 -0.147525 -0.780043 -0.663776 -0.354283 180.013       0       0 -0.13     0 -1.03 -0.0418025   0.246547  0.0605189    0.0111699  -0.00798721 -0.000645451 -0.0592323 -0.0473225 0.00873823  0.105057 0.0580982   9.80827  38509
             60.5944  0.211252   1.20575 -0.172344 -0.736311 -0.691315 -0.324247 180.013       0       0 -0.13     0 -1.03  0.246606 -0.185011  0.118826   0.00629724   -0.0105853 -0.000576955 -0.0663762 -0.0365574 0.00169881  0.105867 0.0551646   9.80827  38951
             60.9941 0.195726  1.19599 0.100035 -0.758016 -0.825641 -0.308201 180.013       0       0 -0.13     0 -1.03 -0.199894 -0.215355 0.0472277   0.00472887  -0.00824112 -0.000478981 -0.0603812 -0.0317274 0.00466055  0.104306 0.0550676   9.80829  38634
              61.194 0.199305  1.24239 0.130538 -0.737161 -0.833511 -0.312821 180.013       0       0 -0.13     0 -1.03    0.129828 -0.00688469  -0.0383571  0.00687638  -0.0122694 -0.00124077  -0.069391 -0.0374298 0.00674118  0.106015 0.0552464   9.80827  38689
             61.3939 0.208329  1.21453 0.131543 -0.734712 -0.803513 -0.307142 180.013       0       0 -0.13     0 -1.03 -0.0151894   0.179136  0.0224202  0.00717672  -0.0119095 -0.00127988 -0.0651865 -0.0427376    0.00457  0.105723 0.0562294   9.80827  38557
             61.5938     0.20555     1.21222 -0.00204805 -0.768144 -0.794449 -0.303389 180.013       0       0 -0.13     0 -1.03 -0.283161 0.0270499 0.0165447  0.00677636  -0.0118027 -0.00120315 -0.0617602 -0.0376756 0.00452664  0.104975 0.0555293   9.80828  38633
             61.7937 0.274635   1.1797 0.178333 -0.824583 -0.794342 -0.336444 180.013       0       0 -0.13     0 -1.03  -0.441451 -0.0213177  -0.282542  0.00677377  -0.0120337 -0.00124013 -0.0648367 -0.0368198  0.0100099  0.105088 0.0554148   9.80828  38634
             61.9949 -0.0201939    1.86092   0.372093 -0.678688  -0.79437 -0.128519 180.013       0       0 -0.13     0 -1.03    0.65709 0.00703173    1.03726  0.00721663 -0.00817753 -0.00138978  -0.0771585  -0.0379548 -0.00406041  0.108055 0.0544215   9.80825  39193
             62.3934 -0.0301641    1.79728   0.600632 -0.410447 -0.786412 0.0137905 180.013       0       0 -0.13     0 -1.03  0.656254 0.0217609  0.230138  0.00723334 -0.00782934 -0.00175995 -0.0812298 -0.0384693  0.0148181  0.105987 0.0545483   9.80828  38850
             62.5932 -0.0305964    1.78269   0.708858  -0.330842   -0.78663 -0.0276163 180.013       0       0 -0.13     0 -1.03  0.302453 0.0115377 -0.263636  0.00710835 -0.00591603 -0.00186401 -0.0781229 -0.0379308  0.0387867 0.101647 0.054256  9.80832  39224
             62.7944 -0.0369955    1.81071   0.865559  -0.228157  -0.787254 -0.0427452 180.013       0       0 -0.13     0 -1.03   0.606149 -0.0732492  -0.333999   0.0074095 -0.00573824 -0.00191484 -0.0828664 -0.0372951  0.0309367  0.103483 0.0542356    9.8083  39413
             62.9942 -0.0219754    1.82817    1.06165  -0.112278  -0.793431 -0.0369226 180.013       0       0 -0.13     0 -1.03    0.582376 0.000387685    0.124618  0.00711648 -0.00567428 -0.00212852 -0.0821953 -0.0375585  0.0280473  0.103734 0.0542629    9.8083  39177
             63.3927 -0.0479789    1.84637    1.25248  0.0623927  -0.783917 -0.0340163 180.013       0       0 -0.13     0 -1.03  0.351759 0.0409833 0.0343349  0.00754226 -0.00484311 -0.00262818 -0.0797304 -0.0386671  0.0357025  0.102388 0.0542513   9.80832  39042
             63.5939 -0.0208748    1.84458    1.36404   0.156182  -0.782994 -0.0402246 180.013       0       0 -0.13     0 -1.03   0.460839  0.0312666 -0.0225308  0.00634225 -0.00604597 -0.00269932 -0.0849944 -0.0352505  0.0414803   0.10265 0.0540098   9.80831  39379
             63.7938 -0.0500688    1.83183     1.4158    0.26021  -0.780569 -0.0514936 180.013       0       0 -0.13     0 -1.03  0.486614 0.0339448 -0.214623  0.00636075 -0.00608712 -0.00276143 -0.0877681 -0.0331326  0.0402201  0.103411 0.0540013   9.80831  39002
             64.1922 -0.0164002    1.85068    1.76233   0.452182  -0.805037 -0.0678279 180.013       0       0 -0.13     0 -1.03    0.429656  -0.0800548 0.000593719  0.00564976 -0.00615829 -0.00336794 -0.0876637 -0.0312949  0.0369827  0.103963 0.0538193    9.8083  38965
             64.3934 -0.0139638    1.85732    1.84682   0.532791   -0.80578 -0.0695701 180.013       0       0 -0.13     0 -1.03   0.371465 0.00723774 -0.0965534  0.00625981 -0.00585181 -0.00335543 -0.0859623 -0.0350885  0.0311723  0.104084 0.0543581    9.8083  39198
             64.5933 -0.0201464    1.84281    1.90456   0.628388  -0.798541 -0.0779796 180.013       0       0 -0.13     0 -1.03  0.509121 0.0340898 -0.103889  0.00608739 -0.00574326 -0.00339682 -0.0875913 -0.0355495  0.0282194  0.104613 0.0547489   9.80829  38807
             64.7919 -0.00853873     1.82975     1.94676   0.717137  -0.788478 -0.0917462 180.013       0       0 -0.13     0 -1.03   0.421746  0.0652642 -0.0265661  0.00593966 -0.00569619 -0.00332313 -0.0865683 -0.0361237  0.0290546 0.104299 0.054641  9.80829  38526
             64.9917 0.0188337   1.85548   2.09178  0.829599 -0.800097 -0.096018 180.013       0       0 -0.13     0 -1.03  0.538229 -0.072098  0.101341   0.0060111 -0.00555485 -0.00355688 -0.0903402 -0.0321376  0.0311651  0.105106 0.0546276   9.80828  38780
             65.1929 0.00659688     1.8941    2.29877   0.907827  -0.809264 -0.0856667 180.013       0       0 -0.13     0 -1.03    0.343497  -0.0334678 -0.00376725  0.00567292 -0.00560483 -0.00378039 -0.0857041 -0.0335173   0.029793  0.104494 0.0541957   9.80829  38980
             65.3928 0.0197462   1.90453   2.42295   0.984159  -0.809411 -0.0945758 180.013       0       0 -0.13     0 -1.03   0.342769 0.00823716  0.0217096  0.00564297 -0.00567477 -0.00392257 -0.0911075 -0.0343417  0.0363979  0.104253 0.0548941   9.80829  38622
             65.5914 0.0111563    1.8958   2.46889   1.08014 -0.797736 -0.103034 180.013       0       0 -0.13     0 -1.03   0.487772  0.0816866 -0.0151748  0.00572864 -0.00583983 -0.00396351 -0.0978188  -0.033525  0.0397285  0.104691 0.0558882   9.80828  38359
             65.7926 0.0534586   1.86346   2.53015   1.17936 -0.794264 -0.123529 180.013       0       0 -0.13     0 -1.03   0.492401 -0.0287509  -0.129485  0.00565936 -0.00586615 -0.00394749 -0.0982789 -0.0307237  0.0430877  0.104802 0.0556129   9.80828  38973
             65.9925 0.0172276   1.88221   2.52546   1.31448 -0.800932 -0.128106 180.013       0       0 -0.13     0 -1.03   0.636945 -0.0453383  0.0121252  0.00569775 -0.00542209 -0.00409488  -0.101056 -0.0300973  0.0424851  0.105278 0.0560899   9.80827  38819
             66.1924 0.0201241    1.9289   2.79968   1.38301 -0.808851  -0.12257 180.013       0       0 -0.13     0 -1.03    0.29059 -0.0121598  0.0401838  0.00568209  -0.0051819 -0.00452239 -0.0903606 -0.0319176  0.0426452  0.103818 0.0543338    9.8083  38899
             66.3909 0.0355942   1.91903   2.87326   1.46284 -0.787569 -0.143132 180.013       0       0 -0.13     0 -1.03  0.382314  0.124038 -0.190999  0.00585363 -0.00539496 -0.00458108 -0.0973616 -0.0360401  0.0426811  0.103723 0.0560825   9.80829  38718
             66.5921 0.0620906   1.90693   2.94852   1.57633 -0.789032 -0.160204 180.013       0       0 -0.13     0 -1.03   0.578052 -0.0298261 -0.0564732  0.00541686 -0.00576089 -0.00456321  -0.102115 -0.0286892  0.0393741  0.106151 0.0566218   9.80826  39107
              66.792 0.0670441   1.93292   2.89634   1.68075  -0.77463 -0.164309 180.013       0       0 -0.13     0 -1.03  0.415059   0.16024 0.0552708   0.0053663 -0.00569988 -0.00456636  -0.101833 -0.0324544   0.038865   0.10533 0.0568865   9.80827  38864
             66.9919 0.0789784   1.93659   3.15624   1.77693 -0.787546 -0.168503 180.013       0       0 -0.13     0 -1.03   0.480669 -0.0885052  -0.160523  0.00598011 -0.00554826 -0.00484131   -0.10202 -0.0297124   0.038368  0.105979 0.0566775   9.80826  38786
             67.1905 0.0771217   1.94697   3.38113    1.8441 -0.781172 -0.167979 180.013       0       0 -0.13     0 -1.03  0.295507 0.0473791  0.012641  0.00577565 -0.00565581 -0.00503168  -0.097722 -0.0354479  0.0340902  0.104836 0.0563328   9.80828  38405
             67.3917 0.0752491   1.95184   3.53064   1.93061 -0.781947 -0.175713 180.013       0       0 -0.13     0 -1.03   0.415059 -0.0108843 -0.0340828  0.00539568 -0.00605986  -0.0051266  -0.102959 -0.0320284  0.0342768  0.106023 0.0573776   9.80826  38990
             67.7915 0.105942  1.96107  3.58194   2.13407 -0.767295 -0.195722 180.013       0       0 -0.13     0 -1.03   0.518096  0.0417733 -0.0445998  0.00562718 -0.00717225 -0.00506952  -0.107753 -0.0322318  0.0369211 0.105892 0.058587  9.80825  38812
               67.99 0.11003 1.96938 3.62231   2.23825 -0.774719 -0.204506 180.013       0       0 -0.13     0 -1.03   0.485285 -0.0770285 -0.0742588  0.00512638 -0.00744219 -0.00509211  -0.108676 -0.0299722  0.0367001  0.106592 0.0587603   9.80824  38626
             68.1912 0.0864221   2.01913   3.91012   2.33252 -0.786254 -0.192189 180.013       0       0 -0.13     0 -1.03   0.423244 -0.0478138  0.0822484  0.00510835  -0.0073231 -0.00544241  -0.109569 -0.0298707  0.0327211   0.10715 0.0591229   9.80824  39234
              68.391 0.091491  2.01359   4.0416   2.42755 -0.775019 -0.190883 180.013       0       0 -0.13     0 -1.03  0.475275 0.0849632 -0.022347  0.00517562 -0.00727724 -0.00550217  -0.113788 -0.0328469  0.0346525  0.106324 0.0603566   9.80824  39039
             68.5909 0.116108  2.01169  4.18311   2.50648  -0.76863 -0.206978 180.013       0       0 -0.13     0 -1.03   0.393396  0.0360223 -0.0340537   0.0050353 -0.00711677 -0.00550375  -0.110744 -0.0322143   0.037631  0.106074 0.0593116   9.80825  38923
             68.7895 0.144342  2.00549  4.00134   2.61123 -0.760091 -0.234134 180.013       0       0 -0.13     0 -1.03  0.530473  0.112609 -0.398257  0.00503197 -0.00706656 -0.00548893  -0.115509 -0.0296561  0.0388251  0.106841 0.0606782   9.80823  38532
             68.9907 0.14671 2.01504 4.27476   2.72046 -0.753321 -0.235774 180.013       0       0 -0.13     0 -1.03   0.506843   0.028529 -0.0352086  0.00515153 -0.00681497 -0.00580055  -0.114991 -0.0286741  0.0341078  0.107626 0.0606106   9.80822  39045
             69.5891 0.12029 2.07247  4.5943   2.98346 -0.756036 -0.231548 180.013       0       0 -0.13     0 -1.03   0.379981 -0.0127503  0.0155579  0.00446084 -0.00651425 -0.00612935  -0.114879 -0.0280084  0.0345461  0.107797 0.0605515   9.80822  38916
             69.7903 -0.310299    1.7573    4.5957   3.04767 -0.722411  -0.25714 180.013       0       0 -0.13     0 -1.03  0.280881  0.315564 -0.260381  0.00608903 -0.00606172 -0.00613703  -0.116405 -0.0321785  0.0444683  0.105326 0.0603355   9.80825  39113
             69.9901 -0.323754   1.75676   4.72439   3.14712  -0.71151 -0.291815 180.013       0       0 -0.13     0 -1.03   0.525372 0.00924226  -0.183227     0.00751 -0.00500181  -0.0061948  -0.117718 -0.0281149  0.0437375  0.106699 0.0607096   9.80823  38982
             70.3899 -0.372914   1.78562   4.92343   3.27744 -0.697344 -0.300755 180.013       0       0 -0.13     0 -1.03   0.313331  0.0519869 -0.0307142  0.00744152 -0.00423693 -0.00622877  -0.110018 -0.0318732  0.0371318  0.105857 0.0586105   9.80825  39020
             70.5898 -0.384616   1.79988   4.84878   3.37862 -0.697414 -0.311822 180.013       0       0 -0.13     0 -1.03   0.588931 -0.0261814 -0.0780818  0.00685358 -0.00621213 -0.00618819   -0.11552 -0.0280583  0.0374519 0.107021 0.060554  9.80823  38768
             70.9882 -0.352638   1.78938   5.02594   3.34712 -0.713944 -0.325359 180.013       0       0 -0.13     0 -1.03   -0.554715   0.0473764 -0.00245018  0.00677285 -0.00468249 -0.00611465  -0.100875 -0.0334344  0.0368723  0.105462 0.0555747   9.80828  38362
             71.1894 -0.387008   1.80432   4.84257   3.33279 -0.701173  -0.30006 180.013       0       0 -0.13     0 -1.03 -0.0223247   0.156351   0.154241   0.0050443 -0.00917496  -0.0063328  -0.111282 -0.0249659  0.0341254  0.108199 0.0594656   9.80822  38810
             71.3893 0.0113566   2.09332   4.93164   3.36989 -0.652538 -0.243281 180.013       0       0 -0.13     0 -1.03 0.154775 0.241253 0.343812  0.00547391 -0.00951843 -0.00638854  -0.120304 -0.0244285  0.0322998  0.108377 0.0625486    9.8082  38234
             71.7891 0.0555353   2.10646   4.74568   3.36888 -0.513478 -0.234879 180.013       0       0 -0.13     0 -1.03 -0.0821964   0.375396 0.00800888  0.00838546 -0.00808647 -0.00604492 -0.121095 -0.032229 0.0554196  0.103409 0.0619999   9.80826  38463
              71.989 -0.214327   1.99214   4.78687   3.34831 -0.454844 -0.264201 180.013       0       0 -0.13     0 -1.03 -0.124918  0.280267 -0.177731  0.00741404  -0.0079622 -0.00604653  -0.120716 -0.0286664  0.0610619  0.103944 0.0617698   9.80825  38423
             72.1889 -0.352332   1.87497   4.64993   3.33299 -0.402523 -0.292594 180.013       0       0 -0.13     0 -1.03 -0.0792391   0.250098  -0.170789   0.0073384 -0.00782875 -0.00595997  -0.121664 -0.0264923  0.0593048  0.104795 0.0621516   9.80824  38396
             72.3888 -0.327765   1.88696   4.74805   3.31574  -0.36546 -0.293226 180.013       0       0 -0.13     0 -1.03 -0.0976341   0.142664  0.0143801  0.00711341 -0.00772531  -0.0059649  -0.120505 -0.0249105  0.0566094  0.105474 0.0619902   9.80824  38375
             72.5874 -0.407263   1.85859   4.54571   3.32721 -0.314341 -0.305459 180.013       0       0 -0.13     0 -1.03  0.081973  0.267141 -0.156433  0.00719748 -0.00812321 -0.00577986  -0.128955 -0.0272271  0.0567947  0.104782 0.0645772   9.80823  38067
             72.7886 -0.395593   1.82073   4.68997   3.34206 -0.278307 -0.321595 180.013       0       0 -0.13     0 -1.03  0.029239  0.144264 -0.380012  0.00715356 -0.00815174 -0.00579107  -0.127639 -0.0240208  0.0540698  0.105936 0.0643627   9.80822  38498
             72.9886 -0.373895   1.84486   4.59341   3.37109 -0.241116 -0.326456 180.013       0       0 -0.13     0 -1.03   0.145494   0.188735 -0.0660289  0.00702979  -0.0079128 -0.00576028  -0.128517 -0.0239989  0.0506011   0.10617 0.0648262   9.80821  38268
             73.1884 -0.313737    1.8865   4.69566   3.36104 -0.207128 -0.311522 180.013       0       0 -0.13     0 -1.03 -0.0763206   0.160485  0.0817866    0.006987 -0.00963019 -0.00579369  -0.121234 -0.0265799  0.0475291  0.105457 0.0629434   9.80823  38213
             73.3882 -0.345458   1.92403   4.66046   3.34108 -0.155487 -0.297936 180.013       0       0 -0.13     0 -1.03 -0.109548  0.258765  0.122101   0.0073266 -0.00966143 -0.00571951  -0.122502 -0.0323125  0.0523368    0.1035 0.0631631   9.80825  38196
             73.5881 -0.334826   1.90275   4.74773   3.32383 -0.119032 -0.298121 180.013       0       0 -0.13     0 -1.03 -0.0853319   0.168837  0.0426833  0.00705573 -0.00972812 -0.00573919  -0.123868 -0.0273722  0.0594804  0.104474 0.0632081   9.80824  38170
             74.1878 -0.335885   1.87847    4.4751   3.30259  0.018425 -0.311069 180.013       0       0 -0.13     0 -1.03 -0.0551088   0.249508 0.00830027  0.00642688  -0.0107487 -0.00540735  -0.125384 -0.0263709  0.0629172  0.104477 0.0634863   9.80824  38432
             74.3878 -0.313473   1.88952   4.42807   3.35179 0.0434724 -0.331659 180.013       0       0 -0.13     0 -1.03  0.265006 0.0901637 -0.173217  0.00360939  -0.0165235 -0.00531449  -0.132759 -0.0198781  0.0652641  0.106096 0.0657063   9.80821  37957
             74.5876 -0.427959   1.84144    4.5094   3.31609 0.0617192  -0.32539 180.013       0       0 -0.13     0 -1.03 -0.253827 0.0960351 0.0950494  0.00326188  -0.0164439 -0.00537529 -0.116349  -0.02545 0.0606333 0.104613 0.061715  9.80825  38071
             74.7861 -0.379194   1.88435    4.4834   3.27463  0.112317 -0.302082 180.013       0       0 -0.13     0 -1.03 -0.258399  0.410973   0.17542 0.00306899 -0.0162721 -0.0052933  -0.120444 -0.0295479  0.0597449   0.1037 0.062938  9.80825  37662
             74.9874 -0.362167   1.88594   4.30645   3.36421  0.149495 -0.315618 180.013       0       0 -0.13     0 -1.03  0.440146  0.136006 0.0438517 0.00373073 -0.0138769 -0.0052421  -0.128536 -0.0242092  0.0630401 0.105133 0.064747  9.80822  38287
             75.1874 -0.37466  1.90416  4.45905   3.37899  0.189041 -0.317066 180.013       0       0 -0.13     0 -1.03 0.0144301  0.234304  0.035824  0.00363388  -0.0146167 -0.00521975  -0.116908 -0.0308972  0.0652197   0.10296 0.0618999   9.80826  38102
             75.7856 -0.436197   1.89948   4.53625   3.35274  0.342349 -0.313307 180.013       0       0 -0.13     0 -1.03 -0.0893098   0.309375 0.00748029  0.00431806  -0.0141701 -0.00504657  -0.117677 -0.0330366  0.0672168  0.102301 0.0620002   9.80827  38386
             75.9869 -0.440211    1.8975   4.32598  3.33655 0.405384 -0.32206 180.013       0       0 -0.13     0 -1.03 -0.0740018    0.29402   -0.17849  0.00435849  -0.0142548 -0.00477341  -0.116746 -0.0322045  0.0565704  0.103275 0.0626087   9.80826  38567
             76.1869 -0.485643   1.86645   4.23916   3.31875  0.481307 -0.322402 180.013       0       0 -0.13     0 -1.03 -0.0893414   0.384942 -0.0560242  0.00433418  -0.0140916 -0.00468044 -0.114927 -0.035046 0.0501534  0.102902 0.0625855   9.80826  38252
             76.5852 -0.494232   1.89652   4.12702   3.34685  0.594632 -0.317094 180.013       0       0 -0.13     0 -1.03  0.117669  0.217827 0.0338433  0.00252668  -0.0160525 -0.00446579  -0.122379 -0.0252422  0.0533787  0.105256 0.0639406   9.80823  38280
             76.7866 -0.292099   1.98129   4.29388   3.34663  0.644979 -0.305001 180.013       0       0 -0.13     0 -1.03 -0.128922  0.157956 -0.229746  0.00286887  -0.0155195 -0.00445568  -0.118073 -0.0282395  0.0497057  0.104677 0.0631835   9.80824  38350
             76.9865 -0.253166   2.07839   4.24125   3.34959  0.717808 -0.273848 180.013       0       0 -0.13     0 -1.03 -0.0144303   0.413766    0.14241 0.00206841 -0.0145175 -0.0044809  -0.119864 -0.0297496  0.0451156  0.104763 0.0638561   9.80823  37926
             77.1848 -0.0988217    2.01986    4.24842   3.35422  0.791639 -0.300651 180.013       0       0 -0.13     0 -1.03 0.00450181   0.382858 -0.0884711  0.00248139  -0.0140558 -0.00436361  -0.122386 -0.0258619  0.0516512  0.105081 0.0640216   9.80823  37645
             77.3862 -0.238285   1.93798   4.09693   3.35571  0.873384 -0.325665 180.013       0       0 -0.13     0 -1.03 -0.00346376    0.385669   -0.147752  0.00250891  -0.0140119 -0.00420528  -0.124058 -0.0266751  0.0528912 0.104828 0.064405  9.80823  38086
             77.5861 -0.421389   1.82683   3.99365  3.34841 0.960594 -0.35424 180.013       0       0 -0.13     0 -1.03 -0.0253231    0.43488  -0.166377  0.00273754  -0.0136981 -0.00417514  -0.123417 -0.0292493  0.0510936  0.104379 0.0644001   9.80823  37914
             77.9844 -0.379654   1.91781   4.00722   3.37136   1.10063 -0.326613 180.013       0       0 -0.13     0 -1.03 0.104786 0.322576 0.349081  0.00228188   -0.013964 -0.00419289  -0.125714 -0.0263993  0.0509881  0.105078 0.0647677   9.80822  37275
             78.1857 -0.548787   1.83583   3.99024   3.36516   1.18326 -0.344735 180.013       0       0 -0.13     0 -1.03 -0.0876752   0.403498  -0.171103   0.0028313  -0.0133639 -0.00413566  -0.125493 -0.0294958    0.05757  0.103912 0.0641693   9.80824  37473
             78.3869 -0.54632  1.79667  4.00459   3.35085   1.25736 -0.368479 180.013       0       0 -0.13     0 -1.03   -0.11108   0.406131 -0.0845445  0.00267341  -0.0134861 -0.00404286  -0.127101 -0.0261013   0.054592  0.104812 0.0645676   9.80823  37442
             78.5854 -0.584146   1.83212   3.81899    3.3476   1.33012 -0.363795 180.013       0       0 -0.13     0 -1.03 -0.0436446   0.319102 -0.0319186  0.00247669  -0.0135218 -0.00389691 -0.131377 -0.024707 0.0489516 0.105533 0.065696  9.80821  36398
             78.7854 -0.574034   1.84889   3.66509   3.35687   1.40124 -0.363295 180.013       0       0 -0.13     0 -1.03  0.0614821   0.211279 -0.0798853  0.00249601  -0.0134972 -0.00384247  -0.135718 -0.0265498  0.0478136  0.105416 0.0667106   9.80821  36492
             78.9852 -0.591985    1.8245   3.64352   3.35329    1.4685 -0.355979 180.013       0       0 -0.13     0 -1.03 -0.0425244   0.333704   0.109286  0.00162457  -0.0135424 -0.00371799 -0.135373 -0.028411 0.0470377  0.105116 0.0668094   9.80821  36132
             79.1865 -0.588535   1.87703   3.76186   3.38312   1.53401 -0.351181 180.013       0       0 -0.13     0 -1.03   0.157503    0.35841 -0.0339549  0.00204203  -0.0120538 -0.00379898  -0.142515 -0.0242843  0.0487434  0.106144 0.0676654   9.80819  36240
             79.3863 -0.573784   1.87027   3.70554   3.38427   1.59855 -0.354071 180.013       0       0 -0.13     0 -1.03 -0.0371723   0.262036  -0.165681  0.00190109  -0.0122219 -0.00385038 -0.137433 -0.026774 0.0431602  0.105748 0.0673012    9.8082  35928
             79.5849 -0.555743    1.8685    3.7538   3.35825   1.66763 -0.356274 180.013       0       0 -0.13     0 -1.03 -0.180342  0.308425  -0.18987  0.00239346   -0.011992 -0.00367097  -0.135659 -0.0321791  0.0335159  0.105149 0.0677803    9.8082  35361
             79.7848 -0.57886  1.84674  3.61554    3.3763    1.7359 -0.368415 180.013       0       0 -0.13     0 -1.03 0.266111 0.292525 0.157864  0.00254973  -0.0128532 -0.00358639  -0.146374 -0.0315127  0.0316981  0.105873 0.0697334   9.80818  35346
              79.986 -0.613936   1.85105   3.64258  3.35738  1.80684 -0.36405 180.013       0       0 -0.13     0 -1.03 -0.0878676   0.297263 -0.0562226  0.00230457  -0.0135034 -0.00349285  -0.141945 -0.0337165  0.0323701 0.105234 0.069079  9.80819  35489
             80.1858 -0.589689   1.86319   3.55472    3.3541   1.86597 -0.365269 180.013       0       0 -0.13     0 -1.03 -0.0156245   0.223775   0.025367  0.00226118   -0.013285 -0.00342735  -0.145892 -0.0335544   0.030956  0.105545 0.0697849   9.80818  35028
             80.3845 -0.58551   1.8621  3.76205   3.43112   1.88928 -0.365676 180.013       0       0 -0.13     0 -1.03   0.42889 0.0121182 0.0536678  0.00205119  -0.0145297 -0.00354087  -0.164171 -0.0294464  0.0353741  0.106924 0.0721839   9.80815  34621
             80.5843 -0.606954   1.87054     3.758    3.4167   1.88577 -0.364995 180.013       0       0 -0.13     0 -1.03  -0.114713 -0.0145309    0.01087  0.00219747  -0.0115054 -0.00362566  -0.143829 -0.0335766  0.0382882  0.105046 0.0691023   9.80819  35020
             81.1841 -0.663677    1.8718   3.56477   3.32768     1.906 -0.341088 180.013       0       0 -0.13     0 -1.03 -0.0544965  0.0377974  0.0409559  0.00325789 -0.00873786 -0.00323405 -0.141296 -0.035032 0.0368568 0.104804 0.068777   9.8082  35179
              81.384 -0.609223   1.84063   3.35046   3.24929   1.89733 -0.348814 180.013       0       0 -0.13     0 -1.03  -0.475104 -0.0553322 -0.0788103  0.00198852 -0.00274532 -0.00329656  -0.133363 -0.0348346  0.0392531  0.104389 0.0671716   9.80821  35203
             81.5852 -0.580411   1.85897   3.30912   3.17206   1.88872 -0.347707 180.013       0       0 -0.13     0 -1.03  -0.410087 -0.0344362  -0.011098   0.0019774 -0.00289042 -0.00309404  -0.137271 -0.0339775  0.0357701  0.104902 0.0678328    9.8082  35814
             81.7837 -0.572686   1.83289   3.17988   3.14417   1.88637 -0.346503 180.013       0       0 -0.13     0 -1.03 0.0782179 0.0145212  0.235899  0.00188686 -0.00314948 -0.00300907  -0.149436 -0.0318953  0.0376975 0.105833 0.069254  9.80818  35556
             82.1836 -0.619041   1.84034   2.90216   2.99827   1.88748 -0.331552 180.013       0       0 -0.13     0 -1.03   -0.442626 -0.00830684    0.020162  0.00184278  -0.0030899 -0.00249823  -0.142901 -0.0333771  0.0395023  0.105162 0.0684436    9.8082  36226
             82.3848 -0.570479   1.81661   2.83241   2.92578   1.88182 -0.333253 180.013       0       0 -0.13     0 -1.03  -0.368446 -0.0404081 -0.0042341 0.00164077 -0.0041856   -0.00242  -0.147104 -0.0319383  0.0395088 0.105577 0.068849  9.80819  36585
             82.5833 -0.584936    1.8177   2.82447   2.86247   1.88089 -0.327414 180.013       0       0 -0.13     0 -1.03  -0.331322 -0.0099578  0.0260509   0.0017554 -0.00448356 -0.00240824  -0.149673 -0.0334414  0.0374007  0.105707 0.0692532   9.80819  36251
             82.7832 -0.580034   1.81396   2.61658  2.79387  1.88081 -0.32587 180.013       0       0 -0.13     0 -1.03   -0.30698 0.00523876   0.134748  0.00174468 -0.00452144 -0.00236473  -0.149121 -0.0342449  0.0390256  0.105546 0.0692058   9.80819  36629
             82.9845 -0.55299  1.79506  2.60368   2.73795   1.87986 -0.321016 180.013       0       0 -0.13     0 -1.03  -0.287702 -0.0225805 -0.0391588   0.0017341 -0.00429019 -0.00231992  -0.149648 -0.0341922  0.0395481  0.105568 0.0692266   9.80819  37245
             83.1843 -0.586281   1.80977   2.54866   2.66713   1.87879 -0.318609 180.013       0       0 -0.13     0 -1.03  -0.373198 -0.0196906  0.0386062   0.0016598 -0.00428244 -0.00223076 -0.147544 -0.035742  0.039104  0.105338 0.0692133   9.80819  37275
             83.3828 -0.570854    1.7864   2.47745    2.5969   1.87732 -0.316663 180.013       0       0 -0.13     0 -1.03   -0.365282 -0.00800506  -0.0216245  0.00173298  -0.0043386 -0.00204465  -0.149269 -0.0355616  0.0403175  0.105412 0.0692716   9.80819  37555
              83.784 -0.568231   1.75544    2.2671   2.49393   1.87271 -0.316349 180.013       0       0 -0.13     0 -1.03  -0.233162 -0.0215963  -0.018623  0.00168627 -0.00620855 -0.00161194  -0.155049 -0.0352068  0.0375108  0.105945 0.0696756   9.80818  38525
             83.9839 -0.546636   1.75262   2.23651   2.42567    1.8719 -0.312395 180.013       0       0 -0.13     0 -1.03    -0.35881 -0.00852913   0.0192552  0.00181724 -0.00564568 -0.00159586  -0.150184 -0.0366897   0.036005   0.10559 0.0695718   9.80818  38417
             84.1826 -0.566803   1.71699   2.31569   2.34567   1.87062 -0.319401 180.013       0       0 -0.13     0 -1.03   -0.403066 -0.00242647  -0.0530494  0.00173927 -0.00566662 -0.00154916  -0.148084 -0.0369138  0.0385468  0.105337 0.0694471   9.80819  38497
             84.5836 -0.526969    1.7163   2.09316   2.22228   1.87296 -0.312318 180.013       0       0 -0.13     0 -1.03    -0.29828 -0.00630714   0.0132195  0.00199027 -0.00684809 -0.00123385  -0.152336 -0.0377667  0.0325711  0.105807 0.0698515   9.80818  39066
             84.9821 -0.359884   1.69625   1.87856   2.10739   1.86676 -0.320058 180.013       0       0 -0.13     0 -1.03  -0.298548 -0.0429991 -0.0423089  0.00213641 -0.00713168  -0.0010517  -0.153959 -0.0383204  0.0314881  0.105937 0.0699805   9.80818  38818
             85.1819 -0.412152   1.69856   1.77299   2.06222   1.85206 -0.308119 180.013       0       0 -0.13     0 -1.03  -0.227214 -0.0817291 0.00545278  0.00193521 -0.00756362   -0.000963  -0.155346 -0.0378125  0.0297395  0.106055 0.0699045   9.80818  39178
             85.3832 -0.494958   1.67601   1.73816   1.96218    1.8592 -0.311221 180.013       0       0 -0.13     0 -1.03   -0.537734   0.0591333 -0.00623078   0.00268381  -0.00609413 -0.000893419  -0.146015 -0.0425122  0.0318423  0.105354 0.0702781   9.80818  39469
             85.5831 -0.463207   1.63516   1.72985   1.88515     1.866 -0.316397 180.013       0       0 -0.13     0 -1.03  -0.359544  0.0168032 -0.0732756  0.00255244 -0.00654258  -0.0009604  -0.153274 -0.0416654  0.0302958  0.105919 0.0701695   9.80818  39154
             85.7817 -0.522968   1.61397   1.63272   1.82836   1.87836 -0.316954 180.013       0       0 -0.13     0 -1.03  -0.280091   0.070604 -0.0972552   0.00244163  -0.00647418 -0.000921149 -0.155991 -0.043545 0.0267138   0.10626 0.0703406   9.80817  38933
             85.9829 -0.508442   1.63017   1.56309  1.76032  1.87732 -0.30887 180.013       0       0 -0.13     0 -1.03 -0.328674 -0.031011 0.0474598   0.00261568  -0.00658564 -0.000776599 -0.155218  -0.04278 0.0250946  0.106236 0.0703231   9.80817  39409
             86.1829 -0.451071   1.63306    1.6025   1.72056   1.86707 -0.301871 180.013       0       0 -0.13     0 -1.03  -0.209501 -0.0637557  0.0234317   0.00273451  -0.00583348 -0.000897761 -0.162529 -0.041279 0.0250891  0.106736 0.0700729   9.80817  39101
             86.3827 -0.447797   1.58388   1.49526   1.63275   1.87124 -0.303262 180.013       0       0 -0.13     0 -1.03  -0.479226  0.0317047 -0.0210261   0.00280687  -0.00540291 -0.000609166  -0.151634 -0.0472501  0.0261431  0.106082 0.0707402   9.80817  39196
             86.5813 -0.484163   1.58913   1.32635   1.55229   1.86414 -0.304111 180.013       0       0 -0.13     0 -1.03   -0.394762  -0.0396204 0.000751147   0.00270533  -0.00569668 -0.000473811  -0.154304 -0.0439638  0.0264405  0.106209 0.0704605   9.80817  38705
             86.7812 -0.43309  1.61414  1.22336   1.47799   1.86081 -0.305557 180.013       0       0 -0.13     0 -1.03  -0.346568 -0.0138121 0.00336609   0.00272561     -0.00569 -0.000455401  -0.154779 -0.0448138  0.0261497  0.106278 0.0705092   9.80817  39027
             86.9824 -0.513537   1.58299   1.09823   1.39394   1.86979 -0.300542 180.013       0       0 -0.13     0 -1.03 -0.421426 0.0574413 0.0494037   0.00250845  -0.00578129 -0.000152496  -0.153476 -0.0456851  0.0260582  0.106234 0.0706388   9.80817  39330
             87.1823 -0.488773   1.55381   1.00452   1.32486   1.86448 -0.304688 180.013       0       0 -0.13     0 -1.03  -0.338189 -0.0283724  0.0124275   0.00264128  -0.00565433 -5.41454e-05  -0.157763 -0.0415727   0.029508  0.106242 0.0700883   9.80817  39164
             87.3809 -0.468557   1.54049  0.945262   1.24137   1.86664 -0.303143 180.013       0       0 -0.13     0 -1.03  -0.441377 0.00815164 -0.0246821  0.00270165 -0.00551445 6.47909e-05  -0.154683 -0.0438699  0.0286173   0.10621 0.0704482   9.80817  38954
             87.5808 -0.45657   1.5221 0.838361   1.17103   1.86956 -0.310481 180.013       0       0 -0.13     0 -1.03  -0.369133  0.0099594 -0.0838193  0.00272774  -0.0059383 0.000188041  -0.158775 -0.0447141  0.0288922  0.106523 0.0702139   9.80817  39173
              87.782 -0.508929   1.51484  0.765361    1.1227   1.87321 -0.307683 180.013       0       0 -0.13     0 -1.03   -0.16445 -0.0071049   0.121146  0.00273465 -0.00653508 0.000173144  -0.164452 -0.0454428  0.0255991  0.107003 0.0698682   9.80817  39431
             88.1804 -0.42259  1.53173 0.666003  0.975078   1.87793 -0.299628 180.013       0       0 -0.13     0 -1.03 -0.367626 0.0171679 0.0375601   0.0027771 -0.00613171 0.000534797  -0.160899 -0.0455709  0.0265091  0.106792 0.0701946   9.80817  38890
             88.3803 -0.437339   1.47285  0.525033   0.88355   1.87813 -0.309415 180.013       0       0 -0.13     0 -1.03  -0.482917  0.0114765 -0.0487386  0.00253504 -0.00548449 0.000591524  -0.158111 -0.0441142  0.0299603  0.106418 0.0703327   9.80817  39238
             88.5816 -0.429766   1.45604   0.51416  0.782902   1.87577 -0.315216 180.013       0       0 -0.13     0 -1.03   -0.51878 -0.0227559 -0.0111138  0.00253193 -0.00541899 0.000651289  -0.158503 -0.0434237  0.0297879  0.106373 0.0702537   9.80817  39368
             88.7815 -0.48492  1.47265 0.361178   0.72943   1.87412 -0.294846 180.013       0       0 -0.13     0 -1.03     -0.3813 0.000395613  -0.0740049  0.00244545 -0.00616194 0.000660051  -0.169462 -0.0440111   0.025617  0.107109 0.0690727   9.80817  39186
             89.1814 -0.416537   1.45408  0.260436  0.589476   1.88339 -0.294952 180.013       0       0 -0.13     0 -1.03  -0.322188  0.0159222 0.00609227   0.0021776 -0.00603541 0.000787932  -0.169301 -0.0447587  0.0247016  0.107194 0.0691456   9.80817  39446
             89.3812 -0.305736   1.42918  0.293033 0.466419  1.88451  -0.3045 180.013       0       0 -0.13     0 -1.03  -0.685267 0.00568893 -0.0800463   0.0022687 -0.00435538 0.000856626 -0.156251 -0.043828   0.02583  0.106395 0.0705587   9.80817  39149
             89.5811 -0.351047   1.41731 0.0999474  0.397753   1.88615 -0.298198 180.013       0       0 -0.13     0 -1.03 -0.284949 -0.015233  0.125267  0.00233802 -0.00413875  0.00090653   -0.16906 -0.0455099  0.0248097   0.10727 0.0691243   9.80817  39106
             89.7796  -0.412784    1.40325 -0.0110809  0.330671   1.89822 -0.318537 180.013       0       0 -0.13     0 -1.03 -0.225326  0.103868  0.326875  0.00231921 -0.00414176 0.000943677  -0.167293 -0.0477025  0.0306719  0.107363 0.0694615   9.80817  38828
             89.9809 -0.273941   1.42578 -0.127291  0.243764   1.89612 -0.291196 180.013       0       0 -0.13     0 -1.03  -0.461967 -0.0255832  -0.144921 0.00246981 -0.0046481 0.00108929  -0.165537 -0.0463873  0.0318376  0.107089 0.0696142   9.80817  39523
             90.1808 -0.203129   1.40618 -0.157265  0.182894   1.88357 -0.302105 180.013       0       0 -0.13     0 -1.03  -0.274925 -0.0705149 -0.0411679  0.00295937 -0.00245478  0.00113359  -0.170284 -0.0456551  0.0292798  0.107268 0.0689722   9.80817  39088
             90.3808 -0.345814   1.37593 -0.328706  0.108199   1.89298 -0.296707 180.013       0       0 -0.13     0 -1.03 -0.391082 0.0477025 0.0571196  0.00239056 -0.00294513  0.00137005   -0.16634 -0.0507293   0.028461  0.10784 0.069761  9.80816  39112
             90.5806 -0.277635   1.37776 -0.418883 0.0206469   1.89444 -0.297128 180.013       0       0 -0.13     0 -1.03   -0.453045 -0.00350782  -0.0423771  0.00227676 -0.00292653  0.00132978  -0.164903 -0.0479232  0.0310761  0.107357 0.0698789   9.80816  39269
             90.7807 -0.072338   1.41815 -0.376805 -0.0668762    1.89085  -0.289971 180.013       0       0 -0.13     0 -1.03  -0.481028 -0.0169823  0.0462002   0.0023114 -0.00290964  0.00131465  -0.165665 -0.0473087  0.0282549   0.10727 0.0697138   9.80817  39297
             90.9804 -0.197086   1.37825 -0.474079 -0.147758   1.90179 -0.288522 180.013       0       0 -0.13     0 -1.03    -0.4187  0.0586201 -0.0655553  0.00196594 -0.00249256  0.00152622  -0.166524 -0.0483112  0.0281336  0.107464 0.0696218   9.80816  39193
             91.1803 -0.20807  1.34454 -0.62931 -0.216381   1.90112 -0.295241 180.013       0       0 -0.13     0 -1.03  -0.352704 -0.0192389 -0.0608107   0.0022586 -0.00207862  0.00173618  -0.170048 -0.0464488  0.0264114   0.10732 0.0689726   9.80817  39226
             91.3789 -0.304774   1.31666  -0.73431 -0.301315   1.91254  -0.29444 180.013       0       0 -0.13     0 -1.03 -0.424562 0.0699893 0.0348484  0.00239442 -0.00182456  0.00194693  -0.163874 -0.0500046  0.0263161   0.10772 0.0701268   9.80816  38745
             91.5801 -0.288093   1.31165 -0.829365 -0.400196   1.91795 -0.296714 180.013       0       0 -0.13     0 -1.03  -0.490802  0.0329029 0.00325153  0.00194202 -0.00139152  0.00206726  -0.160814 -0.0467318  0.0272627   0.10705 0.0705828   9.80816  39120
             91.9799 -0.186096   1.32648 -0.944681 -0.552765   1.91939 -0.282133 180.013       0       0 -0.13     0 -1.03  -0.323505 -0.0212099   0.100228  0.00184922 -0.00216992  0.00210184 -0.165107 -0.047298  0.028548  0.107249 0.0697755   9.80817  38643
             92.1785 -0.13402  1.32199 -1.01025 -0.630704   1.91768 -0.282347 180.013       0       0 -0.13     0 -1.03  -0.547317 -0.0231319   0.078487  0.00199472 -0.00257483  0.00209072  -0.165301 -0.0477716   0.032851  0.107293 0.0697847   9.80816  38376
             92.3797 -0.174937   1.35429 -0.877006 -0.726703   1.91245 -0.273066 180.013       0       0 -0.13     0 -1.03 -0.556584 -0.115252 0.0482564  0.00227787 -0.00342123   0.0019599  -0.172361 -0.0497273  0.0334924  0.107827 0.0684119   9.80817  39089
             92.5797 -0.150737   1.31259 -0.815698 -0.635167   1.90379 -0.281056 180.013       0       0 -0.13     0 -1.03  0.618778 -0.160679 -0.127128  0.00293765 -0.00597411   0.0019825  -0.224245 -0.0673121  0.0329883  0.112309 0.0585347   9.80818  38654
             92.7795  -0.25057   1.25745 -0.825445 -0.601137   1.86182 -0.292886 180.013       0       0 -0.13     0 -1.03   0.160416 -0.0723963  -0.272379  0.00268422 -0.00643685   0.0018043 -0.207173   -0.0625 0.0297989  0.111078 0.0616713   9.80818  38642
             92.9781 -0.260066   1.27645  -1.03566 -0.651663    1.7623 -0.292106 180.013       0       0 -0.13     0 -1.03 -0.228975 -0.485641 0.0473039  0.00421846 -0.00817687      0.0021  -0.202894 -0.0564891  0.0269255  0.109863 0.0622537   9.80819  38390
             93.1794  -0.10625   1.30789 -0.956446 -0.637553   1.68052 -0.294191 180.013       0       0 -0.13     0 -1.03 0.0750237 -0.460448 -0.126844  0.00338939 -0.00590151  0.00188591  -0.214221 -0.0640884  0.0264138  0.111542 0.0604016   9.80818  38877
             93.3793 -0.0876621    1.31573  -0.876717 -0.625212    1.6126 -0.294279 180.013       0       0 -0.13     0 -1.03  0.056021 -0.349393 0.0235589  0.00335886 -0.00582008  0.00184249  -0.211576 -0.0715281  0.0209169  0.112938 0.0609746   9.80816  38685
             93.5791 -0.0964324    1.31554  -0.827374 -0.605262   1.52813  -0.29183 180.013       0       0 -0.13     0 -1.03   0.161356  -0.476828 -0.0464185 0.00346743 -0.0058028  0.0017204  -0.212345 -0.0706107  0.0191858 0.112771  0.06076  9.80816  38719
             93.7777 -0.143451   1.28446 -0.743549 -0.636433   1.45618 -0.281454 180.013       0       0 -0.13     0 -1.03  -0.142741  -0.434051 -0.0868553 0.00332428 -0.0060897 0.00169601  -0.201823 -0.0727856  0.0154575 0.112922 0.062671  9.80815  38469
              93.979 -0.0884866    1.29066  -0.655089 -0.663574   1.37349  -0.28202 180.013       0       0 -0.13     0 -1.03 -0.188925 -0.438317  0.115131  0.00324808 -0.00612306  0.00167932  -0.202041 -0.0732759   0.015153   0.11301 0.0626419   9.80815  38976
             94.1789 -0.0564681     1.3053  -0.870181 -0.688514   1.29783 -0.271202 180.013       0       0 -0.13     0 -1.03 -0.0995662  -0.354451   0.067206  0.00303394 -0.00610285  0.00193548  -0.203014 -0.0740117  0.0165544 0.113183 0.062525  9.80815  38590
             94.3787 -0.0722003    1.31075  -0.755521 -0.655077   1.22519 -0.271697 180.013       0       0 -0.13     0 -1.03  0.163358 -0.365424 0.0637069   0.0032141 -0.00690958  0.00158469  -0.217921 -0.0780103   0.022548  0.114292 0.0602202   9.80815  38485
             94.5786 0.0889889   1.33977 -0.614157 -0.650087   1.13433  -0.27426 180.013       0       0 -0.13     0 -1.03 0.0252119 -0.472692 0.0253716 0.00328228  -0.006394 0.00137816  -0.210931 -0.0743728  0.0317064  0.113626 0.0616349   9.80815  38298
             94.7786 0.0816746   1.30268 -0.597507  -0.69814   1.06282 -0.289425 180.013       0       0 -0.13     0 -1.03 -0.0390381  -0.383516  0.0141015  0.00389516 -0.00507499  0.00143159   -0.19712 -0.0776732  0.0377979  0.11402 0.064367  9.80813  38284
             94.9785  0.276322   1.37113 -0.467006 -0.694352  0.969911 -0.264734 180.013       0       0 -0.13     0 -1.03  0.165178 -0.590149   0.30154  0.00411528 -0.00503807  0.00141239  -0.197295 -0.0772533  0.0373148  0.113955 0.0643074   9.80813  38321
             95.1784 0.0528152   1.38261 -0.534372 -0.706774  0.898097 -0.245993 180.013       0       0 -0.13     0 -1.03 -0.0549447  -0.290218  0.0724547  0.00358724 -0.00513381  0.00164445  -0.193338 -0.0799476  0.0397539  0.114218 0.0650713   9.80812  38425
             95.3783 0.0479536   1.36088 -0.718903 -0.68582 0.825625 -0.25208 180.013       0       0 -0.13     0 -1.03    0.149837   -0.374815 0.000879063  0.00405637 -0.00448241  0.00179347  -0.201014 -0.0753523   0.043938  0.113835 0.0640171   9.80813  38498
             95.5782 -0.0297062    1.29331  -0.573114 -0.695626  0.762419 -0.275743 180.013       0       0 -0.13     0 -1.03 -0.0529583  -0.306644  -0.140229  0.00446057 -0.00330674  0.00147619 -0.190672 -0.077185  0.050499  0.113814 0.0658177   9.80812  38494
             95.7782  0.207271   1.24279 -0.454083 -0.715408   0.66824 -0.307128 180.013       0       0 -0.13     0 -1.03 -0.179613 -0.595104 -0.378101  0.00367728 -0.00328836  0.00143146  -0.190879 -0.0698224  0.0501624  0.112612 0.0655989   9.80813  38340
             95.9794 0.0879567   1.27979 -0.379839 -0.722086  0.594998 -0.301028 180.013       0       0 -0.13     0 -1.03 -0.0640616  -0.390182  0.0916967 0.00308308 -0.0028721  0.0012969  -0.192489 -0.0723653  0.0461585 0.112896 0.065346  9.80813  38493
              96.178 0.0511956   1.28223 -0.306673 -0.734667  0.526198  -0.27981 180.013       0       0 -0.13     0 -1.03 -0.0483821  -0.326386   0.130495  0.00228627 -0.00281229  0.00125287  -0.191605 -0.0746823  0.0466478  0.113168 0.0655647   9.80813  37878
             96.3781  0.116497   1.30754 -0.548124  -0.76443  0.443215 -0.274427 180.013       0       0 -0.13     0 -1.03 -0.150382 -0.419688 0.0542034  0.00253102 -0.00302892  0.00157066  -0.187316 -0.0697063  0.0536252  0.112463 0.0660619   9.80813  38187
              96.579  0.10246  1.28061 -0.46505 -0.739816  0.378428 -0.287568 180.013       0       0 -0.13     0 -1.03  0.153221 -0.334109 -0.114127  0.00359395 -0.00499046  0.00127619  -0.199303 -0.0773694  0.0562892  0.113859 0.0648959   9.80812  38642
             96.9777  0.068325   1.26641 -0.371898 -0.743142  0.241354 -0.290645 180.013       0       0 -0.13     0 -1.03 -0.109937 -0.323409 0.0937773  0.00258006 -0.00435655  0.00112761  -0.19751 -0.074006 0.0561031  0.113318 0.0650652   9.80813  38729
             97.1776  0.100292   1.29022 -0.208083 -0.753081  0.165722 -0.284431 180.013       0       0 -0.13     0 -1.03 -0.0294661  -0.406284  0.0359359 0.00114135 -0.0049861 0.00103775   -0.19938 -0.0713231  0.0572347  0.113023 0.0647598   9.80814  38744
             97.3787 -0.0627254    1.36148  -0.230799 -0.773036 0.0984441 -0.245262 180.013       0       0 -0.13     0 -1.03 -0.075733 -0.277419  0.142317 0.000445235 -0.00410075 0.000994551   -0.19511 -0.0702683   0.048283  0.112755 0.0650987   9.80814  38974
             97.5786  0.134828   1.36298 -0.329761  -0.790423 0.00610028  -0.246619 180.013       0       0 -0.13     0 -1.03  -0.11694 -0.522074 0.0436639 -0.000325877  -0.00432382   0.00118565  -0.197408 -0.0640172  0.0555618  0.112089 0.0647013   9.80815  38858
             97.7785 0.272968  1.33065 -0.18909   -0.77167 -0.0830944  -0.268856 180.013       0       0 -0.13     0 -1.03  0.315393 -0.459616 -0.243872  0.00020294 -0.00536357  0.00118294  -0.205993 -0.0685913  0.0603386  0.112867 0.0641448   9.80814  38702
             97.9757  0.155968   1.28309 -0.145798 -0.768125 -0.155074 -0.281697 180.013       0       0 -0.13     0 -1.03 0.00264011  -0.306896  -0.033239 -4.08651e-07  -0.00614609   0.00102775  -0.203125 -0.0689252  0.0586741   0.11279 0.0644139   9.80814  38245
             98.1756  0.0880201    1.27092 -0.0790749 -0.799236 -0.221807 -0.278899 180.013       0       0 -0.13     0 -1.03 -0.177289 -0.334056 -0.100894 -6.96141e-05  -0.00682039   0.00103546  -0.196499 -0.0660213  0.0554186  0.112195 0.0648977   9.80814  38754
             98.3771  0.127663   1.26512 0.0170818 -0.810314 -0.307247  -0.28462 180.013       0       0 -0.13     0 -1.03  -0.061868  -0.447676 -0.0776245 -0.000665964  -0.00770084  0.000911376  -0.204331 -0.0631712  0.0519982  0.112158 0.0639744   9.80815  39082
              98.577  0.160183   1.31294 0.0138249 -0.810642 -0.388163 -0.275088 180.013       0       0 -0.13     0 -1.03 0.0275014 -0.366996  0.113231 0.000242824 -0.00771383  0.00108581  -0.205333 -0.0691695  0.0494135  0.112724 0.0640324   9.80814  38974
             98.7754 -0.0200457    1.50282  -0.172909 -0.787321 -0.436195 -0.189283 180.013       0       0 -0.13     0 -1.03 0.0865883 -0.070854  0.465787 0.000693003 -0.00819855  0.00112344   -0.2095 -0.074492 0.0371707  0.113269 0.0634976   9.80814  38699
             98.9768  1.04059  1.39925 0.086382 -0.795889 -0.578867 -0.207386 180.013       0       0 -0.13     0 -1.03 -0.063793 -0.748644  0.178438  0.00259508 -0.00856951  0.00091552  -0.208857 -0.0675197  0.0446633  0.112549 0.0634814   9.80815  39237
             99.1779 0.909108  1.52464 0.134271 -0.806746  -0.64451 -0.207842 180.013       0       0 -0.13     0 -1.03 -0.0939933   -0.25438  0.0883946 0.000234135 -0.00823583 0.000843822  -0.208477 -0.0804557  0.0504995  0.113831 0.0644101   9.80813  39306
             99.3765  0.266121   1.38556 0.0651307 -0.827988 -0.650869  -0.23723 180.013       0       0 -0.13     0 -1.03 -0.111121 0.0544563 -0.138111 0.000838863  -0.0082054 0.000906762  -0.208836 -0.0875851  0.0563338 0.114465 0.065192  9.80812  38765
             99.5763 0.235527  1.33882 0.234794 -0.837601 -0.714963  -0.25933 180.013       0       0 -0.13     0 -1.03 -0.0516378  -0.384048  -0.123943 -0.00178325 -0.00896178 0.000642723 -0.215087 -0.069487 0.0569071  0.113217 0.0640958   9.80814  39009
             99.7762 0.221568  1.34103 0.253564 -0.857809 -0.787068 -0.262802 180.013       0       0 -0.13     0 -1.03 -0.164915 -0.198853  0.310698 -0.00179178  -0.0086731 0.000657016  -0.213041 -0.0692036  0.0554203  0.113114 0.0641688   9.80814  39095
             99.9761 0.0863056   1.41554  0.161076 -0.850089 -0.812823 -0.211932 180.013       0       0 -0.13     0 -1.03  0.0404114 -0.0708793   0.250013  -0.0015304 -0.00802609 0.000733244  -0.215284 -0.0689373  0.0559494    0.1132 0.0640407   9.80814  39016
             100.177 0.112209  1.41052 0.267316 -0.858054 -0.792377 -0.204371 180.013       0       0 -0.13     0 -1.03 -0.0626324   0.121256  0.0700597 -0.00282896 -0.00849359 0.000607445  -0.212448 -0.0755011  0.0606668  0.113541 0.0646134   9.80813  39314
             100.376   0.167635    1.40863 0.00842521 -0.867736 -0.770197 -0.216569 180.013       0       0 -0.13     0 -1.03  -0.154486   0.114197 -0.0387067 -0.00294109 -0.00908779 0.000766464  -0.217342 -0.0747552  0.0657064  0.113665 0.0643794   9.80813  38757
             100.576 0.0940139   1.52012 0.0665344 -0.833186 -0.774202 -0.202249 180.013       0       0 -0.13     0 -1.03   0.128294 -0.0452117  0.0436109 -0.00408824  -0.0127601 0.000691956 -0.240291 -0.068375 0.0612797  0.113973 0.0623021   9.80814  38910
             100.777 0.0999123   1.56715  0.347806 -0.727226 -0.792238 -0.167966 180.013       0       0 -0.13     0 -1.03   0.602578 -0.0415356   0.288846 -0.00442398  -0.0152044   0.0006736  -0.260124 -0.0664934  0.0557434    0.1144 0.0602745   9.80815  39250
             100.977 0.131661  1.56434 0.542397 -0.625144 -0.787513 -0.151066 180.013       0       0 -0.13     0 -1.03  0.479068 0.0253581  0.163516 -0.00446661  -0.0152153 0.000280287  -0.259563 -0.0669943  0.0583607  0.114375 0.0604067   9.80815  39042
             101.176 0.026482  1.71834 0.774956  -0.500551  -0.775647 -0.0879173 180.013       0       0 -0.13     0 -1.03  0.59866 0.057237 0.336222  -0.00467664   -0.0141288 -5.28899e-05 -0.267275 -0.068501  0.056258  0.114817 0.0599807   9.80814  38785
             101.374 -0.0123441    1.76059   0.914942  -0.389444  -0.768375 -0.0574962 180.013       0       0 -0.13     0 -1.03  0.561562 0.0587703  0.166641  -0.00499911   -0.0137675 -0.000269352  -0.266762 -0.0659071  0.0646243  0.114371 0.0600282   9.80815  38744
             101.575 -0.0135956    1.70038   0.945198  -0.291909  -0.772198 -0.0901625 180.013       0       0 -0.13     0 -1.03  0.472086  -0.01119 -0.228137  -0.00567463   -0.0134169 -0.000379223 -0.264568 -0.062087 0.0734003  0.113866 0.0600248   9.80816  39176
             101.777 0.348917  1.47894  1.11136 -0.220395 -0.812005  -0.20021 180.013       0       0 -0.13     0 -1.03  0.391461 -0.342644 -0.338859  -0.00626477   -0.0129845 -0.000409395  -0.260503 -0.0550784  0.0862869   0.11327 0.0598923   9.80816  39269
             101.975 0.182417  1.51602  1.21842 -0.124981 -0.796015 -0.214693 180.013       0       0 -0.13     0 -1.03  0.438678  0.099942 -0.292075  -0.00744791   -0.0127073 -0.000502371   -0.2616 -0.059739 0.0824812  0.113403 0.0599665   9.80816  38855
             102.174 0.156145  1.59041  1.47708 -0.00618331   -0.788932   -0.189928 180.013       0       0 -0.13     0 -1.03   0.571972  0.0212949 -0.0308228   -0.0064272   -0.0111118 -0.000940319  -0.265631 -0.0571518  0.0732305 0.113707 0.059492  9.80816  38868
             102.375 0.160376  1.57632  1.40202 0.0703061 -0.784505 -0.199489 180.013       0       0 -0.13     0 -1.03    0.37351   0.043402 -0.0288282  -0.00627258   -0.0108597 -0.000831152  -0.255103 -0.0571921  0.0727409  0.11331 0.059374  9.80817  39335
             102.576 0.111692  1.57034  1.42575  0.153369 -0.792363 -0.203816 180.013       0       0 -0.13     0 -1.03   0.412695 -0.0444982 -0.0191794   -0.0070138   -0.0112031 -0.000921674  -0.257012 -0.0523415  0.0723288  0.113499 0.0592357   9.80816  39303
             102.975 0.0644923   1.70327   1.74186  0.372923 -0.786775 -0.136578 180.013       0       0 -0.13     0 -1.03  0.644986 0.0615388  0.343288  -0.0067227  -0.0121387 -0.00107769  -0.260517 -0.0532912  0.0741355  0.113584 0.0593627   9.80816  39168
             103.376 0.00204602    1.80446    2.07402   0.589433  -0.780427 -0.0935808 180.013       0       0 -0.13     0 -1.03    0.515687 -0.00168494   0.0904129 -0.00845423 -0.00938197 -0.00168654  -0.256832 -0.0503819  0.0804057  0.113335 0.0592928   9.80817  39366
             103.575 0.0191601   1.83172   2.09795   0.691958  -0.786224 -0.0980989 180.013       0       0 -0.13     0 -1.03    0.514057 -0.00613674  -0.0446004 -0.00950495 -0.00907246 -0.00174693  -0.256839 -0.0474392  0.0835524  0.113317 0.0592456   9.80817  38684
             103.774 -0.0409655    2.05564    2.21122   0.804854  -0.783957 -0.0513933 180.013       0       0 -0.13     0 -1.03  0.433239 0.0529425  0.247528 -0.00938261 -0.00913988 -0.00178183   -0.25826 -0.0472182  0.0726619  0.113914 0.0593562   9.80816  38914
             103.974 -0.0052392    1.88062    2.32987   0.882548  -0.782561 -0.0934249 180.013       0       0 -0.13     0 -1.03  0.395434 0.0299998  -0.25971  -0.0092873 -0.00905768 -0.00194708  -0.25799 -0.046641 0.0771749  0.113747 0.0593362   9.80816  38825
             104.174 0.0115468   1.76276    2.5225  0.967636 -0.790996 -0.153959 180.013       0       0 -0.13     0 -1.03   0.422448 -0.0391545  -0.374352 -0.00837507  -0.0089238 -0.00208331  -0.259103 -0.0427686  0.0766936 0.114093 0.059304  9.80816  38778
             104.374 0.030611  1.78818  2.58692   1.06066 -0.801436 -0.165919 180.013       0       0 -0.13     0 -1.03   0.461849 -0.0538839  -0.123742 -0.00863316 -0.00859945 -0.00196559  -0.259461 -0.0416618  0.0644415  0.114582 0.0592956   9.80815  38785
             104.975 0.0378713    1.8256   2.85083  1.33011 -0.77205 -0.16048 180.013       0       0 -0.13     0 -1.03  0.427908 0.0794317 0.0239002  -0.0075006 -0.00855131 -0.00279518  -0.259605 -0.0424518  0.0666924  0.114452 0.0593431   9.80815  39263
             105.374 0.0236096   1.88542   3.07366   1.55748 -0.783719 -0.160921 180.013       0       0 -0.13     0 -1.03   0.624757 -0.0599497  0.0021951 -0.00952336  -0.0105124 -0.00308719  -0.262901 -0.0384684  0.0627084  0.114986 0.0594485   9.80815  38519
             105.574 -0.105968   1.81276    3.0376   1.62488 -0.765811 -0.184147 180.013       0       0 -0.13     0 -1.03  0.277395  0.150418 -0.190137 -0.00749299 -0.00676317 -0.00302579   -0.25197 -0.0468266  0.0649162  0.113685 0.0581208   9.80817  38745
             105.775 -0.157554   1.80663   3.27511   1.71303 -0.750682 -0.197939 180.013       0       0 -0.13     0 -1.03    0.30965 -0.0141108  0.0624239 -0.00749997 -0.00695069 -0.00309314  -0.257812 -0.0429469  0.0613477  0.114395 0.0589116   9.80816  39111
             105.975 0.000465227     1.83404     3.38356   1.82161 -0.755533 -0.207336 180.013       0       0 -0.13     0 -1.03    0.526698 -0.00735718  -0.0955131 -0.00742645 -0.00637036 -0.00326415 -0.260361 -0.042275 0.0622354  0.114495 0.0592196   9.80815  38785
             106.173 0.0232269   1.86707   3.33982   1.92172 -0.755728 -0.206704 180.013       0       0 -0.13     0 -1.03    0.496789 -0.00571446   0.0354916 -0.00759044 -0.00653613 -0.00330644  -0.259114 -0.0427328  0.0592551  0.114491 0.0590595   9.80815  38490
             106.373 0.0246922   1.90571    3.4209   2.01243 -0.761257 -0.190953 180.013       0       0 -0.13     0 -1.03   0.449156 -0.0294362  0.0864322 -0.00726823 -0.00662139 -0.00350249  -0.257205 -0.0411294  0.0579356  0.114747 0.0587737   9.80815  38716
             106.575 -0.0225141    1.95715    3.54592   2.10426 -0.752024 -0.173091 180.013       0       0 -0.13     0 -1.03  0.453059  0.075255 0.0801874 -0.00709734 -0.00637799 -0.00360803  -0.258497 -0.0438712  0.0576295  0.114381 0.0589769   9.80816  39053
             106.774 -0.192599   1.99232   3.61615   2.21179 -0.739448 -0.150087 180.013       0       0 -0.13     0 -1.03 0.594309 0.143853 0.479978 -0.00737659 -0.00692807 -0.00367619  -0.262333 -0.0417325  0.0568295  0.114758 0.0595438   9.80815  38806
             106.973 -0.067974    1.9974   3.85369   2.32889 -0.743139 -0.178508 180.013       0       0 -0.13     0 -1.03   0.610954 -0.0414722  -0.209346 -0.00728049 -0.00675619 -0.00394942  -0.262313 -0.0403279  0.0630296  0.114718 0.0594584   9.80815  38388
             107.173 -0.0209784     1.9571    4.03495   2.41853 -0.754824 -0.207022 180.013       0       0 -0.13     0 -1.03   0.412105 -0.0306039 -0.0577632 -0.00694072 -0.00821113 -0.00407261  -0.255929 -0.0402869  0.0625497 0.114727 0.058452  9.80815  38638
             107.574 0.0284737   1.99419   4.08293   2.60347 -0.738314 -0.222884 180.013       0       0 -0.13     0 -1.03   0.469813  0.0699477 -0.0481643 -0.00607404 -0.00926182 -0.00425957  -0.261451 -0.0420577  0.0574965  0.114586 0.0594495   9.80815  38550
             107.974 0.0660656   1.96001   4.39869   2.82666 -0.750824 -0.239964 180.013       0       0 -0.13     0 -1.03   0.610482 -0.0948903 -0.0640409 -0.00659855  -0.0103274 -0.00440263  -0.263561 -0.0394589   0.051891  0.115297 0.0598191   9.80814  38821
             108.174 0.0262859   1.96886   4.63804   2.89263 -0.740745 -0.239494 180.013       0       0 -0.13     0 -1.03   0.290162  0.0742594 -0.0724779 -0.00515206 -0.00851402 -0.00448184  -0.256802 -0.0459543  0.0493529  0.114163 0.0582253   9.80816  38599
             108.374 -0.00854583     2.02063      4.4504   2.97176 -0.728876  -0.23748 180.013       0       0 -0.13     0 -1.03    0.41046  0.0684856 -0.0355978 -0.00510298 -0.00921449 -0.00439137  -0.260427 -0.0434588  0.0450642  0.114686 0.0589476   9.80815  38672
             108.574 0.0121863   2.05763   4.50886   3.07995 -0.724631 -0.228099 180.013       0       0 -0.13     0 -1.03  0.548935 0.0126267 0.0949305 -0.00533143  -0.0102193 -0.00449704 -0.266305 -0.038832 0.0460639   0.11547 0.0602764   9.80814  38587
             108.772 -0.00720826     2.07294     4.61768   3.18181 -0.716393 -0.229322 180.013       0       0 -0.13     0 -1.03  0.547455  0.134939 -0.139801 -0.00516402 -0.00993365 -0.00449684 -0.264941  -0.04054 0.0503921  0.115005 0.0599862   9.80814  38178
             108.972 -0.0388696    2.06633    4.86277   3.27928 -0.716094 -0.238577 180.013       0       0 -0.13     0 -1.03   0.442157 -0.0130428 -0.0142509   -0.004843 -0.00984811 -0.00483646  -0.264072 -0.0394717  0.0494811  0.115282 0.0598408   9.80814  38290
             109.373 -0.131358   2.33426   4.99839   3.46506  -0.69686 -0.186577 180.013       0       0 -0.13     0 -1.03  0.675284 0.0857836  0.138681 -0.00495523 -0.00875073  -0.0048242  -0.262301 -0.0425629  0.0467199  0.114848 0.0594587   9.80815  38482
             109.573 -0.0514668    2.11183    4.83499   3.61141  -0.69313 -0.231548 180.013       0       0 -0.13     0 -1.03  0.822477 0.0142817 -0.325156 -0.00600563 -0.00747408 -0.00481235  -0.262762 -0.0402478  0.0668595  0.113808 0.0586958   9.80816  38938
             109.773 -0.348496   1.86277   4.74877   3.51198 -0.684213  -0.30588 180.013       0       0 -0.13     0 -1.03 -0.796396  0.143009 -0.413921 -0.00719338 -0.00794319  -0.0049059 -0.223791  -0.05551 0.0698351  0.111589 0.0491932   9.80824  38561
             109.973 -0.28898  1.91637  4.89452   3.43861 -0.695369 -0.288888 180.013       0       0 -0.13     0 -1.03  -0.368811 -0.0550223  0.0694605  -0.0066372 -0.00686055 -0.00500442 -0.227621 -0.052093 0.0647975  0.112331 0.0501407   9.80823  38633
             110.373 -0.223402   1.96001   4.60738   3.43169 -0.677075 -0.269642 180.013       0       0 -0.13     0 -1.03 0.0494152  0.169846 0.0456478 -0.00686279 -0.00775403 -0.00468956   -0.24565 -0.0446738  0.0644655  0.113401 0.0541161    9.8082  38601
             110.572 -0.0437155    2.11772    4.84389   3.44604 -0.620603 -0.243569 180.013       0       0 -0.13     0 -1.03  0.082354  0.326166 0.0644602 -0.00550317 -0.00773698 -0.00479604  -0.247025 -0.0475581  0.0553593  0.112929 0.0545348    9.8082  38366
             110.773 -0.0711132    2.17909    4.72993   3.45053  -0.52611 -0.211472 180.013       0       0 -0.13     0 -1.03 -0.00687678    0.504749    0.519131 -0.00519575 -0.00763326 -0.00476771   -0.24599 -0.0536718  0.0526481  0.111919 0.0542761   9.80821  38812
             110.973 -0.0894457    2.16964    4.62109   3.43509 -0.455683 -0.217322 180.013       0       0 -0.13     0 -1.03 -0.102594  0.429758  0.131086 -0.00473673 -0.00772727 -0.00454769   -0.24519 -0.0517612  0.0585608  0.112058 0.0540758   9.80821  38317
             111.173 -0.254526   2.04656   4.53631   3.43913 -0.375373   -0.2455 180.013       0       0 -0.13     0 -1.03 0.0435848  0.360978 -0.254104 -0.00450345 -0.00626822 -0.00444293  -0.250721 -0.0494201  0.0652332  0.112126 0.0550404    9.8082  38283
             111.373 -0.0817149    2.06348    4.56252   3.45086 -0.303628 -0.267191 180.013       0       0 -0.13     0 -1.03  0.0605727   0.403877 0.00796615 -0.00379434 -0.00646544 -0.00451891   -0.25094 -0.0457128  0.0622836  0.112906 0.0551978   9.80819  38200
             111.572 -0.208636   2.10857   4.58087   3.43212 -0.206476 -0.240572 180.013       0       0 -0.13     0 -1.03 -0.11547 0.518553  0.15089 -0.00362792 -0.00550542 -0.00441686   -0.24334 -0.0486552  0.0584577  0.112619 0.0537722   9.80821  38247
             111.772 -0.199797   2.10189   4.55238   3.44689 -0.126478 -0.243889 180.013       0       0 -0.13     0 -1.03    0.25104   0.577688 -0.0210249 -0.00489262 -0.00649626 -0.00441876   -0.25069 -0.0369412  0.0656814  0.114349 0.0552217   9.80818  38179
             112.171 -0.182636   2.08138   4.41197    3.4569 0.0181039 -0.262519 180.013       0       0 -0.13     0 -1.03 -0.0317964   0.327634  -0.160714  -0.0046052 -0.00640187  -0.0041167   -0.24642 -0.0331831   0.063731  0.115157 0.0545667   9.80817  38322
             112.372 -0.450798   1.92442   4.44824   3.45577  0.110724 -0.299038 180.013       0       0 -0.13     0 -1.03 -0.0465446   0.447439  -0.217146  -0.0032462 -0.00712818 -0.00404566  -0.252549 -0.0408675  0.0651684  0.113627 0.0554917   9.80818  38713
             112.572 -0.403826   1.91651    4.4263   3.42944  0.193869 -0.309648 180.013       0       0 -0.13     0 -1.03  -0.148978    0.44613 -0.0427895 -0.00366648  -0.0068679 -0.00384668   -0.25032 -0.0387564  0.0597259  0.114128 0.0554295   9.80818  38313
             112.771 -0.120645   2.07207   4.28367   3.44555  0.249364 -0.282472 180.013       0       0 -0.13     0 -1.03 -0.0304976   0.398434  -0.820046 -0.00508177 -0.00843536 -0.00392992  -0.258806 -0.0262799  0.0510665 0.116325 0.057561  9.80814  37838
             112.972 -0.309608   1.95702   4.33956  3.41776 0.350646    -0.32 180.013       0       0 -0.13     0 -1.03 -0.124941  0.448273 -0.125738 -0.00523404 -0.00839779 -0.00384813  -0.257698 -0.0277708   0.044248   0.11622 0.0575549   9.80814  38384
             113.172 -0.382075    1.9346   4.08943   3.40714  0.435646 -0.312599 180.013       0       0 -0.13     0 -1.03 -0.0691698   0.443284  0.0992199 -0.00463744 -0.00751401 -0.00349283  -0.260026 -0.0249066  0.0410234  0.116761 0.0580045   9.80813  37885
             113.372 -0.249013   2.07946   4.06207    3.4495  0.493818 -0.272867 180.013       0       0 -0.13     0 -1.03 0.292614 0.198692  0.30665 -0.00446106 -0.00695835 -0.00359169   -0.27146 -0.0169919  0.0429867  0.117884 0.0597674   9.80811  37897
             113.572 -0.264928   2.03852   4.18072  3.45476  0.57692 -0.28962 180.013       0       0 -0.13     0 -1.03   -0.009575    0.397769 -0.00130289 -0.00294947 -0.00610978 -0.00369666  -0.264226 -0.0292479  0.0640937  0.115663 0.0583959   9.80814  37743
             113.971 0.451973 0.919519  4.22396   3.36652  0.671563 -0.169175 180.013       0       0 -0.13     0 -1.03 -0.347594 0.0952767  0.489737 -0.00441641 -0.00405182  -0.0037403   -0.25435 -0.0234136  0.0567429  0.116614 0.0569809   9.80814  37824
             114.171  0.14457 0.684446   3.9798    3.34862   0.774508 -0.0550402 180.013       0       0 -0.13     0 -1.03 -0.0567617   0.620664   0.645657 -1.2784e-05 -0.00697419 -0.00344082  -0.26317 -0.032894 0.0560276   0.11517 0.0581459   9.80815  37997
             114.571 0.0181918  0.778735   3.81417   3.37511  0.939965 0.0587841 180.013       0       0 -0.13     0 -1.03 0.153196 0.333152 0.234259 -0.00252853 -0.00873052 -0.00332395  -0.266497 -0.0264723  0.0770727  0.117178 0.0591984   9.80812  37779
             114.771 0.189028 0.832939   3.9841   3.35817  0.994874 0.0305573 180.013       0       0 -0.13     0 -1.03 -0.0260961   0.415916   0.038947 -0.00330094 -0.00294237 -0.00344808  -0.256229 -0.0263927  0.0979001  0.118195 0.0576228   9.80812  37474
             114.971 0.0465259  0.772266    3.9372    3.35596    1.10389 0.00795547 180.013       0       0 -0.13     0 -1.03 0.0338307  0.603088 -0.173573 -0.00338074 -0.00279973 -0.00342462   -0.25661 -0.0277406  0.0998643  0.118137 0.0576968   9.80812  37263
             115.371 0.0269237  0.706887   3.65896    3.33664     1.2839 -0.0444013 180.013       0       0 -0.13     0 -1.03 -0.0542882   0.486582  -0.140944 -0.00185466 -0.00380399 -0.00281856  -0.251025 -0.0230373  0.0930495  0.118363 0.0567699   9.80812  36700
             115.571 -0.230595  0.683767   3.51072   3.35328   1.36889 -0.050671 180.013       0       0 -0.13     0 -1.03  0.116785   0.43482 -0.187109  -0.0035352 -0.00541487 -0.00287488   -0.25701 -0.0179407  0.0796746  0.118386 0.0572412   9.80812  36196
             115.971 -0.236388  0.691488    3.5624    3.35457    1.51825 -0.0348067 180.013       0       0 -0.13     0 -1.03 -0.0431018   0.355217   0.168988 -0.00377789 -0.00410051 -0.00296307  -0.252233 -0.0178543  0.0779175  0.118252 0.0568158   9.80812  35866
             116.171 -0.213344  0.672673   3.65574   3.34744   1.59004 -0.033579 180.013       0       0 -0.13     0 -1.03  -0.016952   0.357433 -0.0503063 -0.00348522  -0.0041847 -0.00301531  -0.252136 -0.0186978  0.0803634  0.118306 0.0567657   9.80812  35812
              116.37 -0.0159716   0.774424    3.52782    3.35218    1.67394 -0.0304608 180.013       0       0 -0.13     0 -1.03  0.0577649   0.408764 -0.0658287 -0.00319358 -0.00410849  -0.0028171  -0.253149 -0.0206229  0.0758836  0.117841 0.0569024   9.80813  36057
              116.57 -0.223882  0.663102   3.45057   3.38039   1.74714 -0.025847 180.013       0       0 -0.13     0 -1.03 0.187949 0.382913 0.103041 -0.00382394 -0.00436989 -0.00276892 -0.255268 -0.016279 0.0760466  0.118307 0.0570799   9.80812  35873
              116.77 -0.270287  0.658918   3.43416    3.38288    1.81911 -0.0245458 180.013       0       0 -0.13     0 -1.03 -0.185037  0.358873 -0.167944 -0.00393923 -0.00382115 -0.00277704 -0.248204 -0.016262  0.078053 0.118336 0.056437  9.80812  35829
              116.97 -0.0817421   0.724212    3.54131    3.36147    1.88046 -0.0343248 180.013       0       0 -0.13     0 -1.03 -0.0626425   0.288546 -0.0580221 -0.00373439 -0.00367804 -0.00294875  -0.248759 -0.0159951  0.0761748  0.118243 0.0564895   9.80812  35637
              117.17 -0.0230448    0.73486    3.50881  3.32974  1.95786 -0.04544 180.013       0       0 -0.13     0 -1.03 -0.155902  0.342311 -0.107439 -0.00410897 -0.00472252 -0.00287391  -0.245081 -0.0237394  0.0750306  0.117462 0.0562567   9.80814  35648
              117.37 -0.113298   0.75689   3.44192    3.32809    2.04777 -0.0471124 180.013       0       0 -0.13     0 -1.03   -0.01146   0.398843 -0.0584002 -0.00366546 -0.00535091 -0.00273208  -0.255149 -0.0280003   0.070803   0.11694 0.0571035   9.80814  35483
              117.57 -0.142827  0.750971   3.32655    3.33997     2.1229 -0.0437258 180.013       0       0 -0.13     0 -1.03 0.0789494  0.354088 0.0735329 -0.00392249 -0.00591253 -0.00258853 -0.258608 -0.025582  0.068146   0.11705 0.0573503   9.80813  35374
              117.97 -0.0105185   0.782107    3.59857    3.38889    2.15916 -0.0426351 180.013       0       0 -0.13     0 -1.03   0.174268 -0.0604198 -0.0120264 -0.00458717 -0.00553233 -0.00295194  -0.257045 -0.0219721  0.0691096  0.117336 0.0572012   9.80813  35084
              118.17 -0.0955539   0.762629    3.56086    3.36983    2.15526 -0.0431827 180.013       0       0 -0.13     0 -1.03     -0.0776 -0.00378952 -0.00602473 -0.00348019 -0.00129182 -0.00311854  -0.247039 -0.0250479  0.0688518  0.116984 0.0566257   9.80814  35159
              118.37 -0.103372   0.75075   3.60766     3.3437     2.1641 -0.0333265 180.013       0       0 -0.13     0 -1.03 -0.0390346   0.070679  0.0169423  -0.00324217 -0.000390335  -0.00291149  -0.240487 -0.0287679  0.0652297  0.116407 0.0559972   9.80815  34830
              118.77 -0.159895  0.752592   3.17561    3.22872    2.18467 -0.0248891 180.013       0       0 -0.13     0 -1.03  -0.419565  0.0305326 -0.0359065 -0.00289573  0.00199889 -0.00206045  -0.224744 -0.0308146  0.0609992  0.115868 0.0544018   9.80816  34775
              118.97 -0.145583  0.743356   2.92766    3.20276    2.16451 -0.0313923 180.013       0       0 -0.13     0 -1.03 -0.0883486  -0.117908 -0.0677089 -0.00286185  0.00200278 -0.00172371 -0.234353 -0.023859 0.0573648  0.116366 0.0551539   9.80815  34712
              119.17 -0.0894083   0.740341     2.8523    3.18921    2.14901 -0.0304981 180.013       0       0 -0.13     0 -1.03 -0.0255087 -0.0695388 -0.0170819 -0.00277481  0.00239114 -0.00160013 -0.232833 -0.026077 0.0525557   0.11596 0.0550925   9.80816  34823
              119.37 -0.174204  0.667211   2.83671   3.12699   2.15665 -0.023163 180.013       0       0 -0.13     0 -1.03 -0.301905 0.0580634 0.0214888 -0.00202345  0.00382755 -0.00146634  -0.213756 -0.0358454  0.0482662  0.114965 0.0543794   9.80818  35148
             119.769 -0.157726  0.681383    2.7128  2.99405  2.15609 -0.01328 180.013       0       0 -0.13     0 -1.03  -0.307345 -0.0185825 0.00646879 -0.00233161   0.0042955 -0.00124273   -0.21024 -0.0324286  0.0451772  0.114894 0.0541644   9.80818  35364
             119.969 -0.138999  0.661676     2.678     2.91715     2.15911 -0.00689107 180.013       0       0 -0.13     0 -1.03 -0.365214 0.0155293 -0.031125 -0.00236621  0.00412474 -0.00113044  -0.207313 -0.0336201   0.041531 0.114602 0.054052  9.80818  35573
             120.169 -0.227294  0.604169   2.39927    2.82837    2.16641 -0.0209518 180.013       0       0 -0.13     0 -1.03  -0.40023 0.0424203 -0.162465  -0.00236112   0.00417401 -0.000779665   -0.20128 -0.0360705  0.0374712  0.114175 0.0538888   9.80819  35654
             120.369 -0.234547  0.559986   2.32593    2.74364     2.1591 -0.0367814 180.013       0       0 -0.13     0 -1.03  -0.424143 -0.0544828  -0.119252 -0.00293492  0.00401573 -0.00068699  -0.200668 -0.0319333  0.0311332  0.113848 0.0538518   9.80819  35612
             120.569 -0.242705  0.560584   2.20434    2.64337    2.15986 -0.0330822 180.013       0       0 -0.13     0 -1.03  -0.497598  0.0191048 -0.0151757  -0.00284669   0.00434484 -0.000555628  -0.196935 -0.0348459  0.0213165 0.113046 0.054049   9.8082  36026
             120.769 -0.25049 0.553871  2.07026    2.55789    2.16284 -0.0178768 180.013       0       0 -0.13     0 -1.03   -0.30158 -0.0465517   -0.10579  -0.00288482   0.00422823 -0.000537824  -0.199731 -0.0344305  0.0167716  0.112808 0.0541438    9.8082  36158
             120.969 -0.221648  0.533447   2.04008    2.47499    2.15796 -0.0152154 180.013       0       0 -0.13     0 -1.03  -0.421008 -0.0285263    -0.1563  -0.00308333   0.00380437 -0.000382218  -0.198563 -0.0346527  0.0146528  0.112649 0.0541764    9.8082  36372
             121.168 -0.210596  0.505584   1.91817    2.37071    2.15387 -0.0209084 180.013       0       0 -0.13     0 -1.03   -0.51078 -0.0285198 0.00944152   -0.0029756   0.00290713 -0.000178392  -0.194382 -0.0346753  0.0118108  0.112366 0.0542398   9.80821  36660
              121.37 -0.201298  0.522956   1.85674     2.2721    2.14583 -0.0128784 180.013       0       0 -0.13     0 -1.03  -0.484109 -0.0365335  0.0191022 -0.00315629  0.00285161 1.82174e-06    -0.1963 -0.0326568 0.00776381   0.1121 0.054197  9.80821  37276
             121.568 -0.220118  0.489957   1.72502    2.18132    2.15108 -0.0169323 180.013       0       0 -0.13     0 -1.03  -0.454668  0.0308517 -0.0889551   -0.002981  0.00270542 0.000146752  -0.198761 -0.0357424 0.00358794  0.111949 0.0542558   9.80821  37052
             121.768 -0.187704  0.437522   1.64391     2.10567      2.1502 -0.00453709 180.013       0       0 -0.13     0 -1.03 -0.416976  0.014433 -0.487188 -0.00310286  0.00244571 0.000155526   -0.201892  -0.0339706 -0.00256638  0.111581 0.0542189   9.80822  37709
             122.169 -0.13271 0.312762  1.46559    1.93814    2.14224 -0.0763894 180.013       0       0 -0.13     0 -1.03  -0.373339 -0.0224135  -0.116482 -0.00301917  0.00209344 0.000428433   -0.201359  -0.0336486 -0.00623278  0.111299 0.0542563   9.80822  38293
             122.568 -0.193936    0.3717   1.21937    1.75034     2.1479 -0.0456266 180.013       0       0 -0.13     0 -1.03 -0.461879 0.0162013  0.113452  -0.0026622  0.00370265 0.000848642   -0.19731 -0.0346128 -0.0281538 0.109427 0.054613  9.80824  38010
             122.768 -0.176364  0.384261   1.18945     1.65671     2.15012 -0.00864996 180.013       0       0 -0.13     0 -1.03  -0.370291  0.0579407 -0.0677413 -0.00282932    0.003848 0.000844599  -0.197268 -0.0340863  -0.033579  0.108964 0.0547001   9.80824  38158
             122.969 -0.220495  0.402844   1.06772      1.58433      2.14826 -0.000815089 180.013       0       0 -0.13     0 -1.03  -0.334172 -0.0073642    0.09044 -0.00252579  0.00373891  0.00106636  -0.197381 -0.0332788 -0.0353423   0.10879 0.0546954   9.80824  38400
             123.169 -0.193534  0.385987  0.873291     1.4968    2.14866 0.00398465 180.013       0       0 -0.13     0 -1.03  -0.414728 0.00807321   0.100152 -0.00261003  0.00227091  0.00121333  -0.191862  -0.033699 -0.0325858  0.108899 0.0550651   9.80824  38047
             123.368 -0.225825  0.380748  0.828264  1.39043  2.15918 0.010395 180.013       0       0 -0.13     0 -1.03  -0.51938 0.0539411  0.106994 -0.00260751  0.00187352  0.00146707  -0.182626 -0.0381471 -0.0254205   0.10958 0.0558034   9.80823  37855
             123.569 -0.246623  0.379762  0.680782  1.29773  2.15696 0.028116 180.013       0       0 -0.13     0 -1.03  -0.445062 -0.0176527   0.119859 -0.00321336  0.00143667  0.00162839  -0.186267 -0.0344187 -0.0234721   0.10945 0.0554131   9.80823  38251
             123.967 -0.124788   0.46499  0.593934    1.1725   2.14544 0.0476638 180.013       0       0 -0.13     0 -1.03 -0.188127 -0.037245 0.0221988 -0.00314805 0.000899763  0.00161939  -0.189961 -0.0346779 -0.0217394  0.109632 0.0550213   9.80823  37742
             124.167 -0.17562 0.356086 0.517858   1.12515   2.15298 0.0239419 180.013       0       0 -0.13     0 -1.03  -0.222891  0.0616863 -0.0409712 -0.00228385   0.0014374  0.00154209   -0.18852 -0.0363527 -0.0184027  0.109974 0.0553267   9.80823  38062
             124.367 -0.180305  0.327719  0.468782  1.02764  2.16686 0.015905 180.013       0       0 -0.13     0 -1.03 -0.479951 0.0684055 -0.027688 -0.00215751  0.00262747  0.00165973  -0.174591 -0.0366142 -0.0176978  0.109896 0.0568877   9.80822  38147
             124.569 -0.189536  0.290195  0.387001  0.934268   2.16903 0.0110055 180.013       0       0 -0.13     0 -1.03  -0.450986 0.00718523  0.0433021 -0.00247725  0.00245248  0.00174654  -0.175916 -0.0333103 -0.0159912  0.109666 0.0567022   9.80822  38427
             124.967 -0.212803  0.326161  0.139437  0.779171   2.17426 0.0239395 180.013       0       0 -0.13     0 -1.03  -0.335862  0.0286571 -0.0154155 -0.00260519  0.00220577  0.00181635  -0.178671 -0.0332783 -0.0181349  0.109551 0.0564241   9.80823  38126
             125.368 -0.201403  0.264419 0.0390249  0.679302   2.16971 0.0176064 180.013       0       0 -0.13     0 -1.03  -0.208622 -0.0270615 -0.0305854 -0.00355771  0.00171638  0.00187605  -0.180165 -0.0318816 -0.0152207  0.109468 0.0561596   9.80823  38085
             125.567   -0.18361   0.240221 -0.0913501  0.592619   2.17484 0.0133226 180.013       0       0 -0.13     0 -1.03  -0.44228 0.0412725 0.0584514 -0.00300745  0.00421722  0.00201105  -0.166859 -0.0337195 -0.0107707  0.109913 0.0578389   9.80821  37896
             125.968 -0.171636  0.236287 -0.165557  0.439931   2.18273 0.0174058 180.013       0       0 -0.13     0 -1.03    -0.341154 -0.000840288  0.000230216 -0.00300093  0.00396999  0.00207414   -0.168795  -0.0343481 -0.00900737  0.110118 0.0575542   9.80821  38345
             126.168  -0.18106  0.213354 -0.335105  0.355748   2.18688 0.0137214 180.013       0       0 -0.13     0 -1.03  -0.595113 -0.0199924 -0.0558686 -0.00256773  0.00357664  0.00202575   -0.168666  -0.0353679 -0.00922744  0.110251 0.0575671   9.80821  38004
             126.366 -0.185492  0.176851 -0.202017    0.256327     2.17406 -0.00430773 180.013       0       0 -0.13     0 -1.03  -0.544477  -0.133251 -0.0789074 -0.0024181 0.00362161 0.00228718   -0.174556  -0.0348498 -0.00773281  0.110287 0.0566687   9.80822  37982
             126.566 -0.0383879   0.550983  -0.384717   0.388738    2.13691 -0.0476566 180.013       0       0 -0.13     0 -1.03  0.860507 -0.307763 -0.232188 -0.00235306 0.000375698  0.00283622  -0.233187 -0.0426341 -0.0023161  0.111728 0.0481572   9.80825  37997
             126.968 -0.144596  0.145701 -0.218736   0.463075    2.02679 -0.0247999 180.013       0       0 -0.13     0 -1.03 -0.377807 -0.268748  0.398896 -0.00167478  0.00266545  0.00267474   -0.214542  -0.0433793 -0.00129293  0.112042 0.0511612   9.80823  38232
             127.166  -0.206037   0.217032 0.00644682  0.452941   1.94807 0.0134987 180.013       0       0 -0.13     0 -1.03 0.0198203 -0.400263  0.203408 -0.00311476 0.000341561  0.00244673  -0.221496 -0.0408857 0.00168002  0.111931 0.0500105   9.80823  37897
             127.366 -0.172764  0.216071  0.214278  0.426801   1.87337 0.0119018 180.013       0       0 -0.13     0 -1.03  -0.126171  -0.357311 -0.0692194 -0.00346667 0.000845254  0.00217692  -0.215069 -0.0417038 0.00692793  0.112385 0.0507616   9.80822  38358
             127.767 -0.125236   0.23858  0.105069   0.384815    1.71462 0.00322839 180.013       0       0 -0.13     0 -1.03 -0.0831594  -0.401221  -0.120257 -0.00365219  0.00133192  0.00235757  -0.213616 -0.0397046 0.00650666  0.112119 0.0509353   9.80823  38360
             127.966 -0.136317  0.218879 0.0597118    0.385562     1.63966 -0.00176074 180.013       0       0 -0.13     0 -1.03   0.0297236   -0.326189 -0.00954331 -0.00375643  0.00146245  0.00231833  -0.215582 -0.0383767 0.00435235   0.11188 0.0507322   9.80823  38012
             128.166 -0.0661269   0.288048   0.178588   0.403402    1.56761 0.00209326 180.013       0       0 -0.13     0 -1.03  0.165682 -0.358106 0.0530842 -0.00355636  0.00179326   0.0019735  -0.214393 -0.0339591 0.00219172  0.111206 0.0508654   9.80824  38264
             128.367 -0.140404  0.208036  0.185905   0.418815    1.49388 -0.0153524 180.013       0       0 -0.13     0 -1.03 0.0994732 -0.374051 -0.195403 -0.00337987  0.00211817   0.0016661    -0.207682     -0.03502 -0.000643606  0.111153 0.0517003   9.80823  38427
             128.567 -0.100965  0.171741  0.312672   0.385724    1.40739 -0.0323792 180.013       0       0 -0.13     0 -1.03  -0.151867  -0.417522 -0.0349236 -0.00355647  0.00291156  0.00151373   -0.194255  -0.0317412 -0.00393247  0.110458 0.0533327   9.80823  38356
             128.766 0.204284  0.34045 0.330694   0.351182    1.31053 -0.0259572 180.013       0       0 -0.13     0 -1.03 -0.176168 -0.537963 0.0160369 -0.00371986  0.00297216  0.00150139   -0.193668  -0.0286795 -0.00629756  0.109939 0.0534006   9.80824  38107
             128.965 -0.104786  0.185818  0.205333   0.351129    1.23664 -0.0093218 180.013       0       0 -0.13     0 -1.03 0.0675788 -0.458001  0.182227 -0.00436059  0.00364848  0.00143312  -0.195446 -0.0312947 -0.0071097 0.110164 0.053248  9.80824  38442
             129.167 -0.0695323   0.306993   0.438323  0.366235   1.15014 0.0252708 180.013       0       0 -0.13     0 -1.03  0.122393 -0.385622  0.152133 -0.00517926  0.00355147  0.00114215   -0.193867  -0.0340046 -0.00791109  0.110383 0.0534309   9.80823  38679
             129.367 -0.0707928   0.192699   0.536454   0.392685    1.05869 0.00834636 180.013       0       0 -0.13     0 -1.03  0.125435  -0.47806 0.0610666 -0.00498709  0.00320856 0.000952098  -0.194696 -0.0307101 0.00468643 0.110761 0.053416  9.80823  38420
             129.565 -0.0988873   0.188679   0.603814   0.336688   0.978302 0.00692077 180.013       0       0 -0.13     0 -1.03 -0.351285 -0.361109 0.0646109 -0.00479663  0.00469844  0.00102456  -0.177697  -0.033291 0.00791296  0.111041 0.0550184   9.80822  38354
             129.765 -0.105884  0.157954  0.500668   0.332508   0.829545 -0.0196897 180.013       0       0 -0.13     0 -1.03 -0.200672  0.109115 0.0806485 -0.00640627  0.00345703 0.000939508  -0.193069 -0.0141477  0.0153791   0.11023 0.0534726   9.80823  38628
             129.966 0.243278 0.289904 0.581707   0.318871   0.800789 -0.0304186 180.013       0       0 -0.13     0 -1.03 -0.0232869  -0.346709  0.0614354 -0.00537296  0.00373542 0.000942462    -0.1945 -0.0114677  0.0172114  0.110158 0.0533124   9.80824  38935
             130.166 0.0782835  0.235675  0.756975    0.337352    0.716195 -0.00265078 180.013       0       0 -0.13     0 -1.03  0.146022 -0.413618  0.425818  -0.0038025  0.00503651 0.000695205   -0.197155 -0.00850623   0.0180383  0.110005 0.0530726   9.80824  38507
             130.365 0.0266465  0.222246  0.703757 0.368574 0.639681 0.013216 180.013       0       0 -0.13     0 -1.03   0.227656  -0.395147 -0.0047815 -0.00429874  0.00444888 0.000540254  -0.195532 -0.0105134  0.0253819  0.110519 0.0533712   9.80823  38037
             130.565 -0.0857645   0.197911   0.875753  0.331898  0.562768 0.0195407 180.013       0       0 -0.13     0 -1.03 -0.216457 -0.338695 0.0676156 -0.00440164  0.00175645 0.000576407 -0.178501 -0.009677 0.0233229  0.110102 0.0545412   9.80823  38571
             130.766 -0.0825119   0.224753   0.817801  0.276685  0.467548 0.0530977 180.013       0       0 -0.13     0 -1.03 -0.097434 -0.399331 -0.334874 -0.00451425  0.00176406 0.000600281  -0.176669 -0.0038371  0.0201885  0.109481 0.0545934   9.80824  39028
             130.966 0.0871839  0.266931  0.722243  0.303398  0.375033 0.0129493 180.013       0       0 -0.13     0 -1.03  0.167599  -0.47475 -0.178488 -0.00427694  0.00263274 0.000681546   -0.179348 -0.00343177   0.0187048  0.109412 0.0544384   9.80824  38640
             131.366 0.136987 0.247116 0.870244  0.352586   0.19535 0.0151331 180.013       0       0 -0.13     0 -1.03   0.136463  -0.515001 -0.0194402 -0.00400508  0.00315051 4.04018e-05   -0.175836 -0.00476474   0.0163738  0.109368 0.0546576   9.80824  38846
             131.566 0.0125089  0.196729   1.12902    0.31196   0.121397 0.00585803 180.013       0       0 -0.13     0 -1.03 -0.220905 -0.274977 0.0050206  -0.00147755   0.00877195 -0.000299564  -0.156588 -0.0113062    0.01779  0.109729 0.0562151   9.80823  38896
             131.766  0.036394 0.0401548  0.880353   0.258293  0.0464825 -0.0150369 180.013       0       0 -0.13     0 -1.03 -0.199951 -0.334826 -0.249671  -0.00186404   0.00894896 -0.000177011   -0.154374 -0.00607503   0.0216355  0.109571 0.0563167   9.80823  38868
             131.964 0.253653 0.199425 0.837121   0.268503  -0.064488 -0.0367465 180.013       0       0 -0.13     0 -1.03  0.118325 -0.564784 -0.166788   -0.0010417   0.00977837 -0.000154677   -0.157428 -0.00380034   0.0198561  0.109411 0.0561405   9.80823  38718
             132.166 0.0826505 0.0396752   0.83967   0.288331   -0.14059 -0.0483815 180.013       0       0 -0.13     0 -1.03  0.104398 -0.436919  -0.31912  -0.00441633   0.00919737 -0.000357315   -0.15551 -0.0128236   0.016099  0.109604 0.0562863   9.80823  39252
             132.366 0.122384 0.088415 0.980768   0.319714   -0.22936 -0.0441999 180.013       0       0 -0.13     0 -1.03  0.143141  -0.52273 0.0831089  -0.00462211   0.00962045 -0.000855989    -0.1581 -0.0146946 0.00563365  0.109094 0.0559971   9.80823  38910
             132.566 0.0562862 0.0489433   1.22589   0.285832  -0.302616 -0.0347239 180.013       0       0 -0.13     0 -1.03  -0.183919  -0.337717 -0.0071993 -0.00440568  0.00966682 -0.00112611  -0.143264 -0.0219771 0.00525897  0.109333 0.0569937   9.80823  38949
             132.765 0.168997 0.145428  1.16764   0.248123  -0.407861 -0.0470039 180.013       0       0 -0.13     0 -1.03 -0.148986 -0.353046  0.308752  -0.0061349   0.0097274 -0.00109357  -0.143076 -0.0111892 0.00762236  0.108974 0.0568921   9.80823  38881
             132.965  0.131013 0.0915137   1.05598   0.255871  -0.487689 -0.0333902 180.013       0       0 -0.13     0 -1.03 0.0498044 -0.206303  0.220435  -0.0059414   0.0100135 -0.00103798  -0.145208 -0.0105405  0.0106003  0.109186 0.0568549   9.80823  38894
             133.165 0.133618 0.124355  1.19204   0.264698  -0.566877 -0.0167675 180.013       0       0 -0.13     0 -1.03  0.050455 -0.362211  0.291293 -0.00231272  0.00989727 -0.00126059     -0.14495 -0.000920443    0.0154615  0.109142 0.0568142   9.80823  38742
             133.364 0.0628367 0.0755081    1.1187    0.23171  -0.620174 -0.0313552 180.013       0       0 -0.13     0 -1.03  -0.226564  -0.195703 -0.0520046 -0.00265417  0.00738855 -0.00124605   -0.133858 -0.00315695   0.0301112  0.109975 0.0575452   9.80821  38424
             133.565 0.0885686 0.0497665   1.07986   0.220202  -0.645276 -0.0518236 180.013       0       0 -0.13     0 -1.03  -0.114224 -0.0830277  -0.115083 -0.00276399  0.00748546  -0.0012637   -0.143805 -0.00306686   0.0316188  0.110226 0.0572398   9.80821  39004
             133.765  0.110935 0.0391427    1.2171   0.259006  -0.647859 -0.0571583 180.013       0       0 -0.13     0 -1.03  0.0515413  0.0452406 -0.0741368 -0.00252989  0.00546404 -0.00140965    -0.15895 -0.00567381   0.0283663  0.110284 0.0566926   9.80822  38713
             133.965  0.102639 0.0866504   1.38171   0.349924  -0.628175 -0.0426842 180.013       0       0 -0.13     0 -1.03  0.455411  0.075953 0.0216531 -0.00267862  0.00630764 -0.00170792   -0.164157 -0.00651855   0.0265889  0.110273 0.0564934   9.80822  38690
             134.165  0.213133 0.0641362   1.46364   0.439225  -0.644504 -0.0673713 180.013       0       0 -0.13     0 -1.03   0.407209 -0.0725764  -0.148092 -5.4548e-05  0.00639621 -0.00198686   -0.165385 0.000885196   0.0298282  0.110282 0.0563997   9.80822  38701
             134.365  0.214832 0.0879148   1.67234   0.523014   -0.65545 -0.0726555 180.013       0       0 -0.13     0 -1.03   0.398313 -0.0500753 -0.0509429 -5.24949e-05   0.00646068  -0.00234535   -0.167409 0.000411343   0.0231477  0.109858 0.0562295   9.80822  38942
             134.565 0.173657 0.106674  1.88662   0.621968  -0.645361 -0.0572657 180.013       0       0 -0.13     0 -1.03   0.546386   0.035479 -0.0144717 0.000922567  0.00622642 -0.00267721   -0.171014 -0.00717457    0.013813 0.109405 0.056052  9.80823  39041
             134.965  0.166485 0.0872597   2.15546   0.826074  -0.647264 -0.0552271 180.013       0       0 -0.13     0 -1.03   0.526471 -0.0290066 0.00752148  0.00099143  0.00647672 -0.00278542   -0.168431 -0.00700993     0.01065  0.109177 0.0559582   9.80823  38740
             135.365 0.113231 0.169558  2.25234    1.00362   -0.63205 -0.0456226 180.013       0       0 -0.13     0 -1.03  0.426359 0.0779627  0.013528  0.00248378  0.00802904 -0.00311678   -0.165498 -0.00940458  0.00620349  0.108735 0.0557578   9.80824  39074
             135.764 0.083426 0.208751   2.6178    1.22068  -0.636357 -0.0309882 180.013       0       0 -0.13     0 -1.03   0.679613 -0.0803712 -0.0283053  0.00156225   0.0074614 -0.00345083   -0.168316 -0.00625925 -0.00316347  0.108257 0.0556267   9.80824  38917
             135.964 0.0732418  0.228713   2.75751    1.31097   -0.63674 -0.0201203 180.013       0       0 -0.13     0 -1.03    0.451416 -0.00155673   0.0485131 0.000367288   0.0047408 -0.00354476   -0.165533 -0.00761783 -0.00639978   0.10799 0.0554878   9.80825  38899
             136.164  0.10314 0.255519  2.86033    1.38979  -0.640468 -0.0277219 180.013       0       0 -0.13     0 -1.03    0.381504  0.00824394 0.000569663 0.000588389  0.00418147 -0.00369197   -0.163654 -0.00628385 -0.00262854 0.108243 0.055397  9.80825  38977
             136.364 0.105165 0.305019    2.921     1.4849   -0.63641 -0.0170628 180.013       0       0 -0.13     0 -1.03  0.481241 0.0285886  0.104713 0.000546136  0.00386854 -0.00381699    -0.169601  -0.00528579 -0.000760276  0.108434 0.0558099   9.80824  39104
             136.564 0.160683 0.302589  3.05797    1.58948  -0.639509 -0.0320357 180.013       0       0 -0.13     0 -1.03   0.556533 -0.0118405  -0.163395 0.000261184  0.00377437 -0.00392242   -0.170097 -0.00257406  0.00396501  0.108815 0.0559136   9.80824  38787
             136.764 0.141395  0.31873   3.0911    1.69857  -0.621484 -0.0539109 180.013       0       0 -0.13     0 -1.03   0.601359 -0.0365891   0.147398 0.000840835  0.00381315 -0.00390062   -0.169998 -0.00748091  0.00257276  0.108392 0.0558969   9.80824  38582
             136.964 0.0475471  0.346309   3.28786     1.7936  -0.628014 -0.0059152 180.013       0       0 -0.13     0 -1.03   0.520731 0.00896525   0.368463 0.000717158  0.00320788 -0.00412898   -0.168315 -0.00761677  0.00181445  0.108345 0.0557446   9.80824  38575
             137.164 0.145391 0.363516  3.26878    1.87003  -0.627116 -0.0125245 180.013       0       0 -0.13     0 -1.03   0.413794 0.00216048  0.0201568 0.000512781 0.000812785 -0.00411172   -0.161392 -0.00927109    0.014903   0.10872 0.0553482   9.80824  38696
             137.364 0.109332 0.338495  3.39149     1.9681  -0.624291 -0.0244915 180.013       0       0 -0.13     0 -1.03   0.478011 0.00560983 -0.0934254 0.000498158  0.00130485  -0.0043647   -0.164575 -0.00934599   0.0172105  0.108801 0.0556917   9.80824  38769
             137.564 0.139762 0.381636  3.58784    2.06953  -0.622493 -0.0310064 180.013       0       0 -0.13     0 -1.03   0.506241 -0.0006552 -0.0530422 0.000702854  0.00143259 -0.00459922   -0.166116 -0.00946807   0.0138152  0.108654 0.0557598   9.80824  38758
             137.764 0.0544058  0.466766    3.6915     2.18682   -0.618121 -0.00445288 180.013       0       0 -0.13     0 -1.03    0.580999    0.075624 8.34338e-05 0.000653255  0.00140812 -0.00460034   -0.169416 -0.00978418  0.00720333  0.108406 0.0559072   9.80824  38652
             137.964 0.110955 0.428805  3.76576    2.27696  -0.617571 -0.0109693 180.013       0       0 -0.13     0 -1.03   0.466382 0.00798786 -0.0919011  0.00072186    0.001228 -0.00460496   -0.167417 -0.00932113  0.00763478  0.108479 0.0556926   9.80824  38664
             138.164 0.0544751  0.441789   3.83673      2.3686   -0.608877 -0.00945599 180.013       0       0 -0.13     0 -1.03   0.494835  0.0126286 -0.0789608 3.27623e-05 0.000705639 -0.00468656  -0.166715 -0.0110154 0.00446393  0.108201 0.0555622   9.80825  38672
             138.364 0.116453 0.496997  4.07585    2.48837  -0.607294 -0.0101717 180.013       0       0 -0.13     0 -1.03    0.653483 -0.00249507  -0.0737099 0.000102245  0.00206115 -0.00498251  -0.169634 -0.0106593   0.001186  0.108136 0.0558715   9.80824  38520
             138.564 0.0996716  0.496953   4.25804     2.57691   -0.600665 -0.00953412 180.013       0       0 -0.13     0 -1.03   0.439424  0.0307961 -0.0427499 -0.000135392  0.000858369  -0.00506859   -0.161744  -0.0137857 -0.00167021  0.107757 0.0548276   9.80825  38491
             138.763 0.129413 0.465495  4.33767     2.65265   -0.597057 -0.00269868 180.013       0       0 -0.13     0 -1.03   0.479324 -0.0366943 -0.0709716 -8.06815e-05  0.000883542  -0.00509804  -0.158536 -0.0141308  -0.004361 0.107686  0.05433  9.80826  38692
             138.963 0.0972412  0.522037   4.37951    2.75703   -0.59642 -0.0128814 180.013       0       0 -0.13     0 -1.03  0.550113 0.0456104  0.180594 -0.000159557   0.00100679  -0.00521477    -0.15894  -0.0144549 -0.00459511  0.107628 0.0543786   9.80826  38750
             139.163 0.116525 0.527286  4.43188    2.83464  -0.591094 -0.0107984 180.013       0       0 -0.13     0 -1.03  0.442129 0.0349403  0.144911 -3.19034e-05  -0.00163755  -0.00525857   -0.151872  -0.0156662 0.000505446  0.107687 0.0533935   9.80826  38829
             139.363  0.18274 0.782209  4.50873   2.93287  -0.59271 0.0535273 180.013       0       0 -0.13     0 -1.03    0.66113 -0.0358156   0.263851 0.000417002 -0.00182203 -0.00518263   -0.149783   -0.014136 -0.00648436  0.107829 0.0529961   9.80826  38934
             139.563 0.105134 0.532408  4.26676   2.96308 -0.567888 0.0197074 180.013       0       0 -0.13     0 -1.03  0.122285  0.181401 -0.173523 -0.000471801  -0.00503737  -0.00490371   -0.12485 -0.0269721  0.0105803  0.106358 0.0490683    9.8083  38798
             139.763 0.0730229   0.48025   4.24421    2.91015  -0.579624 0.00410475 180.013       0       0 -0.13     0 -1.03  -0.171129 -0.0240783 -0.0786931 -0.000662929  -0.00480701   -0.0048893  -0.107685  -0.021314 0.00743717  0.107644 0.0464655    9.8083  38319
             139.963 0.102721 0.556812  4.32416    2.90076  -0.592127 -0.0212786 180.013       0       0 -0.13     0 -1.03 -0.0343883 -0.0600748   -0.13195 -0.000541956  -0.00450696   -0.0048928  -0.109012 -0.0205359 0.00798681  0.107742 0.0466665    9.8083  38004
             140.163 0.108634 0.523475  4.28447    2.88061  -0.591114 -0.0250609 180.013       0       0 -0.13     0 -1.03  -0.101248  0.0130864 -0.0400664 -0.00161574 -0.00550285 -0.00485183  -0.106556  -0.024036 0.00447192  0.107242 0.0462591    9.8083  37406
             140.564 0.121828 0.546637  4.30733    2.89053  -0.587472 -0.0210357 180.013       0       0 -0.13     0 -1.03 0.0565906 0.0111445 0.0105817 -0.00156644  -0.0050822 -0.00478449   -0.11137 -0.0226486 0.00196708  0.107324 0.0469149    9.8083  36186
             140.963 0.107794 0.569393  4.30197    2.89698  -0.587419 -0.0106095 180.013       0       0 -0.13     0 -1.03  -0.0211686 -0.00897718   0.0429383 -0.00164639 -0.00466831 -0.00477123  -0.109772 -0.0225215 0.00141077  0.107359 0.0466937    9.8083  36254
             141.163 0.103026 0.555772  4.32227     2.88651   -0.587019 -0.00734232 180.013       0       0 -0.13     0 -1.03  -0.050024 0.00519717  0.0186415 -0.00164091 -0.00463386 -0.00475643  -0.109445 -0.0226909 0.00152155  0.107343 0.0466508    9.8083  36441
             141.364 0.101787 0.566971   4.3015     2.8869  -0.586502 -0.0100592 180.013       0       0 -0.13     0 -1.03  0.0134459 0.00311553 -0.0118519 -0.00170509 -0.00495325 -0.00471397   -0.11202  -0.021773 0.00258741  0.107443 0.0470112    9.8083  36858
             141.762 0.120155 0.568123  4.29855    2.89145  -0.586193 -0.0123126 180.013       0       0 -0.13     0 -1.03   0.0144693  0.00175048 -0.00508866 -0.00172232  -0.0048217 -0.00465596  -0.111634  -0.021575 0.00223172   0.10747 0.0469604    9.8083  36346
             141.962 0.0980519  0.562804   4.30267    2.89431  -0.587358 -0.0140481 180.013       0       0 -0.13     0 -1.03   0.0178783  -0.0040887 -0.00804952 -0.00163122  -0.0047781 -0.00462276 -0.111528 -0.021368 0.0024059    0.1075 0.0469507    9.8083  36636
             142.164 0.0941516   0.55543   4.30312    2.89261  -0.586481 -0.0142469 180.013       0       0 -0.13     0 -1.03 -0.00610446  0.00756665  -0.0014841 -0.00154161 -0.00457859 -0.00458903   -0.10991 -0.0222649 0.00204811  0.107401 0.0467257    9.8083  37009
             142.363 0.0982595  0.555997   4.29673    2.89333   -0.58628 -0.0146269 180.013       0       0 -0.13     0 -1.03  0.00869257 0.000975053 -0.00193499 -0.00160206  -0.0046004 -0.00456337  -0.110242 -0.0217095 0.00205991  0.107469 0.0467764    9.8083  36690
             142.762 0.104146 0.560293  4.31901    2.89521  -0.587185 -0.0101627 180.013       0       0 -0.13     0 -1.03  0.00573141 -0.00162481   0.0126403 -0.00161125  -0.0044702 -0.00452844  -0.109773 -0.0215379 0.00137628  0.107488 0.0467135    9.8083  36669
             142.963 0.10723  0.5617 4.31394     2.89309   -0.589366 -0.00938304 180.013       0       0 -0.13     0 -1.03 -0.00714942 -0.00895738  0.00474167 -0.00155125 -0.00450723 -0.00448661   -0.10929 -0.0213773 0.00178741  0.107519 0.0466564    9.8083  36966
             143.163 0.0949206  0.561186   4.30196     2.89298    -0.58831 -0.00809466 180.013       0       0 -0.13     0 -1.03 0.00309541 0.00894841 0.00597845  -0.0014661 -0.00448137 -0.00444918  -0.109612 -0.0220993  0.0017115  0.107422 0.0466868    9.8083  36837
             143.362 0.0999358    0.5621   4.33973     2.89419    -0.58702 -0.00996747 180.013       0       0 -0.13     0 -1.03   0.0102563   0.0077979 -0.00861205 -0.00148567 -0.00445454 -0.00445204  -0.109572 -0.0218887 0.00238843  0.107458 0.0466895    9.8083  36619
             143.562 0.111515 0.557067  4.38519   2.89295 -0.590822  -0.01691 180.013       0       0 -0.13     0 -1.03 -0.0036339 -0.0209074 -0.0332132 -0.00163594 -0.00430019 -0.00446126  -0.108447  -0.020722 0.00339677  0.107634 0.0465693    9.8083  36912
             143.963 0.115774 0.557682   4.3069    2.88889  -0.588359 -0.0136534 180.013       0       0 -0.13     0 -1.03 -0.0144067  0.0326164  0.0366329 -0.00153241 -0.00426549 -0.00443202  -0.108436 -0.0214352 0.00199928  0.107524 0.0465476    9.8083  36582
             144.162 0.105726 0.558947  4.30708     2.8881  -0.588821 -0.0113538 180.013       0       0 -0.13     0 -1.03  0.00216876 -0.00570228   0.0184755 -0.00180452 -0.00429648 -0.00441533  -0.108476 -0.0206005 0.00241271  0.107633 0.0465673    9.8083  37652
             144.362 0.110025 0.549811  4.30452    2.88925  -0.589539 -0.0162012 180.013       0       0 -0.13     0 -1.03   0.00991153 -0.000734311   -0.0193943  -0.0017863 -0.00425579 -0.00438354  -0.108544 -0.0206426 0.00385742  0.107645 0.0465856    9.8083  38104
             144.563 0.107705 0.553612  4.31107    2.89301  -0.588743 -0.0166681 180.013       0       0 -0.13     0 -1.03    0.022975  0.00634261 -0.00429199 -0.00175521 -0.00426626 -0.00436618  -0.108901 -0.0207333 0.00304606  0.107619 0.0466218    9.8083  38189
