0.599954 -0.000033 0.000052 -0.000141 -0.001217 0.004618 0.000135 0.000000 0.000000 0.000000 -0.003099 0.000795 0.000482 0.000000 0.000000 0.000000 0.000137 -0.000191 -0.001235 0.000000 -0.000000 -0.000000 0.085038 0.064387 9.808420 
0.799973 -0.000046 0.000086 0.000217 0.004575 0.007380 0.000277 0.000000 0.000000 0.000000 0.027610 0.013298 0.000883 0.000000 0.000000 0.000000 0.000137 -0.000195 -0.001251 -0.000018 -0.000008 -0.000000 0.085055 0.064394 9.808420 
1.001248 -0.000044 0.000097 0.000163 0.007861 0.002881 0.000362 0.000000 0.000000 0.000000 0.014556 -0.028160 0.000509 0.000000 0.000000 0.000000 -0.000150 -0.000112 -0.001249 0.003675 0.012737 0.000275 0.081508 0.052144 9.808523 
1.201289 -0.000039 0.000096 -0.000244 0.006535 0.000262 0.000499 0.000000 0.000000 0.000000 -0.011565 -0.012461 0.000691 0.000000 0.000000 0.000000 0.000028 0.000077 -0.001237 0.010166 0.006852 0.000403 0.075268 0.057795 9.808541 
1.599986 -0.000055 0.000085 0.000156 0.003572 0.007282 0.000244 0.000000 0.000000 0.000000 -0.009290 0.028230 -0.001067 0.000000 0.000000 0.000000 0.000540 -0.000071 -0.001278 0.007651 -0.001842 0.001352 0.077695 0.066143 9.808469 
1.801332 -0.000056 0.000097 0.000381 0.006129 0.006332 0.000231 0.000000 0.000000 0.000000 0.014973 -0.012365 0.000413 0.000000 0.000000 0.000000 0.000338 -0.000215 -0.001285 0.002931 0.005012 0.000759 0.082214 0.059564 9.808475 
2.001357 -0.000049 0.000096 -0.000031 0.006602 0.003727 0.000637 0.000000 0.000000 0.000000 0.000298 -0.013941 0.002139 0.000000 0.000000 0.000000 0.000336 -0.000155 -0.001267 0.005398 0.004983 0.000273 0.079846 0.059586 9.808494 
2.199980 -0.000048 0.000094 -0.000251 0.004776 0.004534 0.000912 0.000000 0.000000 0.000000 -0.012050 0.006370 0.001269 0.000000 0.000000 0.000000 0.000436 -0.000113 -0.001264 0.007170 0.000739 0.000578 0.078150 0.063651 9.808482 
2.400058 -0.000051 0.000090 -0.000037 0.003995 0.005965 0.000804 0.000000 0.000000 0.000000 -0.005074 0.006621 -0.001052 0.000000 0.000000 0.000000 0.000440 -0.000164 -0.001276 0.005205 0.000501 0.001164 0.080035 0.063881 9.808465 
2.601336 -0.000059 0.000104 0.000154 0.007873 0.007765 0.000743 0.000000 0.000000 0.000000 0.020875 0.008402 0.000045 0.000000 0.000000 0.000000 0.000448 -0.000273 -0.001286 0.000546 0.000106 0.000895 0.084486 0.064257 9.808426 
2.801425 -0.000053 0.000120 -0.000100 0.010637 0.003521 0.001019 0.000000 0.000000 0.000000 0.013074 -0.024875 0.002113 0.000000 0.000000 0.000000 0.000307 -0.000247 -0.001276 0.001562 0.005298 0.000483 0.083515 0.059297 9.808465 
3.000021 -0.000044 0.000093 -0.000329 0.005401 0.002488 0.000868 0.000000 0.000000 0.000000 -0.030992 -0.002712 -0.001755 0.000000 0.000000 0.000000 0.000396 -0.000083 -0.001268 0.008285 0.001462 0.001410 0.077109 0.062958 9.808495 
3.200033 -0.000052 0.000095 -0.000117 0.004277 0.004603 0.000859 0.000000 0.000000 0.000000 -0.004769 0.011425 0.000443 0.000000 0.000000 0.000000 0.000443 -0.000179 -0.001277 0.004083 -0.000701 0.000956 0.081111 0.065013 9.808449 
3.401439 -0.000062 0.000103 0.000206 0.006647 0.007152 0.000993 0.000000 0.000000 0.000000 0.011060 0.012023 0.000524 0.000000 0.000000 0.000000 0.000448 -0.000250 -0.001294 0.001452 -0.000899 0.000831 0.083614 0.065200 9.808427 
3.601362 -0.000059 0.000111 0.000076 0.009805 0.006524 0.000969 0.000000 0.000000 0.000000 0.015157 -0.004572 -0.000119 0.000000 0.000000 0.000000 0.000393 -0.000268 -0.001289 0.000534 0.001575 0.000970 0.084490 0.062850 9.808435 
3.800074 -0.000062 0.000113 -0.000269 0.009612 0.006698 0.001257 0.000000 0.000000 0.000000 -0.003705 0.001697 0.002088 0.000000 0.000000 0.000000 0.000404 -0.000234 -0.001278 0.002705 0.000670 0.000612 0.082424 0.063705 9.808447 
4.000137 -0.000065 0.000096 -0.000051 0.005449 0.006180 0.001357 0.000000 0.000000 0.000000 -0.023105 -0.003144 0.000051 0.000000 0.000000 0.000000 0.000391 -0.000181 -0.001290 0.004614 0.001110 0.000953 0.080617 0.063290 9.808465 
4.201512 -0.000061 0.000100 0.000097 0.007496 0.007575 0.001130 0.000000 0.000000 0.000000 0.009820 0.006604 -0.001226 0.000000 0.000000 0.000000 0.000417 -0.000276 -0.001303 -0.000154 -0.000227 0.001359 0.085136 0.064557 9.808418 
4.401471 -0.000066 0.000115 0.000019 0.009849 0.007446 0.001313 0.000000 0.000000 0.000000 0.010946 -0.001648 0.001337 0.000000 0.000000 0.000000 0.000401 -0.000283 -0.001301 -0.000499 0.000723 0.000842 0.085458 0.063655 9.808421 
4.800153 -0.000060 0.000112 -0.000182 0.009138 0.004144 0.001329 0.000000 0.000000 0.000000 -0.006864 -0.011385 -0.000204 0.000000 0.000000 0.000000 0.000340 -0.000161 -0.001296 0.000807 0.001357 0.001176 0.084229 0.063058 9.808436 
5.001526 -0.000066 0.000107 0.000124 0.008281 0.007258 0.001316 0.000000 0.000000 0.000000 -0.005132 0.017093 -0.000088 0.000000 0.000000 0.000000 0.000433 -0.000177 -0.001317 0.000558 -0.001392 0.000991 0.084462 0.065646 9.808417 
5.201477 -0.000067 0.000109 0.000065 0.008923 0.007965 0.001135 0.000000 0.000000 0.000000 0.002980 0.002389 -0.001083 0.000000 0.000000 0.000000 0.000424 -0.000184 -0.001317 -0.000551 0.000288 0.001154 0.085507 0.064066 9.808418 
5.400216 -0.000065 0.000108 -0.000090 0.008452 0.007522 0.001044 0.000000 0.000000 0.000000 -0.002971 -0.003194 -0.000316 0.000000 0.000000 0.000000 0.000419 -0.000181 -0.001312 0.000012 0.000756 0.000957 0.084978 0.063624 9.808426 
5.600219 -0.000067 0.000105 -0.000107 0.007008 0.006527 0.001169 0.000000 0.000000 0.000000 -0.007725 -0.005778 0.000693 0.000000 0.000000 0.000000 0.000416 -0.000181 -0.001314 0.000426 0.000908 0.000787 0.084587 0.063480 9.808430 
5.801552 -0.000068 0.000106 0.000120 0.007608 0.007043 0.001064 0.000000 0.000000 0.000000 0.003375 0.002979 -0.001177 0.000000 0.000000 0.000000 0.000423 -0.000192 -0.001323 -0.000599 0.000061 0.000963 0.085549 0.064275 9.808416 
6.001667 -0.000065 0.000106 0.000172 0.007649 0.007242 0.001076 0.000000 0.000000 0.000000 -0.000519 0.000508 -0.000009 0.000000 0.000000 0.000000 0.000415 -0.000187 -0.001328 -0.000391 0.000180 0.000721 0.085353 0.064163 9.808419 
6.200227 -0.000066 0.000105 -0.000124 0.007690 0.006405 0.001275 0.000000 0.000000 0.000000 -0.000102 -0.004705 0.000931 0.000000 0.000000 0.000000 0.000405 -0.000189 -0.001315 -0.000495 0.000621 0.000489 0.085448 0.063750 9.808421 
6.400232 -0.000067 0.000097 -0.000024 0.006129 0.007646 0.001203 0.000000 0.000000 0.000000 -0.009285 0.007322 -0.000952 0.000000 0.000000 0.000000 0.000415 -0.000182 -0.001322 0.000173 -0.000462 0.000686 0.084827 0.064759 9.808419 
6.601581 -0.000065 0.000099 0.000041 0.007013 0.007595 0.001053 0.000000 0.000000 0.000000 0.004820 -0.001539 -0.000845 0.000000 0.000000 0.000000 0.000397 -0.000210 -0.001328 -0.001005 0.000182 0.000690 0.085922 0.064161 9.808414 
6.801630 -0.000063 0.000101 0.000067 0.006853 0.007454 0.001186 0.000000 0.000000 0.000000 -0.001726 -0.000786 0.000582 0.000000 0.000000 0.000000 0.000398 -0.000201 -0.001331 -0.000616 0.000097 0.000479 0.085560 0.064238 9.808416 
7.001621 -0.000063 0.000107 -0.000018 0.008272 0.005888 0.001303 0.000000 0.000000 0.000000 0.006932 -0.009068 0.000598 0.000000 0.000000 0.000000 0.000381 -0.000223 -0.001331 -0.001333 0.000642 0.000497 0.086223 0.063734 9.808414 
7.200386 -0.000061 0.000100 -0.000114 0.007277 0.005602 0.001066 0.000000 0.000000 0.000000 -0.006076 -0.000665 -0.001602 0.000000 0.000000 0.000000 0.000388 -0.000209 -0.001331 -0.000366 -0.000072 0.000784 0.085333 0.064395 9.808417 
7.401629 -0.000061 0.000092 0.000047 0.005216 0.006114 0.000983 0.000000 0.000000 0.000000 -0.011140 0.002688 -0.000144 0.000000 0.000000 0.000000 0.000392 -0.000203 -0.001338 -0.000120 -0.000318 0.000625 0.085105 0.064620 9.808418 
7.601619 -0.000066 0.000103 -0.000051 0.008088 0.007416 0.001115 0.000000 0.000000 0.000000 0.014513 0.005825 0.000805 0.000000 0.000000 0.000000 0.000397 -0.000248 -0.001334 -0.002096 -0.000593 0.000497 0.086920 0.064873 9.808400 
7.801631 -0.000062 0.000100 -0.000066 0.007327 0.006825 0.001095 0.000000 0.000000 0.000000 -0.005857 -0.004276 -0.000212 0.000000 0.000000 0.000000 0.000387 -0.000230 -0.001335 -0.000873 -0.000025 0.000640 0.085799 0.064352 9.808414 
8.201639 -0.000065 0.000095 0.000059 0.005662 0.006965 0.001154 0.000000 0.000000 0.000000 -0.004309 0.001365 -0.000090 0.000000 0.000000 0.000000 0.000413 -0.000242 -0.001347 -0.001017 -0.000384 0.000635 0.085931 0.064681 9.808410 
8.401670 -0.000062 0.000099 0.000063 0.006472 0.007054 0.001275 0.000000 0.000000 0.000000 0.003969 0.000221 0.000946 0.000000 0.000000 0.000000 0.000413 -0.000244 -0.001350 -0.001535 -0.000307 0.000537 0.086403 0.064610 9.808407 
8.601712 -0.000065 0.000102 -0.000091 0.007995 0.006248 0.001114 0.000000 0.000000 0.000000 0.007335 -0.004850 -0.001259 0.000000 0.000000 0.000000 0.000408 -0.000246 -0.001345 -0.001807 -0.000012 0.000777 0.086652 0.064344 9.808406 
8.801642 -0.000061 0.000102 -0.000063 0.007695 0.005675 0.001153 0.000000 0.000000 0.000000 -0.003526 -0.002707 0.000770 0.000000 0.000000 0.000000 0.000411 -0.000234 -0.001347 -0.001351 -0.000165 0.000685 0.086238 0.064481 9.808409 
9.001731 -0.000061 0.000097 -0.000042 0.006805 0.006583 0.001126 0.000000 0.000000 0.000000 -0.004988 0.004899 -0.000505 0.000000 0.000000 0.000000 0.000427 -0.000232 -0.001350 -0.001316 -0.000583 0.000754 0.086206 0.064859 9.808407 
9.201682 -0.000063 0.000103 -0.000070 0.008570 0.006074 0.001089 0.000000 0.000000 0.000000 0.010076 -0.004486 -0.000345 0.000000 0.000000 0.000000 0.000412 -0.000256 -0.001350 -0.002129 -0.000147 0.000657 0.086938 0.064466 9.808403 
9.401736 -0.000062 0.000105 -0.000091 0.009202 0.006795 0.001201 0.000000 0.000000 0.000000 0.002593 0.004241 0.000597 0.000000 0.000000 0.000000 0.000429 -0.000240 -0.001351 -0.001740 -0.000626 0.000557 0.086588 0.064895 9.808403 
9.801703 -0.000062 0.000108 -0.000114 0.009100 0.006042 0.001109 0.000000 0.000000 0.000000 -0.001477 -0.004396 -0.000549 0.000000 0.000000 0.000000 0.000376 -0.000220 -0.001355 -0.001609 -0.000309 0.000661 0.086472 0.064612 9.808406 
10.001797 -0.000057 0.000095 -0.000029 0.006312 0.004152 0.001107 0.000000 0.000000 0.000000 -0.014894 -0.009478 -0.000023 0.000000 0.000000 0.000000 0.000359 -0.000190 -0.001362 -0.001017 -0.000061 0.000577 0.085944 0.064392 9.808412 
10.201773 -0.000060 0.000100 0.000030 0.007703 0.005941 0.001205 0.000000 0.000000 0.000000 0.007132 0.009862 0.000491 0.000000 0.000000 0.000000 0.000370 -0.000205 -0.001366 -0.002301 -0.001204 0.000493 0.087085 0.065407 9.808395 
10.401745 -0.000061 0.000094 0.000016 0.006579 0.005585 0.000984 0.000000 0.000000 0.000000 -0.006126 -0.002774 -0.001579 0.000000 0.000000 0.000000 0.000352 -0.000187 -0.001367 -0.001602 -0.000545 0.000645 0.086467 0.064823 9.808405 
10.601810 -0.000060 0.000099 0.000050 0.007066 0.005412 0.001256 0.000000 0.000000 0.000000 0.002872 -0.000951 0.002247 0.000000 0.000000 0.000000 0.000353 -0.000202 -0.001371 -0.002052 -0.000661 0.000364 0.086862 0.064925 9.808401 
10.801784 -0.000062 0.000096 -0.000061 0.005911 0.006330 0.001122 0.000000 0.000000 0.000000 -0.006545 0.005197 -0.001334 0.000000 0.000000 0.000000 0.000363 -0.000185 -0.001370 -0.001629 -0.000953 0.000629 0.086492 0.065182 9.808402 
11.001889 -0.000062 0.000100 -0.000023 0.007580 0.006289 0.001067 0.000000 0.000000 0.000000 0.008457 -0.001238 -0.000204 0.000000 0.000000 0.000000 0.000355 -0.000204 -0.001371 -0.002486 -0.000609 0.000503 0.087243 0.064881 9.808397 
11.201800 -0.000061 0.000101 -0.000110 0.007987 0.005721 0.001220 0.000000 0.000000 0.000000 0.001482 -0.003048 0.001263 0.000000 0.000000 0.000000 0.000352 -0.000200 -0.001369 -0.002126 -0.000537 0.000396 0.086927 0.064817 9.808401 
11.401832 -0.000058 0.000101 -0.000069 0.007514 0.005325 0.001198 0.000000 0.000000 0.000000 -0.002940 -0.001865 -0.000389 0.000000 0.000000 0.000000 0.000352 -0.000197 -0.001372 -0.001926 -0.000602 0.000587 0.086754 0.064875 9.808402 
11.601885 -0.000059 0.000092 0.000038 0.004824 0.005094 0.001243 0.000000 0.000000 0.000000 -0.014561 -0.001099 0.000667 0.000000 0.000000 0.000000 0.000353 -0.000188 -0.001378 -0.001387 -0.000672 0.000516 0.086285 0.064935 9.808406 
11.801867 -0.000065 0.000102 -0.000140 0.007527 0.006820 0.001257 0.000000 0.000000 0.000000 0.017297 0.009856 -0.000158 0.000000 0.000000 0.000000 0.000364 -0.000222 -0.001375 -0.002624 -0.001101 0.000569 0.087356 0.065308 9.808394 
12.001958 -0.000062 0.000096 0.000103 0.006085 0.006686 0.001232 0.000000 0.000000 0.000000 -0.007312 -0.001094 0.000179 0.000000 0.000000 0.000000 0.000345 -0.000182 -0.001391 -0.001554 -0.000658 0.000587 0.086435 0.064926 9.808404 
12.200637 -0.000061 0.000101 -0.000235 0.006578 0.006063 0.001267 0.000000 0.000000 0.000000 0.003094 -0.003835 0.000280 0.000000 0.000000 0.000000 0.000342 -0.000193 -0.001380 -0.002068 -0.000539 0.000548 0.086877 0.064824 9.808401 
12.401994 -0.000062 0.000099 -0.000041 0.006729 0.005863 0.001315 0.000000 0.000000 0.000000 0.000503 -0.001118 0.000208 0.000000 0.000000 0.000000 0.000345 -0.000189 -0.001393 -0.001957 -0.000714 0.000549 0.086781 0.064973 9.808401 
12.602042 -0.000057 0.000096 0.000113 0.006649 0.005645 0.001180 0.000000 0.000000 0.000000 -0.000597 -0.001124 -0.001108 0.000000 0.000000 0.000000 0.000345 -0.000190 -0.001399 -0.001911 -0.000719 0.000610 0.086743 0.064978 9.808401 
12.802019 -0.000060 0.000098 -0.000055 0.007265 0.005365 0.001365 0.000000 0.000000 0.000000 0.003163 -0.001594 0.001228 0.000000 0.000000 0.000000 0.000345 -0.000196 -0.001395 -0.002081 -0.000697 0.000494 0.086886 0.064959 9.808400 
13.002022 -0.000060 0.000097 -0.000044 0.006721 0.006395 0.001313 0.000000 0.000000 0.000000 -0.002981 0.005533 -0.000752 0.000000 0.000000 0.000000 0.000356 -0.000188 -0.001396 -0.001822 -0.001038 0.000592 0.086667 0.065248 9.808400 
13.202052 -0.000055 0.000097 0.000047 0.006745 0.004595 0.001124 0.000000 0.000000 0.000000 0.000411 -0.010302 -0.001024 0.000000 0.000000 0.000000 0.000347 -0.000189 -0.001404 -0.002006 -0.000249 0.000597 0.086823 0.064582 9.808403 
13.403282 -0.000054 0.000096 0.000069 0.006400 0.004079 0.001238 0.000000 0.000000 0.000000 -0.002188 -0.002187 0.000656 0.000000 0.000000 0.000000 0.000349 -0.000189 -0.001406 -0.001898 -0.000684 0.000393 0.086730 0.064946 9.808402 
13.603314 -0.000063 0.000099 -0.000105 0.006628 0.005504 0.001601 0.000000 0.000000 0.000000 0.000829 0.007952 0.001952 0.000000 0.000000 0.000000 0.000324 -0.000182 -0.001401 -0.002082 -0.001205 0.000260 0.086883 0.065383 9.808397 
13.802176 -0.000062 0.000099 -0.000214 0.006949 0.005843 0.001181 0.000000 0.000000 0.000000 0.001631 0.000530 -0.003705 0.000000 0.000000 0.000000 0.000344 -0.000179 -0.001398 -0.002130 -0.000922 0.000576 0.086926 0.065149 9.808398 
14.002201 -0.000063 0.000100 -0.000098 0.008228 0.005826 0.001142 0.000000 0.000000 0.000000 0.006462 -0.000390 0.000280 0.000000 0.000000 0.000000 0.000342 -0.000178 -0.001405 -0.002326 -0.000897 0.000318 0.087087 0.065127 9.808397 
14.202165 -0.000061 0.000098 0.000015 0.006912 0.005081 0.001168 0.000000 0.000000 0.000000 -0.007110 -0.003558 0.000332 0.000000 0.000000 0.000000 0.000339 -0.000167 -0.001412 -0.001706 -0.000742 0.000377 0.086573 0.064998 9.808403 
14.403368 -0.000058 0.000100 -0.000058 0.008412 0.005183 0.001019 0.000000 0.000000 0.000000 0.007829 0.000164 -0.001096 0.000000 0.000000 0.000000 0.000344 -0.000187 -0.001411 -0.002379 -0.000941 0.000455 0.087130 0.065164 9.808397 
14.602312 -0.000061 0.000103 -0.000214 0.008792 0.004826 0.001187 0.000000 0.000000 0.000000 0.001759 -0.001785 0.001517 0.000000 0.000000 0.000000 0.000345 -0.000192 -0.001403 -0.002104 -0.000864 0.000276 0.086902 0.065099 9.808399 
14.802280 -0.000057 0.000105 -0.000202 0.010214 0.005599 0.001018 0.000000 0.000000 0.000000 0.007092 0.004198 -0.001291 0.000000 0.000000 0.000000 0.000343 -0.000191 -0.001403 -0.002333 -0.001124 0.000475 0.087092 0.065314 9.808396 
15.002223 -0.000060 0.000108 0.000020 0.009926 0.006039 0.001183 0.000000 0.000000 0.000000 -0.001753 0.002011 0.001127 0.000000 0.000000 0.000000 0.000339 -0.000179 -0.001415 -0.001984 -0.001041 0.000261 0.086805 0.065245 9.808399 
15.203402 -0.000063 0.000110 -0.000069 0.010298 0.007472 0.001033 0.000000 0.000000 0.000000 0.001464 0.006969 -0.000863 0.000000 0.000000 0.000000 0.000343 -0.000184 -0.001413 -0.002147 -0.001304 0.000450 0.086939 0.065460 9.808396 
15.402090 -0.000068 0.000111 -0.000296 0.010385 0.007246 0.001313 0.000000 0.000000 0.000000 0.000431 -0.001997 0.002091 0.000000 0.000000 0.000000 0.000357 -0.000186 -0.001405 -0.002129 -0.000912 0.000249 0.086923 0.065140 9.808399 
15.602100 -0.000064 0.000112 -0.000207 0.011278 0.007227 0.001241 0.000000 0.000000 0.000000 0.004014 -0.000311 -0.000959 0.000000 0.000000 0.000000 0.000356 -0.000185 -0.001411 -0.002321 -0.000995 0.000460 0.087080 0.065209 9.808397 
15.802091 -0.000061 0.000107 0.000039 0.009869 0.006557 0.001155 0.000000 0.000000 0.000000 -0.008608 -0.003745 -0.000119 0.000000 0.000000 0.000000 0.000353 -0.000173 -0.001419 -0.001911 -0.000896 0.000427 0.086750 0.065129 9.808400 
16.003398 -0.000062 0.000114 0.000050 0.011243 0.006018 0.001384 0.000000 0.000000 0.000000 0.006416 -0.002993 0.001527 0.000000 0.000000 0.000000 0.000353 -0.000208 -0.001420 -0.002498 -0.000923 0.000342 0.087219 0.065151 9.808396 
16.202109 -0.000059 0.000112 -0.000289 0.010214 0.004978 0.001356 0.000000 0.000000 0.000000 -0.005143 -0.005217 -0.000521 0.000000 0.000000 0.000000 0.000353 -0.000223 -0.001406 -0.001976 -0.000839 0.000507 0.086803 0.065084 9.808400 
16.402191 -0.000056 0.000103 -0.000047 0.007428 0.003371 0.001543 0.000000 0.000000 0.000000 -0.014500 -0.008352 0.001242 0.000000 0.000000 0.000000 0.000351 -0.000224 -0.001416 -0.001645 -0.000745 0.000387 0.086539 0.065008 9.808403 
16.602171 -0.000052 0.000109 0.000005 0.010592 0.004373 0.001129 0.000000 0.000000 0.000000 0.016150 0.005490 -0.003093 0.000000 0.000000 0.000000 0.000380 -0.000292 -0.001418 -0.002737 -0.001242 0.000611 0.087405 0.065402 9.808393 
16.803477 -0.000063 0.000112 -0.000076 0.010695 0.007275 0.001226 0.000000 0.000000 0.000000 -0.001281 0.016316 0.001207 0.000000 0.000000 0.000000 0.000401 -0.000256 -0.001416 -0.002204 -0.001566 0.000382 0.086983 0.065655 9.808395 
17.002227 -0.000062 0.000120 -0.000238 0.011896 0.004917 0.001384 0.000000 0.000000 0.000000 0.006596 -0.013883 0.000987 0.000000 0.000000 0.000000 0.000404 -0.000254 -0.001410 -0.002533 -0.000421 0.000395 0.087243 0.064759 9.808398 
17.202126 -0.000056 0.000118 -0.000136 0.012587 0.004509 0.001178 0.000000 0.000000 0.000000 0.002969 -0.000604 -0.001714 0.000000 0.000000 0.000000 0.000407 -0.000254 -0.001412 -0.002408 -0.000870 0.000538 0.087146 0.065109 9.808397 
17.402184 -0.000063 0.000116 0.000008 0.011431 0.005615 0.001339 0.000000 0.000000 0.000000 -0.006270 0.006088 0.001433 0.000000 0.000000 0.000000 0.000425 -0.000230 -0.001419 -0.002114 -0.001095 0.000390 0.086918 0.065283 9.808398 
17.603546 -0.000068 0.000110 -0.000145 0.009955 0.006691 0.001431 0.000000 0.000000 0.000000 -0.007788 0.004883 0.000470 0.000000 0.000000 0.000000 0.000421 -0.000227 -0.001415 -0.002093 -0.001079 0.000453 0.086902 0.065271 9.808398 
17.802233 -0.000066 0.000109 -0.000162 0.009143 0.006497 0.001124 0.000000 0.000000 0.000000 -0.003827 -0.002002 -0.002002 0.000000 0.000000 0.000000 0.000427 -0.000223 -0.001417 -0.002244 -0.000844 0.000600 0.087019 0.065092 9.808398 
18.002225 -0.000067 0.000110 -0.000260 0.009365 0.005977 0.001551 0.000000 0.000000 0.000000 0.000920 -0.003058 0.002856 0.000000 0.000000 0.000000 0.000425 -0.000220 -0.001415 -0.002421 -0.000826 0.000313 0.087153 0.065076 9.808397 
18.403563 -0.000062 0.000108 -0.000115 0.009201 0.004658 0.001459 0.000000 0.000000 0.000000 -0.001050 -0.003534 -0.001249 0.000000 0.000000 0.000000 0.000420 -0.000213 -0.001423 -0.002380 -0.000815 0.000558 0.087123 0.065069 9.808397 
18.602282 -0.000067 0.000109 -0.000359 0.009061 0.006035 0.001657 0.000000 0.000000 0.000000 -0.000950 0.007423 0.001453 0.000000 0.000000 0.000000 0.000457 -0.000215 -0.001414 -0.002382 -0.001129 0.000368 0.087124 0.065304 9.808396 
19.203649 -0.000061 0.000094 -0.000143 0.006965 0.005889 0.001237 0.000000 0.000000 0.000000 -0.004581 -0.004691 -0.000952 0.000000 0.000000 0.000000 0.000359 -0.000187 -0.001422 -0.002339 -0.001000 0.000481 0.087092 0.065210 9.808397 
19.602339 -0.000072 0.000109 -0.000300 0.009307 0.007417 0.001569 0.000000 0.000000 0.000000 0.008228 0.006071 0.001121 0.000000 0.000000 0.000000 0.000432 -0.000287 -0.001420 -0.002546 -0.001164 0.000367 0.087243 0.065328 9.808394 
19.803638 -0.000062 0.000103 0.000020 0.007429 0.006541 0.001436 0.000000 0.000000 0.000000 -0.011498 -0.005958 -0.001435 0.000000 0.000000 0.000000 0.000390 -0.000220 -0.001429 -0.002062 -0.000874 0.000491 0.086888 0.065117 9.808399 
20.003675 -0.000063 0.000093 0.000025 0.005745 0.006824 0.001317 0.000000 0.000000 0.000000 -0.008689 0.001456 -0.000549 0.000000 0.000000 0.000000 0.000392 -0.000222 -0.001434 -0.002152 -0.001128 0.000434 0.086953 0.065302 9.808397 
20.202349 -0.000059 0.000102 -0.000166 0.007935 0.004840 0.001237 0.000000 0.000000 0.000000 0.010309 -0.010575 -0.000380 0.000000 0.000000 0.000000 0.000412 -0.000190 -0.001426 -0.003022 -0.000560 0.000417 0.087588 0.064890 9.808394 
20.402325 -0.000058 0.000094 -0.000045 0.006698 0.005893 0.001261 0.000000 0.000000 0.000000 -0.006572 0.006368 0.000328 0.000000 0.000000 0.000000 0.000398 -0.000202 -0.001433 -0.002329 -0.001274 0.000390 0.087084 0.065407 9.808395 
20.602419 -0.000058 0.000087 0.000124 0.004097 0.004702 0.001380 0.000000 0.000000 0.000000 -0.012818 -0.006514 0.000445 0.000000 0.000000 0.000000 0.000384 -0.000200 -0.001440 -0.002118 -0.000790 0.000341 0.086932 0.065057 9.808399 
20.803695 -0.000058 0.000090 0.000132 0.005397 0.005257 0.001300 0.000000 0.000000 0.000000 0.007343 0.003203 -0.000655 0.000000 0.000000 0.000000 0.000397 -0.000226 -0.001440 -0.002734 -0.001092 0.000378 0.087374 0.065276 9.808394 
21.002373 -0.000053 0.000087 -0.000054 0.003232 0.003996 0.001253 0.000000 0.000000 0.000000 -0.010235 -0.006378 0.000036 0.000000 0.000000 0.000000 0.000377 -0.000189 -0.001434 -0.002185 -0.000801 0.000362 0.086983 0.065066 9.808399 
21.202350 -0.000054 0.000090 -0.000077 0.004317 0.003472 0.001425 0.000000 0.000000 0.000000 0.005708 -0.002690 0.000971 0.000000 0.000000 0.000000 0.000381 -0.000215 -0.001434 -0.002703 -0.000916 0.000311 0.087350 0.065149 9.808395 
21.603773 -0.000051 0.000077 0.000102 0.001945 0.003546 0.001284 0.000000 0.000000 0.000000 -0.009561 0.001314 -0.000674 0.000000 0.000000 0.000000 0.000379 -0.000196 -0.001444 -0.002264 -0.001032 0.000405 0.087041 0.065231 9.808397 
21.802377 -0.000052 0.000081 0.000165 0.001947 0.003939 0.001200 0.000000 0.000000 0.000000 -0.003221 0.001347 -0.000983 0.000000 0.000000 0.000000 0.000378 -0.000190 -0.001445 -0.002504 -0.001041 0.000386 0.087210 0.065238 9.808395 
22.002452 -0.000056 0.000095 0.001339 0.004800 0.006405 0.000830 0.000000 0.000000 0.000000 -0.037773 0.008889 -0.001626 0.000000 0.000000 0.000000 0.000343 -0.000249 -0.001638 -0.003771 -0.001340 0.000236 0.088091 0.065448 9.808386 
22.203825 -0.000076 0.000189 0.003029 0.024914 0.004004 0.000551 0.000000 0.000000 0.000000 0.048518 -0.017914 0.008893 0.000000 0.000000 0.000000 0.000404 0.000008 -0.001725 -0.011405 -0.000145 -0.000243 0.093406 0.064630 9.808342 
22.403810 -0.000074 0.000294 0.005247 0.062813 -0.006281 0.000272 0.000000 0.000000 0.000000 0.205809 -0.063424 -0.005317 0.000000 0.000000 0.000000 0.000322 -0.000046 -0.001859 -0.016304 0.001152 0.000092 0.096828 0.063815 9.808314 
22.602453 -0.000060 0.000344 0.002583 0.080309 -0.009593 0.000607 0.000000 0.000000 0.000000 0.127262 -0.000670 -0.007152 0.000000 0.000000 0.000000 0.000412 0.000270 -0.001652 -0.011885 -0.000372 -0.000293 0.093722 0.064668 9.808339 
22.802424 -0.000079 0.000378 -0.000181 0.086896 -0.000200 -0.000010 0.000000 0.000000 0.000000 0.049047 0.060451 -0.003497 0.000000 0.000000 0.000000 0.000491 0.000374 -0.001613 -0.008977 -0.001887 -0.000589 0.091640 0.065525 9.808353 
23.003796 -0.000065 0.000398 0.006388 0.098367 -0.006393 -0.000094 0.000000 0.000000 0.000000 0.025685 -0.029100 -0.005912 0.000000 0.000000 0.000000 0.000262 0.000371 -0.002032 -0.009302 0.000858 -0.001154 0.091887 0.063657 9.808363 
23.402523 -0.000060 0.000653 0.008256 0.180727 -0.034486 -0.000559 0.000000 0.000000 0.000000 0.276663 -0.091869 -0.013552 0.000000 0.000000 0.000000 0.000018 -0.000634 -0.002039 -0.017146 0.002312 -0.001478 0.097213 0.062887 9.808317 
23.602545 -0.000044 0.000768 0.009858 0.218182 -0.044977 0.001133 0.000000 0.000000 0.000000 0.220722 -0.054263 0.002670 0.000000 0.000000 0.000000 0.000067 -0.000411 -0.002109 -0.014310 0.001159 -0.002515 0.095210 0.063378 9.808333 
23.803878 -0.000071 0.000723 0.004436 0.207848 -0.029103 -0.000054 0.000000 0.000000 0.000000 -0.103752 0.115925 -0.003834 0.000000 0.000000 0.000000 0.000249 -0.000106 -0.001986 -0.007802 -0.002557 -0.001470 0.090552 0.065205 9.808365 
24.003838 -0.000103 0.000779 0.007346 0.231222 -0.014067 -0.000389 0.000000 0.000000 0.000000 0.083670 0.060804 -0.013091 0.000000 0.000000 0.000000 0.000156 -0.000563 -0.002101 -0.012726 -0.001238 -0.001974 0.093887 0.064776 9.808337 
24.403891 -0.000153 0.001155 0.008173 0.339857 -0.020073 0.000177 0.000000 0.000000 0.000000 0.309194 -0.044690 -0.002036 0.000000 0.000000 0.000000 -0.000393 -0.001922 -0.002145 -0.018224 0.001347 -0.004763 0.097626 0.063446 9.808309 
24.602551 -0.000173 0.001312 0.010413 0.381194 -0.015803 -0.000031 0.000000 0.000000 0.000000 0.181556 0.027493 0.015801 0.000000 0.000000 0.000000 -0.000153 -0.001705 -0.002289 -0.016539 -0.000593 -0.005712 0.096377 0.064518 9.808314 
24.803866 -0.000206 0.001491 0.013203 0.436733 -0.009380 0.000234 0.000000 0.000000 0.000000 0.274374 0.028442 -0.011993 0.000000 0.000000 0.000000 -0.000135 -0.001891 -0.002384 -0.019224 -0.000454 -0.003969 0.098139 0.064670 9.808296 
25.003978 -0.000205 0.001682 0.015810 0.509010 -0.018465 -0.000600 0.000000 0.000000 0.000000 0.362732 -0.060843 0.019869 0.000000 0.000000 0.000000 -0.000406 -0.002091 -0.002603 -0.021192 0.001677 -0.003220 0.099630 0.063554 9.808288 
25.202607 -0.000187 0.001826 0.016261 0.549397 -0.021912 0.000381 0.000000 0.000000 0.000000 0.195516 -0.011386 0.032264 0.000000 0.000000 0.000000 -0.000387 -0.001722 -0.002642 -0.016197 -0.000630 0.000829 0.096209 0.064227 9.808318 
25.402643 -0.000270 0.001969 0.017203 0.604618 -0.014869 0.000011 0.000000 0.000000 0.000000 0.279368 0.040898 -0.017401 0.000000 0.000000 0.000000 -0.000315 -0.001777 -0.002685 -0.018659 -0.001867 0.001541 0.097511 0.065410 9.808297 
25.604013 -0.000273 0.002215 0.019186 0.681380 -0.021557 -0.000024 0.000000 0.000000 0.000000 0.376881 -0.034873 0.015382 0.000000 0.000000 0.000000 -0.000642 -0.001996 -0.002774 -0.021383 0.000855 -0.000479 0.099680 0.064262 9.808283 
25.803977 -0.000312 0.002439 0.017712 0.736499 -0.016833 -0.000413 0.000000 0.000000 0.000000 0.227553 0.036395 -0.034623 0.000000 0.000000 0.000000 -0.000492 -0.001921 -0.002745 -0.019387 -0.001609 -0.002371 0.097996 0.065383 9.808293 
26.002615 -0.000347 0.002594 0.018939 0.783037 -0.009118 0.000352 0.000000 0.000000 0.000000 0.213855 0.032399 -0.016554 0.000000 0.000000 0.000000 -0.000483 -0.002013 -0.002844 -0.020058 -0.001619 -0.001491 0.098382 0.065569 9.808287 
26.202651 -0.000343 0.002839 0.021866 0.866922 -0.004650 0.000037 0.000000 0.000000 0.000000 0.432262 0.012296 0.035284 0.000000 0.000000 0.000000 -0.000469 -0.002345 -0.002974 -0.026001 -0.000925 0.001941 0.102012 0.066280 9.808246 
26.404000 -0.000369 0.003175 0.026155 0.958949 -0.015560 -0.000225 0.000000 0.000000 0.000000 0.489394 -0.069411 -0.041585 0.000000 0.000000 0.000000 -0.000606 -0.002281 -0.003074 -0.025577 0.000495 0.000543 0.102082 0.065363 9.808251 
26.603940 -0.000393 0.003327 0.026885 1.017792 -0.021081 -0.000332 0.000000 0.000000 0.000000 0.268997 -0.005903 -0.018154 0.000000 0.000000 0.000000 -0.000536 -0.001817 -0.003093 -0.021249 -0.000961 -0.004078 0.099362 0.065076 9.808281 
26.802707 -0.000397 0.003534 0.028449 1.095377 -0.027792 0.001473 0.000000 0.000000 0.000000 0.412845 -0.042336 0.068709 0.000000 0.000000 0.000000 -0.000650 -0.001953 -0.003119 -0.023808 0.000583 -0.002292 0.101185 0.064911 9.808263 
27.002691 -0.000489 0.003855 0.028162 1.182602 -0.030180 0.001617 0.000000 0.000000 0.000000 0.421252 -0.026277 0.006457 0.000000 0.000000 0.000000 -0.000586 -0.001889 -0.003103 -0.024533 0.000204 -0.000821 0.101448 0.065285 9.808258 
27.204053 -0.000498 0.004106 0.028635 1.270649 -0.017510 0.000933 0.000000 0.000000 0.000000 0.429746 0.067352 0.013329 0.000000 0.000000 0.000000 -0.000303 -0.001852 -0.003148 -0.025108 -0.002904 -0.002765 0.100902 0.067089 9.808252 
27.404039 -0.000568 0.004426 0.031326 1.364658 -0.013805 0.001649 0.000000 0.000000 0.000000 0.463934 0.001725 -0.011801 0.000000 0.000000 0.000000 -0.000498 -0.001960 -0.003270 -0.025535 -0.001703 -0.007176 0.101588 0.066550 9.808248 
27.602730 -0.000576 0.004680 0.034081 1.445739 -0.028345 0.001736 0.000000 0.000000 0.000000 0.410170 -0.071170 0.022401 0.000000 0.000000 0.000000 -0.000752 -0.001732 -0.003355 -0.023189 -0.000230 -0.003577 0.100764 0.065026 9.808267 
28.004095 -0.000795 0.005191 0.038726 1.632213 -0.024445 0.001734 0.000000 0.000000 0.000000 0.464989 0.042762 0.009170 0.000000 0.000000 0.000000 -0.000169 -0.002243 -0.003598 -0.024957 -0.001609 -0.000358 0.101111 0.066150 9.808256 
28.404087 -0.000871 0.005932 0.041848 1.840491 -0.033504 0.000670 0.000000 0.000000 0.000000 0.527304 -0.041955 0.015533 0.000000 0.000000 0.000000 -0.000939 -0.002800 -0.003749 -0.025569 -0.000166 0.000420 0.101860 0.065665 9.808251 
28.602795 -0.000975 0.006147 0.043186 1.911945 -0.032089 0.003485 0.000000 0.000000 0.000000 0.344139 0.035134 0.009086 0.000000 0.000000 0.000000 -0.000675 -0.001733 -0.003840 -0.021755 -0.002630 -0.002421 0.099297 0.065282 9.808280 
28.804094 -0.001066 0.006451 0.046373 2.017927 -0.026360 0.004341 0.000000 0.000000 0.000000 0.589085 0.004658 -0.031021 0.000000 0.000000 0.000000 -0.000720 -0.001733 -0.003958 -0.025105 -0.001372 -0.002819 0.101317 0.066025 9.808255 
29.204183 -0.001017 0.006843 0.048255 2.232064 -0.032000 0.003422 0.000000 0.000000 0.000000 0.525313 -0.015121 0.002645 0.000000 0.000000 0.000000 -0.000959 -0.001071 -0.004021 -0.022797 -0.000760 -0.003531 0.100668 0.064814 9.808269 
29.402813 -0.001104 0.007186 0.050296 2.328152 -0.026827 0.003905 0.000000 0.000000 0.000000 0.460932 0.012840 0.006946 0.000000 0.000000 0.000000 -0.000778 -0.000923 -0.004154 -0.023000 -0.002288 0.000750 0.099868 0.065471 9.808273 
29.604161 -0.001170 0.007464 0.054870 2.422013 -0.024214 0.006209 0.000000 0.000000 0.000000 0.446852 0.003154 0.036332 0.000000 0.000000 0.000000 -0.000722 -0.000956 -0.004401 -0.023900 -0.002184 0.003549 0.100130 0.065716 9.808269 
29.804163 -0.001200 0.007745 0.055200 2.525247 -0.026092 0.004176 0.000000 0.000000 0.000000 0.591094 0.002584 -0.083750 0.000000 0.000000 0.000000 -0.000864 -0.000855 -0.004381 -0.023639 -0.000835 0.000104 0.100796 0.065155 9.808266 
30.002908 -0.001236 0.008004 0.056611 2.615108 -0.029943 0.004485 0.000000 0.000000 0.000000 0.466270 -0.021745 0.020672 0.000000 0.000000 0.000000 -0.000839 -0.000573 -0.004382 -0.020070 -0.002308 -0.002518 0.098985 0.064057 9.808291 
30.202893 -0.001231 0.008088 0.055842 2.656442 -0.027570 0.004310 0.000000 0.000000 0.000000 0.142275 0.036934 -0.016384 0.000000 0.000000 0.000000 -0.000657 -0.000112 -0.004404 -0.013689 -0.005497 0.000511 0.095097 0.062096 9.808342 
30.404293 -0.001374 0.008290 0.056233 2.733985 -0.015517 0.001665 0.000000 0.000000 0.000000 0.403859 0.045775 -0.003910 0.000000 0.000000 0.000000 -0.000585 -0.000658 -0.004485 -0.019041 -0.004160 -0.000414 0.097647 0.064107 9.808304 
30.604285 -0.001396 0.008486 0.061281 2.807393 -0.008940 0.003909 0.000000 0.000000 0.000000 0.394162 0.044526 0.007633 0.000000 0.000000 0.000000 -0.000670 -0.000636 -0.004661 -0.017775 -0.004107 -0.003360 0.097302 0.063549 9.808312 
31.002899 -0.001414 0.008859 0.057941 2.987479 -0.002248 0.003102 0.000000 0.000000 0.000000 0.559429 0.015295 -0.017597 0.000000 0.000000 0.000000 -0.000707 0.001108 -0.004496 -0.013768 -0.004957 -0.004168 0.095732 0.061780 9.808338 
31.204229 -0.001519 0.008851 0.058352 2.895078 -0.023017 0.004996 0.000000 0.000000 0.000000 -0.672392 -0.105718 0.027111 0.000000 0.000000 0.000000 -0.000980 0.009796 -0.004535 0.008167 -0.012689 -0.006074 0.086071 0.052274 9.808483 
31.404230 -0.001412 0.008683 0.057906 2.869280 -0.026229 0.003460 0.000000 0.000000 0.000000 -0.115624 -0.021571 -0.016035 0.000000 0.000000 0.000000 -0.000843 0.008715 -0.004534 -0.005588 -0.009522 -0.005058 0.092181 0.057450 9.808399 
31.604214 -0.001402 0.008669 0.057588 2.867904 -0.018132 0.003728 0.000000 0.000000 0.000000 0.009284 0.054579 0.007722 0.000000 0.000000 0.000000 -0.000754 0.008471 -0.004525 -0.008861 -0.009953 -0.005853 0.093131 0.059099 9.808380 
31.804303 -0.001400 0.008757 0.057911 2.877422 -0.015111 0.003752 0.000000 0.000000 0.000000 0.057776 -0.002867 -0.003081 0.000000 0.000000 0.000000 -0.000797 0.008416 -0.004523 -0.009409 -0.008845 -0.005635 0.093805 0.058973 9.808374 
32.004285 -0.001391 0.008763 0.058490 2.885804 -0.022182 0.003588 0.000000 0.000000 0.000000 0.043031 -0.007160 0.001089 0.000000 0.000000 0.000000 -0.000849 0.008390 -0.004541 -0.008747 -0.008188 -0.005633 0.093873 0.058467 9.808377 
32.205653 -0.001482 0.008814 0.059904 2.881652 -0.012678 0.005780 0.000000 0.000000 0.000000 -0.062649 0.102074 0.013223 0.000000 0.000000 0.000000 -0.000740 0.008401 -0.004743 -0.008119 -0.009512 -0.006215 0.093104 0.058643 9.808383 
32.404384 -0.001448 0.008636 0.062320 2.854922 0.017037 0.004135 0.000000 0.000000 0.000000 -0.176122 0.190053 -0.014810 0.000000 0.000000 0.000000 -0.000695 0.008553 -0.004731 -0.007256 -0.010802 -0.006232 0.092265 0.058689 9.808390 
32.804428 -0.001638 0.008772 0.059502 2.886063 0.098696 0.004656 0.000000 0.000000 0.000000 0.169690 0.211710 0.027683 0.000000 0.000000 0.000000 -0.000896 0.006489 -0.004511 -0.013024 -0.007918 -0.005560 0.095225 0.060572 9.808351 
33.004474 -0.001710 0.008754 0.060746 2.879987 0.135589 0.004505 0.000000 0.000000 0.000000 -0.072898 0.208809 -0.012758 0.000000 0.000000 0.000000 -0.001118 0.007331 -0.004468 -0.008974 -0.008515 -0.008998 0.093915 0.058887 9.808374 
33.204405 -0.001817 0.008806 0.056650 2.871697 0.176484 0.004543 0.000000 0.000000 0.000000 -0.064597 0.199618 -0.021743 0.000000 0.000000 0.000000 -0.000942 0.007100 -0.004280 -0.010411 -0.007545 -0.012238 0.094844 0.059305 9.808362 
33.404423 -0.001970 0.008819 0.056469 2.874696 0.223539 0.004316 0.000000 0.000000 0.000000 0.004430 0.221474 -0.014134 0.000000 0.000000 0.000000 -0.000786 0.006747 -0.004329 -0.013498 -0.007511 -0.011565 0.095781 0.060642 9.808345 
33.604490 -0.002072 0.008789 0.059556 2.866941 0.267947 0.005957 0.000000 0.000000 0.000000 -0.037869 0.220680 0.007768 0.000000 0.000000 0.000000 -0.000751 0.006814 -0.004346 -0.012234 -0.008243 -0.007299 0.094958 0.060281 9.808355 
33.804471 -0.002131 0.008877 0.057018 2.873991 0.316208 0.005104 0.000000 0.000000 0.000000 0.063408 0.246438 0.033295 0.000000 0.000000 0.000000 -0.000695 0.006658 -0.004294 -0.014173 -0.008514 -0.003564 0.095363 0.061060 9.808346 
34.203037 -0.002294 0.008982 0.057694 2.888962 0.389018 0.005178 0.000000 0.000000 0.000000 0.022550 0.120687 -0.060743 0.000000 0.000000 0.000000 -0.000882 0.006976 -0.004353 -0.013051 -0.007045 -0.001508 0.095501 0.060126 9.808351 
34.403146 -0.002383 0.008943 0.059528 2.882715 0.436441 0.004919 0.000000 0.000000 0.000000 -0.042081 0.238652 0.010690 0.000000 0.000000 0.000000 -0.000285 0.006997 -0.004429 -0.012974 -0.011360 -0.013320 0.094379 0.061508 9.808353 
34.604574 -0.002400 0.008976 0.060508 2.895183 0.469316 0.007139 0.000000 0.000000 0.000000 0.073408 0.147397 -0.031108 0.000000 0.000000 0.000000 -0.000514 0.006785 -0.004425 -0.014946 -0.008471 -0.013040 0.096153 0.061390 9.808337 
35.004673 -0.002594 0.008923 0.056454 2.883820 0.557849 0.006417 0.000000 0.000000 0.000000 -0.089989 0.263888 0.060236 0.000000 0.000000 0.000000 0.000030 0.007202 -0.004222 -0.014173 -0.010196 -0.008334 0.095048 0.061383 9.808347 
35.203175 -0.002651 0.008855 0.054644 2.874756 0.600666 0.006639 0.000000 0.000000 0.000000 -0.035555 0.214849 0.010647 0.000000 0.000000 0.000000 -0.000972 0.006881 -0.004076 -0.014381 -0.008201 -0.004189 0.095947 0.060779 9.808342 
35.405782 -0.002767 0.008925 0.051996 2.888101 0.649034 0.004795 0.000000 0.000000 0.000000 0.062678 0.244144 0.021898 0.000000 0.000000 0.000000 -0.000953 0.006541 -0.003836 -0.017266 -0.007760 -0.000928 0.096870 0.061528 9.808329 
35.604704 -0.002880 0.009082 0.054543 2.905575 0.685195 0.004693 0.000000 0.000000 0.000000 0.053346 0.162459 -0.059528 0.000000 0.000000 0.000000 -0.000813 0.006445 -0.003964 -0.018594 -0.004233 -0.003482 0.098614 0.060915 9.808315 
35.803173 -0.003006 0.008959 0.052105 2.875010 0.731580 0.005695 0.000000 0.000000 0.000000 -0.211238 0.263362 0.043326 0.000000 0.000000 0.000000 -0.000773 0.006390 -0.003904 -0.015016 -0.007438 -0.003526 0.096343 0.060797 9.808338 
36.003161 -0.003077 0.009010 0.054185 2.877125 0.787806 0.006154 0.000000 0.000000 0.000000 0.000659 0.287532 0.013270 0.000000 0.000000 0.000000 -0.000790 0.005732 -0.004130 -0.020573 -0.005885 0.000894 0.098498 0.062089 9.808309 
36.204803 -0.003249 0.009039 0.055716 2.880512 0.852839 0.006273 0.000000 0.000000 0.000000 0.020524 0.316262 -0.002880 0.000000 0.000000 0.000000 -0.000766 0.005758 -0.004167 -0.022289 -0.006772 0.004629 0.098638 0.062814 9.808303 
36.404480 -0.003389 0.009152 0.055738 2.897010 0.914131 0.006231 0.000000 0.000000 0.000000 0.072025 0.308154 0.012019 0.000000 0.000000 0.000000 -0.000991 0.005401 -0.004181 -0.024228 -0.005640 0.001438 0.099778 0.063330 9.808288 
36.603193 -0.003482 0.009159 0.053732 2.892467 0.979751 0.006073 0.000000 0.000000 0.000000 -0.047924 0.265899 -0.033490 0.000000 0.000000 0.000000 -0.000612 0.005318 -0.004043 -0.022988 -0.008206 0.004387 0.098464 0.063590 9.808300 
36.803171 -0.003576 0.009193 0.052367 2.884558 1.025403 0.005634 0.000000 0.000000 0.000000 -0.062239 0.192115 0.082201 0.000000 0.000000 0.000000 -0.000639 0.005173 -0.003983 -0.023851 -0.007783 0.004795 0.098876 0.063770 9.808294 
37.004535 -0.003732 0.009284 0.048648 2.887042 1.084209 0.006682 0.000000 0.000000 0.000000 0.020081 0.266715 0.003134 0.000000 0.000000 0.000000 -0.000776 0.005129 -0.003736 -0.025808 -0.009804 0.008255 0.098702 0.064870 9.808289 
37.204576 -0.003863 0.009369 0.050433 2.908234 1.135356 0.005971 0.000000 0.000000 0.000000 0.105566 0.265310 -0.041398 0.000000 0.000000 0.000000 -0.001002 0.004818 -0.003802 -0.028935 -0.007877 0.002840 0.100447 0.065418 9.808268 
37.403237 -0.003986 0.009461 0.050131 2.901036 1.197722 0.004765 0.000000 0.000000 0.000000 -0.056138 0.299269 -0.058726 0.000000 0.000000 0.000000 -0.000470 0.005392 -0.003794 -0.025666 -0.011708 0.002057 0.098293 0.065740 9.808287 
37.603268 -0.004056 0.009336 0.050539 2.899462 1.254366 0.008413 0.000000 0.000000 0.000000 -0.027900 0.269177 0.093833 0.000000 0.000000 0.000000 -0.000687 0.005239 -0.003754 -0.027610 -0.011171 0.001560 0.099104 0.066182 9.808276 
37.805935 -0.004234 0.009532 0.051870 2.921367 1.309759 0.009115 0.000000 0.000000 0.000000 0.168938 0.284897 -0.071616 0.000000 0.000000 0.000000 -0.000740 0.005032 -0.003811 -0.029867 -0.010092 0.004255 0.100039 0.066330 9.808266 
38.005972 -0.004403 0.009613 0.051725 2.920689 1.372777 0.009477 0.000000 0.000000 0.000000 0.011203 0.308803 0.049222 0.000000 0.000000 0.000000 -0.000600 0.005124 -0.003662 -0.025788 -0.013759 0.002153 0.097758 0.066322 9.808289 
38.204613 -0.004598 0.009734 0.048976 2.925301 1.430031 0.010072 0.000000 0.000000 0.000000 0.003782 0.279071 -0.016116 0.000000 0.000000 0.000000 -0.000638 0.004976 -0.003551 -0.028022 -0.013166 0.002844 0.098603 0.066822 9.808277 
38.404616 -0.004730 0.009780 0.047344 2.915346 1.493253 0.014324 0.000000 0.000000 0.000000 -0.067689 0.348629 0.057366 0.000000 0.000000 0.000000 -0.000683 0.005068 -0.003323 -0.027343 -0.013822 0.004235 0.098171 0.066769 9.808281 
38.605973 -0.004838 0.009984 0.047754 2.936206 1.545048 0.012854 0.000000 0.000000 0.000000 0.124689 0.235194 -0.041073 0.000000 0.000000 0.000000 -0.000997 0.004456 -0.003411 -0.031908 -0.010052 0.006405 0.100549 0.066750 9.808258 
39.004651 -0.005135 0.010093 0.048181 2.929968 1.662523 0.017566 0.000000 0.000000 0.000000 -0.075922 0.269704 0.054434 0.000000 0.000000 0.000000 0.000937 0.005380 -0.003442 -0.030389 -0.017152 0.010831 0.098036 0.068412 9.808271 
39.204680 -0.005337 0.010196 0.048690 2.942310 1.734591 0.019826 0.000000 0.000000 0.000000 0.065745 0.355686 -0.003136 0.000000 0.000000 0.000000 0.001490 0.003538 -0.003390 -0.034588 -0.017906 0.006560 0.099224 0.070022 9.808248 
39.406094 -0.005454 0.010298 0.048332 2.946459 1.803602 0.017405 0.000000 0.000000 0.000000 0.004335 0.317065 0.005834 0.000000 0.000000 0.000000 0.001705 0.003549 -0.003287 -0.034295 -0.018102 0.007826 0.099055 0.069958 9.808250 
39.606052 -0.005595 0.010287 0.045531 2.948376 1.865624 0.018282 0.000000 0.000000 0.000000 0.010048 0.300974 0.041351 0.000000 0.000000 0.000000 0.001779 0.003492 -0.003160 -0.034222 -0.018573 0.012892 0.098700 0.070050 9.808253 
39.804736 -0.005631 0.010238 0.042502 2.939581 1.933001 0.015446 0.000000 0.000000 0.000000 -0.094542 0.354775 -0.043434 0.000000 0.000000 0.000000 0.001880 0.003433 -0.003028 -0.033472 -0.019933 0.017164 0.097972 0.070146 9.808260 
40.006022 -0.005779 0.010301 0.043678 2.970889 1.990277 0.013716 0.000000 0.000000 0.000000 0.133794 0.291917 0.112180 0.000000 0.000000 0.000000 0.001969 0.004059 -0.003076 -0.039098 -0.017464 0.020844 0.100167 0.070635 9.808234 
40.404760 -0.005981 0.010398 0.043957 2.957003 2.099385 0.014706 0.000000 0.000000 0.000000 -0.121926 0.280956 -0.070017 0.000000 0.000000 0.000000 0.001928 0.004813 -0.003144 -0.035007 -0.019063 0.028958 0.098210 0.069866 9.808260 
40.806218 -0.006276 0.010561 0.046195 2.966734 2.224046 0.013679 0.000000 0.000000 0.000000 0.093031 0.198810 -0.004569 0.000000 0.000000 0.000000 0.002967 0.003257 -0.003133 -0.039128 -0.020359 0.025557 0.099267 0.071256 9.808239 
41.006082 -0.006358 0.010704 0.046139 2.994199 2.242943 0.014329 0.000000 0.000000 0.000000 0.155209 0.033219 0.003210 0.000000 0.000000 0.000000 0.002878 0.003247 -0.003146 -0.040006 -0.019106 0.025803 0.099812 0.071056 9.808235 
41.204815 -0.006386 0.010619 0.042744 2.977912 2.242474 0.015336 0.000000 0.000000 0.000000 -0.025714 0.006340 0.000267 0.000000 0.000000 0.000000 0.002812 0.002970 -0.003039 -0.032791 -0.019855 0.025690 0.097395 0.069635 9.808269 
41.406133 -0.006297 0.010479 0.042687 2.963640 2.238084 0.017253 0.000000 0.000000 0.000000 0.001895 -0.000882 -0.000909 0.000000 0.000000 0.000000 0.002746 0.003188 -0.002783 -0.028853 -0.019624 0.025229 0.096252 0.068707 9.808287 
41.606182 -0.006281 0.010384 0.037459 2.912001 2.240724 0.017302 0.000000 0.000000 0.000000 -0.263060 0.013516 0.019589 0.000000 0.000000 0.000000 0.002769 0.003153 -0.002640 -0.018521 -0.022317 0.025113 0.092451 0.067366 9.808333 
41.804817 -0.006123 0.010088 0.036494 2.854202 2.252423 0.018710 0.000000 0.000000 0.000000 -0.341166 0.077355 -0.041483 0.000000 0.000000 0.000000 0.002637 0.003078 -0.002576 -0.018190 -0.023890 0.024259 0.092091 0.067850 9.808333 
42.004876 -0.006189 0.010070 0.038120 2.817458 2.246702 0.015597 0.000000 0.000000 0.000000 -0.160457 -0.039046 -0.013348 0.000000 0.000000 0.000000 0.002843 0.003371 -0.002665 -0.020621 -0.021768 0.023355 0.093254 0.067566 9.808324 
42.204813 -0.006168 0.009921 0.034648 2.768964 2.253556 0.019681 0.000000 0.000000 0.000000 -0.219376 0.033364 0.025796 0.000000 0.000000 0.000000 0.003033 0.003489 -0.002433 -0.017701 -0.024894 0.022118 0.091896 0.068180 9.808333 
42.406158 -0.006113 0.009749 0.032245 2.711327 2.247311 0.019950 0.000000 0.000000 0.000000 -0.282940 -0.046760 0.011824 0.000000 0.000000 0.000000 0.002786 0.003720 -0.002330 -0.015251 -0.023584 0.024344 0.091264 0.067293 9.808345 
42.606144 -0.006079 0.009548 0.029004 2.641218 2.242233 0.020390 0.000000 0.000000 0.000000 -0.377254 -0.019485 -0.002220 0.000000 0.000000 0.000000 0.002714 0.003807 -0.002178 -0.013908 -0.024291 0.024358 0.090743 0.067350 9.808349 
42.804704 -0.006106 0.009454 0.030336 2.587798 2.240702 0.023750 0.000000 0.000000 0.000000 -0.270748 -0.013262 0.011367 0.000000 0.000000 0.000000 0.002787 0.004098 -0.002126 -0.017511 -0.023923 0.022826 0.092040 0.067674 9.808335 
43.004572 -0.006113 0.009352 0.027554 2.556594 2.232931 0.024527 0.000000 0.000000 0.000000 -0.151285 -0.062003 -0.008184 0.000000 0.000000 0.000000 0.002796 0.004321 -0.001956 -0.019319 -0.023377 0.022715 0.092685 0.067654 9.808329 
43.205827 -0.006071 0.009244 0.026293 2.499245 2.235127 0.025286 0.000000 0.000000 0.000000 -0.295284 0.023862 -0.008174 0.000000 0.000000 0.000000 0.002932 0.004447 -0.001985 -0.016081 -0.025698 0.020120 0.091566 0.068257 9.808335 
43.604107 -0.005993 0.008901 0.025071 2.356412 2.246728 0.025660 0.000000 0.000000 0.000000 -0.358210 0.022307 -0.006400 0.000000 0.000000 0.000000 0.003149 0.005167 -0.001818 -0.011957 -0.026436 0.023200 0.090148 0.068237 9.808348 
43.804007 -0.006032 0.008785 0.022571 2.270426 2.244989 0.027913 0.000000 0.000000 0.000000 -0.449954 -0.015317 -0.002391 0.000000 0.000000 0.000000 0.003022 0.005470 -0.001742 -0.010203 -0.025788 0.022752 0.089633 0.067955 9.808355 
44.005158 -0.005880 0.008440 0.019366 2.182270 2.241082 0.029909 0.000000 0.000000 0.000000 -0.454946 -0.027967 0.031587 0.000000 0.000000 0.000000 0.002886 0.005421 -0.001463 -0.010755 -0.025791 0.023714 0.089740 0.067921 9.808354 
44.205040 -0.005910 0.008316 0.017102 2.111739 2.243397 0.029723 0.000000 0.000000 0.000000 -0.356731 0.009825 -0.017413 0.000000 0.000000 0.000000 0.002862 0.005431 -0.001332 -0.014621 -0.027052 0.023044 0.090976 0.068421 9.808339 
44.403632 -0.005845 0.008231 0.018243 2.075551 2.243026 0.031236 0.000000 0.000000 0.000000 -0.159300 -0.008554 0.016573 0.000000 0.000000 0.000000 0.002742 0.005124 -0.001387 -0.019868 -0.026736 0.021177 0.092693 0.068336 9.808324 
44.604775 -0.005784 0.007969 0.017097 2.002783 2.247445 0.031121 0.000000 0.000000 0.000000 -0.392943 0.036207 0.006949 0.000000 0.000000 0.000000 0.002792 0.005867 -0.001337 -0.014576 -0.027030 0.024112 0.090932 0.068466 9.808340 
44.804724 -0.005665 0.007586 0.013968 1.891162 2.254353 0.030885 0.000000 0.000000 0.000000 -0.625821 0.057118 -0.096550 0.000000 0.000000 0.000000 0.002762 0.005795 -0.001301 -0.010063 -0.026791 0.023500 0.089523 0.068493 9.808352 
45.003161 -0.005539 0.007366 0.012206 1.801149 2.256385 0.029735 0.000000 0.000000 0.000000 -0.448168 0.005886 0.036171 0.000000 0.000000 0.000000 0.002920 0.006046 -0.001145 -0.012833 -0.025983 0.022872 0.090352 0.068155 9.808347 
45.203110 -0.005571 0.007148 0.010184 1.733449 2.248064 0.032076 0.000000 0.000000 0.000000 -0.356830 -0.058217 -0.021034 0.000000 0.000000 0.000000 0.002793 0.005736 -0.001027 -0.016479 -0.024245 0.024019 0.091341 0.067399 9.808343 
45.404226 -0.005261 0.006885 0.008762 1.654001 2.246900 0.032268 0.000000 0.000000 0.000000 -0.401997 -0.008742 0.014466 0.000000 0.000000 0.000000 0.003098 0.005874 -0.000926 -0.015103 -0.026201 0.020572 0.091125 0.068140 9.808340 
45.604108 -0.005186 0.006618 0.008895 1.586805 2.248374 0.030911 0.000000 0.000000 0.000000 -0.326995 0.024981 -0.063187 0.000000 0.000000 0.000000 0.003022 0.005738 -0.000898 -0.016887 -0.025560 0.013447 0.091703 0.067999 9.808336 
45.803962 -0.005262 0.006523 0.006899 1.520311 2.252380 0.030851 0.000000 0.000000 0.000000 -0.338405 0.023300 0.034935 0.000000 0.000000 0.000000 0.003003 0.005713 -0.000861 -0.016550 -0.025467 0.012112 0.091615 0.068040 9.808336 
46.403575 -0.005147 0.005845 -0.000119 1.285186 2.252561 0.031998 0.000000 0.000000 0.000000 -0.418629 0.008880 0.041893 0.000000 0.000000 0.000000 0.002774 0.005857 -0.000170 -0.015664 -0.025401 0.017438 0.091288 0.067975 9.808340 
46.803276 -0.005065 0.005533 0.001140 1.148695 2.256443 0.030499 0.000000 0.000000 0.000000 -0.321072 0.004964 0.007610 0.000000 0.000000 0.000000 0.002918 0.004777 -0.000261 -0.018114 -0.025657 0.013712 0.091973 0.067863 9.808334 
47.003180 -0.004974 0.005350 -0.001504 1.089036 2.258661 0.031767 0.000000 0.000000 0.000000 -0.310822 0.025991 -0.073529 0.000000 0.000000 0.000000 0.002870 0.004554 -0.000128 -0.019286 -0.025475 0.009502 0.092241 0.067607 9.808333 
47.203114 -0.005012 0.005134 -0.004190 1.017438 2.265918 0.029709 0.000000 0.000000 0.000000 -0.326996 0.031015 0.035917 0.000000 0.000000 0.000000 0.002994 0.004683 0.000023 -0.016928 -0.026129 0.009777 0.091706 0.068147 9.808335 
47.402865 -0.004910 0.004901 -0.005086 0.933318 2.271491 0.029389 0.000000 0.000000 0.000000 -0.410426 0.028878 -0.035446 0.000000 0.000000 0.000000 0.002993 0.005097 0.000073 -0.013270 -0.025593 0.008682 0.090667 0.068657 9.808341 
47.602732 -0.004769 0.004541 -0.008347 0.822718 2.268450 0.027168 0.000000 0.000000 0.000000 -0.551214 -0.021969 -0.021921 0.000000 0.000000 0.000000 0.002692 0.005624 0.000218 -0.008945 -0.023735 0.010470 0.089223 0.068981 9.808352 
48.002452 -0.004759 0.004267 -0.011858 0.650500 2.281050 0.022893 0.000000 0.000000 0.000000 -0.385484 0.053432 -0.002852 0.000000 0.000000 0.000000 0.003347 0.004278 0.000403 -0.011377 -0.025507 0.010216 0.090148 0.068892 9.808344 
48.202372 -0.004673 0.004051 -0.014871 0.595483 2.277581 0.025011 0.000000 0.000000 0.000000 -0.245405 -0.042575 0.037305 0.000000 0.000000 0.000000 0.002733 0.003103 0.000496 -0.013899 -0.024469 0.011216 0.090489 0.068086 9.808346 
48.402191 -0.004666 0.003979 -0.015060 0.523463 2.283656 0.022153 0.000000 0.000000 0.000000 -0.370874 0.039470 -0.058888 0.000000 0.000000 0.000000 0.003004 0.003675 0.000482 -0.009635 -0.026195 0.011875 0.090003 0.069542 9.808341 
48.602076 -0.004437 0.003768 -0.014959 0.414623 2.309409 0.012841 0.000000 0.000000 0.000000 -0.582976 0.125013 -0.058177 0.000000 0.000000 0.000000 0.003598 0.004181 0.000498 -0.004290 -0.028626 0.010299 0.089507 0.071470 9.808331 
48.802005 -0.004699 0.003503 -0.018025 0.293568 2.334960 0.015803 0.000000 0.000000 0.000000 -0.603031 0.116988 0.094563 0.000000 0.000000 0.000000 0.003559 0.004214 0.000615 -0.004317 -0.029561 0.009305 0.089737 0.071685 9.808328 
49.001848 -0.004767 0.003452 -0.019702 0.303284 2.298733 0.021999 0.000000 0.000000 0.000000 0.067505 -0.230544 0.038377 0.000000 0.000000 0.000000 0.003369 0.004534 0.000755 -0.021561 -0.024988 0.012833 0.092343 0.066403 9.808341 
49.201678 -0.004816 0.003377 -0.021766 0.254537 2.287144 0.029931 0.000000 0.000000 0.000000 -0.246126 -0.023573 0.070471 0.000000 0.000000 0.000000 0.003736 0.005035 0.000874 -0.008144 -0.029785 0.013197 0.090819 0.070940 9.808323 
49.401527 -0.004474 0.003057 -0.024654 0.132289 2.299465 0.026746 0.000000 0.000000 0.000000 -0.666192 0.086982 -0.033474 0.000000 0.000000 0.000000 0.003979 0.005867 0.000973 0.002331 -0.030446 0.017140 0.088958 0.073961 9.808318 
49.601376 -0.004481 0.002792 -0.024249 0.048560 2.319478 0.023660 0.000000 0.000000 0.000000 -0.379249 0.077629 -0.019570 0.000000 0.000000 0.000000 0.004108 0.005351 0.000872 -0.004187 -0.032430 0.016089 0.090753 0.072391 9.808313 
49.801231 -0.004371 0.002676 -0.024154 -0.016741 2.341583 0.024732 0.000000 0.000000 0.000000 -0.283128 0.119708 0.042937 0.000000 0.000000 0.000000 0.004266 0.005274 0.000896 -0.004977 -0.033712 0.015141 0.091284 0.072372 9.808308 
50.001112 -0.004593 0.002597 -0.027139 -0.089691 2.340149 0.026586 0.000000 0.000000 0.000000 -0.321851 -0.021115 0.030062 0.000000 0.000000 0.000000 0.004211 0.005038 0.001057 -0.003777 -0.030796 0.015918 0.090214 0.072180 9.808320 
50.200985 -0.004464 0.002247 -0.029899 -0.182594 2.329288 0.021312 0.000000 0.000000 0.000000 -0.475714 -0.062778 -0.061347 0.000000 0.000000 0.000000 0.004033 0.005068 0.001176 0.000562 -0.028875 0.018125 0.088901 0.073041 9.808325 
50.400881 -0.004212 0.002056 -0.031255 -0.275875 2.333678 0.019963 0.000000 0.000000 0.000000 -0.465145 0.029831 0.014312 0.000000 0.000000 0.000000 0.004456 0.005214 0.001343 0.001333 -0.032597 0.018122 0.089971 0.073909 9.808309 
50.602070 -0.004363 0.001916 -0.033251 -0.337978 2.344725 0.021988 0.000000 0.000000 0.000000 -0.307178 0.055284 0.041947 0.000000 0.000000 0.000000 0.004605 0.004675 0.001443 -0.004544 -0.035135 0.017683 0.091729 0.072379 9.808304 
50.999120 -0.004059 0.001500 -0.036599 -0.577115 2.385208 0.000694 0.000000 0.000000 0.000000 -0.876184 0.127599 -0.114091 0.000000 0.000000 0.000000 0.004755 0.006625 0.001454 0.002060 -0.033583 0.017930 0.090320 0.074494 9.808301 
51.198997 -0.004455 0.001503 -0.034310 -0.676717 2.379766 -0.007344 0.000000 0.000000 0.000000 -0.625339 -0.071050 -0.021255 0.000000 0.000000 0.000000 0.002735 0.000422 0.001662 -0.012097 -0.033228 0.013768 0.091320 0.069342 9.808330 
51.400169 0.000007 0.030121 -0.029997 -0.461276 2.350539 -0.163361 0.000000 0.000000 0.000000 1.152862 -0.306891 -0.949992 0.000000 0.000000 0.000000 0.004146 -0.003992 0.001967 -0.061651 -0.048488 0.040117 0.103847 0.052914 9.808308 
51.598736 -0.003235 0.023529 -0.031157 -0.382481 2.350985 -0.293173 0.000000 0.000000 0.000000 0.295722 0.060132 -0.585274 0.000000 0.000000 0.000000 0.004648 -0.002149 0.001599 -0.033475 -0.053083 0.030221 0.102848 0.062419 9.808262 
51.798627 -0.002363 0.021525 -0.029935 -0.435901 2.259473 -0.349912 0.000000 0.000000 0.000000 -0.472219 -0.734232 -0.074384 0.000000 0.000000 0.000000 0.004343 -0.002061 0.001398 -0.021287 -0.035254 0.022563 0.096710 0.063502 9.808318 
51.998481 -0.001387 0.022541 -0.025737 -0.521281 2.168699 -0.327947 0.000000 0.000000 0.000000 -0.476531 -0.370554 0.104494 0.000000 0.000000 0.000000 0.003633 -0.001984 0.001227 -0.020983 -0.038697 0.018809 0.098020 0.064176 9.808300 
52.199706 -0.001225 0.023158 -0.026402 -0.491821 2.122933 -0.322836 0.000000 0.000000 0.000000 0.132016 -0.233290 -0.038895 0.000000 0.000000 0.000000 0.003550 -0.002213 0.001074 -0.039250 -0.047389 0.018792 0.103511 0.059987 9.808270 
52.399534 -0.001190 0.023083 -0.022642 -0.483990 2.070216 -0.321433 0.000000 0.000000 0.000000 0.025320 -0.255304 0.014401 0.000000 0.000000 0.000000 0.003274 -0.001877 0.000919 -0.037071 -0.045056 0.017970 0.102596 0.060243 9.808278 
52.598131 -0.001900 0.022595 -0.026068 -0.521956 1.994326 -0.316682 0.000000 0.000000 0.000000 -0.224949 -0.390079 -0.064159 0.000000 0.000000 0.000000 0.002702 -0.001255 0.001076 -0.032275 -0.039456 0.016236 0.100478 0.060615 9.808298 
52.797997 -0.002177 0.021491 -0.024162 -0.509870 1.934225 -0.337828 0.000000 0.000000 0.000000 0.202193 -0.174895 -0.162279 0.000000 0.000000 0.000000 0.002667 -0.001591 0.001043 -0.039752 -0.040979 0.018225 0.101930 0.058950 9.808293 
52.999209 -0.000912 0.022853 -0.024129 -0.509351 1.870943 -0.320666 0.000000 0.000000 0.000000 0.003384 -0.315781 0.115284 0.000000 0.000000 0.000000 0.002977 -0.002037 0.000950 -0.036638 -0.037400 0.014819 0.100681 0.059166 9.808305 
53.199046 -0.001276 0.022202 -0.022649 -0.497194 1.804454 -0.328072 0.000000 0.000000 0.000000 0.062627 -0.328812 -0.068537 0.000000 0.000000 0.000000 0.002792 -0.002000 0.000674 -0.039858 -0.037670 0.018301 0.100961 0.058463 9.808306 
53.397566 -0.000828 0.022382 -0.021676 -0.510495 1.734332 -0.321610 0.000000 0.000000 0.000000 -0.074161 -0.340283 0.056044 0.000000 0.000000 0.000000 0.002565 -0.001376 0.000685 -0.035108 -0.035097 0.016462 0.099727 0.059297 9.808314 
53.597475 -0.000806 0.022765 -0.021132 -0.509258 1.657093 -0.312258 0.000000 0.000000 0.000000 -0.000600 -0.413448 0.045313 0.000000 0.000000 0.000000 0.002468 -0.001731 0.000586 -0.038455 -0.035900 0.014626 0.100726 0.058551 9.808308 
53.998553 -0.000813 0.022973 -0.022721 -0.540174 1.516362 -0.294838 0.000000 0.000000 0.000000 -0.129430 -0.297464 0.063564 0.000000 0.000000 0.000000 0.002744 -0.000682 0.000639 -0.036006 -0.036098 0.017022 0.100145 0.059265 9.808310 
54.198519 -0.000720 0.022508 -0.023838 -0.491520 1.455411 -0.316970 0.000000 0.000000 0.000000 0.314376 -0.335675 -0.094072 0.000000 0.000000 0.000000 0.002748 -0.004911 0.000616 -0.045970 -0.037397 0.026858 0.101003 0.057326 9.808312 
54.396934 -0.000293 0.021700 -0.021473 -0.524990 1.390204 -0.335704 0.000000 0.000000 0.000000 -0.245726 -0.302919 -0.078986 0.000000 0.000000 0.000000 0.002623 -0.003763 0.000360 -0.033282 -0.035535 0.028740 0.098309 0.060335 9.808322 
54.598264 -0.000776 0.021768 -0.019034 -0.538578 1.320815 -0.325388 0.000000 0.000000 0.000000 -0.026391 -0.345736 0.070339 0.000000 0.000000 0.000000 0.002608 -0.004004 0.000308 -0.037720 -0.036412 0.023210 0.099848 0.059165 9.808313 
54.798111 0.000165 0.022301 -0.019364 -0.527804 1.262847 -0.317772 0.000000 0.000000 0.000000 0.088451 -0.280395 0.056605 0.000000 0.000000 0.000000 0.002586 -0.004066 0.000299 -0.038899 -0.038360 0.023116 0.100488 0.059242 9.808306 
55.197893 0.000112 0.021896 -0.017095 -0.590099 1.115284 -0.318136 0.000000 0.000000 0.000000 -0.245037 -0.373011 -0.003005 0.000000 0.000000 0.000000 0.001917 -0.003182 0.000235 -0.034958 -0.036144 0.023062 0.099355 0.059726 9.808315 
55.397778 0.000593 0.022074 -0.020409 -0.621785 1.052498 -0.319670 0.000000 0.000000 0.000000 -0.153154 -0.246085 -0.011659 0.000000 0.000000 0.000000 0.001621 -0.004157 0.000370 -0.038214 -0.035648 0.021308 0.099945 0.058960 9.808314 
55.597693 0.000612 0.022389 -0.018772 -0.586065 1.005473 -0.312803 0.000000 0.000000 0.000000 0.227568 -0.270269 -0.022915 0.000000 0.000000 0.000000 0.001835 -0.004538 0.000158 -0.047033 -0.037863 0.017727 0.102300 0.057413 9.808298 
55.797567 0.000874 0.022303 -0.015139 -0.573913 0.932884 -0.315930 0.000000 0.000000 0.000000 -0.076757 -0.485434 -0.096603 0.000000 0.000000 0.000000 0.001833 -0.004643 0.000081 -0.044367 -0.035862 0.016501 0.101552 0.057637 9.808305 
55.997456 0.001196 0.022117 -0.015967 -0.601574 0.854614 -0.319720 0.000000 0.000000 0.000000 -0.197344 -0.378046 -0.002204 0.000000 0.000000 0.000000 0.001775 -0.004686 0.000143 -0.043770 -0.037439 0.015618 0.101801 0.057993 9.808300 
56.197373 0.001006 0.022210 -0.013329 -0.596579 0.786178 -0.313962 0.000000 0.000000 0.000000 0.035760 -0.347180 0.077218 0.000000 0.000000 0.000000 0.001834 -0.005294 -0.000120 -0.050910 -0.039763 0.018518 0.103170 0.057278 9.808290 
56.397224 0.001246 0.022292 -0.014162 -0.617892 0.724836 -0.312787 0.000000 0.000000 0.000000 -0.130328 -0.323486 -0.007581 0.000000 0.000000 0.000000 0.002425 -0.004775 -0.000113 -0.045805 -0.042675 0.025109 0.102206 0.058925 9.808291 
56.598186 0.001321 0.022088 -0.014370 -0.628963 0.649652 -0.315244 0.000000 0.000000 0.000000 -0.053673 -0.381181 -0.036833 0.000000 0.000000 0.000000 0.002483 -0.004848 -0.000040 -0.047508 -0.042003 0.022393 0.102633 0.058392 9.808289 
56.796981 0.001138 0.022123 -0.015561 -0.623638 0.579109 -0.314045 0.000000 0.000000 0.000000 0.046540 -0.363981 0.047135 0.000000 0.000000 0.000000 0.002549 -0.004999 -0.000024 -0.049900 -0.042972 0.021088 0.103338 0.058099 9.808284 
56.996896 0.001519 0.022213 -0.012310 -0.612150 0.508880 -0.315645 0.000000 0.000000 0.000000 0.025799 -0.378175 -0.049202 0.000000 0.000000 0.000000 0.002205 -0.004896 -0.000302 -0.050078 -0.044026 0.020619 0.103589 0.058249 9.808280 
57.195134 0.001645 0.021795 -0.011341 -0.636222 0.434914 -0.320762 0.000000 0.000000 0.000000 -0.134144 -0.381560 -0.080212 0.000000 0.000000 0.000000 0.002495 -0.004758 -0.000160 -0.044786 -0.045077 0.019791 0.102951 0.059295 9.808280 
57.597555 0.002005 0.020952 -0.008802 -0.678197 0.310494 -0.345972 0.000000 0.000000 0.000000 -0.136022 -0.342412 -0.143433 0.000000 0.000000 0.000000 0.004333 -0.005996 -0.000465 -0.045681 -0.050503 0.010346 0.104513 0.059736 9.808261 
57.995996 0.002504 0.021916 -0.011701 -0.651691 0.191971 -0.334809 0.000000 0.000000 0.000000 0.134158 -0.298295 0.072154 0.000000 0.000000 0.000000 0.003931 -0.008585 -0.000358 -0.050302 -0.050884 -0.005796 0.105968 0.058564 9.808253 
58.397064 0.000875 0.021285 -0.006114 -0.665918 0.040032 -0.315810 0.000000 0.000000 0.000000 -0.112253 -0.389073 -0.003749 0.000000 0.000000 0.000000 0.001487 -0.006269 -0.000739 -0.047213 -0.047735 -0.009154 0.105299 0.058426 9.808261 
58.595645 0.001992 0.021616 -0.006748 -0.690251 -0.030062 -0.320314 0.000000 0.000000 0.000000 -0.123509 -0.335979 -0.134202 0.000000 0.000000 0.000000 0.001256 -0.005868 -0.000741 -0.045632 -0.047675 -0.015462 0.105677 0.059000 9.808253 
58.795468 0.001469 0.021915 -0.004381 -0.680617 -0.093676 -0.304970 0.000000 0.000000 0.000000 0.099126 -0.301008 0.279987 0.000000 0.000000 0.000000 0.001161 -0.005730 -0.000746 -0.049868 -0.048074 -0.018454 0.106760 0.058716 9.808243 
58.995359 0.001337 0.021768 -0.005584 -0.714594 -0.176464 -0.295915 0.000000 0.000000 0.000000 -0.239307 -0.339320 0.167524 0.000000 0.000000 0.000000 0.001154 -0.006221 -0.000732 -0.046882 -0.044847 -0.013499 0.105467 0.058496 9.808259 
59.195289 0.001411 0.021742 -0.008201 -0.737178 -0.249066 -0.298729 0.000000 0.000000 0.000000 -0.132714 -0.326014 0.049462 0.000000 0.000000 0.000000 0.000978 -0.006396 -0.000523 -0.053276 -0.042687 -0.003197 0.105583 0.057604 9.808263 
59.395168 0.001858 0.021843 -0.008555 -0.724983 -0.308264 -0.308991 0.000000 0.000000 0.000000 0.097818 -0.329792 -0.047716 0.000000 0.000000 0.000000 0.001146 -0.007022 -0.000544 -0.060013 -0.044827 -0.000377 0.106705 0.057376 9.808252 
59.594952 0.001914 0.022089 -0.005952 -0.696692 -0.369894 -0.305892 0.000000 0.000000 0.000000 0.120520 -0.327056 0.075270 0.000000 0.000000 0.000000 0.001531 -0.006941 -0.000802 -0.061431 -0.046484 -0.000198 0.107130 0.057483 9.808247 
59.796283 0.024902 0.019764 -0.000680 -0.723691 -0.544911 -0.344254 0.000000 0.000000 0.000000 -0.282318 -1.313059 -0.186304 0.000000 0.000000 0.000000 0.000794 -0.006619 -0.000809 -0.057090 -0.029060 0.011337 0.103258 0.055875 9.808297 
60.393222 0.007788 0.020166 -0.002653 -0.780043 -0.663776 -0.354283 0.000000 0.000000 0.000000 -0.041803 0.246547 0.060519 0.000000 0.000000 0.000000 0.011170 -0.007987 -0.000645 -0.059232 -0.047322 0.008738 0.105057 0.058098 9.808265 
60.594388 0.003718 0.021037 -0.003046 -0.736311 -0.691315 -0.324247 0.000000 0.000000 0.000000 0.246606 -0.185011 0.118826 0.000000 0.000000 0.000000 0.006297 -0.010585 -0.000577 -0.066376 -0.036557 0.001699 0.105867 0.055165 9.808274 
60.994123 0.003397 0.020875 0.001710 -0.758016 -0.825641 -0.308201 0.000000 0.000000 0.000000 -0.199894 -0.215355 0.047228 0.000000 0.000000 0.000000 0.004729 -0.008241 -0.000479 -0.060381 -0.031727 0.004661 0.104306 0.055068 9.808291 
61.193998 0.003453 0.021686 0.002240 -0.737161 -0.833511 -0.312821 0.000000 0.000000 0.000000 0.129828 -0.006885 -0.038357 0.000000 0.000000 0.000000 0.006876 -0.012269 -0.001241 -0.069391 -0.037430 0.006741 0.106015 0.055246 9.808271 
61.393898 0.003611 0.021200 0.002257 -0.734712 -0.803513 -0.307142 0.000000 0.000000 0.000000 -0.015189 0.179136 0.022420 0.000000 0.000000 0.000000 0.007177 -0.011909 -0.001280 -0.065187 -0.042738 0.004570 0.105723 0.056229 9.808269 
61.593764 0.003588 0.021156 -0.000074 -0.768144 -0.794449 -0.303389 0.000000 0.000000 0.000000 -0.283161 0.027050 0.016545 0.000000 0.000000 0.000000 0.006776 -0.011803 -0.001203 -0.061760 -0.037676 0.004527 0.104975 0.055529 9.808281 
61.793655 0.004761 0.020595 0.003063 -0.824583 -0.794342 -0.336444 0.000000 0.000000 0.000000 -0.441451 -0.021318 -0.282542 0.000000 0.000000 0.000000 0.006774 -0.012034 -0.001240 -0.064837 -0.036820 0.010010 0.105088 0.055415 9.808281 
61.994872 -0.000458 0.032476 0.006499 -0.678688 -0.794370 -0.128519 0.000000 0.000000 0.000000 0.657090 0.007032 1.037260 0.000000 0.000000 0.000000 0.007217 -0.008178 -0.001390 -0.077159 -0.037955 -0.004060 0.108055 0.054421 9.808254 
62.393356 -0.000691 0.031363 0.010490 -0.410447 -0.786412 0.013790 0.000000 0.000000 0.000000 0.656254 0.021761 0.230138 0.000000 0.000000 0.000000 0.007233 -0.007829 -0.001760 -0.081230 -0.038469 0.014818 0.105987 0.054548 9.808276 
62.593235 -0.000726 0.031108 0.012378 -0.330842 -0.786630 -0.027616 0.000000 0.000000 0.000000 0.302453 0.011538 -0.263636 0.000000 0.000000 0.000000 0.007108 -0.005916 -0.001864 -0.078123 -0.037931 0.038787 0.101647 0.054256 9.808323 
62.794439 -0.000884 0.031595 0.015115 -0.228157 -0.787254 -0.042745 0.000000 0.000000 0.000000 0.606149 -0.073249 -0.333999 0.000000 0.000000 0.000000 0.007409 -0.005738 -0.001915 -0.082866 -0.037295 0.030937 0.103483 0.054236 9.808304 
62.994226 -0.000679 0.031901 0.018532 -0.112278 -0.793431 -0.036923 0.000000 0.000000 0.000000 0.582376 0.000388 0.124618 0.000000 0.000000 0.000000 0.007116 -0.005674 -0.002129 -0.082195 -0.037559 0.028047 0.103734 0.054263 9.808301 
63.392683 -0.001189 0.032212 0.021870 0.062393 -0.783917 -0.034016 0.000000 0.000000 0.000000 0.351759 0.040983 0.034335 0.000000 0.000000 0.000000 0.007542 -0.004843 -0.002628 -0.079730 -0.038667 0.035702 0.102388 0.054251 9.808316 
63.593914 -0.000747 0.032186 0.023809 0.156182 -0.782994 -0.040225 0.000000 0.000000 0.000000 0.460839 0.031267 -0.022531 0.000000 0.000000 0.000000 0.006342 -0.006046 -0.002699 -0.084994 -0.035251 0.041480 0.102650 0.054010 9.808314 
63.793786 -0.001269 0.031957 0.024720 0.260210 -0.780569 -0.051494 0.000000 0.000000 0.000000 0.486614 0.033945 -0.214623 0.000000 0.000000 0.000000 0.006361 -0.006087 -0.002761 -0.087768 -0.033133 0.040220 0.103411 0.054001 9.808306 
64.192190 -0.000783 0.032291 0.030758 0.452182 -0.805037 -0.067828 0.000000 0.000000 0.000000 0.429656 -0.080055 0.000594 0.000000 0.000000 0.000000 0.005650 -0.006158 -0.003368 -0.087664 -0.031295 0.036983 0.103963 0.053819 9.808301 
64.393423 -0.000766 0.032407 0.032232 0.532791 -0.805780 -0.069570 0.000000 0.000000 0.000000 0.371465 0.007238 -0.096553 0.000000 0.000000 0.000000 0.006260 -0.005852 -0.003355 -0.085962 -0.035088 0.031172 0.104084 0.054358 9.808297 
64.593294 -0.000886 0.032152 0.033241 0.628388 -0.798541 -0.077980 0.000000 0.000000 0.000000 0.509121 0.034090 -0.103889 0.000000 0.000000 0.000000 0.006087 -0.005743 -0.003397 -0.087591 -0.035550 0.028219 0.104613 0.054749 9.808289 
64.791888 -0.000691 0.031927 0.033974 0.717137 -0.788478 -0.091746 0.000000 0.000000 0.000000 0.421746 0.065264 -0.026566 0.000000 0.000000 0.000000 0.005940 -0.005696 -0.003323 -0.086568 -0.036124 0.029055 0.104299 0.054641 9.808293 
64.991685 -0.000262 0.032384 0.036497 0.829599 -0.800097 -0.096018 0.000000 0.000000 0.000000 0.538229 -0.072098 0.101341 0.000000 0.000000 0.000000 0.006011 -0.005555 -0.003557 -0.090340 -0.032138 0.031165 0.105106 0.054628 9.808285 
65.192921 -0.000548 0.033054 0.040113 0.907827 -0.809264 -0.085667 0.000000 0.000000 0.000000 0.343497 -0.033468 -0.003767 0.000000 0.000000 0.000000 0.005673 -0.005605 -0.003780 -0.085704 -0.033517 0.029793 0.104494 0.054196 9.808294 
65.392803 -0.000358 0.033240 0.042276 0.984159 -0.809411 -0.094576 0.000000 0.000000 0.000000 0.342769 0.008237 0.021710 0.000000 0.000000 0.000000 0.005643 -0.005675 -0.003923 -0.091108 -0.034342 0.036398 0.104253 0.054894 9.808292 
65.591354 -0.000518 0.033085 0.043080 1.080142 -0.797736 -0.103034 0.000000 0.000000 0.000000 0.487772 0.081687 -0.015175 0.000000 0.000000 0.000000 0.005729 -0.005840 -0.003964 -0.097819 -0.033525 0.039728 0.104691 0.055888 9.808282 
65.792590 0.000215 0.032536 0.044137 1.179364 -0.794264 -0.123529 0.000000 0.000000 0.000000 0.492401 -0.028751 -0.129485 0.000000 0.000000 0.000000 0.005659 -0.005866 -0.003947 -0.098279 -0.030724 0.043088 0.104802 0.055613 9.808282 
65.992485 -0.000423 0.032850 0.044065 1.314476 -0.800932 -0.128106 0.000000 0.000000 0.000000 0.636945 -0.045338 0.012125 0.000000 0.000000 0.000000 0.005698 -0.005422 -0.004095 -0.101056 -0.030097 0.042485 0.105278 0.056090 9.808275 
66.192380 -0.000471 0.033665 0.048849 1.383009 -0.808851 -0.122570 0.000000 0.000000 0.000000 0.290590 -0.012160 0.040184 0.000000 0.000000 0.000000 0.005682 -0.005182 -0.004522 -0.090361 -0.031918 0.042645 0.103818 0.054334 9.808300 
66.390921 -0.000219 0.033500 0.050129 1.462837 -0.787569 -0.143132 0.000000 0.000000 0.000000 0.382314 0.124038 -0.190999 0.000000 0.000000 0.000000 0.005854 -0.005395 -0.004581 -0.097362 -0.036040 0.042681 0.103723 0.056082 9.808291 
66.592100 0.000227 0.033300 0.051435 1.576335 -0.789032 -0.160204 0.000000 0.000000 0.000000 0.578052 -0.029826 -0.056473 0.000000 0.000000 0.000000 0.005417 -0.005761 -0.004563 -0.102115 -0.028689 0.039374 0.106151 0.056622 9.808262 
66.792014 0.000317 0.033756 0.050522 1.680747 -0.774630 -0.164309 0.000000 0.000000 0.000000 0.415059 0.160240 0.055271 0.000000 0.000000 0.000000 0.005366 -0.005700 -0.004566 -0.101833 -0.032454 0.038865 0.105330 0.056887 9.808269 
66.991934 0.000447 0.033827 0.055054 1.776933 -0.787546 -0.168503 0.000000 0.000000 0.000000 0.480669 -0.088505 -0.160523 0.000000 0.000000 0.000000 0.005980 -0.005548 -0.004841 -0.102020 -0.029712 0.038368 0.105979 0.056678 9.808264 
67.190479 0.000343 0.034008 0.058979 1.844101 -0.781172 -0.167979 0.000000 0.000000 0.000000 0.295507 0.047379 0.012641 0.000000 0.000000 0.000000 0.005776 -0.005656 -0.005032 -0.097722 -0.035448 0.034090 0.104836 0.056333 9.808278 
67.391688 0.000263 0.034093 0.061588 1.930609 -0.781947 -0.175713 0.000000 0.000000 0.000000 0.415059 -0.010884 -0.034083 0.000000 0.000000 0.000000 0.005396 -0.006060 -0.005127 -0.102959 -0.032028 0.034277 0.106023 0.057378 9.808259 
67.791486 0.000778 0.034271 0.062474 2.134067 -0.767295 -0.195722 0.000000 0.000000 0.000000 0.518096 0.041773 -0.044600 0.000000 0.000000 0.000000 0.005627 -0.007172 -0.005070 -0.107753 -0.032232 0.036921 0.105892 0.058587 9.808253 
67.990025 0.000833 0.034419 0.063177 2.238252 -0.774719 -0.204506 0.000000 0.000000 0.000000 0.485285 -0.077029 -0.074259 0.000000 0.000000 0.000000 0.005126 -0.007442 -0.005092 -0.108676 -0.029972 0.036700 0.106592 0.058760 9.808245 
68.191187 0.000305 0.035276 0.068206 2.332516 -0.786254 -0.192189 0.000000 0.000000 0.000000 0.423244 -0.047814 0.082248 0.000000 0.000000 0.000000 0.005108 -0.007323 -0.005442 -0.109569 -0.029871 0.032721 0.107150 0.059123 9.808237 
68.391047 0.000357 0.035183 0.070499 2.427549 -0.775019 -0.190883 0.000000 0.000000 0.000000 0.475275 0.084963 -0.022347 0.000000 0.000000 0.000000 0.005176 -0.007277 -0.005502 -0.113788 -0.032847 0.034653 0.106324 0.060357 9.808238 
68.590949 0.000744 0.035166 0.072961 2.506481 -0.768630 -0.206978 0.000000 0.000000 0.000000 0.393396 0.036022 -0.034054 0.000000 0.000000 0.000000 0.005035 -0.007117 -0.005504 -0.110744 -0.032214 0.037631 0.106074 0.059312 9.808247 
68.789519 0.001296 0.035073 0.069780 2.611229 -0.760091 -0.234134 0.000000 0.000000 0.000000 0.530473 0.112609 -0.398257 0.000000 0.000000 0.000000 0.005032 -0.007067 -0.005489 -0.115509 -0.029656 0.038825 0.106841 0.060678 9.808230 
68.990690 0.001247 0.035246 0.074550 2.720455 -0.753321 -0.235774 0.000000 0.000000 0.000000 0.506843 0.028529 -0.035209 0.000000 0.000000 0.000000 0.005152 -0.006815 -0.005801 -0.114991 -0.028674 0.034108 0.107626 0.060611 9.808222 
69.589066 0.000648 0.036233 0.080133 2.983457 -0.756036 -0.231548 0.000000 0.000000 0.000000 0.379981 -0.012750 0.015558 0.000000 0.000000 0.000000 0.004461 -0.006514 -0.006129 -0.114879 -0.028008 0.034546 0.107797 0.060552 9.808221 
69.790266 -0.006642 0.030435 0.080281 3.047673 -0.722411 -0.257140 0.000000 0.000000 0.000000 0.280881 0.315564 -0.260381 0.000000 0.000000 0.000000 0.006089 -0.006062 -0.006137 -0.116405 -0.032178 0.044468 0.105326 0.060335 9.808249 
69.990143 -0.006910 0.030409 0.082530 3.147123 -0.711510 -0.291815 0.000000 0.000000 0.000000 0.525372 0.009242 -0.183227 0.000000 0.000000 0.000000 0.007510 -0.005002 -0.006195 -0.117718 -0.028115 0.043738 0.106699 0.060710 9.808232 
70.389913 -0.007842 0.030864 0.086018 3.277443 -0.697344 -0.300755 0.000000 0.000000 0.000000 0.313331 0.051987 -0.030714 0.000000 0.000000 0.000000 0.007442 -0.004237 -0.006229 -0.110018 -0.031873 0.037132 0.105857 0.058610 9.808254 
70.589808 -0.008037 0.031109 0.084719 3.378625 -0.697414 -0.311822 0.000000 0.000000 0.000000 0.588931 -0.026181 -0.078082 0.000000 0.000000 0.000000 0.006854 -0.006212 -0.006188 -0.115520 -0.028058 0.037452 0.107021 0.060554 9.808229 
70.988218 -0.007519 0.030938 0.087801 3.347119 -0.713944 -0.325359 0.000000 0.000000 0.000000 -0.554715 0.047376 -0.002450 0.000000 0.000000 0.000000 0.006773 -0.004682 -0.006115 -0.100875 -0.033434 0.036872 0.105462 0.055575 9.808276 
71.189423 -0.008080 0.031185 0.084612 3.332794 -0.701173 -0.300060 0.000000 0.000000 0.000000 -0.022325 0.156351 0.154241 0.000000 0.000000 0.000000 0.005044 -0.009175 -0.006333 -0.111282 -0.024966 0.034125 0.108199 0.059466 9.808223 
71.389318 -0.001374 0.036519 0.086054 3.369895 -0.652538 -0.243281 0.000000 0.000000 0.000000 0.154775 0.241253 0.343812 0.000000 0.000000 0.000000 0.005474 -0.009518 -0.006389 -0.120304 -0.024428 0.032300 0.108377 0.062549 9.808202 
71.789110 -0.000554 0.036781 0.082794 3.368878 -0.513478 -0.234879 0.000000 0.000000 0.000000 -0.082196 0.375396 0.008009 0.000000 0.000000 0.000000 0.008385 -0.008086 -0.006045 -0.121095 -0.032229 0.055420 0.103409 0.062000 9.808259 
71.988976 -0.005190 0.034590 0.083597 3.348308 -0.454844 -0.264201 0.000000 0.000000 0.000000 -0.124918 0.280267 -0.177731 0.000000 0.000000 0.000000 0.007414 -0.007962 -0.006047 -0.120716 -0.028666 0.061062 0.103944 0.061770 9.808255 
72.188875 -0.007473 0.032454 0.081244 3.332990 -0.402523 -0.292594 0.000000 0.000000 0.000000 -0.079239 0.250098 -0.170789 0.000000 0.000000 0.000000 0.007338 -0.007829 -0.005960 -0.121664 -0.026492 0.059305 0.104795 0.062152 9.808243 
72.388779 -0.007081 0.032675 0.082949 3.315735 -0.365460 -0.293226 0.000000 0.000000 0.000000 -0.097634 0.142664 0.014380 0.000000 0.000000 0.000000 0.007113 -0.007725 -0.005965 -0.120505 -0.024910 0.056609 0.105474 0.061990 9.808237 
72.587393 -0.008390 0.032137 0.079440 3.327214 -0.314341 -0.305459 0.000000 0.000000 0.000000 0.081973 0.267141 -0.156433 0.000000 0.000000 0.000000 0.007197 -0.008123 -0.005780 -0.128955 -0.027227 0.056795 0.104782 0.064577 9.808228 
72.788566 -0.008200 0.031475 0.081952 3.342063 -0.278307 -0.321595 0.000000 0.000000 0.000000 0.029239 0.144264 -0.380012 0.000000 0.000000 0.000000 0.007154 -0.008152 -0.005791 -0.127639 -0.024021 0.054070 0.105936 0.064363 9.808217 
72.988553 -0.007812 0.031918 0.080262 3.371085 -0.241116 -0.326456 0.000000 0.000000 0.000000 0.145494 0.188735 -0.066029 0.000000 0.000000 0.000000 0.007030 -0.007913 -0.005760 -0.128517 -0.023999 0.050601 0.106170 0.064826 9.808211 
73.188368 -0.006821 0.032680 0.082031 3.361039 -0.207128 -0.311522 0.000000 0.000000 0.000000 -0.076321 0.160485 0.081787 0.000000 0.000000 0.000000 0.006987 -0.009630 -0.005794 -0.121234 -0.026580 0.047529 0.105457 0.062943 9.808231 
73.388193 -0.007391 0.033314 0.081428 3.341076 -0.155487 -0.297936 0.000000 0.000000 0.000000 -0.109548 0.258765 0.122101 0.000000 0.000000 0.000000 0.007327 -0.009661 -0.005720 -0.122502 -0.032313 0.052337 0.103500 0.063163 9.808251 
73.588083 -0.007215 0.032946 0.082947 3.323830 -0.119032 -0.298121 0.000000 0.000000 0.000000 -0.085332 0.168837 0.042683 0.000000 0.000000 0.000000 0.007056 -0.009728 -0.005739 -0.123868 -0.027372 0.059480 0.104474 0.063208 9.808240 
74.187802 -0.007139 0.032537 0.078188 3.302593 0.018425 -0.311069 0.000000 0.000000 0.000000 -0.055109 0.249508 0.008300 0.000000 0.000000 0.000000 0.006427 -0.010749 -0.005407 -0.125384 -0.026371 0.062917 0.104477 0.063486 9.808238 
74.387808 -0.006742 0.032748 0.077362 3.351792 0.043472 -0.331659 0.000000 0.000000 0.000000 0.265006 0.090164 -0.173217 0.000000 0.000000 0.000000 0.003609 -0.016524 -0.005314 -0.132759 -0.019878 0.065264 0.106096 0.065706 9.808206 
74.587633 -0.008729 0.031826 0.078811 3.316086 0.061719 -0.325390 0.000000 0.000000 0.000000 -0.253827 0.096035 0.095049 0.000000 0.000000 0.000000 0.003262 -0.016444 -0.005375 -0.116349 -0.025450 0.060633 0.104613 0.061715 9.808248 
74.786143 -0.007900 0.032610 0.078346 3.274632 0.112317 -0.302082 0.000000 0.000000 0.000000 -0.258399 0.410973 0.175420 0.000000 0.000000 0.000000 0.003069 -0.016272 -0.005293 -0.120444 -0.029548 0.059745 0.103700 0.062938 9.808250 
74.987414 -0.007554 0.032660 0.075253 3.364208 0.149495 -0.315618 0.000000 0.000000 0.000000 0.440146 0.136006 0.043852 0.000000 0.000000 0.000000 0.003731 -0.013877 -0.005242 -0.128536 -0.024209 0.063040 0.105133 0.064747 9.808223 
75.187370 -0.007828 0.032960 0.077921 3.378992 0.189041 -0.317066 0.000000 0.000000 0.000000 0.014430 0.234304 0.035824 0.000000 0.000000 0.000000 0.003634 -0.014617 -0.005220 -0.116908 -0.030897 0.065220 0.102960 0.061900 9.808264 
75.785558 -0.008920 0.032831 0.079285 3.352745 0.342349 -0.313307 0.000000 0.000000 0.000000 -0.089310 0.309375 0.007480 0.000000 0.000000 0.000000 0.004318 -0.014170 -0.005047 -0.117677 -0.033037 0.067217 0.102301 0.062000 9.808271 
75.986938 -0.008928 0.032809 0.075617 3.336551 0.405384 -0.322060 0.000000 0.000000 0.000000 -0.074002 0.294020 -0.178490 0.000000 0.000000 0.000000 0.004358 -0.014255 -0.004773 -0.116746 -0.032205 0.056570 0.103275 0.062609 9.808256 
76.186887 -0.009676 0.032245 0.074113 3.318747 0.481307 -0.322402 0.000000 0.000000 0.000000 -0.089341 0.384942 -0.056024 0.000000 0.000000 0.000000 0.004334 -0.014092 -0.004680 -0.114927 -0.035046 0.050153 0.102902 0.062586 9.808261 
76.585186 -0.009813 0.032773 0.072160 3.346847 0.594632 -0.317094 0.000000 0.000000 0.000000 0.117669 0.217827 0.033843 0.000000 0.000000 0.000000 0.002527 -0.016052 -0.004466 -0.122379 -0.025242 0.053379 0.105256 0.063941 9.808227 
76.786561 -0.006390 0.034370 0.075017 3.346633 0.644979 -0.305001 0.000000 0.000000 0.000000 -0.128922 0.157956 -0.229746 0.000000 0.000000 0.000000 0.002869 -0.015520 -0.004456 -0.118073 -0.028240 0.049706 0.104677 0.063183 9.808238 
76.986463 -0.005758 0.036092 0.074090 3.349590 0.717808 -0.273848 0.000000 0.000000 0.000000 -0.014430 0.413766 0.142410 0.000000 0.000000 0.000000 0.002068 -0.014518 -0.004481 -0.119864 -0.029750 0.045116 0.104763 0.063856 9.808233 
77.184824 -0.003030 0.035171 0.074166 3.354225 0.791639 -0.300651 0.000000 0.000000 0.000000 0.004502 0.382858 -0.088471 0.000000 0.000000 0.000000 0.002481 -0.014056 -0.004364 -0.122386 -0.025862 0.051651 0.105081 0.064022 9.808228 
77.386233 -0.005366 0.033658 0.071563 3.355714 0.873384 -0.325665 0.000000 0.000000 0.000000 -0.003464 0.385669 -0.147752 0.000000 0.000000 0.000000 0.002509 -0.014012 -0.004205 -0.124058 -0.026675 0.052891 0.104828 0.064405 9.808228 
77.586148 -0.008462 0.031613 0.069808 3.348408 0.960594 -0.354240 0.000000 0.000000 0.000000 -0.025323 0.434880 -0.166377 0.000000 0.000000 0.000000 0.002738 -0.013698 -0.004175 -0.123417 -0.029249 0.051094 0.104379 0.064400 9.808233 
77.984414 -0.007793 0.033224 0.070038 3.371363 1.100625 -0.326613 0.000000 0.000000 0.000000 0.104786 0.322576 0.349081 0.000000 0.000000 0.000000 0.002282 -0.013964 -0.004193 -0.125714 -0.026399 0.050988 0.105078 0.064768 9.808223 
78.185711 -0.010688 0.031692 0.069785 3.365162 1.183261 -0.344735 0.000000 0.000000 0.000000 -0.087675 0.403498 -0.171103 0.000000 0.000000 0.000000 0.002831 -0.013364 -0.004136 -0.125493 -0.029496 0.057570 0.103912 0.064169 9.808240 
78.386852 -0.010625 0.031009 0.070031 3.350848 1.257356 -0.368479 0.000000 0.000000 0.000000 -0.111080 0.406131 -0.084545 0.000000 0.000000 0.000000 0.002673 -0.013486 -0.004043 -0.127101 -0.026101 0.054592 0.104812 0.064568 9.808227 
78.585410 -0.011255 0.031622 0.066806 3.347597 1.330123 -0.363795 0.000000 0.000000 0.000000 -0.043645 0.319102 -0.031919 0.000000 0.000000 0.000000 0.002477 -0.013522 -0.003897 -0.131377 -0.024707 0.048952 0.105533 0.065696 9.808212 
78.785416 -0.011046 0.031935 0.064119 3.356871 1.401236 -0.363295 0.000000 0.000000 0.000000 0.061482 0.211279 -0.079885 0.000000 0.000000 0.000000 0.002496 -0.013497 -0.003842 -0.135718 -0.026550 0.047814 0.105416 0.066711 9.808207 
78.985171 -0.011339 0.031502 0.063745 3.353294 1.468503 -0.355979 0.000000 0.000000 0.000000 -0.042524 0.333704 0.109286 0.000000 0.000000 0.000000 0.001625 -0.013542 -0.003718 -0.135373 -0.028411 0.047038 0.105116 0.066809 9.808209 
79.186523 -0.011342 0.032409 0.065814 3.383122 1.534008 -0.351181 0.000000 0.000000 0.000000 0.157503 0.358410 -0.033955 0.000000 0.000000 0.000000 0.002042 -0.012054 -0.003799 -0.142515 -0.024284 0.048743 0.106144 0.067665 9.808192 
79.386260 -0.011065 0.032305 0.064826 3.384275 1.598549 -0.354071 0.000000 0.000000 0.000000 -0.037172 0.262036 -0.165681 0.000000 0.000000 0.000000 0.001901 -0.012222 -0.003850 -0.137433 -0.026774 0.043160 0.105748 0.067301 9.808199 
79.584899 -0.010763 0.032279 0.065663 3.358251 1.667628 -0.356274 0.000000 0.000000 0.000000 -0.180342 0.308425 -0.189870 0.000000 0.000000 0.000000 0.002393 -0.011992 -0.003671 -0.135659 -0.032179 0.033516 0.105149 0.067780 9.808202 
79.784829 -0.011115 0.031900 0.063255 3.376304 1.735900 -0.368415 0.000000 0.000000 0.000000 0.266111 0.292525 0.157864 0.000000 0.000000 0.000000 0.002550 -0.012853 -0.003586 -0.146374 -0.031513 0.031698 0.105873 0.069733 9.808181 
79.986003 -0.011737 0.031953 0.063737 3.357382 1.806845 -0.364050 0.000000 0.000000 0.000000 -0.087868 0.297263 -0.056223 0.000000 0.000000 0.000000 0.002305 -0.013503 -0.003493 -0.141945 -0.033717 0.032370 0.105234 0.069079 9.808192 
80.185841 -0.011296 0.032187 0.062198 3.354102 1.865966 -0.365269 0.000000 0.000000 0.000000 -0.015625 0.223775 0.025367 0.000000 0.000000 0.000000 0.002261 -0.013285 -0.003427 -0.145892 -0.033554 0.030956 0.105545 0.069785 9.808184 
80.384460 -0.011281 0.032150 0.065815 3.431123 1.889277 -0.365676 0.000000 0.000000 0.000000 0.428890 0.012118 0.053668 0.000000 0.000000 0.000000 0.002051 -0.014530 -0.003541 -0.164171 -0.029446 0.035374 0.106924 0.072184 9.808152 
80.584295 -0.011658 0.032285 0.065751 3.416697 1.885766 -0.364995 0.000000 0.000000 0.000000 -0.114713 -0.014531 0.010870 0.000000 0.000000 0.000000 0.002197 -0.011505 -0.003626 -0.143829 -0.033577 0.038288 0.105046 0.069102 9.808194 
81.184121 -0.012594 0.032296 0.062395 3.327685 1.905995 -0.341088 0.000000 0.000000 0.000000 -0.054496 0.037797 0.040956 0.000000 0.000000 0.000000 0.003258 -0.008738 -0.003234 -0.141296 -0.035032 0.036857 0.104804 0.068777 9.808199 
81.383978 -0.011567 0.031802 0.058637 3.249289 1.897326 -0.348814 0.000000 0.000000 0.000000 -0.475104 -0.055332 -0.078810 0.000000 0.000000 0.000000 0.001989 -0.002745 -0.003297 -0.133363 -0.034835 0.039253 0.104389 0.067172 9.808215 
81.585202 -0.011062 0.032141 0.057909 3.172062 1.888716 -0.347707 0.000000 0.000000 0.000000 -0.410087 -0.034436 -0.011098 0.000000 0.000000 0.000000 0.001977 -0.002890 -0.003094 -0.137271 -0.033978 0.035770 0.104902 0.067833 9.808204 
81.783701 -0.010879 0.031702 0.055650 3.144170 1.886370 -0.346503 0.000000 0.000000 0.000000 0.078218 0.014521 0.235899 0.000000 0.000000 0.000000 0.001887 -0.003149 -0.003009 -0.149436 -0.031895 0.037697 0.105833 0.069254 9.808185 
82.183558 -0.011614 0.031837 0.050817 2.998266 1.887484 -0.331552 0.000000 0.000000 0.000000 -0.442626 -0.008307 0.020162 0.000000 0.000000 0.000000 0.001843 -0.003090 -0.002498 -0.142901 -0.033377 0.039502 0.105162 0.068444 9.808197 
82.384805 -0.010737 0.031451 0.049584 2.925778 1.881822 -0.333253 0.000000 0.000000 0.000000 -0.368446 -0.040408 -0.004234 0.000000 0.000000 0.000000 0.001641 -0.004186 -0.002420 -0.147104 -0.031938 0.039509 0.105577 0.068849 9.808190 
82.583278 -0.010987 0.031464 0.049450 2.862470 1.880890 -0.327414 0.000000 0.000000 0.000000 -0.331322 -0.009958 0.026051 0.000000 0.000000 0.000000 0.001755 -0.004484 -0.002408 -0.149673 -0.033441 0.037401 0.105707 0.069253 9.808186 
82.783247 -0.010843 0.031420 0.045821 2.793866 1.880814 -0.325870 0.000000 0.000000 0.000000 -0.306980 0.005239 0.134748 0.000000 0.000000 0.000000 0.001745 -0.004521 -0.002365 -0.149121 -0.034245 0.039026 0.105546 0.069206 9.808188 
82.984479 -0.010360 0.031103 0.045586 2.737955 1.879864 -0.321016 0.000000 0.000000 0.000000 -0.287702 -0.022581 -0.039159 0.000000 0.000000 0.000000 0.001734 -0.004290 -0.002320 -0.149648 -0.034192 0.039548 0.105568 0.069227 9.808188 
83.184310 -0.010932 0.031351 0.044637 2.667126 1.878791 -0.318609 0.000000 0.000000 0.000000 -0.373198 -0.019691 0.038606 0.000000 0.000000 0.000000 0.001660 -0.004282 -0.002231 -0.147544 -0.035742 0.039104 0.105338 0.069213 9.808190 
83.382846 -0.010634 0.030956 0.043388 2.596905 1.877315 -0.316663 0.000000 0.000000 0.000000 -0.365282 -0.008005 -0.021624 0.000000 0.000000 0.000000 0.001733 -0.004339 -0.002045 -0.149269 -0.035562 0.040317 0.105412 0.069272 9.808189 
83.784016 -0.010521 0.030436 0.039714 2.493933 1.872711 -0.316349 0.000000 0.000000 0.000000 -0.233162 -0.021596 -0.018623 0.000000 0.000000 0.000000 0.001686 -0.006209 -0.001612 -0.155049 -0.035207 0.037511 0.105945 0.069676 9.808180 
83.983931 -0.010135 0.030396 0.039174 2.425674 1.871904 -0.312395 0.000000 0.000000 0.000000 -0.358810 -0.008529 0.019255 0.000000 0.000000 0.000000 0.001817 -0.005646 -0.001596 -0.150184 -0.036690 0.036005 0.105590 0.069572 9.808185 
84.182562 -0.010495 0.029761 0.040558 2.345668 1.870621 -0.319401 0.000000 0.000000 0.000000 -0.403066 -0.002426 -0.053049 0.000000 0.000000 0.000000 0.001739 -0.005667 -0.001549 -0.148084 -0.036914 0.038547 0.105337 0.069447 9.808189 
84.583599 -0.009742 0.029781 0.036665 2.222277 1.872959 -0.312318 0.000000 0.000000 0.000000 -0.298280 -0.006307 0.013219 0.000000 0.000000 0.000000 0.001990 -0.006848 -0.001234 -0.152336 -0.037767 0.032571 0.105807 0.069852 9.808181 
84.982095 -0.006765 0.029497 0.032875 2.107385 1.866761 -0.320058 0.000000 0.000000 0.000000 -0.298548 -0.042999 -0.042309 0.000000 0.000000 0.000000 0.002136 -0.007132 -0.001052 -0.153959 -0.038320 0.031488 0.105937 0.069980 9.808178 
85.181941 -0.007650 0.029529 0.031046 2.062218 1.852061 -0.308119 0.000000 0.000000 0.000000 -0.227214 -0.081729 0.005453 0.000000 0.000000 0.000000 0.001935 -0.007564 -0.000963 -0.155346 -0.037813 0.029739 0.106055 0.069905 9.808178 
85.383169 -0.009080 0.029116 0.030458 1.962181 1.859205 -0.311221 0.000000 0.000000 0.000000 -0.537734 0.059133 -0.006231 0.000000 0.000000 0.000000 0.002684 -0.006094 -0.000893 -0.146015 -0.042512 0.031842 0.105354 0.070278 9.808182 
85.583093 -0.008513 0.028412 0.030302 1.885146 1.866004 -0.316397 0.000000 0.000000 0.000000 -0.359544 0.016803 -0.073276 0.000000 0.000000 0.000000 0.002552 -0.006543 -0.000960 -0.153274 -0.041665 0.030296 0.105919 0.070169 9.808177 
85.781676 -0.009527 0.028035 0.028621 1.828358 1.878357 -0.316954 0.000000 0.000000 0.000000 -0.280091 0.070604 -0.097255 0.000000 0.000000 0.000000 0.002442 -0.006474 -0.000921 -0.155991 -0.043545 0.026714 0.106260 0.070341 9.808172 
85.982894 -0.009260 0.028327 0.027403 1.760324 1.877318 -0.308870 0.000000 0.000000 0.000000 -0.328674 -0.031011 0.047460 0.000000 0.000000 0.000000 0.002616 -0.006586 -0.000777 -0.155218 -0.042780 0.025095 0.106236 0.070323 9.808173 
86.182857 -0.008270 0.028388 0.028077 1.720562 1.867069 -0.301871 0.000000 0.000000 0.000000 -0.209501 -0.063756 0.023432 0.000000 0.000000 0.000000 0.002735 -0.005833 -0.000898 -0.162529 -0.041279 0.025089 0.106736 0.070073 9.808169 
86.382702 -0.008175 0.027538 0.026201 1.632754 1.871242 -0.303262 0.000000 0.000000 0.000000 -0.479226 0.031705 -0.021026 0.000000 0.000000 0.000000 0.002807 -0.005403 -0.000609 -0.151634 -0.047250 0.026143 0.106082 0.070740 9.808171 
86.581263 -0.008770 0.027634 0.023263 1.552292 1.864138 -0.304111 0.000000 0.000000 0.000000 -0.394762 -0.039620 0.000751 0.000000 0.000000 0.000000 0.002705 -0.005697 -0.000474 -0.154304 -0.043964 0.026440 0.106209 0.070460 9.808172 
86.781183 -0.007858 0.028088 0.021455 1.477985 1.860810 -0.305557 0.000000 0.000000 0.000000 -0.346568 -0.013812 0.003366 0.000000 0.000000 0.000000 0.002726 -0.005690 -0.000455 -0.154779 -0.044814 0.026150 0.106278 0.070509 9.808171 
86.982381 -0.009226 0.027540 0.019289 1.393938 1.869790 -0.300542 0.000000 0.000000 0.000000 -0.421426 0.057441 0.049404 0.000000 0.000000 0.000000 0.002508 -0.005781 -0.000152 -0.153476 -0.045685 0.026058 0.106234 0.070639 9.808170 
87.182260 -0.008767 0.027041 0.017645 1.324862 1.864482 -0.304688 0.000000 0.000000 0.000000 -0.338189 -0.028372 0.012428 0.000000 0.000000 0.000000 0.002641 -0.005654 -0.000054 -0.157763 -0.041573 0.029508 0.106242 0.070088 9.808174 
87.380908 -0.008398 0.026816 0.016606 1.241368 1.866639 -0.303143 0.000000 0.000000 0.000000 -0.441377 0.008152 -0.024682 0.000000 0.000000 0.000000 0.002702 -0.005514 0.000065 -0.154683 -0.043870 0.028617 0.106210 0.070448 9.808172 
87.580812 -0.008162 0.026505 0.014736 1.171033 1.869557 -0.310481 0.000000 0.000000 0.000000 -0.369133 0.009959 -0.083819 0.000000 0.000000 0.000000 0.002728 -0.005938 0.000188 -0.158775 -0.044714 0.028892 0.106523 0.070214 9.808170 
87.781977 -0.009058 0.026377 0.013474 1.122699 1.873212 -0.307683 0.000000 0.000000 0.000000 -0.164450 -0.007105 0.121146 0.000000 0.000000 0.000000 0.002735 -0.006535 0.000173 -0.164452 -0.045443 0.025599 0.107003 0.069868 9.808168 
88.180412 -0.007530 0.026689 0.011721 0.975078 1.877930 -0.299628 0.000000 0.000000 0.000000 -0.367626 0.017168 0.037560 0.000000 0.000000 0.000000 0.002777 -0.006132 0.000535 -0.160899 -0.045571 0.026509 0.106792 0.070195 9.808167 
88.380345 -0.007750 0.025669 0.009260 0.883550 1.878134 -0.309415 0.000000 0.000000 0.000000 -0.482917 0.011476 -0.048739 0.000000 0.000000 0.000000 0.002535 -0.005484 0.000592 -0.158111 -0.044114 0.029960 0.106418 0.070333 9.808171 
88.581551 -0.007614 0.025377 0.009068 0.782902 1.875767 -0.315216 0.000000 0.000000 0.000000 -0.518780 -0.022756 -0.011114 0.000000 0.000000 0.000000 0.002532 -0.005419 0.000651 -0.158503 -0.043424 0.029788 0.106373 0.070254 9.808172 
88.781508 -0.008543 0.025674 0.006412 0.729430 1.874119 -0.294846 0.000000 0.000000 0.000000 -0.381300 0.000396 -0.074005 0.000000 0.000000 0.000000 0.002445 -0.006162 0.000660 -0.169462 -0.044011 0.025617 0.107109 0.069073 9.808172 
89.181358 -0.007327 0.025360 0.004637 0.589476 1.883387 -0.294952 0.000000 0.000000 0.000000 -0.322188 0.015922 0.006092 0.000000 0.000000 0.000000 0.002178 -0.006035 0.000788 -0.169301 -0.044759 0.024702 0.107194 0.069146 9.808171 
89.381185 -0.005399 0.024928 0.005180 0.466419 1.884506 -0.304500 0.000000 0.000000 0.000000 -0.685267 0.005689 -0.080046 0.000000 0.000000 0.000000 0.002269 -0.004355 0.000857 -0.156251 -0.043828 0.025830 0.106395 0.070559 9.808169 
89.581082 -0.006148 0.024730 0.001820 0.397753 1.886149 -0.298198 0.000000 0.000000 0.000000 -0.284949 -0.015233 0.125267 0.000000 0.000000 0.000000 0.002338 -0.004139 0.000907 -0.169060 -0.045510 0.024810 0.107270 0.069124 9.808170 
89.779615 -0.007201 0.024490 -0.000105 0.330671 1.898218 -0.318537 0.000000 0.000000 0.000000 -0.225326 0.103868 0.326875 0.000000 0.000000 0.000000 0.002319 -0.004142 0.000944 -0.167293 -0.047702 0.030672 0.107363 0.069461 9.808166 
89.980865 -0.004753 0.024888 -0.002162 0.243764 1.896116 -0.291196 0.000000 0.000000 0.000000 -0.461967 -0.025583 -0.144921 0.000000 0.000000 0.000000 0.002470 -0.004648 0.001089 -0.165537 -0.046387 0.031838 0.107089 0.069614 9.808168 
90.180798 -0.003511 0.024545 -0.002701 0.182894 1.883567 -0.302105 0.000000 0.000000 0.000000 -0.274925 -0.070515 -0.041168 0.000000 0.000000 0.000000 0.002959 -0.002455 0.001134 -0.170284 -0.045655 0.029280 0.107268 0.068972 9.808171 
90.380758 -0.005966 0.024030 -0.005664 0.108199 1.892977 -0.296707 0.000000 0.000000 0.000000 -0.391082 0.047703 0.057120 0.000000 0.000000 0.000000 0.002391 -0.002945 0.001370 -0.166340 -0.050729 0.028461 0.107840 0.069761 9.808159 
90.580608 -0.004757 0.024062 -0.007252 0.020647 1.894443 -0.297128 0.000000 0.000000 0.000000 -0.453045 -0.003508 -0.042377 0.000000 0.000000 0.000000 0.002277 -0.002927 0.001330 -0.164903 -0.047923 0.031076 0.107357 0.069879 9.808164 
90.780678 -0.001181 0.024754 -0.006560 -0.066876 1.890851 -0.289971 0.000000 0.000000 0.000000 -0.481028 -0.016982 0.046200 0.000000 0.000000 0.000000 0.002311 -0.002910 0.001315 -0.165665 -0.047309 0.028255 0.107270 0.069714 9.808166 
90.980361 -0.003340 0.024067 -0.008232 -0.147758 1.901789 -0.288522 0.000000 0.000000 0.000000 -0.418700 0.058620 -0.065555 0.000000 0.000000 0.000000 0.001966 -0.002493 0.001526 -0.166524 -0.048311 0.028134 0.107464 0.069622 9.808164 
91.180287 -0.003502 0.023485 -0.010940 -0.216381 1.901119 -0.295241 0.000000 0.000000 0.000000 -0.352704 -0.019239 -0.060811 0.000000 0.000000 0.000000 0.002259 -0.002079 0.001736 -0.170048 -0.046449 0.026411 0.107320 0.068973 9.808170 
91.378922 -0.005171 0.023012 -0.012753 -0.301315 1.912537 -0.294440 0.000000 0.000000 0.000000 -0.424562 0.069989 0.034848 0.000000 0.000000 0.000000 0.002394 -0.001825 0.001947 -0.163874 -0.050005 0.026316 0.107720 0.070127 9.808158 
91.580090 -0.004862 0.022927 -0.014416 -0.400196 1.917953 -0.296714 0.000000 0.000000 0.000000 -0.490802 0.032903 0.003252 0.000000 0.000000 0.000000 0.001942 -0.001392 0.002067 -0.160814 -0.046732 0.027263 0.107050 0.070583 9.808162 
91.979870 -0.003057 0.023176 -0.016448 -0.552765 1.919387 -0.282133 0.000000 0.000000 0.000000 -0.323505 -0.021210 0.100228 0.000000 0.000000 0.000000 0.001849 -0.002170 0.002102 -0.165107 -0.047298 0.028548 0.107249 0.069775 9.808165 
92.178488 -0.002135 0.023091 -0.017603 -0.630704 1.917681 -0.282347 0.000000 0.000000 0.000000 -0.547317 -0.023132 0.078487 0.000000 0.000000 0.000000 0.001995 -0.002575 0.002091 -0.165301 -0.047772 0.032851 0.107293 0.069785 9.808165 
92.379741 -0.002872 0.023658 -0.015269 -0.726703 1.912450 -0.273066 0.000000 0.000000 0.000000 -0.556584 -0.115252 0.048256 0.000000 0.000000 0.000000 0.002278 -0.003421 0.001960 -0.172361 -0.049727 0.033492 0.107827 0.068412 9.808169 
92.579678 -0.002467 0.022926 -0.014205 -0.635167 1.903793 -0.281056 0.000000 0.000000 0.000000 0.618778 -0.160679 -0.127128 0.000000 0.000000 0.000000 0.002938 -0.005974 0.001982 -0.224245 -0.067312 0.032988 0.112309 0.058535 9.808182 
92.779508 -0.004215 0.021976 -0.014357 -0.601137 1.861818 -0.292886 0.000000 0.000000 0.000000 0.160416 -0.072396 -0.272379 0.000000 0.000000 0.000000 0.002684 -0.006437 0.001804 -0.207173 -0.062500 0.029799 0.111078 0.061671 9.808177 
92.978128 -0.004337 0.022317 -0.018023 -0.651663 1.762297 -0.292106 0.000000 0.000000 0.000000 -0.228975 -0.485641 0.047304 0.000000 0.000000 0.000000 0.004218 -0.008177 0.002100 -0.202894 -0.056489 0.026925 0.109863 0.062254 9.808187 
93.179389 -0.001664 0.022840 -0.016670 -0.637553 1.680524 -0.294191 0.000000 0.000000 0.000000 0.075024 -0.460448 -0.126844 0.000000 0.000000 0.000000 0.003389 -0.005902 0.001886 -0.214221 -0.064088 0.026414 0.111542 0.060402 9.808180 
93.379287 -0.001354 0.022973 -0.015282 -0.625212 1.612598 -0.294279 0.000000 0.000000 0.000000 0.056021 -0.349393 0.023559 0.000000 0.000000 0.000000 0.003359 -0.005820 0.001842 -0.211576 -0.071528 0.020917 0.112938 0.060975 9.808160 
93.579134 -0.001517 0.022971 -0.014419 -0.605262 1.528129 -0.291830 0.000000 0.000000 0.000000 0.161356 -0.476828 -0.046419 0.000000 0.000000 0.000000 0.003467 -0.005803 0.001720 -0.212345 -0.070611 0.019186 0.112771 0.060760 9.808164 
93.777709 -0.002358 0.022432 -0.012948 -0.636433 1.456184 -0.281454 0.000000 0.000000 0.000000 -0.142741 -0.434051 -0.086855 0.000000 0.000000 0.000000 0.003324 -0.006090 0.001696 -0.201823 -0.072786 0.015457 0.112922 0.062671 9.808150 
93.978963 -0.001415 0.022533 -0.011415 -0.663574 1.373495 -0.282020 0.000000 0.000000 0.000000 -0.188925 -0.438317 0.115131 0.000000 0.000000 0.000000 0.003248 -0.006123 0.001679 -0.202041 -0.073276 0.015153 0.113010 0.062642 9.808149 
94.178861 -0.000812 0.022787 -0.015175 -0.688514 1.297825 -0.271202 0.000000 0.000000 0.000000 -0.099566 -0.354451 0.067206 0.000000 0.000000 0.000000 0.003034 -0.006103 0.001935 -0.203014 -0.074012 0.016554 0.113183 0.062525 9.808148 
94.378713 -0.001109 0.022883 -0.013170 -0.655077 1.225190 -0.271697 0.000000 0.000000 0.000000 0.163358 -0.365424 0.063707 0.000000 0.000000 0.000000 0.003214 -0.006910 0.001585 -0.217921 -0.078010 0.022548 0.114292 0.060220 9.808149 
94.578632 0.001678 0.023373 -0.010736 -0.650087 1.134330 -0.274260 0.000000 0.000000 0.000000 0.025212 -0.472692 0.025372 0.000000 0.000000 0.000000 0.003282 -0.006394 0.001378 -0.210931 -0.074373 0.031706 0.113626 0.061635 9.808148 
94.778584 0.001544 0.022727 -0.010443 -0.698140 1.062822 -0.289425 0.000000 0.000000 0.000000 -0.039038 -0.383516 0.014102 0.000000 0.000000 0.000000 0.003895 -0.005075 0.001432 -0.197120 -0.077673 0.037798 0.114020 0.064367 9.808126 
94.978513 0.004920 0.023909 -0.008207 -0.694352 0.969911 -0.264734 0.000000 0.000000 0.000000 0.165178 -0.590149 0.301540 0.000000 0.000000 0.000000 0.004115 -0.005038 0.001412 -0.197295 -0.077253 0.037315 0.113955 0.064307 9.808127 
95.178401 0.001034 0.024125 -0.009337 -0.706774 0.898097 -0.245993 0.000000 0.000000 0.000000 -0.054945 -0.290218 0.072455 0.000000 0.000000 0.000000 0.003587 -0.005134 0.001644 -0.193338 -0.079948 0.039754 0.114218 0.065071 9.808119 
95.378271 0.000986 0.023745 -0.012556 -0.685820 0.825625 -0.252080 0.000000 0.000000 0.000000 0.149837 -0.374815 0.000879 0.000000 0.000000 0.000000 0.004056 -0.004482 0.001793 -0.201014 -0.075352 0.043938 0.113835 0.064017 9.808131 
95.578201 -0.000406 0.022573 -0.009996 -0.695626 0.762419 -0.275743 0.000000 0.000000 0.000000 -0.052958 -0.306644 -0.140229 0.000000 0.000000 0.000000 0.004461 -0.003307 0.001476 -0.190672 -0.077185 0.050499 0.113814 0.065818 9.808119 
95.778195 0.003703 0.021675 -0.007964 -0.715408 0.668240 -0.307128 0.000000 0.000000 0.000000 -0.179613 -0.595104 -0.378101 0.000000 0.000000 0.000000 0.003677 -0.003288 0.001431 -0.190879 -0.069822 0.050162 0.112612 0.065599 9.808134 
95.979367 0.001609 0.022330 -0.006646 -0.722086 0.594998 -0.301028 0.000000 0.000000 0.000000 -0.064062 -0.390182 0.091697 0.000000 0.000000 0.000000 0.003083 -0.002872 0.001297 -0.192489 -0.072365 0.046159 0.112896 0.065346 9.808133 
96.178033 0.000953 0.022375 -0.005362 -0.734667 0.526198 -0.279810 0.000000 0.000000 0.000000 -0.048382 -0.326386 0.130495 0.000000 0.000000 0.000000 0.002286 -0.002812 0.001253 -0.191605 -0.074682 0.046648 0.113168 0.065565 9.808128 
96.378055 0.002142 0.022809 -0.009589 -0.764430 0.443215 -0.274427 0.000000 0.000000 0.000000 -0.150382 -0.419688 0.054203 0.000000 0.000000 0.000000 0.002531 -0.003029 0.001571 -0.187316 -0.069706 0.053625 0.112463 0.066062 9.808133 
96.579020 0.001879 0.022342 -0.008136 -0.739816 0.378428 -0.287568 0.000000 0.000000 0.000000 0.153221 -0.334109 -0.114127 0.000000 0.000000 0.000000 0.003594 -0.004990 0.001276 -0.199303 -0.077369 0.056289 0.113859 0.064896 9.808124 
96.977664 0.001264 0.022098 -0.006503 -0.743142 0.241354 -0.290645 0.000000 0.000000 0.000000 -0.109937 -0.323409 0.093777 0.000000 0.000000 0.000000 0.002580 -0.004357 0.001128 -0.197510 -0.074006 0.056103 0.113318 0.065065 9.808130 
97.177569 0.001791 0.022514 -0.003651 -0.753081 0.165722 -0.284431 0.000000 0.000000 0.000000 -0.029466 -0.406284 0.035936 0.000000 0.000000 0.000000 0.001141 -0.004986 0.001038 -0.199380 -0.071323 0.057235 0.113023 0.064760 9.808135 
97.378656 -0.001047 0.023763 -0.004015 -0.773036 0.098444 -0.245262 0.000000 0.000000 0.000000 -0.075733 -0.277419 0.142317 0.000000 0.000000 0.000000 0.000445 -0.004101 0.000995 -0.195110 -0.070268 0.048283 0.112755 0.065099 9.808136 
97.578558 0.002421 0.023780 -0.005783 -0.790423 0.006100 -0.246619 0.000000 0.000000 0.000000 -0.116940 -0.522074 0.043664 0.000000 0.000000 0.000000 -0.000326 -0.004324 0.001186 -0.197408 -0.064017 0.055562 0.112089 0.064701 9.808146 
97.778542 0.004802 0.023215 -0.003355 -0.771670 -0.083094 -0.268856 0.000000 0.000000 0.000000 0.315393 -0.459616 -0.243872 0.000000 0.000000 0.000000 0.000203 -0.005364 0.001183 -0.205993 -0.068591 0.060339 0.112867 0.064145 9.808141 
97.975728 0.002750 0.022389 -0.002575 -0.768125 -0.155074 -0.281697 0.000000 0.000000 0.000000 0.002640 -0.306896 -0.033239 0.000000 0.000000 0.000000 -0.000000 -0.006146 0.001028 -0.203125 -0.068925 0.058674 0.112790 0.064414 9.808140 
98.175605 0.001551 0.022179 -0.001397 -0.799236 -0.221807 -0.278899 0.000000 0.000000 0.000000 -0.177289 -0.334056 -0.100894 0.000000 0.000000 0.000000 -0.000070 -0.006820 0.001035 -0.196499 -0.066021 0.055419 0.112195 0.064898 9.808144 
98.377052 0.002225 0.022079 0.000274 -0.810314 -0.307247 -0.284620 0.000000 0.000000 0.000000 -0.061868 -0.447676 -0.077625 0.000000 0.000000 0.000000 -0.000666 -0.007701 0.000911 -0.204331 -0.063171 0.051998 0.112158 0.063974 9.808150 
98.576981 0.002793 0.022914 0.000209 -0.810642 -0.388163 -0.275088 0.000000 0.000000 0.000000 0.027501 -0.366996 0.113231 0.000000 0.000000 0.000000 0.000243 -0.007714 0.001086 -0.205333 -0.069169 0.049413 0.112724 0.064032 9.808143 
98.775441 -0.000310 0.026228 -0.003013 -0.787321 -0.436195 -0.189283 0.000000 0.000000 0.000000 0.086588 -0.070854 0.465787 0.000000 0.000000 0.000000 0.000693 -0.008199 0.001123 -0.209500 -0.074492 0.037171 0.113269 0.063498 9.808140 
98.976841 0.018141 0.024433 0.001286 -0.795889 -0.578867 -0.207386 0.000000 0.000000 0.000000 -0.063793 -0.748644 0.178438 0.000000 0.000000 0.000000 0.002595 -0.008570 0.000916 -0.208857 -0.067520 0.044663 0.112549 0.063481 9.808149 
99.177890 0.015834 0.026626 0.002132 -0.806746 -0.644510 -0.207842 0.000000 0.000000 0.000000 -0.093993 -0.254380 0.088395 0.000000 0.000000 0.000000 0.000234 -0.008236 0.000844 -0.208477 -0.080456 0.050499 0.113831 0.064410 9.808128 
99.376455 0.004630 0.024183 0.001080 -0.827988 -0.650869 -0.237230 0.000000 0.000000 0.000000 -0.111121 0.054456 -0.138111 0.000000 0.000000 0.000000 0.000839 -0.008205 0.000907 -0.208836 -0.087585 0.056334 0.114465 0.065192 9.808115 
99.576285 0.004062 0.023373 0.004049 -0.837601 -0.714963 -0.259330 0.000000 0.000000 0.000000 -0.051638 -0.384048 -0.123943 0.000000 0.000000 0.000000 -0.001783 -0.008962 0.000643 -0.215087 -0.069487 0.056907 0.113217 0.064096 9.808137 
99.776195 0.003815 0.023412 0.004380 -0.857809 -0.787068 -0.262802 0.000000 0.000000 0.000000 -0.164915 -0.198853 0.310698 0.000000 0.000000 0.000000 -0.001792 -0.008673 0.000657 -0.213041 -0.069204 0.055420 0.113114 0.064169 9.808138 
99.976134 0.001471 0.024706 0.002792 -0.850089 -0.812823 -0.211932 0.000000 0.000000 0.000000 0.040411 -0.070879 0.250013 0.000000 0.000000 0.000000 -0.001530 -0.008026 0.000733 -0.215284 -0.068937 0.055949 0.113200 0.064041 9.808138 
100.177423 0.001901 0.024621 0.004641 -0.858054 -0.792377 -0.204371 0.000000 0.000000 0.000000 -0.062632 0.121256 0.070060 0.000000 0.000000 0.000000 -0.002829 -0.008494 0.000607 -0.212448 -0.075501 0.060667 0.113541 0.064613 9.808130 
100.375939 0.002924 0.024584 0.000111 -0.867736 -0.770197 -0.216569 0.000000 0.000000 0.000000 -0.154486 0.114197 -0.038707 0.000000 0.000000 0.000000 -0.002941 -0.009088 0.000766 -0.217342 -0.074755 0.065706 0.113665 0.064379 9.808130 
100.575864 0.001625 0.026530 0.001139 -0.833186 -0.774202 -0.202249 0.000000 0.000000 0.000000 0.128294 -0.045212 0.043611 0.000000 0.000000 0.000000 -0.004088 -0.012760 0.000692 -0.240291 -0.068375 0.061280 0.113973 0.062302 9.808140 
100.777112 0.001661 0.027355 0.006046 -0.727226 -0.792238 -0.167966 0.000000 0.000000 0.000000 0.602578 -0.041536 0.288846 0.000000 0.000000 0.000000 -0.004424 -0.015204 0.000674 -0.260124 -0.066493 0.055743 0.114400 0.060274 9.808148 
100.977093 0.002168 0.027312 0.009434 -0.625144 -0.787513 -0.151066 0.000000 0.000000 0.000000 0.479068 0.025358 0.163516 0.000000 0.000000 0.000000 -0.004467 -0.015215 0.000280 -0.259563 -0.066994 0.058361 0.114375 0.060407 9.808147 
101.175634 0.000259 0.029991 0.013517 -0.500551 -0.775647 -0.087917 0.000000 0.000000 0.000000 0.598660 0.057237 0.336222 0.000000 0.000000 0.000000 -0.004677 -0.014129 -0.000053 -0.267275 -0.068501 0.056258 0.114817 0.059981 9.808145 
101.374185 -0.000461 0.030723 0.015970 -0.389444 -0.768375 -0.057496 0.000000 0.000000 0.000000 0.561562 0.058770 0.166641 0.000000 0.000000 0.000000 -0.004999 -0.013768 -0.000269 -0.266762 -0.065907 0.064624 0.114371 0.060028 9.808150 
101.575372 -0.000482 0.029672 0.016498 -0.291909 -0.772198 -0.090163 0.000000 0.000000 0.000000 0.472086 -0.011190 -0.228137 0.000000 0.000000 0.000000 -0.005675 -0.013417 -0.000379 -0.264568 -0.062087 0.073400 0.113866 0.060025 9.808155 
101.776703 0.005838 0.025869 0.019316 -0.220395 -0.812005 -0.200210 0.000000 0.000000 0.000000 0.391461 -0.342644 -0.338859 0.000000 0.000000 0.000000 -0.006265 -0.012985 -0.000409 -0.260503 -0.055078 0.086287 0.113270 0.059892 9.808163 
101.975206 0.002902 0.026490 0.021220 -0.124981 -0.796015 -0.214693 0.000000 0.000000 0.000000 0.438678 0.099942 -0.292075 0.000000 0.000000 0.000000 -0.007448 -0.012707 -0.000502 -0.261600 -0.059739 0.082481 0.113403 0.059966 9.808161 
102.173920 0.002367 0.027789 0.025738 -0.006183 -0.788932 -0.189928 0.000000 0.000000 0.000000 0.571972 0.021295 -0.030823 0.000000 0.000000 0.000000 -0.006427 -0.011112 -0.000940 -0.265631 -0.057152 0.073230 0.113707 0.059492 9.808161 
102.375060 0.002462 0.027543 0.024428 0.070306 -0.784505 -0.199489 0.000000 0.000000 0.000000 0.373510 0.043402 -0.028828 0.000000 0.000000 0.000000 -0.006273 -0.010860 -0.000831 -0.255103 -0.057192 0.072741 0.113310 0.059374 9.808166 
102.576348 0.001608 0.027428 0.024854 0.153369 -0.792363 -0.203816 0.000000 0.000000 0.000000 0.412695 -0.044498 -0.019179 0.000000 0.000000 0.000000 -0.007014 -0.011203 -0.000922 -0.257012 -0.052342 0.072329 0.113499 0.059236 9.808164 
102.974879 0.000674 0.029740 0.030380 0.372923 -0.786775 -0.136578 0.000000 0.000000 0.000000 0.644986 0.061539 0.343288 0.000000 0.000000 0.000000 -0.006723 -0.012139 -0.001078 -0.260517 -0.053291 0.074135 0.113584 0.059363 9.808163 
103.375972 -0.000534 0.031489 0.036192 0.589433 -0.780427 -0.093581 0.000000 0.000000 0.000000 0.515687 -0.001685 0.090413 0.000000 0.000000 0.000000 -0.008454 -0.009382 -0.001687 -0.256832 -0.050382 0.080406 0.113335 0.059293 9.808166 
103.574550 -0.000251 0.031970 0.036605 0.691958 -0.786224 -0.098099 0.000000 0.000000 0.000000 0.514057 -0.006137 -0.044600 0.000000 0.000000 0.000000 -0.009505 -0.009072 -0.001747 -0.256839 -0.047439 0.083552 0.113317 0.059246 9.808167 
103.774445 -0.001407 0.035857 0.038599 0.804854 -0.783957 -0.051393 0.000000 0.000000 0.000000 0.433239 0.052942 0.247528 0.000000 0.000000 0.000000 -0.009383 -0.009140 -0.001782 -0.258260 -0.047218 0.072662 0.113914 0.059356 9.808159 
103.974330 -0.000759 0.032814 0.040659 0.882548 -0.782561 -0.093425 0.000000 0.000000 0.000000 0.395434 0.030000 -0.259710 0.000000 0.000000 0.000000 -0.009287 -0.009058 -0.001947 -0.257990 -0.046641 0.077175 0.113747 0.059336 9.808161 
104.174232 -0.000476 0.030763 0.044016 0.967636 -0.790996 -0.153959 0.000000 0.000000 0.000000 0.422448 -0.039155 -0.374352 0.000000 0.000000 0.000000 -0.008375 -0.008924 -0.002083 -0.259103 -0.042769 0.076694 0.114093 0.059304 9.808157 
104.374231 -0.000170 0.031214 0.045135 1.060663 -0.801436 -0.165919 0.000000 0.000000 0.000000 0.461849 -0.053884 -0.123742 0.000000 0.000000 0.000000 -0.008633 -0.008599 -0.001966 -0.259461 -0.041662 0.064442 0.114582 0.059296 9.808152 
104.975332 -0.000132 0.031870 0.049738 1.330110 -0.772050 -0.160480 0.000000 0.000000 0.000000 0.427908 0.079432 0.023900 0.000000 0.000000 0.000000 -0.007501 -0.008551 -0.002795 -0.259605 -0.042452 0.066692 0.114452 0.059343 9.808153 
105.373769 -0.000471 0.032907 0.053630 1.557478 -0.783719 -0.160921 0.000000 0.000000 0.000000 0.624757 -0.059950 0.002195 0.000000 0.000000 0.000000 -0.009523 -0.010512 -0.003087 -0.262901 -0.038468 0.062708 0.114986 0.059448 9.808146 
105.573616 -0.002687 0.031580 0.053037 1.624877 -0.765811 -0.184147 0.000000 0.000000 0.000000 0.277395 0.150418 -0.190137 0.000000 0.000000 0.000000 -0.007493 -0.006763 -0.003026 -0.251970 -0.046827 0.064916 0.113685 0.058121 9.808169 
105.774847 -0.003650 0.031442 0.057196 1.713033 -0.750682 -0.197939 0.000000 0.000000 0.000000 0.309650 -0.014111 0.062424 0.000000 0.000000 0.000000 -0.007500 -0.006951 -0.003093 -0.257812 -0.042947 0.061348 0.114395 0.058912 9.808156 
105.974791 -0.000937 0.031999 0.059045 1.821606 -0.755533 -0.207336 0.000000 0.000000 0.000000 0.526698 -0.007357 -0.095513 0.000000 0.000000 0.000000 -0.007426 -0.006370 -0.003264 -0.260361 -0.042275 0.062235 0.114495 0.059220 9.808153 
106.173360 -0.000544 0.032587 0.058275 1.921722 -0.755728 -0.206704 0.000000 0.000000 0.000000 0.496789 -0.005714 0.035492 0.000000 0.000000 0.000000 -0.007590 -0.006536 -0.003306 -0.259114 -0.042733 0.059255 0.114491 0.059060 9.808154 
106.373399 -0.000562 0.033261 0.059689 2.012427 -0.761257 -0.190953 0.000000 0.000000 0.000000 0.449156 -0.029436 0.086432 0.000000 0.000000 0.000000 -0.007268 -0.006621 -0.003502 -0.257205 -0.041129 0.057936 0.114747 0.058774 9.808153 
106.574534 -0.001450 0.034133 0.061884 2.104265 -0.752024 -0.173091 0.000000 0.000000 0.000000 0.453059 0.075255 0.080187 0.000000 0.000000 0.000000 -0.007097 -0.006378 -0.003608 -0.258497 -0.043871 0.057630 0.114381 0.058977 9.808156 
106.774412 -0.004457 0.034652 0.063161 2.211794 -0.739448 -0.150087 0.000000 0.000000 0.000000 0.594309 0.143853 0.479978 0.000000 0.000000 0.000000 -0.007377 -0.006928 -0.003676 -0.262333 -0.041732 0.056829 0.114758 0.059544 9.808148 
106.973089 -0.002358 0.034806 0.067268 2.328886 -0.743139 -0.178508 0.000000 0.000000 0.000000 0.610954 -0.041472 -0.209346 0.000000 0.000000 0.000000 -0.007280 -0.006756 -0.003949 -0.262313 -0.040328 0.063030 0.114718 0.059458 9.808149 
107.172908 -0.001569 0.034128 0.070417 2.418525 -0.754824 -0.207022 0.000000 0.000000 0.000000 0.412105 -0.030604 -0.057763 0.000000 0.000000 0.000000 -0.006941 -0.008211 -0.004073 -0.255929 -0.040287 0.062550 0.114727 0.058452 9.808155 
107.574124 -0.000743 0.034806 0.071240 2.603470 -0.738314 -0.222884 0.000000 0.000000 0.000000 0.469813 0.069948 -0.048164 0.000000 0.000000 0.000000 -0.006074 -0.009262 -0.004260 -0.261451 -0.042058 0.057497 0.114586 0.059449 9.808151 
107.973913 -0.000161 0.034234 0.076739 2.826664 -0.750824 -0.239964 0.000000 0.000000 0.000000 0.610482 -0.094890 -0.064041 0.000000 0.000000 0.000000 -0.006599 -0.010327 -0.004403 -0.263561 -0.039459 0.051891 0.115297 0.059819 9.808140 
108.173891 -0.000932 0.034360 0.080927 2.892629 -0.740745 -0.239494 0.000000 0.000000 0.000000 0.290162 0.074259 -0.072478 0.000000 0.000000 0.000000 -0.005152 -0.008514 -0.004482 -0.256802 -0.045954 0.049353 0.114163 0.058225 9.808163 
108.373772 -0.001519 0.035240 0.077663 2.971762 -0.728876 -0.237480 0.000000 0.000000 0.000000 0.410460 0.068486 -0.035598 0.000000 0.000000 0.000000 -0.005103 -0.009214 -0.004391 -0.260427 -0.043459 0.045064 0.114686 0.058948 9.808152 
108.573684 -0.001200 0.035900 0.078676 3.079951 -0.724631 -0.228099 0.000000 0.000000 0.000000 0.548935 0.012627 0.094930 0.000000 0.000000 0.000000 -0.005331 -0.010219 -0.004497 -0.266305 -0.038832 0.046064 0.115470 0.060276 9.808135 
108.772313 -0.001583 0.036152 0.080581 3.181811 -0.716393 -0.229322 0.000000 0.000000 0.000000 0.547455 0.134939 -0.139801 0.000000 0.000000 0.000000 -0.005164 -0.009934 -0.004497 -0.264941 -0.040540 0.050392 0.115005 0.059986 9.808142 
108.972134 -0.002208 0.036011 0.084868 3.279283 -0.716094 -0.238577 0.000000 0.000000 0.000000 0.442157 -0.013043 -0.014251 0.000000 0.000000 0.000000 -0.004843 -0.009848 -0.004836 -0.264072 -0.039472 0.049481 0.115282 0.059841 9.808140 
109.373334 -0.004067 0.040612 0.087267 3.465057 -0.696860 -0.186577 0.000000 0.000000 0.000000 0.675284 0.085784 0.138681 0.000000 0.000000 0.000000 -0.004955 -0.008751 -0.004824 -0.262301 -0.042563 0.046720 0.114848 0.059459 9.808147 
109.573208 -0.002453 0.036796 0.084387 3.611414 -0.693130 -0.231548 0.000000 0.000000 0.000000 0.822477 0.014282 -0.325156 0.000000 0.000000 0.000000 -0.006006 -0.007474 -0.004812 -0.262762 -0.040248 0.066859 0.113808 0.058696 9.808164 
109.773212 -0.007425 0.032238 0.082967 3.511976 -0.684213 -0.305880 0.000000 0.000000 0.000000 -0.796396 0.143009 -0.413921 0.000000 0.000000 0.000000 -0.007193 -0.007943 -0.004906 -0.223791 -0.055510 0.069835 0.111589 0.049193 9.808242 
109.973047 -0.006468 0.033209 0.085495 3.438614 -0.695369 -0.288888 0.000000 0.000000 0.000000 -0.368811 -0.055022 0.069461 0.000000 0.000000 0.000000 -0.006637 -0.006861 -0.005004 -0.227621 -0.052093 0.064798 0.112331 0.050141 9.808229 
110.372893 -0.005272 0.034031 0.080467 3.431693 -0.677075 -0.269642 0.000000 0.000000 0.000000 0.049415 0.169846 0.045648 0.000000 0.000000 0.000000 -0.006863 -0.007754 -0.004690 -0.245650 -0.044674 0.064466 0.113401 0.054116 9.808195 
110.571537 -0.002325 0.036904 0.084540 3.446041 -0.620603 -0.243569 0.000000 0.000000 0.000000 0.082354 0.326166 0.064460 0.000000 0.000000 0.000000 -0.005503 -0.007737 -0.004796 -0.247025 -0.047558 0.055359 0.112929 0.054535 9.808198 
110.772779 -0.002810 0.037957 0.082560 3.450532 -0.526110 -0.211472 0.000000 0.000000 0.000000 -0.006877 0.504749 0.519131 0.000000 0.000000 0.000000 -0.005196 -0.007633 -0.004768 -0.245990 -0.053672 0.052648 0.111919 0.054276 9.808211 
110.972655 -0.003087 0.037781 0.080667 3.435092 -0.455683 -0.217322 0.000000 0.000000 0.000000 -0.102594 0.429758 0.131086 0.000000 0.000000 0.000000 -0.004737 -0.007727 -0.004548 -0.245190 -0.051761 0.058561 0.112058 0.054076 9.808211 
111.172655 -0.005853 0.035522 0.079238 3.439127 -0.375373 -0.245500 0.000000 0.000000 0.000000 0.043585 0.360978 -0.254104 0.000000 0.000000 0.000000 -0.004503 -0.006268 -0.004443 -0.250721 -0.049420 0.065233 0.112126 0.055040 9.808205 
111.372535 -0.002859 0.035936 0.079642 3.450858 -0.303628 -0.267191 0.000000 0.000000 0.000000 0.060573 0.403877 0.007966 0.000000 0.000000 0.000000 -0.003794 -0.006465 -0.004519 -0.250940 -0.045713 0.062284 0.112906 0.055198 9.808195 
111.572438 -0.005110 0.036634 0.080003 3.432117 -0.206476 -0.240572 0.000000 0.000000 0.000000 -0.115470 0.518553 0.150890 0.000000 0.000000 0.000000 -0.003628 -0.005505 -0.004417 -0.243340 -0.048655 0.058458 0.112619 0.053772 9.808206 
111.772341 -0.004942 0.036524 0.079503 3.446892 -0.126478 -0.243889 0.000000 0.000000 0.000000 0.251040 0.577688 -0.021025 0.000000 0.000000 0.000000 -0.004893 -0.006496 -0.004419 -0.250690 -0.036941 0.065681 0.114349 0.055222 9.808178 
112.170812 -0.004584 0.036184 0.077047 3.456903 0.018104 -0.262519 0.000000 0.000000 0.000000 -0.031796 0.327634 -0.160714 0.000000 0.000000 0.000000 -0.004605 -0.006402 -0.004117 -0.246420 -0.033183 0.063731 0.115157 0.054567 9.808172 
112.372122 -0.009166 0.033263 0.077755 3.455774 0.110724 -0.299038 0.000000 0.000000 0.000000 -0.046545 0.447439 -0.217146 0.000000 0.000000 0.000000 -0.003246 -0.007128 -0.004046 -0.252549 -0.040868 0.065168 0.113627 0.055492 9.808185 
112.571942 -0.008335 0.033158 0.077358 3.429442 0.193869 -0.309648 0.000000 0.000000 0.000000 -0.148978 0.446130 -0.042789 0.000000 0.000000 0.000000 -0.003666 -0.006868 -0.003847 -0.250320 -0.038756 0.059726 0.114128 0.055429 9.808179 
112.770623 -0.003456 0.036066 0.074788 3.445548 0.249364 -0.282472 0.000000 0.000000 0.000000 -0.030498 0.398434 -0.820046 0.000000 0.000000 0.000000 -0.005082 -0.008435 -0.003930 -0.258806 -0.026280 0.051066 0.116325 0.057561 9.808141 
112.971789 -0.006693 0.033933 0.075819 3.417760 0.350646 -0.320000 0.000000 0.000000 0.000000 -0.124941 0.448273 -0.125738 0.000000 0.000000 0.000000 -0.005234 -0.008398 -0.003848 -0.257698 -0.027771 0.044248 0.116220 0.057555 9.808143 
113.171696 -0.007869 0.033510 0.071474 3.407138 0.435646 -0.312599 0.000000 0.000000 0.000000 -0.069170 0.443284 0.099220 0.000000 0.000000 0.000000 -0.004637 -0.007514 -0.003493 -0.260026 -0.024907 0.041023 0.116761 0.058004 9.808134 
113.371645 -0.005630 0.036121 0.070962 3.449495 0.493818 -0.272867 0.000000 0.000000 0.000000 0.292614 0.198692 0.306650 0.000000 0.000000 0.000000 -0.004461 -0.006958 -0.003592 -0.271460 -0.016992 0.042987 0.117884 0.059767 9.808110 
113.571589 -0.005919 0.035392 0.073036 3.454756 0.576920 -0.289620 0.000000 0.000000 0.000000 -0.009575 0.397769 -0.001303 0.000000 0.000000 0.000000 -0.002949 -0.006110 -0.003697 -0.264226 -0.029248 0.064094 0.115663 0.058396 9.808144 
113.971431 0.007293 0.016331 0.073651 3.366519 0.671563 -0.169175 0.000000 0.000000 0.000000 -0.347594 0.095277 0.489737 0.000000 0.000000 0.000000 -0.004416 -0.004052 -0.003740 -0.254350 -0.023414 0.056743 0.116614 0.056981 9.808141 
114.171299 0.002107 0.012028 0.069440 3.348617 0.774508 -0.055040 0.000000 0.000000 0.000000 -0.056762 0.620664 0.645657 0.000000 0.000000 0.000000 -0.000013 -0.006974 -0.003441 -0.263170 -0.032894 0.056028 0.115170 0.058146 9.808152 
114.571090 -0.000135 0.013596 0.066562 3.375114 0.939965 0.058784 0.000000 0.000000 0.000000 0.153196 0.333152 0.234259 0.000000 0.000000 0.000000 -0.002529 -0.008731 -0.003324 -0.266497 -0.026472 0.077073 0.117178 0.059198 9.808121 
114.771032 0.002792 0.014645 0.069505 3.358167 0.994874 0.030557 0.000000 0.000000 0.000000 -0.026096 0.415916 0.038947 0.000000 0.000000 0.000000 -0.003301 -0.002942 -0.003448 -0.256229 -0.026393 0.097900 0.118195 0.057623 9.808119 
114.970953 0.000349 0.013500 0.068706 3.355964 1.103887 0.007955 0.000000 0.000000 0.000000 0.033831 0.603088 -0.173573 0.000000 0.000000 0.000000 -0.003381 -0.002800 -0.003425 -0.256610 -0.027741 0.099864 0.118137 0.057697 9.808119 
115.370822 0.000076 0.012347 0.063852 3.336637 1.283900 -0.044401 0.000000 0.000000 0.000000 -0.054288 0.486582 -0.140944 0.000000 0.000000 0.000000 -0.001855 -0.003804 -0.002819 -0.251025 -0.023037 0.093049 0.118363 0.056770 9.808122 
115.570780 -0.004389 0.011806 0.061292 3.353283 1.368888 -0.050671 0.000000 0.000000 0.000000 0.116785 0.434820 -0.187109 0.000000 0.000000 0.000000 -0.003535 -0.005415 -0.002875 -0.257010 -0.017941 0.079675 0.118386 0.057241 9.808119 
115.970634 -0.004499 0.011936 0.062195 3.354567 1.518253 -0.034807 0.000000 0.000000 0.000000 -0.043102 0.355217 0.168988 0.000000 0.000000 0.000000 -0.003778 -0.004101 -0.002963 -0.252233 -0.017854 0.077918 0.118252 0.056816 9.808123 
116.170563 -0.004096 0.011617 0.063821 3.347443 1.590041 -0.033579 0.000000 0.000000 0.000000 -0.016952 0.357433 -0.050306 0.000000 0.000000 0.000000 -0.003485 -0.004185 -0.003015 -0.252136 -0.018698 0.080363 0.118306 0.056766 9.808122 
116.370467 -0.000695 0.013502 0.061568 3.352175 1.673939 -0.030461 0.000000 0.000000 0.000000 0.057765 0.408764 -0.065829 0.000000 0.000000 0.000000 -0.003194 -0.004108 -0.002817 -0.253149 -0.020623 0.075884 0.117841 0.056902 9.808127 
116.570372 -0.004254 0.011451 0.060241 3.380391 1.747136 -0.025847 0.000000 0.000000 0.000000 0.187949 0.382913 0.103041 0.000000 0.000000 0.000000 -0.003824 -0.004370 -0.002769 -0.255268 -0.016279 0.076047 0.118307 0.057080 9.808120 
116.770277 -0.005060 0.011355 0.059959 3.382876 1.819106 -0.024546 0.000000 0.000000 0.000000 -0.185037 0.358873 -0.167944 0.000000 0.000000 0.000000 -0.003939 -0.003821 -0.002777 -0.248204 -0.016262 0.078053 0.118336 0.056437 9.808124 
116.970281 -0.001817 0.012591 0.061811 3.361466 1.880459 -0.034325 0.000000 0.000000 0.000000 -0.062642 0.288546 -0.058022 0.000000 0.000000 0.000000 -0.003734 -0.003678 -0.002949 -0.248759 -0.015995 0.076175 0.118243 0.056489 9.808125 
117.170249 -0.000795 0.012808 0.061237 3.329739 1.957860 -0.045440 0.000000 0.000000 0.000000 -0.155902 0.342311 -0.107439 0.000000 0.000000 0.000000 -0.004109 -0.004723 -0.002874 -0.245081 -0.023739 0.075031 0.117462 0.056257 9.808135 
117.370212 -0.002373 0.013146 0.060081 3.328088 2.047769 -0.047112 0.000000 0.000000 0.000000 -0.011460 0.398843 -0.058400 0.000000 0.000000 0.000000 -0.003665 -0.005351 -0.002732 -0.255149 -0.028000 0.070803 0.116940 0.057104 9.808137 
117.570067 -0.002872 0.013030 0.058070 3.339971 2.122899 -0.043726 0.000000 0.000000 0.000000 0.078949 0.354088 0.073533 0.000000 0.000000 0.000000 -0.003922 -0.005913 -0.002589 -0.258608 -0.025582 0.068146 0.117050 0.057350 9.808134 
117.969934 -0.000612 0.013639 0.062803 3.388889 2.159158 -0.042635 0.000000 0.000000 0.000000 0.174268 -0.060420 -0.012026 0.000000 0.000000 0.000000 -0.004587 -0.005532 -0.002952 -0.257045 -0.021972 0.069110 0.117336 0.057201 9.808131 
118.169833 -0.002081 0.013253 0.062154 3.369829 2.155264 -0.043183 0.000000 0.000000 0.000000 -0.077600 -0.003790 -0.006025 0.000000 0.000000 0.000000 -0.003480 -0.001292 -0.003119 -0.247039 -0.025048 0.068852 0.116984 0.056626 9.808139 
118.369766 -0.002216 0.013041 0.062972 3.343702 2.164096 -0.033327 0.000000 0.000000 0.000000 -0.039035 0.070679 0.016942 0.000000 0.000000 0.000000 -0.003242 -0.000390 -0.002911 -0.240487 -0.028768 0.065230 0.116407 0.055997 9.808149 
118.769651 -0.003154 0.013054 0.055438 3.228718 2.184666 -0.024889 0.000000 0.000000 0.000000 -0.419565 0.030533 -0.035907 0.000000 0.000000 0.000000 -0.002896 0.001999 -0.002060 -0.224744 -0.030815 0.060999 0.115868 0.054402 9.808165 
118.969613 -0.002872 0.012905 0.051109 3.202762 2.164509 -0.031392 0.000000 0.000000 0.000000 -0.088349 -0.117908 -0.067709 0.000000 0.000000 0.000000 -0.002862 0.002003 -0.001724 -0.234353 -0.023859 0.057365 0.116366 0.055154 9.808155 
119.169608 -0.001882 0.012879 0.049788 3.189214 2.149010 -0.030498 0.000000 0.000000 0.000000 -0.025509 -0.069539 -0.017082 0.000000 0.000000 0.000000 -0.002775 0.002391 -0.001600 -0.232833 -0.026077 0.052556 0.115960 0.055093 9.808160 
119.369566 -0.003328 0.011567 0.049523 3.126992 2.156649 -0.023163 0.000000 0.000000 0.000000 -0.301905 0.058063 0.021489 0.000000 0.000000 0.000000 -0.002023 0.003828 -0.001466 -0.213756 -0.035845 0.048266 0.114965 0.054379 9.808176 
119.769347 -0.003034 0.011824 0.047360 2.994047 2.156089 -0.013280 0.000000 0.000000 0.000000 -0.307345 -0.018582 0.006469 0.000000 0.000000 0.000000 -0.002332 0.004295 -0.001243 -0.210240 -0.032429 0.045177 0.114894 0.054164 9.808178 
119.969034 -0.002695 0.011489 0.046750 2.917146 2.159111 -0.006891 0.000000 0.000000 0.000000 -0.365214 0.015529 -0.031125 0.000000 0.000000 0.000000 -0.002366 0.004125 -0.001130 -0.207313 -0.033620 0.041531 0.114602 0.054052 9.808182 
120.168895 -0.004187 0.010459 0.041893 2.828372 2.166409 -0.020952 0.000000 0.000000 0.000000 -0.400230 0.042420 -0.162465 0.000000 0.000000 0.000000 -0.002361 0.004174 -0.000780 -0.201280 -0.036071 0.037471 0.114175 0.053889 9.808187 
120.368844 -0.004291 0.009688 0.040612 2.743636 2.159099 -0.036781 0.000000 0.000000 0.000000 -0.424143 -0.054483 -0.119252 0.000000 0.000000 0.000000 -0.002935 0.004016 -0.000687 -0.200668 -0.031933 0.031133 0.113848 0.053852 9.808191 
120.568796 -0.004423 0.009701 0.038491 2.643374 2.159861 -0.033082 0.000000 0.000000 0.000000 -0.497598 0.019105 -0.015176 0.000000 0.000000 0.000000 -0.002847 0.004345 -0.000556 -0.196935 -0.034846 0.021317 0.113046 0.054049 9.808200 
120.768739 -0.004546 0.009586 0.036151 2.557886 2.162843 -0.017877 0.000000 0.000000 0.000000 -0.301580 -0.046552 -0.105790 0.000000 0.000000 0.000000 -0.002885 0.004228 -0.000538 -0.199731 -0.034430 0.016772 0.112808 0.054144 9.808202 
120.968540 -0.004033 0.009240 0.035621 2.474986 2.157955 -0.015215 0.000000 0.000000 0.000000 -0.421008 -0.028526 -0.156300 0.000000 0.000000 0.000000 -0.003083 0.003804 -0.000382 -0.198563 -0.034653 0.014653 0.112649 0.054176 9.808204 
121.168448 -0.003823 0.008761 0.033492 2.370707 2.153869 -0.020908 0.000000 0.000000 0.000000 -0.510780 -0.028520 0.009442 0.000000 0.000000 0.000000 -0.002976 0.002907 -0.000178 -0.194382 -0.034675 0.011811 0.112366 0.054240 9.808206 
121.369743 -0.003661 0.009069 0.032420 2.272100 2.145831 -0.012878 0.000000 0.000000 0.000000 -0.484109 -0.036534 0.019102 0.000000 0.000000 0.000000 -0.003156 0.002852 0.000002 -0.196300 -0.032657 0.007764 0.112100 0.054197 9.808210 
121.568359 -0.003970 0.008492 0.030121 2.181321 2.151081 -0.016932 0.000000 0.000000 0.000000 -0.454668 0.030852 -0.088955 0.000000 0.000000 0.000000 -0.002981 0.002705 0.000147 -0.198761 -0.035742 0.003588 0.111949 0.054256 9.808211 
121.768262 -0.003385 0.007588 0.028702 2.105671 2.150204 -0.004537 0.000000 0.000000 0.000000 -0.416976 0.014433 -0.487188 0.000000 0.000000 0.000000 -0.003103 0.002446 0.000156 -0.201892 -0.033971 -0.002566 0.111581 0.054219 9.808215 
122.169478 -0.002386 0.005428 0.025584 1.938137 2.142240 -0.076389 0.000000 0.000000 0.000000 -0.373339 -0.022414 -0.116482 0.000000 0.000000 0.000000 -0.003019 0.002093 0.000428 -0.201359 -0.033649 -0.006233 0.111299 0.054256 9.808218 
122.567981 -0.003453 0.006451 0.021291 1.750340 2.147896 -0.045627 0.000000 0.000000 0.000000 -0.461879 0.016201 0.113452 0.000000 0.000000 0.000000 -0.002662 0.003703 0.000849 -0.197310 -0.034613 -0.028154 0.109427 0.054613 9.808238 
122.767890 -0.003147 0.006674 0.020769 1.656707 2.150119 -0.008650 0.000000 0.000000 0.000000 -0.370291 0.057941 -0.067741 0.000000 0.000000 0.000000 -0.002829 0.003848 0.000845 -0.197268 -0.034086 -0.033579 0.108964 0.054700 9.808242 
122.969160 -0.003913 0.006994 0.018647 1.584333 2.148263 -0.000815 0.000000 0.000000 0.000000 -0.334172 -0.007364 0.090440 0.000000 0.000000 0.000000 -0.002526 0.003739 0.001066 -0.197381 -0.033279 -0.035342 0.108790 0.054695 9.808244 
123.169018 -0.003429 0.006710 0.015252 1.496798 2.148657 0.003985 0.000000 0.000000 0.000000 -0.414728 0.008073 0.100152 0.000000 0.000000 0.000000 -0.002610 0.002271 0.001213 -0.191862 -0.033699 -0.032586 0.108899 0.055065 9.808241 
123.367651 -0.003989 0.006616 0.014468 1.390427 2.159177 0.010395 0.000000 0.000000 0.000000 -0.519380 0.053941 0.106994 0.000000 0.000000 0.000000 -0.002608 0.001874 0.001467 -0.182626 -0.038147 -0.025421 0.109580 0.055803 9.808229 
123.568869 -0.004343 0.006602 0.011895 1.297728 2.156958 0.028116 0.000000 0.000000 0.000000 -0.445062 -0.017653 0.119859 0.000000 0.000000 0.000000 -0.003213 0.001437 0.001628 -0.186267 -0.034419 -0.023472 0.109450 0.055413 9.808233 
123.967452 -0.002220 0.008104 0.010374 1.172495 2.145445 0.047664 0.000000 0.000000 0.000000 -0.188127 -0.037245 0.022199 0.000000 0.000000 0.000000 -0.003148 0.000900 0.001619 -0.189961 -0.034678 -0.021739 0.109632 0.055021 9.808233 
124.167354 -0.003093 0.006201 0.009047 1.125153 2.152985 0.023942 0.000000 0.000000 0.000000 -0.222891 0.061686 -0.040971 0.000000 0.000000 0.000000 -0.002284 0.001437 0.001542 -0.188520 -0.036353 -0.018403 0.109974 0.055327 9.808227 
124.367260 -0.003170 0.005706 0.008190 1.027641 2.166858 0.015905 0.000000 0.000000 0.000000 -0.479951 0.068405 -0.027688 0.000000 0.000000 0.000000 -0.002158 0.002627 0.001660 -0.174591 -0.036614 -0.017698 0.109896 0.056888 9.808219 
124.568504 -0.003325 0.005053 0.006762 0.934268 2.169027 0.011005 0.000000 0.000000 0.000000 -0.450986 0.007185 0.043302 0.000000 0.000000 0.000000 -0.002477 0.002452 0.001747 -0.175916 -0.033310 -0.015991 0.109666 0.056702 9.808223 
124.967002 -0.003721 0.005688 0.002444 0.779171 2.174258 0.023939 0.000000 0.000000 0.000000 -0.335862 0.028657 -0.015415 0.000000 0.000000 0.000000 -0.002605 0.002206 0.001816 -0.178671 -0.033278 -0.018135 0.109551 0.056424 9.808226 
125.368170 -0.003516 0.004613 0.000689 0.679302 2.169714 0.017606 0.000000 0.000000 0.000000 -0.208622 -0.027062 -0.030585 0.000000 0.000000 0.000000 -0.003558 0.001716 0.001876 -0.180165 -0.031882 -0.015221 0.109468 0.056160 9.808228 
125.566797 -0.003201 0.004195 -0.001588 0.592619 2.174839 0.013323 0.000000 0.000000 0.000000 -0.442280 0.041273 0.058451 0.000000 0.000000 0.000000 -0.003007 0.004217 0.002011 -0.166859 -0.033720 -0.010771 0.109913 0.057839 9.808214 
125.968029 -0.002989 0.004128 -0.002883 0.439931 2.182735 0.017406 0.000000 0.000000 0.000000 -0.341154 -0.000840 0.000230 0.000000 0.000000 0.000000 -0.003001 0.003970 0.002074 -0.168795 -0.034348 -0.009007 0.110118 0.057554 9.808213 
126.167949 -0.003149 0.003733 -0.005842 0.355748 2.186880 0.013721 0.000000 0.000000 0.000000 -0.595113 -0.019992 -0.055869 0.000000 0.000000 0.000000 -0.002568 0.003577 0.002026 -0.168666 -0.035368 -0.009227 0.110251 0.057567 9.808211 
126.366473 -0.003232 0.003092 -0.003521 0.256327 2.174064 -0.004308 0.000000 0.000000 0.000000 -0.544477 -0.133251 -0.078907 0.000000 0.000000 0.000000 -0.002418 0.003622 0.002287 -0.174556 -0.034850 -0.007733 0.110287 0.056669 9.808216 
126.566416 -0.000638 0.009618 -0.006711 0.388738 2.136906 -0.047657 0.000000 0.000000 0.000000 0.860507 -0.307763 -0.232188 0.000000 0.000000 0.000000 -0.002353 0.000376 0.002836 -0.233187 -0.042634 -0.002316 0.111728 0.048157 9.808245 
126.967596 -0.002519 0.002548 -0.003814 0.463075 2.026786 -0.024800 0.000000 0.000000 0.000000 -0.377807 -0.268748 0.398896 0.000000 0.000000 0.000000 -0.001675 0.002665 0.002675 -0.214542 -0.043379 -0.001293 0.112042 0.051161 9.808227 
127.166137 -0.003596 0.003787 0.000119 0.452941 1.948068 0.013499 0.000000 0.000000 0.000000 0.019820 -0.400263 0.203408 0.000000 0.000000 0.000000 -0.003115 0.000342 0.002447 -0.221496 -0.040886 0.001680 0.111931 0.050011 9.808234 
127.366115 -0.003022 0.003765 0.003745 0.426801 1.873374 0.011902 0.000000 0.000000 0.000000 -0.126171 -0.357311 -0.069219 0.000000 0.000000 0.000000 -0.003467 0.000845 0.002177 -0.215069 -0.041704 0.006928 0.112385 0.050762 9.808225 
127.767318 -0.002189 0.004162 0.001838 0.384815 1.714624 0.003228 0.000000 0.000000 0.000000 -0.083159 -0.401221 -0.120257 0.000000 0.000000 0.000000 -0.003652 0.001332 0.002358 -0.213616 -0.039705 0.006507 0.112119 0.050935 9.808227 
127.965877 -0.002381 0.003819 0.001047 0.385562 1.639657 -0.001761 0.000000 0.000000 0.000000 0.029724 -0.326189 -0.009543 0.000000 0.000000 0.000000 -0.003756 0.001462 0.002318 -0.215582 -0.038377 0.004352 0.111880 0.050732 9.808231 
128.165787 -0.001162 0.005025 0.003120 0.403402 1.567613 0.002093 0.000000 0.000000 0.000000 0.165682 -0.358106 0.053084 0.000000 0.000000 0.000000 -0.003556 0.001793 0.001974 -0.214393 -0.033959 0.002192 0.111206 0.050865 9.808238 
128.367084 -0.002456 0.003627 0.003249 0.418815 1.493879 -0.015352 0.000000 0.000000 0.000000 0.099473 -0.374051 -0.195403 0.000000 0.000000 0.000000 -0.003380 0.002118 0.001666 -0.207682 -0.035020 -0.000644 0.111153 0.051700 9.808234 
128.567006 -0.001770 0.002992 0.005459 0.385724 1.407392 -0.032379 0.000000 0.000000 0.000000 -0.151867 -0.417522 -0.034924 0.000000 0.000000 0.000000 -0.003556 0.002912 0.001514 -0.194255 -0.031741 -0.003932 0.110458 0.053333 9.808233 
128.765579 0.003548 0.005952 0.005761 0.351182 1.310528 -0.025957 0.000000 0.000000 0.000000 -0.176168 -0.537963 0.016037 0.000000 0.000000 0.000000 -0.003720 0.002972 0.001501 -0.193668 -0.028680 -0.006298 0.109939 0.053401 9.808239 
128.965471 -0.001835 0.003240 0.003586 0.351129 1.236636 -0.009322 0.000000 0.000000 0.000000 0.067579 -0.458001 0.182227 0.000000 0.000000 0.000000 -0.004361 0.003648 0.001433 -0.195446 -0.031295 -0.007110 0.110164 0.053248 9.808237 
129.166754 -0.001234 0.005353 0.007653 0.366235 1.150141 0.025271 0.000000 0.000000 0.000000 0.122393 -0.385622 0.152133 0.000000 0.000000 0.000000 -0.005179 0.003551 0.001142 -0.193867 -0.034005 -0.007911 0.110383 0.053431 9.808233 
129.366709 -0.001251 0.003357 0.009364 0.392685 1.058694 0.008346 0.000000 0.000000 0.000000 0.125435 -0.478060 0.061067 0.000000 0.000000 0.000000 -0.004987 0.003209 0.000952 -0.194696 -0.030710 0.004686 0.110761 0.053416 9.808229 
129.565264 -0.001743 0.003284 0.010541 0.336688 0.978302 0.006921 0.000000 0.000000 0.000000 -0.351285 -0.361109 0.064611 0.000000 0.000000 0.000000 -0.004797 0.004698 0.001025 -0.177697 -0.033291 0.007913 0.111041 0.055018 9.808217 
129.765219 -0.001860 0.002749 0.008740 0.332508 0.829545 -0.019690 0.000000 0.000000 0.000000 -0.200672 0.109115 0.080648 0.000000 0.000000 0.000000 -0.006406 0.003457 0.000940 -0.193069 -0.014148 0.015379 0.110230 0.053473 9.808235 
129.966437 0.004220 0.005081 0.010141 0.318871 0.800789 -0.030419 0.000000 0.000000 0.000000 -0.023287 -0.346709 0.061435 0.000000 0.000000 0.000000 -0.005373 0.003735 0.000942 -0.194500 -0.011468 0.017211 0.110158 0.053312 9.808237 
130.166372 0.001339 0.004122 0.013208 0.337352 0.716195 -0.002651 0.000000 0.000000 0.000000 0.146022 -0.413618 0.425818 0.000000 0.000000 0.000000 -0.003802 0.005037 0.000695 -0.197155 -0.008506 0.018038 0.110005 0.053073 9.808240 
130.364974 0.000441 0.003881 0.012281 0.368574 0.639681 0.013216 0.000000 0.000000 0.000000 0.227656 -0.395147 -0.004782 0.000000 0.000000 0.000000 -0.004299 0.004449 0.000540 -0.195532 -0.010513 0.025382 0.110519 0.053371 9.808232 
130.564914 -0.001523 0.003442 0.015286 0.331898 0.562768 0.019541 0.000000 0.000000 0.000000 -0.216457 -0.338695 0.067616 0.000000 0.000000 0.000000 -0.004402 0.001756 0.000576 -0.178501 -0.009677 0.023323 0.110102 0.054541 9.808230 
130.766164 -0.001468 0.003912 0.014275 0.276685 0.467548 0.053098 0.000000 0.000000 0.000000 -0.097434 -0.399331 -0.334874 0.000000 0.000000 0.000000 -0.004514 0.001764 0.000600 -0.176669 -0.003837 0.020189 0.109481 0.054593 9.808237 
130.966116 0.001492 0.004668 0.012601 0.303398 0.375033 0.012949 0.000000 0.000000 0.000000 0.167599 -0.474750 -0.178488 0.000000 0.000000 0.000000 -0.004277 0.002633 0.000682 -0.179348 -0.003432 0.018705 0.109412 0.054438 9.808239 
131.365970 0.002358 0.004331 0.015182 0.352586 0.195350 0.015133 0.000000 0.000000 0.000000 0.136463 -0.515001 -0.019440 0.000000 0.000000 0.000000 -0.004005 0.003151 0.000040 -0.175836 -0.004765 0.016374 0.109368 0.054658 9.808238 
131.565858 0.000184 0.003435 0.019703 0.311960 0.121397 0.005858 0.000000 0.000000 0.000000 -0.220905 -0.274977 0.005021 0.000000 0.000000 0.000000 -0.001478 0.008772 -0.000300 -0.156588 -0.011306 0.017790 0.109729 0.056215 9.808225 
131.765787 0.000630 0.000706 0.015364 0.258293 0.046482 -0.015037 0.000000 0.000000 0.000000 -0.199951 -0.334826 -0.249671 0.000000 0.000000 0.000000 -0.001864 0.008949 -0.000177 -0.154374 -0.006075 0.021636 0.109571 0.056317 9.808226 
131.964427 0.004401 0.003513 0.014602 0.268503 -0.064488 -0.036746 0.000000 0.000000 0.000000 0.118325 -0.564784 -0.166788 0.000000 0.000000 0.000000 -0.001042 0.009778 -0.000155 -0.157428 -0.003800 0.019856 0.109411 0.056141 9.808229 
132.165667 0.001437 0.000703 0.014653 0.288331 -0.140590 -0.048382 0.000000 0.000000 0.000000 0.104398 -0.436919 -0.319120 0.000000 0.000000 0.000000 -0.004416 0.009197 -0.000357 -0.155510 -0.012824 0.016099 0.109604 0.056286 9.808226 
132.365627 0.002123 0.001561 0.017115 0.319714 -0.229360 -0.044200 0.000000 0.000000 0.000000 0.143141 -0.522730 0.083109 0.000000 0.000000 0.000000 -0.004622 0.009620 -0.000856 -0.158100 -0.014695 0.005634 0.109094 0.055997 9.808233 
132.565524 0.000973 0.000865 0.021394 0.285832 -0.302616 -0.034724 0.000000 0.000000 0.000000 -0.183919 -0.337717 -0.007199 0.000000 0.000000 0.000000 -0.004406 0.009667 -0.001126 -0.143264 -0.021977 0.005259 0.109333 0.056994 9.808225 
132.765448 0.002923 0.002568 0.020374 0.248123 -0.407861 -0.047004 0.000000 0.000000 0.000000 -0.148986 -0.353046 0.308752 0.000000 0.000000 0.000000 -0.006135 0.009727 -0.001094 -0.143076 -0.011189 0.007622 0.108974 0.056892 9.808230 
132.965370 0.002272 0.001618 0.018427 0.255871 -0.487689 -0.033390 0.000000 0.000000 0.000000 0.049804 -0.206303 0.220435 0.000000 0.000000 0.000000 -0.005941 0.010014 -0.001038 -0.145208 -0.010541 0.010600 0.109186 0.056855 9.808228 
133.165294 0.002309 0.002194 0.020801 0.264698 -0.566877 -0.016767 0.000000 0.000000 0.000000 0.050455 -0.362211 0.291293 0.000000 0.000000 0.000000 -0.002313 0.009897 -0.001261 -0.144950 -0.000920 0.015461 0.109142 0.056814 9.808228 
133.363899 0.001084 0.001328 0.019523 0.231710 -0.620174 -0.031355 0.000000 0.000000 0.000000 -0.226564 -0.195703 -0.052005 0.000000 0.000000 0.000000 -0.002654 0.007389 -0.001246 -0.133858 -0.003157 0.030111 0.109975 0.057545 9.808215 
133.565174 0.001537 0.000883 0.018845 0.220202 -0.645276 -0.051824 0.000000 0.000000 0.000000 -0.114224 -0.083028 -0.115083 0.000000 0.000000 0.000000 -0.002764 0.007485 -0.001264 -0.143805 -0.003067 0.031619 0.110226 0.057240 9.808214 
133.765077 0.001929 0.000704 0.021240 0.259006 -0.647859 -0.057158 0.000000 0.000000 0.000000 0.051541 0.045241 -0.074137 0.000000 0.000000 0.000000 -0.002530 0.005464 -0.001410 -0.158950 -0.005674 0.028366 0.110284 0.056693 9.808216 
133.965050 0.001773 0.001534 0.024112 0.349924 -0.628175 -0.042684 0.000000 0.000000 0.000000 0.455411 0.075953 0.021653 0.000000 0.000000 0.000000 -0.002679 0.006308 -0.001708 -0.164157 -0.006519 0.026589 0.110273 0.056493 9.808217 
134.164966 0.003705 0.001167 0.025541 0.439225 -0.644504 -0.067371 0.000000 0.000000 0.000000 0.407209 -0.072576 -0.148092 0.000000 0.000000 0.000000 -0.000055 0.006396 -0.001987 -0.165385 0.000885 0.029828 0.110282 0.056400 9.808218 
134.364865 0.003727 0.001589 0.029183 0.523014 -0.655450 -0.072656 0.000000 0.000000 0.000000 0.398313 -0.050075 -0.050943 0.000000 0.000000 0.000000 -0.000052 0.006461 -0.002345 -0.167409 0.000411 0.023148 0.109858 0.056230 9.808224 
134.564789 0.003000 0.001911 0.032922 0.621968 -0.645361 -0.057266 0.000000 0.000000 0.000000 0.546386 0.035479 -0.014472 0.000000 0.000000 0.000000 0.000923 0.006226 -0.002677 -0.171014 -0.007175 0.013813 0.109405 0.056052 9.808230 
134.964689 0.002877 0.001577 0.037615 0.826074 -0.647264 -0.055227 0.000000 0.000000 0.000000 0.526471 -0.029007 0.007521 0.000000 0.000000 0.000000 0.000991 0.006477 -0.002785 -0.168431 -0.007010 0.010650 0.109177 0.055958 9.808233 
135.364535 0.001918 0.002998 0.039305 1.003622 -0.632050 -0.045623 0.000000 0.000000 0.000000 0.426359 0.077963 0.013528 0.000000 0.000000 0.000000 0.002484 0.008029 -0.003117 -0.165498 -0.009405 0.006203 0.108735 0.055758 9.808239 
135.764358 0.001372 0.003676 0.045683 1.220678 -0.636357 -0.030988 0.000000 0.000000 0.000000 0.679613 -0.080371 -0.028305 0.000000 0.000000 0.000000 0.001562 0.007461 -0.003451 -0.168316 -0.006259 -0.003163 0.108257 0.055627 9.808245 
135.964354 0.001182 0.004021 0.048121 1.310971 -0.636740 -0.020120 0.000000 0.000000 0.000000 0.451416 -0.001557 0.048513 0.000000 0.000000 0.000000 0.000367 0.004741 -0.003545 -0.165533 -0.007618 -0.006400 0.107990 0.055488 9.808249 
136.164261 0.001688 0.004503 0.049914 1.389792 -0.640468 -0.027722 0.000000 0.000000 0.000000 0.381504 0.008244 0.000570 0.000000 0.000000 0.000000 0.000588 0.004181 -0.003692 -0.163654 -0.006284 -0.002629 0.108243 0.055397 9.808246 
136.364138 0.001699 0.005369 0.050972 1.484899 -0.636410 -0.017063 0.000000 0.000000 0.000000 0.481241 0.028589 0.104713 0.000000 0.000000 0.000000 0.000546 0.003869 -0.003817 -0.169601 -0.005286 -0.000760 0.108434 0.055810 9.808242 
136.564082 0.002663 0.005354 0.053360 1.589478 -0.639509 -0.032036 0.000000 0.000000 0.000000 0.556533 -0.011841 -0.163395 0.000000 0.000000 0.000000 0.000261 0.003774 -0.003922 -0.170097 -0.002574 0.003965 0.108815 0.055914 9.808237 
136.764012 0.002317 0.005628 0.053939 1.698567 -0.621484 -0.053911 0.000000 0.000000 0.000000 0.601359 -0.036589 0.147398 0.000000 0.000000 0.000000 0.000841 0.003813 -0.003901 -0.169998 -0.007481 0.002573 0.108392 0.055897 9.808242 
136.964001 0.000656 0.006066 0.057377 1.793598 -0.628014 -0.005915 0.000000 0.000000 0.000000 0.520731 0.008965 0.368463 0.000000 0.000000 0.000000 0.000717 0.003208 -0.004129 -0.168315 -0.007617 0.001814 0.108345 0.055745 9.808243 
137.163895 0.002356 0.006415 0.057039 1.870026 -0.627116 -0.012525 0.000000 0.000000 0.000000 0.413794 0.002160 0.020157 0.000000 0.000000 0.000000 0.000513 0.000813 -0.004112 -0.161392 -0.009271 0.014903 0.108720 0.055348 9.808241 
137.363825 0.001733 0.005962 0.059182 1.968103 -0.624291 -0.024491 0.000000 0.000000 0.000000 0.478011 0.005610 -0.093425 0.000000 0.000000 0.000000 0.000498 0.001305 -0.004365 -0.164575 -0.009346 0.017210 0.108801 0.055692 9.808238 
137.563808 0.002230 0.006735 0.062607 2.069527 -0.622493 -0.031006 0.000000 0.000000 0.000000 0.506241 -0.000655 -0.053042 0.000000 0.000000 0.000000 0.000703 0.001433 -0.004599 -0.166116 -0.009468 0.013815 0.108654 0.055760 9.808240 
137.763747 0.000687 0.008174 0.064420 2.186820 -0.618121 -0.004453 0.000000 0.000000 0.000000 0.580999 0.075624 0.000083 0.000000 0.000000 0.000000 0.000653 0.001408 -0.004600 -0.169416 -0.009784 0.007203 0.108406 0.055907 9.808242 
137.963673 0.001690 0.007544 0.065712 2.276959 -0.617571 -0.010969 0.000000 0.000000 0.000000 0.466382 0.007988 -0.091901 0.000000 0.000000 0.000000 0.000722 0.001228 -0.004605 -0.167417 -0.009321 0.007635 0.108479 0.055693 9.808242 
138.163585 0.000692 0.007739 0.066955 2.368601 -0.608877 -0.009456 0.000000 0.000000 0.000000 0.494835 0.012629 -0.078961 0.000000 0.000000 0.000000 0.000033 0.000706 -0.004687 -0.166715 -0.011015 0.004464 0.108201 0.055562 9.808246 
138.363632 0.001723 0.008742 0.071123 2.488373 -0.607294 -0.010172 0.000000 0.000000 0.000000 0.653483 -0.002495 -0.073710 0.000000 0.000000 0.000000 0.000102 0.002061 -0.004983 -0.169634 -0.010659 0.001186 0.108136 0.055872 9.808245 
138.563612 0.001416 0.008733 0.074303 2.576913 -0.600665 -0.009534 0.000000 0.000000 0.000000 0.439424 0.030796 -0.042750 0.000000 0.000000 0.000000 -0.000135 0.000858 -0.005069 -0.161744 -0.013786 -0.001670 0.107757 0.054828 9.808255 
138.763469 0.001950 0.008205 0.075691 2.652648 -0.597057 -0.002699 0.000000 0.000000 0.000000 0.479324 -0.036694 -0.070972 0.000000 0.000000 0.000000 -0.000081 0.000884 -0.005098 -0.158536 -0.014131 -0.004361 0.107686 0.054330 9.808258 
138.963443 0.001348 0.009171 0.076423 2.757032 -0.596420 -0.012881 0.000000 0.000000 0.000000 0.550113 0.045610 0.180594 0.000000 0.000000 0.000000 -0.000160 0.001007 -0.005215 -0.158940 -0.014455 -0.004595 0.107628 0.054379 9.808259 
139.163312 0.001677 0.009276 0.077335 2.834643 -0.591094 -0.010798 0.000000 0.000000 0.000000 0.442129 0.034940 0.144911 0.000000 0.000000 0.000000 -0.000032 -0.001638 -0.005259 -0.151872 -0.015666 0.000505 0.107687 0.053393 9.808264 
139.363341 0.002650 0.013770 0.078663 2.932866 -0.592710 0.053527 0.000000 0.000000 0.000000 0.661130 -0.035816 0.263851 0.000000 0.000000 0.000000 0.000417 -0.001822 -0.005183 -0.149783 -0.014136 -0.006484 0.107829 0.052996 9.808264 
139.563231 0.001488 0.009356 0.074455 2.963078 -0.567888 0.019707 0.000000 0.000000 0.000000 0.122285 0.181401 -0.173523 0.000000 0.000000 0.000000 -0.000472 -0.005037 -0.004904 -0.124850 -0.026972 0.010580 0.106358 0.049068 9.808301 
139.763162 0.000963 0.008425 0.074064 2.910147 -0.579624 0.004105 0.000000 0.000000 0.000000 -0.171129 -0.024078 -0.078693 0.000000 0.000000 0.000000 -0.000663 -0.004807 -0.004889 -0.107685 -0.021314 0.007437 0.107644 0.046465 9.808299 
139.963139 0.001425 0.009781 0.075456 2.900758 -0.592127 -0.021279 0.000000 0.000000 0.000000 -0.034388 -0.060075 -0.131950 0.000000 0.000000 0.000000 -0.000542 -0.004507 -0.004893 -0.109012 -0.020536 0.007987 0.107742 0.046666 9.808297 
140.163104 0.001553 0.009202 0.074763 2.880613 -0.591114 -0.025061 0.000000 0.000000 0.000000 -0.101248 0.013086 -0.040066 0.000000 0.000000 0.000000 -0.001616 -0.005503 -0.004852 -0.106556 -0.024036 0.004472 0.107242 0.046259 9.808305 
140.564085 0.001767 0.009615 0.075161 2.890533 -0.587472 -0.021036 0.000000 0.000000 0.000000 0.056591 0.011144 0.010582 0.000000 0.000000 0.000000 -0.001566 -0.005082 -0.004784 -0.111370 -0.022649 0.001967 0.107324 0.046915 9.808301 
140.962649 0.001507 0.010003 0.075068 2.896983 -0.587419 -0.010609 0.000000 0.000000 0.000000 -0.021169 -0.008977 0.042938 0.000000 0.000000 0.000000 -0.001646 -0.004668 -0.004771 -0.109772 -0.022522 0.001411 0.107359 0.046694 9.808301 
141.162529 0.001431 0.009763 0.075423 2.886509 -0.587019 -0.007342 0.000000 0.000000 0.000000 -0.050024 0.005197 0.018642 0.000000 0.000000 0.000000 -0.001641 -0.004634 -0.004756 -0.109445 -0.022691 0.001522 0.107343 0.046651 9.808302 
141.363761 0.001404 0.009957 0.075060 2.886902 -0.586502 -0.010059 0.000000 0.000000 0.000000 0.013446 0.003116 -0.011852 0.000000 0.000000 0.000000 -0.001705 -0.004953 -0.004714 -0.112020 -0.021773 0.002587 0.107443 0.047011 9.808299 
141.762281 0.001724 0.009989 0.075007 2.891453 -0.586193 -0.012313 0.000000 0.000000 0.000000 0.014469 0.001750 -0.005089 0.000000 0.000000 0.000000 -0.001722 -0.004822 -0.004656 -0.111634 -0.021575 0.002232 0.107470 0.046960 9.808299 
141.962206 0.001342 0.009882 0.075081 2.894315 -0.587358 -0.014048 0.000000 0.000000 0.000000 0.017878 -0.004089 -0.008050 0.000000 0.000000 0.000000 -0.001631 -0.004778 -0.004623 -0.111528 -0.021368 0.002406 0.107500 0.046951 9.808299 
142.163567 0.001278 0.009751 0.075089 2.892606 -0.586481 -0.014247 0.000000 0.000000 0.000000 -0.006104 0.007567 -0.001484 0.000000 0.000000 0.000000 -0.001542 -0.004579 -0.004589 -0.109910 -0.022265 0.002048 0.107401 0.046726 9.808301 
142.363423 0.001350 0.009763 0.074978 2.893329 -0.586280 -0.014627 0.000000 0.000000 0.000000 0.008693 0.000975 -0.001935 0.000000 0.000000 0.000000 -0.001602 -0.004600 -0.004563 -0.110242 -0.021709 0.002060 0.107469 0.046776 9.808300 
142.761980 0.001448 0.009842 0.075366 2.895215 -0.587185 -0.010163 0.000000 0.000000 0.000000 0.005731 -0.001625 0.012640 0.000000 0.000000 0.000000 -0.001611 -0.004470 -0.004528 -0.109773 -0.021538 0.001376 0.107488 0.046713 9.808300 
142.963266 0.001501 0.009869 0.075277 2.893091 -0.589366 -0.009383 0.000000 0.000000 0.000000 -0.007149 -0.008957 0.004742 0.000000 0.000000 0.000000 -0.001551 -0.004507 -0.004487 -0.109290 -0.021377 0.001787 0.107519 0.046656 9.808300 
143.163155 0.001288 0.009851 0.075069 2.892977 -0.588310 -0.008095 0.000000 0.000000 0.000000 0.003095 0.008948 0.005978 0.000000 0.000000 0.000000 -0.001466 -0.004481 -0.004449 -0.109612 -0.022099 0.001712 0.107422 0.046687 9.808301 
143.361812 0.001372 0.009871 0.075728 2.894191 -0.587020 -0.009967 0.000000 0.000000 0.000000 0.010256 0.007798 -0.008612 0.000000 0.000000 0.000000 -0.001486 -0.004455 -0.004452 -0.109572 -0.021889 0.002388 0.107458 0.046689 9.808300 
143.561706 0.001573 0.009792 0.076520 2.892954 -0.590822 -0.016910 0.000000 0.000000 0.000000 -0.003634 -0.020907 -0.033213 0.000000 0.000000 0.000000 -0.001636 -0.004300 -0.004461 -0.108447 -0.020722 0.003397 0.107634 0.046569 9.808299 
143.962996 0.001654 0.009804 0.075154 2.888887 -0.588359 -0.013653 0.000000 0.000000 0.000000 -0.014407 0.032616 0.036633 0.000000 0.000000 0.000000 -0.001532 -0.004265 -0.004432 -0.108436 -0.021435 0.001999 0.107524 0.046548 9.808300 
144.161548 0.001478 0.009819 0.075158 2.888104 -0.588821 -0.011354 0.000000 0.000000 0.000000 0.002169 -0.005702 0.018475 0.000000 0.000000 0.000000 -0.001805 -0.004296 -0.004415 -0.108476 -0.020601 0.002413 0.107633 0.046567 9.808299 
144.361508 0.001559 0.009663 0.075113 2.889248 -0.589539 -0.016201 0.000000 0.000000 0.000000 0.009912 -0.000734 -0.019394 0.000000 0.000000 0.000000 -0.001786 -0.004256 -0.004384 -0.108544 -0.020643 0.003857 0.107645 0.046586 9.808299 
144.562804 0.001515 0.009728 0.075227 2.893012 -0.588743 -0.016668 0.000000 0.000000 0.000000 0.022975 0.006343 -0.004292 0.000000 0.000000 0.000000 -0.001755 -0.004266 -0.004366 -0.108901 -0.020733 0.003046 0.107619 0.046622 9.808299 
