            0.599954 0 0 0 -0.000667854 -0.000126044  8.12084e-05 180.013       0       0 -0.13     0 -1.03   -0.0028372 -0.000908088  0.000462551  0.00013671 -0.00019086 -0.00123483 0 0 0 0.0850377 0.0643863   9.80842 
            0.799973 -0.00191587  0.00255389  -0.0107241 -0.00692855  0.00552388 0.000200212 180.013       0       0 -0.13     0 -1.03 -0.00644161 0.000259832  0.00050169 0.000136815 -0.00019076 -0.00123483  3.64699e-07 -3.83455e-07 -2.89299e-09 0.0850374 0.0643867   9.80842 
             1.40009 -0.00173837  0.00206044   0.0219263 -0.0215364   0.011378 0.00296439 180.013       0       0 -0.13     0 -1.03 -0.0216263    0.00623 0.00444742  0.000134829 -0.000190564  -0.00128294  7.32675e-06 -4.69681e-06 -1.41556e-06 0.0850307 0.0643908   9.80842 
             2.00136 -0.00206196 0.000878093 -0.00821427   -0.0160551 -0.000962621 -0.000958876 180.013       0       0 -0.13     0 -1.03 -0.00152953  -0.0132414 -0.00333422  0.000102928 -0.000230758  -0.00124837  -0.003741 0.00313892 0.00349783 0.0886639 0.0613911   9.80841 
             2.40006 -0.00152807  0.00159675 -0.00520572 -0.00405096 -0.00383111 0.000333656 180.013       0       0 -0.13     0 -1.03    0.0164573   -0.0127792 -0.000574454  0.000111967 -0.000247074  -0.00127003 -0.00587465  0.00256763  0.00208459 0.0907007 0.0619309   9.80839 
             2.60134  -0.0020017 0.000667884   0.0132411  -0.0207424  0.00961114 0.000244064 180.013       0       0 -0.13     0 -1.03   -0.0232752    0.0190629 -0.000565193  0.000110156 -0.000254984  -0.00130939 0.00106574 -0.0030978 0.00208761 0.0840436 0.0673737   9.80841 
             2.80142  -0.0020448 0.000648031   0.0244218   -0.0164351 -9.08617e-05  0.000648478 180.013       0       0 -0.13     0 -1.03 -0.000150307   -0.0170772   0.00110342   0.00016387 -0.000222067  -0.00133065 -0.0045922 0.00550552 0.00161075 0.0894656 0.0591174   9.80841 
             3.00002 -0.00227484  0.00120887  0.00612647 -0.00844317  0.00256588  0.00054242 180.013       0       0 -0.13     0 -1.03    0.0216444  -0.00260331 -0.000181941  0.000139096 -0.000192435  -0.00130687 -0.00992385  0.00119681  0.00188717 0.0945751 0.0632557   9.80834 
             3.20003 -0.00210836 0.000897905  -0.0185088  -0.0147396 0.000975285  0.00048059 180.013       0       0 -0.13     0 -1.03  -0.00397186  -0.00607116 -0.000325366  0.000140117 -0.000226932  -0.00127179 -0.00294761  0.00174808  0.00187825 0.0878896 0.0627259   9.80841 
             4.00014 -0.00222073  0.00032215 -0.00446568 -0.0306172 0.00552049 0.00143067 180.013       0       0 -0.13     0 -1.03  -0.0188984  0.00275546 0.000613114  0.000129662 -0.000238589  -0.00129751 -0.000302354 -0.000707376   0.00148589 0.0853528 0.0650764   9.80841 
             4.20151 -0.00222863  0.00113082 -0.00753177 -0.0118715 0.00425033 0.00053238 180.013       0       0 -0.13     0 -1.03    0.0145188 -0.000112983 -0.000434497   0.00013203 -0.000229903  -0.00130692  -0.00241124 -0.000556162   0.00177558 0.0873725 0.0649328    9.8084 
             4.40147 -0.00199806 0.000144836   0.0183551  -0.0219942  0.00575762 0.000705208 180.013       0       0 -0.13     0 -1.03  -0.0186138  0.00407436 0.000172579  0.000134331 -0.000225838  -0.00134588  -0.00103264 -0.000764821   0.00169335 0.0860609 0.0651302   9.80841 
              4.6002 -0.00235051 0.000740043  0.00360166  -0.0133767  0.00156383 0.000599448 180.013       0       0 -0.13     0 -1.03    0.0119911  -0.00939537 -0.000269409   0.00014794 -0.000207117  -0.00132986 -0.00576044  0.00145933  0.00173427  0.090572 0.0630114   9.80838 
             4.80015 -0.00219651 0.000814082  -0.0186201  -0.0118875 0.000187706  0.00083613 180.013       0       0 -0.13     0 -1.03   0.0110106 -0.00890359 0.000416221  0.000148207 -0.000209232  -0.00130494 -0.0052625 0.00116563 0.00157015 0.0900954   0.06329   9.80838 
             5.00153 -0.00205414  0.00067263 -0.00905743   -0.0159573 -0.000262037  0.000163166 180.013       0       0 -0.13     0 -1.03 -0.00386063 -0.00606748 -0.00180449  0.000152298 -0.000198868  -0.00131977  -0.0026419 0.000560165  0.00190108  0.087602 0.0638697    9.8084 
             6.20023 -0.00243874 0.000858816  0.00895259  -0.0185056   0.0235785 0.000185736 180.013       0       0 -0.13     0 -1.03 -0.00143563   0.0174447 -0.00211239  0.000170741 -0.000201709    -0.001348 -0.00283465 -0.00284935   0.0014416 0.0877853 0.0671122   9.80838 
             6.60158 -0.00260658  0.00107626  -0.0123586   -0.0132407  -0.00225761 -0.000189912 180.013       0       0 -0.13     0 -1.03  0.00428149  -0.0129489 -0.00251558  0.000174991 -0.000208428  -0.00134195  -0.0029499 -0.00222871  0.00136893 0.0878947 0.0665225   9.80838 
             6.80163 -0.00257999  0.00102042 -0.00383872  -0.0158594  0.00559407 0.000661091 180.013       0       0 -0.13     0 -1.03  -0.00181336    0.0060916 -0.000758304 0.000176713 -0.00020879 -0.00135835 -0.00280636 -0.00266695 0.000987175 0.0877564 0.0669309   9.80838 
             7.20039 -0.00266615 0.000520929  2.5408e-05  -0.0200462  0.00627929 0.000136681 180.013       0       0 -0.13     0 -1.03 -0.00736253  0.00341802 -0.00121404  0.000177459 -0.000208409  -0.00136528 -0.00215309 -0.00233394   0.0010406 0.0871399 0.0666168   9.80839 
             8.40167 -0.00261409 0.000976756  -0.0104282 -0.00332385 0.000204168  0.00108572 180.013       0       0 -0.13     0 -1.03   0.0118614 -0.00330667 0.000626374  0.000177676 -0.000214707  -0.00136086 -0.00370906 -0.00168464 0.000843832  0.088606 0.0660045   9.80838 
             9.60176 -0.00256451 0.000842631  0.00162697  -0.0254745      0.0118 0.000294702 180.013       0       0 -0.13     0 -1.03 -0.00663825  0.00501602 -0.00109291  0.000178149 -0.000217537  -0.00138473 -0.00339747 -0.00181669 0.000927446 0.0883142  0.066129   9.80838 
             10.4017 -0.00257813 0.000878304   0.0031852   -0.0103293  0.000185159 -0.000642143 180.013       0       0 -0.13     0 -1.03   0.0073921   -0.004733 -0.00179671  0.000178067 -0.000215218  -0.00139834 -0.00355755 -0.00168761 0.000901822  0.088463 0.0660088   9.80838 
             10.6018 -0.00231611 0.000610754 -0.00806004  -0.0174536  0.00371361 0.000553037 180.013       0       0 -0.13     0 -1.03 -0.00318951  0.00115868 2.54605e-05 0.000185505 -0.00020021 -0.00139643 -0.00333894 -0.00180021  0.00073905 0.0882588 0.0661119   9.80838 
             10.8018 -0.00242168 0.000559504  -0.0060601 -0.0175879 0.00353799 0.00057889 180.013       0       0 -0.13     0 -1.03 -0.00169928 0.000181672 3.64942e-05   0.00018393 -0.000203871  -0.00140095 -0.00338596 -0.00175894  0.00072944 0.0883021 0.0660737   9.80838 
             11.0019  -0.002518 0.00069229 -0.0104025 -0.0178768 0.00612124 0.00105687 180.013       0       0 -0.13     0 -1.03 -0.0012096 0.00630858 0.00113216  0.000180981 -0.000205214  -0.00139988 -0.00335537 -0.00237069   0.0006202 0.0882729 0.0666371   9.80838 
             11.2018 -0.00269856 0.000996391 -0.00292336  -0.0167321  0.00623013 0.000741251 180.013       0       0 -0.13     0 -1.03   0.00245425   0.00355766 -9.22996e-05  0.000185275 -0.000201903  -0.00140698 -0.00372847 -0.00204154 0.000745472 0.0886178 0.0663348   9.80838 
             11.6019 -0.00243273 0.000763985 -0.00911554  -0.0182128 -0.00105846   0.0011066 180.013       0       0 -0.13     0 -1.03 -0.00154383  -0.0113027 0.000832489  0.000197778 -0.000206629  -0.00140237  -0.00328425 -0.000497851  0.000684142 0.0882089 0.0649141   9.80839 
             11.8019 -0.00205148 8.96274e-05 -0.00726385 -0.0222294 0.00231846  0.0008924 180.013       0       0 -0.13     0 -1.03 -0.00871858 0.000173529   4.736e-05  0.000208829 -0.000198006  -0.00140793 -0.00276932 -0.00126893 0.000743819 0.0877367 0.0656223   9.80839 
              12.402 -0.0023838 0.00065917 -0.0233819 -0.00354736  0.00456421 4.90798e-05 180.013       0       0 -0.13     0 -1.03   0.0223703  0.00218492 -0.00132017  0.000212632 -0.000236289  -0.00139782 -0.00445496 -0.00143432  0.00082545 0.0892802 0.0657724   9.80837 
              12.602 -0.00242322 0.000609151  -0.0186515  -0.0214478  0.00402675 0.000915964 180.013       0       0 -0.13     0 -1.03  -0.0159375 0.000616625 0.000110294  0.000209943 -0.000236484  -0.00141279 -0.00288788 -0.00136422 0.000688019 0.0878473 0.0657103   9.80839 
              13.002 -0.00232391 0.000402679 -0.00747218  -0.0203526  0.00268581 0.000437686 180.013       0       0 -0.13     0 -1.03 -0.00329655  -0.0020975 -0.00145085  0.000213019 -0.000230312  -0.00142402 -0.00332616 -0.00127149 0.000743852 0.0882453  0.065625   9.80838 
             14.0022 -0.00234045 0.000830552  -0.0190226   -0.0113926    0.0025839 -0.000276954 180.013       0       0 -0.13     0 -1.03   0.00804257 -0.000894346  -0.00189056  0.000213781 -0.000237324  -0.00141625 -0.00378494 -0.00137318 0.000632907 0.0886612 0.0657163   9.80838 
             14.8023 -0.00281047 0.000589812  -0.0202977 -0.0231524 0.00107492 0.00168459 180.013       0       0 -0.13     0 -1.03 -0.00443765 -0.00156827 0.000829674  0.000213051 -0.000238996  -0.00142365 -0.00357726 -0.00136595 0.000479348 0.0884721 0.0657091   9.80838 
             15.4021 -0.00277446 0.000320825   -0.011948  -0.0205457 0.000775807  0.00111715 180.013       0       0 -0.13     0 -1.03  0.00101309  -0.0021125 0.000266742 0.000213928 -0.00023791  -0.0014345 -0.00364128 -0.00138071 0.000529737 0.0885298 0.0657224   9.80838 
             15.8021 -0.00268608 0.000718993  -0.0198384  -0.0170167  0.00533981 0.000955476 180.013       0       0 -0.13     0 -1.03   0.00491765   0.00408412 -0.000255381  0.00021262 -0.00023899 -0.00143295 -0.00374155 -0.00155365  0.00053888 0.0886195 0.0658767   9.80838 
             16.4022 -0.00184504  0.00116017  -0.0109155 -0.00959854 -0.00424863 0.000633524 180.013       0       0 -0.13     0 -1.03    0.0106602  -0.00927414 -0.000645585   0.00021911 -0.000238738   -0.0014434 -0.00392447 -0.00106128  0.00056133 0.0887812 0.0654405   9.80838 
             16.8035 -0.00307646  0.00113925  -0.0103197 -0.0214656 0.00607847 0.00234177 180.013       0       0 -0.13     0 -1.03 -0.00949689  0.00916996  0.00102566  0.000213953 -0.000244845  -0.00144684 -0.00325596  -0.0016366 0.000408848 0.0881898 0.0659481   9.80838 
             17.0022 -0.00184163  0.00103937 -0.00733631  -0.0159786 -0.00113005 0.000260818 180.013       0       0 -0.13     0 -1.03  0.00484941 -0.00853261 -0.00345556  0.000217168 -0.000242743  -0.00145175 -0.00370051  -0.0010913 0.000678446  0.088582 0.0654716   9.80838 
             17.2021 -0.00238848 0.000707668  -0.0179066 -0.0203993  0.0011031 0.00126506 180.013       0       0 -0.13     0 -1.03   -0.007783  0.00113064 0.000910074  0.000213183 -0.000249659  -0.00144376 -0.00293195 -0.00166802 0.000405601 0.0879061 0.0659752   9.80838 
             17.4022 -0.00235939  0.00118048  -0.0165446  -0.0136803  0.00418733 0.000759678 180.013       0       0 -0.13     0 -1.03    0.0123556   0.00789024 -0.000585166  0.000208714 -0.000238862  -0.00144461 -0.00433249 -0.00214918 0.000529505 0.0891329 0.0663967   9.80837 
             18.8023 -0.00212653 0.000830156  0.00180882  -0.0242277  -0.0011269 0.000100287 180.013       0       0 -0.13     0 -1.03  -0.00439575  -0.00239408 -0.000698089  0.000214717 -0.000250352  -0.00145892 -0.00302841 -0.00139245 0.000534918 0.0879934 0.0657367   9.80839 
             19.0037 -0.00217657 0.000922963  -0.0214006  -0.015545 0.00167891 0.00102258 180.013       0       0 -0.13     0 -1.03  0.00597118  0.00118754 0.000423154  0.000216784 -0.000247517   -0.0014496 -0.00309541 -0.00141831 0.000478848 0.0880512 0.0657589   9.80838 
             19.2036 -0.00284905  0.00142033  -0.0123662 -0.0162059  0.0030785 0.00195901 180.013       0       0 -0.13     0 -1.03  0.0019989 0.00375817 0.00275952  0.000216802 -0.000247452  -0.00145761 -0.00307445  -0.0014342 0.000354652 0.0880332 0.0657713   9.80838 
             19.4024 -0.00246267  0.00105348  -0.0132311 -0.0188662 0.00168348 0.00112776 180.013       0       0 -0.13     0 -1.03  -0.00508394  -0.00117801 -0.000685241 0.000218185  -0.0002499 -0.00145622 -0.00274051 -0.00118165 0.000565954 0.0877486 0.0655569   9.80839 
             20.0037 -0.00213543 0.000946864  -0.0223927  -0.0090568  0.00669269 -0.00174664 180.013       0       0 -0.13     0 -1.03    0.011796  0.00607463 -0.00429281  0.000213163 -0.000240483  -0.00145182 -0.00381062 -0.00166032 0.000729325 0.0886659 0.0659668   9.80838 
             20.2023 -0.00219172 0.000753312  -0.0126159 -0.0225092 0.00159146 0.00147097 180.013       0       0 -0.13     0 -1.03  -0.0152748 -0.00439089  0.00194433  0.000212588 -0.000247765    -0.001465 -0.00296425 -0.00131788 0.000384004 0.0879408 0.0656741   9.80839 
             20.6024 -0.00187766  0.00059884  -0.0188558   -0.0179817   -0.0043651 -0.000179627 180.013       0       0 -0.13     0 -1.03  0.00233324  -0.0116859 -0.00241787  0.000211488 -0.000247394  -0.00146144 -0.00333984 -0.00115991 0.000615141 0.0882588 0.0655414   9.80838 
             21.2024  -0.00199107  0.000423826 -0.000294872 -0.0236592 0.00638002 0.00149062 180.013       0       0 -0.13     0 -1.03 -0.00475243  0.00888514 0.000858313  0.000205272 -0.000250126   -0.0014777 -0.00299673  -0.0020022 0.000429896 0.0879688  0.066252   9.80838 
             21.4024 -0.00236891 0.000425245  -0.0157867  -0.0184761  0.00296096 0.000771698 180.013       0       0 -0.13     0 -1.03   0.00576557  0.000400874 -0.000775901  0.000171241 -0.000295402  -0.00146849 -0.00317723 -0.00185649 0.000476603 0.0881209 0.0661304   9.80838 
             22.4038 -0.00251821 0.000732045  -0.0100393 -0.0816194 0.00150495 0.00181126 180.013       0       0 -0.13     0 -1.03  -0.150001 -0.0100717 0.00349823  0.000167225 -0.000289252  -0.00147254 -0.00311387 -0.00183565 0.000388119 0.0880676 0.0661122   9.80838 
             23.0038 -0.00131309   0.0114053    0.264462   0.128705 -0.0320486  -0.010336 180.013       0       0 -0.13     0 -1.03   0.141652 -0.0234531 -0.0302035      0.00012 -0.000262031  -0.00186948 -0.00568848  -0.0014717 0.000325601  0.090202 0.0658002   9.80836 
             23.2038 -0.00439476   0.0152865    0.408139    0.0628094  0.000801082 -0.000408684 180.013       0       0 -0.13     0 -1.03  -0.0637768   0.0269484 -0.00501739  0.000108038 -0.000334406   -0.0020924   -0.0041403  -0.00223102 -0.000627157 0.0888936 0.0663682   9.80837 
             23.6025 -0.00478744   0.0236818     0.53067    0.185089  -0.0278033 -0.00109861 180.013       0       0 -0.13     0 -1.03   0.230334 -0.0379571 -0.0167809  0.000121997 -0.000269581  -0.00221851     -0.01242  0.000762318 -0.000646605 0.0958537  0.064452   9.80832 
             24.0038 -0.00457029   0.0358855    0.536401    0.310352   -0.075281 -0.00443003 180.013       0       0 -0.13     0 -1.03   0.223875 -0.0808392 -0.0286241 0.000152234 -8.1408e-05 -0.00217447  -0.0141029  0.00305372 -0.00111025 0.0974313 0.0627506   9.80832 
             24.2039 -0.00880147   0.0428629    0.400746    0.204639   0.0196125 8.91964e-05 180.013       0       0 -0.13     0 -1.03 -0.0945992   0.146009 -0.0354722 0.000901041 0.000660889 -0.00208619 -0.00707274 -0.00309357 -0.00169239 0.0910873 0.0668709   9.80835 
             26.0026 -0.0110921  0.0512606   0.488586   0.585231  -0.120477 -0.0480021 180.013       0       0 -0.13     0 -1.03   0.142574 -0.0799113  -0.064605   0.00040504 -0.000191088  -0.00210355  -0.0180007  0.00459668 -0.00194362  0.100544 0.0617617   9.80829 
              26.404 -0.0197667   0.144182    1.06126    0.897184 -0.00210303  0.00127788 180.013       0       0 -0.13     0 -1.03   0.323055 0.00317143 -0.0292378   0.00049593 -0.000353976  -0.00294367  -0.0187576  0.00414006 -0.00400325  0.101135 0.0621227   9.80828 
             26.6039 -0.0235904   0.174783    1.45609    1.03721 -0.0241706 0.00154277 180.013       0       0 -0.13     0 -1.03   0.439858 -0.0366595 -0.0289124  0.000473345 -0.000329224  -0.00342996  -0.0193058  0.00429328 -0.00440583  0.101552 0.0619848   9.80828 
             27.0027 -0.0250219   0.182931    1.49934    1.11102 -0.0250692  0.0106505 180.013       0       0 -0.13     0 -1.03     0.2078 -0.0339044  0.0346655  0.000461757 -0.000535304  -0.00343736  -0.0131351  0.00230823 -0.00530616 0.0964794 0.0622987   9.80833 
              27.404 -0.0298952   0.206849     1.5669    1.32879 -0.0517058  0.0137648 180.013       0       0 -0.13     0 -1.03   0.383631 -0.0570405  0.0295207 0.000283904 -0.00114961 -0.00346423  -0.0186019  0.00389703 -0.00488021  0.100944 0.0625056   9.80828 
             27.8041 -0.0349534   0.235827    1.76084    1.50971  0.0184213 0.00439639 180.013       0       0 -0.13     0 -1.03  0.396215 0.0613363 0.0156485 0.000599644  -0.0014142 -0.00376131  -0.0206612 0.000228566 -0.00357405  0.101328 0.0656924   9.80826 
             28.4041 -0.0389241   0.262463    1.92193    1.78383 -0.0733357 0.00953873 180.013       0       0 -0.13     0 -1.03   0.409648 -0.0765167  0.0276997 0.000713111 -0.00134973 -0.00399699  -0.0216742  0.00565355 -0.00414354  0.103638 0.0620907   9.80826 
             28.8041 -0.0496731   0.318621    2.31764    2.02126 -0.0313371  0.0215419 180.013       0       0 -0.13     0 -1.03   0.486759 0.00472163  0.0281199 0.000777507 -0.00144414  -0.0043866  -0.0240924  0.00425534 -0.00398771  0.104863 0.0638544   9.80823 
             29.0055 -0.0612447   0.342669    2.56616    2.09755 -0.0267903  0.0127962 180.013       0       0 -0.13     0 -1.03  0.441365 0.0246922 0.0606423 0.000736132  -0.0013091 -0.00471769  -0.0231973  0.00391789 -0.00228705  0.104043 0.0636834   9.80824 
             29.4028 -0.0621235   0.351647    2.59826   2.34199 0.0137739 0.0114394 180.013       0       0 -0.13     0 -1.03    0.556653   0.0517784 -0.00532943 0.000703725 -0.00114267 -0.00466546   -0.0280183   0.00287836 -0.000873835  0.106633 0.0662736    9.8082 
             29.6042 -0.0611875   0.381471    2.75698    2.41126 -0.0576282 0.00328105 180.013       0       0 -0.13     0 -1.03   0.466672  -0.121511 -0.0199936 0.000806997 -0.00126779 -0.00491308   -0.0228862   0.00811921 -0.000462636  0.105759 0.0606794   9.80824 
             30.6043 -0.0685349   0.396198    3.02473     2.93968 -0.00465521   -0.104525 180.013       0       0 -0.13     0 -1.03  0.573121  0.017053 -0.120802  0.00087729 -0.00123516 -0.00513452   -0.023859  0.00447585 -0.00162846 0.104804 0.063429  9.80824 
             31.0029 -0.0778958   0.461808    3.35705     3.0161 -0.0173654  0.0380966 180.013       0       0 -0.13     0 -1.03  0.690686 0.0454648 0.0822396  0.000521447 -0.000454115  -0.00536521  -0.0224397  0.00453461 -0.00484149  0.104145 0.0629974   9.80824 
             31.2042 -0.0853615   0.476515    3.14106    3.12989 -0.0130772 0.00212046 180.013       0       0 -0.13     0 -1.03  0.649056 0.0369104 -0.011204  0.000458376 -4.35741e-05  -0.00518792  -0.0220129  0.00424306 -0.00180799  0.103595 0.0625643   9.80825 
             31.4042 -0.0926943   0.481461    3.15235    2.82605 -0.0421151  0.0132475 180.013       0       0 -0.13     0 -1.03   -0.44682 -0.0438636  0.0240394 0.000425156  0.00712761 -0.00514417   0.0147174 -0.00785128  -0.0050093 0.0784793 0.0483208   9.80857 
             31.6042 -0.078883  0.465053   3.09839    2.85894 -0.0511291 0.00589808 180.013       0       0 -0.13     0 -1.03   -0.151912  -0.0489859 -0.00848971 0.000423408  0.00619824 -0.00510582   0.0031803 -0.00340834 -0.00389092 0.0870127 0.0518898   9.80848 
             31.8043 -0.0831927   0.469943    3.11194    2.86931  -0.024992 0.00490108 180.013       0       0 -0.13     0 -1.03  -0.0664175   0.0357692 -0.00496878 0.000509814  0.00601755 -0.00509741 -0.00255784 -0.00565539 -0.00397199 0.0890966 0.0560003   9.80844 
             32.0043 -0.0813938   0.469629    3.13232    2.89671  -0.023885 0.00393723 180.013       0       0 -0.13     0 -1.03   0.0392905   0.0505218 -0.00352578 0.000486116  0.00592997 -0.00508635 -0.00564922 -0.00380761 -0.00399596 0.0917368 0.0565142   9.80841 
             32.4044 -0.0812477   0.473533    3.16027     2.91674 -0.00808158    0.008443 180.013       0       0 -0.13     0 -1.03 -0.0145081   0.129286  0.0224412 0.000362234  0.00582776 -0.00509313 -0.00613673 -0.00162459 -0.00424012  0.093117 0.0555898    9.8084 
              32.603 -0.082095  0.465301   3.38801    2.83404  0.0454266 0.00755656 180.013       0       0 -0.13     0 -1.03 -0.179074  0.223592  0.013713 0.000401805  0.00589612 -0.00530463 -0.00154019 -0.00512073 -0.00384851 0.0888386 0.0552353   9.80844 
             32.8044 -0.0873537   0.464933    3.28163   2.87627 0.0912988 0.0223744 180.013       0       0 -0.13     0 -1.03 -0.000421005     0.205861     0.159178 0.000455552  0.00600737 -0.00514622  -0.0077123 -0.00313382 -0.00350712 0.0931592 0.0571767   9.80839 
             33.0045 -0.0967562   0.472056    3.20545   2.93097  0.109061 0.0183812 180.013       0       0 -0.13     0 -1.03  0.152448  0.160399 0.0816571 0.000487963  0.00598835 -0.00510558   -0.0108378 -0.000380588  -0.00151789 0.0960181 0.0572992   9.80836 
             33.4044 -0.0997144   0.472501    3.25755     2.88426    0.199528 -0.00738408 180.013       0       0 -0.13     0 -1.03 -0.0406672   0.181731 -0.0952396 0.000610513  0.00608648 -0.00508209   -0.0072983  -0.00325326 -0.000304958  0.092609 0.0569301    9.8084 
             33.8045 -0.110715  0.476025   3.02747     2.88711    0.280669 -0.00227049 180.013       0       0 -0.13     0 -1.03 -0.0029852   0.159629 -0.0350149 0.000719738  0.00602079 -0.00485468 -0.00827122 -0.00385275  -0.0020908 0.0929294 0.0578425   9.80839 
             34.6046 -0.119474  0.477064   3.08591   2.86283  0.468254 0.0286844 180.013       0       0 -0.13     0 -1.03 -0.0314233   0.147518 -0.0310521 0.000850579  0.00591893 -0.00482559 -0.00896086  -0.0057006 -0.00299963 0.0924412 0.0591969   9.80839 
             35.4058 -0.136187  0.484065    3.2801  2.88374 0.604152 0.139728 180.013       0       0 -0.13     0 -1.03 -0.0559904   0.249583   0.285437  0.00075303  0.00563781 -0.00486703  -0.0097957 -0.00520531 -0.00178325 0.0930323 0.0592291   9.80838 
             35.8032 -0.155608  0.485824   2.80946   2.87661  0.757424 0.0332036 180.013       0       0 -0.13     0 -1.03 -0.0832436   0.311503  0.0606617  0.00124407  0.00530999 -0.00446333  -0.0104698 -0.00568655  0.00343207 0.0927022 0.0596289   9.80838 
             36.0032 -0.164712  0.486252   2.82587    2.86537   0.780701 0.00782437 180.013       0       0 -0.13     0 -1.03 -0.093872  0.281423 0.0408844 0.000811257  0.00503069 -0.00448524  -0.0104421 -0.00431932  0.00694763   0.09315 0.0589203   9.80838 
             36.2048 -0.171181   0.48764    2.9642   2.88538  0.842329 0.0215633 180.013       0       0 -0.13     0 -1.03 0.0177625  0.265679 0.0782046 0.000893958  0.00502342 -0.00466304  -0.0138278 -0.00423106  0.00752342 0.0950835 0.0600716   9.80836 
             36.6032 -0.179649  0.494465   3.04853    2.905 0.964773 0.025536 180.013       0       0 -0.13     0 -1.03 0.00239267   0.191896  0.0490656 0.000924215   0.0050842 -0.00466265 -0.0160837 -0.0058924  0.0110473 0.0954026 0.0616126   9.80834 
             37.0045 -0.192917   0.50223   2.93968   2.89233   1.07624 0.0142411 180.013       0       0 -0.13     0 -1.03 -0.0202793   0.236148  0.0287656  0.00098523   0.0050521 -0.00447759  -0.0161609 -0.00732615   0.0134418 0.0946021 0.0622009   9.80835 
             37.2046 -0.203757  0.506441   2.64241      2.89599      1.13708 -0.000523363 180.013       0       0 -0.13     0 -1.03 0.00503013   0.281126 -0.0549203  0.00113152  0.00489586 -0.00426193  -0.0166301 -0.00766444   0.0139822 0.0946437 0.0625392   9.80834 
             37.6033 -0.213534  0.516398   2.74093     2.9637    1.24684 -0.0145505 180.013       0       0 -0.13     0 -1.03  0.0790401   0.255104 -0.0297472  0.00115652  0.00426974 -0.00436383  -0.0198188 -0.00668642   0.0129728 0.0967983 0.0633856   9.80832 
             37.8059 -0.228874  0.521302   2.74947     2.89313     1.31429 -0.00261757 180.013       0       0 -0.13     0 -1.03 -0.0945329   0.252384  -0.132845  0.00104649  0.00436445 -0.00434331  -0.0149171 -0.00896712      0.0104 0.0934758 0.0630953   9.80835 
              38.006 -0.23884 0.528541  2.82502     2.96766     1.35772 -0.00910402 180.013       0       0 -0.13     0 -1.03   0.156969   0.229154 -0.0668129  0.00104931  0.00436723 -0.00435191  -0.0189454 -0.00775057  0.00909023 0.0961835 0.0640698   9.80832 
             38.4046 -0.247593  0.531182   2.83458   2.92784   1.51484 0.0392213 180.013       0       0 -0.13     0 -1.03 -0.0235594   0.367995   0.141361  0.00112292  0.00450117 -0.00423252  -0.016073  -0.010837 0.00777471 0.0936396 0.0646877   9.80834 
              38.806 -0.261132  0.537667    2.5681   2.90845   1.60951 0.0112916 180.013       0       0 -0.13     0 -1.03 -0.0437971   0.256408 0.00390363   0.0010045  0.00436885 -0.00384836  -0.0152664 -0.00898987   0.0113509 0.0936516 0.0630388   9.80835 
             39.4061 -0.275172  0.550456   2.54511    2.94404    1.73147 0.00487174 180.013       0       0 -0.13     0 -1.03  0.0164797   0.103206 0.00959358  0.00104493  0.00427799 -0.00387194  -0.0173396 -0.00918616   0.0113137 0.0946954 0.0638713   9.80833 
             39.8047 -0.294601  0.559212    2.6296    2.97771    1.92578 0.00968423 180.013       0       0 -0.13     0 -1.03  0.0595845   0.303426 -0.0301599 0.000946328  0.00426813 -0.00380212 -0.0186459 -0.0125121  0.0105022 0.0944788 0.0661596   9.80832 
             40.4048 -0.300661   0.54769   2.30256    2.92681    2.13583 -0.0526981 180.013       0       0 -0.13     0 -1.03 -0.0647333   0.318675  -0.176396  0.00102595  0.00408423 -0.00338263 -0.0172821 -0.0140318  0.0110367 0.0931964 0.0664107   9.80833 
             40.6047 -0.318805  0.562247    2.3794    2.97393    2.15504 0.00382028 180.013       0       0 -0.13     0 -1.03   0.0445988    0.209227 -0.00312099 0.000984106  0.00401786 -0.00348898 -0.0185263 -0.0119257 0.00573297  0.094888 0.0661019   9.80832 
             41.0061 -0.323556  0.558352   2.40428   2.97137   2.24594 0.0340516 180.013       0       0 -0.13     0 -1.03 0.0393325 0.0495357 0.0725508 0.000975237  0.00390137 -0.00349401 -0.0178292 -0.0133304 0.00513567  0.094245 0.0668157   9.80832 
             41.2048 -0.335658  0.573516   2.47812    3.04463    2.25192 0.00743353 180.013       0       0 -0.13     0 -1.03    0.242826     0.04112 -0.00883119 0.00100013 0.00348922  -0.003426 -0.0199026  -0.012881 0.00671005 0.0953402 0.0669818   9.80831 
             41.4061 -0.343048  0.579612   2.28126    3.02188    2.24407 0.00965159 180.013       0       0 -0.13     0 -1.03   0.174087  0.0251204 -0.0125317 0.000708537  0.00477857 -0.00341118 -0.0146392 -0.0130104    0.00627 0.0926054 0.0655035   9.80834 
             41.6062 -0.335805   0.57052   2.30286    2.98014    2.24533 0.00930797 180.013       0       0 -0.13     0 -1.03   0.0190716 0.000978231   0.0249699 0.000643784  0.00492207 -0.00324423 -0.0071784 -0.0145575 0.00624293 0.0882064 0.0642408   9.80839 
             41.8048 -0.340666  0.564355   2.00148   2.88144   2.24791 0.0254246 180.013       0       0 -0.13     0 -1.03   -0.263512 -0.00720985   0.0814195 0.000599718  0.00425184 -0.00304694 0.00324669 -0.0174132 0.00572307 0.0819134 0.0630854   9.80846 
             42.2048 -0.33712 0.551029  1.94234   2.75332   2.27986 0.0138823 180.013       0       0 -0.13     0 -1.03   -0.256338   0.0302991 -0.00553608 0.000569004   0.0042051 -0.00301187 0.00417675 -0.0195711 0.00728683 0.0807951 0.0638955   9.80846 
             42.4062 -0.334385  0.534469   1.84959   2.74384   2.25146 0.0090774 180.013       0       0 -0.13     0 -1.03  -0.169956  -0.055641 -0.0110649 0.000521821  0.00416702 -0.00278194 0.00262972 -0.0179436 0.00736722 0.0819113 0.0632477   9.80845 
             42.6061 -0.331183  0.526693    1.7128  2.67292  2.24717 0.006828 180.013       0       0 -0.13     0 -1.03  -0.283101 -0.0459059 -0.0303198 0.000460276  0.00392859 -0.00258757  0.0050234 -0.0187982 0.00659528 0.0805395 0.0633798   9.80846 
             43.0046 -0.333236  0.515781   1.54036    2.50896    2.23909 -0.0091523 180.013       0       0 -0.13     0 -1.03  -0.356776 -0.0666701 -0.0733407 0.000329241  0.00369166 -0.00243638 0.00847848 -0.0204193 0.00538196 0.0785022 0.0638803   9.80848 
             43.2058 -0.334155  0.505418   1.45941   2.53046   2.23447 0.0188144 180.013       0       0 -0.13     0 -1.03 -0.168789 -0.042756 0.0070736 0.000350833  0.00295884 -0.00233085 0.00491938 -0.0202986 0.00356517 0.0806793 0.0643285   9.80846 
             43.4056 -0.332092  0.497494   1.38054   2.45837   2.24243 0.0198319 180.013       0       0 -0.13     0 -1.03  -0.228326 -0.0141727  0.0189355 0.000583641  0.00345848 -0.00226901 0.00708602 -0.0215252 0.00392069 0.0793553  0.064836   9.80846 
              44.205 -0.331854  0.486533   1.45354   2.23144   2.27516 0.0162124 180.013       0       0 -0.13     0 -1.03  -0.288147 0.00811736  0.0135372 0.000589633  0.00339222 -0.00231526 0.00905069 -0.0240577  0.0043798 0.0781136 0.0661266   9.80847 
             44.4036 -0.327894   0.44572  0.859206   2.02061   2.25073 0.0310454 180.013       0       0 -0.13     0 -1.03 -0.508519 -0.023314  0.045073 0.000485065  0.00318274 -0.00151486  0.0114866 -0.0236715  0.0039216 0.0768244 0.0657566   9.80848 
             44.6048 -0.323235  0.432517  0.931704   2.04486   2.23874 0.0268873 180.013       0       0 -0.13     0 -1.03   -0.20107 -0.0535978 0.00831032 0.000525665  0.00345461 -0.00160692  0.0089117  -0.023159 0.00504513 0.0782628 0.0658462   9.80847 
             44.8047 -0.322494  0.424488  0.876356   1.93792   2.25404 0.0350408 180.013       0       0 -0.13     0 -1.03    -0.3345 -0.0139014  0.0562864 0.000407891  0.00313593  -0.0015303   0.014393 -0.0258174 0.00534882 0.0754854  0.067626   9.80848 
             45.4042 -0.318878  0.406223  0.717192  1.53241   2.3013 0.058513 180.013       0       0 -0.13     0 -1.03 -0.610291 0.0466093 0.0936392 0.000395992  0.00307544 -0.00148329  0.0202632  -0.027274 0.00659789 0.0723145  0.068797   9.80849 
             45.6041 -0.29934 0.361458 0.405412   1.60136   2.24483 0.0210151 180.013       0       0 -0.13     0 -1.03  -0.301113 -0.0593571 -0.0192167 -6.53301e-05   0.00175453  -0.00118548  0.0167582 -0.0264099 0.00802158 0.0740076  0.067938   9.80849 
              45.804 -0.298868  0.352038  0.423829   1.53033   2.26028 0.0320345 180.013       0       0 -0.13     0 -1.03 -0.316799 0.0240607 0.0938046 2.07495e-05   0.0018619 -0.00114656  0.0174657 -0.0276037 0.00741371 0.0738083 0.0686667   9.80848 
             46.0038 -0.300322  0.342473  0.300132   1.46614   2.26876 0.0348202 180.013       0       0 -0.13     0 -1.03 -0.313087 0.0333804 0.0805027 4.03285e-05  0.00185361 -0.00111234  0.0174694 -0.0279143 0.00831316 0.0737874  0.068796   9.80848 
             46.2037 -0.296883  0.335223  0.206187    1.3626   2.27432 0.0218104 180.013       0       0 -0.13     0 -1.03  -0.422496  0.0330887 -0.0213087  6.78448e-05   0.00187313 -0.000949748  0.0192473  -0.027704 0.00917855 0.0728186 0.0690192   9.80849 
             46.4036 -0.288548  0.314637 0.0193947   1.26384   2.27383 0.0207118 180.013       0       0 -0.13     0 -1.03 -0.465343 0.0253684  0.023585  4.10349e-05   0.00183241 -0.000661134   0.020358 -0.0267804 0.00891977    0.0721 0.0687954   9.80849 
             46.6035  -0.294517   0.310628 -0.0987492   1.21242   2.25795 0.0234422 180.013       0       0 -0.13     0 -1.03  -0.405392 -0.0398264 -0.0140548  0.000112927   0.00199462 -0.000595276  0.0153842 -0.0253276 0.00797462  0.074236 0.0670427   9.80849 
             47.0032  -0.289641   0.293794 -0.0415312   1.01937   2.23804 0.0169733 180.013       0       0 -0.13     0 -1.03  -0.483989 -0.0576716 -0.0812802  0.000133824   0.00191612 -0.000651628  0.0171787 -0.0256829 0.00814382 0.0734918 0.0676737   9.80849 
             47.2031 -0.284602  0.279203  -0.17829   1.05491   2.27628 0.0154644 180.013       0       0 -0.13     0 -1.03  -0.174967  0.0361065 -0.0249843  0.000518162   0.00102025 -0.000561044  0.0139462 -0.0277592 0.00777069 0.0755704 0.0677251   9.80848 
             47.4029 -0.282632  0.266774 -0.337318  0.966171   2.28324 0.0222768 180.013       0       0 -0.13     0 -1.03  -0.292238  0.0266267 -0.0200867 0.000638782  0.00199006 -0.00038559  0.0166666 -0.0274735 0.00635132 0.0743908 0.0682901   9.80848 
             47.6027 -0.281429  0.252804 -0.379771  0.866932   2.28792 0.0157548 180.013       0       0 -0.13     0 -1.03  -0.391085  0.0189495 -0.0667832   0.00056249   0.00200901 -0.000303122  0.0200793 -0.0268268 0.00631733 0.0727067     0.069   9.80849 
             48.2024 -0.274871  0.239437 -0.565822   0.465857    2.29862 -0.0712535 180.013       0       0 -0.13     0 -1.03 -0.619044 0.0295753 -0.166235   0.00053881   0.00153436 -9.91799e-05  0.0270821     -0.024 0.00473303 0.0688467  0.070072   9.80851 
             48.4022 -0.269551  0.199282 -0.914252  0.534747   2.28659 0.0229468 180.013       0       0 -0.13     0 -1.03   -0.308251 -0.00134866  -0.0318283  0.000341635 -0.000178808  0.000143853  0.0240339 -0.0244866 0.00133885 0.070327 0.069297   9.8085 
             48.6021 -0.268238  0.200287 -0.928188  0.448554   2.30132 0.0155912 180.013       0       0 -0.13     0 -1.03  -0.386493   0.026358 -0.0234479 0.000692953 0.000177102  9.7725e-05  0.0249463 -0.0248686 0.00215075 0.0700858 0.0697704    9.8085 
             49.0018 -0.252163    0.1918 -0.932885  0.182926   2.38119 0.0165381 180.013       0       0 -0.13     0 -1.03 -0.626008  0.147203   0.05731 0.000804613 8.11368e-05 0.000149408  0.0308229 -0.0268899 0.00326171 0.0688599 0.0729081   9.80849 
             49.2017 -0.441327  0.706985  -1.19836   0.334755    2.30522 -0.0727827 180.013       0       0 -0.13     0 -1.03 -0.0495717 -0.0690505  -0.176415  5.2723e-06 -0.00151683 0.000286504  0.0224608  -0.026358 0.00543393 0.0715709   0.06933   9.80849 
             49.4015 -0.274345    0.1869  -1.33412  0.182761   2.27057 0.0619813 180.013       0       0 -0.13     0 -1.03 -0.404379 -0.117324  0.227656 -0.000589224   0.00173601   0.00035368   0.0309539  -0.0221761 -0.00758234 0.0702959 0.0720262   9.80848 
             49.6014 -0.269923  0.177301  -1.47634 -0.00698036     2.31224   0.0220338 180.013       0       0 -0.13     0 -1.03 -0.657388 0.0450029 0.0218643 -0.000383114   0.00225346  0.000490406   0.0412983  -0.0255809 0.000684159 0.0676323 0.0774956   9.80846 
             50.0011 -0.265545  0.160294  -1.45994 -0.140199   2.35247 0.0154768 180.013       0       0 -0.13     0 -1.03  -0.39161 0.0757342 0.0398928 -0.000219462   0.00265891  0.000314025  0.0338512 -0.0304929 0.00246732  0.072122 0.0754569   9.80844 
              50.201 -0.278998  0.146243  -1.62596 -0.147379    2.3459 0.0223442 180.013       0       0 -0.13     0 -1.03   -0.277901   0.0158502 -0.00770349 -0.000330273   0.00176092  0.000505111  0.0307116 -0.0310329 0.00233856 0.0732574  0.074115   9.80845 
             50.6021 -0.275862   0.14243  -1.78578   -0.385368      2.3151 0.000508582 180.013       0       0 -0.13     0 -1.03  -0.497675 -0.0191047   0.024133 -0.000849846   0.00275539  0.000578382  0.0340427  -0.028225 0.00454211 0.0712074   0.07477   9.80846 
             50.9991 -0.272821  0.135653  -1.95943 -0.483179   2.39544 0.0162249 180.013       0       0 -0.13     0 -1.03  -0.470296   0.135178 -0.0199908 -0.000578922    0.0027308  0.000846852  0.0318476 -0.0323575 0.00337948 0.0738107 0.0747529   9.80844 
              51.199 -0.261362   0.12491  -2.10422  -0.814948    2.42983 -0.0358822 180.013       0       0 -0.13     0 -1.03   -1.26554   0.150052 -0.0939818 -0.000486554   0.00373433  0.000872365  0.0367401 -0.0302854 0.00531398  0.071678 0.0768805   9.80844 
             51.7986 -0.25103  0.10783 -2.03461   -1.13254    2.23926 -0.0439377 180.013       0       0 -0.13     0 -1.03  -0.774497  -0.318379 -0.0698499 -0.00189768 -0.00153942 0.000814902  0.0189967 -0.0325712 0.00284993 0.0755439 0.0676426   9.80848 
             52.1997 -0.742877   1.51836  -1.89154  -0.212505    2.17149 -0.0190007 180.013       0       0 -0.13     0 -1.03    0.66347  -0.237885 -0.0588234 -0.00140749  -0.0036811 0.000786348 -0.00313565  -0.0457156 -0.00129083 0.0872712 0.0575212   9.80844 
             52.3995 -0.725896   1.56377  -1.63315 -0.572359   2.11981 0.0184066 180.013       0       0 -0.13     0 -1.03 -0.334508 -0.242272 0.0777928  -0.0013502 -0.00213744 0.000663402 0.00924093 -0.0401433 -0.0029432 0.0826858 0.0627573   9.80845 
             52.5981 -0.713945   1.54026  -1.42162 -0.545065   2.03353 0.0160073 180.013       0       0 -0.13     0 -1.03   -0.134428   -0.338446 -0.00836466 -0.00172637 -0.00298845  0.00052318  0.00160121  -0.0404042 -0.00145123 0.0839541 0.0589162   9.80846 
             52.9992 -0.720304   1.50094  -1.61713 -0.630108   1.96402 0.0403968 180.013       0       0 -0.13     0 -1.03  -0.264501 -0.0903969  0.0858766 -0.00196044 -0.00276365 0.000680968  0.00225962  -0.0398246 -0.00115193 0.0833949 0.0590647   9.80847 
              53.199 -0.712259   1.52384  -1.51003 -0.528337   1.83768 0.0195961 180.013       0       0 -0.13     0 -1.03 0.0503347   -0.3365  -0.02384 -0.00264703 -0.00357954 0.000645795  -0.00258741   -0.0388756 -0.000470639 0.0838598  0.056531   9.80848 
             53.3976 -0.712246   1.52334  -1.41597  -0.510545    1.77778 0.00612853 180.013       0       0 -0.13     0 -1.03  0.0406628  -0.330403 -0.0503034 -0.00249434 -0.00362438 0.000417403 -0.00303916  -0.0396153 3.01753e-06 0.0841153 0.0564034   9.80848 
             53.5975 -0.696233   1.49829  -1.36104 -0.553101   1.69213 0.0110551 180.013       0       0 -0.13     0 -1.03 -0.0891617  -0.418352 -0.0221639 -0.00261288 -0.00327144 0.000443672  0.00117064  -0.0369096 -0.00179743 0.0825282 0.0576968   9.80848 
             53.9986 -0.688337   1.50158   -1.3402  -0.514074    1.51215 -0.0155947 180.013       0       0 -0.13     0 -1.03 0.0182669 -0.447478 -0.160812 -0.00277519 -0.00322606  0.00034216 -0.00232004  -0.0375994 -0.00435329 0.0846752 0.0565161   9.80847 
             54.1985 -0.670582   1.50147  -1.43419 -0.594475   1.49595 0.0392615 180.013       0       0 -0.13     0 -1.03 -0.176621 -0.316803  0.101072 -0.00238838 -0.00274539 0.000393782 0.000547984  -0.0383679 -0.00598352 0.0847698 0.0579589   9.80846 
             54.5983 -0.688952   1.50459  -1.47295 -0.457655   1.33602  0.080768 180.013       0       0 -0.13     0 -1.03  0.084282 -0.324884  0.182224 -0.00285064 -0.00609736  0.00023786 -0.00738275  -0.0393533 -0.00481781 0.0869034 0.0551979   9.80846 
             55.9975 -0.659427   1.50988  -1.17687  -1.23403  0.885881 -0.407911 180.013       0       0 -0.13     0 -1.03 -0.651012 -0.342477 -0.306664  -0.00266155  -0.00499582 -6.35727e-05  0.00053813  -0.0384873 0.000131743 0.0829956 0.0582668   9.80848 
             56.1974 -0.568586   1.52787  -1.01147 -0.648427  0.812239 0.0563762 180.013       0       0 -0.13     0 -1.03 0.0381716  -0.38785  0.148056  -0.00274325  -0.00773707 -0.000204139 0.000533038   -0.038182 -0.00583035 0.0844554 0.0585842   9.80846 
             56.5982  -0.58223   1.50536 -0.883691 -0.548004  0.689831 0.0531649 180.013       0       0 -0.13     0 -1.03   0.116139   -0.33436 0.00200105   -0.0028501  -0.00748332 -0.000357264 -0.000943964    -0.039208  -0.00185435 0.0841482 0.0581454   9.80847 
             56.9969 -0.56537  1.45483  -0.9308  -0.759631   0.547871 0.00251698 180.013       0       0 -0.13     0 -1.03 -0.406988  -0.41055 -0.107676  -0.00271226  -0.00659476 -0.000283565  0.00559947  -0.0380933 0.000319855 0.0812848 0.0597121   9.80848 
             57.1951 -0.549464   1.47753 -0.826873 -0.624645  0.460787 0.0340941 180.013       0       0 -0.13     0 -1.03 0.0460698 -0.415214 -0.123145 -0.00278268 -0.00743353 -0.00032367  0.00140137  -0.0388908 -0.00161352 0.0833219 0.0587921   9.80847 
             57.3964  -0.51322   1.46262 -0.726331 -0.705294  0.378643 0.0326811 180.013       0       0 -0.13     0 -1.03 -0.204047 -0.522491 -0.121577  -0.00249179   -0.0057129 -0.000331141  0.00598687  -0.0385264 -0.00268103 0.0823621 0.0601078   9.80847 
             57.5976  -0.54738   1.46943 -0.683073  -0.650938   0.316584 0.00137923 180.013       0       0 -0.13     0 -1.03 -0.0507285  -0.492503  -0.242941  -0.00222365   -0.0062022 -0.000598573 -0.00200795  -0.0450466 -0.00416576 0.0868625 0.0599712   9.80843 
              57.996 -0.508584   1.46957 -0.564178  -0.829981   0.190416 -0.0115462 180.013       0       0 -0.13     0 -1.03 -0.375618 -0.466021 -0.122103  -0.00217829  -0.00634834 -0.000666342  0.0103625 -0.0489252 -0.0108847 0.0858351 0.0643947   9.80841 
             58.1972 -0.484685   1.48046 -0.741886  -0.64655  0.157186 0.0653209 180.013       0       0 -0.13     0 -1.03  0.106531 -0.368376 0.0597902   -0.0016662  -0.00812971 -0.000608251 0.00407821  -0.051942 -0.0139006 0.0892382 0.0639668   9.80839 
             58.3971 -0.511262   1.46952 -0.639946 -0.664538 0.0694263 0.0497116 180.013       0       0 -0.13     0 -1.03 -0.017505 -0.379937 -0.039424 -0.00201937 -0.00741171 -0.00083423 0.00561863 -0.0509822 -0.0124433 0.0881314 0.0640139    9.8084 
             58.5956 -0.483797   1.46957  -0.40953  -0.717209 -0.0120033  0.0363698 180.013       0       0 -0.13     0 -1.03 -0.166279  -0.41624 -0.105206 -0.00218702 -0.00699002 -0.00111006  0.0100115 -0.0499536 -0.0125701 0.0866344 0.0647393    9.8084 
             58.9954 -0.481132   1.46041 -0.453075  -0.790669  -0.125636 -0.0075938 180.013       0       0 -0.13     0 -1.03 -0.245204 -0.296695 -0.172679 -0.00212369 -0.00706162 -0.00106313  0.0112514 -0.0528483 -0.0146245 0.0873949 0.0659227   9.80839 
             59.1953  -0.50012   1.49875 -0.402243 -0.732585 -0.209764 0.0777779 180.013       0       0 -0.13     0 -1.03 -0.0505937  -0.311236   0.119695 -0.00233734 -0.00725138 -0.00103626  0.0092403 -0.0522696 -0.0171173 0.0885325 0.0655312   9.80838 
             59.3952 -0.477217   1.49257 -0.562676 -0.765519 -0.282146 0.0402072 180.013       0       0 -0.13     0 -1.03  -0.119912  -0.377509 -0.0302697 -0.00247945 -0.00690874 -0.00075641 0.00940029  -0.052397 -0.0153077 0.0879068 0.0651962   9.80839 
              59.595 -0.467317   1.47313 -0.578736 -0.737944 -0.331726 0.0375154 180.013       0       0 -0.13     0 -1.03 -0.0493174  -0.325902 0.00761315  -0.00232686  -0.00703663 -0.000817548  0.0049381 -0.0550599  -0.015336 0.0896732 0.0652605   9.80837 
             60.1947 -0.456281   1.46416  -0.44411 -0.696672 -0.559852 -0.101516 180.013       0       0 -0.13     0 -1.03 -0.0144422  -0.452169  -0.223839 -0.00228125 -0.00667043 -0.00115902 0.000921248  -0.0560135  -0.0164846 0.0912616 0.0647631   9.80836 
             60.3932 -0.433083   1.49301 -0.094076 -0.822571 -0.598239 0.0739304 180.013       0       0 -0.13     0 -1.03 -0.267421 -0.358846  0.118797 -0.00227784 -0.00547854 -0.00136471 0.00418633 -0.0558703 -0.0235721 0.0918093 0.0657587   9.80835 
             60.5944 -0.438505   1.47722 -0.284692 -0.771929 -0.633818 0.0497247 180.013       0       0 -0.13     0 -1.03 -0.0656079  -0.268137 0.00662481 -0.00155177  -0.0077317 -0.00118668 -0.000802175   -0.0582349   -0.0174714 0.0924309 0.0649022   9.80835 
             60.7942 -0.431003   1.48135 -0.294956 -0.753216 -0.713399 0.0330523 180.013       0       0 -0.13     0 -1.03 -0.036557 -0.183397 -0.155699  -0.0014539 -0.00765012 -0.00119722 -0.00494036  -0.0551289  -0.0164237 0.0930739  0.063426   9.80835 
             60.9941 -0.414907   1.46211 -0.168329 -0.750579 -0.720603 0.0519695 180.013       0       0 -0.13     0 -1.03 -0.0513691   0.073701   0.023121 -0.00151652 -0.00755971 -0.00122091 -0.0054511 -0.0553227  -0.019389 0.0938732  0.063487   9.80835 
             61.5938  -0.423071    1.46986 -0.0366552 -0.895993 -0.898734 0.0624855 180.013       0       0 -0.13     0 -1.03 -0.411163 -0.209234 0.0228903  -0.0014729 -0.00756804 -0.00124047 -0.00496333   -0.053279  -0.0193089 0.0934441 0.0629756   9.80835 
             61.9949 -0.399862   1.45357 -0.136422 -0.923212 -0.698028 0.0827384 180.013       0       0 -0.13     0 -1.03 -0.593322  0.130137  0.205457 -0.00165016 -0.00725422 -0.00122562 -0.0103182 -0.0613363 -0.0179793  0.095534 0.0647548   9.80832 
             62.1947 -0.467607   1.78506  0.289516   -0.642241   -0.772807 -0.00573685 180.013       0       0 -0.13     0 -1.03   0.245149 -0.0965689 -0.0738327 -0.00198037  -0.0084038 -0.00133894 -0.0180883 -0.0603425 -0.0148141 0.0970193 0.0636932   9.80831 
             62.3934 -0.392319   1.51977  0.388405 -0.426877 -0.760161 0.0444587 180.013       0       0 -0.13     0 -1.03   0.618735 -0.0257965   0.104195 -0.00152333  -0.0107132 -0.00169333 -0.0266314 -0.0620586 -0.0171406  0.100033 0.0635387   9.80828 
             62.5932 -0.392792   1.50985  0.496925 -0.372226  -0.75646 0.0673752 180.013       0       0 -0.13     0 -1.03   0.384103 0.00431077   0.120123 -0.00163748  -0.0103483 -0.00181304 -0.0207245 -0.0629363 -0.0171134 0.0983916 0.0640442    9.8083 
             62.9942 -0.389795   1.53608  0.583568 -0.286988 -0.777726 0.0886113 180.013       0       0 -0.13     0 -1.03   0.124631 -0.0531292   0.222176  -0.0016028  -0.0104042 -0.00203135 -0.0205754 -0.0617715 -0.0106855 0.0970986 0.0635243   9.80831 
             63.3927 -0.403328   1.57379  0.937677  0.075203 -0.788033 0.0751047 180.013       0       0 -0.13     0 -1.03   0.534135 -0.0416173   0.115118 -0.00161289  -0.0115717 -0.00212283   -0.027663  -0.0621532 -0.00849012 0.0986245 0.0636374    9.8083 
             63.5939 -0.386566   1.60011   1.16529 0.0645495 -0.757251 0.0533602 180.013       0       0 -0.13     0 -1.03  0.255449 0.0420001 0.0648599 -0.00102391  -0.0102221 -0.00260424  -0.0239453  -0.0644797 -0.00454703 0.0965367 0.0638349   9.80832 
             63.7938 -0.386945   1.60441   1.26855   0.19185 -0.771842 0.0423885 180.013       0       0 -0.13     0 -1.03   0.416361 -0.0937561   0.227194 -0.000777429  -0.00945552  -0.00269888   -0.0314248   -0.0621508 -0.000437149 0.0980237 0.0635668    9.8083 
             64.1922 -0.39884  1.64812  1.32262  0.402676 -0.783753  0.122787 180.013       0       0 -0.13     0 -1.03   0.423301 -0.0586018   0.263615 -0.000813232  -0.00922514  -0.00271691  -0.0343392  -0.0631782 0.000446829 0.0985294 0.0640956    9.8083 
             64.5933 -0.406152   1.66518   1.65603  0.564907 -0.808033 0.0685062 180.013       0       0 -0.13     0 -1.03   0.351364 -0.0929026  0.0295446 -0.00102545  -0.0092311 -0.00327293 -0.0347727 -0.0632859 0.00204793 0.0983237 0.0641133    9.8083 
             64.7919 -0.428736   1.71644   1.80014   0.66636  -0.77699 0.0365896 180.013       0       0 -0.13     0 -1.03  0.330839 0.0613049  0.135912 -0.000450899  -0.00921563   -0.0033444 -0.0369632 -0.0657172 0.00515931 0.0979186 0.0648469    9.8083 
             65.3928 -0.420722   1.71643    1.8423  0.862867 -0.730169  0.165815 180.013       0       0 -0.13     0 -1.03  0.199894 0.0733794  0.222086 -0.00043254 -0.00963333 -0.00334049 -0.0387036 -0.0655819 0.00637433 0.0980452 0.0651734   9.80829 
             65.7926 -0.427384   1.77609   2.30546    1.0801   -0.7671 0.0705357 180.013       0       0 -0.13     0 -1.03  0.281467 0.0526396 0.0979149 -0.000595763  -0.00976059  -0.00405209 -0.0400306 -0.0647677 0.00816324 0.0981773 0.0651423   9.80829 
             65.9925 -0.432545   1.78634   2.41702   1.23257 -0.763448 0.0335624 180.013       0       0 -0.13     0 -1.03   0.438557    0.02345 -0.0394931 -0.000546249   -0.0104274  -0.00412905 -0.0439183 -0.0641351  0.0119245  0.09843 0.065535  9.80829 
             66.1924 -0.409988   1.80784   2.41308   1.38337 -0.793124  0.016629 180.013       0       0 -0.13     0 -1.03   0.542243 -0.0604861 -0.0403419 -0.00111806  -0.0112067 -0.00425288 -0.0478891 -0.0606286  0.0129118 0.0998783 0.0660109   9.80827 
             66.3909 -0.430175   1.82422   2.69123    1.4101 -0.788675 0.0119498 180.013       0       0 -0.13     0 -1.03   0.289667 -0.0255573 -0.0555502 -0.000967997   -0.0106558  -0.00462756 -0.0413236 -0.0644377  0.0119426 0.0978809 0.0650254    9.8083 
             66.5921 -0.436636   1.85116   2.74567   1.51445 -0.744772 0.0102502 180.013       0       0 -0.13     0 -1.03     0.3744  0.0969221 -0.0224109 -0.00071674  -0.0105197 -0.00472383 -0.0471033 -0.0681804  0.0108864 0.0980584 0.0672999   9.80828 
             67.1905 -0.424206   1.83554   2.82771   1.72286 -0.824644  0.108404 180.013       0       0 -0.13     0 -1.03  0.156616 -0.141554  0.257627 -0.00082775  -0.0105355 -0.00474598  -0.050992 -0.0620365  0.0108261  0.100548 0.0675408   9.80825 
             67.3917 -0.449794   1.88123   3.26127   1.86698 -0.753497 0.0125307 180.013       0       0 -0.13     0 -1.03  0.286389 0.0266004 0.0522026 6.95573e-05  -0.0116076 -0.00486042  -0.053705 -0.0630349  0.0134956  0.100113 0.0683035   9.80825 
             67.5915 -0.438891   1.93251   3.42058   1.96932 -0.761615 0.0204618 180.013       0       0 -0.13     0 -1.03   0.353798 -0.0253318  0.0643911 -0.000722424   -0.0133603  -0.00503574 -0.0557073 -0.0616729  0.0141909  0.100666 0.0687083   9.80824 
             67.7915 -0.431326   1.92335   3.50664    2.08486  -0.771668 0.00625564 180.013       0       0 -0.13     0 -1.03   0.299271 -0.0252199 -0.0645265 -0.000622122   -0.0137036  -0.00510378 -0.0604344 -0.0594441  0.0168712  0.101534 0.0698619   9.80823 
               67.99 -0.389966   1.92848   3.46683    2.13584  -0.723557 -0.0303128 180.013       0       0 -0.13     0 -1.03  0.218238  0.158767 -0.152014 -0.00074885  -0.0137376 -0.00507797 -0.0620158 -0.0629516  0.0187178  0.100072 0.0705863   9.80824 
             68.5909 -0.393224   1.95439   3.50805    2.45701  -0.754541 -0.0364188 180.013       0       0 -0.13     0 -1.03   0.342812 -0.0315228 -0.0509333 -0.000568804   -0.0133509   -0.0051763 -0.0636244 -0.0613936  0.0180041  0.100897 0.0711265   9.80822 
             68.7895 -0.423885   1.98398   4.03647    2.54664  -0.760025 -0.0138122 180.013       0       0 -0.13     0 -1.03  0.251738 0.0417629 -0.447243 -0.000499791   -0.0126123   -0.0058711 -0.0634048 -0.0612451  0.0154423  0.101391 0.0712564   9.80822 
             69.1907 -0.381307   1.99141   3.87138   2.74301  -0.71141 -0.124016 180.013       0       0 -0.13     0 -1.03  0.345301 0.0924384 -0.319383 -0.000489776    -0.012435  -0.00585158 -0.0650875 -0.0609335  0.0088536  0.103194 0.0725018   9.80819 
             69.5891 -0.437406   2.00747   4.35111    2.91609  -0.733863 -0.0271974 180.013       0       0 -0.13     0 -1.03     0.317703    0.0279685 -0.000600256 -0.000579385   -0.0121444  -0.00657311 -0.0648891 -0.0599467 0.00676508  0.103895 0.0725637   9.80818 
             69.9901 -0.430238   2.03313   4.44454    3.13517  -0.714269 -0.0886385 180.013       0       0 -0.13     0 -1.03  0.490774 0.0622565 -0.189375 -0.000616801   -0.0123636  -0.00653856 -0.0678438 -0.0586061 0.00784582  0.104409 0.0735637   9.80817 
             70.1887 -0.411605    2.0471   4.65278    3.21414  -0.717771 -0.0358317 180.013       0       0 -0.13     0 -1.03    0.432752   0.0251838 0.000731674 -0.000730092   -0.0121661  -0.00659774 -0.0667425 -0.0584178 0.00517318  0.10487 0.073344  9.80817 
             70.3899 -0.407303   2.07665   4.76208   3.27273 -0.721507  -0.01192 180.013       0       0 -0.13     0 -1.03    0.3895 0.0166526 0.0679391 -0.000859053    -0.011421  -0.00673619 -0.0643469 -0.0587938  0.0040089  0.104846 0.0724377   9.80817 
             70.5898 -0.438764   2.10871   4.86823    3.31636  -0.698791 -0.0224577 180.013       0       0 -0.13     0 -1.03  0.346228 0.0744486 0.0180695 -0.000682875    -0.010787  -0.00677952 -0.0619225 -0.0631703 0.00692819  0.102573 0.0710964   9.80821 
             70.7897 -0.414975    2.0589   4.76902    3.44537   -0.71912 -0.0531329 180.013       0       0 -0.13     0 -1.03   0.567856 -0.0119665 -0.0681953 -0.000889946   -0.0107614  -0.00668124 -0.0671303 -0.0556013  0.0110974  0.105257 0.0730862   9.80816 
             70.9882 -0.424343   2.09964   4.93344    3.43032  -0.724649 -0.0499701 180.013       0       0 -0.13     0 -1.03   0.232682  0.0887508 -0.0272049 -0.000854147   -0.0105508   -0.0066662 -0.0527794 -0.0621364 0.00939552   0.10288 0.0667516   9.80823 
             71.1894 -0.431339   2.09634   4.96571    3.24369  -0.675459 -0.0266288 180.013       0       0 -0.13     0 -1.03 -0.426987  0.340303 0.0958042 -0.000976049   -0.0112739  -0.00649649 -0.0488496 -0.0641678 0.00918775  0.102059 0.0650442   9.80825 
             71.5892 -0.461398    2.1306   4.80087   3.23518 -0.649416 0.0223166 180.013       0       0 -0.13     0 -1.03 -0.263612  0.122387  0.116974 -0.000803038   -0.0108175  -0.00639762 -0.0564448 -0.0504923 0.00845952  0.107937 0.0687107   9.80817 
             71.7891 -0.43617  2.09553  4.85348     3.3393  -0.469141 -0.0457651 180.013       0       0 -0.13     0 -1.03  0.108632  0.387051 0.0402233 0.000317772  -0.0113899 -0.00630232 -0.0738027 -0.0564999  0.0174754  0.103943 0.0751939   9.80816 
              71.989 -0.437667   2.09279   4.61476     3.3258  -0.449292 -0.0156688 180.013       0       0 -0.13     0 -1.03 -0.0242142   0.214862   0.157503 0.000297592  -0.0113036 -0.00626248  -0.070381 -0.0544661  0.0160926  0.105071 0.0738654   9.80816 
             72.3888 -0.442646   2.10795   4.69008    3.25529  -0.389132 -0.0345127 180.013       0       0 -0.13     0 -1.03  -0.212916   0.119062 0.00483437 0.000151946  -0.0112886 -0.00623125 -0.0699199 -0.0545326  0.0170023  0.104946 0.0735929   9.80816 
             72.5874 -0.466756    2.1062   4.66303    3.27571  -0.339887 -0.0488367 180.013       0       0 -0.13     0 -1.03 -0.0988935   0.157123 -0.0973357 0.000149067  -0.0112643 -0.00606626 -0.0742018 -0.0543566  0.0174048   0.10501 0.0752547   9.80815 
             72.9886 -0.463973   2.10347   4.47666    3.31865   -0.22759 -0.0646471 180.013       0       0 -0.13     0 -1.03 -0.0417521   0.276172 -0.0271367 0.000184328  -0.0116151 -0.00589326 -0.0799885 -0.0536914  0.0150873  0.105608 0.0777948   9.80812 
             73.1884 -0.722033   2.08603   4.51328   3.34189 -0.166488 0.0171891 180.013       0       0 -0.13     0 -1.03 -0.0109738   0.278655    0.13772 3.44424e-05  -0.0116678  -0.0058919 -0.0802637 -0.0532433  0.0127107  0.106083 0.0781684   9.80811 
             73.3882 -0.552239   2.12388   4.60683    3.33243  -0.178883 -0.0075443 180.013       0       0 -0.13     0 -1.03 -0.0412665  0.0935209   0.122539 -0.00144555  -0.0115404 -0.00599538 -0.0796755  -0.050626  0.0159436  0.106659 0.0771354   9.80812 
             73.5881 -0.538253   2.12154   4.57911     3.28674   -0.103618 -0.00311182 180.013       0       0 -0.13     0 -1.03 -0.183641  0.266207  0.143895 -0.000887379   -0.0113539  -0.00594568 -0.0795093 -0.0571136  0.0191836  0.103899 0.0768355   9.80815 
             73.9866 -0.587698     2.109   4.64994   3.25679 -0.013467 0.0666144 180.013       0       0 -0.13     0 -1.03 -0.151275  0.259951  0.328827 -0.00103888  -0.0113943 -0.00595289 -0.0821183 -0.0542665  0.0232546  0.104556 0.0774524   9.80814 
             74.1878 -0.514243   2.12336   4.56738      3.3033 -0.00968587  -0.0417201 180.013       0       0 -0.13     0 -1.03 -0.0421662   0.158944 -0.0279815 -0.00139092  -0.0120301  -0.0058842 -0.0847496 -0.0521885  0.0285191  0.104671 0.0780274   9.80813 
             74.3878 -0.545899   2.13369   4.36804    3.28031  0.0721599 -0.0194038 180.013       0       0 -0.13     0 -1.03 -0.121869  0.253907 0.0560082 0.000561633   -0.011841 -0.00551824 -0.0852708  -0.056124   0.027075 0.103404 0.078276  9.80814 
             74.5876 -0.545764   2.12793   4.33228    3.34723  0.0691722 -0.0362758 180.013       0       0 -0.13     0 -1.03   0.074981   0.113871 0.00752197 9.15667e-05  -0.0125268 -0.00533982 -0.0938699 -0.0442803  0.0303762  0.107473 0.0809034   9.80808 
             74.9874 -0.565131   2.14617   4.42905  3.24039 0.113539 0.025741 180.013       0       0 -0.13     0 -1.03 -0.185836  0.145734   0.24742 -2.76939e-05   -0.0124434  -0.00548827 -0.0820262 -0.0478088  0.0295255  0.105916 0.0769962   9.80813 
             75.1874 -0.547815   2.11537   4.23254    3.40351   0.205463 -0.0343024 180.013       0       0 -0.13     0 -1.03    0.222833     0.32873 -0.00534961 0.000160391  -0.0130826 -0.00546535 -0.0901284 -0.0472887  0.0328445    0.106 0.079531   9.8081 
             75.3872 -0.573934   2.13486   4.37782    3.36492   0.241464 -0.0206084 180.013       0       0 -0.13     0 -1.03 -0.0219876   0.245848  0.0840765 -0.000126047   -0.0110098  -0.00558706 -0.0862565 -0.0477254  0.0323886  0.105817 0.0782559   9.80812 
             75.5857 -0.580708   2.13201   4.44355     3.3339   0.269004 -0.0215574 180.013       0       0 -0.13     0 -1.03  -0.12371  0.186836 0.0173307 -0.00019316   -0.010846 -0.00558596 -0.0835467 -0.0470465  0.0338499  0.105727 0.0772538   9.80813 
             75.9869 -0.592057   2.13191   4.55345   3.32345  0.408699 0.0485063 180.013       0       0 -0.13     0 -1.03 -0.123411  0.309165  0.349646 -0.000243267   -0.0105556  -0.00581433 -0.0911264 -0.0491093  0.0367221  0.105056 0.0796215   9.80811 
             76.1869 -0.653625   2.11462   4.25181    3.26438   0.483992 -0.0310304 180.013       0       0 -0.13     0 -1.03  -0.269117   0.328866 -0.0119082 -0.000330855   -0.0104053  -0.00565814 -0.0911174 -0.0497296  0.0414016  0.104374 0.0791663   9.80813 
             76.3853 -0.662521   2.11007   4.16117    3.27505   0.550778 -0.0322859 180.013       0       0 -0.13     0 -1.03 -0.159181  0.328347 0.0126618 -0.000461938    -0.012406  -0.00548311 -0.0946333 -0.0478054  0.0413729   0.10505 0.0804769   9.80811 
             76.5852 -0.618673   2.11557   4.09524    3.32445   0.582403 -0.0506761 180.013       0       0 -0.13     0 -1.03  0.0235152   0.232263 -0.0503145 -0.000493456   -0.0129934  -0.00533779  -0.102638 -0.0398523  0.0431767  0.107726 0.0824678   9.80806 
             76.9865 -0.655824   2.12246   4.04893   3.34614  0.720501 -0.135565 180.013       0       0 -0.13     0 -1.03 0.000952411    0.317932   -0.383946 -0.000326309   -0.0128321  -0.00526071  -0.104806 -0.0417756  0.0411155  0.107503 0.0833459   9.80806 
             77.1848 -0.803285   2.09467   4.11901    3.2796  0.830782 -0.064344 180.013       0       0 -0.13     0 -1.03  -0.171388   0.419919 -0.0547655 -0.000187622   -0.0120223  -0.00530848  -0.102317 -0.0432509  0.0359772  0.107462 0.0832149   9.80806 
             77.3862 -0.605072   2.06574   4.11959    3.31145   0.884883 -0.0920176 180.013       0       0 -0.13     0 -1.03 -0.0358599   0.318481  -0.121038 -0.00159186  -0.0139023 -0.00509248 -0.106132 -0.039382  0.037269   0.10866 0.0838207   9.80804 
             77.5861 -0.625083   2.07363   3.98575    3.33732   0.943872 -0.0793518 180.013       0       0 -0.13     0 -1.03  0.0449333   0.242107 -0.0286364 -0.00133491  -0.0140648 -0.00476431  -0.109639 -0.0383943  0.0325029  0.109631 0.0852638   9.80802 
             77.7861 -0.660723   2.05199   3.90499   3.33404   1.03296 -0.084808 180.013       0       0 -0.13     0 -1.03 -0.0443087   0.201966  -0.109812 -0.00130874  -0.0138574 -0.00460803  -0.110161 -0.0449508  0.0316375  0.107869 0.0858431   9.80803 
             77.9844 -0.665889   2.08406   3.80742    3.34597    1.09189 -0.0549816 180.013       0       0 -0.13     0 -1.03 -0.0180933   0.301516  0.0448776  -0.0013477  -0.0137979 -0.00459468  -0.112051 -0.0451286  0.0266135   0.10847 0.0866258   9.80802 
             78.1857 -0.662758   2.10058   3.90553    3.35795    1.17705 -0.0623338 180.013       0       0 -0.13     0 -1.03 0.00719835    0.31062  -0.010666 -0.00152942  -0.0135881 -0.00466477  -0.112584 -0.0456164  0.0269723  0.108358 0.0867777   9.80802 
             78.5854 -0.672523   2.09995   3.90709     3.3152    1.34294 -0.0470869 180.013       0       0 -0.13     0 -1.03 -0.162898  0.425935  0.105705 -0.00161895  -0.0133843 -0.00467394  -0.112555 -0.0469198  0.0278974  0.107935 0.0868019   9.80802 
             78.9852 -0.766717   2.03677   3.74185   3.21985   1.45518 -0.182247 180.013       0       0 -0.13     0 -1.03 -0.398573  0.196061 -0.451814 -0.00203684  -0.0135154 -0.00422339  -0.113838 -0.0457375  0.0319095  0.107958 0.0867835   9.80802 
             79.1865 -0.871827   1.99771   3.56706    3.32982    1.55207 -0.0933459 180.013       0       0 -0.13     0 -1.03 0.00832331   0.324968  -0.073348 -0.00183456  -0.0148746 -0.00415234  -0.117912 -0.0451511  0.0259946  0.108779 0.0883444     9.808 
             79.3863 -0.74595  2.11027  3.68649   3.40943   1.57826 -0.101227 180.013       0       0 -0.13     0 -1.03  0.192912  0.176541 -0.171788 -0.00303689  -0.0166895 -0.00418961  -0.121684 -0.0417935  0.0250434  0.109852 0.0890474   9.80798 
             79.5849 -0.734144   2.09231   3.62812   3.37208   1.65474 -0.127613 180.013       0       0 -0.13     0 -1.03 -0.0287974   0.233994  -0.317134 -0.00245976  -0.0157332 -0.00423084  -0.114588 -0.0494932  0.0224729  0.107782 0.0883274   9.80801 
              79.986 -0.699546   2.00798   3.66541   3.23752   1.74516 -0.116865 180.013       0       0 -0.13     0 -1.03  -0.31459 0.0872804 -0.102345 -0.00255603  -0.0154272 -0.00399953  -0.105409 -0.0544184  0.0104263  0.107028 0.0874512   9.80803 
             80.3845 -0.721135   2.05563   3.56281     3.3591    1.87199 -0.0393953 180.013       0       0 -0.13     0 -1.03    0.037327 -0.00916333    0.121141 -0.00177499  -0.0167358 -0.00389124  -0.111149 -0.0561801 0.00808187  0.107263 0.0889816   9.80801 
             80.5843 -0.724628   2.07177    3.6799    3.47133    1.89433 -0.0752529 180.013       0       0 -0.13     0 -1.03    0.2066 0.0222964 0.0209151 -0.00140856  -0.0178373 -0.00430311  -0.116678 -0.0558557  0.0116964  0.107501 0.0901362     9.808 
             80.9842 -0.740619   2.07265   3.67677    3.38324    1.90216 -0.0889571 180.013       0       0 -0.13     0 -1.03  0.0372632  0.0400399 -0.0211068 -0.00170411  -0.0187122 -0.00421353   -0.10353 -0.0589216  0.0147357  0.105405 0.0876555   9.80804 
             81.1841 -0.761547   2.10697   3.74942    3.31921    1.88511 -0.0598603 180.013       0       0 -0.13     0 -1.03 -0.0617824 -0.0411673  0.0569075  -0.0017706  -0.0182142 -0.00418222 -0.100773 -0.058819 0.0137456 0.105305 0.087118  9.80805 
              81.384 -0.739602   2.06401   3.46088    3.30855     1.9129 -0.0553328 180.013       0       0 -0.13     0 -1.03 -0.0904953  0.0287932  0.0614682 -0.000676663   -0.0180666  -0.00346969  -0.101402 -0.0608138  0.0143278  0.104815 0.0873395   9.80805 
             81.5852 -0.768326   2.07547   3.24658    3.16416    1.89527 -0.0662322 180.013       0       0 -0.13     0 -1.03  -0.449936 -0.0160996  0.0137702 -0.000986178   -0.0164513  -0.00327508 -0.0887865 -0.0621007  0.0175327  0.103293 0.0846247   9.80809 
             81.9837 -0.75153  2.05961  3.20976    2.95798     1.8741 -0.0803072 180.013       0       0 -0.13     0 -1.03  -0.576622 -0.0784163  -0.116581 -0.00101963  -0.0160523  -0.0030419 -0.0876006 -0.0617805   0.016945  0.103299 0.0844135   9.80809 
             82.1836 -0.773607   2.04335   2.89639     3.0719    1.87397 -0.0599128 180.013       0       0 -0.13     0 -1.03 -0.0324593 -0.0459071   0.010619 -0.00103603  -0.0161376 -0.00294854 -0.0946676 -0.0609011  0.0150666  0.104267 0.0855923   9.80807 
             82.3848 -0.772349   2.04642   2.78502    2.88388    1.87866 -0.0589124 180.013       0       0 -0.13     0 -1.03  -0.514124 -0.0126664  0.0144914 -0.000412677   -0.0134727  -0.00271859 -0.0907446 -0.0622949  0.0151294  0.103738 0.0852435   9.80808 
             82.9845 -0.755935   2.02078   2.73068    2.63158    1.87079 -0.0238967 180.013       0       0 -0.13     0 -1.03  -0.532914 -0.0448547  0.0643765 -0.000380284   -0.0135948  -0.00264796 -0.0965263 -0.0617283  0.0138796  0.104507 0.0858876   9.80807 
             83.1843 -0.73936  1.96766  2.50878    2.64413     1.8766 -0.0574786 180.013       0       0 -0.13     0 -1.03  -0.358421 -0.0347693 -0.0435003 -0.000249621   -0.0129937  -0.00210678   -0.10237 -0.0619054  0.0172044  0.104832 0.0863861   9.80806 
             83.3828 -0.746014   1.96891   2.45644    2.57763    1.87642 -0.0486226 180.013       0       0 -0.13     0 -1.03  -0.382039  -0.025709 -0.0412306 -0.000298837   -0.0127788   -0.0020107  -0.102486 -0.0620886  0.0139491  0.105155 0.0865419   9.80805 
             83.5828 -0.740559   1.96218   2.38372    2.51154    1.88093 -0.0389607 180.013       0       0 -0.13     0 -1.03   -0.398896 -0.00852317  -0.0257637 -0.000324592    -0.012537  -0.00170609  -0.104175 -0.0629908  0.0112288  0.105511 0.0868805   9.80805 
             83.9839 -0.750726   1.94947   2.24916    2.44134    1.83497 -0.0753786 180.013       0       0 -0.13     0 -1.03 -0.262886 -0.115699 -0.177158 -0.000150653   -0.0120021  -0.00149714   -0.11234 -0.0588282  0.0095728  0.106833 0.0870524   9.80803 
             84.1826 -0.743363   1.92955   2.15811    2.32923    1.89141 -0.0422066 180.013       0       0 -0.13     0 -1.03  -0.415712  0.0636587 -0.0669328 0.000320448  -0.0116588 -0.00146114  -0.110494 -0.0613006 0.00714824  0.106677 0.0872984   9.80803 
             84.5836 -0.747743   1.93004   2.22712     2.1603    1.86563 -0.0387584 180.013       0       0 -0.13     0 -1.03  -0.477827 -0.0449187 -0.0123283 -0.00059411  -0.0117661 -0.00143588  -0.110771 -0.0595815  0.0062904  0.106813 0.0871372   9.80803 
             84.9821 -0.754024   1.91791   1.99545   2.06083   1.86168 -0.120087 180.013       0       0 -0.13     0 -1.03  -0.464664 -0.0970136  -0.411799 -0.000468958   -0.0115466  -0.00108296  -0.117577 -0.0607854 0.00501242  0.107605 0.0875805   9.80802 
             85.1819 -0.740587   1.87802    1.7386    2.03995    1.88477 -0.0344972 180.013       0       0 -0.13     0 -1.03   -0.307804  0.00828984 -0.00455342 -0.000418413   -0.0116563 -0.000962427    -0.118979   -0.0615088 -0.000371018 0.108097 0.087885  9.80801 
             85.5831 -0.755487   1.88513   1.65922    1.93972    1.82867 -0.0191344 180.013       0       0 -0.13     0 -1.03  -0.292418  -0.113945 -0.0105338  -0.00148797   -0.0121199 -0.000817447    -0.120035   -0.0595263 -0.000888152  0.108246 0.0877228   9.80801 
             85.7817 -0.749698   1.89226   1.63051   1.78697   1.88978 -0.035496 180.013       0       0 -0.13     0 -1.03  -0.342766   0.101606 -0.0639293  -0.00112316   -0.0114224 -0.000794798   -0.112301  -0.0665489 0.000649798  0.107469 0.0885732   9.80801 
             85.9829 -0.725437   1.86017   1.53087    1.75184     1.8868 -0.0291067 180.013       0       0 -0.13     0 -1.03 -0.276855 0.0167378 0.0234045 -0.00101082  -0.0112475 -0.00077713   -0.114692  -0.0650048 -0.00122243  0.107797 0.0883809   9.80801 
             86.1829 -0.744097   1.85884   1.43918    1.69315    1.88786 -0.0292937 180.013       0       0 -0.13     0 -1.03  -0.309388 0.00950706 0.00480763 -0.000967095   -0.0112076 -0.000759187   -0.114699  -0.0649585 -0.00113624  0.107793 0.0883742   9.80801 
             86.3827 -0.721528   1.83747   1.49632   1.65612   1.86858 -0.026579 180.013       0       0 -0.13     0 -1.03   -0.27118 -0.0575184  0.0232479 -0.000995002   -0.0111457 -0.000967902    -0.116429    -0.063665 -0.000949535  0.107901 0.0881689   9.80801 
             86.5813 -0.712738   1.78414   1.37009    1.52882    1.87886 -0.0187691 180.013       0       0 -0.13     0 -1.03   -0.467938 -0.00193592 -0.00846273  -0.00109942   -0.0107494 -0.000551622   -0.106289   -0.067177 -0.00160286  0.107066 0.0889633   9.80801 
             86.9824 -0.740562   1.80161   1.22236    1.36467    1.86201 -0.0421539 180.013       0       0 -0.13     0 -1.03  -0.476818 -0.0297331 -0.0977427  -0.00104994   -0.0107146 -0.000230291   -0.109068  -0.0652933 -0.00183952  0.107295 0.0886823   9.80801 
             87.1823 -0.736457   1.79269   1.00034    1.27893    1.87954 -0.0269335 180.013       0       0 -0.13     0 -1.03    -0.488586    0.0287352 -0.000994219 -0.000838812   -0.0106603 -0.000102413   -0.109323  -0.0661954 -0.00328722  0.107445 0.0887871   9.80801 
             87.3809 -0.775099     1.798  0.901598    1.22929    1.87302 -0.0272313 180.013       0       0 -0.13     0 -1.03  -0.404111 -0.0203619 -0.0453333 -0.00117154  -0.0123453  1.6744e-05    -0.11298  -0.0655443 -0.00437709    0.1078 0.0884297   9.80801 
             87.9819 -0.758002   1.78313  0.831219   0.952004    1.87459 -0.0201847 180.013       0       0 -0.13     0 -1.03   -0.477848  -0.0182334 -0.00724619 -0.00105187  -0.0120329 0.000207182   -0.111628   -0.067225 -0.00670679  0.107956 0.0887413     9.808 
             88.1804 -0.750681   1.75174  0.688201    0.98697    1.88757 -0.0140199 180.013       0       0 -0.13     0 -1.03  -0.220451 0.00574432  0.0372482 -0.00102703  -0.0114113 0.000447999   -0.116965  -0.0685097 -0.00790795   0.10864 0.0883855     9.808 
             88.5816 -0.735821     1.723  0.534761  0.823497   1.92495 0.0352051 180.013       0       0 -0.13     0 -1.03  -0.40029 0.0468184  0.156736 -0.00103968  -0.0114466 0.000825033   -0.114474  -0.0697498 -0.00781601 0.108558 0.088772    9.808 
             88.7815 -0.761824   1.70319  0.418067    0.655506     1.89369 -0.00224351 180.013       0       0 -0.13     0 -1.03  -0.706272 -0.0329365 -0.0419481 -0.00125123   -0.010772  0.00111584   -0.109074  -0.0664471 0.000236034  0.107373 0.0890425   9.80801 
               88.98 -0.669163   1.65606  0.288955   0.650063    1.84586 -0.0052819 180.013       0       0 -0.13     0 -1.03  -0.311034  -0.174196 -0.0405284 -0.00123144  -0.0111946  0.00111097    -0.11766  -0.0652502 -0.00145456  0.107951 0.0877899   9.80801 
             89.3812 -0.721759   1.68001  0.180425   0.484332    1.93571 -0.0309394 180.013       0       0 -0.13     0 -1.03   -0.40646  0.0718006 -0.0570792 -0.00145803  -0.0110774  0.00134263   -0.116944  -0.0672354 -0.00124041  0.108196 0.0880591   9.80801 
             89.5811 -0.722983   1.65552  0.168327    0.357718     1.91349 -0.00326892 180.013       0       0 -0.13     0 -1.03  -0.518818 -0.0123565  0.0299431 -0.0014972 -0.0107505 0.00138987   -0.114292  -0.0644311 -0.00368874  0.107612 0.0882846   9.80801 
             89.7796     -0.71619       1.6555 -0.000611083   0.322938     1.9063 -0.0153593 180.013       0       0 -0.13     0 -1.03  -0.310242 -0.0805896 -0.0180053 -0.00147624  -0.0109818   0.0015951   -0.121546  -0.0652022 -0.00145859  0.108184 0.0871076   9.80802 
             89.9809 -0.719557    1.6353 -0.122158    0.256098     1.92109 -0.00710393 180.013       0       0 -0.13     0 -1.03  -0.339334 0.00835149 0.00697156 -0.0014982 -0.0109819 0.00161557   -0.120965  -0.0680043 -0.00332702  0.108665 0.0874149   9.80801 
             90.1808 -0.696236   1.62665  -0.24295    0.140579     1.93464 -0.00260792 180.013       0       0 -0.13     0 -1.03 -0.478178 0.0330756  0.003291 -0.00160186  -0.0108413  0.00187192    -0.12012  -0.0680264 -0.00338815  0.108618 0.0875722   9.80801 
             90.3808 -0.706075   1.60675 -0.272938 0.0911859   1.90766   0.00538 180.013       0       0 -0.13     0 -1.03 -0.375721 -0.059373  0.030436 -0.00142975  -0.0105728  0.00192255    -0.12611  -0.0646021 -0.00374978  0.108329 0.0862474   9.80802 
             90.5806 -0.732858   1.60758 -0.425625   0.0148091     1.91416 -0.00528981 180.013       0       0 -0.13     0 -1.03  -0.395124 -0.0210692 -0.0364315 -0.00145086  -0.0107127  0.00220768   -0.125702  -0.0675095 -0.00151694  0.108851 0.0864853   9.80801 
             90.9804 -0.726936   1.59469 -0.524159 -0.169481   1.92011 0.0877809 180.013       0       0 -0.13     0 -1.03  -0.486996 -0.0158687   0.391456 -0.00136197  -0.0107052  0.00220622   -0.123232  -0.0691535 -0.00412569  0.109082 0.0870889   9.80801 
             91.1803 -0.693621   1.58572 -0.589786  -0.245448    1.94157 0.00194686 180.013       0       0 -0.13     0 -1.03  -0.453356  0.0184511 0.00697326 -0.00115266  -0.0107655  0.00222945   -0.123763  -0.0702861 0.000870457  0.109296 0.0870241   9.80801 
             91.3789 -0.700831   1.56932 -0.742009  -0.292243    1.93255 0.00691799 180.013       0       0 -0.13     0 -1.03  -0.356914 -0.0190552  0.0173384 -0.0014534 -0.0116613 0.00248386   -0.126102  -0.0698912 0.000715583  0.109299 0.0864821   9.80801 
             91.5801 -0.696011    1.5633 -0.848855  -0.391686    1.93976 0.00842528 180.013       0       0 -0.13     0 -1.03  -0.442077 0.00201481  0.0315521 -0.00135876  -0.0113457  0.00267355    -0.12245  -0.0712714 0.000743197 0.109468 0.087354    9.808 
             91.9799 -0.689949   1.55317 -0.941102  -0.626164    1.94311 -0.0212633 180.013       0       0 -0.13     0 -1.03  -0.632047 -0.0270437  -0.188762 -0.00132886  -0.0112188  0.00285331   -0.118762  -0.0714381 0.000563049  0.109381 0.0882125   9.80799 
             92.1785 -0.700393   1.53975  -1.04802  -0.659478    1.95674 -0.0224207 180.013       0       0 -0.13     0 -1.03   -0.628756 -0.00285376   -0.119147 -0.00126921  -0.0116464  0.00287894    -0.121848   -0.0728651 -0.000758595  0.109824 0.0875153   9.80799 
             92.3797 -0.694571   1.53853  -1.11698   -0.786164     1.95021 -0.00714543 180.013       0       0 -0.13     0 -1.03  -0.796202  -0.118835 -0.0134965 -0.00124604  -0.0127105    0.002831  -0.122976 -0.0729437 -0.0020182 0.109827 0.087246    9.808 
             92.9781 -0.829719   1.68345  -1.06216   -1.0627   1.80148 0.0775986 180.013       0       0 -0.13     0 -1.03 -0.624856 -0.318237  0.245861 -0.00070956  -0.0137198  0.00273846   -0.135914  -0.0786952 -0.00555869  0.111474 0.0840951   9.80801 
             93.1794 -0.667437   1.53092  -1.12189 -0.596096   1.69786 0.0214145 180.013       0       0 -0.13     0 -1.03   0.395267  -0.471966 -0.0236914 -0.000355098  -0.00895856   0.00233865    -0.156795   -0.0836244 -0.000593853  0.112833 0.0789767   9.80803 
             93.5791 -0.703233   1.55552  -1.05644  -0.563203    1.58882 -0.0126603 180.013       0       0 -0.13     0 -1.03  0.188735 -0.416943 -0.119662  0.00118316 -0.00728972  0.00214804   -0.153119  -0.0852447 0.000233864  0.113195 0.0800584   9.80802 
              93.979 -0.674542   1.52598  -0.95848  -0.605566    1.34393 -0.0655345 180.013       0       0 -0.13     0 -1.03 -0.0320693  -0.666891  -0.438868 0.00078883 -0.0062824 0.00176212   -0.147654  -0.0811122 -0.00412719   0.11214 0.0813525   9.80802 
             94.1789 -0.660368   1.53602 -0.763238  -0.75531    1.3572 0.0200934 180.013       0       0 -0.13     0 -1.03   -0.39987  -0.260028 0.00712129 0.000958072 -0.00598873  0.00172509   -0.143439  -0.0830849 -0.00917886  0.112638 0.0825085   9.80801 
             94.3787 -0.646797   1.52942 -0.952161 -0.737103   1.26281 0.0243577 180.013       0       0 -0.13     0 -1.03 -0.183361 -0.392174 0.0126295 0.000284223 -0.00669029  0.00208308   -0.146194  -0.0824052 -0.00920896  0.112611 0.0819814   9.80801 
             94.5786 -0.655741   1.52186 -0.872169  -0.64928   1.19259 0.0314817 180.013       0       0 -0.13     0 -1.03 0.0984098 -0.348107  0.056372 0.000254386  -0.0069429  0.00174767   -0.162283  -0.0848344 -0.00840787  0.113666 0.0787318   9.80803 
             94.7786 -0.648497   1.52411 -0.739867 -0.663356   1.11764 0.0382403 180.013       0       0 -0.13     0 -1.03 -0.0618408  -0.364023 -0.0936603 0.000309883 -0.00683228  0.00140646   -0.157385  -0.0829435 -0.00680206  0.113109 0.0797503   9.80802 
             95.1784 -0.647905   1.52378 -0.710261 -0.780999  0.967053 0.0295572 180.013       0       0 -0.13     0 -1.03 -0.234424 -0.362743 0.0308376 0.000348651  -0.0065233  0.00140194   -0.149785  -0.0819312 -0.00654827   0.11269 0.0814507   9.80801 
             95.3783 -0.582891   1.52797 -0.638345   -0.737835    0.858599 0.000860517 180.013       0       0 -0.13     0 -1.03 -0.0301684    -0.4446  -0.201957 7.46445e-05 -0.00620964  0.00142633  -0.151287  -0.081649 -0.0065888  0.112686 0.0811448   9.80802 
             95.5782 -0.604741   1.54079 -0.851934  -0.665758   0.787768 0.00487821 180.013       0       0 -0.13     0 -1.03  0.165227 -0.445759 -0.135615 0.000395811   -0.006888  0.00151177  -0.159546 -0.0861523 -0.0138367  0.113906 0.0798793   9.80801 
             95.7782 -0.611062   1.51648 -0.664383 -0.714343  0.728346  0.018373 180.013       0       0 -0.13     0 -1.03 -0.00966123   -0.242931    0.507647 0.000616399 -0.00588191  0.00106686  -0.147044 -0.0879157  -0.019389   0.11382 0.0824166   9.80799 
             96.3781 -0.585086   1.51441 -0.560912 -0.786678  0.552313  0.407111 180.013       0       0 -0.13     0 -1.03 -0.138561 -0.317772  0.587364 0.000594439 -0.00585806  0.00102813  -0.144698 -0.0862227 -0.0228033  0.113388 0.0828368   9.80799 
              96.579 -0.570859   1.47829 -0.660992 -0.801108  0.401236 0.0481244 180.013       0       0 -0.13     0 -1.03  -0.101093    -0.4942 -0.0143312 0.000674172 -0.00565629  0.00125689  -0.145163 -0.0852388 -0.0157664 0.113242 0.082739    9.808 
             96.9777 -0.541753   1.50054 -0.565456 -0.697675  0.311528  0.138743 180.013       0       0 -0.13     0 -1.03 0.0826446  -0.23018  0.644404  0.00158357 -0.00645929 0.000876522  -0.154319 -0.0926317   -0.01136 0.114922 0.081499  9.80799 
             97.1776 -0.511124   1.45983 -0.463118  -0.81085  0.204776 0.0993005 180.013       0       0 -0.13     0 -1.03 -0.249138 -0.447445  0.236988  0.00146598 -0.00611437 0.000804646   -0.150884   -0.090231 -0.00567213  0.114477 0.0821374   9.80799 
             97.3787 -0.537923   1.49399 -0.318242  -0.78417  0.133556 0.0366695 180.013       0       0 -0.13     0 -1.03  -0.0613661   -0.372374 0.000864223  0.00149927 -0.00754995 0.000588025   -0.153579  -0.0910067 -0.00410479  0.114986 0.0818207   9.80798 
             97.5786 -0.540443   1.49088  -0.32781  -0.80453 0.0554318  0.049269 180.013       0       0 -0.13     0 -1.03 -0.122844 -0.404354 0.0708855  0.00115066 -0.00730958 0.000626645   -0.152863  -0.0906081 -0.00483646  0.114875 0.0819099   9.80799 
             97.7785   -0.5197   1.49072 -0.436749  -0.831246 -0.0333771  0.0391884 180.013       0       0 -0.13     0 -1.03 0.00556886  -0.507252  0.0795702  0.00126071 -0.00698329 0.000918111   -0.152438  -0.0893368 -0.00110073  0.114703 0.0819271   9.80799 
             97.9757  -0.50676   1.50062 -0.304229 -0.772481 -0.109328 0.0498016 180.013       0       0 -0.13     0 -1.03  0.124749 -0.412725  0.166808  0.00128725 -0.00690151 0.000895045   -0.161142  -0.0937283 0.000945241  0.115722 0.0810412   9.80798 
             98.1756  -0.52731   1.49078 -0.254108 -0.772862 -0.171277 0.0698664 180.013       0       0 -0.13     0 -1.03 0.0297526 -0.329263  0.073076  0.00133801 -0.00710487 0.000655119  -0.160647 -0.0938964  0.0011766  0.115724 0.0811203   9.80798 
              98.577 -0.512322   1.48461 -0.174877 -0.883701 -0.353985 0.0677624 180.013       0       0 -0.13     0 -1.03 -0.195975 -0.419493  0.103553  0.00153104 -0.00743327 0.000659784  -0.154164  -0.092742 0.00422657  0.115321 0.0819695   9.80798 
             98.7754 -0.524241   1.48995 -0.104617 -0.826419 -0.404787 0.0554313 180.013       0       0 -0.13     0 -1.03 -0.180558 -0.285089  0.322574  0.00156113 -0.00742901 0.000560742  -0.162916 -0.0967821 0.00855707  0.116357 0.0811341   9.80797 
             99.5763 -0.514323   1.49953 -0.266927 -0.991924 -0.413011 0.0481575 180.013       0       0 -0.13     0 -1.03   -0.314516 0.000827028  -0.0642458  0.00152095 -0.00739024 0.000602708  -0.164999 -0.0988115  0.0129434  0.116769 0.0810303   9.80797 
             99.7762 -0.487807   1.51373  0.100281 -0.869725 -0.742828 0.0298534 180.013       0       0 -0.13     0 -1.03 -0.121933 -0.279087  0.130939  -0.0015805  -0.0083345 8.51694e-05   -0.16666 -0.0961296  0.0130159  0.116472 0.0807053   9.80798 
             100.177 -0.442764   1.48106  0.133092 -0.962422 -0.817621  0.151298 180.013       0       0 -0.13     0 -1.03 -0.243121 -0.154417  0.313033  -0.0015043 -0.00726211 8.38784e-05  -0.165618 -0.0958622  0.0100696  0.116552 0.0809689   9.80797 
             100.376 -0.443334   1.48418  0.162009 -0.919416 -0.751602 0.0378421 180.013       0       0 -0.13     0 -1.03  -0.241606 0.00547572  0.0190426 -0.000865618  -0.00760746  9.78323e-05  -0.167156 -0.0975582   0.013175  0.116771 0.0809254   9.80797 
             100.576  -0.443211    1.50661 -0.0920865 -0.939547 -0.705442 0.0308366 180.013       0       0 -0.13     0 -1.03   -0.322147    0.127809 -0.00817273 0.000811598  -0.0100979 0.000294635 -0.173023 -0.103184 0.0155047  0.117555 0.0808182   9.80796 
             100.977 -0.453054    1.7546 0.0278929 -0.851643 -0.717079 0.0239861 180.013       0       0 -0.13     0 -1.03   -0.20359  0.0771306 -0.0176186  0.000891546    -0.012411 -3.48379e-05  -0.203556 -0.0963539  0.0147012  0.118425 0.0776894   9.80798 
             101.374 -0.585488   2.92415  0.404965 -0.0812489  -0.767041   0.376094 180.013       0       0 -0.13     0 -1.03    1.17797 -0.0689198   0.571852  0.000946037   -0.0129757 -0.000111496  -0.221819 -0.0974875 0.00650325  0.119428 0.0757663   9.80798 
             101.575 -0.623284   2.96079  0.778339 -0.241064 -0.705838  0.157943 180.013       0       0 -0.13     0 -1.03  0.406613  0.103509 0.0126027  0.00278555 -0.00640294 -0.00083068  -0.217056 -0.0998841  0.0122713  0.117107 0.0761807   9.80801 
             101.975 -0.695592   2.93175  0.842714 -0.0970457  -0.735479   0.139861 180.013       0       0 -0.13     0 -1.03    0.40562 -0.0687855  0.0861196  0.00177687  -0.0060382 -0.00101972 -0.216459   -0.0939 0.0178626  0.115831 0.0758962   9.80802 
             102.174 -0.434281   1.65944   1.12186 -0.0987463  -0.754068 -0.0391508 180.013       0       0 -0.13     0 -1.03   0.158395 -0.0804714  -0.429217  0.00167382 -0.00583433 -0.00105932  -0.214961 -0.0936357  0.0252066 0.114833 0.075824  9.80803 
             102.375 -0.412319   1.60021   1.35832    0.0439224    -0.763965 -0.000952215 180.013       0       0 -0.13     0 -1.03    0.42842 -0.0513759  -0.112213  0.00154712 -0.00609838 -0.00153396  -0.216177 -0.0933762   0.026683  0.114169 0.0758623   9.80804 
             102.576 -0.409449   1.62571     1.292  0.126559 -0.742734 0.0262474 180.013       0       0 -0.13     0 -1.03  0.393436 0.0246721 -0.044004  0.00156204  -0.0062292 -0.00134516  -0.215646 -0.0980689  0.0203123  0.113849 0.0759932   9.80804 
             102.975 -0.440594   1.63324   1.32444  0.270056 -0.765638  0.086357 180.013       0       0 -0.13     0 -1.03   0.357276 -0.0131613   0.381514   0.0013192 -0.00623002 -0.00145083  -0.214627 -0.0936575  0.0189191   0.11386 0.0757501   9.80805 
             103.175 -0.428398   1.65395   1.63597  0.477799 -0.735298 0.0687261 180.013       0       0 -0.13     0 -1.03 0.692396 0.091407 0.125717  0.00136891 -0.00663863 -0.00153308  -0.219401 -0.0945876  0.0215752  0.114106 0.0758802   9.80804 
             103.974 -0.436897   1.67273   1.81619    0.846584   -0.682448 0.000860129 180.013       0       0 -0.13     0 -1.03  0.494335  0.156249 -0.149458  0.00111889 -0.00549656 -0.00187743  -0.218467 -0.0945278  0.0215872  0.114112 0.0758722   9.80804 
             104.374 -0.547565   1.95449   2.19255   1.09976 -0.757877 0.0231548 180.013       0       0 -0.13     0 -1.03   0.572204 -0.0250048 -0.0948865  0.00254064 -0.00490333 -0.00219526  -0.218628 -0.0925218  0.0169918  0.114237 0.0757703   9.80804 
             104.975 -0.498585   1.77646   2.45673    1.27114  -0.764234 -0.0139248 180.013       0       0 -0.13     0 -1.03  0.422249 0.0884926 -0.363333  0.00235455 -0.00547662 -0.00257345  -0.217195 -0.0924585  0.0165831  0.114207 0.0756935   9.80804 
             105.175 -0.486116   1.74014   2.73295    1.36498  -0.701963 -0.0102407 180.013       0       0 -0.13     0 -1.03  0.416473  0.185182 -0.152579  0.00161465 -0.00533875 -0.00273366  -0.217937 -0.0939572  0.0118157  0.114134 0.0758276   9.80804 
             105.374 -0.457905   1.83273   2.82352  1.52225 -0.74028 0.024129 180.013       0       0 -0.13     0 -1.03    0.614793 -0.00145571     0.02008   0.0021069 -0.00452314 -0.00266442  -0.217448 -0.0948593  0.0120585  0.113955 0.0757866   9.80805 
             105.574 -0.480908   1.85108   2.95549   1.64625 -0.756164 0.0289912 180.013       0       0 -0.13     0 -1.03   0.611965 -0.0261245   0.011248   0.0019656 -0.00428784 -0.00303067  -0.217646 -0.0920964  0.0121226 0.114286 0.075735  9.80804 
             106.173 -0.498426   1.85411    2.9387     1.7251  -0.653107 -0.0619672 180.013       0       0 -0.13     0 -1.03 0.0552481  0.157772 -0.218745  0.00202224  -0.0044072 -0.00308201 -0.198279 -0.103598  0.014867 0.112281 0.073632  9.80808 
             106.373 -1.1887 2.91938  3.0725    2.13301  -0.670729 -0.0914893 180.013       0       0 -0.13     0 -1.03  0.785617 0.0621243 -0.168585  0.00143279 -0.00688825 -0.00316534 -0.206435 -0.101266 0.0142673  0.112797 0.0745818   9.80807 
             106.575 -1.12093  2.77855  3.17673    2.13398  -0.703136 -0.0295769 180.013       0       0 -0.13     0 -1.03  0.363069 -0.062469 0.0514373 -0.000723248   0.00248811  -0.00333715  -0.196573 -0.0993635  0.0086384  0.113889 0.0748681   9.80805 
             106.973 -0.889665   2.62771    3.3511   2.26276 -0.743675  0.100035 180.013       0       0 -0.13     0 -1.03  0.358298 -0.174639  0.403272 -0.000944442   0.00314981  -0.00348675  -0.193783 -0.0988071 0.00326658  0.114522 0.0750811   9.80804 
             107.374 -0.461071   1.91151   3.66426   2.55502 -0.815695 0.0507443 180.013       0       0 -0.13     0 -1.03  0.590209 -0.181902 0.0347457 -0.000877893   0.00291056  -0.00363727  -0.198205 -0.0985898  0.0077946  0.114278 0.0754497   9.80804 
             107.574 -0.54687   1.9861  3.94191     2.53817   -0.701942 -0.00956798 180.013       0       0 -0.13     0 -1.03  0.319237  0.105739 -0.169614 2.08921e-05   0.0037204 -0.00413846  -0.195854  -0.102499 0.00862077    0.1138 0.0752795   9.80805 
             107.773 -0.480654   2.00047   3.95997    2.66977  -0.699033 -0.0240083 180.013       0       0 -0.13     0 -1.03   0.505763 -0.0060316   0.120888 -0.000371968   0.00276424  -0.00433732  -0.206578 -0.0963549 0.00488858  0.114956 0.0771549   9.80802 
             107.974 -0.481159   2.00747   4.04559   2.79162 -0.708072 0.0188728 180.013       0       0 -0.13     0 -1.03   0.557999 -0.0169709   0.173296 -0.000475479    0.0025631  -0.00433699  -0.209413 -0.0932804 0.00487475  0.115513 0.0776581   9.80801 
             108.174 -0.522176   2.03531   4.24877   2.92466 -0.731858 0.0180839 180.013       0       0 -0.13     0 -1.03  0.600048 -0.083377 0.0314975 -0.000634485   0.00254957  -0.00480405  -0.209968 -0.0926052 0.00568329  0.115623 0.0777568   9.80801 
             108.574 -0.504892   2.03891   4.49802    3.00076  -0.709382 0.00674004 180.013       0       0 -0.13     0 -1.03    0.33741  0.0306659 -0.0183549 -0.00110578  0.00182437 -0.00516115  -0.196582  -0.102843 0.00715057  0.113724 0.0752094   9.80805 
             109.173 -0.495829   2.06634   4.38367   3.27246 -0.661129 0.0984701 180.013       0       0 -0.13     0 -1.03 0.296216 0.101659 0.291234 -0.000536826  0.000396592   -0.0050439  -0.204087  -0.102556 0.00676054  0.113692 0.0767609   9.80804 
             109.373 -0.502532   2.10046   4.81678    3.44059  -0.686254 -0.0172138 180.013       0       0 -0.13     0 -1.03   0.722916  0.0327705 -0.0877361 -0.000784032 -5.03972e-05  -0.00516208 -0.205507 -0.101427  0.010461  0.113804 0.0770923   9.80804 
             109.573 -0.494513   2.07834   4.91269    3.53466  -0.668784 -0.0178692 180.013       0       0 -0.13     0 -1.03   0.730133  0.0837876 -0.0678886 -7.40109e-05   0.00428882  -0.00498551  -0.200069  -0.103677 0.00970996  0.113542 0.0761218   9.80805 
             109.773 -0.578607   1.96465   4.71999    3.71079  -0.654229 -0.0331778 180.013       0       0 -0.13     0 -1.03  0.913195  0.077627 -0.123157 7.52504e-05  0.00440257 -0.00465771  -0.204191  -0.101813 0.00979428  0.113857 0.0770646   9.80804 
             109.973 -0.0940211   0.621685    4.65361   3.38089 -0.698841 0.0466269 180.013       0       0 -0.13     0 -1.03   -0.188209 -0.00604756      0.0663 -0.000502259   0.00801201  -0.00465342   -0.102186   -0.123168 -0.00743839  0.112571 0.0539565   9.80821 
             110.373 -0.0334068   0.536485    4.78522    3.1777 -0.678222 0.0982613 180.013       0       0 -0.13     0 -1.03 -0.419442  0.250017   0.13493 -0.000471531   0.00780062  -0.00474457 -0.0994325  -0.123077 -0.0077457  0.112637 0.0533799   9.80821 
             110.572 -0.084245  0.553381   4.50523   3.33779 -0.638604 0.0734834 180.013       0       0 -0.13     0 -1.03 0.0482387  0.273073 0.0258681 -0.000779585   0.00638315  -0.00430004   -0.116817   -0.115677 -0.00370747  0.114285 0.0572147   9.80817 
             110.773 -0.0636409   0.554711     4.6782   3.34093 -0.557814  0.027604 180.013       0       0 -0.13     0 -1.03 0.0612767  0.369797 -0.475409 0.000184774  0.00654152 -0.00434676  -0.115985  -0.120237 0.00672936  0.114293 0.0574423   9.80817 
             110.973 -0.0696541   0.560471    4.56988    3.32653  -0.449222 -0.0196766 180.013       0       0 -0.13     0 -1.03  0.068506  0.525022 -0.225737 0.000432444  0.00669333 -0.00432208    -0.11431   -0.127316 -0.00991622  0.111557 0.0561641    9.8082 
             111.173 -0.0874985   0.550912    4.47076   3.30177 -0.382781 0.0319651 180.013       0       0 -0.13     0 -1.03 0.00296575   0.366462  0.0174729 0.000403276  0.00655881 -0.00425685    -0.1132  -0.126803 -0.0122688   0.11148 0.0558486   9.80821 
             111.373 -0.0641785    0.55991    4.41811   3.36216 -0.317267 0.0578244 180.013       0       0 -0.13     0 -1.03 0.171731 0.418781 0.198898 0.000720655  0.00704773  -0.0041968  -0.115171  -0.125538 -0.0126532  0.111668 0.0562016    9.8082 
             111.572 -0.056297   0.55369   4.43436   3.35822 -0.223283 0.0774356 180.013       0       0 -0.13     0 -1.03 0.0884612  0.435947  0.218024  0.00134879  0.00647345 -0.00427111   -0.110288   -0.129538 -0.00846939  0.111282 0.0555263   9.80821 
             112.171 -0.104301  0.543915   4.43475   3.27592 0.0408674  0.378382 180.013       0       0 -0.13     0 -1.03 -0.11396 0.344591 0.930936  0.00204221  0.00654422 -0.00407743 -0.0988325  -0.135891 0.00191854 0.111014 0.054161  9.80822 
             112.972 -0.247198  0.593942   4.28486  3.43308 0.234654 0.184223 180.013       0       0 -0.13     0 -1.03  0.236821  0.126104 -0.546449 0.00139551 0.00599444 -0.0040186 -0.0994933  -0.134099  0.0116241  0.112037 0.0545893   9.80821 
             113.372 -0.233014  0.564565   4.19999   3.27145  0.532536 -0.237612 180.013       0       0 -0.13     0 -1.03 -0.030706  0.428453 -0.846399 -0.000812652   0.00396625  -0.00385229 -0.097369 -0.137081  0.018988   0.11197 0.0541307   9.80821 
             113.572 -0.150105  0.554108   3.95317    3.35195   0.525178 -0.0320767 180.013       0       0 -0.13     0 -1.03   0.11364  0.175426 -0.314646  0.00131812  0.00567217 -0.00341261 -0.0984527  -0.137452  0.0119338   0.11125 0.0539237   9.80822 
             113.771 -0.145631  0.550036   4.05356     3.33163    0.630158 -0.00921027 180.013       0       0 -0.13     0 -1.03 0.0703222  0.591109  -0.32168  0.00248609  0.00604827 -0.00360567  -0.0938588   -0.153655 -0.00957027  0.107159 0.0527079   9.80827 
             114.571 -0.163279  0.560333   3.97984   3.37632   1.16368 0.0313255 180.013       0       0 -0.13     0 -1.03  0.112407  0.712657 0.0420954  0.00235708  0.00625904 -0.00362553 -0.0885686  -0.152331 -0.0285922  0.105793 0.0513959   9.80829 
             114.771 -0.179234   0.54192   3.68751 3.38347 1.03621 0.02276 180.013       0       0 -0.13     0 -1.03 0.0749103  0.494427  0.436523 -0.000393776   0.00700075  -0.00334893 -0.0874356  -0.149235  -0.028333  0.106218 0.0512408   9.80829 
             115.371 -0.196862  0.558226   3.77874   3.36175   1.39423 0.0856586 180.013       0       0 -0.13     0 -1.03 0.0688099  0.790337  0.214119 -0.00136641   0.0109644 -0.00334632 -0.084198 -0.148984  -0.01622   0.10673 0.0508986   9.80829 
             115.971 -0.21853 0.582544  3.48263   3.29335   1.58906 0.0508353 180.013       0       0 -0.13     0 -1.03 -0.0713632   0.463237  -0.147458 -0.00218107   0.0112806 -0.00319982 -0.0829139  -0.147062 -0.0146525  0.107022 0.0507647   9.80828 
             116.171 -1.89776 0.130807  3.34899   3.28483   1.74687 -0.175219 180.013       0       0 -0.13     0 -1.03 -0.0258084   0.535606  -0.589347 -0.00240096   0.0115289 -0.00303484  -0.0824546   -0.149891 -0.00142346  0.107746 0.0506923   9.80828 
              116.37 -1.87759 0.154811  3.43244   3.33074   1.77251 -0.144805 180.013       0       0 -0.13     0 -1.03  0.150302  0.266468 -0.312095 0.000834812   0.0124029 -0.00322392  -0.0841002   -0.146407 -0.00685854  0.107422 0.0518468   9.80827 
              117.17 -1.9818 0.33827 3.28168   3.39574   2.13344 -0.416776 180.013       0       0 -0.13     0 -1.03  0.069878    0.2108 -0.550355  0.00157367   0.0126146 -0.00285635  -0.0826503    -0.15824 -0.00945832  0.106169 0.0522288   9.80829 
              117.37 -1.93793 0.257445  3.26118   3.25537   2.09978 -0.164591 180.013       0       0 -0.13     0 -1.03  -0.221996 -0.0455512 -0.0762329  0.00196896   0.0110682 -0.00292856 -0.0808684   -0.15487 -0.0257728  0.104708 0.0538767   9.80829 
              117.57 -1.97464 0.276033  3.21785   3.27013   2.22889 -0.122786 180.013       0       0 -0.13     0 -1.03 -0.0690479    0.23079   0.178624 0.00871963 0.00801377  -0.002629 -0.0824658  -0.158065 -0.0271882   0.10447 0.0541167   9.80829 
              117.77  -1.9921 0.286145  3.14576    3.2962   2.29987 -0.100642 180.013       0       0 -0.13     0 -1.03 0.0944125  0.150748 -0.180998  0.00913747  0.00692719 -0.00237297 -0.0890781  -0.161874 -0.0259471  0.104468 0.0545292   9.80829 
              118.17 -1.98115 0.272171  3.33715  3.49196  2.33491 -0.18453 180.013       0       0 -0.13     0 -1.03  0.404184 0.0513647 -0.225591  0.00913997  0.00616965 -0.00235257  -0.110516  -0.156096 -0.0269923  0.105205 0.0561021   9.80828 
              118.37 -1.99549 0.303831  3.35868   3.34045    2.2654 -0.164556 180.013       0       0 -0.13     0 -1.03   0.135255 -0.0891986  -0.130779  0.00847133  0.00700754 -0.00236494  -0.104416  -0.154485 -0.0284778  0.105053 0.0558144   9.80828 
              118.57  -1.9942 0.304253  3.41192   3.30991   2.30044 -0.141801 180.013       0       0 -0.13     0 -1.03  0.0693612 0.00400508 -0.0320266    0.011732    0.010996 -0.00205048 -0.0955212  -0.163312 -0.0378188  0.103372 0.0563886   9.80829 
              118.77 -1.95515  0.21399  3.12953   3.24343     2.299 -0.106343 180.013       0       0 -0.13     0 -1.03  -0.170173 -0.0389076  0.0279272   0.011386   0.012184 -0.0012861 -0.0795376  -0.164116 -0.0477441   0.10214 0.0562013   9.80831 
              118.97 -1.95176 0.179644  2.92044   3.12845    2.2938 -0.101256 180.013       0       0 -0.13     0 -1.03   -0.32596 -0.0730353  0.0960667   0.0112199   0.0120457 -0.00127888 -0.0613318  -0.168695 -0.0467023  0.101557 0.0546879   9.80832 
              119.17 -1.98353 0.226156  2.67764   3.17579   2.26519 -0.125735 180.013       0       0 -0.13     0 -1.03 -0.000416148     -0.12509   -0.0273779   0.0111953   0.0121874 -0.00105011 -0.0645463  -0.168215 -0.0453722  0.101776 0.0547513   9.80832 
             119.569 -1.95418 0.208811  2.56734   3.15538   2.22027 -0.154831 180.013       0       0 -0.13     0 -1.03 0.00651971  -0.164363 -0.0668258    0.0111615    0.0126754 -0.000898226  -0.061742  -0.170272 -0.0433746  0.101809 0.0544939   9.80832 
             119.769 -1.92455 0.128355  2.51709   2.96928    2.2717 -0.109752 180.013       0       0 -0.13     0 -1.03  -0.293363 -0.0706341   0.251001    0.0116732    0.0141847 -0.000565222 -0.0401282  -0.181145 -0.0519585  0.10029 0.054979  9.80833 
             120.169   -1.9242 0.0897417   2.43108    2.86904    2.22749 -0.0210666 180.013       0       0 -0.13     0 -1.03 -0.164226 -0.183294  0.259387    0.0117171    0.0141639 -0.000557258 -0.0391215   -0.18298  -0.046819   0.10069 0.0544683   9.80833 
             120.369  -1.91681 0.0430253   2.17336    2.71012    2.27992 -0.0993365 180.013       0       0 -0.13     0 -1.03  -0.403627 -0.0499286  0.0330082    0.0115843    0.0141829 -0.000321649 -0.0366381  -0.185109 -0.0441467   0.10084 0.0541993   9.80833 
             120.569  -1.92652 0.0632425   2.07944   2.63959   2.24954 -0.130541 180.013       0       0 -0.13     0 -1.03  -0.367181   -0.12295 -0.0792868    0.0106232    0.0134959 -0.000144861 -0.0373302  -0.183699 -0.0409992  0.101193 0.0538228   9.80833 
              121.37  -1.92124 0.0606736   2.01487    2.2054    2.1945 -0.394096 180.013       0       0 -0.13     0 -1.03 -0.448958 -0.271951 -0.535976   0.0113079   0.0146934 2.99053e-06 -0.0268084  -0.192519 -0.0416047 0.100918 0.054097  9.80833 
             121.568  -2.01379 0.0994431   1.67311   2.16148   2.28244 -0.189449 180.013       0       0 -0.13     0 -1.03 -0.392264  -0.03103  -0.06756   0.0117237   0.0144325 8.50644e-05 -0.0278299  -0.193326 -0.0456198   0.10063 0.0545245   9.80833 
             121.768 -1.93943 0.027047  1.53755   2.06837   2.25871 -0.138262 180.013       0       0 -0.13     0 -1.03  -0.464243 -0.0991192  -0.416461  0.00995978   0.0155195 0.000391642 -0.0273341  -0.191277 -0.0505581   0.10032 0.0552675   9.80833 
             123.169   -1.91651 -0.0304627    1.46093   1.56283   2.03462 -0.817661 180.013       0       0 -0.13     0 -1.03 -0.218826 -0.356024 -0.625263    0.010731   0.0152327 0.000381385 -0.0280516   -0.19467 -0.0616323 0.0996629  0.056556   9.80833 
             123.368 -2.92796 -1.44693  1.04908   1.24411   2.31741 -0.787822 180.013       0       0 -0.13     0 -1.03  -0.432539 -0.0429283  -0.451324   0.0100763   0.0145962 0.000952912 -0.0275998  -0.195359 -0.0641522 0.0994022 0.0568241   9.80833 
             123.569 -2.94258 -1.44735 0.944176   1.10932   2.32331 -0.681071 180.013       0       0 -0.13     0 -1.03  -0.522942 -0.0518795  0.0891163 0.00964963  0.0130783 0.00118226  -0.030492  -0.192868 -0.0813399 0.0965686 0.0589394   9.80835 
             124.367 -3.00722 -1.36178 0.713052  0.915711   2.25452 -0.553383 180.013       0       0 -0.13     0 -1.03 -0.178651 -0.224173  0.189001 0.00942057   0.012017 0.00142539 -0.0405385  -0.194791 -0.0828572 0.0966086 0.0585958   9.80835 
             124.967 -1.22075 -1.01137 0.407282  0.803929   2.06743 -0.184102 180.013       0       0 -0.13     0 -1.03 -0.0157127  -0.306975   0.532222 0.00916094  0.0120542 0.00137847 -0.0406304  -0.193961 -0.0845357 0.0962957 0.0588026   9.80835 
             125.567  -1.33832 -0.948884 0.0749261  0.488469   2.34116 -0.246676 180.013       0       0 -0.13     0 -1.03 -0.243355  0.146904  0.189452 0.00839711  0.0113314 0.00172022  -0.031857  -0.202103 -0.0725054 0.0983876 0.0598463   9.80832 
             126.168  -1.52566 -0.739531 -0.151728   0.36943   2.22196 -0.137459 180.013       0       0 -0.13     0 -1.03 -0.285307 -0.192782  0.336642 0.00825137  0.0102643 0.00215108 -0.0321645  -0.198729 -0.0703891 0.0983716 0.0596569   9.80833 
             126.566  -1.60106  -0.90033 -0.317721  -0.050399    2.23624 -0.0110223 180.013       0       0 -0.13     0 -1.03  -0.72238 -0.267831  0.345074 0.00938192  0.0125144 0.00225281  -0.026616  -0.200649 -0.0700619 0.0985895   0.06026   9.80832 
             127.166  -1.79428 -0.377166 -0.483991  0.569154   2.06291 -0.239302 180.013       0       0 -0.13     0 -1.03  0.464967 -0.687508 -0.252828   0.0121238 -0.00608087  0.00272641 -0.0559831  -0.207814 -0.0579453  0.100752 0.0567721   9.80832 
             127.567 -0.234734   0.15008 -0.139893 0.497737  1.55084 0.157715 180.013       0       0 -0.13     0 -1.03 0.0683459   -1.0116  0.423508  0.0112377 -0.0054453 0.00253939 -0.0530562  -0.202135 -0.0673762 0.0994251 0.0575235   9.80833 
             128.166 -0.356976  0.359715   0.12738 0.245421  1.71683  0.11505 180.013       0       0 -0.13     0 -1.03  -0.219498 -0.0358957 -0.0920322   0.0159813 -0.00305814  0.00212193 -0.048561 -0.209259 -0.065868  0.100416 0.0583432   9.80831 
             128.367 -0.257979  0.235483  0.121192   0.388479     1.4937 -0.0150523 180.013       0       0 -0.13     0 -1.03  0.100835 -0.412849 -0.174252   0.0113828 -0.00667007  0.00178269 -0.0574421  -0.200551 -0.0582944 0.0999192 0.0575544   9.80832 
             128.567 -0.213529  0.256252  0.130736   0.411306     1.4184 -0.0313122 180.013       0       0 -0.13     0 -1.03   0.112932  -0.355953 -0.0761912   0.0116909 -0.00676235   0.0012957 -0.0576848  -0.201109 -0.0601583 0.0998828 0.0574963   9.80832 
             129.167 -0.198316  0.201938  0.284837 0.240894  1.12305 -0.18235 180.013       0       0 -0.13     0 -1.03 -0.250924 -0.598666  -0.48866    0.011364 -0.00496963  0.00100318 -0.0372368  -0.200043 -0.0713038 0.0991203 0.0589733   9.80832 
             129.367 -2.06035 0.667809 0.290889  0.357357   1.25276 -0.382041 180.013       0       0 -0.13     0 -1.03 0.0673918 -0.187879 -0.663108    0.013213 -0.00587231  0.00104675 -0.0421507  -0.209487 -0.0676587  0.100075 0.0587678   9.80831 
             129.565 -2.13075  0.80318 0.347201  0.444544   1.10526 -0.316298 180.013       0       0 -0.13     0 -1.03  0.230141 -0.538108 -0.065295  0.00412301  -0.0115705 0.000676263 -0.0474786  -0.200095  -0.080441 0.0998464 0.0598802   9.80831 
             130.166 -2.21414 0.930415 0.510179  0.279649  0.895494 -0.242266 180.013       0       0 -0.13     0 -1.03 -0.0105709  -0.448434    0.14214  0.00440557 -0.00722384 0.000500001 -0.00654717   -0.205233  -0.0904036 0.0999212 0.0640516   9.80828 
             130.365 -2.87109  1.69654 0.492553  0.441175   0.85523 -0.197516 180.013       0       0 -0.13     0 -1.03  0.230425 -0.374516  0.178072  0.00455973 -0.00894447 0.000218411 -0.0126013  -0.207006 -0.0914206  0.100135 0.0637187   9.80828 
             130.565 -2.52913  1.47049 0.464899 0.445109 0.731904 -0.14205 180.013       0       0 -0.13     0 -1.03 0.0861638 -0.455356  0.200658  0.000251268  -0.00559073 -9.34947e-05 -0.00927141   -0.200518  -0.0953528 0.0998542 0.0645821   9.80828 
             131.165 -2.52768  1.46522 0.744585  0.152948  0.470299 -0.187894 180.013       0       0 -0.13     0 -1.03 -0.468668 -0.398128 -0.250955 -0.000144172  -0.00254639 -0.000530442  0.0223046  -0.201326 -0.0909012 0.0992749  0.066318   9.80827 
             131.366 -1.30259  1.15742 0.613657  0.380071  0.239318 -0.188741 180.013       0       0 -0.13     0 -1.03  0.149337 -0.795313  -0.23569 -0.000574227  -0.00357971 -0.000634972 0.0126092 -0.197709 -0.092719 0.0992719 0.0658731   9.80828 
             131.566 -1.20672  1.02618 0.664711  0.419389  0.180725 -0.175214 180.013       0       0 -0.13     0 -1.03  0.145361 -0.510393 0.0589807  0.00549448 -0.00417901 -0.00144493  0.0125273  -0.204213 -0.0936824 0.0994284 0.0657445   9.80828 
             131.964 -1.27537  1.19211  1.02856   0.27164 0.0262322 -0.115233 180.013       0       0 -0.13     0 -1.03 -0.347708 -0.640235 0.0215676  0.00592002 -0.00244825  -0.0020338  0.0416473  -0.216723 -0.0977225 0.0997564 0.0675006   9.80826 
             132.166 -0.434644   1.64833  0.798418  0.303218 -0.191633 0.0653226 180.013       0       0 -0.13     0 -1.03 -0.0550185  -0.870116   0.280495  0.00635244 -0.00222945 -0.00189858 0.0356186 -0.211187 -0.110314   0.09973 0.0672436   9.80826 
             132.366 -0.746059   1.69742  0.778176    0.3679 -0.171882 0.0548721 180.013       0       0 -0.13     0 -1.03 0.0751181 -0.523664 0.0360089   0.0072623  -0.0022697 -0.00197697 0.0352576 -0.209353 -0.110307  0.099054 0.0674984   9.80827 
             132.566 -0.688837   1.71932  0.893189  0.432221 -0.267886 0.0357645 180.013       0       0 -0.13     0 -1.03  0.165994 -0.464062  -0.04224  0.00691843 -0.00264327 -0.00280561 0.0250959 -0.209068 -0.107944 0.0990082 0.0671012   9.80827 
             132.965 -0.695283   1.66519   1.17334   0.253415  -0.366634 -0.0519149 180.013       0       0 -0.13     0 -1.03 -0.331573 0.0294506 -0.465009  0.00649785 -0.00192154 -0.00355321 0.0682453    -0.217 -0.100506 0.0984326 0.0693057   9.80826 
             133.165 -1.27479  1.14541 0.918823  0.258336 -0.433072 -0.203217 180.013       0       0 -0.13     0 -1.03 -0.157242 -0.104007 -0.665343  0.00684197 -0.00161845 -0.00349501  0.0629951  -0.211931 -0.0968829 0.0981692 0.0690949   9.80827 
             133.364 -1.2491 1.14243 1.10161  0.273287 -0.549688 -0.155334 180.013       0       0 -0.13     0 -1.03 -0.142028 -0.275217 -0.252863  0.00684888 -0.00130897  -0.0039439  0.0636506  -0.213685 -0.0944919 0.0980483 0.0692552   9.80827 
             133.565 -1.2364 1.11525 1.00215  0.216979 -0.569125 -0.134434 180.013       0       0 -0.13     0 -1.03 -0.365724 -0.104762 0.0186809  0.00656978 -0.00181967 -0.00352342 0.0666191 -0.217796 -0.098036 0.0981088 0.0695022   9.80826 
             134.165 -1.24395  1.18369  1.00004  0.0329003  -0.623575 -0.0910521 180.013       0       0 -0.13     0 -1.03  -0.709989 -0.0890385 -0.0331951  0.00657267 -0.00270799 -0.00362976 0.0535026 -0.218256 -0.102905 0.0983231 0.0692497   9.80826 
             134.365 -1.05242  1.13789  1.27951  0.657085  -0.55443 -0.137976 180.013       0       0 -0.13     0 -1.03    1.00772   0.113063 -0.0832522  0.00672621 -0.00371864 -0.00383364 0.0337042 -0.221498 -0.102416 0.0986799  0.068695   9.80826 
             134.565 -0.700295   1.48677   1.53145   0.705134  -0.598823 -0.0493556 180.013       0       0 -0.13     0 -1.03  0.584926 -0.041665   0.17549  0.00561641 -0.00281169 -0.00469296 0.0344795 -0.221501 -0.101498 0.0986676 0.0686165   9.80826 
             135.365 -0.521145   1.67288   1.80937   1.06995 -0.518492  0.519432 180.013       0       0 -0.13     0 -1.03 0.337326 0.172832 0.814618   0.0057165  -0.0024787 -0.00563373 0.0402025 -0.223094 -0.109421 0.0988215 0.0685635   9.80826 
             135.565 -0.706052   1.66331   2.16013   1.11561 -0.554845  0.302564 180.013       0       0 -0.13     0 -1.03  0.244965 0.0659663  0.386132  0.00439642 -0.00243631 -0.00608448  0.0396669  -0.221232 -0.0889634 0.0980476 0.0689643   9.80827 
             136.164 -0.80736  1.85764  2.34719     1.472 -0.559106 0.0130855 180.013       0       0 -0.13     0 -1.03  0.383009 0.0113082 -0.320917  0.00292608  -0.0125352 -0.00682451 0.0287924 -0.219723  -0.03538 0.0958843 0.0696563   9.80828 
             136.364 -0.676432   1.61359   2.74634    1.49468  -0.593604 -0.0699312 180.013       0       0 -0.13     0 -1.03   0.196164 -0.0217179  -0.358162  0.00225663  -0.0121785 -0.00697168   0.030031  -0.218316 -0.0341336 0.0958665 0.0696185   9.80828 
             136.564 -0.493752   1.77637   2.80811    1.62916  -0.586603 -0.0389016 180.013       0       0 -0.13     0 -1.03  0.384592 0.0306569 -0.103568  0.00199992  -0.0190745 -0.00715944  0.0206741  -0.218039 -0.0449136 0.0960271 0.0699022   9.80828 
             136.764 -0.528148   1.88632   2.96297     1.75844   -0.584868 -0.00498064 180.013       0       0 -0.13     0 -1.03      0.405 -0.0540886  0.0354975 0.00214422 -0.0197956 -0.0074563  0.0105576  -0.216144 -0.0536308 0.0964325 0.0702107   9.80827 
             137.164 -0.636528   2.10049   2.99403   1.96427 -0.582274 0.0455207 180.013       0       0 -0.13     0 -1.03   0.313369 -0.0636407  0.0190645  0.00216839  -0.0196561 -0.00745601 -0.00261166   -0.222175  -0.0624768 0.0965795 0.0707425   9.80827 
             137.564 -0.530242   1.97249   3.16474    1.99632  -0.592597 0.00510214 180.013       0       0 -0.13     0 -1.03  0.0563711  -0.031749 -0.0645001  0.00220347  -0.0197189 -0.00743566 -0.00158686   -0.222517   -0.061676 0.0965083 0.0706987   9.80827 
             138.164 -0.844528   2.41692   3.47395    2.41124  -0.478181 -0.0072752 180.013       0       0 -0.13     0 -1.03 0.251137 0.187831 -0.17938  0.00282688  -0.0205541 -0.00847573 -0.0117739  -0.223394 -0.0648511 0.0967074 0.0713193   9.80826 
             138.364 -1.10949  3.01683  3.61454    2.63268  -0.539007 -0.0444492 180.013       0       0 -0.13     0 -1.03    0.488555 -0.00439423    -0.23771  0.00170819  -0.0223701 -0.00872712 -0.0177058  -0.219202 -0.0654972 0.0970789 0.0717211   9.80826 
             138.963 -1.00776  2.88169  3.85388   2.83067 -0.527618 -0.162974 180.013       0       0 -0.13     0 -1.03    0.198289 -0.00922574   -0.333864  0.00217454  -0.0200514 -0.00932029 -0.0158078  -0.219801 -0.0687263 0.0974569 0.0716009   9.80825 
             139.163 -1.13173  2.72635  4.13282   2.96931 -0.524773 -0.119278 180.013       0       0 -0.13     0 -1.03    0.418505 0.000627611   -0.199162  0.0023392 -0.0181261 -0.0094918 -0.0186459   -0.21904 -0.0808833 0.0988627 0.0720913   9.80824 
             139.363 -0.960484    2.6717   4.22614   3.01755 -0.509082 0.0113877 180.013       0       0 -0.13     0 -1.03  0.454199 0.0638204  0.249585  0.00201476  -0.0182003 -0.00939745 -0.0169064  -0.219314 -0.0889216 0.0995127 0.0721865   9.80823 
             140.163 -0.720446   2.34274    4.3248  3.46445 -0.51898  0.18294 180.013       0       0 -0.13     0 -1.03    0.4117 0.0391085  0.282621  0.00150149  -0.0171284 -0.00948669 -0.0215114  -0.210529 -0.0867823  0.100305 0.0726993   9.80822 
             140.363 -0.729689   2.17283   4.18437   2.82789 -0.489719  0.058028 180.013       0       0 -0.13     0 -1.03  -0.914724  0.0956081 -0.0237992 0.000399779  -0.0265114  -0.0095245 -0.00373174   -0.214068  -0.0763159 0.0993237 0.0706864   9.80824 
             140.564 -0.629752   2.16076    4.1882    2.89165   -0.55093 -0.0188244 180.013       0       0 -0.13     0 -1.03   -0.34471 -0.0963125  -0.185538 -0.00194864  -0.0312261 -0.00949736 -0.00221864   -0.214178  -0.0768575 0.0995491 0.0706709   9.80824 
             140.763 -0.593927   2.15113   4.18664    2.94825  -0.546878 -0.0359026 180.013       0       0 -0.13     0 -1.03  -0.116504 -0.0305975  -0.132362 -0.00179201  -0.0312856 -0.00930356 -0.0237065  -0.212253 -0.0778739 0.0996551 0.0729015   9.80822 
             141.163 -0.587271   2.15324   4.16338   2.94189 -0.541434 -0.037518 180.013       0       0 -0.13     0 -1.03  -0.160519  0.0244664 -0.0277218 -0.00173216  -0.0309687 -0.00927295 -0.0327822  -0.212145 -0.0827952 0.099884 0.073806  9.80821 
             141.364 -0.6759 2.30018 4.18718    2.9625 -0.526655 0.0117534 180.013       0       0 -0.13     0 -1.03 -0.111825 0.0550129  0.092836 -0.00173097  -0.0305304 -0.00923276 -0.0344119  -0.212249 -0.0846212 0.0999677 0.0739503   9.80821 
             141.564 -0.671398   2.26149     4.168   2.95677 -0.521996 0.0206901 180.013       0       0 -0.13     0 -1.03 -0.125281 0.0515379 0.0858884 -0.00173967  -0.0299001 -0.00902763  -0.035724  -0.211505 -0.0841461 0.100008 0.074086  9.80821 
             141.962 -0.633674   2.21161   4.17769   2.92403 -0.528935 0.0404706 180.013       0       0 -0.13     0 -1.03 -0.211672  0.032842 0.0988545 -0.00195556  -0.0293547 -0.00888411 -0.0397562  -0.205376 -0.0828332  0.100534 0.0745321    9.8082 
             142.164 -0.674448   2.27291    4.1702   3.00868 -0.531055 0.0246708 180.013       0       0 -0.13     0 -1.03  0.101638 0.0151033 0.0176878 -0.00189275  -0.0290261 -0.00885299 -0.0486067  -0.203484 -0.0807096  0.100559 0.0754412   9.80819 
             142.363 -0.673198   2.24809   4.17693     2.9631  -0.530004 0.00330385 180.013       0       0 -0.13     0 -1.03   -0.11088  0.0228938 -0.0251931  -0.0018078  -0.0282678 -0.00868128 -0.0494636  -0.203231 -0.0805828  0.100577 0.0755293   9.80819 
             142.562 -0.627422   2.21234   4.17168     2.95714   -0.535721 -0.00859148 180.013       0       0 -0.13     0 -1.03  -0.122917 0.00997269 -0.0243392 -0.00185569  -0.0275032 -0.00849095 -0.0535903  -0.199324 -0.0801275  0.100919 0.0759448   9.80819 
             143.362 -0.604375   2.18102   4.19057    2.84924   -0.51916 0.00357213 180.013       0       0 -0.13     0 -1.03 -0.349829 0.0611816 0.0582565 -0.00189931  -0.0270449 -0.00837915 -0.0617377  -0.196338 -0.0811687  0.101237 0.0767406   9.80818 
             143.562 -0.873276   2.63679   4.14967   3.01751 -0.506256  0.042437 180.013       0       0 -0.13     0 -1.03 -0.0106666  0.0593305    0.11484 -0.00191606  -0.0285052 -0.00835128 -0.0654082  -0.195983 -0.0818909  0.101293 0.0771056   9.80817 
             143.763 -0.845709   2.54652   4.21215   2.98942 -0.522284 0.0442336 180.013       0       0 -0.13     0 -1.03   -0.141226 -0.00149417    0.086085 -0.00430433  -0.0249834 -0.00827582 -0.0634272  -0.194265 -0.0804879  0.101332 0.0768935   9.80818 
             144.162 -0.76812  2.39684  4.17145    2.9081 -0.515935 0.0358939 180.013       0       0 -0.13     0 -1.03 -0.293886 0.0273538 0.0398775 -0.00431169  -0.0250879 -0.00826141 -0.0640256  -0.195186 -0.0763135  0.100865 0.0769186   9.80818 
             144.362 -0.821484   2.52386   4.14197   2.98837 -0.515061 0.0301832 180.013       0       0 -0.13     0 -1.03 -0.0941079  0.0240146  0.0290159 -0.00425043  -0.0250765 -0.00818059 -0.0679089  -0.194523 -0.0760393  0.100893 0.0772686   9.80818 
             144.563 -0.808775   2.50544   4.13191   2.98652 -0.523113 0.0308743 180.013       0       0 -0.13     0 -1.03   -0.106989 -0.00168381   0.0317623 -0.00480423  -0.0253511 -0.00801997 -0.0706171  -0.192273 -0.0754116  0.101051 0.0775215   9.80817 
