            0.599954 -0.00191587  0.00255389  -0.0107241 -0.00591213   0.0053875 0.000122759 180.013       0       0 -0.13     0 -1.03 -0.00471845  0.00106507 0.000477226 0.000136815 -0.00019076 -0.00123483  3.64699e-07 -3.83455e-07 -2.89299e-09 0.0850374 0.0643867   9.80842  38524
            0.799973 -0.00173837  0.00206044   0.0219263 -0.00945894  0.00709319 0.000712267 180.013       0       0 -0.13     0 -1.03 -0.0190993  0.0081275 0.00306188  0.000134829 -0.000190564  -0.00128294  7.32675e-06 -4.69681e-06 -1.41556e-06 0.0850307 0.0643908   9.80842  38800
             1.40009 -0.00206196 0.000878093 -0.00821427  -0.0146088  0.00576033 0.000449512 180.013       0       0 -0.13     0 -1.03 -0.00300393 -0.00906151  -0.0016646  0.000102928 -0.000230758  -0.00124837  -0.003741 0.00313892 0.00349783 0.0886639 0.0613911   9.80841  38538
             2.00136 -0.00152807  0.00159675 -0.00520572 -0.00998686 0.000609664 0.000451478 180.013       0       0 -0.13     0 -1.03    0.0135064  -0.00946124 -0.000167953  0.000111967 -0.000247074  -0.00127003 -0.00587465  0.00256763  0.00208459 0.0907007 0.0619309   9.80839  38839
             2.40006  -0.0020017 0.000667884   0.0132411  -0.0162172  0.00585899 0.000365345 180.013       0       0 -0.13     0 -1.03   -0.0220698    0.0182349 -0.000506173  0.000110156 -0.000254984  -0.00130939 0.00106574 -0.0030978 0.00208761 0.0840436 0.0673737   9.80841  38918
             2.60134  -0.0020448 0.000648031   0.0244218  -0.0163315  0.00305917 0.000465134 180.013       0       0 -0.13     0 -1.03 -0.00119892   -0.014419  0.00082781   0.00016387 -0.000222067  -0.00133065 -0.0045922 0.00550552 0.00161075 0.0894656 0.0591174   9.80841  39205
             2.80142 -0.00227484  0.00120887  0.00612647  -0.0124116  0.00304525 0.000506949 180.013       0       0 -0.13     0 -1.03   0.0185037 -0.00207416 0.000210899  0.000139096 -0.000192435  -0.00130687 -0.00992385  0.00119681  0.00188717 0.0945751 0.0632557   9.80834  38853
             3.00002 -0.00210836 0.000897905  -0.0185088  -0.0138897  0.00204632 0.000549938 180.013       0       0 -0.13     0 -1.03 -0.00407827 -0.00460531 -0.00012014  0.000140117 -0.000226932  -0.00127179 -0.00294761  0.00174808  0.00187825 0.0878896 0.0627259   9.80841  38602
             3.20003 -0.00222073  0.00032215 -0.00446568  -0.0170052  0.00299135 0.000743734 180.013       0       0 -0.13     0 -1.03 -0.0147479 0.00397136 0.00102351  0.000129662 -0.000238589  -0.00129751 -0.000302354 -0.000707376   0.00148589 0.0853528 0.0650764   9.80841  38871
             4.00014 -0.00222863  0.00113082 -0.00753177  -0.0148181  0.00426439 0.000652181 180.013       0       0 -0.13     0 -1.03    0.0151031 -9.90995e-05 -0.000836248   0.00013203 -0.000229903  -0.00130692  -0.00241124 -0.000556162   0.00177558 0.0873725 0.0649328    9.8084  38824
             4.20151 -0.00199806 0.000144836   0.0183551  -0.0184454  0.00497207 0.000644088 180.013       0       0 -0.13     0 -1.03  -0.0173315  0.00378574 0.000148323  0.000134331 -0.000225838  -0.00134588  -0.00103264 -0.000764821   0.00169335 0.0860609 0.0651302   9.80841  39063
             4.40147 -0.00235051 0.000740043  0.00360166  -0.0156434  0.00330362 0.000642208 180.013       0       0 -0.13     0 -1.03     0.010704  -0.00830365 -7.23714e-05   0.00014794 -0.000207117  -0.00132986 -0.00576044  0.00145933  0.00173427  0.090572 0.0630114   9.80838  38828
              4.6002 -0.00219651 0.000814082  -0.0186201  -0.0139219   0.0018634 0.000748431 180.013       0       0 -0.13     0 -1.03  0.00941514 -0.00791004 0.000525464  0.000148207 -0.000209232  -0.00130494 -0.0052625 0.00116563 0.00157015 0.0900954   0.06329   9.80838  38597
             4.80015 -0.00205414  0.00067263 -0.00905743  -0.0151126 0.000876561 0.000514509 180.013       0       0 -0.13     0 -1.03 -0.00418284 -0.00522616 -0.00136227  0.000152298 -0.000198868  -0.00131977  -0.0026419 0.000560165  0.00190108  0.087602 0.0638697    9.8084  38835
             5.00153 -0.00243874 0.000858816  0.00895259  -0.0156154  0.00425094 0.000642764 180.013       0       0 -0.13     0 -1.03  -0.0027618   0.0153395 0.000600393  0.000170741 -0.000201709    -0.001348 -0.00283465 -0.00284935   0.0014416 0.0877853 0.0671122   9.80838  39137
             6.20023 -0.00260658  0.00107626  -0.0123586  -0.0148757  0.00311421 0.000648421 180.013       0       0 -0.13     0 -1.03  0.00387239  -0.0138546 -0.00150278  0.000174991 -0.000208428  -0.00134195  -0.0029499 -0.00222871  0.00136893 0.0878947 0.0665225   9.80838  38673
             6.60158 -0.00257999  0.00102042 -0.00383872  -0.0154611  0.00442647 0.000686207 180.013       0       0 -0.13     0 -1.03 -0.00188975  0.00555374 1.18483e-05 0.000176713 -0.00020879 -0.00135835 -0.00280636 -0.00266695 0.000987175 0.0877564 0.0669309   9.80838  39172
             6.80163 -0.00266615 0.000520929  2.5408e-05  -0.0170351  0.00499624 0.000587437 180.013       0       0 -0.13     0 -1.03 -0.00747589  0.00319127 -0.00114341  0.000177459 -0.000208409  -0.00136528 -0.00215309 -0.00233394   0.0010406 0.0871399 0.0666168   9.80839  38844
             7.20039 -0.00261409 0.000976756  -0.0104282  -0.0152844  0.00431137 0.000583888 180.013       0       0 -0.13     0 -1.03  0.00847093 -0.00348882 0.000215662  0.000177676 -0.000214707  -0.00136086 -0.00370906 -0.00168464 0.000843832  0.088606 0.0660045   9.80838  38594
             8.40167 -0.00256451 0.000842631  0.00162697 -0.0163991 0.00585102 0.00055478 180.013       0       0 -0.13     0 -1.03 -0.00788836  0.00518523 1.60654e-05  0.000178149 -0.000217537  -0.00138473 -0.00339747 -0.00181669 0.000927446 0.0883142  0.066129   9.80838  38831
             9.60176 -0.00257813 0.000878304   0.0031852  -0.0159035  0.00415292 0.000490739 180.013       0       0 -0.13     0 -1.03   0.00656157  -0.00545638 -0.000886131  0.000178067 -0.000215218  -0.00139834 -0.00355755 -0.00168761 0.000901822  0.088463 0.0660088   9.80838  38841
             10.4017 -0.00231611 0.000610754 -0.00806004  -0.0167848  0.00352226 0.000552702 180.013       0       0 -0.13     0 -1.03 -0.00347167 0.000902636 4.72435e-05 0.000185505 -0.00020021 -0.00139643 -0.00333894 -0.00180021  0.00073905 0.0882588 0.0661119   9.80838  38889
             10.6018 -0.00242168 0.000559504  -0.0060601  -0.0172175  0.00350729 0.000570596 180.013       0       0 -0.13     0 -1.03 -0.00204049 0.000121232 0.000120937   0.00018393 -0.000203871  -0.00140095 -0.00338596 -0.00175894  0.00072944 0.0883021 0.0660737   9.80838  38854
             10.8018  -0.002518 0.00069229 -0.0104025  -0.0175906  0.00485404 0.000803708 180.013       0       0 -0.13     0 -1.03 -0.00187008  0.00626836  0.00118351  0.000180981 -0.000205214  -0.00139988 -0.00335537 -0.00237069   0.0006202 0.0882729 0.0666371   9.80838  38900
             11.0019 -0.00269856 0.000996391 -0.00292336 -0.0171896 0.00553883 0.00080271 180.013       0       0 -0.13     0 -1.03   0.00197839    0.0034818 -0.000206842  0.000185275 -0.000201903  -0.00140698 -0.00372847 -0.00204154 0.000745472 0.0886178 0.0663348   9.80838  38923
             11.2018 -0.00243273 0.000763985 -0.00911554  -0.0176514  0.00326443 0.000840067 180.013       0       0 -0.13     0 -1.03 -0.00142699   -0.010322 0.000548595  0.000197778 -0.000206629  -0.00140237  -0.00328425 -0.000497851  0.000684142 0.0882089 0.0649141   9.80839  38846
             11.6019 -0.00205148 8.96274e-05 -0.00726385  -0.0204433  0.00230017 0.000886239 180.013       0       0 -0.13     0 -1.03  -0.0091116 0.000238132 0.000113449  0.000208829 -0.000198006  -0.00140793 -0.00276932 -0.00126893 0.000743819 0.0877367 0.0656223   9.80839  38860
             11.8019 -0.0023838 0.00065917 -0.0233819  -0.0161286  0.00301483 0.000697541 180.013       0       0 -0.13     0 -1.03   0.0197911  0.00298786 -0.00102245  0.000212632 -0.000236289  -0.00139782 -0.00445496 -0.00143432  0.00082545 0.0892802 0.0657724   9.80837  38856
              12.402 -0.00242322 0.000609151  -0.0186515  -0.0182334  0.00391278 0.000840288 180.013       0       0 -0.13     0 -1.03   -0.016123 0.000774982 0.000509178  0.000209943 -0.000236484  -0.00141279 -0.00288788 -0.00136422 0.000688019 0.0878473 0.0657103   9.80839  39082
              12.602 -0.00232391 0.000402679 -0.00747218  -0.0188779  0.00352445 0.000779805 180.013       0       0 -0.13     0 -1.03  -0.00376096  -0.00203967 -0.000612397  0.000213019 -0.000230312  -0.00142402 -0.00332616 -0.00127149 0.000743852 0.0882453  0.065625   9.80838  38863
              13.002 -0.00234045 0.000830552  -0.0190226  -0.0178178  0.00327646 0.000902832 180.013       0       0 -0.13     0 -1.03   0.00498484 -0.000214632 -1.11047e-05  0.000213781 -0.000237324  -0.00141625 -0.00378494 -0.00137318 0.000632907 0.0886612 0.0657163   9.80838  38844
             14.0022 -0.00281047 0.000589812  -0.0202977 -0.0191404  0.0023571 0.00125049 180.013       0       0 -0.13     0 -1.03 -0.00564317 -0.00125369 0.000254655  0.000213051 -0.000238996  -0.00142365 -0.00357726 -0.00136595 0.000479348 0.0884721 0.0657091   9.80838  38893
             14.8023 -0.00277446 0.000320825   -0.011948 -0.0207988 0.00159947  0.0012181 180.013       0       0 -0.13     0 -1.03 -9.73225e-05 -0.000654489  8.58535e-05 0.000213928 -0.00023791  -0.0014345 -0.00364128 -0.00138071 0.000529737 0.0885298 0.0657224   9.80838  38911
             15.4021 -0.00268608 0.000718993  -0.0198384 -0.0189138 0.00364605 0.00103442 180.013       0       0 -0.13     0 -1.03  0.00453949  0.00423228 8.93741e-05  0.00021262 -0.00023899 -0.00143295 -0.00374155 -0.00155365  0.00053888 0.0886195 0.0658767   9.80838  38589
             15.8021 -0.00184504  0.00116017  -0.0109155  -0.0154587  0.00109171 0.000848424 180.013       0       0 -0.13     0 -1.03   0.00962072   -0.0088266 -0.000563938   0.00021911 -0.000238738   -0.0014434 -0.00392447 -0.00106128  0.00056133 0.0887812 0.0654405   9.80838  38855
             16.4022 -0.00307646  0.00113925  -0.0103197 -0.0175634 0.00260086 0.00171821 180.013       0       0 -0.13     0 -1.03 -0.00963668  0.00830693  0.00171254  0.000213953 -0.000244845  -0.00144684 -0.00325596  -0.0016366 0.000408848 0.0881898 0.0659481   9.80838  38745
             16.8035 -0.00184163  0.00103937 -0.00733631  -0.0169022 0.000519672 0.000938396 180.013       0       0 -0.13     0 -1.03  0.00445889 -0.00794677 -0.00316847  0.000217168 -0.000242743  -0.00145175 -0.00370051  -0.0010913 0.000678446  0.088582 0.0654716   9.80838  39041
             17.0022 -0.00238848 0.000707668  -0.0179066   -0.018776 0.000852339  0.00107021 180.013       0       0 -0.13     0 -1.03 -0.00836698  0.00122334  0.00084593  0.000213183 -0.000249659  -0.00144376 -0.00293195 -0.00166802 0.000405601 0.0879061 0.0659752   9.80838  38487
             17.2021 -0.00235939  0.00118048  -0.0165446  -0.0160493   0.0026296 0.000910263 180.013       0       0 -0.13     0 -1.03   0.0113786  0.00775401 -0.00100507  0.000208714 -0.000238862  -0.00144461 -0.00433249 -0.00214918 0.000529505 0.0891329 0.0663967   9.80837  38768
             17.4022 -0.00212653 0.000830156  0.00180882   -0.017612  0.00193614 0.000724041 180.013       0       0 -0.13     0 -1.03  -0.00488646  -0.00211105 -0.000712339  0.000214717 -0.000250352  -0.00145892 -0.00302841 -0.00139245 0.000534918 0.0879934 0.0657367   9.80839  38821
             18.8023 -0.00217657 0.000922963  -0.0214006  -0.0167212  0.00150446 0.000963514 180.013       0       0 -0.13     0 -1.03  0.00566426 0.000944943 0.000169218  0.000216784 -0.000247517   -0.0014496 -0.00309541 -0.00141831 0.000478848 0.0880512 0.0657589   9.80838  38604
             19.0037 -0.00284905  0.00142033  -0.0123662  -0.016508 0.00227937  0.0014372 180.013       0       0 -0.13     0 -1.03 0.00123302 0.00417639 0.00257446  0.000216802 -0.000247452  -0.00145761 -0.00307445  -0.0014342 0.000354652 0.0880332 0.0657713   9.80838  38912
             19.2036 -0.00246267  0.00105348  -0.0132311 -0.0178505 0.00191056 0.00126322 180.013       0       0 -0.13     0 -1.03  -0.00498308  -0.00128336 -0.000887237 0.000218185  -0.0002499 -0.00145622 -0.00274051 -0.00118165 0.000565954 0.0877486 0.0655569   9.80839  38698
             19.4024 -0.00213543 0.000946864  -0.0223927  -0.0154647  0.00320134 0.000605891 180.013       0       0 -0.13     0 -1.03  0.00989364  0.00553702 -0.00349768  0.000213163 -0.000240483  -0.00145182 -0.00381062 -0.00166032 0.000729325 0.0886659 0.0659668   9.80838  38401
             20.0037 -0.00219172 0.000753312  -0.0126159 -0.0194704   0.002527 0.00107131 180.013       0       0 -0.13     0 -1.03  -0.0154965 -0.00475818  0.00202142  0.000212588 -0.000247765    -0.001465 -0.00296425 -0.00131788 0.000384004 0.0879408 0.0656741   9.80839  38724
             20.2023 -0.00187766  0.00059884  -0.0188558  -0.0188448 0.000234602 0.000674071 180.013       0       0 -0.13     0 -1.03  0.00193603  -0.0112624 -0.00229598  0.000211488 -0.000247394  -0.00146144 -0.00333984 -0.00115991 0.000615141 0.0882588 0.0655414   9.80838  38492
             20.6024  -0.00199107  0.000423826 -0.000294872  -0.0203521  0.00151042 0.000913168 180.013       0       0 -0.13     0 -1.03 -0.00563757  0.00795451 0.000942139  0.000205272 -0.000250126   -0.0014777 -0.00299673  -0.0020022 0.000429896 0.0879688  0.066252   9.80838  38011
             21.2024 -0.00236891 0.000425245  -0.0157867  -0.0195945  0.00292127 0.000894435 180.013       0       0 -0.13     0 -1.03    0.0054474 -9.93263e-05 -0.000381517  0.000171241 -0.000295402  -0.00146849 -0.00317723 -0.00185649 0.000476603 0.0881209 0.0661304   9.80838  35983
             21.4024 -0.00251821 0.000732045  -0.0100393 -0.0190414 0.00277437  0.0010601 180.013       0       0 -0.13     0 -1.03   0.00314526 -0.000435161  0.000767213  0.000167225 -0.000289252  -0.00147254 -0.00311387 -0.00183565 0.000388119 0.0880676 0.0661122   9.80838  35521
             22.4038 -0.00131309   0.0114053    0.264462   0.0457931  -0.0160363 0.000242246 180.013       0       0 -0.13     0 -1.03    0.0766276     -0.04001 -0.000884758      0.00012 -0.000262031  -0.00186948 -0.00568848  -0.0014717 0.000325601  0.090202 0.0658002   9.80836  32799
             23.0038 -0.00439476   0.0152865    0.408139   0.0688582 -0.00577318 6.05616e-05 180.013       0       0 -0.13     0 -1.03  0.00973092    0.034574 -0.00950594  0.000108038 -0.000334406   -0.0020924   -0.0041403  -0.00223102 -0.000627157 0.0888936 0.0663682   9.80837  32807
             23.2038 -0.00478744   0.0236818     0.53067     0.11217  -0.0132037 0.000662146 180.013       0       0 -0.13     0 -1.03    0.171029  -0.0462581 0.000794948  0.000121997 -0.000269581  -0.00221851     -0.01242  0.000762318 -0.000646605 0.0958537  0.064452   9.80832  33256
             23.6025 -0.00457029   0.0358855    0.536401   0.199395 -0.0434578  0.0018516 180.013       0       0 -0.13     0 -1.03    0.281613  -0.0907205 -0.00709216 0.000152234 -8.1408e-05 -0.00217447  -0.0141029  0.00305372 -0.00111025 0.0974313 0.0627506   9.80832  34082
             24.0038 -0.00880147   0.0428629    0.400746    0.222491 -0.00929576  0.00080081 180.013       0       0 -0.13     0 -1.03 -0.0679073   0.139592 -0.0114862 0.000901041 0.000660889 -0.00208619 -0.00707274 -0.00309357 -0.00169239 0.0910873 0.0668709   9.80835  36106
             24.2039 -0.0110921  0.0512606   0.488586     0.27174  -0.0176088 5.85392e-05 180.013       0       0 -0.13     0 -1.03   0.212815 -0.0382806 -0.0351597   0.00040504 -0.000191088  -0.00210355  -0.0180007  0.00459668 -0.00194362  0.100544 0.0617617   9.80829  37313
             26.0026 -0.0197667   0.144182    1.06126    0.773794 -0.00824818  0.00391104 180.013       0       0 -0.13     0 -1.03   0.325001  0.0272749 -0.0226636   0.00049593 -0.000353976  -0.00294367  -0.0187576  0.00414006 -0.00400325  0.101135 0.0621227   9.80828  38605
              26.404 -0.0235904   0.174783    1.45609   0.947068   -0.01563 0.00402173 180.013       0       0 -0.13     0 -1.03   0.453813 -0.0313904 -0.0215276  0.000473345 -0.000329224  -0.00342996  -0.0193058  0.00429328 -0.00440583  0.101552 0.0619848   9.80828  38947
             26.6039 -0.0250219   0.182931    1.49934    1.00991 -0.0199375 0.00514881 180.013       0       0 -0.13     0 -1.03    0.309045  -0.0137206 -0.00939541  0.000461757 -0.000535304  -0.00343736  -0.0131351  0.00230823 -0.00530616 0.0964794 0.0622987   9.80833  38779
             27.0027 -0.0298952   0.206849     1.5669    1.16843 -0.0320428 0.00540685 180.013       0       0 -0.13     0 -1.03   0.406973 -0.0584286  0.0174297 0.000283904 -0.00114961 -0.00346423  -0.0186019  0.00389703 -0.00488021  0.100944 0.0625056   9.80828  38719
              27.404 -0.0349534   0.235827    1.76084     1.34314 -0.00999641  0.00456909 180.013       0       0 -0.13     0 -1.03    0.423597   0.0761002 0.000966678 0.000599644  -0.0014142 -0.00376131  -0.0206612 0.000228566 -0.00357405  0.101328 0.0656924   9.80826  38835
             27.8041 -0.0389241   0.262463    1.92193    1.52715 -0.0267639  0.0084426 180.013       0       0 -0.13     0 -1.03   0.453553 -0.0839778  0.0283002 0.000713111 -0.00134973 -0.00399699  -0.0216742  0.00565355 -0.00414354  0.103638 0.0620907   9.80826  39107
             28.4041 -0.0496731   0.318621    2.31764    1.82244 -0.0382145 0.00736322 180.013       0       0 -0.13     0 -1.03  0.505057 0.0116232 0.0226286 0.000777507 -0.00144414  -0.0043866  -0.0240924  0.00425534 -0.00398771  0.104863 0.0638544   9.80823  38970
             28.8041 -0.0612447   0.342669    2.56616    2.00804 -0.0303714 0.00897134 180.013       0       0 -0.13     0 -1.03    0.451488  0.00949336 -0.00960855 0.000736132  -0.0013091 -0.00471769  -0.0231973  0.00391789 -0.00228705  0.104043 0.0636834   9.80824  39171
             29.0055 -0.0621235   0.351647    2.59826    2.11995 -0.0153353 0.00668372 180.013       0       0 -0.13     0 -1.03  0.544278 0.0768175 0.0279223 0.000703725 -0.00114267 -0.00466546   -0.0280183   0.00287836 -0.000873835  0.106633 0.0662736    9.8082  39062
             29.4028 -0.0611875   0.381471    2.75698    2.31523 -0.0351792 0.00836925 180.013       0       0 -0.13     0 -1.03   0.469593  -0.113699 -0.0142133 0.000806997 -0.00126779 -0.00491308   -0.0228862   0.00811921 -0.000462636  0.105759 0.0606794   9.80824  38542
             29.6042 -0.0685349   0.396198    3.02473    2.41129 -0.0332364 0.00913724 180.013       0       0 -0.13     0 -1.03    0.464099 0.000360184   0.0113495  0.00087729 -0.00123516 -0.00513452   -0.023859  0.00447585 -0.00162846 0.104804 0.063429  9.80824  39316
             30.6043 -0.0778958   0.461808    3.35705     2.8009 -0.0297675 0.00656197 180.013       0       0 -0.13     0 -1.03   0.331331 -0.0137701  0.0186729  0.000521447 -0.000454115  -0.00536521  -0.0224397  0.00453461 -0.00484149  0.104145 0.0629974   9.80824  38971
             31.0029 -0.0853615   0.476515    3.14106    2.99749 -0.0205602 0.00447869 180.013       0       0 -0.13     0 -1.03    0.64762  0.0394762 -0.0187632  0.000458376 -4.35741e-05  -0.00518792  -0.0220129  0.00424306 -0.00180799  0.103595 0.0625643   9.80825  39134
             31.2042 -0.0926943   0.481461    3.15235    2.91121 -0.0339074 0.00841785 180.013       0       0 -0.13     0 -1.03   -0.39112 -0.0413352  0.0228747 0.000425156  0.00712761 -0.00514417   0.0147174 -0.00785128  -0.0050093 0.0784793 0.0483208   9.80857  39522
             31.4042 -0.078883  0.465053   3.09839    2.88879 -0.0412889  0.0076428 180.013       0       0 -0.13     0 -1.03   -0.146466  -0.0488311 -0.00899658 0.000423408  0.00619824 -0.00510582   0.0031803 -0.00340834 -0.00389092 0.0870127 0.0518898   9.80848  39292
             31.6042 -0.0831927   0.469943    3.11194    2.88154 -0.0322931 0.00625084 180.013       0       0 -0.13     0 -1.03  -0.0541305   0.0367332 -0.00708406 0.000509814  0.00601755 -0.00509741 -0.00255784 -0.00565539 -0.00397199 0.0890966 0.0560003   9.80844  39246
             31.8043 -0.0813938   0.469629    3.13232    2.88877 -0.0285994 0.00487453 180.013       0       0 -0.13     0 -1.03   0.0371615   0.0128333 -0.00532074 0.000486116  0.00592997 -0.00508635 -0.00564922 -0.00380761 -0.00399596 0.0917368 0.0565142   9.80841  39192
             32.0043 -0.0812477   0.473533    3.16027    2.90369 -0.0344214 0.00539667 180.013       0       0 -0.13     0 -1.03  0.0707924 0.00085514 0.00391598 0.000362234  0.00582776 -0.00509313 -0.00613673 -0.00162459 -0.00424012  0.093117 0.0555898    9.8084  39191
             32.4044 -0.082095  0.465301   3.38801    2.86809 0.00649812 0.00621614 180.013       0       0 -0.13     0 -1.03  -0.17702  0.180455 0.0166206 0.000401805  0.00589612 -0.00530463 -0.00154019 -0.00512073 -0.00384851 0.0888386 0.0552353   9.80844  38999
              32.603 -0.0873537   0.464933    3.28163    2.87569  0.0471175 0.00549705 180.013       0       0 -0.13     0 -1.03  0.0137036   0.227064 0.00235575 0.000455552  0.00600737 -0.00514622  -0.0077123 -0.00313382 -0.00350712 0.0931592 0.0571767   9.80839  38832
             32.8044 -0.0967562   0.472056    3.20545    2.90123  0.0815855 0.00597926 180.013       0       0 -0.13     0 -1.03  0.146573  0.139294 0.0415416 0.000487963  0.00598835 -0.00510558   -0.0108378 -0.000380588  -0.00151789 0.0960181 0.0572992   9.80836  39318
             33.0045 -0.0997144   0.472501    3.25755    2.89505   0.119086 0.00693894 180.013       0       0 -0.13     0 -1.03 -0.00986331    0.210011    0.024556 0.000610513  0.00608648 -0.00508209   -0.0072983  -0.00325326 -0.000304958  0.092609 0.0569301    9.8084  39012
             33.4044 -0.110715  0.476025   3.02747     2.8915   0.207911 0.00637601 180.013       0       0 -0.13     0 -1.03 -0.0190977   0.206782 -0.0527958 0.000719738  0.00602079 -0.00485468 -0.00827122 -0.00385275  -0.0020908 0.0929294 0.0578425   9.80839  39103
             33.8045 -0.119474  0.477064   3.08591    2.88713   0.307377 0.00539544 180.013       0       0 -0.13     0 -1.03 -0.00708534    0.248626  -0.0121695 0.000850579  0.00591893 -0.00482559 -0.00896086  -0.0057006 -0.00299963 0.0924412 0.0591969   9.80839  39042
             34.6046 -0.136187  0.484065    3.2801    2.90709    0.45631 0.00729628 180.013       0       0 -0.13     0 -1.03   0.056036   0.124159 -0.0655225  0.00075303  0.00563781 -0.00486703  -0.0097957 -0.00520531 -0.00178325 0.0930323 0.0592291   9.80838  39055
             35.4058 -0.155608  0.485824   2.80946    2.89726   0.641421 0.00526399 180.013       0       0 -0.13     0 -1.03 -0.0372456   0.304321  0.0813918  0.00124407  0.00530999 -0.00446333  -0.0104698 -0.00568655  0.00343207 0.0927022 0.0596289   9.80838  39293
             35.8032 -0.164712  0.486252   2.82587    2.88195    0.72799 0.00373612 180.013       0       0 -0.13     0 -1.03 -0.0756439   0.229273 -0.0252495 0.000811257  0.00503069 -0.00448524  -0.0104421 -0.00431932  0.00694763   0.09315 0.0589203   9.80838  38454
             36.0032 -0.171181   0.48764    2.9642    2.88453   0.785305 0.00520983 180.013       0       0 -0.13     0 -1.03 -0.00596427    0.300096   0.0267739 0.000893958  0.00502342 -0.00466304  -0.0138278 -0.00423106  0.00752342 0.0950835 0.0600716   9.80836  38786
             36.2048 -0.179649  0.494465   3.04853     2.8927   0.851304 0.00502881 180.013       0       0 -0.13     0 -1.03   0.0506031    0.306395 -0.00833865 0.000924215   0.0050842 -0.00466265 -0.0160837 -0.0058924  0.0110473 0.0954026 0.0616126   9.80834  39006
             36.6032 -0.192917   0.50223   2.93968    2.89957   0.977475 0.00390924 180.013       0       0 -0.13     0 -1.03 -0.0176769   0.236581 -0.0174476  0.00098523   0.0050521 -0.00447759  -0.0161609 -0.00732615   0.0134418 0.0946021 0.0622009   9.80835  38357
             37.0045 -0.203757  0.506441   2.64241    2.89722    1.08411 0.00619451 180.013       0       0 -0.13     0 -1.03 -0.00839342    0.260268  0.00371891  0.00113152  0.00489586 -0.00426193  -0.0166301 -0.00766444   0.0139822 0.0946437 0.0625392   9.80834  38653
             37.2046 -0.213534  0.516398   2.74093    2.92163    1.13811 0.00403075 180.013       0       0 -0.13     0 -1.03  0.121615  0.282787 -0.031551  0.00115652  0.00426974 -0.00436383  -0.0198188 -0.00668642   0.0129728 0.0967983 0.0633856   9.80832  38294
             37.6033 -0.228874  0.521302   2.74947    2.91268     1.2578 0.00600723 180.013       0       0 -0.13     0 -1.03 -0.0892095   0.297188  0.0337804  0.00104649  0.00436445 -0.00434331  -0.0149171 -0.00896712      0.0104 0.0934758 0.0630953   9.80835  38065
             37.8059 -0.23884 0.528541  2.82502    2.93588    1.31398 0.00742773 180.013       0       0 -0.13     0 -1.03   0.160231   0.244822 -0.0583342  0.00104931  0.00436723 -0.00435191  -0.0189454 -0.00775057  0.00909023 0.0961835 0.0640698   9.80832  38220
              38.006 -0.247593  0.531182   2.83458    2.93244    1.37832 0.00796609 180.013       0       0 -0.13     0 -1.03 -0.00300481    0.328575   0.0177883  0.00112292  0.00450117 -0.00423252  -0.016073  -0.010837 0.00777471 0.0936396 0.0646877   9.80834  37484
             38.4046 -0.261132  0.537667    2.5681   2.92211   1.49546 0.0121618 180.013       0       0 -0.13     0 -1.03 -0.0437851   0.308449  0.0583384   0.0010045  0.00436885 -0.00384836  -0.0152664 -0.00898987   0.0113509 0.0936516 0.0630388   9.80835  37157
              38.806 -0.275172  0.550456   2.54511   2.93209   1.61798 0.0113648 180.013       0       0 -0.13     0 -1.03  0.0284413   0.282026 0.00393658  0.00104493  0.00427799 -0.00387194  -0.0173396 -0.00918616   0.0113137 0.0946954 0.0638713   9.80833  36710
             39.4061 -0.294601  0.559212    2.6296     2.957   1.80936 0.0117309 180.013       0       0 -0.13     0 -1.03 0.0467787  0.302196 0.0230434 0.000946328  0.00426813 -0.00380212 -0.0186459 -0.0125121  0.0105022 0.0944788 0.0661596   9.80832  36182
             39.8047 -0.300661   0.54769   2.30256     2.9479    1.94292 0.00536379 180.013       0       0 -0.13     0 -1.03 -0.0337341   0.352746 -0.0428274  0.00102595  0.00408423 -0.00338263 -0.0172821 -0.0140318  0.0110367 0.0931964 0.0664107   9.80833  35429
             40.4048 -0.318805  0.562247    2.3794    2.96654    2.10663 0.00613032 180.013       0       0 -0.13     0 -1.03  0.0305679   0.245725 -0.0499731 0.000984106  0.00401786 -0.00348898 -0.0185263 -0.0119257 0.00573297  0.094888 0.0661019   9.80832  35149
             40.6047 -0.323556  0.558352   2.40428    2.96301    2.17087 0.00651213 180.013       0       0 -0.13     0 -1.03 -0.00898456    0.286541   0.0107228 0.000975237  0.00390137 -0.00349401 -0.0178292 -0.0133304 0.00513567  0.094245 0.0668157   9.80832  35292
             41.0061 -0.335658  0.573516   2.47812    3.00701    2.24442 0.00864029 180.013       0       0 -0.13     0 -1.03    0.162993   0.0441195 -0.00651903 0.00100013 0.00348922  -0.003426 -0.0199026  -0.012881 0.00671005 0.0953402 0.0669818   9.80831  35257
             41.2048 -0.343048  0.579612   2.28126    2.99971    2.24271 0.00982156 180.013       0       0 -0.13     0 -1.03   0.040767  0.0016623 0.00391297 0.000708537  0.00477857 -0.00341118 -0.0146392 -0.0130104    0.00627 0.0926054 0.0655035   9.80834  35079
             41.4061 -0.335805   0.57052   2.30286    2.97807    2.24248 0.00962629 180.013       0       0 -0.13     0 -1.03 -0.0135442  0.0227696 -0.0122651 0.000643784  0.00492207 -0.00324423 -0.0071784 -0.0145575 0.00624293 0.0882064 0.0642408   9.80839  35579
             41.6062 -0.340666  0.564355   2.00148   2.92645   2.24788 0.0115535 180.013       0       0 -0.13     0 -1.03 -0.219905 0.0180806 0.0367674 0.000599718  0.00425184 -0.00304694 0.00324669 -0.0174132 0.00572307 0.0819134 0.0630854   9.80846  35311
             41.8048 -0.33712 0.551029  1.94234   2.87174    2.2607 0.0127957 180.013       0       0 -0.13     0 -1.03   -0.319779   0.0706869 -0.00132329 0.000569004   0.0042051 -0.00301187 0.00417675 -0.0195711 0.00728683 0.0807951 0.0638955   9.80846  35137
             42.2048 -0.334385  0.534469   1.84959   2.77815   2.26058 0.0128615 180.013       0       0 -0.13     0 -1.03   -0.179199   -0.032796 -0.00822444 0.000521821  0.00416702 -0.00278194 0.00262972 -0.0179436 0.00736722 0.0819113 0.0632477   9.80845  35503
             42.4062 -0.331183  0.526693    1.7128   2.72633   2.25493 0.0123206 180.013       0       0 -0.13     0 -1.03  -0.250183  -0.037398 0.00566308 0.000460276  0.00392859 -0.00258757  0.0050234 -0.0187982 0.00659528 0.0805395 0.0633798   9.80846  35973
             42.6061 -0.333236  0.515781   1.54036   2.65277   2.25337 0.0124928 180.013       0       0 -0.13     0 -1.03   -0.372244  -0.0136463 -0.00155819 0.000329241  0.00369166 -0.00243638 0.00847848 -0.0204193 0.00538196 0.0785022 0.0638803   9.80848  35962
             43.0046 -0.334155  0.505418   1.45941   2.56517   2.24324 0.0159496 180.013       0       0 -0.13     0 -1.03  -0.167575  -0.054177 0.00373075 0.000350833  0.00295884 -0.00233085 0.00491938 -0.0202986 0.00356517 0.0806793 0.0643285   9.80846  36270
             43.2058 -0.332092  0.497494   1.38054    2.5083   2.24334 0.0172053 180.013       0       0 -0.13     0 -1.03   -0.269181  0.00187377 -0.00110261 0.000583641  0.00345848 -0.00226901 0.00708602 -0.0215252 0.00392069 0.0793553  0.064836   9.80846  36651
             43.4056 -0.331854  0.486533   1.45354   2.44591   2.25493 0.0177392 180.013       0       0 -0.13     0 -1.03  -0.284964  0.0450202 0.00820424 0.000589633  0.00339222 -0.00231526 0.00905069 -0.0240577  0.0043798 0.0781136 0.0661266   9.80847  36544
              44.205 -0.327894   0.44572  0.859206    2.1241   2.25556 0.0238928 180.013       0       0 -0.13     0 -1.03  -0.526824 -0.0286262  0.0274963 0.000485065  0.00318274 -0.00151486  0.0114866 -0.0236715  0.0039216 0.0768244 0.0657566   9.80848  37097
             44.4036 -0.323235  0.432517  0.931704   2.08475   2.24779 0.0253192 180.013       0       0 -0.13     0 -1.03  -0.198353 -0.0425446  0.0145083 0.000525665  0.00345461 -0.00160692  0.0089117  -0.023159 0.00504513 0.0782628 0.0658462   9.80847  37182
             44.6048 -0.322494  0.424488  0.876356   2.00629   2.25296 0.0254579 180.013       0       0 -0.13     0 -1.03  -0.369031  0.0175249 0.00190903 0.000407891  0.00313593  -0.0015303   0.014393 -0.0258174 0.00534882 0.0754854  0.067626   9.80848  38118
             44.8047 -0.318878  0.406223  0.717192   1.89359   2.26529 0.0241707 180.013       0       0 -0.13     0 -1.03  -0.594733  0.0657413 -0.0170446 0.000395992  0.00307544 -0.00148329  0.0202632  -0.027274 0.00659789 0.0723145  0.068797   9.80849  38189
             45.4042 -0.29934 0.361458 0.405412   1.66045   2.25782 0.0246085 180.013       0       0 -0.13     0 -1.03  -0.294008 -0.0663169  0.0244645 -6.53301e-05   0.00175453  -0.00118548  0.0167582 -0.0264099 0.00802158 0.0740076  0.067938   9.80849  38171
             45.6041 -0.298868  0.352038  0.423829   1.59473   2.25807 0.0234641 180.013       0       0 -0.13     0 -1.03   -0.332457  0.00666162 -0.00666633 2.07495e-05   0.0018619 -0.00114656  0.0174657 -0.0276037 0.00741371 0.0738083 0.0686667   9.80848  38056
              45.804 -0.300322  0.342473  0.300132   1.53006   2.26252 0.0242781 180.013       0       0 -0.13     0 -1.03  -0.31903 0.0375261 0.0366162 4.03285e-05  0.00185361 -0.00111234  0.0174694 -0.0279143 0.00831316 0.0737874  0.068796   9.80848  38196
             46.0038 -0.296883  0.335223  0.206187   1.44543   2.26808 0.0222698 180.013       0       0 -0.13     0 -1.03  -0.40575 0.0322353 0.0204173  6.78448e-05   0.00187313 -0.000949748  0.0192473  -0.027704 0.00917855 0.0728186 0.0690192   9.80849  38234
             46.2037 -0.288548  0.314637 0.0193947     1.355   2.27001 0.0230194 180.013       0       0 -0.13     0 -1.03  -0.455182  0.0144772 -0.0149853  4.10349e-05   0.00183241 -0.000661134   0.020358 -0.0267804 0.00891977    0.0721 0.0687954   9.80849  38169
             46.4036  -0.294517   0.310628 -0.0987492   1.28798   2.26455 0.0251139 180.013       0       0 -0.13     0 -1.03  -0.358033 -0.0220504  0.0449152  0.000112927   0.00199462 -0.000595276  0.0153842 -0.0253276 0.00797462  0.074236 0.0670427   9.80849  38060
             46.6035  -0.289641   0.293794 -0.0415312   1.20324   2.26106 0.0225988 180.013       0       0 -0.13     0 -1.03  -0.447624 -0.0241026 -0.0180807  0.000133824   0.00191612 -0.000651628  0.0171787 -0.0256829 0.00814382 0.0734918 0.0676737   9.80849  38098
             47.0032 -0.284602  0.279203  -0.17829  1.09441  2.26809 0.024671 180.013       0       0 -0.13     0 -1.03  -0.216604  0.0487034 -0.0562524  0.000518162   0.00102025 -0.000561044  0.0139462 -0.0277592 0.00777069 0.0755704 0.0677251   9.80848  38176
             47.2031 -0.282632  0.266774 -0.337318   1.0265  2.27668 0.023111 180.013       0       0 -0.13     0 -1.03 -0.303795 0.0400963 0.0142767 0.000638782  0.00199006 -0.00038559  0.0166666 -0.0274735 0.00635132 0.0743908 0.0682901   9.80848  38130
             47.4029 -0.281429  0.252804 -0.379771   0.94523   2.28251 0.0222783 180.013       0       0 -0.13     0 -1.03  -0.385751  0.0267085 -0.0193762   0.00056249   0.00200901 -0.000303122  0.0200793 -0.0268268 0.00631733 0.0727067     0.069   9.80849  38182
             47.6027 -0.274871  0.239437 -0.565822  0.828532   2.28135 0.0228294 180.013       0       0 -0.13     0 -1.03   -0.562963 -0.00604626  -0.0297385   0.00053881   0.00153436 -9.91799e-05  0.0270821     -0.024 0.00473303 0.0688467  0.070072   9.80851  38192
             48.2024 -0.269551  0.199282 -0.914252  0.593617   2.28665 0.0220686 180.013       0       0 -0.13     0 -1.03   -0.291301 -0.00410014   0.0270589  0.000341635 -0.000178808  0.000143853  0.0240339 -0.0244866 0.00133885 0.070327 0.069297   9.8085  38110
             48.4022 -0.268238  0.200287 -0.928188  0.522598    2.2941 0.0193852 180.013       0       0 -0.13     0 -1.03  -0.367665  0.0352377 -0.0501977 0.000692953 0.000177102  9.7725e-05  0.0249463 -0.0248686 0.00215075 0.0700858 0.0697704    9.8085  38150
             48.6021 -0.252163    0.1918 -0.932885 0.417545  2.31954 0.010371 180.013       0       0 -0.13     0 -1.03  -0.528005   0.114026 -0.0487844 0.000804613 8.11368e-05 0.000149408  0.0308229 -0.0268899 0.00326171 0.0688599 0.0729081   9.80849  38194
             49.0018 -0.441327  0.706985  -1.19836   0.343221    2.31939 -0.0361058 180.013       0       0 -0.13     0 -1.03 -0.0374055  -0.073887  -0.126144  5.2723e-06 -0.00151683 0.000286504  0.0224608  -0.026358 0.00543393 0.0715709   0.06933   9.80849  38341
             49.2017 -0.274345    0.1869  -1.33412  0.262546   2.29377 0.0144893 180.013       0       0 -0.13     0 -1.03 -0.383242 -0.119795  0.238299 -0.000589224   0.00173601   0.00035368   0.0309539  -0.0221761 -0.00758234 0.0702959 0.0720262   9.80848  38325
             49.4015 -0.269923  0.177301  -1.47634   0.12698   2.30193 0.0193432 180.013       0       0 -0.13     0 -1.03 -0.658939 0.0432801 0.0232549 -0.000383114   0.00225346  0.000490406   0.0412983  -0.0255809 0.000684159 0.0676323 0.0774956   9.80846  38438
             49.6014 -0.265545  0.160294  -1.45994 0.0371369   2.32249 0.0137702 180.013       0       0 -0.13     0 -1.03  -0.459288  0.0841799 -0.0195257 -0.000219462   0.00265891  0.000314025  0.0338512 -0.0304929 0.00246732  0.072122 0.0754569   9.80844  38260
             50.0011 -0.278998  0.146243  -1.62596 -0.0951184    2.34069   0.017547 180.013       0       0 -0.13     0 -1.03  -0.25054  0.029303 0.0459439 -0.000330273   0.00176092  0.000505111  0.0307116 -0.0310329 0.00233856 0.0732574  0.074115   9.80845  38427
              50.201 -0.275862   0.14243  -1.78578 -0.186961   2.33073 0.0098009 180.013       0       0 -0.13     0 -1.03  -0.463259 -0.0528197  -0.067926 -0.000849846   0.00275539  0.000578382  0.0340427  -0.028225 0.00454211 0.0712074   0.07477   9.80846  38325
             50.6021 -0.272821  0.135653  -1.95943 -0.344458   2.34644 0.0102357 180.013       0       0 -0.13     0 -1.03 -0.363591 0.0794735  0.051777 -0.000578922    0.0027308  0.000846852  0.0318476 -0.0323575 0.00337948 0.0738107 0.0747529   9.80844  38604
             50.9991 -0.261362   0.12491  -2.10422   -0.59913    2.39941 -0.0146014 180.013       0       0 -0.13     0 -1.03 -0.892858  0.152344 -0.111491 -0.000486554   0.00373433  0.000872365  0.0367401 -0.0302854 0.00531398  0.071678 0.0768805   9.80844  38321
              51.199 -0.25103  0.10783 -2.03461  -0.684199    2.39361 -0.0217095 180.013       0       0 -0.13     0 -1.03  -0.654744 -0.0495506  -0.032184 -0.00189768 -0.00153942 0.000814902  0.0189967 -0.0325712 0.00284993 0.0755439 0.0676426   9.80848  38182
             51.7986 -0.742877   1.51836  -1.89154    -0.51468     2.26842 -0.00783268 180.013       0       0 -0.13     0 -1.03    0.84998  -0.266554 0.00130393 -0.00140749  -0.0036811 0.000786348 -0.00313565  -0.0457156 -0.00129083 0.0872712 0.0575212   9.80844  38545
             52.1997 -0.725896   1.56377  -1.63315  -0.511118    2.16787 0.00516847 180.013       0       0 -0.13     0 -1.03 -0.255073 -0.240134 0.0169343  -0.0013502 -0.00213744 0.000663402 0.00924093 -0.0401433 -0.0029432 0.0826858 0.0627573   9.80845  38766
             52.3995 -0.713945   1.54026  -1.42162  -0.522671    2.10058 0.00715634 180.013       0       0 -0.13     0 -1.03 -0.0796686  -0.347804  0.0201531 -0.00172637 -0.00298845  0.00052318  0.00160121  -0.0404042 -0.00145123 0.0839541 0.0589162   9.80846  38496
             52.5981 -0.720304   1.50094  -1.61713 -0.550446   2.03183 0.0140968 180.013       0       0 -0.13     0 -1.03  -0.155347  -0.341866 -0.0164074 -0.00196044 -0.00276365 0.000680968  0.00225962  -0.0398246 -0.00115193 0.0833949 0.0590647   9.80847  38232
             52.9992 -0.712259   1.52384  -1.51003 -0.539199   1.90369 0.0206426 180.013       0       0 -0.13     0 -1.03 0.0854701 -0.304497 0.0130401 -0.00264703 -0.00357954 0.000645795  -0.00258741   -0.0388756 -0.000470639 0.0838598  0.056531   9.80848  38836
              53.199 -0.712246   1.52334  -1.41597 -0.522439   1.84218 0.0152353 180.013       0       0 -0.13     0 -1.03  0.0814009  -0.314019 -0.0440556 -0.00249434 -0.00362438 0.000417403 -0.00303916  -0.0396153 3.01753e-06 0.0841153 0.0564034   9.80848  38517
             53.3976 -0.696233   1.49829  -1.36104 -0.536589   1.77139 0.0174724 180.013       0       0 -0.13     0 -1.03   -0.08287  -0.358574 0.00376553 -0.00261288 -0.00327144 0.000443672  0.00117064  -0.0369096 -0.00179743 0.0825282 0.0576968   9.80848  38283
             53.5975 -0.688337   1.50158   -1.3402 -0.529902   1.69093 0.0251853 180.013       0       0 -0.13     0 -1.03 0.0193774 -0.425104 0.0390638 -0.00277519 -0.00322606  0.00034216 -0.00232004  -0.0375994 -0.00435329 0.0846752 0.0565161   9.80847  38518
             53.9986 -0.670582   1.50147  -1.43419 -0.560121   1.55292 0.0255968 180.013       0       0 -0.13     0 -1.03  -0.153824  -0.291473 -0.0124359 -0.00238838 -0.00274539 0.000393782 0.000547984  -0.0383679 -0.00598352 0.0847698 0.0579589   9.80846  38414
             54.1985 -0.688952   1.50459  -1.47295 -0.511951   1.48651 0.0299851 180.013       0       0 -0.13     0 -1.03  0.213484 -0.374151 0.0543415 -0.00285064 -0.00609736  0.00023786 -0.00738275  -0.0393533 -0.00481781 0.0869034 0.0551979   9.80846  38468
             54.5983 -0.659427   1.50988  -1.17687 -0.561394   1.35362  0.036931 180.013       0       0 -0.13     0 -1.03 -0.256001 -0.262794  0.061294  -0.00266155  -0.00499582 -6.35727e-05  0.00053813  -0.0384873 0.000131743 0.0829956 0.0582668   9.80848  38831
             55.9975 -0.568586   1.52787  -1.01147 -0.657005  0.886132 0.0303045 180.013       0       0 -0.13     0 -1.03 0.0572921 -0.338863 0.0668636  -0.00274325  -0.00773707 -0.000204139 0.000533038   -0.038182 -0.00583035 0.0844554 0.0585842   9.80846  38493
             56.1974  -0.58223   1.50536 -0.883691 -0.614268   0.82785 0.0387317 180.013       0       0 -0.13     0 -1.03  0.214525 -0.307637 0.0596119   -0.0028501  -0.00748332 -0.000357264 -0.000943964    -0.039208  -0.00185435 0.0841482 0.0581454   9.80847  38503
             56.5982 -0.56537  1.45483  -0.9308 -0.640618   0.69096 0.0345783 180.013       0       0 -0.13     0 -1.03  -0.183934  -0.326053 -0.0448185  -0.00271226  -0.00659476 -0.000283565  0.00559947  -0.0380933 0.000319855 0.0812848 0.0597121   9.80848  38846
             56.9969 -0.549464   1.47753 -0.826873 -0.637045  0.542997 0.0427502 180.013       0       0 -0.13     0 -1.03 0.0691379  -0.42962 0.0413313 -0.00278268 -0.00743353 -0.00032367  0.00140137  -0.0388908 -0.00161352 0.0833219 0.0587921   9.80847  38950
             57.1951  -0.51322   1.46262 -0.726331 -0.668078  0.466098 0.0463055 180.013       0       0 -0.13     0 -1.03  -0.166283  -0.384552 -0.0640244  -0.00249179   -0.0057129 -0.000331141  0.00598687  -0.0385264 -0.00268103 0.0823621 0.0601078   9.80847  38636
             57.3964  -0.54738   1.46943 -0.683073 -0.651504  0.405208 0.0416855 180.013       0       0 -0.13     0 -1.03  0.033938 -0.404971 -0.087496  -0.00222365   -0.0062022 -0.000598573 -0.00200795  -0.0450466 -0.00416576 0.0868625 0.0599712   9.80843  39177
             57.5976 -0.508584   1.46957 -0.564178 -0.701725  0.348128 0.0375794 180.013       0       0 -0.13     0 -1.03  -0.312214  -0.326453 -0.0652625  -0.00217829  -0.00634834 -0.000666342  0.0103625 -0.0489252 -0.0108847 0.0858351 0.0643947   9.80841  39247
              57.996 -0.484685   1.48046 -0.741886 -0.676296  0.226885 0.0439827 180.013       0       0 -0.13     0 -1.03   0.19102 -0.342834 0.0606233   -0.0016662  -0.00812971 -0.000608251 0.00407821  -0.051942 -0.0139006 0.0892382 0.0639668   9.80839  38964
             58.1972 -0.511262   1.46952 -0.639946 -0.666797  0.150005 0.0548549 180.013       0       0 -0.13     0 -1.03  0.012614 -0.399205 0.0148673 -0.00201937 -0.00741171 -0.00083423 0.00561863 -0.0509822 -0.0124433 0.0881314 0.0640139    9.8084  39183
             58.3971 -0.483797   1.46957  -0.40953 -0.688853 0.0674359 0.0506196 180.013       0       0 -0.13     0 -1.03  -0.125455  -0.384365 -0.0340478 -0.00218702 -0.00699002 -0.00111006  0.0100115 -0.0499536 -0.0125701 0.0866344 0.0647393    9.8084  38909
             58.5956 -0.481132   1.46041 -0.453075 -0.718292 0.0032961 0.0468432 180.013       0       0 -0.13     0 -1.03  -0.175627  -0.342072 -0.0576902 -0.00212369 -0.00706162 -0.00106313  0.0112514 -0.0528483 -0.0146245 0.0873949 0.0659227   9.80839  38573
             58.9954  -0.50012   1.49875 -0.402243 -0.730702 -0.142237 0.0556776 180.013       0       0 -0.13     0 -1.03  0.019477  -0.35513 0.0963752 -0.00233734 -0.00725138 -0.00103626  0.0092403 -0.0522696 -0.0171173 0.0885325 0.0655312   9.80838  38817
             59.1953 -0.477217   1.49257 -0.562676 -0.744127 -0.214225 0.0495049 180.013       0       0 -0.13     0 -1.03  -0.0994293   -0.329447 -0.00457311 -0.00247945 -0.00690874 -0.00075641 0.00940029  -0.052397 -0.0153077 0.0879068 0.0651962   9.80839  38797
             59.3952 -0.467317   1.47313 -0.578736 -0.736444 -0.269397 0.0404572 180.013       0       0 -0.13     0 -1.03  0.0143068  -0.320977 -0.0311421  -0.00232686  -0.00703663 -0.000817548  0.0049381 -0.0550599  -0.015336 0.0896732 0.0652605   9.80837  38858
              59.595 -0.456281   1.46416  -0.44411 -0.717304 -0.329535 0.0427329 180.013       0       0 -0.13     0 -1.03 0.0480383 -0.319793 0.0285243 -0.00228125 -0.00667043 -0.00115902 0.000921248  -0.0560135  -0.0164846 0.0912616 0.0647631   9.80836  38876
             60.1947 -0.433083   1.49301 -0.094076 -0.773106 -0.527797  0.050392 180.013       0       0 -0.13     0 -1.03  -0.21793 -0.355477 0.0913303 -0.00227784 -0.00547854 -0.00136471 0.00418633 -0.0558703 -0.0235721 0.0918093 0.0657587   9.80835  38580
             60.3932 -0.438505   1.47722 -0.284692 -0.766608 -0.581545 0.0461745 180.013       0       0 -0.13     0 -1.03 0.00816478  -0.277808 -0.0130578 -0.00155177  -0.0077317 -0.00118668 -0.000802175   -0.0582349   -0.0174714 0.0924309 0.0649022   9.80835  38509
             60.5944 -0.431003   1.48135 -0.294956 -0.753382 -0.650109 0.0449445 180.013       0       0 -0.13     0 -1.03  0.0212322  -0.347816 -0.0145955  -0.0014539 -0.00765012 -0.00119722 -0.00494036  -0.0551289  -0.0164237 0.0930739  0.063426   9.80835  38951
             60.7942 -0.414907   1.46211 -0.168329 -0.746853 -0.711777 0.0505956 180.013       0       0 -0.13     0 -1.03   0.0123035   -0.170363 -0.00996081 -0.00151652 -0.00755971 -0.00122091 -0.0054511 -0.0553227  -0.019389 0.0938732  0.063487   9.80835  38488
             60.9941  -0.423071    1.46986 -0.0366552 -0.766562 -0.777205 0.0506125 180.013       0       0 -0.13     0 -1.03 -0.123182  -0.19625 0.0173046  -0.0014729 -0.00756804 -0.00124047 -0.00496333   -0.053279  -0.0193089 0.0934441 0.0629756   9.80835  38634
             61.5938 -0.399862   1.45357 -0.136422 -0.782082 -0.755549  0.046051 180.013       0       0 -0.13     0 -1.03  -0.116692   0.162588 -0.0161446 -0.00165016 -0.00725422 -0.00122562 -0.0103182 -0.0613363 -0.0179793  0.095534 0.0647548   9.80832  38633
             61.9949 -0.467607   1.78506  0.289516 -0.694395 -0.755147 0.0136604 180.013       0       0 -0.13     0 -1.03   0.270868 -0.0928309 -0.0648183 -0.00198037  -0.0084038 -0.00133894 -0.0180883 -0.0603425 -0.0148141 0.0970193 0.0636932   9.80831  39193
             62.1947 -0.392319   1.51977  0.388405 -0.554836 -0.755797 0.0251019 180.013       0       0 -0.13     0 -1.03   0.664687 -0.0263655  0.0612403 -0.00152333  -0.0107132 -0.00169333 -0.0266314 -0.0620586 -0.0171406  0.100033 0.0635387   9.80828  38995
             62.3934 -0.392792   1.50985  0.496925 -0.457974 -0.756524 0.0450507 180.013       0       0 -0.13     0 -1.03     0.471036 -8.39719e-05     0.107364 -0.00163748  -0.0103483 -0.00181304 -0.0207245 -0.0629363 -0.0171134 0.0983916 0.0640442    9.8083  38850
             62.5932 -0.389795   1.53608  0.583568 -0.378702 -0.763374 0.0381691 180.013       0       0 -0.13     0 -1.03    0.355208  -0.0271118 -0.00972311  -0.0016028  -0.0104042 -0.00203135 -0.0205754 -0.0617715 -0.0106855 0.0970986 0.0635243   9.80831  39224
             62.9942 -0.403328   1.57379  0.937677 -0.159604 -0.771829 0.0445314 180.013       0       0 -0.13     0 -1.03    0.61539 -0.0337248   0.064534 -0.00161289  -0.0115717 -0.00212283   -0.027663  -0.0621532 -0.00849012 0.0986245 0.0636374    9.8083  39177
             63.3927 -0.386566   1.60011   1.16529 0.00688376  -0.764019  0.0389556 180.013       0       0 -0.13     0 -1.03  0.318617 0.0393108 0.0145439 -0.00102391  -0.0102221 -0.00260424  -0.0239453  -0.0644797 -0.00454703 0.0965367 0.0638349   9.80832  39042
             63.5939 -0.386945   1.60441   1.26855  0.104682 -0.767018 0.0360635 180.013       0       0 -0.13     0 -1.03   0.450619 -0.0115414 -0.0142361 -0.000777429  -0.00945552  -0.00269888   -0.0314248   -0.0621508 -0.000437149 0.0980237 0.0635668    9.8083  39379
             63.7938 -0.39884  1.64812  1.32262   0.20809 -0.764105 0.0371463 180.013       0       0 -0.13     0 -1.03   0.542556 -0.0400422   0.182205 -0.000813232  -0.00922514  -0.00271691  -0.0343392  -0.0631782 0.000446829 0.0985294 0.0640956    9.8083  39002
             64.1922 -0.406152   1.66518   1.65603  0.407491 -0.779414 0.0444047 180.013       0       0 -0.13     0 -1.03   0.436856 -0.0415204  0.0631834 -0.00102545  -0.0092311 -0.00327293 -0.0347727 -0.0632859 0.00204793 0.0983237 0.0641133    9.8083  38965
             64.5933 -0.428736   1.71644   1.80014  0.584034 -0.777922 0.0420417 180.013       0       0 -0.13     0 -1.03   0.423362 0.00266356 -0.0480356 -0.000450899  -0.00921563   -0.0033444 -0.0369632 -0.0657172 0.00515931 0.0979186 0.0648469    9.8083  38807
             64.7919 -0.420722   1.71643    1.8423  0.681546 -0.774844 0.0300997 180.013       0       0 -0.13     0 -1.03 0.393268 0.068826 0.111248 -0.00043254 -0.00963333 -0.00334049 -0.0387036 -0.0655819 0.00637433 0.0980452 0.0651734   9.80829  38526
             65.3928 -0.427384   1.77609   2.30546  0.949883 -0.780698 0.0431091 180.013       0       0 -0.13     0 -1.03   0.372227 -0.0222395  0.0108859 -0.000595763  -0.00976059  -0.00405209 -0.0400306 -0.0647677 0.00816324 0.0981773 0.0651423   9.80829  38622
             65.7926 -0.432545   1.78634   2.41702    1.1397 -0.770337 0.0386138 180.013       0       0 -0.13     0 -1.03   0.478818  0.0361401 0.00191592 -0.000546249   -0.0104274  -0.00412905 -0.0439183 -0.0641351  0.0119245  0.09843 0.065535  9.80829  38973
             65.9925 -0.409988   1.80784   2.41308   1.26745  -0.78007 0.0268394 180.013       0       0 -0.13     0 -1.03   0.614884 -0.0653785 -0.0722652 -0.00111806  -0.0112067 -0.00425288 -0.0478891 -0.0606286  0.0129118 0.0998783 0.0660109   9.80827  38819
             66.1924 -0.430175   1.82422   2.69123   1.34497 -0.784365 0.0225783 180.013       0       0 -0.13     0 -1.03   0.360752 -0.0103047 -0.0119492 -0.000967997   -0.0106558  -0.00462756 -0.0413236 -0.0644377  0.0119426 0.0978809 0.0650254    9.8083  38899
             66.3909 -0.436636   1.85116   2.74567   1.43439 -0.764174 0.0166218 180.013       0       0 -0.13     0 -1.03   0.405615  0.0905965 -0.0369129 -0.00071674  -0.0105197 -0.00472383 -0.0471033 -0.0681804  0.0108864 0.0980584 0.0672999   9.80828  38718
             66.5921 -0.424206   1.83554   2.82771     1.5403  -0.766049 0.00980387 180.013       0       0 -0.13     0 -1.03   0.504154 -0.0141325 -0.0245284 -0.00082775  -0.0105355 -0.00474598  -0.050992 -0.0620365  0.0108261  0.100548 0.0675408   9.80825  39107
             67.1905 -0.449794   1.88123   3.26127    1.79992   -0.75883 0.00814267 180.013       0       0 -0.13     0 -1.03  0.367502 0.0334977 0.0225289 6.95573e-05  -0.0116076 -0.00486042  -0.053705 -0.0630349  0.0134956  0.100113 0.0683035   9.80825  38405
             67.3917 -0.438891   1.93251   3.42058    1.89205  -0.759911 0.00808735 180.013       0       0 -0.13     0 -1.03    0.412844 -0.00613473   0.0305437 -0.000722424   -0.0133603  -0.00503574 -0.0557073 -0.0616729  0.0141909  0.100666 0.0687083   9.80824  38990
             67.5915 -0.431326   1.92335   3.50664    1.99512  -0.763582 0.00605378 180.013       0       0 -0.13     0 -1.03     0.479621   -0.0409091 -0.000318693 -0.000622122   -0.0137036  -0.00510378 -0.0604344 -0.0594441  0.0168712  0.101534 0.0698619   9.80823  38769
             67.7915 -0.389966   1.92848   3.46683     2.08468   -0.753762 -0.00403534 180.013       0       0 -0.13     0 -1.03  0.287631  0.129844 -0.147497 -0.00074885  -0.0137376 -0.00507797 -0.0620158 -0.0629516  0.0187178  0.100072 0.0705863   9.80824  38812
               67.99 -0.393224   1.95439   3.50805      2.1992   -0.751699 -0.00676712 180.013       0       0 -0.13     0 -1.03   0.530623  0.0161976 -0.0383469 -0.000568804   -0.0133509   -0.0051763 -0.0636244 -0.0613936  0.0180041  0.100897 0.0711265   9.80822  38626
             68.5909 -0.423885   1.98398   4.03647      2.4692   -0.754474 -0.00972531 180.013       0       0 -0.13     0 -1.03  0.392575 -0.032959 0.0014444 -0.000499791   -0.0126123   -0.0058711 -0.0634048 -0.0612451  0.0154423  0.101391 0.0712564   9.80822  38923
             68.7895 -0.381307   1.99141   3.87138   2.58271 -0.749703 0.0084319 180.013       0       0 -0.13     0 -1.03  0.453528 0.0922578 -0.315327 -0.000489776    -0.012435  -0.00585158 -0.0650875 -0.0609335  0.0088536  0.103194 0.0725018   9.80819  38532
             69.1907 -0.437406   2.00747   4.35111    2.76802  -0.744567 -0.0202709 180.013       0       0 -0.13     0 -1.03   0.417112  0.0090063 -0.0572056 -0.000579385   -0.0121444  -0.00657311 -0.0648891 -0.0599467 0.00676508  0.103895 0.0725637   9.80818  38938
             69.5891 -0.430238   2.03313   4.44454   2.94697 -0.734894 -0.035696 180.013       0       0 -0.13     0 -1.03    0.42431  0.0237751 -0.0256527 -0.000616801   -0.0123636  -0.00653856 -0.0678438 -0.0586061 0.00784582  0.104409 0.0735637   9.80817  38916
             69.9901 -0.411605    2.0471   4.65278    3.12494  -0.723378 -0.0352376 180.013       0       0 -0.13     0 -1.03   0.456142  0.0279405 0.00943969 -0.000730092   -0.0121661  -0.00659774 -0.0667425 -0.0584178 0.00517318  0.10487 0.073344  9.80817  38982
             70.1887 -0.407303   2.07665   4.76208    3.19906  -0.722777 -0.0257529 180.013       0       0 -0.13     0 -1.03   0.358212 0.00126476  0.0465345 -0.000859053    -0.011421  -0.00673619 -0.0643469 -0.0587938  0.0040089  0.104846 0.0724377   9.80817  38503
             70.3899 -0.438764   2.10871   4.86823    3.25306  -0.712351 -0.0261784 180.013       0       0 -0.13     0 -1.03  0.297627 0.0672008 0.0059168 -0.000682875    -0.010787  -0.00677952 -0.0619225 -0.0631703 0.00692819  0.102573 0.0710964   9.80821  39020
             70.5898 -0.414975    2.0589   4.76902     3.3453  -0.716353 -0.0411732 180.013       0       0 -0.13     0 -1.03   0.494914 -0.0166221 -0.0643778 -0.000889946   -0.0107614  -0.00668124 -0.0671303 -0.0556013  0.0110974  0.105257 0.0730862   9.80816  38768
             70.7897 -0.424343   2.09964   4.93344   3.37481 -0.724768 -0.043196 180.013       0       0 -0.13     0 -1.03   0.293051 -0.0268819 -0.0309479 -0.000854147   -0.0105508   -0.0066662 -0.0527794 -0.0621364 0.00939552   0.10288 0.0667516   9.80823  38745
             70.9882 -0.431339   2.09634   4.96571    3.31916  -0.722436 -0.0392815 180.013       0       0 -0.13     0 -1.03 -0.32804 0.102578 0.027434 -0.000976049   -0.0112739  -0.00649649 -0.0488496 -0.0641678 0.00918775  0.102059 0.0650442   9.80825  38362
             71.1894 -0.461398    2.1306   4.80087    3.31147  -0.709736 -0.0222889 180.013       0       0 -0.13     0 -1.03 -0.10239  0.16161 0.110089 -0.000803038   -0.0108175  -0.00639762 -0.0564448 -0.0504923 0.00845952  0.107937 0.0687107   9.80817  38810
             71.5892 -0.43617  2.09553  4.85348    3.32698  -0.553569 -0.0388717 180.013       0       0 -0.13     0 -1.03  0.0489855   0.439168 -0.0602053 0.000317772  -0.0113899 -0.00630232 -0.0738027 -0.0564999  0.0174754  0.103943 0.0751939   9.80816  38556
             71.7891 -0.437667   2.09279   4.61476    3.32581  -0.492213 -0.0391127 180.013       0       0 -0.13     0 -1.03  0.016892  0.210935 0.0969019 0.000297592  -0.0113036 -0.00626248  -0.070381 -0.0544661  0.0160926  0.105071 0.0738654   9.80816  38463
              71.989 -0.442646   2.10795   4.69008    3.31274  -0.454732 -0.0465365 180.013       0       0 -0.13     0 -1.03 -0.0864419   0.191578 0.00741614 0.000151946  -0.0112886 -0.00623125 -0.0699199 -0.0545326  0.0170023  0.104946 0.0735929   9.80816  38423
             72.3888 -0.466756    2.1062   4.66303    3.29392  -0.372172 -0.0391161 180.013       0       0 -0.13     0 -1.03  -0.0811668    0.175487 -0.00974436 0.000149067  -0.0112643 -0.00606626 -0.0742018 -0.0543566  0.0174048   0.10501 0.0752547   9.80815  38375
             72.5874 -0.463973   2.10347   4.47666   3.30845 -0.327388 -0.041297 180.013       0       0 -0.13     0 -1.03   0.064271   0.217093 -0.0630202 0.000184328  -0.0116151 -0.00589326 -0.0799885 -0.0536914  0.0150873  0.105608 0.0777948   9.80812  38067
             72.9886 -0.722033   2.08603   4.51328    3.33765  -0.224601 -0.0123297 180.013       0       0 -0.13     0 -1.03 0.0497659  0.305801  0.187115 3.44424e-05  -0.0116678  -0.0058919 -0.0802637 -0.0532433  0.0127107  0.106083 0.0781684   9.80811  38268
             73.1884 -0.552239   2.12388   4.60683    3.33781  -0.199366 -0.0228387 180.013       0       0 -0.13     0 -1.03 -0.0224188   0.123276  -0.038451 -0.00144555  -0.0115404 -0.00599538 -0.0796755  -0.050626  0.0159436  0.106659 0.0771354   9.80812  38213
             73.3882 -0.538253   2.12154   4.57911   3.31806 -0.154927 -0.026153 180.013       0       0 -0.13     0 -1.03 -0.119565  0.223261 0.0342911 -0.000887379   -0.0113539  -0.00594568 -0.0795093 -0.0571136  0.0191836  0.103899 0.0768355   9.80815  38196
             73.5881 -0.587698     2.109   4.64994    3.30004  -0.111783 -0.0240958 180.013       0       0 -0.13     0 -1.03 -0.115871   0.22539 0.0530577 -0.00103888  -0.0113943 -0.00595289 -0.0821183 -0.0542665  0.0232546  0.104556 0.0774524   9.80814  38170
             73.9866 -0.514243   2.12336   4.56738    3.30468 -0.0392773 -0.0319627 180.013       0       0 -0.13     0 -1.03  0.0452685   0.151982 -0.0232931 -0.00139092  -0.0120301  -0.0058842 -0.0847496 -0.0521885  0.0285191  0.104671 0.0780274   9.80813  37866
             74.1878 -0.545899   2.13369   4.36804   3.29882 0.0174845 -0.030843 180.013       0       0 -0.13     0 -1.03 -0.0697603   0.291406  0.0188524 0.000561633   -0.011841 -0.00551824 -0.0852708  -0.056124   0.027075 0.103404 0.078276  9.80814  38432
             74.3878 -0.545764   2.12793   4.33228    3.32922  0.0446881 -0.0351849 180.013       0       0 -0.13     0 -1.03   0.119257   0.109311 -0.0139407 9.15667e-05  -0.0125268 -0.00533982 -0.0938699 -0.0442803  0.0303762  0.107473 0.0809034   9.80808  37957
             74.5876 -0.565131   2.14617   4.42905    3.30147   0.063413 -0.0316491 180.013       0       0 -0.13     0 -1.03 -0.134927 0.0956884  0.029165 -2.76939e-05   -0.0124434  -0.00548827 -0.0820262 -0.0478088  0.0295255  0.105916 0.0769962   9.80813  38071
             74.9874 -0.547815   2.11537   4.23254   3.35182  0.145772 -0.030669 180.013       0       0 -0.13     0 -1.03  0.281747  0.267461 0.0202137 0.000160391  -0.0130826 -0.00546535 -0.0901284 -0.0472887  0.0328445    0.106 0.079531   9.8081  38287
             75.1874 -0.573934   2.13486   4.37782    3.36315   0.191491 -0.0290725 180.013       0       0 -0.13     0 -1.03 0.0365082  0.266616 0.0195064 -0.000126047   -0.0110098  -0.00558706 -0.0862565 -0.0477254  0.0323886  0.105817 0.0782559   9.80812  38102
             75.3872 -0.580708   2.13201   4.44355    3.35372   0.233766 -0.0272999 180.013       0       0 -0.13     0 -1.03 -0.071028  0.211762 0.0569351 -0.00019316   -0.010846 -0.00558596 -0.0835467 -0.0470465  0.0338499  0.105727 0.0772538   9.80813  38129
             75.5857 -0.592057   2.13191   4.55345    3.35474   0.284334 -0.0324835 180.013       0       0 -0.13     0 -1.03 -0.0257271   0.258071 -0.0304764 -0.000243267   -0.0105556  -0.00581433 -0.0911264 -0.0491093  0.0367221  0.105056 0.0796215   9.80811  38079
             75.9869 -0.653625   2.11462   4.25181     3.3093   0.413337 -0.0381924 180.013       0       0 -0.13     0 -1.03 -0.175725  0.343626 0.0161244 -0.000330855   -0.0104053  -0.00565814 -0.0911174 -0.0497296  0.0414016  0.104374 0.0791663   9.80813  38567
             76.1869 -0.662521   2.11007   4.16117     3.3001   0.484778 -0.0312084 180.013       0       0 -0.13     0 -1.03 -0.0900119   0.326137 -0.0144366 -0.000461938    -0.012406  -0.00548311 -0.0946333 -0.0478054  0.0413729   0.10505 0.0804769   9.80811  38252
             76.3853 -0.618673   2.11557   4.09524    3.31706   0.533063 -0.0419827 180.013       0       0 -0.13     0 -1.03  0.0414483   0.235091 -0.0294084 -0.000493456   -0.0129934  -0.00533779  -0.102638 -0.0398523  0.0431767  0.107726 0.0824678   9.80806  37968
             76.5852 -0.655824   2.12246   4.04893    3.33151   0.592554 -0.0427036 180.013       0       0 -0.13     0 -1.03  0.0579515   0.279327 -0.0171317 -0.000326309   -0.0128321  -0.00526071  -0.104806 -0.0417756  0.0411155  0.107503 0.0833459   9.80806  38280
             76.9865 -0.803285   2.09467   4.11901   3.30789  0.746064 -0.047255 180.013       0       0 -0.13     0 -1.03  -0.133978   0.433306 -0.0718965 -0.000187622   -0.0120223  -0.00530848  -0.102317 -0.0432509  0.0359772  0.107462 0.0832149   9.80806  37926
             77.1848 -0.605072   2.06574   4.11959      3.315   0.813507 -0.0734727 180.013       0       0 -0.13     0 -1.03 0.00681197   0.329752 -0.0958438 -0.00159186  -0.0139023 -0.00509248 -0.106132 -0.039382  0.037269   0.10866 0.0838207   9.80804  37645
             77.3862 -0.625083   2.07363   3.98575    3.32962   0.888971 -0.0714449 180.013       0       0 -0.13     0 -1.03  0.0482299   0.332175 -0.0376538 -0.00133491  -0.0140648 -0.00476431  -0.109639 -0.0383943  0.0325029  0.109631 0.0852638   9.80802  38086
             77.5861 -0.660723   2.05199   3.90499    3.33261   0.966822 -0.0762567 180.013       0       0 -0.13     0 -1.03  0.0216308   0.355713 -0.0160556 -0.00130874  -0.0138574 -0.00460803  -0.110161 -0.0449508  0.0316375  0.107869 0.0858431   9.80803  37914
             77.7861 -0.665889   2.08406   3.80742    3.34473    1.03761 -0.0632974 180.013       0       0 -0.13     0 -1.03 0.0255341  0.231335 0.0244973  -0.0013477  -0.0137979 -0.00459468  -0.112051 -0.0451286  0.0266135   0.10847 0.0866258   9.80802  37879
             77.9844 -0.662758   2.10058   3.90553    3.35342     1.1067 -0.0648825 180.013       0       0 -0.13     0 -1.03   0.0198612     0.37568 -0.00324732 -0.00152942  -0.0135881 -0.00466477  -0.112584 -0.0456164  0.0269723  0.108358 0.0867777   9.80802  37275
             78.1857 -0.672523   2.09995   3.90709    3.35568    1.18297 -0.0692929 180.013       0       0 -0.13     0 -1.03 -0.000822442     0.341758   -0.0409143 -0.00161895  -0.0133843 -0.00467394  -0.112555 -0.0469198  0.0278974  0.107935 0.0868019   9.80802  37473
             78.5854 -0.766717   2.03677   3.74185    3.32647    1.33329 -0.0772015 180.013       0       0 -0.13     0 -1.03 -0.121455  0.396531  0.023487 -0.00203684  -0.0135154 -0.00422339  -0.113838 -0.0457375  0.0319095  0.107958 0.0867835   9.80802  36398
             78.9852 -0.871827   1.99771   3.56706    3.32706    1.48632 -0.0801612 180.013       0       0 -0.13     0 -1.03  0.0264556     0.3252 -0.0461496 -0.00183456  -0.0148746 -0.00415234  -0.117912 -0.0451511  0.0259946  0.108779 0.0883444     9.808  36132
             79.1865 -0.74595  2.11027  3.68649     3.3692    1.53668 -0.0819327 180.013       0       0 -0.13     0 -1.03   0.204429   0.243996 -0.0233375 -0.00303689  -0.0166895 -0.00418961  -0.121684 -0.0417935  0.0250434  0.109852 0.0890474   9.80798  36240
             79.3863 -0.734144   2.09231   3.62812    3.37252    1.60162 -0.0875004 180.013       0       0 -0.13     0 -1.03 0.0160052  0.295515 -0.114101 -0.00245976  -0.0157332 -0.00423084  -0.114588 -0.0494932  0.0224729  0.107782 0.0883274   9.80801  35928
             79.5849 -0.699546   2.00798   3.66541    3.33981    1.66561 -0.0820153 180.013       0       0 -0.13     0 -1.03 -0.179873   0.29201 -0.127502 -0.00255603  -0.0154272 -0.00399953  -0.105409 -0.0544184  0.0104263  0.107028 0.0874512   9.80803  35361
              79.986 -0.721135   2.05563   3.56281    3.33674    1.80429 -0.0798293 180.013       0       0 -0.13     0 -1.03 0.0703901  0.303782 0.0383956 -0.00177499  -0.0167358 -0.00389124  -0.111149 -0.0561801 0.00808187  0.107263 0.0889816   9.80801  35489
             80.3845 -0.724628   2.07177    3.6799    3.42484     1.8882 -0.0790112 180.013       0       0 -0.13     0 -1.03  0.252614 0.0400104 0.0149555 -0.00140856  -0.0178373 -0.00430311  -0.116678 -0.0558557  0.0116964  0.107501 0.0901362     9.808  34621
             80.5843 -0.740619   2.07265   3.67677    3.40875    1.89165 -0.0828193 180.013       0       0 -0.13     0 -1.03 -0.0885683  0.0206988 -0.0115139 -0.00170411  -0.0187122 -0.00421353   -0.10353 -0.0589216  0.0147357  0.105405 0.0876555   9.80804  35020
             80.9842 -0.761547   2.10697   3.74942    3.33753    1.88912 -0.0695461 180.013       0       0 -0.13     0 -1.03  -0.137598 -0.0121858  0.0596993  -0.0017706  -0.0182142 -0.00418222 -0.100773 -0.058819 0.0137456 0.105305 0.087118  9.80805  34723
             81.1841 -0.739602   2.06401   3.46088   3.32109   1.90442 -0.067395 180.013       0       0 -0.13     0 -1.03 -0.0532429   0.051715  0.0238479 -0.000676663   -0.0180666  -0.00346969  -0.101402 -0.0608138  0.0143278  0.104815 0.0873395   9.80805  35179
              81.384 -0.768326   2.07547   3.24658    3.24722    1.90034 -0.0692684 180.013       0       0 -0.13     0 -1.03    -0.390153   -0.0244696 -0.000884304 -0.000986178   -0.0164513  -0.00327508 -0.0887865 -0.0621007  0.0175327  0.103293 0.0846247   9.80809  35203
             81.5852 -0.75153  2.05961  3.20976    3.16025    1.89312 -0.0638448 180.013       0       0 -0.13     0 -1.03  -0.463739 -0.0254311  0.0236208 -0.00101963  -0.0160523  -0.0030419 -0.0876006 -0.0617805   0.016945  0.103299 0.0844135   9.80809  35814
             81.9837 -0.773607   2.04335   2.89639    3.07584     1.8827 -0.0558303 180.013       0       0 -0.13     0 -1.03 -0.00276067  -0.0408763 0.000804352 -0.00103603  -0.0161376 -0.00294854 -0.0946676 -0.0609011  0.0150666  0.104267 0.0855923   9.80807  36059
             82.1836 -0.772349   2.04642   2.78502    2.98186    1.88004 -0.0573968 180.013       0       0 -0.13     0 -1.03  -0.456785 -0.0084356  0.0196694 -0.000412677   -0.0134727  -0.00271859 -0.0907446 -0.0622949  0.0151294  0.103738 0.0852435   9.80808  36226
             82.3848 -0.755935   2.02078   2.73068    2.91052     1.8821 -0.0546306 180.013       0       0 -0.13     0 -1.03    -0.392606 -0.000604578    0.0327532 -0.000380284   -0.0135948  -0.00264796 -0.0965263 -0.0617283  0.0138796  0.104507 0.0858876   9.80807  36585
             82.9845 -0.73936  1.96766  2.50878    2.71098    1.88076 -0.0491972 180.013       0       0 -0.13     0 -1.03  -0.310574  -0.022214 0.00973414 -0.000249621   -0.0129937  -0.00210678   -0.10237 -0.0619054  0.0172044  0.104832 0.0863861   9.80806  37245
             83.1843 -0.746014   1.96891   2.45644    2.64846    1.87979 -0.0472148 180.013       0       0 -0.13     0 -1.03  -0.335323 -0.0186531 0.00191107 -0.000298837   -0.0127788   -0.0020107  -0.102486 -0.0620886  0.0139491  0.105155 0.0865419   9.80805  37275
             83.3828 -0.740559   1.96218   2.38372    2.58558    1.88152 -0.0401435 180.013       0       0 -0.13     0 -1.03   -0.344595 -0.00292241 -0.00592421 -0.000324592    -0.012537  -0.00170609  -0.104175 -0.0629908  0.0112288  0.105511 0.0868805   9.80805  37555
             83.5828 -0.750726   1.94947   2.24916   2.54101   1.87114 -0.034411 180.013       0       0 -0.13     0 -1.03   -0.258138  -0.0601669 -0.00666619 -0.000150653   -0.0120021  -0.00149714   -0.11234 -0.0588282  0.0095728  0.106833 0.0870524   9.80803  37991
             83.9839 -0.743363   1.92955   2.15811    2.40933    1.87898 -0.0333929 180.013       0       0 -0.13     0 -1.03  -0.390201  0.0635254 -0.0122342 0.000320448  -0.0116588 -0.00146114  -0.110494 -0.0613006 0.00714824  0.106677 0.0872984   9.80803  38417
             84.1826 -0.747743   1.93004   2.22712    2.33252    1.87624 -0.0338593 180.013       0       0 -0.13     0 -1.03  -0.397129 -0.0128365 -0.0297521 -0.00059411  -0.0117661 -0.00143588  -0.110771 -0.0595815  0.0062904  0.106813 0.0871372   9.80803  38497
             84.5836 -0.754024   1.91791   1.99545   2.21128   1.87884 -0.033317 180.013       0       0 -0.13     0 -1.03   -0.305916 -0.00429832  0.00121343 -0.000468958   -0.0115466  -0.00108296  -0.117577 -0.0607854 0.00501242  0.107605 0.0875805   9.80802  39066
             84.9821 -0.740587   1.87802    1.7386    2.09948    1.88353 -0.0332868 180.013       0       0 -0.13     0 -1.03    -0.29567 -0.00127973  -0.0383621 -0.000418413   -0.0116563 -0.000962427    -0.118979   -0.0615088 -0.000371018 0.108097 0.087885  9.80801  38818
             85.1819 -0.755487   1.88513   1.65922    2.05101    1.86734 -0.0262335 180.013       0       0 -0.13     0 -1.03   -0.25138 -0.0781557  0.0322678  -0.00148797   -0.0121199 -0.000817447    -0.120035   -0.0595263 -0.000888152  0.108246 0.0877228   9.80801  39178
             85.5831 -0.749698   1.89226   1.63051    1.88148    1.87807 -0.0274458 180.013       0       0 -0.13     0 -1.03  -0.482832  0.0560607 -0.0331567  -0.00112316   -0.0114224 -0.000794798   -0.112301  -0.0665489 0.000649798  0.107469 0.0885732   9.80801  39154
             85.7817 -0.725437   1.86017   1.53087   1.80321   1.88019 -0.029498 180.013       0       0 -0.13     0 -1.03 -0.244122 0.0380696 -0.027852 -0.00101082  -0.0112475 -0.00077713   -0.114692  -0.0650048 -0.00122243  0.107797 0.0883809   9.80801  38933
             85.9829 -0.744097   1.85884   1.43918    1.75193    1.88518 -0.0319541 180.013       0       0 -0.13     0 -1.03   -0.27378 0.00570311 0.00842463 -0.000967095   -0.0112076 -0.000759187   -0.114699  -0.0649585 -0.00113624  0.107793 0.0883742   9.80801  39409
             86.1829 -0.721528   1.83747   1.49632    1.70672    1.87839 -0.0314779 180.013       0       0 -0.13     0 -1.03   -0.242908  -0.0382668 -0.00513252 -0.000995002   -0.0111457 -0.000967902    -0.116429    -0.063665 -0.000949535  0.107901 0.0881689   9.80801  39101
             86.3827 -0.712738   1.78414   1.37009    1.6184   1.87956 -0.023436 180.013       0       0 -0.13     0 -1.03  -0.441138 0.00272211  0.0375242  -0.00109942   -0.0107494 -0.000551622   -0.106289   -0.067177 -0.00160286  0.107066 0.0889633   9.80801  39196
             86.5813 -0.740562   1.80161   1.22236   1.53758   1.87334 -0.018134 180.013       0       0 -0.13     0 -1.03  -0.427917 -0.0294872 -0.0062048  -0.00104994   -0.0107146 -0.000230291   -0.109068  -0.0652933 -0.00183952  0.107295 0.0886823   9.80801  38705
             86.9824 -0.736457   1.79269   1.00034     1.3719    1.87581 -0.0245424 180.013       0       0 -0.13     0 -1.03  -0.441621  0.0221037 -0.0384751 -0.000838812   -0.0106603 -0.000102413   -0.109323  -0.0661954 -0.00328722  0.107445 0.0887871   9.80801  39330
             87.1823 -0.775099     1.798  0.901598    1.30597    1.87565 -0.0210755 180.013       0       0 -0.13     0 -1.03   -0.36032 0.00510888   0.022118 -0.00117154  -0.0123453  1.6744e-05    -0.11298  -0.0655443 -0.00437709    0.1078 0.0884297   9.80801  39164
             87.3809 -0.758002   1.78313  0.831219    1.22592     1.8795 -0.0185379 180.013       0       0 -0.13     0 -1.03   -0.41835  0.0106761 -0.0092503 -0.00105187  -0.0120329 0.000207182   -0.111628   -0.067225 -0.00670679  0.107956 0.0887413     9.808  38954
             87.9819 -0.750681   1.75174  0.688201    1.03312    1.88677 -0.0143766 180.013       0       0 -0.13     0 -1.03  -0.251282  0.0121482 0.00292353 -0.00102703  -0.0114113 0.000447999   -0.116965  -0.0685097 -0.00790795   0.10864 0.0883855     9.808  39197
             88.1804 -0.735821     1.723  0.534761     0.9656    1.89957 -0.0139906 180.013       0       0 -0.13     0 -1.03 -0.324214 0.0680023 0.0377433 -0.00103968  -0.0114466 0.000825033   -0.114474  -0.0697498 -0.00781601 0.108558 0.088772    9.808  38890
             88.5816 -0.761824   1.70319  0.418067    0.771339     1.89998 -0.00867976 180.013       0       0 -0.13     0 -1.03  -0.563943 -0.0335423  0.0372905 -0.00125123   -0.010772  0.00111584   -0.109074  -0.0664471 0.000236034  0.107373 0.0890425   9.80801  39368
             88.7815 -0.669163   1.65606  0.288955   0.711182    1.87999 0.00316117 180.013       0       0 -0.13     0 -1.03   -0.305563   -0.162121 -0.00365295 -0.00123144  -0.0111946  0.00111097    -0.11766  -0.0652502 -0.00145456  0.107951 0.0877899   9.80801  39186
               88.98 -0.721759   1.68001  0.180425   0.637005    1.90161 -0.0126873 180.013       0       0 -0.13     0 -1.03 -0.374989  0.104199 -0.076702 -0.00145803  -0.0110774  0.00134263   -0.116944  -0.0672354 -0.00124041  0.108196 0.0880591   9.80801  38874
             89.3812 -0.722983   1.65552  0.168327    0.457301     1.91379 -0.00974289 180.013       0       0 -0.13     0 -1.03   -0.491209 -0.00315017 0.000562765 -0.0014972 -0.0107505 0.00138987   -0.114292  -0.0644311 -0.00368874  0.107612 0.0882846   9.80801  39149
             89.5811     -0.71619       1.6555 -0.000611083    0.39241    1.91224 -0.0110202 180.013       0       0 -0.13     0 -1.03   -0.352776  -0.0232935 -0.00417765 -0.00147624  -0.0109818   0.0015951   -0.121546  -0.0652022 -0.00145859  0.108184 0.0871076   9.80802  39106
             89.7796 -0.719557    1.6353 -0.122158    0.323177     1.91858 -0.00851077 180.013       0       0 -0.13     0 -1.03 -0.314701 0.0185639 0.0316186 -0.0014982 -0.0109819 0.00161557   -0.120965  -0.0680043 -0.00332702  0.108665 0.0874149   9.80801  38828
             89.9809 -0.696236   1.62665  -0.24295    0.233741     1.92687 -0.00411154 180.013       0       0 -0.13     0 -1.03 -0.445713 0.0381254 0.0214106 -0.00160186  -0.0108413  0.00187192    -0.12012  -0.0680264 -0.00338815  0.108618 0.0875722   9.80801  39523
             90.1808 -0.706075   1.60675 -0.272938       0.1657       1.9179 -0.000380809 180.013       0       0 -0.13     0 -1.03  -0.363122 -0.0509175  0.0113324 -0.00142975  -0.0105728  0.00192255    -0.12611  -0.0646021 -0.00374978  0.108329 0.0862474   9.80802  39088
             90.3808 -0.732858   1.60758 -0.425625     0.09159     1.91698 -0.00241263 180.013       0       0 -0.13     0 -1.03  -0.376794 -0.0146162 -0.0028449 -0.00145086  -0.0107127  0.00220768   -0.125702  -0.0675095 -0.00151694  0.108851 0.0864853   9.80801  39112
             90.5806 -0.726936   1.59469 -0.524159 0.00824674    1.92096 0.00329171 180.013       0       0 -0.13     0 -1.03   -0.426606   0.0116623 0.000286223 -0.00136197  -0.0107052  0.00220622   -0.123232  -0.0691535 -0.00412569  0.109082 0.0870889   9.80801  39269
             90.9804 -0.693621   1.58572 -0.589786    -0.158337       1.9357 -0.000655169 180.013       0       0 -0.13     0 -1.03 -0.431667 0.0445345 0.0282441 -0.00115266  -0.0107655  0.00222945   -0.123763  -0.0702861 0.000870457  0.109296 0.0870241   9.80801  39193
             91.1803 -0.700831   1.56932 -0.742009  -0.222731     1.9357 0.00364766 180.013       0       0 -0.13     0 -1.03  -0.34527 -0.013996 0.0131918 -0.0014534 -0.0116613 0.00248386   -0.126102  -0.0698912 0.000715583  0.109299 0.0864821   9.80801  39226
             91.3789 -0.696011    1.5633 -0.848855  -0.304814    1.93943 0.00691728 180.013       0       0 -0.13     0 -1.03 -0.413641 0.0157365 0.0176803 -0.00135876  -0.0113457  0.00267355    -0.12245  -0.0712714 0.000743197 0.109468 0.087354    9.808  38745
             91.5801 -0.689949   1.55317 -0.941102   -0.40419    1.94286 0.00927953 180.013       0       0 -0.13     0 -1.03   -0.5002 0.0189592 0.0357236 -0.00132886  -0.0112188  0.00285331   -0.118762  -0.0714381 0.000563049  0.109381 0.0882125   9.80799  39120
             91.9799 -0.700393   1.53975  -1.04802  -0.566292     1.9539 0.00108626 180.013       0       0 -0.13     0 -1.03  -0.364332  0.0212232 -0.0899912 -0.00126921  -0.0116464  0.00287894    -0.121848   -0.0728651 -0.000758595  0.109824 0.0875153   9.80799  38643
             92.1785 -0.694571   1.53853  -1.11698   -0.644212     1.95665 -0.00226868 180.013       0       0 -0.13     0 -1.03   -0.564467 -0.00640661   -0.030765 -0.00124604  -0.0127105    0.002831  -0.122976 -0.0729437 -0.0020182 0.109827 0.087246    9.808  38376
             92.3797 -0.829719   1.68345  -1.06216  -0.724108    1.96319 0.00959306 180.013       0       0 -0.13     0 -1.03  -0.514338 -0.0703581  0.0523186 -0.00070956  -0.0137198  0.00273846   -0.135914  -0.0786952 -0.00555869  0.111474 0.0840951   9.80801  39089
             92.9781 -0.667437   1.53092  -1.12189 -0.682391   1.78491 0.0140292 180.013       0       0 -0.13     0 -1.03  0.451847 -0.390547 0.0778996 -0.000355098  -0.00895856   0.00233865    -0.156795   -0.0836244 -0.000593853  0.112833 0.0789767   9.80803  38390
             93.1794 -0.703233   1.55552  -1.05644 -0.638235   1.73006 0.0151339 180.013       0       0 -0.13     0 -1.03   0.193238  -0.311998 -0.0522046  0.00118316 -0.00728972  0.00214804   -0.153119  -0.0852447 0.000233864  0.113195 0.0800584   9.80802  38877
             93.5791 -0.674542   1.52598  -0.95848 -0.612519   1.56779 0.0172897 180.013       0       0 -0.13     0 -1.03 0.0324022 -0.484792 -0.036835 0.00078883 -0.0062824 0.00176212   -0.147654  -0.0811122 -0.00412719   0.11214 0.0813525   9.80802  38719
              93.979 -0.660368   1.53602 -0.763238 -0.675217   1.41086 0.0192108 180.013       0       0 -0.13     0 -1.03  -0.38744 -0.307779 0.0220387 0.000958072 -0.00598873  0.00172509   -0.143439  -0.0830849 -0.00917886  0.112638 0.0825085   9.80801  38976
             94.1789 -0.646797   1.52942 -0.952161 -0.703881   1.34121 0.0253402 180.013       0       0 -0.13     0 -1.03 -0.155443   -0.3383 0.0293613 0.000284223 -0.00669029  0.00208308   -0.146194  -0.0824052 -0.00920896  0.112611 0.0819814   9.80801  38590
             94.3787 -0.655741   1.52186 -0.872169 -0.669546   1.26443 0.0211648 180.013       0       0 -0.13     0 -1.03    0.119977   -0.394635 -0.00431396 0.000254386  -0.0069429  0.00174767   -0.162283  -0.0848344 -0.00840787  0.113666 0.0787318   9.80803  38485
             94.5786 -0.648497   1.52411 -0.739867 -0.666845   1.18958 0.0263493 180.013       0       0 -0.13     0 -1.03 0.0168783 -0.361157    0.0347 0.000309883 -0.00683228  0.00140646   -0.157385  -0.0829435 -0.00680206  0.113109 0.0797503   9.80802  38298
             94.7786 -0.647905   1.52378 -0.710261 -0.694135   1.12036 0.0378648 180.013       0       0 -0.13     0 -1.03   -0.17742  -0.350408 -0.0941713 0.000348651  -0.0065233  0.00140194   -0.149785  -0.0819312 -0.00654827   0.11269 0.0814507   9.80801  38284
             95.1784 -0.582891   1.52797 -0.638345 -0.726587  0.944114 0.0295868 180.013       0       0 -0.13     0 -1.03 -0.0872857  -0.416795  0.0307709 7.46445e-05 -0.00620964  0.00142633  -0.151287  -0.081649 -0.0065888  0.112686 0.0811448   9.80802  38425
             95.3783 -0.604741   1.54079 -0.851934  -0.69732  0.872428 0.0258825 180.013       0       0 -0.13     0 -1.03   0.169253  -0.379797 -0.0874885 0.000395811   -0.006888  0.00151177  -0.159546 -0.0861523 -0.0138367  0.113906 0.0798793   9.80801  38498
             95.5782 -0.611062   1.51648 -0.664383 -0.708589  0.801777  0.023942 180.013       0       0 -0.13     0 -1.03 -0.0296599  -0.373087 -0.0533964 0.000616399 -0.00588191  0.00106686  -0.147044 -0.0879157  -0.019389   0.11382 0.0824166   9.80799  38494
             95.7782 -0.585086   1.51441 -0.560912 -0.724467  0.723729 0.0312674 180.013       0       0 -0.13     0 -1.03 -0.0465947  -0.259722   0.552657 0.000594439 -0.00585806  0.00102813  -0.144698 -0.0862227 -0.0228033  0.113388 0.0828368   9.80799  38340
             96.3781 -0.570859   1.47829 -0.660992 -0.777771  0.497097 0.0475039 180.013       0       0 -0.13     0 -1.03  -0.113996  -0.420701 -0.0285109 0.000674172 -0.00565629  0.00125689  -0.145163 -0.0852388 -0.0157664 0.113242 0.082739    9.808  38187
              96.579 -0.541753   1.50054 -0.565456 -0.746196  0.431522 0.0360673 180.013       0       0 -0.13     0 -1.03   0.164148  -0.351555 -0.0703765  0.00158357 -0.00645929 0.000876522  -0.154319 -0.0926317   -0.01136 0.114922 0.081499  9.80799  38642
             96.9777 -0.511124   1.45983 -0.463118 -0.763024  0.282723 0.0557596 180.013       0       0 -0.13     0 -1.03 -0.227131 -0.370318  0.259801  0.00146598 -0.00611437 0.000804646   -0.150884   -0.090231 -0.00567213  0.114477 0.0821374   9.80799  38729
             97.1776 -0.537923   1.49399 -0.318242 -0.77042 0.211051 0.042874 180.013       0       0 -0.13     0 -1.03  -0.0589565   -0.416817 -0.00742947  0.00149927 -0.00754995 0.000588025   -0.153579  -0.0910067 -0.00410479  0.114986 0.0818207   9.80798  38744
             97.3787 -0.540443   1.49088  -0.32781 -0.787028  0.132667 0.0399972 180.013       0       0 -0.13     0 -1.03 -0.0720757  -0.372998  0.0147433  0.00115066 -0.00730958 0.000626645   -0.152863  -0.0906081 -0.00483646  0.114875 0.0819099   9.80799  38974
             97.5786   -0.5197   1.49072 -0.436749 -0.806694 0.0515609 0.0376133 180.013       0       0 -0.13     0 -1.03 -0.127995 -0.422998 0.0229493  0.00126071 -0.00698329 0.000918111   -0.152438  -0.0893368 -0.00110073  0.114703 0.0819271   9.80799  38858
             97.7785  -0.50676   1.50062 -0.304229 -0.798055   -0.0213 0.0316924 180.013       0       0 -0.13     0 -1.03  0.138233 -0.460889 0.0481017  0.00128725 -0.00690151 0.000895045   -0.161142  -0.0937283 0.000945241  0.115722 0.0810412   9.80798  38702
             97.9757  -0.52731   1.49078 -0.254108 -0.782975 -0.103437 0.0447072 180.013       0       0 -0.13     0 -1.03  0.070608 -0.383276  0.141582  0.00133801 -0.00710487 0.000655119  -0.160647 -0.0938964  0.0011766  0.115724 0.0811203   9.80798  38245
             98.1756 -0.512322   1.48461 -0.174877 -0.808219 -0.177493 0.0482244 180.013       0       0 -0.13     0 -1.03   -0.12668  -0.351848 -0.0121213  0.00153104 -0.00743327 0.000659784  -0.154164  -0.092742 0.00422657  0.115321 0.0819695   9.80798  38754
              98.577 -0.524241   1.48995 -0.104617 -0.824728 -0.334706 0.0449071 180.013       0       0 -0.13     0 -1.03 -0.000246614    -0.356428    0.0400209  0.00156113 -0.00742901 0.000560742  -0.162916 -0.0967821 0.00855707  0.116357 0.0811341   9.80797  38974
             98.7754 -0.514323   1.49953 -0.266927  -0.81187  -0.39333 0.0407634 180.013       0       0 -0.13     0 -1.03 -0.123113 -0.237726  0.270388  0.00152095 -0.00739024 0.000602708  -0.164999 -0.0988115  0.0129434  0.116769 0.0810303   9.80797  38699
             99.5763 -0.487807   1.51373  0.100281 -0.855988 -0.666797 0.0426663 180.013       0       0 -0.13     0 -1.03 -0.0661131  -0.385278 -0.0736582  -0.0015805  -0.0083345 8.51694e-05   -0.16666 -0.0961296  0.0130159  0.116472 0.0807053   9.80798  39009
             99.7762 -0.442764   1.48106  0.133092 -0.882039 -0.742101 0.0373107 180.013       0       0 -0.13     0 -1.03  -0.18129 -0.275415  0.161614  -0.0015043 -0.00726211 8.38784e-05  -0.165618 -0.0958622  0.0100696  0.116552 0.0809689   9.80797  39095
             100.177 -0.443334   1.48418  0.162009 -0.893606 -0.753264 0.0348346 180.013       0       0 -0.13     0 -1.03 -0.0532717 0.00800826  0.0127457 -0.000865618  -0.00760746  9.78323e-05  -0.167156 -0.0975582   0.013175  0.116771 0.0809254   9.80797  39314
             100.376  -0.443211    1.50661 -0.0920865 -0.892295  -0.72968 0.0306123 180.013       0       0 -0.13     0 -1.03 -0.119695   0.11098 -0.014075 0.000811598  -0.0100979 0.000294635 -0.173023 -0.103184 0.0155047  0.117555 0.0808182   9.80796  38757
             100.576 -0.453054    1.7546 0.0278929 -0.846395 -0.729007 0.0295013 180.013       0       0 -0.13     0 -1.03    0.100254 -0.00463092  -0.0158783  0.000891546    -0.012411 -3.48379e-05  -0.203556 -0.0963539  0.0147012  0.118425 0.0776894   9.80798  38910
             100.977 -0.585488   2.92415  0.404965 -0.573824 -0.739118  0.139819 180.013       0       0 -0.13     0 -1.03   1.29435 -0.075472  0.606144  0.000946037   -0.0129757 -0.000111496  -0.221819 -0.0974875 0.00650325  0.119428 0.0757663   9.80798  39042
             101.374 -0.623284   2.96079  0.778339 -0.327764 -0.724186  0.158449 180.013       0       0 -0.13     0 -1.03   0.449687  0.0841967 0.00583102  0.00278555 -0.00640294 -0.00083068  -0.217056 -0.0998841  0.0122713  0.117107 0.0761807   9.80801  38744
             101.575 -0.695592   2.93175  0.842714 -0.249867 -0.727755  0.140154 180.013       0       0 -0.13     0 -1.03    0.369081 -0.00283507  -0.0594015  0.00177687  -0.0060382 -0.00101972 -0.216459   -0.0939 0.0178626  0.115831 0.0758962   9.80802  39176
             101.975 -0.434281   1.65944   1.12186 -0.134391 -0.739611 0.0444097 180.013       0       0 -0.13     0 -1.03     0.1933 -0.0797898  -0.473902  0.00167382 -0.00583433 -0.00105932  -0.214961 -0.0936357  0.0252066 0.114833 0.075824  9.80803  38855
             102.174 -0.412319   1.60021   1.35832 -0.0428775  -0.751171  0.0274601 180.013       0       0 -0.13     0 -1.03   0.429574 -0.0713473  -0.127832  0.00154712 -0.00609838 -0.00153396  -0.216177 -0.0933762   0.026683  0.114169 0.0758623   9.80804  38868
             102.375 -0.409449   1.62571     1.292 0.0441324 -0.746838  0.034055 180.013       0       0 -0.13     0 -1.03  0.422144 0.0281655 0.0258819  0.00156204  -0.0062292 -0.00134516  -0.215646 -0.0980689  0.0203123  0.113849 0.0759932   9.80804  39335
             102.576 -0.440594   1.63324   1.32444  0.123561 -0.755222 0.0306384 180.013       0       0 -0.13     0 -1.03   0.381391 -0.0345014 -0.0252648   0.0013192 -0.00623002 -0.00145083  -0.214627 -0.0936575  0.0189191   0.11386 0.0757501   9.80805  39303
             102.975 -0.428398   1.65395   1.63597  0.336434 -0.751503 0.0464541 180.013       0       0 -0.13     0 -1.03  0.707911 0.0612641  0.168243  0.00136891 -0.00663863 -0.00153308  -0.219401 -0.0945876  0.0215752  0.114106 0.0758802   9.80804  39168
             103.175 -0.436897   1.67273   1.81619  0.438437 -0.747447 0.0429478 180.013       0       0 -0.13     0 -1.03   0.509247  0.0367481 0.00963074  0.00111889 -0.00549656 -0.00187743  -0.218467 -0.0945278  0.0215872  0.114112 0.0758722   9.80804  39216
             103.974 -0.547565   1.95449   2.19255  0.867574 -0.750969 0.0508131 180.013       0       0 -0.13     0 -1.03     0.56587 -0.00523787  -0.0403792  0.00254064 -0.00490333 -0.00219526  -0.218628 -0.0925218  0.0169918  0.114237 0.0757703   9.80804  38825
             104.374 -0.498585   1.77646   2.45673   1.03515 -0.763329 0.0361533 180.013       0       0 -0.13     0 -1.03   0.397198 -0.0349544 -0.0615154  0.00235455 -0.00547662 -0.00257345  -0.217195 -0.0924585  0.0165831  0.114207 0.0756935   9.80804  38785
             104.975 -0.486116   1.74014   2.73295   1.28008 -0.738496 0.0236536 180.013       0       0 -0.13     0 -1.03  0.438229  0.178039 -0.235264  0.00161465 -0.00533875 -0.00273366  -0.217937 -0.0939572  0.0118157  0.114134 0.0758276   9.80804  39263
             105.175 -0.457905   1.83273   2.82352   1.40144 -0.740207 0.0235611 180.013       0       0 -0.13     0 -1.03    0.598519 -0.00667551  0.00678988   0.0021069 -0.00452314 -0.00266442  -0.217448 -0.0948593  0.0120585  0.113955 0.0757866   9.80805  38941
             105.374 -0.480908   1.85108   2.95549   1.52361 -0.748781  0.023459 180.013       0       0 -0.13     0 -1.03   0.624904 -0.0416472  0.0178386   0.0019656 -0.00428784 -0.00303067  -0.217646 -0.0920964  0.0121226 0.114286 0.075735  9.80804  38519
             105.574 -0.498426   1.85411    2.9387   1.59451 -0.740169 0.0215518 180.013       0       0 -0.13     0 -1.03   0.373617  0.0595805 -0.0153185  0.00202224  -0.0044072 -0.00308201 -0.198279 -0.103598  0.014867 0.112281 0.073632  9.80808  38745
             106.173 -1.1887 2.91938  3.0725   1.97401 -0.685992 -0.056207 180.013       0       0 -0.13     0 -1.03  0.797949  0.071578 -0.205558  0.00143279 -0.00688825 -0.00316534 -0.206435 -0.101266 0.0142673  0.112797 0.0745818   9.80807  38490
             106.373 -1.12093  2.77855  3.17673    2.05638  -0.691247 -0.0403085 180.013       0       0 -0.13     0 -1.03   0.406679 -0.0336349  0.0589493 -0.000723248   0.00248811  -0.00333715  -0.196573 -0.0993635  0.0086384  0.113889 0.0748681   9.80805  38716
             106.575 -0.889665   2.62771    3.3511     2.12746   -0.703897 -0.00331535 180.013       0       0 -0.13     0 -1.03  0.335624 -0.064627  0.155431 -0.000944442   0.00314981  -0.00348675  -0.193783 -0.0988071 0.00326658  0.114522 0.0750811   9.80804  39053
             106.973 -0.461071   1.91151   3.66426   2.30945 -0.742225 0.0402979 180.013       0       0 -0.13     0 -1.03  0.626533 -0.179615 0.0769488 -0.000877893   0.00291056  -0.00363727  -0.198205 -0.0985898  0.0077946  0.114278 0.0754497   9.80804  38388
             107.374 -0.54687   1.9861  3.94191   2.47194 -0.723888 0.0165142 180.013       0       0 -0.13     0 -1.03   0.347051  0.0939262 -0.0508823 2.08921e-05   0.0037204 -0.00413846  -0.195854  -0.102499 0.00862077    0.1138 0.0752795   9.80805  38836
             107.574 -0.480654   2.00047   3.95997     2.57314   -0.709622 0.000687321 180.013       0       0 -0.13     0 -1.03  0.489641 0.0622228 -0.130144 -0.000371968   0.00276424  -0.00433732  -0.206578 -0.0963549 0.00488858  0.114956 0.0771549   9.80802  38550
             107.773 -0.481159   2.00747   4.04559    2.68024  -0.705447 -0.0242073 180.013       0       0 -0.13     0 -1.03   0.545965 -0.0324002   0.120141 -0.000475479    0.0025631  -0.00433699  -0.209413 -0.0932804 0.00487475  0.115513 0.0776581   9.80801  38293
             107.974 -0.522176   2.03531   4.24877    2.80303  -0.717505 0.00521002 180.013       0       0 -0.13     0 -1.03   0.614282 -0.0619787   0.106786 -0.000634485   0.00254957  -0.00480405  -0.209968 -0.0926052 0.00568329  0.115623 0.0777568   9.80801  38821
             108.174 -0.504892   2.03891   4.49802   2.86558   -0.7153 0.0120599 180.013       0       0 -0.13     0 -1.03   0.324819  0.0102699 0.00828758 -0.00110578  0.00182437 -0.00516115  -0.196582  -0.102843 0.00715057  0.113724 0.0752094   9.80805  38599
             108.574 -0.495829   2.06634   4.38367    3.04147   -0.70079 0.00765149 180.013       0       0 -0.13     0 -1.03   0.467441  0.0496228 -0.0165144 -0.000536826  0.000396592   -0.0050439  -0.204087  -0.102556 0.00676054  0.113692 0.0767609   9.80804  38587
             109.173 -0.502532   2.10046   4.81678     3.32781   -0.689386 -0.00802873 180.013       0       0 -0.13     0 -1.03   0.481854 0.00463548 -0.0341693 -0.000784032 -5.03972e-05  -0.00516208 -0.205507 -0.101427  0.010461  0.113804 0.0770923   9.80804  38532
             109.373 -0.494513   2.07834   4.91269      3.4017   -0.683152 -0.00706156 180.013       0       0 -0.13     0 -1.03   0.540312  0.0536375 -0.0422029 -7.40109e-05   0.00428882  -0.00498551  -0.200069  -0.103677 0.00970996  0.113542 0.0761218   9.80805  38482
             109.573 -0.578607   1.96465   4.71999    3.54847  -0.669461 -0.0182941 180.013       0       0 -0.13     0 -1.03   0.801776  0.0761636 -0.0695353 7.52504e-05  0.00440257 -0.00465771  -0.204191  -0.101813 0.00979428  0.113857 0.0770646   9.80804  38938
             109.773 -0.0940211   0.621685    4.65361   3.41979  -0.69353 0.0303063 180.013       0       0 -0.13     0 -1.03  -0.193917 -0.0369506  0.0862163 -0.000502259   0.00801201  -0.00465342   -0.102186   -0.123168 -0.00743839  0.112571 0.0539565   9.80821  38561
             109.973 -0.0334068   0.536485    4.78522   3.33756 -0.712489 0.0534407 180.013       0       0 -0.13     0 -1.03 -0.407974 -0.074355   0.10038 -0.000471531   0.00780062  -0.00474457 -0.0994325  -0.123077 -0.0077457  0.112637 0.0533799   9.80821  38633
             110.373 -0.084245  0.553381   4.50523   3.32992 -0.687705 0.0644385 180.013       0       0 -0.13     0 -1.03  0.056101  0.208943 0.0408251 -0.000779585   0.00638315  -0.00430004   -0.116817   -0.115677 -0.00370747  0.114285 0.0572147   9.80817  38601
             110.572 -0.0636409   0.554711     4.6782   3.33431 -0.625527 0.0477601 180.013       0       0 -0.13     0 -1.03  0.0309353   0.337439 -0.0822304 0.000184774  0.00654152 -0.00434676  -0.115985  -0.120237 0.00672936  0.114293 0.0574423   9.80817  38366
             110.773 -0.0696541   0.560471    4.56988   3.32666 -0.540836 0.0733854 180.013       0       0 -0.13     0 -1.03 0.00591751   0.435222  -0.318427 0.000432444  0.00669333 -0.00432208    -0.11431   -0.127316 -0.00991622  0.111557 0.0561641    9.8082  38812
             110.973 -0.0874985   0.550912    4.47076    3.3062 -0.466815 0.0265761 180.013       0       0 -0.13     0 -1.03 -0.0353846   0.437883 0.00888662 0.000403276  0.00655881 -0.00425685    -0.1132  -0.126803 -0.0122688   0.11148 0.0558486   9.80821  38317
             111.173 -0.0641785    0.55991    4.41811    3.3313 -0.391329 0.0377696 180.013       0       0 -0.13     0 -1.03  0.149914  0.319533 0.0452281 0.000720655  0.00704773  -0.0041968  -0.115171  -0.125538 -0.0126532  0.111668 0.0562016    9.8082  38283
             111.373 -0.056297   0.55369   4.43436   3.34207 -0.310587 0.0390433 180.013       0       0 -0.13     0 -1.03 0.0774757  0.449434  0.121158  0.00134879  0.00647345 -0.00427111   -0.110288   -0.129538 -0.00846939  0.111282 0.0555263   9.80821  38200
             111.572 -0.104301  0.543915   4.43475   3.32567 -0.215823 0.0475124 180.013       0       0 -0.13     0 -1.03 -0.0646138    0.47811  0.0931557  0.00204221  0.00654422 -0.00407743 -0.0988325  -0.135891 0.00191854 0.111014 0.054161  9.80822  38247
             112.171 -0.247198  0.593942   4.28486   3.32794 0.0128161  0.116744 180.013       0       0 -0.13     0 -1.03 0.0539517  0.285662  0.175313 0.00139551 0.00599444 -0.0040186 -0.0994933  -0.134099  0.0116241  0.112037 0.0545893   9.80821  38322
             112.972 -0.233014  0.564565   4.19999   3.30889   0.34212 0.0848627 180.013       0       0 -0.13     0 -1.03 -0.115267  0.453403 -0.781804 -0.000812652   0.00396625  -0.00385229 -0.097369 -0.137081  0.018988   0.11197 0.0541307   9.80821  38384
             113.372 -0.150105  0.554108   3.95317   3.32996   0.47813 0.0263938 180.013       0       0 -0.13     0 -1.03  0.118426  0.289915 -0.179545  0.00131812  0.00567217 -0.00341261 -0.0984527  -0.137452  0.0119338   0.11125 0.0539237   9.80822  37897
             113.572 -0.145631  0.550036   4.05356   3.33007  0.559826 0.0187805 180.013       0       0 -0.13     0 -1.03 -0.000399946     0.343031    -0.111115  0.00248609  0.00604827 -0.00360567  -0.0938588   -0.153655 -0.00957027  0.107159 0.0527079   9.80827  37743
             113.771 -0.163279  0.560333   3.97984   3.31484  0.621955 0.0359525 180.013       0       0 -0.13     0 -1.03 0.00766502   0.559141  -0.164632  0.00235708  0.00625904 -0.00362553 -0.0885686  -0.152331 -0.0285922  0.105793 0.0513959   9.80829  37745
             114.571 -0.179234   0.54192   3.68751   3.36196  0.956154 0.0190063 180.013       0       0 -0.13     0 -1.03  0.108755  0.382419 0.0245406 -0.000393776   0.00700075  -0.00334893 -0.0874356  -0.149235  -0.028333  0.106218 0.0512408   9.80829  37779
             114.771 -0.196862  0.558226   3.77874     3.35253     1.02543 -0.00450815 180.013       0       0 -0.13     0 -1.03 -0.0724511   0.445385   0.324379 -0.00136641   0.0109644 -0.00334632 -0.084198 -0.148984  -0.01622   0.10673 0.0508986   9.80829  37474
             115.371 -0.21853 0.582544  3.48263   3.31818   1.29269 0.0231614 180.013       0       0 -0.13     0 -1.03 -0.0308986   0.583197  0.0941256 -0.00218107   0.0112806 -0.00319982 -0.0829139  -0.147062 -0.0146525  0.107022 0.0507647   9.80828  36700
             115.971 -1.89776 0.130807  3.34899    3.29388    1.63534 -0.0664432 180.013       0       0 -0.13     0 -1.03 -0.0658869   0.597637  -0.457841 -0.00240096   0.0115289 -0.00303484  -0.0824546   -0.149891 -0.00142346  0.107746 0.0506923   9.80828  35866
             116.171 -1.87759 0.154811  3.43244     3.3072    1.70804 -0.0953994 180.013       0       0 -0.13     0 -1.03 0.0828439  0.332367  -0.21985 0.000834812   0.0124029 -0.00322392  -0.0841002   -0.146407 -0.00685854  0.107422 0.0518468   9.80827  35812
              116.37 -1.9818 0.33827 3.28168   3.32165    1.8116 -0.131921 180.013       0       0 -0.13     0 -1.03  0.095508  0.473097 -0.260913  0.00157367   0.0126146 -0.00285635  -0.0826503    -0.15824 -0.00945832  0.106169 0.0522288   9.80829  36057
              117.17 -1.93793 0.257445  3.26118    3.2966   2.08918 -0.162679 180.013       0       0 -0.13     0 -1.03 -0.186372  0.106461 0.0343737  0.00196896   0.0110682 -0.00292856 -0.0808684   -0.15487 -0.0257728  0.104708 0.0538767   9.80829  35648
              117.37 -1.97464 0.276033  3.21785   3.28541   2.17285 -0.141998 180.013       0       0 -0.13     0 -1.03 -0.0800502   0.317209   0.024498 0.00871963 0.00801377  -0.002629 -0.0824658  -0.158065 -0.0271882   0.10447 0.0541167   9.80829  35483
              117.57  -1.9921 0.286145  3.14576  3.2912  2.2434 -0.1293 180.013       0       0 -0.13     0 -1.03 0.0234879   0.29766  0.152784  0.00913747  0.00692719 -0.00237297 -0.0890781  -0.161874 -0.0259471  0.104468 0.0545292   9.80829  35374
              117.77 -1.98115 0.272171  3.33715    3.35263    2.29504 -0.0973807 180.013       0       0 -0.13     0 -1.03  0.307409  0.125501 -0.170018  0.00913997  0.00616965 -0.00235257  -0.110516  -0.156096 -0.0269923  0.105205 0.0561021   9.80828  35225
              118.17 -1.99549 0.303831  3.35868    3.3314   2.28255 -0.140569 180.013       0       0 -0.13     0 -1.03 -0.0371413 -0.0766641  -0.111949  0.00847133  0.00700754 -0.00236494  -0.104416  -0.154485 -0.0284778  0.105053 0.0558144   9.80828  35159
              118.37  -1.9942 0.304253  3.41192   3.30445   2.29386 -0.138202 180.013       0       0 -0.13     0 -1.03 -0.0406715  0.0580369 -0.0247448    0.011732    0.010996 -0.00205048 -0.0955212  -0.163312 -0.0378188  0.103372 0.0563886   9.80829  34830
              118.57 -1.95515  0.21399  3.12953   3.26824   2.29887 -0.116828 180.013       0       0 -0.13     0 -1.03 -0.122013 0.0036368 0.0630019   0.011386   0.012184 -0.0012861 -0.0795376  -0.164116 -0.0477441   0.10214 0.0562013   9.80831  34669
              118.77 -1.95176 0.179644  2.92044   3.19564   2.30249 -0.109381 180.013       0       0 -0.13     0 -1.03  -0.349078 -0.0201024  0.0167757   0.0112199   0.0120457 -0.00127888 -0.0613318  -0.168695 -0.0467023  0.101557 0.0546879   9.80832  34775
              118.97 -1.98353 0.226156  2.67764   3.18084   2.28783 -0.122694 180.013       0       0 -0.13     0 -1.03 -0.0622524  -0.103258 -0.0104175   0.0111953   0.0121874 -0.00105011 -0.0645463  -0.168215 -0.0453722  0.101776 0.0547513   9.80832  34712
              119.17 -1.95418 0.208811  2.56734   3.16288   2.27107 -0.138956 180.013       0       0 -0.13     0 -1.03 -0.0587427 -0.0926172 -0.0810564    0.0111615    0.0126754 -0.000898226  -0.061742  -0.170272 -0.0433746  0.101809 0.0544939   9.80832  34823
             119.569 -1.92455 0.128355  2.51709   3.04201   2.27038 -0.118165 180.013       0       0 -0.13     0 -1.03  -0.37043 0.0130805 0.0278987    0.0116732    0.0141847 -0.000565222 -0.0401282  -0.181145 -0.0519585  0.10029 0.054979  9.80833  35321
             119.769   -1.9242 0.0897417   2.43108    2.9663   2.27666 -0.123658 180.013       0       0 -0.13     0 -1.03  -0.306056 -0.0492107   0.204861    0.0117171    0.0141639 -0.000557258 -0.0391215   -0.18298  -0.046819   0.10069 0.0544683   9.80833  35364
             120.169  -1.91681 0.0430253   2.17336   2.79086   2.28462 -0.103578 180.013       0       0 -0.13     0 -1.03    -0.399654 -0.000921798    0.0317557    0.0115843    0.0141829 -0.000321649 -0.0366381  -0.185109 -0.0441467   0.10084 0.0541993   9.80833  35654
             120.369  -1.92652 0.0632425   2.07944 2.71534 2.27103 -0.1137 180.013       0       0 -0.13     0 -1.03  -0.380806 -0.0916927 -0.0304524    0.0106232    0.0134959 -0.000144861 -0.0373302  -0.183699 -0.0409992  0.101193 0.0538228   9.80833  35612
             120.569  -1.92124 0.0606736   2.01487   2.60587   2.27406 -0.129316 180.013       0       0 -0.13     0 -1.03  -0.536956  0.0118375 -0.0747823   0.0113079   0.0146934 2.99053e-06 -0.0268084  -0.192519 -0.0416047 0.100918 0.054097  9.80833  36026
              121.37  -2.01379 0.0994431   1.67311   2.23903   2.28527 -0.174587 180.013       0       0 -0.13     0 -1.03 -0.371184 -0.011712 -0.010562   0.0117237   0.0144325 8.50644e-05 -0.0278299  -0.193326 -0.0456198   0.10063 0.0545245   9.80833  37276
             121.568 -1.93943 0.027047  1.53755   2.15423   2.27349 -0.152704 180.013       0       0 -0.13     0 -1.03  -0.428213 -0.0740493  0.0975046  0.00995978   0.0155195 0.000391642 -0.0273341  -0.191277 -0.0505581   0.10032 0.0552675   9.80833  37052
             121.768   -1.91651 -0.0304627    1.46093    2.07029    2.27565 -0.0902277 180.013       0       0 -0.13     0 -1.03  -0.460064 -0.0350898  -0.253124    0.010731   0.0152327 0.000381385 -0.0280516   -0.19467 -0.0616323 0.0996629  0.056556   9.80833  37709
             123.169 -2.92796 -1.44693  1.04908   1.3386  2.31992 -0.69309 180.013       0       0 -0.13     0 -1.03  -0.52923 0.0210105  -0.52536   0.0100763   0.0145962 0.000952912 -0.0275998  -0.195359 -0.0641522 0.0994022 0.0568241   9.80833  38047
             123.368 -2.94258 -1.44735 0.944176   1.22001   2.32714 -0.691961 180.013       0       0 -0.13     0 -1.03  -0.561251 0.00494816  0.0284864 0.00964963  0.0130783 0.00118226  -0.030492  -0.192868 -0.0813399 0.0965686 0.0589394   9.80835  37855
             123.569 -3.00722 -1.36178 0.713052   1.14708   2.33257 -0.672312 180.013       0       0 -0.13     0 -1.03   -0.339137 -0.00581631    0.124667 0.00942057   0.012017 0.00142539 -0.0405385  -0.194791 -0.0828572 0.0966086 0.0585958   9.80835  38251
             124.367 -1.22075 -1.01137 0.407282  0.900091    2.2342 -0.464447 180.013       0       0 -0.13     0 -1.03 -0.230197 -0.260585  0.411848 0.00916094  0.0120542 0.00137847 -0.0406304  -0.193961 -0.0845357 0.0962957 0.0588026   9.80835  38147
             124.967  -1.33832 -0.948884 0.0749261   0.67068   2.23897 -0.346865 180.013       0       0 -0.13     0 -1.03 -0.394158  0.171185  0.115002 0.00839711  0.0113314 0.00172022  -0.031857  -0.202103 -0.0725054 0.0983876 0.0598463   9.80832  38126
             125.567  -1.52566 -0.739531 -0.151728 0.489802  2.26535 -0.27557 180.013       0       0 -0.13     0 -1.03 -0.259777 -0.012148   0.13886 0.00825137  0.0102643 0.00215108 -0.0321645  -0.198729 -0.0703891 0.0983716 0.0596569   9.80833  37896
             126.168  -1.60106  -0.90033 -0.317721  0.243718   2.28107 -0.145504 180.013       0       0 -0.13     0 -1.03 -0.666723 -0.015067  0.317351 0.00938192  0.0125144 0.00225281  -0.026616  -0.200649 -0.0700619 0.0985895   0.06026   9.80832  38004
             126.566  -1.79428 -0.377166 -0.483991  0.314866   2.27312 -0.157043 180.013       0       0 -0.13     0 -1.03   0.401695  -0.160165 -0.0495977   0.0121238 -0.00608087  0.00272641 -0.0559831  -0.207814 -0.0579453  0.100752 0.0567721   9.80832  37997
             127.166 -0.234734   0.15008 -0.139893   0.477043    1.96473 -0.0412524 180.013       0       0 -0.13     0 -1.03 0.0824228  -1.07406  0.559436  0.0112377 -0.0054453 0.00253939 -0.0530562  -0.202135 -0.0673762 0.0994251 0.0575235   9.80833  37897
             127.567 -0.356976  0.359715   0.12738  0.394473   1.79718 0.0849932 180.013       0       0 -0.13     0 -1.03 -0.235005 -0.277946  0.243445   0.0159813 -0.00305814  0.00212193 -0.048561 -0.209259 -0.065868  0.100416 0.0583432   9.80831  38448
             128.166 -0.257979  0.235483  0.121192  0.368637   1.57761 0.0345221 180.013       0       0 -0.13     0 -1.03  0.107365 -0.394214 -0.275777   0.0113828 -0.00667007  0.00178269 -0.0574421  -0.200551 -0.0582944 0.0999192 0.0575544   9.80832  38264
             128.367 -0.213529  0.256252  0.130736    0.389918     1.49781 -0.00871667 180.013       0       0 -0.13     0 -1.03  0.107473 -0.392493 -0.150141   0.0116909 -0.00676235   0.0012957 -0.0576848  -0.201109 -0.0601583 0.0998828 0.0574963   9.80832  38427
             128.567 -0.198316  0.201938  0.284837    0.360133     1.41795 -0.00278879 180.013       0       0 -0.13     0 -1.03 -0.118823 -0.352337 0.0321063    0.011364 -0.00496963  0.00100318 -0.0372368  -0.200043 -0.0713038 0.0991203 0.0589733   9.80832  38356
             129.167 -2.06035 0.667809 0.290889  0.342887   1.28421 -0.244993 180.013       0       0 -0.13     0 -1.03 0.0560281 -0.138431  -0.66313    0.013213 -0.00587231  0.00104675 -0.0421507  -0.209487 -0.0676587  0.100075 0.0587678   9.80831  38679
             129.367 -2.13075  0.80318 0.347201  0.395645    1.2063 -0.283184 180.013       0       0 -0.13     0 -1.03  0.254753 -0.431021 -0.254974  0.00412301  -0.0115705 0.000676263 -0.0474786  -0.200095  -0.080441 0.0998464 0.0598802   9.80831  38420
             129.565 -2.21414 0.930415 0.510179  0.345801   1.12188 -0.281022 180.013       0       0 -0.13     0 -1.03  -0.24308 -0.445069 0.0754706  0.00440557 -0.00722384 0.000500001 -0.00654717   -0.205233  -0.0904036 0.0999212 0.0640516   9.80828  38354
             130.166 -2.87109  1.69654 0.492553  0.389469  0.927565 -0.229402 180.013       0       0 -0.13     0 -1.03  0.293775 -0.338801  0.172133  0.00455973 -0.00894447 0.000218411 -0.0126013  -0.207006 -0.0914206  0.100135 0.0637187   9.80828  38507
             130.365 -2.52913  1.47049 0.464899  0.421975  0.828647 -0.178112 180.013       0       0 -0.13     0 -1.03  0.140427 -0.511539  0.260198  0.000251268  -0.00559073 -9.34947e-05 -0.00927141   -0.200518  -0.0953528 0.0998542 0.0645821   9.80828  38037
             130.565 -2.52768  1.46522 0.744585  0.371873  0.732323 -0.152373 180.013       0       0 -0.13     0 -1.03 -0.258771 -0.442395  0.160965 -0.000144172  -0.00254639 -0.000530442  0.0223046  -0.201326 -0.0909012 0.0992749  0.066318   9.80827  38571
             131.165 -1.30259  1.15742 0.613657  0.346048   0.38771 -0.154174 180.013       0       0 -0.13     0 -1.03  0.170239 -0.674727 -0.144328 -0.000574227  -0.00357971 -0.000634972 0.0126092 -0.197709 -0.092719 0.0992719 0.0658731   9.80828  38397
             131.366 -1.20672  1.02618 0.664711  0.386714  0.293079 -0.164613 180.013       0       0 -0.13     0 -1.03  0.175304 -0.535001 -0.145775  0.00549448 -0.00417901 -0.00144493  0.0125273  -0.204213 -0.0936824 0.0994284 0.0657445   9.80828  38846
             131.566 -1.27537  1.19211  1.02856  0.357026  0.206383 -0.157233 180.013       0       0 -0.13     0 -1.03 -0.150621 -0.377245  0.124727  0.00592002 -0.00244825  -0.0020338  0.0416473  -0.216723 -0.0977225 0.0997564 0.0675006   9.80826  38896
             131.964 -0.434644   1.64833  0.798418   0.315844 -0.0138311 -0.0192352 180.013       0       0 -0.13     0 -1.03 -0.0780294  -0.901142   0.542064  0.00635244 -0.00222945 -0.00189858 0.0356186 -0.211187 -0.110314   0.09973 0.0672436   9.80826  38718
             132.166 -0.746059   1.69742  0.778176   0.345962 -0.0879516  0.0322008 180.013       0       0 -0.13     0 -1.03  0.149463 -0.350032  0.128107   0.0072623  -0.0022697 -0.00197697 0.0352576 -0.209353 -0.110307  0.099054 0.0674984   9.80827  39252
             132.366 -0.688837   1.71932  0.893189   0.39491  -0.17128 0.0405281 180.013       0       0 -0.13     0 -1.03   0.202307  -0.521039 -0.0166772  0.00691843 -0.00264327 -0.00280561 0.0250959 -0.209068 -0.107944 0.0990082 0.0671012   9.80827  38910
             132.566 -0.695283   1.66519   1.17334  0.349801 -0.253169  0.018023 180.013       0       0 -0.13     0 -1.03 -0.218869 -0.376998 -0.104112  0.00649785 -0.00192154 -0.00355321 0.0682453    -0.217 -0.100506 0.0984326 0.0693057   9.80826  38949
             132.965 -1.27479  1.14541 0.918823   0.282473  -0.397715 -0.0723264 180.013       0       0 -0.13     0 -1.03 -0.0969474  -0.222645  -0.605613  0.00684197 -0.00161845 -0.00349501  0.0629951  -0.211931 -0.0968829 0.0981692 0.0690949   9.80827  38894
             133.165 -1.2491 1.14243 1.10161  0.286118 -0.485459  -0.10805 180.013       0       0 -0.13     0 -1.03 -0.0196507  -0.364416  -0.226231  0.00684888 -0.00130897  -0.0039439  0.0636506  -0.213685 -0.0944919 0.0980483 0.0692552   9.80827  38742
             133.364 -1.2364 1.11525 1.00215  0.267896  -0.53805 -0.126271 180.013       0       0 -0.13     0 -1.03 -0.175181 -0.218496 -0.151236  0.00656978 -0.00181967 -0.00352342 0.0666191 -0.217796 -0.098036 0.0981088 0.0695022   9.80826  38424
             133.565 -1.24395  1.18369  1.00004  0.249238 -0.565986 -0.115816 180.013       0       0 -0.13     0 -1.03  -0.202316 -0.0973369  0.0860708  0.00657267 -0.00270799 -0.00362976 0.0535026 -0.218256 -0.102905 0.0983231 0.0692497   9.80826  39004
             134.165 -1.05242  1.13789  1.27951  0.443673 -0.575898 -0.115204 180.013       0       0 -0.13     0 -1.03   1.11368  0.102592 -0.136808  0.00672621 -0.00371864 -0.00383364 0.0337042 -0.221498 -0.102416 0.0986799  0.068695   9.80826  38701
             134.365 -0.700295   1.48677   1.53145   0.583452  -0.589164 -0.0843807 180.013       0       0 -0.13     0 -1.03   0.648337 -0.0517386   0.158029  0.00561641 -0.00281169 -0.00469296 0.0344795 -0.221501 -0.101498 0.0986676 0.0686165   9.80826  38942
             134.565 -0.521145   1.67288   1.80937    0.694061   -0.595551 -0.00666183 180.013       0       0 -0.13     0 -1.03   0.532435 -0.0263024   0.331005   0.0057165  -0.0024787 -0.00563373 0.0402025 -0.223094 -0.109421 0.0988215 0.0685635   9.80826  39041
             135.365 -0.706052   1.66331   2.16013   1.05869 -0.568149  0.229904 180.013       0       0 -0.13     0 -1.03  0.319084 0.0702775  0.345172  0.00439642 -0.00243631 -0.00608448  0.0396669  -0.221232 -0.0889634 0.0980476 0.0689643   9.80827  39074
             135.565 -0.80736  1.85764  2.34719   1.18219 -0.564051  0.168425 180.013       0       0 -0.13     0 -1.03  0.584043 0.0387322 -0.125314  0.00292608  -0.0125352 -0.00682451 0.0287924 -0.219723  -0.03538 0.0958843 0.0696563   9.80828  39141
             136.164 -0.676432   1.61359   2.74634     1.44515   -0.585486 -0.00078482 180.013       0       0 -0.13     0 -1.03   0.297011 -0.0567456  -0.352155  0.00225663  -0.0121785 -0.00697168   0.030031  -0.218316 -0.0341336 0.0958665 0.0696185   9.80828  38977
             136.364 -0.493752   1.77637   2.80811   1.54541 -0.587981 -0.017124 180.013       0       0 -0.13     0 -1.03    0.447915 -0.00505688   -0.155083  0.00199992  -0.0190745 -0.00715944  0.0206741  -0.218039 -0.0449136 0.0960271 0.0699022   9.80828  39104
             136.564 -0.528148   1.88632   2.96297     1.65709   -0.587108 -0.00950973 180.013       0       0 -0.13     0 -1.03   0.515843  0.0216974 0.00664617 0.00214422 -0.0197956 -0.0074563  0.0105576  -0.216144 -0.0536308 0.0964325 0.0702107   9.80827  38787
             136.764 -0.636528   2.10049   2.99403   1.78945 -0.567619 0.0224629 180.013       0       0 -0.13     0 -1.03   0.520239 0.00946227   0.118593  0.00216839  -0.0196561 -0.00745601 -0.00261166   -0.222175  -0.0624768 0.0965795 0.0707425   9.80827  38582
             137.164 -0.530242   1.97249   3.16474   1.93728 -0.576097 0.0272063 180.013       0       0 -0.13     0 -1.03   0.228637 -0.0513173 -0.0416828  0.00220347  -0.0197189 -0.00743566 -0.00158686   -0.222517   -0.061676 0.0965083 0.0706987   9.80827  38696
             137.564 -0.844528   2.41692   3.47395   2.16424 -0.557975 0.0558588 180.013       0       0 -0.13     0 -1.03  0.515266 0.0546887 0.0597248  0.00282688  -0.0205541 -0.00847573 -0.0117739  -0.223394 -0.0648511 0.0967074 0.0713193   9.80826  38758
             138.164 -1.10949  3.01683  3.61454     2.52541   -0.539598 -0.00332174 180.013       0       0 -0.13     0 -1.03  0.576005 0.0116901 -0.172148  0.00170819  -0.0223701 -0.00872712 -0.0177058  -0.219202 -0.0654972 0.0970789 0.0717211   9.80826  38672
             138.364 -1.00776  2.88169  3.85388    2.62346  -0.535876 -0.0303549 180.013       0       0 -0.13     0 -1.03   0.44941  0.011811 -0.182943  0.00217454  -0.0200514 -0.00932029 -0.0158078  -0.219801 -0.0687263 0.0974569 0.0716009   9.80825  38520
             138.963 -1.13173  2.72635  4.13282    2.89001  -0.524514 -0.0862413 180.013       0       0 -0.13     0 -1.03     0.3979 0.00161178  -0.133841  0.0023392 -0.0181261 -0.0094918 -0.0186459   -0.21904 -0.0808833 0.0988627 0.0720913   9.80824  38750
             139.163 -0.960484    2.6717   4.22614    2.94672  -0.519422 -0.0344047 180.013       0       0 -0.13     0 -1.03  0.307844 0.0251652  0.177958  0.00201476  -0.0182003 -0.00939745 -0.0169064  -0.219314 -0.0889216 0.0995127 0.0721865   9.80823  38829
             139.363 -0.720446   2.34274    4.3248      3.0319   -0.528304 -0.00163359 180.013       0       0 -0.13     0 -1.03  0.543879 -0.031501  0.204782  0.00150149  -0.0171284 -0.00948669 -0.0215114  -0.210529 -0.0867823  0.100305 0.0726993   9.80822  38934
             140.163 -0.729689   2.17283   4.18437   3.00214 -0.507318 0.0645525 180.013       0       0 -0.13     0 -1.03  -0.843313  0.0820362 -0.0390186 0.000399779  -0.0265114  -0.0095245 -0.00373174   -0.214068  -0.0763159 0.0993237 0.0706864   9.80824  37406
             140.363 -0.629752   2.16076    4.1882   2.95272 -0.529738 0.0202453 180.013       0       0 -0.13     0 -1.03 -0.267364 -0.113371 -0.202276 -0.00194864  -0.0312261 -0.00949736 -0.00221864   -0.214178  -0.0768575 0.0995491 0.0706709   9.80824  36664
             140.564 -0.593927   2.15113   4.18664      2.9597   -0.537724 -0.00678216 180.013       0       0 -0.13     0 -1.03 -0.0456216 -0.0490729  -0.149525 -0.00179201  -0.0312856 -0.00930356 -0.0237065  -0.212253 -0.0778739 0.0996551 0.0729015   9.80822  36186
             140.763 -0.587271   2.15324   4.16338    2.96767  -0.541874 -0.0171205 180.013       0       0 -0.13     0 -1.03 -0.0135629  -0.012921  -0.064443 -0.00173216  -0.0309687 -0.00927295 -0.0327822  -0.212145 -0.0827952 0.099884 0.073806  9.80821  35753
             141.163 -0.6759 2.30018 4.18718    2.97671  -0.536079 -0.0048887 180.013       0       0 -0.13     0 -1.03 -0.0363521  0.0394331  0.0737986 -0.00173097  -0.0305304 -0.00923276 -0.0344119  -0.212249 -0.0846212 0.0999677 0.0739503   9.80821  36441
             141.364 -0.671398   2.26149     4.168    2.97379  -0.530605 0.00557242 180.013       0       0 -0.13     0 -1.03 -0.051518 0.0355373 0.0668035 -0.00173967  -0.0299001 -0.00902763  -0.035724  -0.211505 -0.0841461 0.100008 0.074086  9.80821  36858
             141.564 -0.633674   2.21161   4.17769    2.9673 -0.532742 0.0126568 180.013       0       0 -0.13     0 -1.03  -0.0704101 0.000392514   0.0587066 -0.00195556  -0.0293547 -0.00888411 -0.0397562  -0.205376 -0.0828332  0.100534 0.0745321    9.8082  36671
             141.962 -0.674448   2.27291    4.1702   2.98044 -0.532592  0.023161 180.013       0       0 -0.13     0 -1.03     0.17342  0.00115453 -0.00131563 -0.00189275  -0.0290261 -0.00885299 -0.0486067  -0.203484 -0.0807096  0.100559 0.0754412   9.80819  36636
             142.164 -0.673198   2.24809   4.17693   2.97768 -0.533046 0.0102348 180.013       0       0 -0.13     0 -1.03 -0.0405271 0.00837793 -0.0432001  -0.0018078  -0.0282678 -0.00868128 -0.0494636  -0.203231 -0.0805828  0.100577 0.0755293   9.80819  37009
             142.363 -0.627422   2.21234   4.17168      2.9743   -0.536061 -0.00184702 180.013       0       0 -0.13     0 -1.03  -0.0562158 -0.00557017   -0.042082 -0.00185569  -0.0275032 -0.00849095 -0.0535903  -0.199324 -0.0801275  0.100919 0.0759448   9.80819  36690
             142.562 -0.604375   2.18102   4.19057     2.97261   -0.537552 -0.00605237 180.013       0       0 -0.13     0 -1.03  -0.0469879 -0.00185479  -0.0168647 -0.00189931  -0.0270449 -0.00837915 -0.0617377  -0.196338 -0.0811687  0.101237 0.0767406   9.80818  36435
             143.362 -0.873276   2.63679   4.14967   3.01114 -0.517544 0.0214386 180.013       0       0 -0.13     0 -1.03  0.068558 0.0538498 0.0962631 -0.00191606  -0.0285052 -0.00835128 -0.0654082  -0.195983 -0.0818909  0.101293 0.0771056   9.80817  36619
             143.562 -0.845709   2.54652   4.21215    3.0041 -0.520619  0.029938 180.013       0       0 -0.13     0 -1.03  -0.0698791 -0.00857486   0.0703408 -0.00430433  -0.0249834 -0.00827582 -0.0634272  -0.194265 -0.0804879  0.101332 0.0768935   9.80818  36912
             143.763 -0.76812  2.39684  4.17145   2.98959 -0.521506 0.0241719 180.013       0       0 -0.13     0 -1.03 -0.141332 0.0031949 0.0272225 -0.00431169  -0.0250879 -0.00826141 -0.0640256  -0.195186 -0.0763135  0.100865 0.0769186   9.80818  37074
             144.162 -0.821484   2.52386   4.14197   2.99912  -0.51895 0.0261456 180.013       0       0 -0.13     0 -1.03 -0.0197321  0.0153307  0.0123313 -0.00425043  -0.0250765 -0.00818059 -0.0679089  -0.194523 -0.0760393  0.100893 0.0772686   9.80818  37652
             144.362 -0.808775   2.50544   4.13191   2.99999 -0.521816 0.0262389 180.013       0       0 -0.13     0 -1.03 -0.0328712 -0.0103839   0.014972 -0.00480423  -0.0253511 -0.00801997 -0.0706171  -0.192273 -0.0754116  0.101051 0.0775215   9.80817  38104
             144.563 -0.810291   2.49773   4.13673   3.00107 -0.522664 0.0126108 180.013       0       0 -0.13     0 -1.03   -0.0383483 -0.000564807   -0.0291696 -0.00465224  -0.0250818 -0.00786939 -0.0783451  -0.191291 -0.0694728 0.100758 0.078192  9.80817  38189
