0.599954 -0.000033 0.000045 -0.000187 -0.005912 0.005388 0.000123 0.000000 0.000000 0.000000 -0.004718 0.001065 0.000477 0.000000 0.000000 0.000000 0.000137 -0.000191 -0.001235 0.000000 -0.000000 -0.000000 0.085037 0.064387 9.808420 
0.799973 -0.000030 0.000036 0.000383 -0.009459 0.007093 0.000712 0.000000 0.000000 0.000000 -0.019099 0.008127 0.003062 0.000000 0.000000 0.000000 0.000135 -0.000191 -0.001283 0.000007 -0.000005 -0.000001 0.085031 0.064391 9.808420 
1.400091 -0.000036 0.000015 -0.000143 -0.014609 0.005760 0.000450 0.000000 0.000000 0.000000 -0.003004 -0.009062 -0.001665 0.000000 0.000000 0.000000 0.000103 -0.000231 -0.001248 -0.003741 0.003139 0.003498 0.088664 0.061391 9.808407 
2.001357 -0.000027 0.000028 -0.000091 -0.009987 0.000610 0.000451 0.000000 0.000000 0.000000 0.013506 -0.009461 -0.000168 0.000000 0.000000 0.000000 0.000112 -0.000247 -0.001270 -0.005875 0.002568 0.002085 0.090701 0.061931 9.808385 
2.400058 -0.000035 0.000012 0.000231 -0.016217 0.005859 0.000365 0.000000 0.000000 0.000000 -0.022070 0.018235 -0.000506 0.000000 0.000000 0.000000 0.000110 -0.000255 -0.001309 0.001066 -0.003098 0.002088 0.084044 0.067374 9.808409 
2.601336 -0.000036 0.000011 0.000426 -0.016332 0.003059 0.000465 0.000000 0.000000 0.000000 -0.001199 -0.014419 0.000828 0.000000 0.000000 0.000000 0.000164 -0.000222 -0.001331 -0.004592 0.005506 0.001611 0.089466 0.059117 9.808414 
2.801425 -0.000040 0.000021 0.000107 -0.012412 0.003045 0.000507 0.000000 0.000000 0.000000 0.018504 -0.002074 0.000211 0.000000 0.000000 0.000000 0.000139 -0.000192 -0.001307 -0.009924 0.001197 0.001887 0.094575 0.063256 9.808340 
3.000021 -0.000037 0.000016 -0.000323 -0.013890 0.002046 0.000550 0.000000 0.000000 0.000000 -0.004078 -0.004605 -0.000120 0.000000 0.000000 0.000000 0.000140 -0.000227 -0.001272 -0.002948 0.001748 0.001878 0.087890 0.062726 9.808406 
3.200033 -0.000039 0.000006 -0.000078 -0.017005 0.002991 0.000744 0.000000 0.000000 0.000000 -0.014748 0.003971 0.001024 0.000000 0.000000 0.000000 0.000130 -0.000239 -0.001298 -0.000302 -0.000707 0.001486 0.085353 0.065076 9.808413 
4.000137 -0.000039 0.000020 -0.000131 -0.014818 0.004264 0.000652 0.000000 0.000000 0.000000 0.015103 -0.000099 -0.000836 0.000000 0.000000 0.000000 0.000132 -0.000230 -0.001307 -0.002411 -0.000556 0.001776 0.087373 0.064933 9.808396 
4.201512 -0.000035 0.000003 0.000320 -0.018445 0.004972 0.000644 0.000000 0.000000 0.000000 -0.017331 0.003786 0.000148 0.000000 0.000000 0.000000 0.000134 -0.000226 -0.001346 -0.001033 -0.000765 0.001693 0.086061 0.065130 9.808406 
4.401471 -0.000041 0.000013 0.000063 -0.015643 0.003304 0.000642 0.000000 0.000000 0.000000 0.010704 -0.008304 -0.000072 0.000000 0.000000 0.000000 0.000148 -0.000207 -0.001330 -0.005760 0.001459 0.001734 0.090572 0.063011 9.808379 
4.600200 -0.000038 0.000014 -0.000325 -0.013922 0.001863 0.000748 0.000000 0.000000 0.000000 0.009415 -0.007910 0.000525 0.000000 0.000000 0.000000 0.000148 -0.000209 -0.001305 -0.005263 0.001166 0.001570 0.090095 0.063290 9.808382 
4.800153 -0.000036 0.000012 -0.000158 -0.015113 0.000877 0.000515 0.000000 0.000000 0.000000 -0.004183 -0.005226 -0.001362 0.000000 0.000000 0.000000 0.000152 -0.000199 -0.001320 -0.002642 0.000560 0.001901 0.087602 0.063870 9.808401 
5.001526 -0.000043 0.000015 0.000156 -0.015615 0.004251 0.000643 0.000000 0.000000 0.000000 -0.002762 0.015339 0.000600 0.000000 0.000000 0.000000 0.000171 -0.000202 -0.001348 -0.002835 -0.002849 0.001442 0.087785 0.067112 9.808378 
6.200227 -0.000045 0.000019 -0.000216 -0.014876 0.003114 0.000648 0.000000 0.000000 0.000000 0.003872 -0.013855 -0.001503 0.000000 0.000000 0.000000 0.000175 -0.000208 -0.001342 -0.002950 -0.002229 0.001369 0.087895 0.066523 9.808381 
6.601581 -0.000045 0.000018 -0.000067 -0.015461 0.004426 0.000686 0.000000 0.000000 0.000000 -0.001890 0.005554 0.000012 0.000000 0.000000 0.000000 0.000177 -0.000209 -0.001358 -0.002806 -0.002667 0.000987 0.087756 0.066931 9.808379 
6.801630 -0.000047 0.000009 0.000000 -0.017035 0.004996 0.000587 0.000000 0.000000 0.000000 -0.007476 0.003191 -0.001143 0.000000 0.000000 0.000000 0.000177 -0.000208 -0.001365 -0.002153 -0.002334 0.001041 0.087140 0.066617 9.808387 
7.200386 -0.000046 0.000017 -0.000182 -0.015284 0.004311 0.000584 0.000000 0.000000 0.000000 0.008471 -0.003489 0.000216 0.000000 0.000000 0.000000 0.000178 -0.000215 -0.001361 -0.003709 -0.001685 0.000844 0.088606 0.066004 9.808378 
8.401670 -0.000045 0.000015 0.000028 -0.016399 0.005851 0.000555 0.000000 0.000000 0.000000 -0.007888 0.005185 0.000016 0.000000 0.000000 0.000000 0.000178 -0.000218 -0.001385 -0.003397 -0.001817 0.000927 0.088314 0.066129 9.808380 
9.601763 -0.000045 0.000015 0.000056 -0.015903 0.004153 0.000491 0.000000 0.000000 0.000000 0.006562 -0.005456 -0.000886 0.000000 0.000000 0.000000 0.000178 -0.000215 -0.001398 -0.003558 -0.001688 0.000902 0.088463 0.066009 9.808379 
10.401745 -0.000040 0.000011 -0.000141 -0.016785 0.003522 0.000553 0.000000 0.000000 0.000000 -0.003472 0.000903 0.000047 0.000000 0.000000 0.000000 0.000186 -0.000200 -0.001396 -0.003339 -0.001800 0.000739 0.088259 0.066112 9.808380 
10.601810 -0.000042 0.000010 -0.000106 -0.017217 0.003507 0.000571 0.000000 0.000000 0.000000 -0.002040 0.000121 0.000121 0.000000 0.000000 0.000000 0.000184 -0.000204 -0.001401 -0.003386 -0.001759 0.000729 0.088302 0.066074 9.808380 
10.801784 -0.000044 0.000012 -0.000182 -0.017591 0.004854 0.000804 0.000000 0.000000 0.000000 -0.001870 0.006268 0.001184 0.000000 0.000000 0.000000 0.000181 -0.000205 -0.001400 -0.003355 -0.002371 0.000620 0.088273 0.066637 9.808376 
11.001889 -0.000047 0.000017 -0.000051 -0.017190 0.005539 0.000803 0.000000 0.000000 0.000000 0.001978 0.003482 -0.000207 0.000000 0.000000 0.000000 0.000185 -0.000202 -0.001407 -0.003728 -0.002042 0.000745 0.088618 0.066335 9.808375 
11.201800 -0.000042 0.000013 -0.000159 -0.017651 0.003264 0.000840 0.000000 0.000000 0.000000 -0.001427 -0.010322 0.000549 0.000000 0.000000 0.000000 0.000198 -0.000207 -0.001402 -0.003284 -0.000498 0.000684 0.088209 0.064914 9.808389 
11.601885 -0.000036 0.000002 -0.000127 -0.020443 0.002300 0.000886 0.000000 0.000000 0.000000 -0.009112 0.000238 0.000113 0.000000 0.000000 0.000000 0.000209 -0.000198 -0.001408 -0.002769 -0.001269 0.000744 0.087737 0.065622 9.808388 
11.801867 -0.000042 0.000012 -0.000408 -0.016129 0.003015 0.000698 0.000000 0.000000 0.000000 0.019791 0.002988 -0.001022 0.000000 0.000000 0.000000 0.000213 -0.000236 -0.001398 -0.004455 -0.001434 0.000825 0.089280 0.065772 9.808373 
12.401994 -0.000042 0.000011 -0.000326 -0.018233 0.003913 0.000840 0.000000 0.000000 0.000000 -0.016123 0.000775 0.000509 0.000000 0.000000 0.000000 0.000210 -0.000236 -0.001413 -0.002888 -0.001364 0.000688 0.087847 0.065710 9.808387 
12.602042 -0.000041 0.000007 -0.000130 -0.018878 0.003524 0.000780 0.000000 0.000000 0.000000 -0.003761 -0.002040 -0.000612 0.000000 0.000000 0.000000 0.000213 -0.000230 -0.001424 -0.003326 -0.001271 0.000744 0.088245 0.065625 9.808384 
13.002022 -0.000041 0.000015 -0.000332 -0.017818 0.003276 0.000903 0.000000 0.000000 0.000000 0.004985 -0.000215 -0.000011 0.000000 0.000000 0.000000 0.000214 -0.000237 -0.001416 -0.003785 -0.001373 0.000633 0.088661 0.065716 9.808379 
14.002201 -0.000049 0.000010 -0.000354 -0.019140 0.002357 0.001250 0.000000 0.000000 0.000000 -0.005643 -0.001254 0.000255 0.000000 0.000000 0.000000 0.000213 -0.000239 -0.001424 -0.003577 -0.001366 0.000479 0.088472 0.065709 9.808381 
14.802280 -0.000048 0.000006 -0.000209 -0.020799 0.001599 0.001218 0.000000 0.000000 0.000000 -0.000097 -0.000654 0.000086 0.000000 0.000000 0.000000 0.000214 -0.000238 -0.001435 -0.003641 -0.001381 0.000530 0.088530 0.065722 9.808380 
15.402090 -0.000047 0.000013 -0.000346 -0.018914 0.003646 0.001034 0.000000 0.000000 0.000000 0.004539 0.004232 0.000089 0.000000 0.000000 0.000000 0.000213 -0.000239 -0.001433 -0.003742 -0.001554 0.000539 0.088620 0.065877 9.808378 
15.802091 -0.000032 0.000020 -0.000190 -0.015459 0.001092 0.000848 0.000000 0.000000 0.000000 0.009621 -0.008827 -0.000564 0.000000 0.000000 0.000000 0.000219 -0.000239 -0.001443 -0.003924 -0.001061 0.000561 0.088781 0.065440 9.808380 
16.402191 -0.000054 0.000020 -0.000180 -0.017563 0.002601 0.001718 0.000000 0.000000 0.000000 -0.009637 0.008307 0.001713 0.000000 0.000000 0.000000 0.000214 -0.000245 -0.001447 -0.003256 -0.001637 0.000409 0.088190 0.065948 9.808382 
16.803477 -0.000032 0.000018 -0.000128 -0.016902 0.000520 0.000938 0.000000 0.000000 0.000000 0.004459 -0.007947 -0.003168 0.000000 0.000000 0.000000 0.000217 -0.000243 -0.001452 -0.003701 -0.001091 0.000678 0.088582 0.065472 9.808382 
17.002227 -0.000042 0.000012 -0.000313 -0.018776 0.000852 0.001070 0.000000 0.000000 0.000000 -0.008367 0.001223 0.000846 0.000000 0.000000 0.000000 0.000213 -0.000250 -0.001444 -0.002932 -0.001668 0.000406 0.087906 0.065975 9.808384 
17.202126 -0.000041 0.000021 -0.000289 -0.016049 0.002630 0.000910 0.000000 0.000000 0.000000 0.011379 0.007754 -0.001005 0.000000 0.000000 0.000000 0.000209 -0.000239 -0.001445 -0.004332 -0.002149 0.000530 0.089133 0.066397 9.808370 
17.402184 -0.000037 0.000014 0.000032 -0.017612 0.001936 0.000724 0.000000 0.000000 0.000000 -0.004886 -0.002111 -0.000712 0.000000 0.000000 0.000000 0.000215 -0.000250 -0.001459 -0.003028 -0.001392 0.000535 0.087993 0.065737 9.808385 
18.802254 -0.000038 0.000016 -0.000373 -0.016721 0.001504 0.000964 0.000000 0.000000 0.000000 0.005664 0.000945 0.000169 0.000000 0.000000 0.000000 0.000217 -0.000248 -0.001450 -0.003095 -0.001418 0.000479 0.088051 0.065759 9.808384 
19.003652 -0.000050 0.000025 -0.000216 -0.016508 0.002279 0.001437 0.000000 0.000000 0.000000 0.001233 0.004176 0.002574 0.000000 0.000000 0.000000 0.000217 -0.000247 -0.001458 -0.003074 -0.001434 0.000355 0.088033 0.065771 9.808384 
19.203649 -0.000043 0.000018 -0.000231 -0.017850 0.001911 0.001263 0.000000 0.000000 0.000000 -0.004983 -0.001283 -0.000887 0.000000 0.000000 0.000000 0.000218 -0.000250 -0.001456 -0.002741 -0.001182 0.000566 0.087749 0.065557 9.808388 
19.402359 -0.000037 0.000017 -0.000391 -0.015465 0.003201 0.000606 0.000000 0.000000 0.000000 0.009894 0.005537 -0.003498 0.000000 0.000000 0.000000 0.000213 -0.000240 -0.001452 -0.003811 -0.001660 0.000729 0.088666 0.065967 9.808377 
20.003675 -0.000038 0.000013 -0.000220 -0.019470 0.002527 0.001071 0.000000 0.000000 0.000000 -0.015496 -0.004758 0.002021 0.000000 0.000000 0.000000 0.000213 -0.000248 -0.001465 -0.002964 -0.001318 0.000384 0.087941 0.065674 9.808386 
20.202349 -0.000033 0.000010 -0.000329 -0.018845 0.000235 0.000674 0.000000 0.000000 0.000000 0.001936 -0.011262 -0.002296 0.000000 0.000000 0.000000 0.000211 -0.000247 -0.001461 -0.003340 -0.001160 0.000615 0.088259 0.065541 9.808384 
20.602419 -0.000035 0.000007 -0.000005 -0.020352 0.001510 0.000913 0.000000 0.000000 0.000000 -0.005638 0.007955 0.000942 0.000000 0.000000 0.000000 0.000205 -0.000250 -0.001478 -0.002997 -0.002002 0.000430 0.087969 0.066252 9.808382 
21.202350 -0.000041 0.000007 -0.000276 -0.019594 0.002921 0.000894 0.000000 0.000000 0.000000 0.005447 -0.000099 -0.000382 0.000000 0.000000 0.000000 0.000171 -0.000295 -0.001468 -0.003177 -0.001856 0.000477 0.088121 0.066130 9.808381 
21.402396 -0.000044 0.000013 -0.000175 -0.019041 0.002774 0.001060 0.000000 0.000000 0.000000 0.003145 -0.000435 0.000767 0.000000 0.000000 0.000000 0.000167 -0.000289 -0.001473 -0.003114 -0.001836 0.000388 0.088068 0.066112 9.808382 
22.403810 -0.000023 0.000199 0.004615 0.045793 -0.016036 0.000242 0.000000 0.000000 0.000000 0.076628 -0.040010 -0.000885 0.000000 0.000000 0.000000 0.000120 -0.000262 -0.001869 -0.005688 -0.001472 0.000326 0.090202 0.065800 9.808365 
23.003796 -0.000078 0.000267 0.007123 0.068858 -0.005773 0.000061 0.000000 0.000000 0.000000 0.009731 0.034574 -0.009506 0.000000 0.000000 0.000000 0.000108 -0.000334 -0.002092 -0.004140 -0.002231 -0.000627 0.088894 0.066368 9.808373 
23.203828 -0.000085 0.000413 0.009261 0.112170 -0.013204 0.000662 0.000000 0.000000 0.000000 0.171029 -0.046258 0.000795 0.000000 0.000000 0.000000 0.000122 -0.000270 -0.002219 -0.012420 0.000762 -0.000647 0.095854 0.064452 9.808320 
23.602545 -0.000083 0.000626 0.009361 0.199395 -0.043458 0.001852 0.000000 0.000000 0.000000 0.281613 -0.090720 -0.007092 0.000000 0.000000 0.000000 0.000152 -0.000081 -0.002174 -0.014103 0.003054 -0.001110 0.097431 0.062751 9.808315 
24.003838 -0.000156 0.000748 0.006994 0.222491 -0.009296 0.000801 0.000000 0.000000 0.000000 -0.067907 0.139592 -0.011486 0.000000 0.000000 0.000000 0.000901 0.000661 -0.002086 -0.007073 -0.003094 -0.001692 0.091087 0.066871 9.808349 
24.203901 -0.000197 0.000894 0.008527 0.271740 -0.017609 0.000059 0.000000 0.000000 0.000000 0.212815 -0.038281 -0.035160 0.000000 0.000000 0.000000 0.000405 -0.000191 -0.002104 -0.018001 0.004597 -0.001944 0.100544 0.061762 9.808290 
26.002615 -0.000368 0.002513 0.018521 0.773794 -0.008248 0.003911 0.000000 0.000000 0.000000 0.325001 0.027275 -0.022664 0.000000 0.000000 0.000000 0.000496 -0.000354 -0.002944 -0.018758 0.004140 -0.004003 0.101135 0.062123 9.808282 
26.404000 -0.000450 0.003045 0.025412 0.947068 -0.015630 0.004022 0.000000 0.000000 0.000000 0.453813 -0.031390 -0.021528 0.000000 0.000000 0.000000 0.000473 -0.000329 -0.003430 -0.019306 0.004293 -0.004406 0.101552 0.061985 9.808278 
26.603940 -0.000478 0.003187 0.026167 1.009914 -0.019937 0.005149 0.000000 0.000000 0.000000 0.309045 -0.013721 -0.009395 0.000000 0.000000 0.000000 0.000462 -0.000535 -0.003437 -0.013135 0.002308 -0.005306 0.096479 0.062299 9.808328 
27.002691 -0.000571 0.003603 0.027347 1.168431 -0.032043 0.005407 0.000000 0.000000 0.000000 0.406973 -0.058429 0.017430 0.000000 0.000000 0.000000 0.000284 -0.001150 -0.003464 -0.018602 0.003897 -0.004880 0.100944 0.062506 9.808281 
27.404039 -0.000673 0.004106 0.030731 1.343143 -0.009996 0.004569 0.000000 0.000000 0.000000 0.423597 0.076100 0.000967 0.000000 0.000000 0.000000 0.000600 -0.001414 -0.003761 -0.020661 0.000229 -0.003574 0.101328 0.065692 9.808257 
27.804051 -0.000756 0.004569 0.033543 1.527150 -0.026764 0.008443 0.000000 0.000000 0.000000 0.453553 -0.083978 0.028300 0.000000 0.000000 0.000000 0.000713 -0.001350 -0.003997 -0.021674 0.005654 -0.004144 0.103638 0.062091 9.808256 
28.404087 -0.000979 0.005542 0.040450 1.822445 -0.038214 0.007363 0.000000 0.000000 0.000000 0.505057 0.011623 0.022629 0.000000 0.000000 0.000000 0.000778 -0.001444 -0.004387 -0.024092 0.004255 -0.003988 0.104863 0.063854 9.808232 
28.804094 -0.001203 0.005955 0.044788 2.008040 -0.030371 0.008971 0.000000 0.000000 0.000000 0.451488 0.009493 -0.009609 0.000000 0.000000 0.000000 0.000736 -0.001309 -0.004718 -0.023197 0.003918 -0.002287 0.104043 0.063683 9.808241 
29.005471 -0.001223 0.006111 0.045348 2.119947 -0.015335 0.006684 0.000000 0.000000 0.000000 0.544278 0.076817 0.027922 0.000000 0.000000 0.000000 0.000704 -0.001143 -0.004665 -0.028018 0.002878 -0.000874 0.106633 0.066274 9.808196 
29.402813 -0.001228 0.006630 0.048118 2.315231 -0.035179 0.008369 0.000000 0.000000 0.000000 0.469593 -0.113699 -0.014213 0.000000 0.000000 0.000000 0.000807 -0.001268 -0.004913 -0.022886 0.008119 -0.000463 0.105759 0.060679 9.808242 
29.604161 -0.001378 0.006881 0.052792 2.411292 -0.033236 0.009137 0.000000 0.000000 0.000000 0.464099 0.000360 0.011350 0.000000 0.000000 0.000000 0.000877 -0.001235 -0.005135 -0.023859 0.004476 -0.001628 0.104804 0.063429 9.808235 
30.604285 -0.001595 0.008017 0.058592 2.800897 -0.029767 0.006562 0.000000 0.000000 0.000000 0.331331 -0.013770 0.018673 0.000000 0.000000 0.000000 0.000521 -0.000454 -0.005365 -0.022440 0.004535 -0.004841 0.104145 0.062997 9.808245 
31.002899 -0.001717 0.008273 0.054824 2.997486 -0.020560 0.004479 0.000000 0.000000 0.000000 0.647620 0.039476 -0.018763 0.000000 0.000000 0.000000 0.000458 -0.000044 -0.005188 -0.022013 0.004243 -0.001808 0.103595 0.062564 9.808253 
31.204229 -0.001848 0.008356 0.055021 2.911212 -0.033907 0.008418 0.000000 0.000000 0.000000 -0.391120 -0.041335 0.022875 0.000000 0.000000 0.000000 0.000425 0.007128 -0.005144 0.014717 -0.007851 -0.005009 0.078479 0.048321 9.808567 
31.404230 -0.001596 0.008077 0.054078 2.888794 -0.041289 0.007643 0.000000 0.000000 0.000000 -0.146466 -0.048831 -0.008997 0.000000 0.000000 0.000000 0.000423 0.006198 -0.005106 0.003180 -0.003408 -0.003891 0.087013 0.051890 9.808477 
31.604214 -0.001674 0.008160 0.054315 2.881535 -0.032293 0.006251 0.000000 0.000000 0.000000 -0.054130 0.036733 -0.007084 0.000000 0.000000 0.000000 0.000510 0.006018 -0.005097 -0.002558 -0.005655 -0.003972 0.089097 0.056000 9.808435 
31.804303 -0.001644 0.008155 0.054671 2.888773 -0.028599 0.004875 0.000000 0.000000 0.000000 0.037162 0.012833 -0.005321 0.000000 0.000000 0.000000 0.000486 0.005930 -0.005086 -0.005649 -0.003808 -0.003996 0.091737 0.056514 9.808408 
32.004285 -0.001645 0.008223 0.055159 2.903690 -0.034421 0.005397 0.000000 0.000000 0.000000 0.070792 0.000855 0.003916 0.000000 0.000000 0.000000 0.000362 0.005828 -0.005093 -0.006137 -0.001625 -0.004240 0.093117 0.055590 9.808400 
32.404384 -0.001672 0.008076 0.059133 2.868087 0.006498 0.006216 0.000000 0.000000 0.000000 -0.177020 0.180455 0.016621 0.000000 0.000000 0.000000 0.000402 0.005896 -0.005305 -0.001540 -0.005121 -0.003849 0.088839 0.055235 9.808442 
32.603038 -0.001756 0.008068 0.057277 2.875693 0.047118 0.005497 0.000000 0.000000 0.000000 0.013704 0.227064 0.002356 0.000000 0.000000 0.000000 0.000456 0.006007 -0.005146 -0.007712 -0.003134 -0.003507 0.093159 0.057177 9.808391 
32.804428 -0.001919 0.008189 0.055948 2.901225 0.081586 0.005979 0.000000 0.000000 0.000000 0.146573 0.139294 0.041542 0.000000 0.000000 0.000000 0.000488 0.005988 -0.005106 -0.010838 -0.000381 -0.001518 0.096018 0.057299 9.808363 
33.004474 -0.001974 0.008194 0.056858 2.895048 0.119086 0.006939 0.000000 0.000000 0.000000 -0.009863 0.210011 0.024556 0.000000 0.000000 0.000000 0.000611 0.006086 -0.005082 -0.007298 -0.003253 -0.000305 0.092609 0.056930 9.808398 
33.404423 -0.002151 0.008255 0.052843 2.891499 0.207911 0.006376 0.000000 0.000000 0.000000 -0.019098 0.206782 -0.052796 0.000000 0.000000 0.000000 0.000720 0.006021 -0.004855 -0.008271 -0.003853 -0.002091 0.092929 0.057843 9.808389 
33.804471 -0.002309 0.008268 0.053864 2.887134 0.307377 0.005395 0.000000 0.000000 0.000000 -0.007085 0.248626 -0.012170 0.000000 0.000000 0.000000 0.000851 0.005919 -0.004826 -0.008961 -0.005701 -0.003000 0.092441 0.059197 9.808386 
34.604574 -0.002618 0.008378 0.057254 2.907087 0.456310 0.007296 0.000000 0.000000 0.000000 0.056036 0.124159 -0.065522 0.000000 0.000000 0.000000 0.000753 0.005638 -0.004867 -0.009796 -0.005205 -0.001783 0.093032 0.059229 9.808380 
35.405782 -0.002923 0.008410 0.049042 2.897260 0.641421 0.005264 0.000000 0.000000 0.000000 -0.037246 0.304321 0.081392 0.000000 0.000000 0.000000 0.001244 0.005310 -0.004463 -0.010470 -0.005687 0.003432 0.092702 0.059629 9.808381 
35.803173 -0.003083 0.008413 0.049329 2.881950 0.727990 0.003736 0.000000 0.000000 0.000000 -0.075644 0.229273 -0.025249 0.000000 0.000000 0.000000 0.000811 0.005031 -0.004485 -0.010442 -0.004319 0.006948 0.093150 0.058920 9.808381 
36.003161 -0.003207 0.008431 0.051744 2.884535 0.785305 0.005210 0.000000 0.000000 0.000000 -0.005964 0.300096 0.026774 0.000000 0.000000 0.000000 0.000894 0.005023 -0.004663 -0.013828 -0.004231 0.007523 0.095084 0.060072 9.808355 
36.204803 -0.003364 0.008544 0.053216 2.892700 0.851304 0.005029 0.000000 0.000000 0.000000 0.050603 0.306395 -0.008339 0.000000 0.000000 0.000000 0.000924 0.005084 -0.004663 -0.016084 -0.005892 0.011047 0.095403 0.061613 9.808343 
36.603193 -0.003591 0.008677 0.051318 2.899575 0.977475 0.003909 0.000000 0.000000 0.000000 -0.017677 0.236581 -0.017448 0.000000 0.000000 0.000000 0.000985 0.005052 -0.004478 -0.016161 -0.007326 0.013442 0.094602 0.062201 9.808347 
37.004535 -0.003759 0.008755 0.046131 2.897219 1.084108 0.006195 0.000000 0.000000 0.000000 -0.008393 0.260268 0.003719 0.000000 0.000000 0.000000 0.001132 0.004896 -0.004262 -0.016630 -0.007664 0.013982 0.094644 0.062539 9.808344 
37.204576 -0.003941 0.008921 0.047851 2.921631 1.138108 0.004031 0.000000 0.000000 0.000000 0.121615 0.282787 -0.031551 0.000000 0.000000 0.000000 0.001157 0.004270 -0.004364 -0.019819 -0.006686 0.012973 0.096798 0.063386 9.808318 
37.603268 -0.004212 0.009000 0.048002 2.912680 1.257803 0.006007 0.000000 0.000000 0.000000 -0.089209 0.297188 0.033780 0.000000 0.000000 0.000000 0.001046 0.004364 -0.004343 -0.014917 -0.008967 0.010400 0.093476 0.063095 9.808352 
37.805935 -0.004395 0.009119 0.049321 2.935880 1.313984 0.007428 0.000000 0.000000 0.000000 0.160231 0.244822 -0.058334 0.000000 0.000000 0.000000 0.001049 0.004367 -0.004352 -0.018945 -0.007751 0.009090 0.096184 0.064070 9.808319 
38.005972 -0.004549 0.009161 0.049489 2.932445 1.378321 0.007966 0.000000 0.000000 0.000000 -0.003005 0.328575 0.017788 0.000000 0.000000 0.000000 0.001123 0.004501 -0.004233 -0.016073 -0.010837 0.007775 0.093640 0.064688 9.808340 
38.404616 -0.004767 0.009280 0.044839 2.922111 1.495464 0.012162 0.000000 0.000000 0.000000 -0.043785 0.308449 0.058338 0.000000 0.000000 0.000000 0.001004 0.004369 -0.003848 -0.015266 -0.008990 0.011351 0.093652 0.063039 9.808350 
38.805975 -0.005015 0.009498 0.044440 2.932094 1.617983 0.011365 0.000000 0.000000 0.000000 0.028441 0.282026 0.003937 0.000000 0.000000 0.000000 0.001045 0.004278 -0.003872 -0.017340 -0.009186 0.011314 0.094695 0.063871 9.808335 
39.406094 -0.005364 0.009640 0.045916 2.956997 1.809357 0.011731 0.000000 0.000000 0.000000 0.046779 0.302196 0.023043 0.000000 0.000000 0.000000 0.000946 0.004268 -0.003802 -0.018646 -0.012512 0.010502 0.094479 0.066160 9.808322 
39.804736 -0.005438 0.009452 0.040209 2.947904 1.942924 0.005364 0.000000 0.000000 0.000000 -0.033734 0.352746 -0.042827 0.000000 0.000000 0.000000 0.001026 0.004084 -0.003383 -0.017282 -0.014032 0.011037 0.093196 0.066411 9.808332 
40.404760 -0.005767 0.009695 0.041552 2.966540 2.106626 0.006130 0.000000 0.000000 0.000000 0.030568 0.245725 -0.049973 0.000000 0.000000 0.000000 0.000984 0.004018 -0.003489 -0.018526 -0.011926 0.005733 0.094888 0.066102 9.808318 
40.604745 -0.005850 0.009624 0.041987 2.963011 2.170868 0.006512 0.000000 0.000000 0.000000 -0.008985 0.286541 0.010723 0.000000 0.000000 0.000000 0.000975 0.003901 -0.003494 -0.017829 -0.013330 0.005136 0.094245 0.066816 9.808320 
41.006082 -0.006073 0.009881 0.043277 3.007010 2.244418 0.008640 0.000000 0.000000 0.000000 0.162993 0.044119 -0.006519 0.000000 0.000000 0.000000 0.001000 0.003489 -0.003426 -0.019903 -0.012881 0.006710 0.095340 0.066982 9.808308 
41.204815 -0.006187 0.009995 0.039842 2.999708 2.242710 0.009822 0.000000 0.000000 0.000000 0.040767 0.001662 0.003913 0.000000 0.000000 0.000000 0.000709 0.004779 -0.003411 -0.014639 -0.013010 0.006270 0.092605 0.065503 9.808344 
41.406133 -0.006060 0.009838 0.040218 2.978069 2.242477 0.009626 0.000000 0.000000 0.000000 -0.013544 0.022770 -0.012265 0.000000 0.000000 0.000000 0.000644 0.004922 -0.003244 -0.007178 -0.014557 0.006243 0.088206 0.064241 9.808393 
41.606182 -0.006117 0.009744 0.034959 2.926449 2.247875 0.011554 0.000000 0.000000 0.000000 -0.219905 0.018081 0.036767 0.000000 0.000000 0.000000 0.000600 0.004252 -0.003047 0.003247 -0.017413 0.005723 0.081913 0.063085 9.808455 
41.804817 -0.006046 0.009516 0.033926 2.871743 2.260695 0.012796 0.000000 0.000000 0.000000 -0.319779 0.070687 -0.001323 0.000000 0.000000 0.000000 0.000569 0.004205 -0.003012 0.004177 -0.019571 0.007287 0.080795 0.063896 9.808459 
42.204813 -0.005986 0.009233 0.032306 2.778152 2.260575 0.012862 0.000000 0.000000 0.000000 -0.179199 -0.032796 -0.008224 0.000000 0.000000 0.000000 0.000522 0.004167 -0.002782 0.002630 -0.017944 0.007367 0.081911 0.063248 9.808454 
42.406158 -0.005917 0.009105 0.029918 2.726332 2.254926 0.012321 0.000000 0.000000 0.000000 -0.250183 -0.037398 0.005663 0.000000 0.000000 0.000000 0.000460 0.003929 -0.002588 0.005023 -0.018798 0.006595 0.080540 0.063380 9.808465 
42.606144 -0.005936 0.008923 0.026908 2.652765 2.253374 0.012493 0.000000 0.000000 0.000000 -0.372244 -0.013646 -0.001558 0.000000 0.000000 0.000000 0.000329 0.003692 -0.002436 0.008478 -0.020419 0.005382 0.078502 0.063880 9.808478 
43.004572 -0.005944 0.008746 0.025495 2.565168 2.243239 0.015950 0.000000 0.000000 0.000000 -0.167575 -0.054177 0.003731 0.000000 0.000000 0.000000 0.000351 0.002959 -0.002331 0.004919 -0.020299 0.003565 0.080679 0.064329 9.808457 
43.205827 -0.005900 0.008612 0.024118 2.508298 2.243335 0.017205 0.000000 0.000000 0.000000 -0.269181 0.001874 -0.001103 0.000000 0.000000 0.000000 0.000584 0.003458 -0.002269 0.007086 -0.021525 0.003921 0.079355 0.064836 9.808465 
43.405582 -0.005899 0.008417 0.025392 2.445911 2.254929 0.017739 0.000000 0.000000 0.000000 -0.284964 0.045020 0.008204 0.000000 0.000000 0.000000 0.000590 0.003392 -0.002315 0.009051 -0.024058 0.004380 0.078114 0.066127 9.808466 
44.205040 -0.005781 0.007736 0.015017 2.124100 2.255555 0.023893 0.000000 0.000000 0.000000 -0.526824 -0.028626 0.027496 0.000000 0.000000 0.000000 0.000485 0.003183 -0.001515 0.011487 -0.023672 0.003922 0.076824 0.065757 9.808479 
44.403632 -0.005702 0.007502 0.016281 2.084751 2.247789 0.025319 0.000000 0.000000 0.000000 -0.198353 -0.042545 0.014508 0.000000 0.000000 0.000000 0.000526 0.003455 -0.001607 0.008912 -0.023159 0.005045 0.078263 0.065846 9.808467 
44.604775 -0.005685 0.007365 0.015315 2.006289 2.252960 0.025458 0.000000 0.000000 0.000000 -0.369031 0.017525 0.001909 0.000000 0.000000 0.000000 0.000408 0.003136 -0.001530 0.014393 -0.025817 0.005349 0.075485 0.067626 9.808476 
44.804724 -0.005609 0.007054 0.012536 1.893592 2.265292 0.024171 0.000000 0.000000 0.000000 -0.594733 0.065741 -0.017045 0.000000 0.000000 0.000000 0.000396 0.003075 -0.001483 0.020263 -0.027274 0.006598 0.072315 0.068797 9.808492 
45.404226 -0.005246 0.006290 0.007092 1.660449 2.257825 0.024608 0.000000 0.000000 0.000000 -0.294008 -0.066317 0.024464 0.000000 0.000000 0.000000 -0.000065 0.001755 -0.001185 0.016758 -0.026410 0.008022 0.074008 0.067938 9.808486 
45.604108 -0.005239 0.006124 0.007413 1.594727 2.258072 0.023464 0.000000 0.000000 0.000000 -0.332457 0.006662 -0.006666 0.000000 0.000000 0.000000 0.000021 0.001862 -0.001147 0.017466 -0.027604 0.007414 0.073808 0.068667 9.808482 
45.803962 -0.005257 0.005963 0.005254 1.530058 2.262519 0.024278 0.000000 0.000000 0.000000 -0.319030 0.037526 0.036616 0.000000 0.000000 0.000000 0.000040 0.001854 -0.001112 0.017469 -0.027914 0.008313 0.073787 0.068796 9.808481 
46.003807 -0.005192 0.005841 0.003614 1.445427 2.268080 0.022270 0.000000 0.000000 0.000000 -0.405750 0.032235 0.020417 0.000000 0.000000 0.000000 0.000068 0.001873 -0.000950 0.019247 -0.027704 0.009179 0.072819 0.069019 9.808487 
46.203670 -0.005037 0.005490 0.000352 1.354999 2.270012 0.023019 0.000000 0.000000 0.000000 -0.455182 0.014477 -0.014985 0.000000 0.000000 0.000000 0.000041 0.001832 -0.000661 0.020358 -0.026780 0.008920 0.072100 0.068795 9.808494 
46.403575 -0.005135 0.005426 -0.001709 1.287977 2.264552 0.025114 0.000000 0.000000 0.000000 -0.358033 -0.022050 0.044915 0.000000 0.000000 0.000000 0.000113 0.001995 -0.000595 0.015384 -0.025328 0.007975 0.074236 0.067043 9.808490 
46.603471 -0.005053 0.005129 -0.000712 1.203241 2.261065 0.022599 0.000000 0.000000 0.000000 -0.447624 -0.024103 -0.018081 0.000000 0.000000 0.000000 0.000134 0.001916 -0.000652 0.017179 -0.025683 0.008144 0.073492 0.067674 9.808491 
47.003180 -0.004959 0.004880 -0.003099 1.094407 2.268086 0.024671 0.000000 0.000000 0.000000 -0.216604 0.048703 -0.056252 0.000000 0.000000 0.000000 0.000518 0.001020 -0.000561 0.013946 -0.027759 0.007771 0.075570 0.067725 9.808475 
47.203114 -0.004919 0.004670 -0.005875 1.026496 2.276684 0.023111 0.000000 0.000000 0.000000 -0.303795 0.040096 0.014277 0.000000 0.000000 0.000000 0.000639 0.001990 -0.000386 0.016667 -0.027474 0.006351 0.074391 0.068290 9.808480 
47.402865 -0.004897 0.004428 -0.006617 0.945230 2.282508 0.022278 0.000000 0.000000 0.000000 -0.385751 0.026708 -0.019376 0.000000 0.000000 0.000000 0.000562 0.002009 -0.000303 0.020079 -0.026827 0.006317 0.072707 0.069000 9.808488 
47.602732 -0.004776 0.004202 -0.009865 0.828532 2.281355 0.022829 0.000000 0.000000 0.000000 -0.562963 -0.006046 -0.029739 0.000000 0.000000 0.000000 0.000539 0.001534 -0.000099 0.027082 -0.024000 0.004733 0.068847 0.070072 9.808508 
48.202372 -0.004676 0.003515 -0.015947 0.593617 2.286653 0.022069 0.000000 0.000000 0.000000 -0.291301 -0.004100 0.027059 0.000000 0.000000 0.000000 0.000342 -0.000179 0.000144 0.024034 -0.024487 0.001339 0.070327 0.069297 9.808503 
48.402191 -0.004653 0.003533 -0.016191 0.522598 2.294096 0.019385 0.000000 0.000000 0.000000 -0.367665 0.035238 -0.050198 0.000000 0.000000 0.000000 0.000693 0.000177 0.000098 0.024946 -0.024869 0.002151 0.070086 0.069770 9.808501 
48.602076 -0.004373 0.003383 -0.016273 0.417545 2.319541 0.010371 0.000000 0.000000 0.000000 -0.528005 0.114026 -0.048784 0.000000 0.000000 0.000000 0.000805 0.000081 0.000149 0.030823 -0.026890 0.003262 0.068860 0.072908 9.808487 
49.001848 -0.007573 0.012418 -0.020866 0.343221 2.319390 -0.036106 0.000000 0.000000 0.000000 -0.037406 -0.073887 -0.126144 0.000000 0.000000 0.000000 0.000005 -0.001517 0.000287 0.022461 -0.026358 0.005434 0.071571 0.069330 9.808494 
49.201678 -0.004750 0.003317 -0.023275 0.262546 2.293770 0.014489 0.000000 0.000000 0.000000 -0.383242 -0.119795 0.238299 0.000000 0.000000 0.000000 -0.000589 0.001736 0.000354 0.030954 -0.022176 -0.007582 0.070296 0.072026 9.808484 
49.401527 -0.004671 0.003155 -0.025758 0.126980 2.301929 0.019343 0.000000 0.000000 0.000000 -0.658939 0.043280 0.023255 0.000000 0.000000 0.000000 -0.000383 0.002253 0.000490 0.041298 -0.025581 0.000684 0.067632 0.077496 9.808461 
49.601376 -0.004598 0.002856 -0.025472 0.037137 2.322490 0.013770 0.000000 0.000000 0.000000 -0.459288 0.084180 -0.019526 0.000000 0.000000 0.000000 -0.000219 0.002659 0.000314 0.033851 -0.030493 0.002467 0.072122 0.075457 9.808445 
50.001112 -0.004833 0.002621 -0.028370 -0.095118 2.340693 0.017547 0.000000 0.000000 0.000000 -0.250540 0.029303 0.045944 0.000000 0.000000 0.000000 -0.000330 0.001761 0.000505 0.030712 -0.031033 0.002339 0.073257 0.074115 9.808446 
50.200985 -0.004775 0.002560 -0.031159 -0.186961 2.330731 0.009801 0.000000 0.000000 0.000000 -0.463259 -0.052820 -0.067926 0.000000 0.000000 0.000000 -0.000850 0.002755 0.000578 0.034043 -0.028225 0.004542 0.071207 0.074770 9.808457 
50.602070 -0.004720 0.002449 -0.034190 -0.344458 2.346442 0.010236 0.000000 0.000000 0.000000 -0.363591 0.079474 0.051777 0.000000 0.000000 0.000000 -0.000579 0.002731 0.000847 0.031848 -0.032358 0.003379 0.073811 0.074753 9.808437 
50.999120 -0.004521 0.002263 -0.036718 -0.599130 2.399407 -0.014601 0.000000 0.000000 0.000000 -0.892858 0.152344 -0.111491 0.000000 0.000000 0.000000 -0.000487 0.003734 0.000872 0.036740 -0.030285 0.005314 0.071678 0.076881 9.808437 
51.198997 -0.004347 0.001959 -0.035504 -0.684199 2.393612 -0.021709 0.000000 0.000000 0.000000 -0.654744 -0.049551 -0.032184 0.000000 0.000000 0.000000 -0.001898 -0.001539 0.000815 0.018997 -0.032571 0.002850 0.075544 0.067643 9.808476 
51.798627 -0.012525 0.026710 -0.032837 -0.514680 2.268423 -0.007833 0.000000 0.000000 0.000000 0.849980 -0.266554 0.001304 0.000000 0.000000 0.000000 -0.001407 -0.003681 0.000786 -0.003136 -0.045716 -0.001291 0.087271 0.057521 9.808443 
52.199706 -0.012278 0.027469 -0.028327 -0.511118 2.167868 0.005168 0.000000 0.000000 0.000000 -0.255073 -0.240134 0.016934 0.000000 0.000000 0.000000 -0.001350 -0.002137 0.000663 0.009241 -0.040143 -0.002943 0.082686 0.062757 9.808451 
52.399534 -0.012125 0.027033 -0.024641 -0.522671 2.100581 0.007156 0.000000 0.000000 0.000000 -0.079669 -0.347804 0.020153 0.000000 0.000000 0.000000 -0.001726 -0.002988 0.000523 0.001601 -0.040404 -0.001451 0.083954 0.058916 9.808464 
52.598131 -0.012200 0.026370 -0.028056 -0.550446 2.031835 0.014097 0.000000 0.000000 0.000000 -0.155347 -0.341866 -0.016407 0.000000 0.000000 0.000000 -0.001960 -0.002764 0.000681 0.002260 -0.039825 -0.001152 0.083395 0.059065 9.808468 
52.999209 -0.012078 0.026756 -0.026186 -0.539199 1.903689 0.020643 0.000000 0.000000 0.000000 0.085470 -0.304497 0.013040 0.000000 0.000000 0.000000 -0.002647 -0.003580 0.000646 -0.002587 -0.038876 -0.000471 0.083860 0.056531 9.808479 
53.199046 -0.012100 0.026737 -0.024545 -0.522439 1.842184 0.015235 0.000000 0.000000 0.000000 0.081401 -0.314019 -0.044056 0.000000 0.000000 0.000000 -0.002494 -0.003624 0.000417 -0.003039 -0.039615 0.000003 0.084115 0.056403 9.808477 
53.397566 -0.011839 0.026291 -0.023592 -0.536589 1.771386 0.017472 0.000000 0.000000 0.000000 -0.082870 -0.358574 0.003766 0.000000 0.000000 0.000000 -0.002613 -0.003271 0.000444 0.001171 -0.036910 -0.001797 0.082528 0.057697 9.808483 
53.597475 -0.011705 0.026345 -0.023230 -0.529902 1.690934 0.025185 0.000000 0.000000 0.000000 0.019377 -0.425104 0.039064 0.000000 0.000000 0.000000 -0.002775 -0.003226 0.000342 -0.002320 -0.037599 -0.004353 0.084675 0.056516 9.808472 
53.998553 -0.011374 0.026348 -0.024874 -0.560121 1.552916 0.025597 0.000000 0.000000 0.000000 -0.153824 -0.291473 -0.012436 0.000000 0.000000 0.000000 -0.002388 -0.002745 0.000394 0.000548 -0.038368 -0.005984 0.084770 0.057959 9.808462 
54.198519 -0.011685 0.026411 -0.025546 -0.511951 1.486506 0.029985 0.000000 0.000000 0.000000 0.213484 -0.374151 0.054342 0.000000 0.000000 0.000000 -0.002851 -0.006097 0.000238 -0.007383 -0.039353 -0.004818 0.086903 0.055198 9.808460 
54.598264 -0.011237 0.026467 -0.020386 -0.561394 1.353619 0.036931 0.000000 0.000000 0.000000 -0.256001 -0.262794 0.061294 0.000000 0.000000 0.000000 -0.002662 -0.004996 -0.000064 0.000538 -0.038487 0.000132 0.082996 0.058267 9.808476 
55.997456 -0.009687 0.026751 -0.017519 -0.657005 0.886132 0.030305 0.000000 0.000000 0.000000 0.057292 -0.338863 0.066864 0.000000 0.000000 0.000000 -0.002743 -0.007737 -0.000204 0.000533 -0.038182 -0.005830 0.084455 0.058584 9.808461 
56.197373 -0.009958 0.026349 -0.015288 -0.614268 0.827850 0.038732 0.000000 0.000000 0.000000 0.214525 -0.307637 0.059612 0.000000 0.000000 0.000000 -0.002850 -0.007483 -0.000357 -0.000944 -0.039208 -0.001854 0.084148 0.058145 9.808467 
56.598186 -0.009660 0.025469 -0.016118 -0.640618 0.690960 0.034578 0.000000 0.000000 0.000000 -0.183934 -0.326053 -0.044818 0.000000 0.000000 0.000000 -0.002712 -0.006595 -0.000284 0.005599 -0.038093 0.000320 0.081285 0.059712 9.808481 
56.996896 -0.009402 0.025854 -0.014306 -0.637045 0.542997 0.042750 0.000000 0.000000 0.000000 0.069138 -0.429620 0.041331 0.000000 0.000000 0.000000 -0.002783 -0.007434 -0.000324 0.001401 -0.038891 -0.001614 0.083322 0.058792 9.808470 
57.195134 -0.008794 0.025582 -0.012561 -0.668078 0.466098 0.046305 0.000000 0.000000 0.000000 -0.166283 -0.384552 -0.064024 0.000000 0.000000 0.000000 -0.002492 -0.005713 -0.000331 0.005987 -0.038526 -0.002681 0.082362 0.060108 9.808470 
57.396355 -0.009399 0.025701 -0.011798 -0.651504 0.405208 0.041685 0.000000 0.000000 0.000000 0.033938 -0.404971 -0.087496 0.000000 0.000000 0.000000 -0.002224 -0.006202 -0.000599 -0.002008 -0.045047 -0.004166 0.086863 0.059971 9.808432 
57.597555 -0.008749 0.025690 -0.009732 -0.701725 0.348128 0.037579 0.000000 0.000000 0.000000 -0.312214 -0.326453 -0.065263 0.000000 0.000000 0.000000 -0.002178 -0.006348 -0.000666 0.010362 -0.048925 -0.010885 0.085835 0.064395 9.808413 
57.995996 -0.008291 0.025891 -0.012837 -0.676296 0.226885 0.043983 0.000000 0.000000 0.000000 0.191020 -0.342834 0.060623 0.000000 0.000000 0.000000 -0.001666 -0.008130 -0.000608 0.004078 -0.051942 -0.013901 0.089238 0.063967 9.808385 
58.197199 -0.008779 0.025695 -0.011053 -0.666797 0.150005 0.054855 0.000000 0.000000 0.000000 0.012614 -0.399205 0.014867 0.000000 0.000000 0.000000 -0.002019 -0.007412 -0.000834 0.005619 -0.050982 -0.012443 0.088131 0.064014 9.808395 
58.397064 -0.008351 0.025677 -0.007038 -0.688853 0.067436 0.050620 0.000000 0.000000 0.000000 -0.125455 -0.384365 -0.034048 0.000000 0.000000 0.000000 -0.002187 -0.006990 -0.001110 0.010011 -0.049954 -0.012570 0.086634 0.064739 9.808404 
58.595645 -0.008295 0.025520 -0.007800 -0.718292 0.003296 0.046843 0.000000 0.000000 0.000000 -0.175627 -0.342072 -0.057690 0.000000 0.000000 0.000000 -0.002124 -0.007062 -0.001063 0.011251 -0.052848 -0.014624 0.087395 0.065923 9.808389 
58.995359 -0.008636 0.026187 -0.006905 -0.730702 -0.142237 0.055678 0.000000 0.000000 0.000000 0.019477 -0.355130 0.096375 0.000000 0.000000 0.000000 -0.002337 -0.007251 -0.001036 0.009240 -0.052270 -0.017117 0.088532 0.065531 9.808382 
59.195289 -0.008200 0.026089 -0.009711 -0.744127 -0.214225 0.049505 0.000000 0.000000 0.000000 -0.099429 -0.329447 -0.004573 0.000000 0.000000 0.000000 -0.002479 -0.006909 -0.000756 0.009400 -0.052397 -0.015308 0.087907 0.065196 9.808389 
59.395168 -0.008025 0.025750 -0.009995 -0.736444 -0.269397 0.040457 0.000000 0.000000 0.000000 0.014307 -0.320977 -0.031142 0.000000 0.000000 0.000000 -0.002327 -0.007037 -0.000818 0.004938 -0.055060 -0.015336 0.089673 0.065260 9.808373 
59.594952 -0.007864 0.025583 -0.007648 -0.717304 -0.329535 0.042733 0.000000 0.000000 0.000000 0.048038 -0.319793 0.028524 0.000000 0.000000 0.000000 -0.002281 -0.006670 -0.001159 0.000921 -0.056013 -0.016485 0.091262 0.064763 9.808362 
60.194708 -0.007536 0.026062 -0.001543 -0.773106 -0.527797 0.050392 0.000000 0.000000 0.000000 -0.217930 -0.355477 0.091330 0.000000 0.000000 0.000000 -0.002278 -0.005479 -0.001365 0.004186 -0.055870 -0.023572 0.091809 0.065759 9.808350 
60.393222 -0.007588 0.025799 -0.004870 -0.766608 -0.581545 0.046175 0.000000 0.000000 0.000000 0.008165 -0.277808 -0.013058 0.000000 0.000000 0.000000 -0.001552 -0.007732 -0.001187 -0.000802 -0.058235 -0.017471 0.092431 0.064902 9.808350 
60.594388 -0.007455 0.025872 -0.005050 -0.753382 -0.650109 0.044944 0.000000 0.000000 0.000000 0.021232 -0.347816 -0.014595 0.000000 0.000000 0.000000 -0.001454 -0.007650 -0.001197 -0.004940 -0.055129 -0.016424 0.093074 0.063426 9.808353 
60.794238 -0.007203 0.025527 -0.002845 -0.746853 -0.711777 0.050596 0.000000 0.000000 0.000000 0.012304 -0.170363 -0.009961 0.000000 0.000000 0.000000 -0.001517 -0.007560 -0.001221 -0.005451 -0.055323 -0.019389 0.093873 0.063487 9.808345 
60.994123 -0.007375 0.025654 -0.000545 -0.766562 -0.777205 0.050613 0.000000 0.000000 0.000000 -0.123182 -0.196250 0.017305 0.000000 0.000000 0.000000 -0.001473 -0.007568 -0.001240 -0.004963 -0.053279 -0.019309 0.093444 0.062976 9.808353 
61.593764 -0.006948 0.025376 -0.002292 -0.782082 -0.755549 0.046051 0.000000 0.000000 0.000000 -0.116692 0.162588 -0.016145 0.000000 0.000000 0.000000 -0.001650 -0.007254 -0.001226 -0.010318 -0.061336 -0.017979 0.095534 0.064755 9.808321 
61.994872 -0.008239 0.031132 0.005179 -0.694395 -0.755147 0.013660 0.000000 0.000000 0.000000 0.270868 -0.092831 -0.064818 0.000000 0.000000 0.000000 -0.001980 -0.008404 -0.001339 -0.018088 -0.060343 -0.014814 0.097019 0.063693 9.808313 
62.194717 -0.006936 0.026500 0.006869 -0.554836 -0.755797 0.025102 0.000000 0.000000 0.000000 0.664687 -0.026366 0.061240 0.000000 0.000000 0.000000 -0.001523 -0.010713 -0.001693 -0.026631 -0.062059 -0.017141 0.100033 0.063539 9.808284 
62.393356 -0.006969 0.026320 0.008762 -0.457974 -0.756524 0.045051 0.000000 0.000000 0.000000 0.471036 -0.000084 0.107364 0.000000 0.000000 0.000000 -0.001637 -0.010348 -0.001813 -0.020725 -0.062936 -0.017113 0.098392 0.064044 9.808297 
62.593235 -0.006939 0.026773 0.010275 -0.378702 -0.763374 0.038169 0.000000 0.000000 0.000000 0.355208 -0.027112 -0.009723 0.000000 0.000000 0.000000 -0.001603 -0.010404 -0.002031 -0.020575 -0.061771 -0.010686 0.097099 0.063524 9.808314 
62.994226 -0.007263 0.027407 0.016460 -0.159604 -0.771829 0.044531 0.000000 0.000000 0.000000 0.615390 -0.033725 0.064534 0.000000 0.000000 0.000000 -0.001613 -0.011572 -0.002123 -0.027663 -0.062153 -0.008490 0.098625 0.063637 9.808298 
63.392683 -0.007030 0.027855 0.020430 0.006884 -0.764019 0.038956 0.000000 0.000000 0.000000 0.318617 0.039311 0.014544 0.000000 0.000000 0.000000 -0.001024 -0.010222 -0.002604 -0.023945 -0.064480 -0.004547 0.096537 0.063835 9.808317 
63.593914 -0.007062 0.027924 0.022232 0.104682 -0.767018 0.036064 0.000000 0.000000 0.000000 0.450619 -0.011541 -0.014236 0.000000 0.000000 0.000000 -0.000777 -0.009456 -0.002699 -0.031425 -0.062151 -0.000437 0.098024 0.063567 9.808304 
63.793786 -0.007292 0.028681 0.023181 0.208090 -0.764105 0.037146 0.000000 0.000000 0.000000 0.542556 -0.040042 0.182205 0.000000 0.000000 0.000000 -0.000813 -0.009225 -0.002717 -0.034339 -0.063178 0.000447 0.098529 0.064096 9.808296 
64.192190 -0.007507 0.028956 0.029002 0.407491 -0.779414 0.044405 0.000000 0.000000 0.000000 0.436856 -0.041520 0.063183 0.000000 0.000000 0.000000 -0.001025 -0.009231 -0.003273 -0.034773 -0.063286 0.002048 0.098324 0.064113 9.808298 
64.593294 -0.007952 0.029835 0.031526 0.584034 -0.777922 0.042042 0.000000 0.000000 0.000000 0.423362 0.002664 -0.048036 0.000000 0.000000 0.000000 -0.000451 -0.009216 -0.003344 -0.036963 -0.065717 0.005159 0.097919 0.064847 9.808297 
64.791888 -0.007823 0.029834 0.032259 0.681546 -0.774844 0.030100 0.000000 0.000000 0.000000 0.393268 0.068826 0.111248 0.000000 0.000000 0.000000 -0.000433 -0.009633 -0.003340 -0.038704 -0.065582 0.006374 0.098045 0.065173 9.808293 
65.392803 -0.008081 0.030842 0.040347 0.949883 -0.780698 0.043109 0.000000 0.000000 0.000000 0.372227 -0.022239 0.010886 0.000000 0.000000 0.000000 -0.000596 -0.009761 -0.004052 -0.040031 -0.064768 0.008163 0.098177 0.065142 9.808292 
65.792590 -0.008205 0.031011 0.042296 1.139703 -0.770337 0.038614 0.000000 0.000000 0.000000 0.478818 0.036140 0.001916 0.000000 0.000000 0.000000 -0.000546 -0.010427 -0.004129 -0.043918 -0.064135 0.011924 0.098430 0.065535 9.808287 
65.992485 -0.007818 0.031395 0.042222 1.267449 -0.780070 0.026839 0.000000 0.000000 0.000000 0.614884 -0.065379 -0.072265 0.000000 0.000000 0.000000 -0.001118 -0.011207 -0.004253 -0.047889 -0.060629 0.012912 0.099878 0.066011 9.808269 
66.192380 -0.008253 0.031654 0.047083 1.344970 -0.784365 0.022578 0.000000 0.000000 0.000000 0.360752 -0.010305 -0.011949 0.000000 0.000000 0.000000 -0.000968 -0.010656 -0.004628 -0.041324 -0.064438 0.011943 0.097881 0.065025 9.808296 
66.390921 -0.008392 0.032118 0.048036 1.434393 -0.764174 0.016622 0.000000 0.000000 0.000000 0.405615 0.090597 -0.036913 0.000000 0.000000 0.000000 -0.000717 -0.010520 -0.004724 -0.047103 -0.068180 0.010886 0.098058 0.067300 9.808279 
66.592100 -0.008192 0.031844 0.049463 1.540302 -0.766049 0.009804 0.000000 0.000000 0.000000 0.504154 -0.014133 -0.024528 0.000000 0.000000 0.000000 -0.000828 -0.010536 -0.004746 -0.050992 -0.062036 0.010826 0.100548 0.067541 9.808252 
67.190479 -0.008781 0.032599 0.057039 1.799917 -0.758830 0.008143 0.000000 0.000000 0.000000 0.367502 0.033498 0.022529 0.000000 0.000000 0.000000 0.000070 -0.011608 -0.004860 -0.053705 -0.063035 0.013496 0.100113 0.068304 9.808251 
67.391688 -0.008663 0.033487 0.059819 1.892047 -0.759911 0.008087 0.000000 0.000000 0.000000 0.412844 -0.006135 0.030544 0.000000 0.000000 0.000000 -0.000722 -0.013360 -0.005036 -0.055707 -0.061673 0.014191 0.100666 0.068708 9.808243 
67.591532 -0.008552 0.033325 0.061318 1.995118 -0.763582 0.006054 0.000000 0.000000 0.000000 0.479621 -0.040909 -0.000319 0.000000 0.000000 0.000000 -0.000622 -0.013704 -0.005104 -0.060434 -0.059444 0.016871 0.101534 0.069862 9.808226 
67.791486 -0.007821 0.033440 0.060612 2.084676 -0.753762 -0.004035 0.000000 0.000000 0.000000 0.287631 0.129844 -0.147497 0.000000 0.000000 0.000000 -0.000749 -0.013738 -0.005078 -0.062016 -0.062952 0.018718 0.100072 0.070586 9.808236 
67.990025 -0.007904 0.033887 0.061333 2.199196 -0.751699 -0.006767 0.000000 0.000000 0.000000 0.530623 0.016198 -0.038347 0.000000 0.000000 0.000000 -0.000569 -0.013351 -0.005176 -0.063624 -0.061394 0.018004 0.100897 0.071127 9.808223 
68.590949 -0.008613 0.034349 0.070565 2.469198 -0.754474 -0.009725 0.000000 0.000000 0.000000 0.392575 -0.032959 0.001444 0.000000 0.000000 0.000000 -0.000500 -0.012612 -0.005871 -0.063405 -0.061245 0.015442 0.101391 0.071256 9.808217 
68.789519 -0.007825 0.034516 0.067672 2.582711 -0.749703 0.008432 0.000000 0.000000 0.000000 0.453528 0.092258 -0.315327 0.000000 0.000000 0.000000 -0.000490 -0.012435 -0.005852 -0.065087 -0.060933 0.008854 0.103194 0.072502 9.808189 
69.190724 -0.008959 0.034728 0.076061 2.768019 -0.744567 -0.020271 0.000000 0.000000 0.000000 0.417112 0.009006 -0.057206 0.000000 0.000000 0.000000 -0.000579 -0.012144 -0.006573 -0.064889 -0.059947 0.006765 0.103895 0.072564 9.808181 
69.589066 -0.008880 0.035173 0.077691 2.946967 -0.734894 -0.035696 0.000000 0.000000 0.000000 0.424310 0.023775 -0.025653 0.000000 0.000000 0.000000 -0.000617 -0.012364 -0.006539 -0.067844 -0.058606 0.007846 0.104409 0.073564 9.808168 
69.990143 -0.008629 0.035415 0.081320 3.124939 -0.723378 -0.035238 0.000000 0.000000 0.000000 0.456142 0.027941 0.009440 0.000000 0.000000 0.000000 -0.000730 -0.012166 -0.006598 -0.066742 -0.058418 0.005173 0.104870 0.073344 9.808165 
70.188732 -0.008609 0.035925 0.083227 3.199062 -0.722777 -0.025753 0.000000 0.000000 0.000000 0.358212 0.001265 0.046535 0.000000 0.000000 0.000000 -0.000859 -0.011421 -0.006736 -0.064347 -0.058794 0.004009 0.104846 0.072438 9.808172 
70.389913 -0.009215 0.036454 0.085091 3.253064 -0.712351 -0.026178 0.000000 0.000000 0.000000 0.297627 0.067201 0.005917 0.000000 0.000000 0.000000 -0.000683 -0.010787 -0.006780 -0.061922 -0.063170 0.006928 0.102573 0.071096 9.808206 
70.589808 -0.008732 0.035610 0.083350 3.345302 -0.716353 -0.041173 0.000000 0.000000 0.000000 0.494914 -0.016622 -0.064378 0.000000 0.000000 0.000000 -0.000890 -0.010761 -0.006681 -0.067130 -0.055601 0.011097 0.105257 0.073086 9.808163 
70.789693 -0.008978 0.036301 0.086224 3.374806 -0.724768 -0.043196 0.000000 0.000000 0.000000 0.293051 -0.026882 -0.030948 0.000000 0.000000 0.000000 -0.000854 -0.010551 -0.006666 -0.052779 -0.062136 0.009396 0.102880 0.066752 9.808233 
70.988218 -0.009107 0.036236 0.086789 3.319165 -0.722436 -0.039281 0.000000 0.000000 0.000000 -0.328040 0.102578 0.027434 0.000000 0.000000 0.000000 -0.000976 -0.011274 -0.006496 -0.048850 -0.064168 0.009188 0.102059 0.065044 9.808253 
71.189423 -0.009604 0.036824 0.083924 3.311469 -0.709736 -0.022289 0.000000 0.000000 0.000000 -0.102390 0.161610 0.110089 0.000000 0.000000 0.000000 -0.000803 -0.010818 -0.006398 -0.056445 -0.050492 0.008460 0.107937 0.068711 9.808165 
71.589246 -0.009155 0.036227 0.084832 3.326980 -0.553569 -0.038872 0.000000 0.000000 0.000000 0.048986 0.439168 -0.060205 0.000000 0.000000 0.000000 0.000318 -0.011390 -0.006302 -0.073803 -0.056500 0.017475 0.103943 0.075194 9.808161 
71.789110 -0.009104 0.036196 0.080667 3.325811 -0.492213 -0.039113 0.000000 0.000000 0.000000 0.016892 0.210935 0.096902 0.000000 0.000000 0.000000 0.000298 -0.011304 -0.006262 -0.070381 -0.054466 0.016093 0.105071 0.073865 9.808159 
71.988976 -0.009225 0.036451 0.081984 3.312739 -0.454732 -0.046536 0.000000 0.000000 0.000000 -0.086442 0.191578 0.007416 0.000000 0.000000 0.000000 0.000152 -0.011289 -0.006231 -0.069920 -0.054533 0.017002 0.104946 0.073593 9.808162 
72.388779 -0.009636 0.036406 0.081519 3.293922 -0.372172 -0.039116 0.000000 0.000000 0.000000 -0.081167 0.175487 -0.009744 0.000000 0.000000 0.000000 0.000149 -0.011264 -0.006066 -0.074202 -0.054357 0.017405 0.105010 0.075255 9.808149 
72.587393 -0.009526 0.036375 0.078266 3.308455 -0.327388 -0.041297 0.000000 0.000000 0.000000 0.064271 0.217093 -0.063020 0.000000 0.000000 0.000000 0.000184 -0.011615 -0.005893 -0.079989 -0.053691 0.015087 0.105608 0.077795 9.808123 
72.988553 -0.014027 0.035890 0.078985 3.337645 -0.224601 -0.012330 0.000000 0.000000 0.000000 0.049766 0.305801 0.187115 0.000000 0.000000 0.000000 0.000034 -0.011668 -0.005892 -0.080264 -0.053243 0.012711 0.106083 0.078168 9.808115 
73.188368 -0.011121 0.036658 0.080567 3.337812 -0.199366 -0.022839 0.000000 0.000000 0.000000 -0.022419 0.123276 -0.038451 0.000000 0.000000 0.000000 -0.001446 -0.011540 -0.005995 -0.079676 -0.050626 0.015944 0.106659 0.077135 9.808117 
73.388193 -0.010867 0.036630 0.080079 3.318065 -0.154927 -0.026153 0.000000 0.000000 0.000000 -0.119565 0.223261 0.034291 0.000000 0.000000 0.000000 -0.000887 -0.011354 -0.005946 -0.079509 -0.057114 0.019184 0.103899 0.076835 9.808149 
73.588083 -0.011743 0.036370 0.081330 3.300038 -0.111783 -0.024096 0.000000 0.000000 0.000000 -0.115871 0.225390 0.053058 0.000000 0.000000 0.000000 -0.001039 -0.011394 -0.005953 -0.082118 -0.054267 0.023255 0.104556 0.077452 9.808137 
73.986574 -0.010446 0.036679 0.079867 3.304677 -0.039277 -0.031963 0.000000 0.000000 0.000000 0.045269 0.151982 -0.023293 0.000000 0.000000 0.000000 -0.001391 -0.012030 -0.005884 -0.084750 -0.052188 0.028519 0.104671 0.078027 9.808131 
74.187802 -0.010941 0.036856 0.076399 3.298824 0.017484 -0.030843 0.000000 0.000000 0.000000 -0.069760 0.291406 0.018852 0.000000 0.000000 0.000000 0.000562 -0.011841 -0.005518 -0.085271 -0.056124 0.027075 0.103404 0.078276 9.808143 
74.387808 -0.010923 0.036759 0.075774 3.329224 0.044688 -0.035185 0.000000 0.000000 0.000000 0.119257 0.109311 -0.013941 0.000000 0.000000 0.000000 0.000092 -0.012527 -0.005340 -0.093870 -0.044280 0.030376 0.107473 0.080903 9.808078 
74.587633 -0.011304 0.037055 0.077471 3.301473 0.063413 -0.031649 0.000000 0.000000 0.000000 -0.134927 0.095688 0.029165 0.000000 0.000000 0.000000 -0.000028 -0.012443 -0.005488 -0.082026 -0.047809 0.029526 0.105916 0.076996 9.808126 
74.987414 -0.010919 0.036547 0.074034 3.351821 0.145772 -0.030669 0.000000 0.000000 0.000000 0.281747 0.267461 0.020214 0.000000 0.000000 0.000000 0.000160 -0.013083 -0.005465 -0.090128 -0.047289 0.032845 0.106000 0.079531 9.808105 
75.187370 -0.011434 0.036857 0.076579 3.363145 0.191491 -0.029073 0.000000 0.000000 0.000000 0.036508 0.266616 0.019506 0.000000 0.000000 0.000000 -0.000126 -0.011010 -0.005587 -0.086256 -0.047725 0.032389 0.105817 0.078256 9.808117 
75.387204 -0.011571 0.036796 0.077728 3.353722 0.233766 -0.027300 0.000000 0.000000 0.000000 -0.071028 0.211762 0.056935 0.000000 0.000000 0.000000 -0.000193 -0.010846 -0.005586 -0.083547 -0.047047 0.033850 0.105727 0.077254 9.808126 
75.585663 -0.011804 0.036776 0.079649 3.354743 0.284334 -0.032483 0.000000 0.000000 0.000000 -0.025727 0.258071 -0.030476 0.000000 0.000000 0.000000 -0.000243 -0.010556 -0.005814 -0.091126 -0.049109 0.036722 0.105056 0.079621 9.808114 
75.986938 -0.012770 0.036464 0.074404 3.309297 0.413337 -0.038192 0.000000 0.000000 0.000000 -0.175725 0.343626 0.016124 0.000000 0.000000 0.000000 -0.000331 -0.010405 -0.005658 -0.091117 -0.049730 0.041402 0.104374 0.079166 9.808125 
76.186887 -0.012893 0.036389 0.072825 3.300104 0.484778 -0.031208 0.000000 0.000000 0.000000 -0.090012 0.326137 -0.014437 0.000000 0.000000 0.000000 -0.000462 -0.012406 -0.005483 -0.094633 -0.047805 0.041373 0.105050 0.080477 9.808107 
76.385267 -0.012111 0.036519 0.071661 3.317060 0.533063 -0.041983 0.000000 0.000000 0.000000 0.041448 0.235091 -0.029408 0.000000 0.000000 0.000000 -0.000493 -0.012993 -0.005338 -0.102638 -0.039852 0.043177 0.107726 0.082468 9.808062 
76.585186 -0.012748 0.036621 0.070865 3.331513 0.592554 -0.042704 0.000000 0.000000 0.000000 0.057951 0.279327 -0.017132 0.000000 0.000000 0.000000 -0.000326 -0.012832 -0.005261 -0.104806 -0.041776 0.041115 0.107503 0.083346 9.808057 
76.986463 -0.015325 0.036036 0.072132 3.307890 0.746064 -0.047255 0.000000 0.000000 0.000000 -0.133978 0.433306 -0.071897 0.000000 0.000000 0.000000 -0.000188 -0.012022 -0.005308 -0.102317 -0.043251 0.035977 0.107462 0.083215 9.808058 
77.184824 -0.011850 0.035656 0.072077 3.314996 0.813507 -0.073473 0.000000 0.000000 0.000000 0.006812 0.329752 -0.095844 0.000000 0.000000 0.000000 -0.001592 -0.013902 -0.005092 -0.106132 -0.039382 0.037269 0.108660 0.083821 9.808040 
77.386233 -0.012162 0.035795 0.069748 3.329620 0.888971 -0.071445 0.000000 0.000000 0.000000 0.048230 0.332175 -0.037654 0.000000 0.000000 0.000000 -0.001335 -0.014065 -0.004764 -0.109639 -0.038394 0.032503 0.109631 0.085264 9.808017 
77.586148 -0.012746 0.035404 0.068348 3.332612 0.966822 -0.076257 0.000000 0.000000 0.000000 0.021631 0.355713 -0.016056 0.000000 0.000000 0.000000 -0.001309 -0.013857 -0.004608 -0.110161 -0.044951 0.031638 0.107869 0.085843 9.808031 
77.786055 -0.012824 0.035971 0.066650 3.344729 1.037608 -0.063297 0.000000 0.000000 0.000000 0.025534 0.231335 0.024497 0.000000 0.000000 0.000000 -0.001348 -0.013798 -0.004595 -0.112051 -0.045129 0.026613 0.108470 0.086626 9.808018 
77.984414 -0.012810 0.036251 0.068363 3.353425 1.106702 -0.064883 0.000000 0.000000 0.000000 0.019861 0.375680 -0.003247 0.000000 0.000000 0.000000 -0.001529 -0.013588 -0.004665 -0.112584 -0.045616 0.026972 0.108358 0.086778 9.808018 
78.185711 -0.012980 0.036234 0.068393 3.355676 1.182973 -0.069293 0.000000 0.000000 0.000000 -0.000822 0.341758 -0.040914 0.000000 0.000000 0.000000 -0.001619 -0.013384 -0.004674 -0.112555 -0.046920 0.027897 0.107935 0.086802 9.808022 
78.585410 -0.014535 0.035096 0.065533 3.326475 1.333287 -0.077202 0.000000 0.000000 0.000000 -0.121455 0.396531 0.023487 0.000000 0.000000 0.000000 -0.002037 -0.013515 -0.004223 -0.113838 -0.045738 0.031909 0.107958 0.086783 9.808022 
78.985171 -0.016294 0.034379 0.062510 3.327064 1.486316 -0.080161 0.000000 0.000000 0.000000 0.026456 0.325200 -0.046150 0.000000 0.000000 0.000000 -0.001835 -0.014875 -0.004152 -0.117912 -0.045151 0.025995 0.108779 0.088344 9.807999 
79.186523 -0.014197 0.036397 0.064568 3.369204 1.536681 -0.081933 0.000000 0.000000 0.000000 0.204429 0.243996 -0.023337 0.000000 0.000000 0.000000 -0.003037 -0.016689 -0.004190 -0.121684 -0.041794 0.025043 0.109852 0.089047 9.807981 
79.386260 -0.013963 0.036097 0.063544 3.372515 1.601619 -0.087500 0.000000 0.000000 0.000000 0.016005 0.295515 -0.114101 0.000000 0.000000 0.000000 -0.002460 -0.015733 -0.004231 -0.114588 -0.049493 0.022473 0.107782 0.088327 9.808010 
79.584899 -0.013324 0.034641 0.064175 3.339811 1.665607 -0.082015 0.000000 0.000000 0.000000 -0.179873 0.292010 -0.127502 0.000000 0.000000 0.000000 -0.002556 -0.015427 -0.004000 -0.105409 -0.054418 0.010426 0.107028 0.087451 9.808026 
79.986003 -0.013695 0.035472 0.062396 3.336743 1.804290 -0.079829 0.000000 0.000000 0.000000 0.070390 0.303782 0.038396 0.000000 0.000000 0.000000 -0.001775 -0.016736 -0.003891 -0.111149 -0.056180 0.008082 0.107263 0.088982 9.808010 
80.384460 -0.013802 0.035738 0.064442 3.424841 1.888201 -0.079011 0.000000 0.000000 0.000000 0.252614 0.040010 0.014955 0.000000 0.000000 0.000000 -0.001409 -0.017837 -0.004303 -0.116678 -0.055856 0.011696 0.107501 0.090136 9.807997 
80.584295 -0.014080 0.035744 0.064393 3.408754 1.891651 -0.082819 0.000000 0.000000 0.000000 -0.088568 0.020699 -0.011514 0.000000 0.000000 0.000000 -0.001704 -0.018712 -0.004214 -0.103530 -0.058922 0.014736 0.105405 0.087655 9.808042 
80.984194 -0.014487 0.036322 0.065671 3.337533 1.889124 -0.069546 0.000000 0.000000 0.000000 -0.137598 -0.012186 0.059699 0.000000 0.000000 0.000000 -0.001771 -0.018214 -0.004182 -0.100773 -0.058819 0.013746 0.105305 0.087118 9.808048 
81.184121 -0.013990 0.035620 0.060624 3.321093 1.904420 -0.067395 0.000000 0.000000 0.000000 -0.053243 0.051715 0.023848 0.000000 0.000000 0.000000 -0.000677 -0.018067 -0.003470 -0.101402 -0.060814 0.014328 0.104815 0.087340 9.808051 
81.383978 -0.014430 0.035831 0.056895 3.247217 1.900337 -0.069268 0.000000 0.000000 0.000000 -0.390153 -0.024470 -0.000884 0.000000 0.000000 0.000000 -0.000986 -0.016451 -0.003275 -0.088787 -0.062101 0.017533 0.103293 0.084625 9.808091 
81.585202 -0.014118 0.035567 0.056246 3.160250 1.893118 -0.063845 0.000000 0.000000 0.000000 -0.463739 -0.025431 0.023621 0.000000 0.000000 0.000000 -0.001020 -0.016052 -0.003042 -0.087601 -0.061780 0.016945 0.103299 0.084413 9.808093 
81.983669 -0.014398 0.035311 0.050782 3.075840 1.882698 -0.055830 0.000000 0.000000 0.000000 -0.002761 -0.040876 0.000804 0.000000 0.000000 0.000000 -0.001036 -0.016138 -0.002949 -0.094668 -0.060901 0.015067 0.104267 0.085592 9.808072 
82.183558 -0.014343 0.035379 0.048839 2.981857 1.880039 -0.057397 0.000000 0.000000 0.000000 -0.456785 -0.008436 0.019669 0.000000 0.000000 0.000000 -0.000413 -0.013473 -0.002719 -0.090745 -0.062295 0.015129 0.103738 0.085244 9.808081 
82.384805 -0.014029 0.034945 0.047883 2.910516 1.882100 -0.054631 0.000000 0.000000 0.000000 -0.392606 -0.000605 0.032753 0.000000 0.000000 0.000000 -0.000380 -0.013595 -0.002648 -0.096526 -0.061728 0.013880 0.104507 0.085888 9.808067 
82.984479 -0.013652 0.034051 0.044000 2.710979 1.880758 -0.049197 0.000000 0.000000 0.000000 -0.310574 -0.022214 0.009734 0.000000 0.000000 0.000000 -0.000250 -0.012994 -0.002107 -0.102370 -0.061905 0.017204 0.104832 0.086386 9.808059 
83.184310 -0.013753 0.034077 0.043089 2.648459 1.879788 -0.047215 0.000000 0.000000 0.000000 -0.335323 -0.018653 0.001911 0.000000 0.000000 0.000000 -0.000299 -0.012779 -0.002011 -0.102486 -0.062089 0.013949 0.105155 0.086542 9.808055 
83.382846 -0.013633 0.033970 0.041817 2.585585 1.881517 -0.040144 0.000000 0.000000 0.000000 -0.344595 -0.002922 -0.005924 0.000000 0.000000 0.000000 -0.000325 -0.012537 -0.001706 -0.104175 -0.062991 0.011229 0.105511 0.086880 9.808048 
83.582817 -0.013766 0.033760 0.039471 2.541007 1.871144 -0.034411 0.000000 0.000000 0.000000 -0.258138 -0.060167 -0.006666 0.000000 0.000000 0.000000 -0.000151 -0.012002 -0.001497 -0.112340 -0.058828 0.009573 0.106833 0.087052 9.808032 
83.983931 -0.013605 0.033426 0.037878 2.409326 1.878983 -0.033393 0.000000 0.000000 0.000000 -0.390201 0.063525 -0.012234 0.000000 0.000000 0.000000 0.000320 -0.011659 -0.001461 -0.110494 -0.061301 0.007148 0.106677 0.087298 9.808031 
84.182562 -0.013701 0.033425 0.039083 2.332521 1.876240 -0.033859 0.000000 0.000000 0.000000 -0.397129 -0.012836 -0.029752 0.000000 0.000000 0.000000 -0.000594 -0.011766 -0.001436 -0.110771 -0.059581 0.006290 0.106813 0.087137 9.808031 
84.583599 -0.013739 0.033238 0.035041 2.211281 1.878845 -0.033317 0.000000 0.000000 0.000000 -0.305916 -0.004298 0.001213 0.000000 0.000000 0.000000 -0.000469 -0.011547 -0.001083 -0.117577 -0.060785 0.005012 0.107605 0.087580 9.808019 
84.982095 -0.013420 0.032576 0.030551 2.099480 1.883530 -0.033287 0.000000 0.000000 0.000000 -0.295670 -0.001280 -0.038362 0.000000 0.000000 0.000000 -0.000418 -0.011656 -0.000962 -0.118979 -0.061509 -0.000371 0.108097 0.087885 9.808011 
85.181941 -0.013659 0.032706 0.029171 2.051010 1.867340 -0.026234 0.000000 0.000000 0.000000 -0.251380 -0.078156 0.032268 0.000000 0.000000 0.000000 -0.001488 -0.012120 -0.000817 -0.120035 -0.059526 -0.000888 0.108246 0.087723 9.808010 
85.583093 -0.013552 0.032835 0.028669 1.881483 1.878066 -0.027446 0.000000 0.000000 0.000000 -0.482832 0.056061 -0.033157 0.000000 0.000000 0.000000 -0.001123 -0.011422 -0.000795 -0.112301 -0.066549 0.000650 0.107469 0.088573 9.808011 
85.781676 -0.013092 0.032292 0.026919 1.803206 1.880187 -0.029498 0.000000 0.000000 0.000000 -0.244122 0.038070 -0.027852 0.000000 0.000000 0.000000 -0.001011 -0.011247 -0.000777 -0.114692 -0.065005 -0.001222 0.107797 0.088381 9.808009 
85.982894 -0.013392 0.032275 0.025325 1.751931 1.885178 -0.031954 0.000000 0.000000 0.000000 -0.273780 0.005703 0.008425 0.000000 0.000000 0.000000 -0.000967 -0.011208 -0.000759 -0.114699 -0.064959 -0.001136 0.107793 0.088374 9.808010 
86.182857 -0.013009 0.031901 0.026313 1.706724 1.878392 -0.031478 0.000000 0.000000 0.000000 -0.242908 -0.038267 -0.005133 0.000000 0.000000 0.000000 -0.000995 -0.011146 -0.000968 -0.116429 -0.063665 -0.000950 0.107901 0.088169 9.808010 
86.382702 -0.012809 0.030986 0.024102 1.618405 1.879558 -0.023436 0.000000 0.000000 0.000000 -0.441138 0.002722 0.037524 0.000000 0.000000 0.000000 -0.001099 -0.010749 -0.000552 -0.106289 -0.067177 -0.001603 0.107066 0.088963 9.808012 
86.581263 -0.013258 0.031302 0.021534 1.537580 1.873337 -0.018134 0.000000 0.000000 0.000000 -0.427917 -0.029487 -0.006205 0.000000 0.000000 0.000000 -0.001050 -0.010715 -0.000230 -0.109068 -0.065293 -0.001840 0.107295 0.088682 9.808012 
86.982381 -0.013124 0.031173 0.017657 1.371897 1.875814 -0.024542 0.000000 0.000000 0.000000 -0.441621 0.022104 -0.038475 0.000000 0.000000 0.000000 -0.000839 -0.010660 -0.000102 -0.109323 -0.066195 -0.003287 0.107445 0.088787 9.808010 
87.182260 -0.013773 0.031271 0.015945 1.305968 1.875653 -0.021076 0.000000 0.000000 0.000000 -0.360320 0.005109 0.022118 0.000000 0.000000 0.000000 -0.001172 -0.012345 0.000017 -0.112980 -0.065544 -0.004377 0.107800 0.088430 9.808009 
87.380908 -0.013453 0.031022 0.014711 1.225915 1.879499 -0.018538 0.000000 0.000000 0.000000 -0.418350 0.010676 -0.009250 0.000000 0.000000 0.000000 -0.001052 -0.012033 0.000207 -0.111628 -0.067225 -0.006707 0.107956 0.088741 9.808004 
87.981888 -0.013283 0.030492 0.012210 1.033123 1.886774 -0.014377 0.000000 0.000000 0.000000 -0.251282 0.012148 0.002924 0.000000 0.000000 0.000000 -0.001027 -0.011411 0.000448 -0.116965 -0.068510 -0.007908 0.108640 0.088386 9.808000 
88.180412 -0.012981 0.030009 0.009525 0.965600 1.899573 -0.013991 0.000000 0.000000 0.000000 -0.324214 0.068002 0.037743 0.000000 0.000000 0.000000 -0.001040 -0.011447 0.000825 -0.114474 -0.069750 -0.007816 0.108558 0.088772 9.807998 
88.581551 -0.013403 0.029675 0.007493 0.771339 1.899976 -0.008680 0.000000 0.000000 0.000000 -0.563943 -0.033542 0.037291 0.000000 0.000000 0.000000 -0.001251 -0.010772 0.001116 -0.109074 -0.066447 0.000236 0.107373 0.089043 9.808008 
88.781508 -0.011750 0.028872 0.005211 0.711182 1.879994 0.003161 0.000000 0.000000 0.000000 -0.305563 -0.162121 -0.003653 0.000000 0.000000 0.000000 -0.001231 -0.011195 0.001111 -0.117660 -0.065250 -0.001455 0.107951 0.087790 9.808013 
88.980043 -0.012641 0.029299 0.003333 0.637005 1.901614 -0.012687 0.000000 0.000000 0.000000 -0.374989 0.104199 -0.076702 0.000000 0.000000 0.000000 -0.001458 -0.011077 0.001343 -0.116944 -0.067235 -0.001240 0.108196 0.088059 9.808008 
89.381185 -0.012659 0.028873 0.003120 0.457301 1.913794 -0.009743 0.000000 0.000000 0.000000 -0.491209 -0.003150 0.000563 0.000000 0.000000 0.000000 -0.001497 -0.010751 0.001390 -0.114292 -0.064431 -0.003689 0.107612 0.088285 9.808012 
89.581082 -0.012498 0.028892 0.000170 0.392410 1.912239 -0.011020 0.000000 0.000000 0.000000 -0.352776 -0.023294 -0.004178 0.000000 0.000000 0.000000 -0.001476 -0.010982 0.001595 -0.121546 -0.065202 -0.001459 0.108184 0.087108 9.808017 
89.779615 -0.012526 0.028552 -0.001953 0.323177 1.918581 -0.008511 0.000000 0.000000 0.000000 -0.314701 0.018564 0.031619 0.000000 0.000000 0.000000 -0.001498 -0.010982 0.001616 -0.120965 -0.068004 -0.003327 0.108665 0.087415 9.808009 
89.980865 -0.012090 0.028414 -0.004067 0.233741 1.926874 -0.004112 0.000000 0.000000 0.000000 -0.445713 0.038125 0.021411 0.000000 0.000000 0.000000 -0.001602 -0.010841 0.001872 -0.120120 -0.068026 -0.003388 0.108618 0.087572 9.808008 
90.180798 -0.012255 0.028070 -0.004590 0.165700 1.917901 -0.000381 0.000000 0.000000 0.000000 -0.363122 -0.050918 0.011332 0.000000 0.000000 0.000000 -0.001430 -0.010573 0.001923 -0.126110 -0.064602 -0.003750 0.108329 0.086247 9.808023 
90.380758 -0.012685 0.028102 -0.007248 0.091590 1.916984 -0.002413 0.000000 0.000000 0.000000 -0.376794 -0.014616 -0.002845 0.000000 0.000000 0.000000 -0.001451 -0.010713 0.002208 -0.125702 -0.067510 -0.001517 0.108851 0.086485 9.808015 
90.580608 -0.012558 0.027888 -0.008970 0.008247 1.920955 0.003292 0.000000 0.000000 0.000000 -0.426606 0.011662 0.000286 0.000000 0.000000 0.000000 -0.001362 -0.010705 0.002206 -0.123232 -0.069154 -0.004126 0.109082 0.087089 9.808007 
90.980361 -0.011962 0.027736 -0.010125 -0.158337 1.935702 -0.000655 0.000000 0.000000 0.000000 -0.431667 0.044535 0.028244 0.000000 0.000000 0.000000 -0.001153 -0.010766 0.002229 -0.123763 -0.070286 0.000870 0.109296 0.087024 9.808005 
91.180287 -0.012053 0.027466 -0.012781 -0.222731 1.935697 0.003648 0.000000 0.000000 0.000000 -0.345270 -0.013996 0.013192 0.000000 0.000000 0.000000 -0.001453 -0.011661 0.002484 -0.126102 -0.069891 0.000716 0.109299 0.086482 9.808010 
91.378922 -0.011944 0.027372 -0.014647 -0.304814 1.939435 0.006917 0.000000 0.000000 0.000000 -0.413641 0.015737 0.017680 0.000000 0.000000 0.000000 -0.001359 -0.011346 0.002674 -0.122450 -0.071271 0.000743 0.109468 0.087354 9.808000 
91.580090 -0.011817 0.027204 -0.016260 -0.404190 1.942857 0.009280 0.000000 0.000000 0.000000 -0.500200 0.018959 0.035724 0.000000 0.000000 0.000000 -0.001329 -0.011219 0.002853 -0.118762 -0.071438 0.000563 0.109381 0.088213 9.807993 
91.979870 -0.011976 0.026982 -0.018125 -0.566292 1.953897 0.001086 0.000000 0.000000 0.000000 -0.364332 0.021223 -0.089991 0.000000 0.000000 0.000000 -0.001269 -0.011646 0.002879 -0.121848 -0.072865 -0.000759 0.109824 0.087515 9.807995 
92.178488 -0.011859 0.026967 -0.019329 -0.644212 1.956652 -0.002269 0.000000 0.000000 0.000000 -0.564467 -0.006407 -0.030765 0.000000 0.000000 0.000000 -0.001246 -0.012711 0.002831 -0.122976 -0.072944 -0.002018 0.109827 0.087246 9.807997 
92.379741 -0.014206 0.029512 -0.018322 -0.724108 1.963192 0.009593 0.000000 0.000000 0.000000 -0.514338 -0.070358 0.052319 0.000000 0.000000 0.000000 -0.000710 -0.013720 0.002738 -0.135914 -0.078695 -0.005559 0.111474 0.084095 9.808006 
92.978128 -0.011385 0.026831 -0.019422 -0.682391 1.784907 0.014029 0.000000 0.000000 0.000000 0.451847 -0.390547 0.077900 0.000000 0.000000 0.000000 -0.000355 -0.008959 0.002339 -0.156795 -0.083624 -0.000594 0.112833 0.078977 9.808033 
93.179389 -0.012021 0.027259 -0.018269 -0.638235 1.730065 0.015134 0.000000 0.000000 0.000000 0.193238 -0.311998 -0.052205 0.000000 0.000000 0.000000 0.001183 -0.007290 0.002148 -0.153119 -0.085245 0.000234 0.113195 0.080058 9.808020 
93.579134 -0.011548 0.026729 -0.016569 -0.612519 1.567791 0.017290 0.000000 0.000000 0.000000 0.032402 -0.484792 -0.036835 0.000000 0.000000 0.000000 0.000789 -0.006282 0.001762 -0.147654 -0.081112 -0.004127 0.112140 0.081353 9.808022 
93.978963 -0.011345 0.026883 -0.013165 -0.675217 1.410862 0.019211 0.000000 0.000000 0.000000 -0.387440 -0.307779 0.022039 0.000000 0.000000 0.000000 0.000958 -0.005989 0.001725 -0.143439 -0.083085 -0.009179 0.112638 0.082509 9.808006 
94.178861 -0.011065 0.026784 -0.016465 -0.703881 1.341212 0.025340 0.000000 0.000000 0.000000 -0.155443 -0.338300 0.029361 0.000000 0.000000 0.000000 0.000284 -0.006690 0.002083 -0.146194 -0.082405 -0.009209 0.112611 0.081981 9.808011 
94.378713 -0.011241 0.026646 -0.015068 -0.669546 1.264429 0.021165 0.000000 0.000000 0.000000 0.119977 -0.394635 -0.004314 0.000000 0.000000 0.000000 0.000254 -0.006943 0.001748 -0.162283 -0.084834 -0.008408 0.113666 0.078732 9.808025 
94.578632 -0.011145 0.026671 -0.012761 -0.666845 1.189580 0.026349 0.000000 0.000000 0.000000 0.016878 -0.361157 0.034700 0.000000 0.000000 0.000000 0.000310 -0.006832 0.001406 -0.157385 -0.082944 -0.006802 0.113109 0.079750 9.808024 
94.778584 -0.011142 0.026662 -0.012244 -0.694135 1.120365 0.037865 0.000000 0.000000 0.000000 -0.177420 -0.350408 -0.094171 0.000000 0.000000 0.000000 0.000349 -0.006523 0.001402 -0.149785 -0.081931 -0.006548 0.112690 0.081451 9.808014 
95.178401 -0.010023 0.026722 -0.011004 -0.726587 0.944114 0.029587 0.000000 0.000000 0.000000 -0.087286 -0.416795 0.030771 0.000000 0.000000 0.000000 0.000075 -0.006210 0.001426 -0.151287 -0.081649 -0.006589 0.112686 0.081145 9.808017 
95.378271 -0.010353 0.026968 -0.014725 -0.697320 0.872428 0.025882 0.000000 0.000000 0.000000 0.169253 -0.379797 -0.087488 0.000000 0.000000 0.000000 0.000396 -0.006888 0.001512 -0.159546 -0.086152 -0.013837 0.113906 0.079879 9.808013 
95.578201 -0.010510 0.026527 -0.011453 -0.708589 0.801777 0.023942 0.000000 0.000000 0.000000 -0.029660 -0.373087 -0.053396 0.000000 0.000000 0.000000 0.000616 -0.005882 0.001067 -0.147044 -0.087916 -0.019389 0.113820 0.082417 9.807993 
95.778195 -0.010081 0.026479 -0.009653 -0.724467 0.723729 0.031267 0.000000 0.000000 0.000000 -0.046595 -0.259722 0.552657 0.000000 0.000000 0.000000 0.000594 -0.005858 0.001028 -0.144698 -0.086223 -0.022803 0.113388 0.082837 9.807995 
96.378055 -0.009813 0.025856 -0.011406 -0.777771 0.497097 0.047504 0.000000 0.000000 0.000000 -0.113996 -0.420701 -0.028511 0.000000 0.000000 0.000000 0.000674 -0.005656 0.001257 -0.145163 -0.085239 -0.015766 0.113242 0.082739 9.807997 
96.579020 -0.009325 0.026234 -0.009744 -0.746196 0.431522 0.036067 0.000000 0.000000 0.000000 0.164148 -0.351555 -0.070376 0.000000 0.000000 0.000000 0.001584 -0.006459 0.000877 -0.154319 -0.092632 -0.011360 0.114922 0.081499 9.807988 
96.977664 -0.008817 0.025513 -0.007968 -0.763024 0.282723 0.055760 0.000000 0.000000 0.000000 -0.227131 -0.370318 0.259801 0.000000 0.000000 0.000000 0.001466 -0.006114 0.000805 -0.150884 -0.090231 -0.005672 0.114477 0.082137 9.807988 
97.177569 -0.009315 0.026099 -0.005431 -0.770420 0.211051 0.042874 0.000000 0.000000 0.000000 -0.058956 -0.416817 -0.007429 0.000000 0.000000 0.000000 0.001499 -0.007550 0.000588 -0.153579 -0.091007 -0.004105 0.114986 0.081821 9.807985 
97.378656 -0.009357 0.026045 -0.005598 -0.787028 0.132667 0.039997 0.000000 0.000000 0.000000 -0.072076 -0.372998 0.014743 0.000000 0.000000 0.000000 0.001151 -0.007310 0.000627 -0.152863 -0.090608 -0.004836 0.114875 0.081910 9.807985 
97.578558 -0.008970 0.026050 -0.007504 -0.806694 0.051561 0.037613 0.000000 0.000000 0.000000 -0.127995 -0.422998 0.022949 0.000000 0.000000 0.000000 0.001261 -0.006983 0.000918 -0.152438 -0.089337 -0.001101 0.114703 0.081927 9.807987 
97.778542 -0.008774 0.026212 -0.005193 -0.798055 -0.021300 0.031692 0.000000 0.000000 0.000000 0.138233 -0.460889 0.048102 0.000000 0.000000 0.000000 0.001287 -0.006902 0.000895 -0.161142 -0.093728 0.000945 0.115722 0.081041 9.807983 
97.975728 -0.009144 0.026037 -0.004315 -0.782975 -0.103437 0.044707 0.000000 0.000000 0.000000 0.070608 -0.383276 0.141582 0.000000 0.000000 0.000000 0.001338 -0.007105 0.000655 -0.160647 -0.093896 0.001177 0.115724 0.081120 9.807982 
98.175605 -0.008901 0.025923 -0.002936 -0.808219 -0.177493 0.048224 0.000000 0.000000 0.000000 -0.126680 -0.351848 -0.012121 0.000000 0.000000 0.000000 0.001531 -0.007433 0.000660 -0.154164 -0.092742 0.004227 0.115321 0.081970 9.807980 
98.576981 -0.009125 0.026011 -0.001707 -0.824728 -0.334706 0.044907 0.000000 0.000000 0.000000 -0.000247 -0.356428 0.040021 0.000000 0.000000 0.000000 0.001561 -0.007429 0.000561 -0.162916 -0.096782 0.008557 0.116357 0.081134 9.807974 
98.775441 -0.008914 0.026191 -0.004541 -0.811870 -0.393330 0.040763 0.000000 0.000000 0.000000 -0.123113 -0.237726 0.270388 0.000000 0.000000 0.000000 0.001521 -0.007390 0.000603 -0.164999 -0.098812 0.012943 0.116769 0.081030 9.807970 
99.576285 -0.008536 0.026410 0.001862 -0.855988 -0.666797 0.042666 0.000000 0.000000 0.000000 -0.066113 -0.385278 -0.073658 0.000000 0.000000 0.000000 -0.001580 -0.008335 0.000085 -0.166660 -0.096130 0.013016 0.116472 0.080705 9.807976 
99.776195 -0.007757 0.025838 0.002422 -0.882039 -0.742101 0.037311 0.000000 0.000000 0.000000 -0.181290 -0.275415 0.161614 0.000000 0.000000 0.000000 -0.001504 -0.007262 0.000084 -0.165618 -0.095862 0.010070 0.116552 0.080969 9.807973 
100.177423 -0.007773 0.025891 0.002927 -0.893606 -0.753264 0.034835 0.000000 0.000000 0.000000 -0.053272 0.008008 0.012746 0.000000 0.000000 0.000000 -0.000866 -0.007607 0.000098 -0.167156 -0.097558 0.013175 0.116771 0.080925 9.807971 
100.375939 -0.007713 0.026300 -0.001505 -0.892295 -0.729680 0.030612 0.000000 0.000000 0.000000 -0.119695 0.110980 -0.014075 0.000000 0.000000 0.000000 0.000812 -0.010098 0.000295 -0.173023 -0.103184 0.015505 0.117555 0.080818 9.807963 
100.575864 -0.007914 0.030619 0.000608 -0.846395 -0.729007 0.029501 0.000000 0.000000 0.000000 0.100254 -0.004631 -0.015878 0.000000 0.000000 0.000000 0.000892 -0.012411 -0.000035 -0.203556 -0.096354 0.014701 0.118425 0.077689 9.807977 
100.977093 -0.010396 0.050996 0.007327 -0.573824 -0.739118 0.139819 0.000000 0.000000 0.000000 1.294354 -0.075472 0.606144 0.000000 0.000000 0.000000 0.000946 -0.012976 -0.000111 -0.221819 -0.097488 0.006503 0.119428 0.075766 9.807980 
101.374185 -0.011226 0.051597 0.013861 -0.327764 -0.724186 0.158449 0.000000 0.000000 0.000000 0.449687 0.084197 0.005831 0.000000 0.000000 0.000000 0.002786 -0.006403 -0.000831 -0.217056 -0.099884 0.012271 0.117107 0.076181 9.808005 
101.575372 -0.012513 0.051074 0.015014 -0.249867 -0.727755 0.140154 0.000000 0.000000 0.000000 0.369081 -0.002835 -0.059401 0.000000 0.000000 0.000000 0.001777 -0.006038 -0.001020 -0.216459 -0.093900 0.017863 0.115831 0.075896 9.808022 
101.975206 -0.007862 0.028885 0.019687 -0.134391 -0.739611 0.044410 0.000000 0.000000 0.000000 0.193300 -0.079790 -0.473902 0.000000 0.000000 0.000000 0.001674 -0.005834 -0.001059 -0.214961 -0.093636 0.025207 0.114833 0.075824 9.808035 
102.173920 -0.007526 0.027840 0.023804 -0.042878 -0.751171 0.027460 0.000000 0.000000 0.000000 0.429574 -0.071347 -0.127832 0.000000 0.000000 0.000000 0.001547 -0.006098 -0.001534 -0.216177 -0.093376 0.026683 0.114169 0.075862 9.808042 
102.375060 -0.007465 0.028290 0.022648 0.044132 -0.746838 0.034055 0.000000 0.000000 0.000000 0.422144 0.028166 0.025882 0.000000 0.000000 0.000000 0.001562 -0.006229 -0.001345 -0.215646 -0.098069 0.020312 0.113849 0.075993 9.808045 
102.576348 -0.008018 0.028413 0.023222 0.123561 -0.755222 0.030638 0.000000 0.000000 0.000000 0.381391 -0.034501 -0.025265 0.000000 0.000000 0.000000 0.001319 -0.006230 -0.001451 -0.214627 -0.093657 0.018919 0.113860 0.075750 9.808047 
102.974879 -0.007887 0.028756 0.028657 0.336434 -0.751503 0.046454 0.000000 0.000000 0.000000 0.707911 0.061264 0.168243 0.000000 0.000000 0.000000 0.001369 -0.006639 -0.001533 -0.219401 -0.094588 0.021575 0.114106 0.075880 9.808043 
103.174784 -0.008086 0.029069 0.031805 0.438437 -0.747447 0.042948 0.000000 0.000000 0.000000 0.509247 0.036748 0.009631 0.000000 0.000000 0.000000 0.001119 -0.005497 -0.001877 -0.218467 -0.094528 0.021587 0.114112 0.075872 9.808043 
103.974330 -0.010207 0.033923 0.038423 0.867574 -0.750969 0.050813 0.000000 0.000000 0.000000 0.565870 -0.005238 -0.040379 0.000000 0.000000 0.000000 0.002541 -0.004903 -0.002195 -0.218628 -0.092522 0.016992 0.114237 0.075770 9.808042 
104.374231 -0.009364 0.030811 0.043006 1.035154 -0.763329 0.036153 0.000000 0.000000 0.000000 0.397198 -0.034954 -0.061515 0.000000 0.000000 0.000000 0.002355 -0.005477 -0.002573 -0.217195 -0.092459 0.016583 0.114207 0.075693 9.808043 
104.975332 -0.009206 0.030161 0.047820 1.280078 -0.738496 0.023654 0.000000 0.000000 0.000000 0.438229 0.178039 -0.235264 0.000000 0.000000 0.000000 0.001615 -0.005339 -0.002734 -0.217937 -0.093957 0.011816 0.114134 0.075828 9.808043 
105.175181 -0.008777 0.031781 0.049399 1.401440 -0.740207 0.023561 0.000000 0.000000 0.000000 0.598519 -0.006676 0.006790 0.000000 0.000000 0.000000 0.002107 -0.004523 -0.002664 -0.217448 -0.094859 0.012059 0.113955 0.075787 9.808045 
105.373769 -0.009223 0.032081 0.051710 1.523615 -0.748781 0.023459 0.000000 0.000000 0.000000 0.624904 -0.041647 0.017839 0.000000 0.000000 0.000000 0.001966 -0.004288 -0.003031 -0.217646 -0.092096 0.012123 0.114286 0.075735 9.808042 
105.573616 -0.009526 0.032128 0.051422 1.594506 -0.740169 0.021552 0.000000 0.000000 0.000000 0.373617 0.059580 -0.015319 0.000000 0.000000 0.000000 0.002022 -0.004407 -0.003082 -0.198279 -0.103598 0.014867 0.112281 0.073632 9.808081 
106.173360 -0.022102 0.050379 0.054136 1.974006 -0.685992 -0.056207 0.000000 0.000000 0.000000 0.797949 0.071578 -0.205558 0.000000 0.000000 0.000000 0.001433 -0.006888 -0.003165 -0.206435 -0.101266 0.014267 0.112797 0.074582 9.808068 
106.373399 -0.020898 0.047935 0.055902 2.056380 -0.691247 -0.040308 0.000000 0.000000 0.000000 0.406679 -0.033635 0.058949 0.000000 0.000000 0.000000 -0.000723 0.002488 -0.003337 -0.196573 -0.099364 0.008638 0.113889 0.074868 9.808053 
106.574534 -0.016860 0.045391 0.058828 2.127458 -0.703897 -0.003315 0.000000 0.000000 0.000000 0.335624 -0.064627 0.155431 0.000000 0.000000 0.000000 -0.000944 0.003150 -0.003487 -0.193783 -0.098807 0.003267 0.114522 0.075081 9.808044 
106.973089 -0.009110 0.033091 0.064077 2.309454 -0.742225 0.040298 0.000000 0.000000 0.000000 0.626533 -0.179615 0.076949 0.000000 0.000000 0.000000 -0.000878 0.002911 -0.003637 -0.198205 -0.098590 0.007795 0.114278 0.075450 9.808044 
107.374141 -0.010732 0.034319 0.068952 2.471935 -0.723888 0.016514 0.000000 0.000000 0.000000 0.347051 0.093926 -0.050882 0.000000 0.000000 0.000000 0.000021 0.003720 -0.004138 -0.195854 -0.102499 0.008621 0.113800 0.075280 9.808051 
107.574124 -0.009591 0.034608 0.069248 2.573136 -0.709622 0.000687 0.000000 0.000000 0.000000 0.489641 0.062223 -0.130144 0.000000 0.000000 0.000000 -0.000372 0.002764 -0.004337 -0.206578 -0.096355 0.004889 0.114956 0.077155 9.808023 
107.772704 -0.009630 0.034723 0.070743 2.680238 -0.705447 -0.024207 0.000000 0.000000 0.000000 0.545965 -0.032400 0.120141 0.000000 0.000000 0.000000 -0.000475 0.002563 -0.004337 -0.209413 -0.093280 0.004875 0.115513 0.077658 9.808012 
107.973913 -0.010425 0.035166 0.074303 2.803028 -0.717505 0.005210 0.000000 0.000000 0.000000 0.614282 -0.061979 0.106786 0.000000 0.000000 0.000000 -0.000634 0.002550 -0.004804 -0.209968 -0.092605 0.005683 0.115623 0.077757 9.808010 
108.173891 -0.010203 0.035219 0.078647 2.865576 -0.715300 0.012060 0.000000 0.000000 0.000000 0.324819 0.010270 0.008288 0.000000 0.000000 0.000000 -0.001106 0.001824 -0.005161 -0.196582 -0.102843 0.007151 0.113724 0.075209 9.808052 
108.573684 -0.010027 0.035713 0.076651 3.041466 -0.700790 0.007651 0.000000 0.000000 0.000000 0.467441 0.049623 -0.016514 0.000000 0.000000 0.000000 -0.000537 0.000397 -0.005044 -0.204087 -0.102556 0.006761 0.113692 0.076761 9.808041 
109.173461 -0.010305 0.036267 0.084213 3.327806 -0.689386 -0.008029 0.000000 0.000000 0.000000 0.481854 0.004635 -0.034169 0.000000 0.000000 0.000000 -0.000784 -0.000050 -0.005162 -0.205507 -0.101427 0.010461 0.113804 0.077092 9.808037 
109.373334 -0.010179 0.035879 0.085883 3.401703 -0.683152 -0.007062 0.000000 0.000000 0.000000 0.540312 0.053638 -0.042203 0.000000 0.000000 0.000000 -0.000074 0.004289 -0.004986 -0.200069 -0.103677 0.009710 0.113542 0.076122 9.808047 
109.573208 -0.011503 0.033852 0.082538 3.548472 -0.669461 -0.018294 0.000000 0.000000 0.000000 0.801776 0.076164 -0.069535 0.000000 0.000000 0.000000 0.000075 0.004403 -0.004658 -0.204191 -0.101813 0.009794 0.113857 0.077065 9.808036 
109.773212 -0.002081 0.010777 0.081223 3.419791 -0.693530 0.030306 0.000000 0.000000 0.000000 -0.193917 -0.036951 0.086216 0.000000 0.000000 0.000000 -0.000502 0.008012 -0.004653 -0.102186 -0.123168 -0.007438 0.112571 0.053957 9.808206 
109.973047 -0.000974 0.009333 0.083514 3.337559 -0.712489 0.053441 0.000000 0.000000 0.000000 -0.407974 -0.074355 0.100380 0.000000 0.000000 0.000000 -0.000472 0.007801 -0.004745 -0.099432 -0.123077 -0.007746 0.112637 0.053380 9.808208 
110.372893 -0.001849 0.009595 0.078632 3.329918 -0.687705 0.064439 0.000000 0.000000 0.000000 0.056101 0.208943 0.040825 0.000000 0.000000 0.000000 -0.000780 0.006383 -0.004300 -0.116817 -0.115677 -0.003707 0.114285 0.057215 9.808167 
110.571537 -0.001505 0.009630 0.081649 3.334310 -0.625527 0.047760 0.000000 0.000000 0.000000 0.030935 0.337439 -0.082230 0.000000 0.000000 0.000000 0.000185 0.006542 -0.004347 -0.115985 -0.120237 0.006729 0.114293 0.057442 9.808166 
110.772779 -0.001605 0.009728 0.079759 3.326659 -0.540836 0.073385 0.000000 0.000000 0.000000 0.005918 0.435222 -0.318427 0.000000 0.000000 0.000000 0.000432 0.006693 -0.004322 -0.114310 -0.127316 -0.009916 0.111557 0.056164 9.808205 
110.972655 -0.001901 0.009550 0.078030 3.306195 -0.466815 0.026576 0.000000 0.000000 0.000000 -0.035385 0.437883 0.008887 0.000000 0.000000 0.000000 0.000403 0.006559 -0.004257 -0.113200 -0.126803 -0.012269 0.111480 0.055849 9.808207 
111.172655 -0.001496 0.009724 0.077110 3.331300 -0.391329 0.037770 0.000000 0.000000 0.000000 0.149914 0.319533 0.045228 0.000000 0.000000 0.000000 0.000721 0.007048 -0.004197 -0.115171 -0.125538 -0.012653 0.111668 0.056202 9.808203 
111.372535 -0.001356 0.009620 0.077393 3.342074 -0.310587 0.039043 0.000000 0.000000 0.000000 0.077476 0.449434 0.121158 0.000000 0.000000 0.000000 0.001349 0.006473 -0.004271 -0.110288 -0.129538 -0.008469 0.111282 0.055526 9.808212 
111.572438 -0.002187 0.009417 0.077403 3.325673 -0.215823 0.047512 0.000000 0.000000 0.000000 -0.064614 0.478110 0.093156 0.000000 0.000000 0.000000 0.002042 0.006544 -0.004077 -0.098832 -0.135891 0.001919 0.111014 0.054161 9.808222 
112.170812 -0.004700 0.010199 0.074801 3.327937 0.012816 0.116744 0.000000 0.000000 0.000000 0.053952 0.285662 0.175313 0.000000 0.000000 0.000000 0.001396 0.005994 -0.004019 -0.099493 -0.134099 0.011624 0.112037 0.054589 9.808208 
112.971789 -0.004426 0.009699 0.073318 3.308890 0.342120 0.084863 0.000000 0.000000 0.000000 -0.115267 0.453403 -0.781804 0.000000 0.000000 0.000000 -0.000813 0.003966 -0.003852 -0.097369 -0.137081 0.018988 0.111970 0.054131 9.808212 
113.371645 -0.002952 0.009576 0.069003 3.329957 0.478130 0.026394 0.000000 0.000000 0.000000 0.118426 0.289915 -0.179545 0.000000 0.000000 0.000000 0.001318 0.005672 -0.003413 -0.098453 -0.137452 0.011934 0.111250 0.053924 9.808221 
113.571589 -0.002880 0.009505 0.070754 3.330074 0.559826 0.018780 0.000000 0.000000 0.000000 -0.000400 0.343031 -0.111115 0.000000 0.000000 0.000000 0.002486 0.006048 -0.003606 -0.093859 -0.153655 -0.009570 0.107159 0.052708 9.808273 
113.771472 -0.003188 0.009676 0.069470 3.314838 0.621955 0.035953 0.000000 0.000000 0.000000 0.007665 0.559141 -0.164632 0.000000 0.000000 0.000000 0.002357 0.006259 -0.003626 -0.088569 -0.152331 -0.028592 0.105793 0.051396 9.808295 
114.571090 -0.003431 0.009354 0.064369 3.361964 0.956154 0.019006 0.000000 0.000000 0.000000 0.108755 0.382419 0.024541 0.000000 0.000000 0.000000 -0.000394 0.007001 -0.003349 -0.087436 -0.149235 -0.028333 0.106218 0.051241 9.808291 
114.771032 -0.003756 0.009625 0.065963 3.352534 1.025434 -0.004508 0.000000 0.000000 0.000000 -0.072451 0.445385 0.324379 0.000000 0.000000 0.000000 -0.001366 0.010964 -0.003346 -0.084198 -0.148984 -0.016220 0.106730 0.050899 9.808287 
115.370822 -0.004122 0.010048 0.060798 3.318183 1.292693 0.023161 0.000000 0.000000 0.000000 -0.030899 0.583197 0.094126 0.000000 0.000000 0.000000 -0.002181 0.011281 -0.003200 -0.082914 -0.147062 -0.014652 0.107022 0.050765 9.808285 
115.970634 -0.033177 0.001314 0.058479 3.293877 1.635338 -0.066443 0.000000 0.000000 0.000000 -0.065887 0.597637 -0.457841 0.000000 0.000000 0.000000 -0.002401 0.011529 -0.003035 -0.082455 -0.149891 -0.001423 0.107746 0.050692 9.808277 
116.170563 -0.032839 0.001719 0.059942 3.307197 1.708040 -0.095399 0.000000 0.000000 0.000000 0.082844 0.332367 -0.219850 0.000000 0.000000 0.000000 0.000835 0.012403 -0.003224 -0.084100 -0.146407 -0.006859 0.107422 0.051847 9.808275 
116.370467 -0.034746 0.004911 0.057368 3.321654 1.811596 -0.131921 0.000000 0.000000 0.000000 0.095508 0.473097 -0.260913 0.000000 0.000000 0.000000 0.001574 0.012615 -0.002856 -0.082650 -0.158240 -0.009458 0.106169 0.052229 9.808286 
117.170249 -0.033940 0.003529 0.056985 3.296595 2.089181 -0.162679 0.000000 0.000000 0.000000 -0.186372 0.106461 0.034374 0.000000 0.000000 0.000000 0.001969 0.011068 -0.002929 -0.080868 -0.154870 -0.025773 0.104708 0.053877 9.808293 
117.370212 -0.034588 0.003848 0.056235 3.285409 2.172852 -0.141998 0.000000 0.000000 0.000000 -0.080050 0.317209 0.024498 0.000000 0.000000 0.000000 0.008720 0.008014 -0.002629 -0.082466 -0.158065 -0.027188 0.104470 0.054117 9.808294 
117.570067 -0.034894 0.004038 0.054981 3.291203 2.243399 -0.129300 0.000000 0.000000 0.000000 0.023488 0.297660 0.152784 0.000000 0.000000 0.000000 0.009137 0.006927 -0.002373 -0.089078 -0.161874 -0.025947 0.104468 0.054529 9.808292 
117.770076 -0.034704 0.003741 0.058316 3.352632 2.295040 -0.097381 0.000000 0.000000 0.000000 0.307409 0.125501 -0.170018 0.000000 0.000000 0.000000 0.009140 0.006170 -0.002353 -0.110516 -0.156096 -0.026992 0.105205 0.056102 9.808275 
118.169833 -0.034971 0.004280 0.058702 3.331405 2.282551 -0.140569 0.000000 0.000000 0.000000 -0.037141 -0.076664 -0.111949 0.000000 0.000000 0.000000 0.008471 0.007008 -0.002365 -0.104416 -0.154485 -0.028478 0.105053 0.055814 9.808279 
118.369766 -0.034950 0.004272 0.059631 3.304446 2.293856 -0.138202 0.000000 0.000000 0.000000 -0.040671 0.058037 -0.024745 0.000000 0.000000 0.000000 0.011732 0.010996 -0.002050 -0.095521 -0.163312 -0.037819 0.103372 0.056389 9.808293 
118.569683 -0.034215 0.002801 0.054675 3.268241 2.298866 -0.116828 0.000000 0.000000 0.000000 -0.122013 0.003637 0.063002 0.000000 0.000000 0.000000 0.011386 0.012184 -0.001286 -0.079538 -0.164116 -0.047744 0.102140 0.056201 9.808307 
118.769651 -0.034135 0.002266 0.051016 3.195638 2.302487 -0.109381 0.000000 0.000000 0.000000 -0.349078 -0.020102 0.016776 0.000000 0.000000 0.000000 0.011220 0.012046 -0.001279 -0.061332 -0.168695 -0.046702 0.101557 0.054688 9.808322 
118.969613 -0.034702 0.003137 0.046794 3.180835 2.287828 -0.122694 0.000000 0.000000 0.000000 -0.062252 -0.103258 -0.010418 0.000000 0.000000 0.000000 0.011195 0.012187 -0.001050 -0.064546 -0.168215 -0.045372 0.101776 0.054751 9.808319 
119.169608 -0.034180 0.002879 0.044863 3.162875 2.271065 -0.138956 0.000000 0.000000 0.000000 -0.058743 -0.092617 -0.081056 0.000000 0.000000 0.000000 0.011162 0.012675 -0.000898 -0.061742 -0.170272 -0.043375 0.101809 0.054494 9.808320 
119.569296 -0.033631 0.001502 0.043962 3.042008 2.270376 -0.118165 0.000000 0.000000 0.000000 -0.370430 0.013080 0.027899 0.000000 0.000000 0.000000 0.011673 0.014185 -0.000565 -0.040128 -0.181145 -0.051959 0.100290 0.054979 9.808333 
119.769347 -0.033609 0.000853 0.042449 2.966303 2.276657 -0.123658 0.000000 0.000000 0.000000 -0.306056 -0.049211 0.204861 0.000000 0.000000 0.000000 0.011717 0.014164 -0.000557 -0.039122 -0.182980 -0.046819 0.100690 0.054468 9.808332 
120.168895 -0.033462 0.000116 0.037938 2.790859 2.284618 -0.103578 0.000000 0.000000 0.000000 -0.399654 -0.000922 0.031756 0.000000 0.000000 0.000000 0.011584 0.014183 -0.000322 -0.036638 -0.185109 -0.044147 0.100840 0.054199 9.808332 
120.368844 -0.033638 0.000493 0.036306 2.715344 2.271026 -0.113700 0.000000 0.000000 0.000000 -0.380806 -0.091693 -0.030452 0.000000 0.000000 0.000000 0.010623 0.013496 -0.000145 -0.037330 -0.183699 -0.040999 0.101193 0.053823 9.808330 
120.568796 -0.033545 0.000469 0.035178 2.605871 2.274058 -0.129316 0.000000 0.000000 0.000000 -0.536956 0.011838 -0.074782 0.000000 0.000000 0.000000 0.011308 0.014693 0.000003 -0.026808 -0.192519 -0.041605 0.100918 0.054097 9.808332 
121.369743 -0.035168 0.001222 0.029227 2.239028 2.285275 -0.174587 0.000000 0.000000 0.000000 -0.371184 -0.011712 -0.010562 0.000000 0.000000 0.000000 0.011724 0.014433 0.000085 -0.027830 -0.193326 -0.045620 0.100630 0.054525 9.808332 
121.568359 -0.033851 0.000018 0.026839 2.154233 2.273493 -0.152704 0.000000 0.000000 0.000000 -0.428213 -0.074049 0.097505 0.000000 0.000000 0.000000 0.009960 0.015520 0.000392 -0.027334 -0.191277 -0.050558 0.100320 0.055267 9.808331 
121.768262 -0.033438 -0.000958 0.025485 2.070290 2.275649 -0.090228 0.000000 0.000000 0.000000 -0.460064 -0.035090 -0.253124 0.000000 0.000000 0.000000 0.010731 0.015233 0.000381 -0.028052 -0.194670 -0.061632 0.099663 0.056556 9.808331 
123.169018 -0.050864 -0.025713 0.017658 1.338602 2.319917 -0.693090 0.000000 0.000000 0.000000 -0.529230 0.021011 -0.525360 0.000000 0.000000 0.000000 0.010076 0.014596 0.000953 -0.027600 -0.195359 -0.064152 0.099402 0.056824 9.808332 
123.367651 -0.051142 -0.025676 0.015825 1.220010 2.327145 -0.691961 0.000000 0.000000 0.000000 -0.561251 0.004948 0.028486 0.000000 0.000000 0.000000 0.009650 0.013078 0.001182 -0.030492 -0.192868 -0.081340 0.096569 0.058939 9.808348 
123.568869 -0.052331 -0.024087 0.011817 1.147076 2.332569 -0.672312 0.000000 0.000000 0.000000 -0.339137 -0.005816 0.124667 0.000000 0.000000 0.000000 0.009421 0.012017 0.001425 -0.040539 -0.194791 -0.082857 0.096609 0.058596 9.808349 
124.367260 -0.021241 -0.017725 0.006919 0.900091 2.234198 -0.464447 0.000000 0.000000 0.000000 -0.230197 -0.260585 0.411848 0.000000 0.000000 0.000000 0.009161 0.012054 0.001378 -0.040630 -0.193961 -0.084536 0.096296 0.058803 9.808351 
124.967002 -0.023345 -0.016574 0.001114 0.670680 2.238974 -0.346865 0.000000 0.000000 0.000000 -0.394158 0.171185 0.115002 0.000000 0.000000 0.000000 0.008397 0.011331 0.001720 -0.031857 -0.202103 -0.072505 0.098388 0.059846 9.808324 
125.566797 -0.026642 -0.012870 -0.002820 0.489802 2.265346 -0.275570 0.000000 0.000000 0.000000 -0.259777 -0.012148 0.138860 0.000000 0.000000 0.000000 0.008251 0.010264 0.002151 -0.032165 -0.198729 -0.070389 0.098372 0.059657 9.808325 
126.167949 -0.027985 -0.015634 -0.005764 0.243718 2.281069 -0.145504 0.000000 0.000000 0.000000 -0.666723 -0.015067 0.317351 0.000000 0.000000 0.000000 0.009382 0.012514 0.002253 -0.026616 -0.200649 -0.070062 0.098590 0.060260 9.808319 
126.566416 -0.031341 -0.006449 -0.008549 0.314866 2.273121 -0.157043 0.000000 0.000000 0.000000 0.401695 -0.160165 -0.049598 0.000000 0.000000 0.000000 0.012124 -0.006081 0.002726 -0.055983 -0.207814 -0.057945 0.100752 0.056772 9.808318 
127.166137 -0.004093 0.002624 -0.002436 0.477043 1.964727 -0.041252 0.000000 0.000000 0.000000 0.082423 -1.074065 0.559436 0.000000 0.000000 0.000000 0.011238 -0.005445 0.002539 -0.053056 -0.202135 -0.067376 0.099425 0.057524 9.808327 
127.567311 -0.006237 0.006271 0.002243 0.394473 1.797180 0.084993 0.000000 0.000000 0.000000 -0.235005 -0.277946 0.243445 0.000000 0.000000 0.000000 0.015981 -0.003058 0.002122 -0.048561 -0.209259 -0.065868 0.100416 0.058343 9.808312 
128.165787 -0.004507 0.004105 0.002124 0.368637 1.577606 0.034522 0.000000 0.000000 0.000000 0.107365 -0.394214 -0.275777 0.000000 0.000000 0.000000 0.011383 -0.006670 0.001783 -0.057442 -0.200551 -0.058294 0.099919 0.057554 9.808322 
128.367084 -0.003732 0.004468 0.002290 0.389918 1.497814 -0.008717 0.000000 0.000000 0.000000 0.107473 -0.392493 -0.150141 0.000000 0.000000 0.000000 0.011691 -0.006762 0.001296 -0.057685 -0.201109 -0.060158 0.099883 0.057496 9.808323 
128.567006 -0.003470 0.003516 0.004977 0.360133 1.417951 -0.002789 0.000000 0.000000 0.000000 -0.118823 -0.352337 0.032106 0.000000 0.000000 0.000000 0.011364 -0.004970 0.001003 -0.037237 -0.200043 -0.071304 0.099120 0.058973 9.808322 
129.166754 -0.035986 0.011562 0.005286 0.342887 1.284205 -0.244993 0.000000 0.000000 0.000000 0.056028 -0.138431 -0.663130 0.000000 0.000000 0.000000 0.013213 -0.005872 0.001047 -0.042151 -0.209487 -0.067659 0.100075 0.058768 9.808313 
129.366709 -0.037228 0.013903 0.006319 0.395645 1.206299 -0.283184 0.000000 0.000000 0.000000 0.254753 -0.431021 -0.254974 0.000000 0.000000 0.000000 0.004123 -0.011571 0.000676 -0.047479 -0.200095 -0.080441 0.099846 0.059880 9.808309 
129.565264 -0.038712 0.016063 0.009216 0.345801 1.121883 -0.281022 0.000000 0.000000 0.000000 -0.243080 -0.445069 0.075471 0.000000 0.000000 0.000000 0.004406 -0.007224 0.000500 -0.006547 -0.205233 -0.090404 0.099921 0.064052 9.808282 
130.166372 -0.050230 0.029386 0.009335 0.389469 0.927565 -0.229402 0.000000 0.000000 0.000000 0.293775 -0.338801 0.172133 0.000000 0.000000 0.000000 0.004560 -0.008944 0.000218 -0.012601 -0.207006 -0.091421 0.100135 0.063719 9.808282 
130.364974 -0.044240 0.025480 0.008678 0.421975 0.828647 -0.178112 0.000000 0.000000 0.000000 0.140427 -0.511539 0.260198 0.000000 0.000000 0.000000 0.000251 -0.005591 -0.000093 -0.009271 -0.200518 -0.095353 0.099854 0.064582 9.808279 
130.564914 -0.044276 0.025280 0.013556 0.371873 0.732323 -0.152373 0.000000 0.000000 0.000000 -0.258771 -0.442395 0.160965 0.000000 0.000000 0.000000 -0.000144 -0.002546 -0.000530 0.022305 -0.201326 -0.090901 0.099275 0.066318 9.808273 
131.164710 -0.022840 0.020076 0.010938 0.346048 0.387710 -0.154174 0.000000 0.000000 0.000000 0.170239 -0.674727 -0.144328 0.000000 0.000000 0.000000 -0.000574 -0.003580 -0.000635 0.012609 -0.197709 -0.092719 0.099272 0.065873 9.808276 
131.365970 -0.021163 0.017786 0.011788 0.386714 0.293079 -0.164613 0.000000 0.000000 0.000000 0.175304 -0.535001 -0.145775 0.000000 0.000000 0.000000 0.005494 -0.004179 -0.001445 0.012527 -0.204213 -0.093682 0.099428 0.065745 9.808276 
131.565858 -0.022443 0.020603 0.018181 0.357026 0.206383 -0.157233 0.000000 0.000000 0.000000 -0.150621 -0.377245 0.124727 0.000000 0.000000 0.000000 0.005920 -0.002448 -0.002034 0.041647 -0.216723 -0.097723 0.099756 0.067501 9.808260 
131.964427 -0.007785 0.028713 0.014042 0.315844 -0.013831 -0.019235 0.000000 0.000000 0.000000 -0.078029 -0.901142 0.542064 0.000000 0.000000 0.000000 0.006352 -0.002229 -0.001899 0.035619 -0.211187 -0.110314 0.099730 0.067244 9.808262 
132.165667 -0.013220 0.029534 0.013772 0.345962 -0.087952 0.032201 0.000000 0.000000 0.000000 0.149463 -0.350032 0.128107 0.000000 0.000000 0.000000 0.007262 -0.002270 -0.001977 0.035258 -0.209353 -0.110307 0.099054 0.067498 9.808268 
132.365627 -0.012254 0.029911 0.015767 0.394910 -0.171280 0.040528 0.000000 0.000000 0.000000 0.202307 -0.521039 -0.016677 0.000000 0.000000 0.000000 0.006918 -0.002643 -0.002806 0.025096 -0.209068 -0.107944 0.099008 0.067101 9.808271 
132.565524 -0.012430 0.028935 0.020652 0.349801 -0.253169 0.018023 0.000000 0.000000 0.000000 -0.218869 -0.376998 -0.104112 0.000000 0.000000 0.000000 0.006498 -0.001922 -0.003553 0.068245 -0.217000 -0.100506 0.098433 0.069306 9.808261 
132.965370 -0.022407 0.019810 0.016256 0.282473 -0.397715 -0.072326 0.000000 0.000000 0.000000 -0.096947 -0.222645 -0.605613 0.000000 0.000000 0.000000 0.006842 -0.001618 -0.003495 0.062995 -0.211931 -0.096883 0.098169 0.069095 9.808265 
133.165294 -0.021989 0.019727 0.019441 0.286118 -0.485459 -0.108050 0.000000 0.000000 0.000000 -0.019651 -0.364416 -0.226231 0.000000 0.000000 0.000000 0.006849 -0.001309 -0.003944 0.063651 -0.213685 -0.094492 0.098048 0.069255 9.808265 
133.363899 -0.021747 0.019273 0.017698 0.267896 -0.538050 -0.126271 0.000000 0.000000 0.000000 -0.175181 -0.218496 -0.151236 0.000000 0.000000 0.000000 0.006570 -0.001820 -0.003523 0.066619 -0.217796 -0.098036 0.098109 0.069502 9.808263 
133.565174 -0.021888 0.020467 0.017676 0.249238 -0.565986 -0.115816 0.000000 0.000000 0.000000 -0.202316 -0.097337 0.086071 0.000000 0.000000 0.000000 0.006573 -0.002708 -0.003630 0.053503 -0.218256 -0.102905 0.098323 0.069250 9.808263 
134.164966 -0.018587 0.019652 0.022511 0.443673 -0.575898 -0.115204 0.000000 0.000000 0.000000 1.113679 0.102592 -0.136808 0.000000 0.000000 0.000000 0.006726 -0.003719 -0.003834 0.033704 -0.221498 -0.102416 0.098680 0.068695 9.808263 
134.364865 -0.012567 0.025782 0.026884 0.583452 -0.589164 -0.084381 0.000000 0.000000 0.000000 0.648337 -0.051739 0.158029 0.000000 0.000000 0.000000 0.005616 -0.002812 -0.004693 0.034479 -0.221501 -0.101498 0.098668 0.068616 9.808264 
134.564789 -0.009555 0.029049 0.031707 0.694061 -0.595551 -0.006662 0.000000 0.000000 0.000000 0.532435 -0.026302 0.331005 0.000000 0.000000 0.000000 0.005716 -0.002479 -0.005634 0.040203 -0.223094 -0.109421 0.098821 0.068564 9.808263 
135.364535 -0.012867 0.028792 0.037874 1.058689 -0.568149 0.229904 0.000000 0.000000 0.000000 0.319084 0.070277 0.345172 0.000000 0.000000 0.000000 0.004396 -0.002436 -0.006084 0.039667 -0.221232 -0.088963 0.098048 0.068964 9.808268 
135.564517 -0.014751 0.032126 0.041187 1.182185 -0.564051 0.168425 0.000000 0.000000 0.000000 0.584043 0.038732 -0.125314 0.000000 0.000000 0.000000 0.002926 -0.012535 -0.006825 0.028792 -0.219723 -0.035380 0.095884 0.069656 9.808284 
136.164261 -0.012477 0.027872 0.048092 1.445150 -0.585486 -0.000785 0.000000 0.000000 0.000000 0.297011 -0.056746 -0.352155 0.000000 0.000000 0.000000 0.002257 -0.012178 -0.006972 0.030031 -0.218316 -0.034134 0.095866 0.069618 9.808284 
136.364138 -0.009374 0.030784 0.049136 1.545405 -0.587981 -0.017124 0.000000 0.000000 0.000000 0.447915 -0.005057 -0.155083 0.000000 0.000000 0.000000 0.002000 -0.019074 -0.007159 0.020674 -0.218039 -0.044914 0.096027 0.069902 9.808281 
136.564082 -0.010066 0.032674 0.051857 1.657089 -0.587108 -0.009510 0.000000 0.000000 0.000000 0.515843 0.021697 0.006646 0.000000 0.000000 0.000000 0.002144 -0.019796 -0.007456 0.010558 -0.216144 -0.053631 0.096433 0.070211 9.808275 
136.764012 -0.012063 0.036359 0.052449 1.789445 -0.567619 0.022463 0.000000 0.000000 0.000000 0.520239 0.009462 0.118593 0.000000 0.000000 0.000000 0.002168 -0.019656 -0.007456 -0.002612 -0.222175 -0.062477 0.096580 0.070743 9.808269 
137.163895 -0.010201 0.034159 0.055385 1.937280 -0.576097 0.027206 0.000000 0.000000 0.000000 0.228637 -0.051317 -0.041683 0.000000 0.000000 0.000000 0.002203 -0.019719 -0.007436 -0.001587 -0.222517 -0.061676 0.096508 0.070699 9.808270 
137.563808 -0.016011 0.041720 0.060928 2.164241 -0.557975 0.055859 0.000000 0.000000 0.000000 0.515266 0.054689 0.059725 0.000000 0.000000 0.000000 0.002827 -0.020554 -0.008476 -0.011774 -0.223394 -0.064851 0.096707 0.071319 9.808264 
138.163585 -0.021012 0.052020 0.063574 2.525405 -0.539598 -0.003322 0.000000 0.000000 0.000000 0.576005 0.011690 -0.172148 0.000000 0.000000 0.000000 0.001708 -0.022370 -0.008727 -0.017706 -0.219202 -0.065497 0.097079 0.071721 9.808257 
138.363632 -0.019268 0.049680 0.067684 2.623459 -0.535876 -0.030355 0.000000 0.000000 0.000000 0.449410 0.011811 -0.182943 0.000000 0.000000 0.000000 0.002175 -0.020051 -0.009320 -0.015808 -0.219801 -0.068726 0.097457 0.071601 9.808255 
138.963443 -0.021455 0.046846 0.072580 2.890013 -0.524514 -0.086241 0.000000 0.000000 0.000000 0.397900 0.001612 -0.133841 0.000000 0.000000 0.000000 0.002339 -0.018126 -0.009492 -0.018646 -0.219040 -0.080883 0.098863 0.072091 9.808237 
139.163312 -0.018471 0.045986 0.074130 2.946721 -0.519422 -0.034405 0.000000 0.000000 0.000000 0.307844 0.025165 0.177958 0.000000 0.000000 0.000000 0.002015 -0.018200 -0.009397 -0.016906 -0.219314 -0.088922 0.099513 0.072186 9.808230 
139.363341 -0.014108 0.040391 0.075722 3.031903 -0.528304 -0.001634 0.000000 0.000000 0.000000 0.543879 -0.031501 0.204782 0.000000 0.000000 0.000000 0.001501 -0.017128 -0.009487 -0.021511 -0.210529 -0.086782 0.100305 0.072699 9.808218 
140.163104 -0.014112 0.037438 0.073257 3.002141 -0.507318 0.064552 0.000000 0.000000 0.000000 -0.843313 0.082036 -0.039019 0.000000 0.000000 0.000000 0.000400 -0.026511 -0.009525 -0.003732 -0.214068 -0.076316 0.099324 0.070686 9.808242 
140.363036 -0.012362 0.037291 0.073290 2.952718 -0.529738 0.020245 0.000000 0.000000 0.000000 -0.267364 -0.113371 -0.202276 0.000000 0.000000 0.000000 -0.001949 -0.031226 -0.009497 -0.002219 -0.214178 -0.076857 0.099549 0.070671 9.808240 
140.564085 -0.011731 0.037146 0.073251 2.959700 -0.537724 -0.006782 0.000000 0.000000 0.000000 -0.045622 -0.049073 -0.149525 0.000000 0.000000 0.000000 -0.001792 -0.031286 -0.009304 -0.023707 -0.212253 -0.077874 0.099655 0.072902 9.808223 
140.762932 -0.011609 0.037189 0.072843 2.967672 -0.541874 -0.017120 0.000000 0.000000 0.000000 -0.013563 -0.012921 -0.064443 0.000000 0.000000 0.000000 -0.001732 -0.030969 -0.009273 -0.032782 -0.212145 -0.082795 0.099884 0.073806 9.808214 
141.162529 -0.013256 0.039694 0.073301 2.976708 -0.536079 -0.004889 0.000000 0.000000 0.000000 -0.036352 0.039433 0.073799 0.000000 0.000000 0.000000 -0.001731 -0.030530 -0.009233 -0.034412 -0.212249 -0.084621 0.099968 0.073950 9.808212 
141.363761 -0.013146 0.039024 0.072961 2.973791 -0.530605 0.005572 0.000000 0.000000 0.000000 -0.051518 0.035537 0.066804 0.000000 0.000000 0.000000 -0.001740 -0.029900 -0.009028 -0.035724 -0.211505 -0.084146 0.100008 0.074086 9.808210 
141.563760 -0.012460 0.038177 0.073113 2.967302 -0.532742 0.012657 0.000000 0.000000 0.000000 -0.070410 0.000393 0.058707 0.000000 0.000000 0.000000 -0.001956 -0.029355 -0.008884 -0.039756 -0.205376 -0.082833 0.100534 0.074532 9.808202 
141.962206 -0.013207 0.039221 0.073001 2.980438 -0.532592 0.023161 0.000000 0.000000 0.000000 0.173420 0.001155 -0.001316 0.000000 0.000000 0.000000 -0.001893 -0.029026 -0.008853 -0.048607 -0.203484 -0.080710 0.100559 0.075441 9.808194 
142.163567 -0.013172 0.038788 0.073116 2.977680 -0.533046 0.010235 0.000000 0.000000 0.000000 -0.040527 0.008378 -0.043200 0.000000 0.000000 0.000000 -0.001808 -0.028268 -0.008681 -0.049464 -0.203231 -0.080583 0.100577 0.075529 9.808194 
142.363423 -0.012349 0.038194 0.073006 2.974296 -0.536061 -0.001847 0.000000 0.000000 0.000000 -0.056216 -0.005570 -0.042082 0.000000 0.000000 0.000000 -0.001856 -0.027503 -0.008491 -0.053590 -0.199324 -0.080128 0.100919 0.075945 9.808187 
142.562021 -0.011933 0.037660 0.073325 2.972614 -0.537552 -0.006052 0.000000 0.000000 0.000000 -0.046988 -0.001855 -0.016865 0.000000 0.000000 0.000000 -0.001899 -0.027045 -0.008379 -0.061738 -0.196338 -0.081169 0.101237 0.076741 9.808177 
143.361812 -0.016897 0.045445 0.072757 3.011137 -0.517544 0.021439 0.000000 0.000000 0.000000 0.068558 0.053850 0.096263 0.000000 0.000000 0.000000 -0.001916 -0.028505 -0.008351 -0.065408 -0.195983 -0.081891 0.101293 0.077106 9.808174 
143.561706 -0.016384 0.043879 0.073825 3.004101 -0.520619 0.029938 0.000000 0.000000 0.000000 -0.069879 -0.008575 0.070341 0.000000 0.000000 0.000000 -0.004304 -0.024983 -0.008276 -0.063427 -0.194265 -0.080488 0.101332 0.076893 9.808175 
143.762989 -0.014920 0.041323 0.073069 2.989588 -0.521506 0.024172 0.000000 0.000000 0.000000 -0.141332 0.003195 0.027222 0.000000 0.000000 0.000000 -0.004312 -0.025088 -0.008261 -0.064026 -0.195186 -0.076314 0.100865 0.076919 9.808180 
144.161548 -0.015920 0.043509 0.072588 2.999123 -0.518950 0.026146 0.000000 0.000000 0.000000 -0.019732 0.015331 0.012331 0.000000 0.000000 0.000000 -0.004250 -0.025077 -0.008181 -0.067909 -0.194523 -0.076039 0.100893 0.077269 9.808177 
144.361508 -0.015683 0.043197 0.072406 2.999987 -0.521816 0.026239 0.000000 0.000000 0.000000 -0.032871 -0.010384 0.014972 0.000000 0.000000 0.000000 -0.004804 -0.025351 -0.008020 -0.070617 -0.192273 -0.075412 0.101051 0.077521 9.808173 
144.562804 -0.015706 0.043060 0.072490 3.001067 -0.522664 0.012611 0.000000 0.000000 0.000000 -0.038348 -0.000565 -0.029170 0.000000 0.000000 0.000000 -0.004652 -0.025082 -0.007869 -0.078345 -0.191291 -0.069473 0.100758 0.078192 9.808171 
