=== FAST-LIO2 official run with map save start: 2026-10-04T15:39:51+08:00 ===
config: /home/nvidia/drone/stage1_m2dgr_experiments/configs/fastlio_parking2.yaml
bag: /home/nvidia/drone/stage1_m2dgr_experiments/bags/Parking_02/parking2_ros2
map_file_path: /home/nvidia/drone/stage1_m2dgr_experiments/results/Parking_02/fastlio_default/map.pcd
[INFO] [launch]: All log files can be found below /home/nvidia/.ros/log/2026-10-04-15-39-51-861274-nvidia-desktop-11075
[INFO] [launch]: Default logging verbosity is set to INFO
[INFO] [imu_si_publisher-1]: process started with pid [11077]
[INFO] [fastlio_mapping-2]: process started with pid [11079]
[imu_si_publisher-1] [INFO] [1791099592.016132102] [imu_si_publisher]: IMU SI bridge started: /livox/imu -> /livox/imu_si, acc_scale=9.80665
[fastlio_mapping-2] [INFO] [1791099592.135330329] [laser_mapping]: p_pre->lidar_type 0
[fastlio_mapping-2] Multi thread started 
[fastlio_mapping-2] ~~~~/home/nvidia/ros2_ws/src/fast_lio2/ file opened
[fastlio_mapping-2] [INFO] [1791099592.146132517] [laser_mapping]: Node init finished.
=== ros2 node list before playback ===
/imu_si_publisher
/laser_mapping
=== playback start: 2026-10-04T15:40:00+08:00 ===
stdin is not a terminal device. Keyboard handling disabled.[INFO] [1791099600.855716910] [rosbag2_storage]: Opened database '/home/nvidia/drone/stage1_m2dgr_experiments/bags/Parking_02/parking2_ros2/parking2_ros2.db3' for READ_ONLY.
[INFO] [1791099600.855887713] [rosbag2_player]: Set rate to 1
[INFO] [1791099600.864836220] [rosbag2_player]: Adding keyboard callbacks.
[INFO] [1791099600.864952328] [rosbag2_player]: Press SPACE for Pause/Resume
[INFO] [1791099600.864980843] [rosbag2_player]: Press CURSOR_RIGHT for Play Next Message
[INFO] [1791099600.865002189] [rosbag2_player]: Press CURSOR_UP for Increase Rate 10%
[INFO] [1791099600.865023856] [rosbag2_player]: Press CURSOR_DOWN for Decrease Rate 10%
[INFO] [1791099600.865974805] [rosbag2_storage]: Opened database '/home/nvidia/drone/stage1_m2dgr_experiments/bags/Parking_02/parking2_ros2/parking2_ros2.db3' for READ_ONLY.
[fastlio_mapping-2] IMU Initial Done
[fastlio_mapping-2] [WARN] [1791099603.133555768] [laser_mapping]: No point, skip this scan!
[fastlio_mapping-2] 
[fastlio_mapping-2] [INFO] [1791099603.356236307] [laser_mapping]: Initialize the map kdtree
[fastlio_mapping-2] [ mapping ]: time: IMU + Map + Input Downsample: 0.025910 ave match: 0.067729 ave solve: 0.003670  ave ICP: 0.072423  map incre: 0.014258 ave total: 0.112591 icp: 0.071537 construct H: 0.001028 
[fastlio_mapping-2] [ mapping ]: time: IMU + Map + Input Downsample: 0.019286 ave match: 0.064315 ave solve: 0.003565  ave ICP: 0.064807  map incre: 0.009740 ave total: 0.103212 icp: 0.068028 construct H: 0.001021 
[fastlio_mapping-2] [ mapping ]: time: IMU + Map + Input Downsample: 0.023907 ave match: 0.065409 ave solve: 0.003560  ave ICP: 0.071696  map incre: 0.006776 ave total: 0.102934 icp: 0.069123 construct H: 0.001027 
[fastlio_mapping-2] [ mapping ]: time: IMU + Map + Input Downsample: 0.022556 ave match: 0.065643 ave solve: 0.003338  ave ICP: 0.069457  map incre: 0.005872 ave total: 0.101672 icp: 0.069128 construct H: 0.000967 
[fastlio_mapping-2] [ mapping ]: time: IMU + Map + Input Downsample: 0.021030 ave match: 0.066235 ave solve: 0.003384  ave ICP: 0.072657  map incre: 0.005181 ave total: 0.101111 icp: 0.069769 construct H: 0.000987 
[fastlio_mapping-2] [ mapping ]: time: IMU + Map + Input Downsample: 0.023821 ave match: 0.066121 ave solve: 0.003273  ave ICP: 0.068676  map incre: 0.005049 ave total: 0.100517 icp: 0.069541 construct H: 0.000956 
[fastlio_mapping-2] [ mapping ]: time: IMU + Map + Input Downsample: 0.021821 ave match: 0.066443 ave solve: 0.003189  ave ICP: 0.071515  map incre: 0.004889 ave total: 0.100190 icp: 0.069777 construct H: 0.000933 
[fastlio_mapping-2] [ mapping ]: time: IMU + Map + Input Downsample: 0.022135 ave match: 0.067703 ave solve: 0.003342  ave ICP: 0.081447  map incre: 0.004870 ave total: 0.101223 icp: 0.071198 construct H: 0.000990 
[fastlio_mapping-2] [ mapping ]: time: IMU + Map + Input Downsample: 0.022481 ave match: 0.067924 ave solve: 0.003293  ave ICP: 0.073124  map incre: 0.003991 ave total: 0.101042 icp: 0.071369 construct H: 0.000975 
[fastlio_mapping-2] [ mapping ]: time: IMU + Map + Input Downsample: 0.017926 ave match: 0.067620 ave solve: 0.003323  ave ICP: 0.068923  map incre: 0.003898 ave total: 0.100012 icp: 0.071096 construct H: 0.000984 
[fastlio_mapping-2] [ mapping ]: time: IMU + Map + Input Downsample: 0.020964 ave match: 0.067679 ave solve: 0.003336  ave ICP: 0.072252  map incre: 0.003280 ave total: 0.099693 icp: 0.071171 construct H: 0.000988 
[fastlio_mapping-2] [ mapping ]: time: IMU + Map + Input Downsample: 0.022068 ave match: 0.067699 ave solve: 0.003348  ave ICP: 0.071873  map incre: 0.002911 ave total: 0.099456 icp: 0.071203 construct H: 0.000991 
[fastlio_mapping-2] [ mapping ]: time: IMU + Map + Input Downsample: 0.023439 ave match: 0.067517 ave solve: 0.003296  ave ICP: 0.068471  map incre: 0.003121 ave total: 0.099116 icp: 0.070967 construct H: 0.000976 
[fastlio_mapping-2] [ mapping ]: time: IMU + Map + Input Downsample: 0.018089 ave match: 0.067797 ave solve: 0.003314  ave ICP: 0.075476  map incre: 0.002723 ave total: 0.098914 icp: 0.071266 construct H: 0.000981 
[fastlio_mapping-2] [ mapping ]: time: IMU + Map + Input Downsample: 0.023362 ave match: 0.067791 ave solve: 0.003340  ave ICP: 0.071952  map incre: 0.002696 ave total: 0.098853 icp: 0.071286 construct H: 0.000988 
[fastlio_mapping-2] [ mapping ]: time: IMU + Map + Input Downsample: 0.021144 ave match: 0.067735 ave solve: 0.003349  ave ICP: 0.070889  map incre: 0.002908 ave total: 0.098609 icp: 0.071241 construct H: 0.000991 
[fastlio_mapping-2] [ mapping ]: time: IMU + Map + Input Downsample: 0.018995 ave match: 0.067638 ave solve: 0.003312  ave ICP: 0.069243  map incre: 0.002627 ave total: 0.098153 icp: 0.071106 construct H: 0.000979 
[fastlio_mapping-2] [ mapping ]: time: IMU + Map + Input Downsample: 0.023958 ave match: 0.067584 ave solve: 0.003276  ave ICP: 0.069736  map incre: 0.002544 ave total: 0.098047 icp: 0.071014 construct H: 0.000969 
[fastlio_mapping-2] [ mapping ]: time: IMU + Map + Input Downsample: 0.025298 ave match: 0.068081 ave solve: 0.003309  ave ICP: 0.081426  map incre: 0.002794 ave total: 0.098651 icp: 0.071545 construct H: 0.000962 
[fastlio_mapping-2] [ mapping ]: time: IMU + Map + Input Downsample: 0.024270 ave match: 0.068538 ave solve: 0.003278  ave ICP: 0.080381  map incre: 0.002324 ave total: 0.099067 icp: 0.071970 construct H: 0.000953 
[fastlio_mapping-2] [ mapping ]: time: IMU + Map + Input Downsample: 0.022237 ave match: 0.068745 ave solve: 0.003296  ave ICP: 0.076989  map incre: 0.002439 ave total: 0.099191 icp: 0.072194 construct H: 0.000967 
[fastlio_mapping-2] [ mapping ]: time: IMU + Map + Input Downsample: 0.021097 ave match: 0.068594 ave solve: 0.003268  ave ICP: 0.068575  map incre: 0.002634 ave total: 0.098878 icp: 0.072014 construct H: 0.000960 
[fastlio_mapping-2] [ mapping ]: time: IMU + Map + Input Downsample: 0.021656 ave match: 0.068571 ave solve: 0.003250  ave ICP: 0.071422  map incre: 0.001939 ave total: 0.098710 icp: 0.071973 construct H: 0.000954 
[fastlio_mapping-2] [ mapping ]: time: IMU + Map + Input Downsample: 0.025362 ave match: 0.068918 ave solve: 0.003331  ave ICP: 0.083193  map incre: 0.002130 ave total: 0.099209 icp: 0.072427 construct H: 0.000997 
[fastlio_mapping-2] [ mapping ]: time: IMU + Map + Input Downsample: 0.022753 ave match: 0.068882 ave solve: 0.003306  ave ICP: 0.071209  map incre: 0.002047 ave total: 0.099081 icp: 0.072365 construct H: 0.000988 
[fastlio_mapping-2] [ mapping ]: time: IMU + Map + Input Downsample: 0.019911 ave match: 0.068773 ave solve: 0.003284  ave ICP: 0.069243  map incre: 0.001952 ave total: 0.098774 icp: 0.072232 construct H: 0.000981 
[fastlio_mapping-2] [ mapping ]: time: IMU + Map + Input Downsample: 0.022646 ave match: 0.068805 ave solve: 0.003293  ave ICP: 0.073657  map incre: 0.001998 ave total: 0.098757 icp: 0.072272 construct H: 0.000983 
[fastlio_mapping-2] [ mapping ]: time: IMU + Map + Input Downsample: 0.018857 ave match: 0.068794 ave solve: 0.003277  ave ICP: 0.071813  map incre: 0.001776 ave total: 0.098531 icp: 0.072244 construct H: 0.000977 
[fastlio_mapping-2] [ mapping ]: time: IMU + Map + Input Downsample: 0.021180 ave match: 0.068946 ave solve: 0.003294  ave ICP: 0.077450  map incre: 0.002146 ave total: 0.098609 icp: 0.072414 construct H: 0.000982 
[fastlio_mapping-2] [ mapping ]: time: IMU + Map + Input Downsample: 0.016543 ave match: 0.068626 ave solve: 0.003274  ave ICP: 0.062513  map incre: 0.001830 ave total: 0.098018 icp: 0.072074 construct H: 0.000975 
[fastlio_mapping-2] [ mapping ]: time: IMU + Map + Input Downsample: 0.030005 ave match: 0.068774 ave solve: 0.003254  ave ICP: 0.076369  map incre: 0.001884 ave total: 0.098348 icp: 0.072200 construct H: 0.000969 
[fastlio_mapping-2] [ mapping ]: time: IMU + Map + Input Downsample: 0.020549 ave match: 0.068935 ave solve: 0.003245  ave ICP: 0.077372  map incre: 0.002220 ave total: 0.098404 icp: 0.072351 construct H: 0.000966 
[fastlio_mapping-2] [ mapping ]: time: IMU + Map + Input Downsample: 0.013977 ave match: 0.068749 ave solve: 0.003253  ave ICP: 0.066816  map incre: 0.002302 ave total: 0.097940 icp: 0.072174 construct H: 0.000968 
[fastlio_mapping-2] [ mapping ]: time: IMU + Map + Input Downsample: 0.013691 ave match: 0.068594 ave solve: 0.003260  ave ICP: 0.067396  map incre: 0.002225 ave total: 0.097510 icp: 0.072026 construct H: 0.000970 
[fastlio_mapping-2] [ mapping ]: time: IMU + Map + Input Downsample: 0.014198 ave match: 0.068342 ave solve: 0.003242  ave ICP: 0.062827  map incre: 0.002354 ave total: 0.096992 icp: 0.071755 construct H: 0.000964 
[fastlio_mapping-2] [ mapping ]: time: IMU + Map + Input Downsample: 0.021324 ave match: 0.068585 ave solve: 0.003259  ave ICP: 0.081396  map incre: 0.002065 ave total: 0.097209 icp: 0.072015 construct H: 0.000969 
[fastlio_mapping-2] [ mapping ]: time: IMU + Map + Input Downsample: 0.025386 ave match: 0.068686 ave solve: 0.003269  ave ICP: 0.076432  map incre: 0.001851 ave total: 0.097383 icp: 0.072126 construct H: 0.000972 
[fastlio_mapping-2] [ mapping ]: time: IMU + Map + Input Downsample: 0.021930 ave match: 0.068847 ave solve: 0.003281  ave ICP: 0.079022  map incre: 0.001750 ave total: 0.097523 icp: 0.072298 construct H: 0.000975 
[fastlio_mapping-2] [ mapping ]: time: IMU + Map + Input Downsample: 0.025395 ave match: 0.068896 ave solve: 0.003292  ave ICP: 0.075159  map incre: 0.001885 ave total: 0.097649 icp: 0.072359 construct H: 0.000970 
[fastlio_mapping-2] [ mapping ]: time: IMU + Map + Input Downsample: 0.017263 ave match: 0.069317 ave solve: 0.003280  ave ICP: 0.089110  map incre: 0.001906 ave total: 0.097915 icp: 0.072767 construct H: 0.000967 
[fastlio_mapping-2] [ mapping ]: time: IMU + Map + Input Downsample: 0.014726 ave match: 0.069422 ave solve: 0.003291  ave ICP: 0.077826  map incre: 0.002192 ave total: 0.097838 icp: 0.072882 construct H: 0.000965 
[fastlio_mapping-2] [ mapping ]: time: IMU + Map + Input Downsample: 0.020322 ave match: 0.069616 ave solve: 0.003310  ave ICP: 0.082188  map incre: 0.001777 ave total: 0.097991 icp: 0.073096 construct H: 0.000969 
[fastlio_mapping-2] [ mapping ]: time: IMU + Map + Input Downsample: 0.019984 ave match: 0.069614 ave solve: 0.003318  ave ICP: 0.073693  map incre: 0.001810 ave total: 0.097933 icp: 0.073103 construct H: 0.000971 
[fastlio_mapping-2] [ mapping ]: time: IMU + Map + Input Downsample: 0.027636 ave match: 0.069854 ave solve: 0.003338  ave ICP: 0.085015  map incre: 0.002333 ave total: 0.098320 icp: 0.073364 construct H: 0.000980 
[fastlio_mapping-2] [ mapping ]: time: IMU + Map + Input Downsample: 0.023992 ave match: 0.069902 ave solve: 0.003337  ave ICP: 0.076378  map incre: 0.001671 ave total: 0.098403 icp: 0.073425 construct H: 0.000976 
[fastlio_mapping-2] [ mapping ]: time: IMU + Map + Input Downsample: 0.023186 ave match: 0.069919 ave solve: 0.003347  ave ICP: 0.074981  map incre: 0.002107 ave total: 0.098444 icp: 0.073452 construct H: 0.000979 
[fastlio_mapping-2] [ mapping ]: time: IMU + Map + Input Downsample: 0.019607 ave match: 0.069833 ave solve: 0.003351  ave ICP: 0.069889  map incre: 0.001638 ave total: 0.098288 icp: 0.073369 construct H: 0.000980 
[fastlio_mapping-2] [ mapping ]: time: IMU + Map + Input Downsample: 0.025740 ave match: 0.070174 ave solve: 0.003368  ave ICP: 0.090992  map incre: 0.002458 ave total: 0.098724 icp: 0.073730 construct H: 0.000993 
[fastlio_mapping-2] [ mapping ]: time: IMU + Map + Input Downsample: 0.014031 ave match: 0.069938 ave solve: 0.003354  ave ICP: 0.061721  map incre: 0.001822 ave total: 0.098292 icp: 0.073479 construct H: 0.000989 
[fastlio_mapping-2] [ mapping ]: time: IMU + Map + Input Downsample: 0.018985 ave match: 0.069830 ave solve: 0.003342  ave ICP: 0.067776  map incre: 0.001708 ave total: 0.098096 icp: 0.073359 construct H: 0.000986 
[fastlio_mapping-2] [ mapping ]: time: IMU + Map + Input Downsample: 0.025317 ave match: 0.069904 ave solve: 0.003348  ave ICP: 0.077833  map incre: 0.001827 ave total: 0.098231 icp: 0.073438 construct H: 0.000988 
[fastlio_mapping-2] [ mapping ]: time: IMU + Map + Input Downsample: 0.021745 ave match: 0.069955 ave solve: 0.003341  ave ICP: 0.076041  map incre: 0.002179 ave total: 0.098264 icp: 0.073481 construct H: 0.000985 
[fastlio_mapping-2] [ mapping ]: time: IMU + Map + Input Downsample: 0.030161 ave match: 0.069902 ave solve: 0.003346  ave ICP: 0.071253  map incre: 0.001841 ave total: 0.098358 icp: 0.073433 construct H: 0.000987 
[fastlio_mapping-2] [ mapping ]: time: IMU + Map + Input Downsample: 0.021210 ave match: 0.070103 ave solve: 0.003361  ave ICP: 0.085407  map incre: 0.001938 ave total: 0.098547 icp: 0.073648 construct H: 0.000989 
[fastlio_mapping-2] [ mapping ]: time: IMU + Map + Input Downsample: 0.017715 ave match: 0.070027 ave solve: 0.003363  ave ICP: 0.069854  map incre: 0.001649 ave total: 0.098377 icp: 0.073574 construct H: 0.000990 
[fastlio_mapping-2] [ mapping ]: time: IMU + Map + Input Downsample: 0.026385 ave match: 0.070063 ave solve: 0.003367  ave ICP: 0.076004  map incre: 0.001473 ave total: 0.098475 icp: 0.073613 construct H: 0.000995 
[fastlio_mapping-2] [ mapping ]: time: IMU + Map + Input Downsample: 0.030272 ave match: 0.069819 ave solve: 0.003353  ave ICP: 0.059206  map incre: 0.003066 ave total: 0.098371 icp: 0.073355 construct H: 0.000990 
[fastlio_mapping-2] [ mapping ]: time: IMU + Map + Input Downsample: 0.014868 ave match: 0.069666 ave solve: 0.003354  ave ICP: 0.064787  map incre: 0.002071 ave total: 0.098084 icp: 0.073203 construct H: 0.000990 
[fastlio_mapping-2] [ mapping ]: time: IMU + Map + Input Downsample: 0.024142 ave match: 0.069728 ave solve: 0.003342  ave ICP: 0.076475  map incre: 0.002127 ave total: 0.098163 icp: 0.073252 construct H: 0.000987 
[fastlio_mapping-2] [ mapping ]: time: IMU + Map + Input Downsample: 0.026383 ave match: 0.069760 ave solve: 0.003344  ave ICP: 0.075597  map incre: 0.002181 ave total: 0.098263 icp: 0.073286 construct H: 0.000987 
[fastlio_mapping-2] [ mapping ]: time: IMU + Map + Input Downsample: 0.016022 ave match: 0.069712 ave solve: 0.003362  ave ICP: 0.071949  map incre: 0.003358 ave total: 0.098149 icp: 0.073255 construct H: 0.000988 
[fastlio_mapping-2] [ mapping ]: time: IMU + Map + Input Downsample: 0.016350 ave match: 0.069577 ave solve: 0.003363  ave ICP: 0.065206  map incre: 0.009859 ave total: 0.098041 icp: 0.073121 construct H: 0.000989 
[fastlio_mapping-2] [ mapping ]: time: IMU + Map + Input Downsample: 0.015070 ave match: 0.069465 ave solve: 0.003364  ave ICP: 0.066465  map incre: 0.009045 ave total: 0.097922 icp: 0.073010 construct H: 0.000989 
[fastlio_mapping-2] [ mapping ]: time: IMU + Map + Input Downsample: 0.022899 ave match: 0.069361 ave solve: 0.003366  ave ICP: 0.066742  map incre: 0.007607 ave total: 0.097912 icp: 0.072908 construct H: 0.000990 
[fastlio_mapping-2] [ mapping ]: time: IMU + Map + Input Downsample: 0.015493 ave match: 0.069350 ave solve: 0.003370  ave ICP: 0.072748  map incre: 0.006356 ave total: 0.097861 icp: 0.072900 construct H: 0.000991 
[fastlio_mapping-2] [ mapping ]: time: IMU + Map + Input Downsample: 0.021919 ave match: 0.069522 ave solve: 0.003395  ave ICP: 0.086335  map incre: 0.007378 ave total: 0.098130 icp: 0.073098 construct H: 0.000994 
[fastlio_mapping-2] [ mapping ]: time: IMU + Map + Input Downsample: 0.016448 ave match: 0.069466 ave solve: 0.003395  ave ICP: 0.069630  map incre: 0.006318 ave total: 0.098045 icp: 0.073042 construct H: 0.000994 
[fastlio_mapping-2] [ mapping ]: time: IMU + Map + Input Downsample: 0.020539 ave match: 0.069527 ave solve: 0.003396  ave ICP: 0.077581  map incre: 0.008622 ave total: 0.098172 icp: 0.073103 construct H: 0.000995 
[fastlio_mapping-2] [ mapping ]: time: IMU + Map + Input Downsample: 0.017695 ave match: 0.069506 ave solve: 0.003399  ave ICP: 0.072153  map incre: 0.008506 ave total: 0.098175 icp: 0.073085 construct H: 0.000996 
[fastlio_mapping-2] [ mapping ]: time: IMU + Map + Input Downsample: 0.014127 ave match: 0.069501 ave solve: 0.003401  ave ICP: 0.073173  map incre: 0.006858 ave total: 0.098118 icp: 0.073082 construct H: 0.000996 
[fastlio_mapping-2] [ mapping ]: time: IMU + Map + Input Downsample: 0.022766 ave match: 0.069519 ave solve: 0.003404  ave ICP: 0.074830  map incre: 0.006275 ave total: 0.098199 icp: 0.073103 construct H: 0.000997 
[fastlio_mapping-2] [ mapping ]: time: IMU + Map + Input Downsample: 0.020950 ave match: 0.069711 ave solve: 0.003406  ave ICP: 0.087748  map incre: 0.007844 ave total: 0.098454 icp: 0.073297 construct H: 0.000998 
[fastlio_mapping-2] [ mapping ]: time: IMU + Map + Input Downsample: 0.020122 ave match: 0.069779 ave solve: 0.003411  ave ICP: 0.078991  map incre: 0.009580 ave total: 0.098594 icp: 0.073370 construct H: 0.001000 
[fastlio_mapping-2] [ mapping ]: time: IMU + Map + Input Downsample: 0.021111 ave match: 0.069841 ave solve: 0.003415  ave ICP: 0.078647  map incre: 0.007189 ave total: 0.098707 icp: 0.073437 construct H: 0.001001 
[fastlio_mapping-2] [ mapping ]: time: IMU + Map + Input Downsample: 0.023259 ave match: 0.069888 ave solve: 0.003418  ave ICP: 0.077511  map incre: 0.007129 ave total: 0.098829 icp: 0.073487 construct H: 0.001001 
[fastlio_mapping-2] [ mapping ]: time: IMU + Map + Input Downsample: 0.024242 ave match: 0.069989 ave solve: 0.003421  ave ICP: 0.081743  map incre: 0.008248 ave total: 0.099032 icp: 0.073591 construct H: 0.001002 
[fastlio_mapping-2] [ mapping ]: time: IMU + Map + Input Downsample: 0.020140 ave match: 0.070071 ave solve: 0.003423  ave ICP: 0.080316  map incre: 0.007880 ave total: 0.099153 icp: 0.073674 construct H: 0.001003 
[fastlio_mapping-2] [ mapping ]: time: IMU + Map + Input Downsample: 0.020766 ave match: 0.070169 ave solve: 0.003426  ave ICP: 0.081885  map incre: 0.006673 ave total: 0.099283 icp: 0.073775 construct H: 0.001004 
[fastlio_mapping-2] [ mapping ]: time: IMU + Map + Input Downsample: 0.019446 ave match: 0.070211 ave solve: 0.003430  ave ICP: 0.077700  map incre: 0.007638 ave total: 0.099353 icp: 0.073821 construct H: 0.001005 
[fastlio_mapping-2] [ mapping ]: time: IMU + Map + Input Downsample: 0.019912 ave match: 0.070280 ave solve: 0.003432  ave ICP: 0.079869  map incre: 0.008189 ave total: 0.099461 icp: 0.073893 construct H: 0.001006 
[fastlio_mapping-2] [ mapping ]: time: IMU + Map + Input Downsample: 0.018453 ave match: 0.070309 ave solve: 0.003432  ave ICP: 0.076535  map incre: 0.009615 ave total: 0.099524 icp: 0.073921 construct H: 0.001006 
[fastlio_mapping-2] [ mapping ]: time: IMU + Map + Input Downsample: 0.021289 ave match: 0.070487 ave solve: 0.003433  ave ICP: 0.088950  map incre: 0.010097 ave total: 0.099778 icp: 0.074100 construct H: 0.001006 
[fastlio_mapping-2] [ mapping ]: time: IMU + Map + Input Downsample: 0.025438 ave match: 0.070715 ave solve: 0.003447  ave ICP: 0.094525  map incre: 0.009675 ave total: 0.100138 icp: 0.074343 construct H: 0.001009 
[fastlio_mapping-2] [ mapping ]: time: IMU + Map + Input Downsample: 0.020397 ave match: 0.070786 ave solve: 0.003448  ave ICP: 0.080657  map incre: 0.008182 ave total: 0.100246 icp: 0.074414 construct H: 0.001009 
[fastlio_mapping-2] [ mapping ]: time: IMU + Map + Input Downsample: 0.017428 ave match: 0.070851 ave solve: 0.003446  ave ICP: 0.080145  map incre: 0.008239 ave total: 0.100311 icp: 0.074478 construct H: 0.001009 
[fastlio_mapping-2] [ mapping ]: time: IMU + Map + Input Downsample: 0.021293 ave match: 0.070966 ave solve: 0.003445  ave ICP: 0.084562  map incre: 0.010963 ave total: 0.100503 icp: 0.074591 construct H: 0.001009 
[fastlio_mapping-2] [ mapping ]: time: IMU + Map + Input Downsample: 0.029586 ave match: 0.071089 ave solve: 0.003446  ave ICP: 0.085606  map incre: 0.009060 ave total: 0.100776 icp: 0.074715 construct H: 0.001009 
[fastlio_mapping-2] [ mapping ]: time: IMU + Map + Input Downsample: 0.025580 ave match: 0.071148 ave solve: 0.003445  ave ICP: 0.080093  map incre: 0.008520 ave total: 0.100929 icp: 0.074773 construct H: 0.001009 
[fastlio_mapping-2] [ mapping ]: time: IMU + Map + Input Downsample: 0.018925 ave match: 0.071245 ave solve: 0.003441  ave ICP: 0.083471  map incre: 0.010260 ave total: 0.101061 icp: 0.074866 construct H: 0.001008 
[fastlio_mapping-2] [ mapping ]: time: IMU + Map + Input Downsample: 0.018340 ave match: 0.071315 ave solve: 0.003439  ave ICP: 0.081329  map incre: 0.010938 ave total: 0.101167 icp: 0.074935 construct H: 0.001007 
[fastlio_mapping-2] [ mapping ]: time: IMU + Map + Input Downsample: 0.018332 ave match: 0.071371 ave solve: 0.003435  ave ICP: 0.079802  map incre: 0.010710 ave total: 0.101251 icp: 0.074985 construct H: 0.001006 
[fastlio_mapping-2] [ mapping ]: time: IMU + Map + Input Downsample: 0.015618 ave match: 0.071445 ave solve: 0.003431  ave ICP: 0.081775  map incre: 0.012214 ave total: 0.101342 icp: 0.075056 construct H: 0.001005 
[fastlio_mapping-2] [ mapping ]: time: IMU + Map + Input Downsample: 0.020554 ave match: 0.071551 ave solve: 0.003428  ave ICP: 0.084948  map incre: 0.008524 ave total: 0.101478 icp: 0.075158 construct H: 0.001004 
[fastlio_mapping-2] [ mapping ]: time: IMU + Map + Input Downsample: 0.018359 ave match: 0.071644 ave solve: 0.003426  ave ICP: 0.083891  map incre: 0.007018 ave total: 0.101561 icp: 0.075249 construct H: 0.001003 
[fastlio_mapping-2] [ mapping ]: time: IMU + Map + Input Downsample: 0.024584 ave match: 0.071739 ave solve: 0.003423  ave ICP: 0.084306  map incre: 0.005566 ave total: 0.101697 icp: 0.075341 construct H: 0.001002 
[fastlio_mapping-2] [ mapping ]: time: IMU + Map + Input Downsample: 0.018007 ave match: 0.071826 ave solve: 0.003421  ave ICP: 0.083705  map incre: 0.004219 ave total: 0.101741 icp: 0.075425 construct H: 0.001001 
[fastlio_mapping-2] [ mapping ]: time: IMU + Map + Input Downsample: 0.018435 ave match: 0.071901 ave solve: 0.003418  ave ICP: 0.082758  map incre: 0.003884 ave total: 0.101775 icp: 0.075497 construct H: 0.001001 
[fastlio_mapping-2] [ mapping ]: time: IMU + Map + Input Downsample: 0.022621 ave match: 0.071995 ave solve: 0.003415  ave ICP: 0.084695  map incre: 0.005320 ave total: 0.101886 icp: 0.075588 construct H: 0.001000 
[fastlio_mapping-2] [ mapping ]: time: IMU + Map + Input Downsample: 0.018076 ave match: 0.072098 ave solve: 0.003414  ave ICP: 0.085913  map incre: 0.006311 ave total: 0.101971 icp: 0.075689 construct H: 0.000999 
[fastlio_mapping-2] [ mapping ]: time: IMU + Map + Input Downsample: 0.033734 ave match: 0.072277 ave solve: 0.003413  ave ICP: 0.093963  map incre: 0.006054 ave total: 0.102289 icp: 0.075868 construct H: 0.000999 
[fastlio_mapping-2] [ mapping ]: time: IMU + Map + Input Downsample: 0.018299 ave match: 0.072380 ave solve: 0.003410  ave ICP: 0.086280  map incre: 0.005574 ave total: 0.102367 icp: 0.075968 construct H: 0.000998 
[fastlio_mapping-2] [ mapping ]: time: IMU + Map + Input Downsample: 0.021807 ave match: 0.072548 ave solve: 0.003407  ave ICP: 0.093371  map incre: 0.006095 ave total: 0.102552 icp: 0.076132 construct H: 0.000997 
[fastlio_mapping-2] [ mapping ]: time: IMU + Map + Input Downsample: 0.018864 ave match: 0.072588 ave solve: 0.003405  ave ICP: 0.080295  map incre: 0.005162 ave total: 0.102569 icp: 0.076169 construct H: 0.000996 
[fastlio_mapping-2] [ mapping ]: time: IMU + Map + Input Downsample: 0.016370 ave match: 0.072644 ave solve: 0.003402  ave ICP: 0.082013  map incre: 0.008091 ave total: 0.102607 icp: 0.076222 construct H: 0.000995 
[fastlio_mapping-2] [ mapping ]: time: IMU + Map + Input Downsample: 0.020922 ave match: 0.072665 ave solve: 0.003398  ave ICP: 0.078323  map incre: 0.004041 ave total: 0.102613 icp: 0.076239 construct H: 0.000994 
[fastlio_mapping-2] [ mapping ]: time: IMU + Map + Input Downsample: 0.020539 ave match: 0.072690 ave solve: 0.003396  ave ICP: 0.078981  map incre: 0.004176 ave total: 0.102623 icp: 0.076262 construct H: 0.000994 
[fastlio_mapping-2] [ mapping ]: time: IMU + Map + Input Downsample: 0.020454 ave match: 0.072705 ave solve: 0.003392  ave ICP: 0.077790  map incre: 0.004483 ave total: 0.102624 icp: 0.076273 construct H: 0.000993 
[fastlio_mapping-2] [ mapping ]: time: IMU + Map + Input Downsample: 0.023700 ave match: 0.072753 ave solve: 0.003389  ave ICP: 0.081333  map incre: 0.005818 ave total: 0.102701 icp: 0.076317 construct H: 0.000992 
[fastlio_mapping-2] [ mapping ]: time: IMU + Map + Input Downsample: 0.016578 ave match: 0.072755 ave solve: 0.003386  ave ICP: 0.076502  map incre: 0.005325 ave total: 0.102661 icp: 0.076316 construct H: 0.000991 
[fastlio_mapping-2] [ mapping ]: time: IMU + Map + Input Downsample: 0.023252 ave match: 0.072808 ave solve: 0.003383  ave ICP: 0.082128  map incre: 0.005553 ave total: 0.102736 icp: 0.076366 construct H: 0.000990 
[fastlio_mapping-2] [ mapping ]: time: IMU + Map + Input Downsample: 0.022083 ave match: 0.072825 ave solve: 0.003380  ave ICP: 0.078227  map incre: 0.004998 ave total: 0.102760 icp: 0.076380 construct H: 0.000989 
[fastlio_mapping-2] [ mapping ]: time: IMU + Map + Input Downsample: 0.018830 ave match: 0.072913 ave solve: 0.003377  ave ICP: 0.086200  map incre: 0.005182 ave total: 0.102826 icp: 0.076465 construct H: 0.000988 
[fastlio_mapping-2] [ mapping ]: time: IMU + Map + Input Downsample: 0.023448 ave match: 0.072970 ave solve: 0.003374  ave ICP: 0.082897  map incre: 0.004822 ave total: 0.102900 icp: 0.076519 construct H: 0.000987 
[fastlio_mapping-2] [ mapping ]: time: IMU + Map + Input Downsample: 0.025812 ave match: 0.073022 ave solve: 0.003371  ave ICP: 0.082402  map incre: 0.005985 ave total: 0.102999 icp: 0.076567 construct H: 0.000986 
[fastlio_mapping-2] [ mapping ]: time: IMU + Map + Input Downsample: 0.019941 ave match: 0.073033 ave solve: 0.003368  ave ICP: 0.077777  map incre: 0.007000 ave total: 0.103014 icp: 0.076575 construct H: 0.000985 
[fastlio_mapping-2] [ mapping ]: time: IMU + Map + Input Downsample: 0.017189 ave match: 0.073046 ave solve: 0.003364  ave ICP: 0.077963  map incre: 0.004631 ave total: 0.102986 icp: 0.076584 construct H: 0.000984 
[fastlio_mapping-2] [ mapping ]: time: IMU + Map + Input Downsample: 0.020382 ave match: 0.073062 ave solve: 0.003360  ave ICP: 0.078252  map incre: 0.005229 ave total: 0.102994 icp: 0.076596 construct H: 0.000982 
[fastlio_mapping-2] [ mapping ]: time: IMU + Map + Input Downsample: 0.016682 ave match: 0.073052 ave solve: 0.003356  ave ICP: 0.075265  map incre: 0.005287 ave total: 0.102945 icp: 0.076582 construct H: 0.000981 
[fastlio_mapping-2] [ mapping ]: time: IMU + Map + Input Downsample: 0.015461 ave match: 0.073061 ave solve: 0.003352  ave ICP: 0.077465  map incre: 0.005226 ave total: 0.102905 icp: 0.076587 construct H: 0.000980 
[fastlio_mapping-2] [ mapping ]: time: IMU + Map + Input Downsample: 0.020950 ave match: 0.073106 ave solve: 0.003348  ave ICP: 0.081795  map incre: 0.006456 ave total: 0.102957 icp: 0.076627 construct H: 0.000978 
[fastlio_mapping-2] [ mapping ]: time: IMU + Map + Input Downsample: 0.021031 ave match: 0.073155 ave solve: 0.003345  ave ICP: 0.082356  map incre: 0.005594 ave total: 0.103007 icp: 0.076672 construct H: 0.000977 
[fastlio_mapping-2] [ mapping ]: time: IMU + Map + Input Downsample: 0.016911 ave match: 0.073162 ave solve: 0.003341  ave ICP: 0.077296  map incre: 0.005633 ave total: 0.102981 icp: 0.076675 construct H: 0.000976 
[fastlio_mapping-2] [ mapping ]: time: IMU + Map + Input Downsample: 0.023011 ave match: 0.073218 ave solve: 0.003337  ave ICP: 0.083372  map incre: 0.007264 ave total: 0.103068 icp: 0.076727 construct H: 0.000975 
[fastlio_mapping-2] [ mapping ]: time: IMU + Map + Input Downsample: 0.018500 ave match: 0.073276 ave solve: 0.003332  ave ICP: 0.083568  map incre: 0.006956 ave total: 0.103116 icp: 0.076779 construct H: 0.000973 
[fastlio_mapping-2] [ mapping ]: time: IMU + Map + Input Downsample: 0.022676 ave match: 0.073426 ave solve: 0.003328  ave ICP: 0.095454  map incre: 0.006038 ave total: 0.103284 icp: 0.076926 construct H: 0.000972 
[fastlio_mapping-2] [ mapping ]: time: IMU + Map + Input Downsample: 0.024819 ave match: 0.073451 ave solve: 0.003324  ave ICP: 0.079822  map incre: 0.006166 ave total: 0.103344 icp: 0.076946 construct H: 0.000970 
[fastlio_mapping-2] [ mapping ]: time: IMU + Map + Input Downsample: 0.015377 ave match: 0.073560 ave solve: 0.003322  ave ICP: 0.090847  map incre: 0.007113 ave total: 0.103422 icp: 0.077053 construct H: 0.000969 
[fastlio_mapping-2] [ mapping ]: time: IMU + Map + Input Downsample: 0.014775 ave match: 0.073539 ave solve: 0.003317  ave ICP: 0.074002  map incre: 0.005948 ave total: 0.103354 icp: 0.077027 construct H: 0.000967 
[fastlio_mapping-2] [ mapping ]: time: IMU + Map + Input Downsample: 0.012701 ave match: 0.073507 ave solve: 0.003312  ave ICP: 0.072483  map incre: 0.007928 ave total: 0.103275 icp: 0.076989 construct H: 0.000966 
[fastlio_mapping-2] [ mapping ]: time: IMU + Map + Input Downsample: 0.017176 ave match: 0.073524 ave solve: 0.003307  ave ICP: 0.078867  map incre: 0.006002 ave total: 0.103266 icp: 0.077001 construct H: 0.000964 
[fastlio_mapping-2] [ mapping ]: time: IMU + Map + Input Downsample: 0.019409 ave match: 0.073540 ave solve: 0.003302  ave ICP: 0.078763  map incre: 0.005796 ave total: 0.103271 icp: 0.077012 construct H: 0.000963 
[fastlio_mapping-2] [ mapping ]: time: IMU + Map + Input Downsample: 0.017137 ave match: 0.073588 ave solve: 0.003298  ave ICP: 0.083028  map incre: 0.004142 ave total: 0.103279 icp: 0.077056 construct H: 0.000961 
[fastlio_mapping-2] [ mapping ]: time: IMU + Map + Input Downsample: 0.018340 ave match: 0.073671 ave solve: 0.003295  ave ICP: 0.088026  map incre: 0.004202 ave total: 0.103334 icp: 0.077136 construct H: 0.000960 
[fastlio_mapping-2] [ mapping ]: time: IMU + Map + Input Downsample: 0.020952 ave match: 0.073697 ave solve: 0.003291  ave ICP: 0.080343  map incre: 0.004844 ave total: 0.103355 icp: 0.077158 construct H: 0.000959 
[fastlio_mapping-2] [ mapping ]: time: IMU + Map + Input Downsample: 0.016029 ave match: 0.073759 ave solve: 0.003287  ave ICP: 0.085215  map incre: 0.003808 ave total: 0.103367 icp: 0.077216 construct H: 0.000958 
[fastlio_mapping-2] [ mapping ]: time: IMU + Map + Input Downsample: 0.023788 ave match: 0.073797 ave solve: 0.003284  ave ICP: 0.082207  map incre: 0.004446 ave total: 0.103419 icp: 0.077249 construct H: 0.000957 
[fastlio_mapping-2] [ mapping ]: time: IMU + Map + Input Downsample: 0.017178 ave match: 0.073839 ave solve: 0.003280  ave ICP: 0.082755  map incre: 0.003924 ave total: 0.103422 icp: 0.077287 construct H: 0.000955 
[fastlio_mapping-2] [ mapping ]: time: IMU + Map + Input Downsample: 0.022250 ave match: 0.073867 ave solve: 0.003276  ave ICP: 0.080953  map incre: 0.003317 ave total: 0.103445 icp: 0.077312 construct H: 0.000954 
[fastlio_mapping-2] [ mapping ]: time: IMU + Map + Input Downsample: 0.016887 ave match: 0.073902 ave solve: 0.003272  ave ICP: 0.081979  map incre: 0.004472 ave total: 0.103444 icp: 0.077343 construct H: 0.000953 
[fastlio_mapping-2] [ mapping ]: time: IMU + Map + Input Downsample: 0.022233 ave match: 0.073961 ave solve: 0.003270  ave ICP: 0.085488  map incre: 0.004653 ave total: 0.103508 icp: 0.077399 construct H: 0.000953 
[fastlio_mapping-2] [ mapping ]: time: IMU + Map + Input Downsample: 0.013190 ave match: 0.073932 ave solve: 0.003265  ave ICP: 0.072995  map incre: 0.005044 ave total: 0.103421 icp: 0.077366 construct H: 0.000951 
[fastlio_mapping-2] [ mapping ]: time: IMU + Map + Input Downsample: 0.021882 ave match: 0.073951 ave solve: 0.003261  ave ICP: 0.079715  map incre: 0.004853 ave total: 0.103442 icp: 0.077380 construct H: 0.000950 
[fastlio_mapping-2] [ mapping ]: time: IMU + Map + Input Downsample: 0.018938 ave match: 0.073974 ave solve: 0.003257  ave ICP: 0.080444  map incre: 0.005059 ave total: 0.103449 icp: 0.077399 construct H: 0.000949 
[fastlio_mapping-2] [ mapping ]: time: IMU + Map + Input Downsample: 0.021793 ave match: 0.074020 ave solve: 0.003254  ave ICP: 0.083718  map incre: 0.005605 ave total: 0.103502 icp: 0.077440 construct H: 0.000947 
[fastlio_mapping-2] [ mapping ]: time: IMU + Map + Input Downsample: 0.022888 ave match: 0.074029 ave solve: 0.003249  ave ICP: 0.078405  map incre: 0.004518 ave total: 0.103518 icp: 0.077445 construct H: 0.000946 
[fastlio_mapping-2] [ mapping ]: time: IMU + Map + Input Downsample: 0.021296 ave match: 0.074053 ave solve: 0.003246  ave ICP: 0.080881  map incre: 0.004431 ave total: 0.103539 icp: 0.077466 construct H: 0.000945 
[fastlio_mapping-2] [ mapping ]: time: IMU + Map + Input Downsample: 0.023020 ave match: 0.074069 ave solve: 0.003243  ave ICP: 0.079441  map incre: 0.004444 ave total: 0.103562 icp: 0.077477 construct H: 0.000944 
[fastlio_mapping-2] [ mapping ]: time: IMU + Map + Input Downsample: 0.021253 ave match: 0.074116 ave solve: 0.003239  ave ICP: 0.084259  map incre: 0.004219 ave total: 0.103604 icp: 0.077521 construct H: 0.000943 
[fastlio_mapping-2] [ mapping ]: time: IMU + Map + Input Downsample: 0.023322 ave match: 0.074159 ave solve: 0.003236  ave ICP: 0.083721  map incre: 0.004112 ave total: 0.103655 icp: 0.077561 construct H: 0.000942 
[fastlio_mapping-2] [ mapping ]: time: IMU + Map + Input Downsample: 0.021521 ave match: 0.074209 ave solve: 0.003233  ave ICP: 0.084991  map incre: 0.004039 ave total: 0.103701 icp: 0.077608 construct H: 0.000941 
[fastlio_mapping-2] [ mapping ]: time: IMU + Map + Input Downsample: 0.021015 ave match: 0.074290 ave solve: 0.003233  ave ICP: 0.090806  map incre: 0.005407 ave total: 0.103790 icp: 0.077693 construct H: 0.000941 
[fastlio_mapping-2] [ mapping ]: time: IMU + Map + Input Downsample: 0.021126 ave match: 0.074336 ave solve: 0.003230  ave ICP: 0.084565  map incre: 0.004926 ave total: 0.103835 icp: 0.077735 construct H: 0.000940 
[fastlio_mapping-2] [ mapping ]: time: IMU + Map + Input Downsample: 0.019899 ave match: 0.074377 ave solve: 0.003226  ave ICP: 0.083793  map incre: 0.004238 ave total: 0.103862 icp: 0.077773 construct H: 0.000939 
[fastlio_mapping-2] [ mapping ]: time: IMU + Map + Input Downsample: 0.021595 ave match: 0.074411 ave solve: 0.003222  ave ICP: 0.082642  map incre: 0.003771 ave total: 0.103889 icp: 0.077802 construct H: 0.000938 
[fastlio_mapping-2] [ mapping ]: time: IMU + Map + Input Downsample: 0.027272 ave match: 0.074439 ave solve: 0.003219  ave ICP: 0.081914  map incre: 0.006093 ave total: 0.103962 icp: 0.077827 construct H: 0.000937 
[fastlio_mapping-2] [ mapping ]: time: IMU + Map + Input Downsample: 0.021433 ave match: 0.074483 ave solve: 0.003215  ave ICP: 0.084256  map incre: 0.004886 ave total: 0.104005 icp: 0.077866 construct H: 0.000936 
[fastlio_mapping-2] [ mapping ]: time: IMU + Map + Input Downsample: 0.022756 ave match: 0.074525 ave solve: 0.003212  ave ICP: 0.084333  map incre: 0.005171 ave total: 0.104057 icp: 0.077905 construct H: 0.000934 
[fastlio_mapping-2] [ mapping ]: time: IMU + Map + Input Downsample: 0.021071 ave match: 0.074570 ave solve: 0.003208  ave ICP: 0.084643  map incre: 0.004540 ave total: 0.104096 icp: 0.077946 construct H: 0.000933 
[fastlio_mapping-2] [ mapping ]: time: IMU + Map + Input Downsample: 0.026996 ave match: 0.074669 ave solve: 0.003204  ave ICP: 0.093333  map incre: 0.009693 ave total: 0.104259 icp: 0.078041 construct H: 0.000932 
[fastlio_mapping-2] [ mapping ]: time: IMU + Map + Input Downsample: 0.023555 ave match: 0.074713 ave solve: 0.003198  ave ICP: 0.084380  map incre: 0.005939 ave total: 0.104320 icp: 0.078078 construct H: 0.000930 
[fastlio_mapping-2] [ mapping ]: time: IMU + Map + Input Downsample: 0.021654 ave match: 0.074748 ave solve: 0.003194  ave ICP: 0.083465  map incre: 0.006057 ave total: 0.104362 icp: 0.078110 construct H: 0.000929 
[fastlio_mapping-2] [ mapping ]: time: IMU + Map + Input Downsample: 0.020282 ave match: 0.074783 ave solve: 0.003190  ave ICP: 0.083314  map incre: 0.005107 ave total: 0.104389 icp: 0.078140 construct H: 0.000928 
[fastlio_mapping-2] [ mapping ]: time: IMU + Map + Input Downsample: 0.025335 ave match: 0.074814 ave solve: 0.003186  ave ICP: 0.082917  map incre: 0.004636 ave total: 0.104441 icp: 0.078167 construct H: 0.000927 
[fastlio_mapping-2] [ mapping ]: time: IMU + Map + Input Downsample: 0.018549 ave match: 0.074828 ave solve: 0.003182  ave ICP: 0.080004  map incre: 0.005734 ave total: 0.104440 icp: 0.078177 construct H: 0.000925 
[fastlio_mapping-2] [ mapping ]: time: IMU + Map + Input Downsample: 0.021579 ave match: 0.074870 ave solve: 0.003178  ave ICP: 0.084736  map incre: 0.005264 ave total: 0.104483 icp: 0.078214 construct H: 0.000924 
[fastlio_mapping-2] [ mapping ]: time: IMU + Map + Input Downsample: 0.023587 ave match: 0.074896 ave solve: 0.003174  ave ICP: 0.082169  map incre: 0.005890 ave total: 0.104527 icp: 0.078236 construct H: 0.000923 
[fastlio_mapping-2] [ mapping ]: time: IMU + Map + Input Downsample: 0.021395 ave match: 0.074924 ave solve: 0.003170  ave ICP: 0.082530  map incre: 0.005287 ave total: 0.104555 icp: 0.078260 construct H: 0.000922 
[fastlio_mapping-2] [ mapping ]: time: IMU + Map + Input Downsample: 0.025513 ave match: 0.074973 ave solve: 0.003166  ave ICP: 0.086156  map incre: 0.006439 ave total: 0.104635 icp: 0.078304 construct H: 0.000920 
[fastlio_mapping-2] [ mapping ]: time: IMU + Map + Input Downsample: 0.023206 ave match: 0.075012 ave solve: 0.003162  ave ICP: 0.084406  map incre: 0.007890 ave total: 0.104700 icp: 0.078339 construct H: 0.000919 
[fastlio_mapping-2] [ mapping ]: time: IMU + Map + Input Downsample: 0.025028 ave match: 0.075095 ave solve: 0.003157  ave ICP: 0.091955  map incre: 0.015908 ave total: 0.104865 icp: 0.078417 construct H: 0.000918 
[fastlio_mapping-2] [ mapping ]: time: IMU + Map + Input Downsample: 0.021155 ave match: 0.075160 ave solve: 0.003152  ave ICP: 0.088800  map incre: 0.013817 ave total: 0.104976 icp: 0.078476 construct H: 0.000916 
[fastlio_mapping-2] [ mapping ]: time: IMU + Map + Input Downsample: 0.023517 ave match: 0.075216 ave solve: 0.003145  ave ICP: 0.087213  map incre: 0.018001 ave total: 0.105114 icp: 0.078525 construct H: 0.000914 
[fastlio_mapping-2] [ mapping ]: time: IMU + Map + Input Downsample: 0.022371 ave match: 0.075281 ave solve: 0.003139  ave ICP: 0.089037  map incre: 0.012262 ave total: 0.105221 icp: 0.078584 construct H: 0.000912 
[fastlio_mapping-2] [ mapping ]: time: IMU + Map + Input Downsample: 0.021703 ave match: 0.075318 ave solve: 0.003132  ave ICP: 0.083911  map incre: 0.010277 ave total: 0.105283 icp: 0.078613 construct H: 0.000909 
[fastlio_mapping-2] [ mapping ]: time: IMU + Map + Input Downsample: 0.019955 ave match: 0.075337 ave solve: 0.003125  ave ICP: 0.081045  map incre: 0.009271 ave total: 0.105311 icp: 0.078625 construct H: 0.000907 
[fastlio_mapping-2] [ mapping ]: time: IMU + Map + Input Downsample: 0.019145 ave match: 0.075379 ave solve: 0.003118  ave ICP: 0.085049  map incre: 0.009310 ave total: 0.105358 icp: 0.078660 construct H: 0.000905 
[fastlio_mapping-2] [ mapping ]: time: IMU + Map + Input Downsample: 0.022415 ave match: 0.075456 ave solve: 0.003112  ave ICP: 0.091405  map incre: 0.008897 ave total: 0.105456 icp: 0.078730 construct H: 0.000903 
[fastlio_mapping-2] [ mapping ]: time: IMU + Map + Input Downsample: 0.023913 ave match: 0.075511 ave solve: 0.003106  ave ICP: 0.087742  map incre: 0.007872 ave total: 0.105535 icp: 0.078779 construct H: 0.000901 
[fastlio_mapping-2] [ mapping ]: time: IMU + Map + Input Downsample: 0.021852 ave match: 0.075549 ave solve: 0.003099  ave ICP: 0.084616  map incre: 0.008029 ave total: 0.105585 icp: 0.078809 construct H: 0.000899 
[fastlio_mapping-2] [ mapping ]: time: IMU + Map + Input Downsample: 0.020885 ave match: 0.075590 ave solve: 0.003092  ave ICP: 0.085178  map incre: 0.006867 ave total: 0.105626 icp: 0.078843 construct H: 0.000897 
[fastlio_mapping-2] [ mapping ]: time: IMU + Map + Input Downsample: 0.023657 ave match: 0.075629 ave solve: 0.003086  ave ICP: 0.084968  map incre: 0.006830 ave total: 0.105680 icp: 0.078875 construct H: 0.000895 
[fastlio_mapping-2] [ mapping ]: time: IMU + Map + Input Downsample: 0.020198 ave match: 0.075683 ave solve: 0.003079  ave ICP: 0.087882  map incre: 0.005848 ave total: 0.105725 icp: 0.078923 construct H: 0.000893 
[fastlio_mapping-2] [ mapping ]: time: IMU + Map + Input Downsample: 0.020372 ave match: 0.075710 ave solve: 0.003073  ave ICP: 0.082861  map incre: 0.006348 ave total: 0.105746 icp: 0.078943 construct H: 0.000891 
[fastlio_mapping-2] [ mapping ]: time: IMU + Map + Input Downsample: 0.016211 ave match: 0.075717 ave solve: 0.003066  ave ICP: 0.079220  map incre: 0.005195 ave total: 0.105719 icp: 0.078942 construct H: 0.000889 
[fastlio_mapping-2] [ mapping ]: time: IMU + Map + Input Downsample: 0.026240 ave match: 0.075790 ave solve: 0.003059  ave ICP: 0.091486  map incre: 0.005546 ave total: 0.105813 icp: 0.079009 construct H: 0.000887 
[fastlio_mapping-2] [ mapping ]: time: IMU + Map + Input Downsample: 0.019784 ave match: 0.075791 ave solve: 0.003053  ave ICP: 0.078146  map incre: 0.006133 ave total: 0.105804 icp: 0.079002 construct H: 0.000884 
[fastlio_mapping-2] [ mapping ]: time: IMU + Map + Input Downsample: 0.019436 ave match: 0.075827 ave solve: 0.003046  ave ICP: 0.084782  map incre: 0.006655 ave total: 0.105831 icp: 0.079031 construct H: 0.000882 
[fastlio_mapping-2] [ mapping ]: time: IMU + Map + Input Downsample: 0.020279 ave match: 0.075870 ave solve: 0.003040  ave ICP: 0.086196  map incre: 0.005081 ave total: 0.105862 icp: 0.079068 construct H: 0.000880 
[fastlio_mapping-2] [ mapping ]: time: IMU + Map + Input Downsample: 0.020240 ave match: 0.075896 ave solve: 0.003033  ave ICP: 0.083043  map incre: 0.004461 ave total: 0.105872 icp: 0.079087 construct H: 0.000878 
[fastlio_mapping-2] [ mapping ]: time: IMU + Map + Input Downsample: 0.020220 ave match: 0.075933 ave solve: 0.003027  ave ICP: 0.085208  map incre: 0.005569 ave total: 0.105899 icp: 0.079118 construct H: 0.000876 
[fastlio_mapping-2] [ mapping ]: time: IMU + Map + Input Downsample: 0.022360 ave match: 0.075999 ave solve: 0.003021  ave ICP: 0.090754  map incre: 0.006844 ave total: 0.105972 icp: 0.079177 construct H: 0.000874 
[fastlio_mapping-2] [ mapping ]: time: IMU + Map + Input Downsample: 0.021255 ave match: 0.076051 ave solve: 0.003015  ave ICP: 0.088357  map incre: 0.006374 ave total: 0.106024 icp: 0.079223 construct H: 0.000873 
[fastlio_mapping-2] [ mapping ]: time: IMU + Map + Input Downsample: 0.023993 ave match: 0.076091 ave solve: 0.003009  ave ICP: 0.085970  map incre: 0.005345 ave total: 0.106072 icp: 0.079257 construct H: 0.000871 
[fastlio_mapping-2] [ mapping ]: time: IMU + Map + Input Downsample: 0.022331 ave match: 0.076157 ave solve: 0.003004  ave ICP: 0.091336  map incre: 0.006223 ave total: 0.106144 icp: 0.079318 construct H: 0.000869 
[fastlio_mapping-2] [ mapping ]: time: IMU + Map + Input Downsample: 0.015296 ave match: 0.076171 ave solve: 0.002998  ave ICP: 0.081145  map incre: 0.007019 ave total: 0.106130 icp: 0.079325 construct H: 0.000867 
[fastlio_mapping-2] [ mapping ]: time: IMU + Map + Input Downsample: 0.023300 ave match: 0.076241 ave solve: 0.002993  ave ICP: 0.092197  map incre: 0.005598 ave total: 0.106206 icp: 0.079389 construct H: 0.000866 
[fastlio_mapping-2] [ mapping ]: time: IMU + Map + Input Downsample: 0.019631 ave match: 0.076295 ave solve: 0.002988  ave ICP: 0.089394  map incre: 0.005045 ave total: 0.106246 icp: 0.079438 construct H: 0.000864 
[fastlio_mapping-2] [ mapping ]: time: IMU + Map + Input Downsample: 0.024287 ave match: 0.076317 ave solve: 0.002982  ave ICP: 0.082950  map incre: 0.005239 ave total: 0.106278 icp: 0.079454 construct H: 0.000862 
[fastlio_mapping-2] [ mapping ]: time: IMU + Map + Input Downsample: 0.021559 ave match: 0.076352 ave solve: 0.002976  ave ICP: 0.085449  map incre: 0.005378 ave total: 0.106308 icp: 0.079483 construct H: 0.000860 
[fastlio_mapping-2] [ mapping ]: time: IMU + Map + Input Downsample: 0.023953 ave match: 0.076378 ave solve: 0.002970  ave ICP: 0.083896  map incre: 0.005976 ave total: 0.106346 icp: 0.079503 construct H: 0.000858 
[fastlio_mapping-2] [ mapping ]: time: IMU + Map + Input Downsample: 0.026472 ave match: 0.076415 ave solve: 0.002965  ave ICP: 0.085965  map incre: 0.005556 ave total: 0.106404 icp: 0.079534 construct H: 0.000857 
[fastlio_mapping-2] [ mapping ]: time: IMU + Map + Input Downsample: 0.018758 ave match: 0.076452 ave solve: 0.002960  ave ICP: 0.086578  map incre: 0.006802 ave total: 0.106432 icp: 0.079565 construct H: 0.000855 
[fastlio_mapping-2] [ mapping ]: time: IMU + Map + Input Downsample: 0.019637 ave match: 0.076458 ave solve: 0.002954  ave ICP: 0.080010  map incre: 0.005714 ave total: 0.106427 icp: 0.079566 construct H: 0.000853 
[fastlio_mapping-2] [ mapping ]: time: IMU + Map + Input Downsample: 0.023946 ave match: 0.076472 ave solve: 0.002949  ave ICP: 0.081595  map incre: 0.006035 ave total: 0.106452 icp: 0.079574 construct H: 0.000852 
[fastlio_mapping-2] [ mapping ]: time: IMU + Map + Input Downsample: 0.028711 ave match: 0.076552 ave solve: 0.002945  ave ICP: 0.095915  map incre: 0.006298 ave total: 0.106572 icp: 0.079651 construct H: 0.000851 
[fastlio_mapping-2] [ mapping ]: time: IMU + Map + Input Downsample: 0.022461 ave match: 0.076565 ave solve: 0.002940  ave ICP: 0.081314  map incre: 0.004160 ave total: 0.106578 icp: 0.079657 construct H: 0.000849 
[fastlio_mapping-2] [ mapping ]: time: IMU + Map + Input Downsample: 0.025009 ave match: 0.076582 ave solve: 0.002934  ave ICP: 0.082214  map incre: 0.004344 ave total: 0.106602 icp: 0.079668 construct H: 0.000847 
[fastlio_mapping-2] [ mapping ]: time: IMU + Map + Input Downsample: 0.020845 ave match: 0.076637 ave solve: 0.002929  ave ICP: 0.090340  map incre: 0.006878 ave total: 0.106657 icp: 0.079718 construct H: 0.000846 
[fastlio_mapping-2] [ mapping ]: time: IMU + Map + Input Downsample: 0.024603 ave match: 0.076711 ave solve: 0.002926  ave ICP: 0.095037  map incre: 0.003671 ave total: 0.106737 icp: 0.079788 construct H: 0.000844 
[fastlio_mapping-2] [ mapping ]: time: IMU + Map + Input Downsample: 0.016058 ave match: 0.076724 ave solve: 0.002920  ave ICP: 0.081643  map incre: 0.004749 ave total: 0.106717 icp: 0.079796 construct H: 0.000843 
[fastlio_mapping-2] [ mapping ]: time: IMU + Map + Input Downsample: 0.021323 ave match: 0.076791 ave solve: 0.002915  ave ICP: 0.092941  map incre: 0.007874 ave total: 0.106790 icp: 0.079857 construct H: 0.000841 
[fastlio_mapping-2] [ mapping ]: time: IMU + Map + Input Downsample: 0.025995 ave match: 0.076871 ave solve: 0.002910  ave ICP: 0.096183  map incre: 0.004034 ave total: 0.106881 icp: 0.079932 construct H: 0.000839 
[fastlio_mapping-2] [ mapping ]: time: IMU + Map + Input Downsample: 0.021163 ave match: 0.076912 ave solve: 0.002905  ave ICP: 0.087814  map incre: 0.004050 ave total: 0.106910 icp: 0.079968 construct H: 0.000838 
[fastlio_mapping-2] [ mapping ]: time: IMU + Map + Input Downsample: 0.025668 ave match: 0.076937 ave solve: 0.002900  ave ICP: 0.084507  map incre: 0.004782 ave total: 0.106948 icp: 0.079988 construct H: 0.000836 
[fastlio_mapping-2] [ mapping ]: time: IMU + Map + Input Downsample: 0.019670 ave match: 0.076987 ave solve: 0.002895  ave ICP: 0.089935  map incre: 0.004462 ave total: 0.106981 icp: 0.080032 construct H: 0.000834 
[fastlio_mapping-2] [ mapping ]: time: IMU + Map + Input Downsample: 0.028244 ave match: 0.077059 ave solve: 0.002890  ave ICP: 0.094908  map incre: 0.004369 ave total: 0.107076 icp: 0.080099 construct H: 0.000833 
[fastlio_mapping-2] [ mapping ]: time: IMU + Map + Input Downsample: 0.020083 ave match: 0.077099 ave solve: 0.002886  ave ICP: 0.088008  map incre: 0.004217 ave total: 0.107100 icp: 0.080135 construct H: 0.000832 
[fastlio_mapping-2] [ mapping ]: time: IMU + Map + Input Downsample: 0.020049 ave match: 0.077114 ave solve: 0.002881  ave ICP: 0.082628  map incre: 0.004306 ave total: 0.107100 icp: 0.080145 construct H: 0.000830 
[fastlio_mapping-2] [ mapping ]: time: IMU + Map + Input Downsample: 0.018962 ave match: 0.077161 ave solve: 0.002877  ave ICP: 0.089676  map incre: 0.004521 ave total: 0.107127 icp: 0.080187 construct H: 0.000829 
[fastlio_mapping-2] [ mapping ]: time: IMU + Map + Input Downsample: 0.020472 ave match: 0.077208 ave solve: 0.002872  ave ICP: 0.089725  map incre: 0.004678 ave total: 0.107162 icp: 0.080229 construct H: 0.000827 
[fastlio_mapping-2] [ mapping ]: time: IMU + Map + Input Downsample: 0.026869 ave match: 0.077287 ave solve: 0.002872  ave ICP: 0.098137  map incre: 0.005362 ave total: 0.107267 icp: 0.080308 construct H: 0.000826 
[fastlio_mapping-2] [ mapping ]: time: IMU + Map + Input Downsample: 0.019294 ave match: 0.077325 ave solve: 0.002867  ave ICP: 0.088012  map incre: 0.006620 ave total: 0.107297 icp: 0.080341 construct H: 0.000825 
[fastlio_mapping-2] [ mapping ]: time: IMU + Map + Input Downsample: 0.020317 ave match: 0.077327 ave solve: 0.002863  ave ICP: 0.079992  map incre: 0.004780 ave total: 0.107288 icp: 0.080339 construct H: 0.000823 
[fastlio_mapping-2] [ mapping ]: time: IMU + Map + Input Downsample: 0.024052 ave match: 0.077351 ave solve: 0.002858  ave ICP: 0.084945  map incre: 0.004654 ave total: 0.107316 icp: 0.080358 construct H: 0.000822 
[fastlio_mapping-2] [ mapping ]: time: IMU + Map + Input Downsample: 0.026128 ave match: 0.077433 ave solve: 0.002856  ave ICP: 0.098405  map incre: 0.004687 ave total: 0.107413 icp: 0.080437 construct H: 0.000821 
[fastlio_mapping-2] [ mapping ]: time: IMU + Map + Input Downsample: 0.020181 ave match: 0.077461 ave solve: 0.002852  ave ICP: 0.086070  map incre: 0.004758 ave total: 0.107429 icp: 0.080461 construct H: 0.000820 
[fastlio_mapping-2] [ mapping ]: time: IMU + Map + Input Downsample: 0.021793 ave match: 0.077481 ave solve: 0.002847  ave ICP: 0.084217  map incre: 0.004697 ave total: 0.107444 icp: 0.080476 construct H: 0.000819 
[fastlio_mapping-2] [ mapping ]: time: IMU + Map + Input Downsample: 0.019946 ave match: 0.077503 ave solve: 0.002843  ave ICP: 0.084689  map incre: 0.005428 ave total: 0.107455 icp: 0.080493 construct H: 0.000817 
[fastlio_mapping-2] [ mapping ]: time: IMU + Map + Input Downsample: 0.020672 ave match: 0.077547 ave solve: 0.002839  ave ICP: 0.089996  map incre: 0.004770 ave total: 0.107490 icp: 0.080533 construct H: 0.000816 
[fastlio_mapping-2] [ mapping ]: time: IMU + Map + Input Downsample: 0.020408 ave match: 0.077580 ave solve: 0.002835  ave ICP: 0.087535  map incre: 0.005010 ave total: 0.107514 icp: 0.080563 construct H: 0.000815 
[fastlio_mapping-2] [ mapping ]: time: IMU + Map + Input Downsample: 0.020021 ave match: 0.077630 ave solve: 0.002831  ave ICP: 0.091555  map incre: 0.006275 ave total: 0.107559 icp: 0.080608 construct H: 0.000813 
[fastlio_mapping-2] [ mapping ]: time: IMU + Map + Input Downsample: 0.020455 ave match: 0.077667 ave solve: 0.002827  ave ICP: 0.088436  map incre: 0.006138 ave total: 0.107591 icp: 0.080641 construct H: 0.000812 
[fastlio_mapping-2] [ mapping ]: time: IMU + Map + Input Downsample: 0.021813 ave match: 0.077716 ave solve: 0.002823  ave ICP: 0.091355  map incre: 0.007501 ave total: 0.107647 icp: 0.080686 construct H: 0.000811 
[fastlio_mapping-2] [ mapping ]: time: IMU + Map + Input Downsample: 0.019904 ave match: 0.077753 ave solve: 0.002820  ave ICP: 0.088674  map incre: 0.005641 ave total: 0.107675 icp: 0.080719 construct H: 0.000810 
[fastlio_mapping-2] [ mapping ]: time: IMU + Map + Input Downsample: 0.018165 ave match: 0.077796 ave solve: 0.002816  ave ICP: 0.090214  map incre: 0.007861 ave total: 0.107711 icp: 0.080758 construct H: 0.000809 
[fastlio_mapping-2] [ mapping ]: time: IMU + Map + Input Downsample: 0.013542 ave match: 0.077813 ave solve: 0.002813  ave ICP: 0.084405  map incre: 0.007435 ave total: 0.107701 icp: 0.080772 construct H: 0.000808 
[fastlio_mapping-2] [ mapping ]: time: IMU + Map + Input Downsample: 0.015722 ave match: 0.077849 ave solve: 0.002810  ave ICP: 0.088574  map incre: 0.006702 ave total: 0.107715 icp: 0.080804 construct H: 0.000807 
[fastlio_mapping-2] [ mapping ]: time: IMU + Map + Input Downsample: 0.026138 ave match: 0.077968 ave solve: 0.002808  ave ICP: 0.109167  map incre: 0.006693 ave total: 0.107859 icp: 0.080922 construct H: 0.000806 
[fastlio_mapping-2] [ mapping ]: time: IMU + Map + Input Downsample: 0.024022 ave match: 0.078027 ave solve: 0.002804  ave ICP: 0.094234  map incre: 0.007466 ave total: 0.107934 icp: 0.080976 construct H: 0.000805 
[fastlio_mapping-2] [ mapping ]: time: IMU + Map + Input Downsample: 0.016564 ave match: 0.078062 ave solve: 0.002801  ave ICP: 0.088900  map incre: 0.010297 ave total: 0.107967 icp: 0.081008 construct H: 0.000804 
[fastlio_mapping-2] [ mapping ]: time: IMU + Map + Input Downsample: 0.015659 ave match: 0.078096 ave solve: 0.002797  ave ICP: 0.088643  map incre: 0.007240 ave total: 0.107982 icp: 0.081038 construct H: 0.000802 
[fastlio_mapping-2] [ mapping ]: time: IMU + Map + Input Downsample: 0.015239 ave match: 0.078111 ave solve: 0.002794  ave ICP: 0.083921  map incre: 0.006450 ave total: 0.107972 icp: 0.081049 construct H: 0.000801 
[fastlio_mapping-2] [ mapping ]: time: IMU + Map + Input Downsample: 0.025051 ave match: 0.078166 ave solve: 0.002791  ave ICP: 0.094128  map incre: 0.005414 ave total: 0.108040 icp: 0.081102 construct H: 0.000800 
[fastlio_mapping-2] [ mapping ]: time: IMU + Map + Input Downsample: 0.022352 ave match: 0.078211 ave solve: 0.002788  ave ICP: 0.091811  map incre: 0.006064 ave total: 0.108090 icp: 0.081144 construct H: 0.000799 
[fastlio_mapping-2] [ mapping ]: time: IMU + Map + Input Downsample: 0.021505 ave match: 0.078250 ave solve: 0.002786  ave ICP: 0.090246  map incre: 0.005256 ave total: 0.108127 icp: 0.081180 construct H: 0.000798 
[fastlio_mapping-2] [ mapping ]: time: IMU + Map + Input Downsample: 0.016070 ave match: 0.078274 ave solve: 0.002782  ave ICP: 0.086661  map incre: 0.004434 ave total: 0.108123 icp: 0.081201 construct H: 0.000797 
[fastlio_mapping-2] [ mapping ]: time: IMU + Map + Input Downsample: 0.019299 ave match: 0.078306 ave solve: 0.002780  ave ICP: 0.088625  map incre: 0.004081 ave total: 0.108138 icp: 0.081230 construct H: 0.000796 
[fastlio_mapping-2] [ mapping ]: time: IMU + Map + Input Downsample: 0.020839 ave match: 0.078341 ave solve: 0.002776  ave ICP: 0.089477  map incre: 0.005663 ave total: 0.108170 icp: 0.081262 construct H: 0.000795 
[fastlio_mapping-2] [ mapping ]: time: IMU + Map + Input Downsample: 0.022878 ave match: 0.078376 ave solve: 0.002773  ave ICP: 0.089323  map incre: 0.003974 ave total: 0.108202 icp: 0.081292 construct H: 0.000794 
[fastlio_mapping-2] [ mapping ]: time: IMU + Map + Input Downsample: 0.029870 ave match: 0.078467 ave solve: 0.002772  ave ICP: 0.104050  map incre: 0.004747 ave total: 0.108324 icp: 0.081382 construct H: 0.000794 
[fastlio_mapping-2] [ mapping ]: time: IMU + Map + Input Downsample: 0.021796 ave match: 0.078486 ave solve: 0.002768  ave ICP: 0.085601  map incre: 0.004131 ave total: 0.108337 icp: 0.081398 construct H: 0.000793 
[fastlio_mapping-2] [ mapping ]: time: IMU + Map + Input Downsample: 0.018972 ave match: 0.078513 ave solve: 0.002765  ave ICP: 0.087723  map incre: 0.004515 ave total: 0.108348 icp: 0.081422 construct H: 0.000792 
[fastlio_mapping-2] [ mapping ]: time: IMU + Map + Input Downsample: 0.022885 ave match: 0.078538 ave solve: 0.002762  ave ICP: 0.087137  map incre: 0.005494 ave total: 0.108376 icp: 0.081443 construct H: 0.000791 
[fastlio_mapping-2] [ mapping ]: time: IMU + Map + Input Downsample: 0.020018 ave match: 0.078566 ave solve: 0.002759  ave ICP: 0.087930  map incre: 0.004962 ave total: 0.108394 icp: 0.081468 construct H: 0.000790 
[fastlio_mapping-2] [ mapping ]: time: IMU + Map + Input Downsample: 0.016600 ave match: 0.078580 ave solve: 0.002756  ave ICP: 0.084518  map incre: 0.006221 ave total: 0.108390 icp: 0.081479 construct H: 0.000789 
[fastlio_mapping-2] [ mapping ]: time: IMU + Map + Input Downsample: 0.013464 ave match: 0.078586 ave solve: 0.002753  ave ICP: 0.082389  map incre: 0.004869 ave total: 0.108360 icp: 0.081481 construct H: 0.000788 
[fastlio_mapping-2] [ mapping ]: time: IMU + Map + Input Downsample: 0.023184 ave match: 0.078620 ave solve: 0.002749  ave ICP: 0.089771  map incre: 0.003921 ave total: 0.108393 icp: 0.081512 construct H: 0.000787 
[fastlio_mapping-2] [ mapping ]: time: IMU + Map + Input Downsample: 0.024048 ave match: 0.078674 ave solve: 0.002746  ave ICP: 0.094750  map incre: 0.004779 ave total: 0.108452 icp: 0.081562 construct H: 0.000786 
[fastlio_mapping-2] [ mapping ]: time: IMU + Map + Input Downsample: 0.013489 ave match: 0.078676 ave solve: 0.002743  ave ICP: 0.081561  map incre: 0.004071 ave total: 0.108416 icp: 0.081561 construct H: 0.000785 
[fastlio_mapping-2] [ mapping ]: time: IMU + Map + Input Downsample: 0.025387 ave match: 0.078718 ave solve: 0.002739  ave ICP: 0.091785  map incre: 0.004639 ave total: 0.108468 icp: 0.081599 construct H: 0.000784 
[fastlio_mapping-2] [ mapping ]: time: IMU + Map + Input Downsample: 0.021563 ave match: 0.078749 ave solve: 0.002736  ave ICP: 0.089133  map incre: 0.004192 ave total: 0.108492 icp: 0.081627 construct H: 0.000783 
[fastlio_mapping-2] [ mapping ]: time: IMU + Map + Input Downsample: 0.020341 ave match: 0.078779 ave solve: 0.002733  ave ICP: 0.088787  map incre: 0.004219 ave total: 0.108511 icp: 0.081653 construct H: 0.000782 
[fastlio_mapping-2] [ mapping ]: time: IMU + Map + Input Downsample: 0.021812 ave match: 0.078824 ave solve: 0.002729  ave ICP: 0.093054  map incre: 0.004536 ave total: 0.108552 icp: 0.081695 construct H: 0.000781 
[fastlio_mapping-2] [ mapping ]: time: IMU + Map + Input Downsample: 0.019499 ave match: 0.078854 ave solve: 0.002726  ave ICP: 0.089036  map incre: 0.011786 ave total: 0.108597 icp: 0.081722 construct H: 0.000780 
[fastlio_mapping-2] [ mapping ]: time: IMU + Map + Input Downsample: 0.019660 ave match: 0.078879 ave solve: 0.002723  ave ICP: 0.087680  map incre: 0.008981 ave total: 0.108626 icp: 0.081743 construct H: 0.000778 
[fastlio_mapping-2] [ mapping ]: time: IMU + Map + Input Downsample: 0.019898 ave match: 0.078923 ave solve: 0.002720  ave ICP: 0.092847  map incre: 0.007448 ave total: 0.108669 icp: 0.081784 construct H: 0.000777 
[fastlio_mapping-2] [ mapping ]: time: IMU + Map + Input Downsample: 0.019231 ave match: 0.078963 ave solve: 0.002716  ave ICP: 0.091806  map incre: 0.007661 ave total: 0.108707 icp: 0.081820 construct H: 0.000776 
[fastlio_mapping-2] [ mapping ]: time: IMU + Map + Input Downsample: 0.018182 ave match: 0.078991 ave solve: 0.002713  ave ICP: 0.088522  map incre: 0.006638 ave total: 0.108724 icp: 0.081844 construct H: 0.000775 
[fastlio_mapping-2] [ mapping ]: time: IMU + Map + Input Downsample: 0.016662 ave match: 0.079024 ave solve: 0.002710  ave ICP: 0.090304  map incre: 0.006326 ave total: 0.108741 icp: 0.081874 construct H: 0.000774 
[fastlio_mapping-2] [ mapping ]: time: IMU + Map + Input Downsample: 0.024090 ave match: 0.079118 ave solve: 0.002706  ave ICP: 0.106545  map incre: 0.006612 ave total: 0.108847 icp: 0.081964 construct H: 0.000773 
[fastlio_mapping-2] [ mapping ]: time: IMU + Map + Input Downsample: 0.017673 ave match: 0.079132 ave solve: 0.002703  ave ICP: 0.085399  map incre: 0.006041 ave total: 0.108848 icp: 0.081975 construct H: 0.000772 
[fastlio_mapping-2] [ mapping ]: time: IMU + Map + Input Downsample: 0.024455 ave match: 0.079237 ave solve: 0.002701  ave ICP: 0.110020  map incre: 0.005361 ave total: 0.108962 icp: 0.082077 construct H: 0.000771 
[fastlio_mapping-2] [ mapping ]: time: IMU + Map + Input Downsample: 0.021627 ave match: 0.079278 ave solve: 0.002697  ave ICP: 0.092650  map incre: 0.007059 ave total: 0.109007 icp: 0.082115 construct H: 0.000770 
[fastlio_mapping-2] [ mapping ]: time: IMU + Map + Input Downsample: 0.019042 ave match: 0.079314 ave solve: 0.002694  ave ICP: 0.091176  map incre: 0.006625 ave total: 0.109036 icp: 0.082147 construct H: 0.000769 
[fastlio_mapping-2] [ mapping ]: time: IMU + Map + Input Downsample: 0.023233 ave match: 0.079409 ave solve: 0.002691  ave ICP: 0.107646  map incre: 0.005317 ave total: 0.109134 icp: 0.082239 construct H: 0.000768 
[fastlio_mapping-2] [ mapping ]: time: IMU + Map + Input Downsample: 0.023169 ave match: 0.079479 ave solve: 0.002688  ave ICP: 0.101550  map incre: 0.006820 ave total: 0.109216 icp: 0.082307 construct H: 0.000768 
[fastlio_mapping-2] [ mapping ]: time: IMU + Map + Input Downsample: 0.026990 ave match: 0.079581 ave solve: 0.002688  ave ICP: 0.110741  map incre: 0.006856 ave total: 0.109343 icp: 0.082408 construct H: 0.000767 
[fastlio_mapping-2] [ mapping ]: time: IMU + Map + Input Downsample: 0.019137 ave match: 0.079592 ave solve: 0.002684  ave ICP: 0.084714  map incre: 0.004342 ave total: 0.109339 icp: 0.082415 construct H: 0.000766 
[fastlio_mapping-2] [ mapping ]: time: IMU + Map + Input Downsample: 0.015945 ave match: 0.079595 ave solve: 0.002681  ave ICP: 0.082611  map incre: 0.004235 ave total: 0.109316 icp: 0.082415 construct H: 0.000765 
[fastlio_mapping-2] [ mapping ]: time: IMU + Map + Input Downsample: 0.019528 ave match: 0.079623 ave solve: 0.002678  ave ICP: 0.089426  map incre: 0.003563 ave total: 0.109327 icp: 0.082439 construct H: 0.000764 
[fastlio_mapping-2] [ mapping ]: time: IMU + Map + Input Downsample: 0.024123 ave match: 0.079651 ave solve: 0.002675  ave ICP: 0.089933  map incre: 0.005968 ave total: 0.109365 icp: 0.082465 construct H: 0.000763 
[fastlio_mapping-2] [ mapping ]: time: IMU + Map + Input Downsample: 0.021974 ave match: 0.079677 ave solve: 0.002671  ave ICP: 0.089017  map incre: 0.005126 ave total: 0.109389 icp: 0.082487 construct H: 0.000762 
[fastlio_mapping-2] [ mapping ]: time: IMU + Map + Input Downsample: 0.013512 ave match: 0.079672 ave solve: 0.002668  ave ICP: 0.080241  map incre: 0.005033 ave total: 0.109352 icp: 0.082478 construct H: 0.000761 
[fastlio_mapping-2] [ mapping ]: time: IMU + Map + Input Downsample: 0.020326 ave match: 0.079703 ave solve: 0.002665  ave ICP: 0.090733  map incre: 0.004074 ave total: 0.109372 icp: 0.082506 construct H: 0.000760 
[fastlio_mapping-2] [ mapping ]: time: IMU + Map + Input Downsample: 0.024484 ave match: 0.079729 ave solve: 0.002662  ave ICP: 0.089403  map incre: 0.003727 ave total: 0.109401 icp: 0.082529 construct H: 0.000759 
[fastlio_mapping-2] [ mapping ]: time: IMU + Map + Input Downsample: 0.013334 ave match: 0.079727 ave solve: 0.002659  ave ICP: 0.081218  map incre: 0.004402 ave total: 0.109364 icp: 0.082524 construct H: 0.000758 
[fastlio_mapping-2] [ mapping ]: time: IMU + Map + Input Downsample: 0.021702 ave match: 0.079780 ave solve: 0.002656  ave ICP: 0.097029  map incre: 0.006363 ave total: 0.109419 icp: 0.082573 construct H: 0.000757 
[fastlio_mapping-2] [ mapping ]: time: IMU + Map + Input Downsample: 0.018623 ave match: 0.079790 ave solve: 0.002653  ave ICP: 0.084813  map incre: 0.004224 ave total: 0.109413 icp: 0.082580 construct H: 0.000756 
[fastlio_mapping-2] [ mapping ]: time: IMU + Map + Input Downsample: 0.023513 ave match: 0.079812 ave solve: 0.002650  ave ICP: 0.088441  map incre: 0.005377 ave total: 0.109441 icp: 0.082599 construct H: 0.000755 
[fastlio_mapping-2] [ mapping ]: time: IMU + Map + Input Downsample: 0.021898 ave match: 0.079824 ave solve: 0.002647  ave ICP: 0.085553  map incre: 0.004690 ave total: 0.109450 icp: 0.082608 construct H: 0.000754 
[fastlio_mapping-2] [ mapping ]: time: IMU + Map + Input Downsample: 0.015906 ave match: 0.079833 ave solve: 0.002644  ave ICP: 0.084465  map incre: 0.004723 ave total: 0.109435 icp: 0.082613 construct H: 0.000753 
[fastlio_mapping-2] [ mapping ]: time: IMU + Map + Input Downsample: 0.022458 ave match: 0.079838 ave solve: 0.002641  ave ICP: 0.083396  map incre: 0.003455 ave total: 0.109434 icp: 0.082615 construct H: 0.000752 
[fastlio_mapping-2] [ mapping ]: time: IMU + Map + Input Downsample: 0.021720 ave match: 0.079863 ave solve: 0.002638  ave ICP: 0.089320  map incre: 0.004268 ave total: 0.109455 icp: 0.082637 construct H: 0.000751 
[fastlio_mapping-2] [ mapping ]: time: IMU + Map + Input Downsample: 0.017333 ave match: 0.079867 ave solve: 0.002635  ave ICP: 0.083072  map incre: 0.003713 ave total: 0.109436 icp: 0.082637 construct H: 0.000750 
[fastlio_mapping-2] [ mapping ]: time: IMU + Map + Input Downsample: 0.026021 ave match: 0.079882 ave solve: 0.002631  ave ICP: 0.086607  map incre: 0.003609 ave total: 0.109459 icp: 0.082649 construct H: 0.000749 
[fastlio_mapping-2] [ mapping ]: time: IMU + Map + Input Downsample: 0.025774 ave match: 0.079904 ave solve: 0.002628  ave ICP: 0.088405  map incre: 0.004190 ave total: 0.109490 icp: 0.082668 construct H: 0.000748 
[fastlio_mapping-2] [ mapping ]: time: IMU + Map + Input Downsample: 0.025351 ave match: 0.079944 ave solve: 0.002625  ave ICP: 0.094163  map incre: 0.003388 ave total: 0.109535 icp: 0.082705 construct H: 0.000747 
[fastlio_mapping-2] [ mapping ]: time: IMU + Map + Input Downsample: 0.026601 ave match: 0.079990 ave solve: 0.002623  ave ICP: 0.095882  map incre: 0.004048 ave total: 0.109592 icp: 0.082749 construct H: 0.000746 
[fastlio_mapping-2] [ mapping ]: time: IMU + Map + Input Downsample: 0.031241 ave match: 0.080023 ave solve: 0.002620  ave ICP: 0.092790  map incre: 0.005987 ave total: 0.109660 icp: 0.082779 construct H: 0.000746 
[fastlio_mapping-2] [ mapping ]: time: IMU + Map + Input Downsample: 0.023012 ave match: 0.080076 ave solve: 0.002618  ave ICP: 0.098169  map incre: 0.004812 ave total: 0.109714 icp: 0.082829 construct H: 0.000745 
[fastlio_mapping-2] [ mapping ]: time: IMU + Map + Input Downsample: 0.013488 ave match: 0.080068 ave solve: 0.002615  ave ICP: 0.079679  map incre: 0.003342 ave total: 0.109671 icp: 0.082818 construct H: 0.000744 
[fastlio_mapping-2] [ mapping ]: time: IMU + Map + Input Downsample: 0.025701 ave match: 0.080094 ave solve: 0.002612  ave ICP: 0.089939  map incre: 0.003752 ave total: 0.109703 icp: 0.082840 construct H: 0.000743 
[fastlio_mapping-2] [ mapping ]: time: IMU + Map + Input Downsample: 0.021533 ave match: 0.080122 ave solve: 0.002609  ave ICP: 0.091003  map incre: 0.003527 ave total: 0.109724 icp: 0.082866 construct H: 0.000742 
[fastlio_mapping-2] [ mapping ]: time: IMU + Map + Input Downsample: 0.021624 ave match: 0.080158 ave solve: 0.002606  ave ICP: 0.092961  map incre: 0.003949 ave total: 0.109753 icp: 0.082898 construct H: 0.000741 
[fastlio_mapping-2] [ mapping ]: time: IMU + Map + Input Downsample: 0.013374 ave match: 0.080155 ave solve: 0.002603  ave ICP: 0.081403  map incre: 0.003516 ave total: 0.109715 icp: 0.082892 construct H: 0.000740 
[fastlio_mapping-2] [ mapping ]: time: IMU + Map + Input Downsample: 0.014815 ave match: 0.080158 ave solve: 0.002600  ave ICP: 0.083038  map incre: 0.003673 ave total: 0.109688 icp: 0.082892 construct H: 0.000739 
[fastlio_mapping-2] [ mapping ]: time: IMU + Map + Input Downsample: 0.025802 ave match: 0.080182 ave solve: 0.002597  ave ICP: 0.089820  map incre: 0.003925 ave total: 0.109721 icp: 0.082913 construct H: 0.000738 
[fastlio_mapping-2] [ mapping ]: time: IMU + Map + Input Downsample: 0.025614 ave match: 0.080210 ave solve: 0.002594  ave ICP: 0.090555  map incre: 0.003522 ave total: 0.109753 icp: 0.082937 construct H: 0.000737 
[fastlio_mapping-2] [ mapping ]: time: IMU + Map + Input Downsample: 0.014176 ave match: 0.080227 ave solve: 0.002591  ave ICP: 0.087604  map incre: 0.003272 ave total: 0.109738 icp: 0.082951 construct H: 0.000736 
[fastlio_mapping-2] [ mapping ]: time: IMU + Map + Input Downsample: 0.026191 ave match: 0.080243 ave solve: 0.002588  ave ICP: 0.087199  map incre: 0.002817 ave total: 0.109759 icp: 0.082964 construct H: 0.000735 
[fastlio_mapping-2] [ mapping ]: time: IMU + Map + Input Downsample: 0.023640 ave match: 0.080269 ave solve: 0.002585  ave ICP: 0.090516  map incre: 0.002901 ave total: 0.109782 icp: 0.082987 construct H: 0.000734 
[fastlio_mapping-2] [ mapping ]: time: IMU + Map + Input Downsample: 0.025497 ave match: 0.080313 ave solve: 0.002582  ave ICP: 0.096146  map incre: 0.002820 ave total: 0.109829 icp: 0.083028 construct H: 0.000734 
[fastlio_mapping-2] [ mapping ]: time: IMU + Map + Input Downsample: 0.025757 ave match: 0.080344 ave solve: 0.002579  ave ICP: 0.092139  map incre: 0.003554 ave total: 0.109866 icp: 0.083056 construct H: 0.000733 
[fastlio_mapping-2] [ mapping ]: time: IMU + Map + Input Downsample: 0.014430 ave match: 0.080333 ave solve: 0.002578  ave ICP: 0.079564  map incre: 0.004268 ave total: 0.109829 icp: 0.083044 construct H: 0.000733 
[fastlio_mapping-2] [ mapping ]: time: IMU + Map + Input Downsample: 0.025644 ave match: 0.080352 ave solve: 0.002575  ave ICP: 0.088390  map incre: 0.002717 ave total: 0.109851 icp: 0.083060 construct H: 0.000732 
[fastlio_mapping-2] [ mapping ]: time: IMU + Map + Input Downsample: 0.026530 ave match: 0.080386 ave solve: 0.002572  ave ICP: 0.093349  map incre: 0.005270 ave total: 0.109900 icp: 0.083092 construct H: 0.000731 
[fastlio_mapping-2] [ mapping ]: time: IMU + Map + Input Downsample: 0.025542 ave match: 0.080407 ave solve: 0.002570  ave ICP: 0.089072  map incre: 0.010908 ave total: 0.109949 icp: 0.083109 construct H: 0.000730 
[fastlio_mapping-2] [ mapping ]: time: IMU + Map + Input Downsample: 0.013127 ave match: 0.080405 ave solve: 0.002567  ave ICP: 0.081610  map incre: 0.010166 ave total: 0.109933 icp: 0.083104 construct H: 0.000730 
[fastlio_mapping-2] [ mapping ]: time: IMU + Map + Input Downsample: 0.019526 ave match: 0.080429 ave solve: 0.002563  ave ICP: 0.090075  map incre: 0.003578 ave total: 0.109943 icp: 0.083125 construct H: 0.000729 
[fastlio_mapping-2] [ mapping ]: time: IMU + Map + Input Downsample: 0.025743 ave match: 0.080467 ave solve: 0.002560  ave ICP: 0.094677  map incre: 0.003815 ave total: 0.109988 icp: 0.083160 construct H: 0.000728 
[fastlio_mapping-2] [ mapping ]: time: IMU + Map + Input Downsample: 0.018692 ave match: 0.080492 ave solve: 0.002557  ave ICP: 0.090402  map incre: 0.002589 ave total: 0.109993 icp: 0.083181 construct H: 0.000727 
[fastlio_mapping-2] [ mapping ]: time: IMU + Map + Input Downsample: 0.020700 ave match: 0.080512 ave solve: 0.002554  ave ICP: 0.089079  map incre: 0.002960 ave total: 0.110002 icp: 0.083199 construct H: 0.000726 
[fastlio_mapping-2] [ mapping ]: time: IMU + Map + Input Downsample: 0.024274 ave match: 0.080576 ave solve: 0.002552  ave ICP: 0.103510  map incre: 0.004547 ave total: 0.110071 icp: 0.083260 construct H: 0.000725 
[fastlio_mapping-2] [ mapping ]: time: IMU + Map + Input Downsample: 0.024954 ave match: 0.080603 ave solve: 0.002549  ave ICP: 0.091193  map incre: 0.002279 ave total: 0.110097 icp: 0.083284 construct H: 0.000724 
[fastlio_mapping-2] [ mapping ]: time: IMU + Map + Input Downsample: 0.025506 ave match: 0.080637 ave solve: 0.002546  ave ICP: 0.093585  map incre: 0.002060 ave total: 0.110131 icp: 0.083315 construct H: 0.000723 
[fastlio_mapping-2] [ mapping ]: time: IMU + Map + Input Downsample: 0.013274 ave match: 0.080629 ave solve: 0.002543  ave ICP: 0.079742  map incre: 0.002784 ave total: 0.110087 icp: 0.083303 construct H: 0.000722 
[fastlio_mapping-2] [ mapping ]: time: IMU + Map + Input Downsample: 0.025000 ave match: 0.080643 ave solve: 0.002540  ave ICP: 0.087111  map incre: 0.005876 ave total: 0.110111 icp: 0.083313 construct H: 0.000721 
[fastlio_mapping-2] [ mapping ]: time: IMU + Map + Input Downsample: 0.025534 ave match: 0.080645 ave solve: 0.002537  ave ICP: 0.083523  map incre: 0.003244 ave total: 0.110118 icp: 0.083313 construct H: 0.000720 
[fastlio_mapping-2] [ mapping ]: time: IMU + Map + Input Downsample: 0.025645 ave match: 0.080665 ave solve: 0.002534  ave ICP: 0.089129  map incre: 0.002449 ave total: 0.110139 icp: 0.083330 construct H: 0.000719 
[fastlio_mapping-2] [ mapping ]: time: IMU + Map + Input Downsample: 0.025353 ave match: 0.080685 ave solve: 0.002530  ave ICP: 0.089119  map incre: 0.002633 ave total: 0.110160 icp: 0.083346 construct H: 0.000718 
[fastlio_mapping-2] [ mapping ]: time: IMU + Map + Input Downsample: 0.013596 ave match: 0.080690 ave solve: 0.002527  ave ICP: 0.084156  map incre: 0.002695 ave total: 0.110131 icp: 0.083348 construct H: 0.000717 
[fastlio_mapping-2] [ mapping ]: time: IMU + Map + Input Downsample: 0.025772 ave match: 0.080722 ave solve: 0.002525  ave ICP: 0.093291  map incre: 0.003085 ave total: 0.110167 icp: 0.083377 construct H: 0.000716 
[fastlio_mapping-2] [ mapping ]: time: IMU + Map + Input Downsample: 0.025128 ave match: 0.080740 ave solve: 0.002522  ave ICP: 0.088498  map incre: 0.002295 ave total: 0.110184 icp: 0.083391 construct H: 0.000715 
[fastlio_mapping-2] [ mapping ]: time: IMU + Map + Input Downsample: 0.025459 ave match: 0.080762 ave solve: 0.002519  ave ICP: 0.090055  map incre: 0.003191 ave total: 0.110210 icp: 0.083410 construct H: 0.000714 
[fastlio_mapping-2] [ mapping ]: time: IMU + Map + Input Downsample: 0.025656 ave match: 0.080788 ave solve: 0.002516  ave ICP: 0.091541  map incre: 0.002926 ave total: 0.110239 icp: 0.083433 construct H: 0.000713 
[fastlio_mapping-2] [ mapping ]: time: IMU + Map + Input Downsample: 0.013107 ave match: 0.080781 ave solve: 0.002513  ave ICP: 0.080508  map incre: 0.002500 ave total: 0.110197 icp: 0.083424 construct H: 0.000712 
[fastlio_mapping-2] [ mapping ]: time: IMU + Map + Input Downsample: 0.022177 ave match: 0.080785 ave solve: 0.002510  ave ICP: 0.083680  map incre: 0.002502 ave total: 0.110192 icp: 0.083424 construct H: 0.000711 
[fastlio_mapping-2] [ mapping ]: time: IMU + Map + Input Downsample: 0.025793 ave match: 0.080811 ave solve: 0.002507  ave ICP: 0.091576  map incre: 0.004964 ave total: 0.110228 icp: 0.083447 construct H: 0.000710 
[fastlio_mapping-2] [ mapping ]: time: IMU + Map + Input Downsample: 0.025958 ave match: 0.080827 ave solve: 0.002504  ave ICP: 0.088319  map incre: 0.002145 ave total: 0.110246 icp: 0.083460 construct H: 0.000709 
[fastlio_mapping-2] [ mapping ]: time: IMU + Map + Input Downsample: 0.025971 ave match: 0.080877 ave solve: 0.002502  ave ICP: 0.100089  map incre: 0.002490 ave total: 0.110300 icp: 0.083508 construct H: 0.000708 
[fastlio_mapping-2] [ mapping ]: time: IMU + Map + Input Downsample: 0.016305 ave match: 0.080869 ave solve: 0.002499  ave ICP: 0.079880  map incre: 0.002115 ave total: 0.110265 icp: 0.083497 construct H: 0.000708 
[fastlio_mapping-2] [ mapping ]: time: IMU + Map + Input Downsample: 0.015767 ave match: 0.080859 ave solve: 0.002497  ave ICP: 0.079496  map incre: 0.002304 ave total: 0.110228 icp: 0.083484 construct H: 0.000707 
[fastlio_mapping-2] [ mapping ]: time: IMU + Map + Input Downsample: 0.018271 ave match: 0.080861 ave solve: 0.002494  ave ICP: 0.083494  map incre: 0.002037 ave total: 0.110209 icp: 0.083483 construct H: 0.000706 
[fastlio_mapping-2] [ mapping ]: time: IMU + Map + Input Downsample: 0.026228 ave match: 0.080880 ave solve: 0.002491  ave ICP: 0.089298  map incre: 0.002071 ave total: 0.110230 icp: 0.083499 construct H: 0.000705 
[fastlio_mapping-2] [ mapping ]: time: IMU + Map + Input Downsample: 0.026257 ave match: 0.080893 ave solve: 0.002489  ave ICP: 0.087515  map incre: 0.003284 ave total: 0.110250 icp: 0.083510 construct H: 0.000704 
[fastlio_mapping-2] [ mapping ]: time: IMU + Map + Input Downsample: 0.013381 ave match: 0.080873 ave solve: 0.002486  ave ICP: 0.076044  map incre: 0.002788 ave total: 0.110198 icp: 0.083487 construct H: 0.000703 
[fastlio_mapping-2] [ mapping ]: time: IMU + Map + Input Downsample: 0.025854 ave match: 0.080876 ave solve: 0.002483  ave ICP: 0.083838  map incre: 0.002526 ave total: 0.110204 icp: 0.083487 construct H: 0.000703 
[fastlio_mapping-2] [ mapping ]: time: IMU + Map + Input Downsample: 0.026108 ave match: 0.080896 ave solve: 0.002481  ave ICP: 0.089662  map incre: 0.002202 ave total: 0.110226 icp: 0.083504 construct H: 0.000702 
[fastlio_mapping-2] [ mapping ]: time: IMU + Map + Input Downsample: 0.025683 ave match: 0.080929 ave solve: 0.002478  ave ICP: 0.094687  map incre: 0.002483 ave total: 0.110262 icp: 0.083535 construct H: 0.000701 
[fastlio_mapping-2] [ mapping ]: time: IMU + Map + Input Downsample: 0.025862 ave match: 0.080947 ave solve: 0.002476  ave ICP: 0.089367  map incre: 0.002152 ave total: 0.110283 icp: 0.083551 construct H: 0.000700 
[fastlio_mapping-2] [ mapping ]: time: IMU + Map + Input Downsample: 0.013525 ave match: 0.080932 ave solve: 0.002474  ave ICP: 0.077339  map incre: 0.002446 ave total: 0.110234 icp: 0.083532 construct H: 0.000699 
[fastlio_mapping-2] [ mapping ]: time: IMU + Map + Input Downsample: 0.025949 ave match: 0.080943 ave solve: 0.002471  ave ICP: 0.086934  map incre: 0.003247 ave total: 0.110251 icp: 0.083541 construct H: 0.000699 
[fastlio_mapping-2] [ mapping ]: time: IMU + Map + Input Downsample: 0.026136 ave match: 0.080964 ave solve: 0.002469  ave ICP: 0.090299  map incre: 0.002364 ave total: 0.110275 icp: 0.083559 construct H: 0.000698 
[fastlio_mapping-2] [ mapping ]: time: IMU + Map + Input Downsample: 0.025863 ave match: 0.080984 ave solve: 0.002466  ave ICP: 0.090046  map incre: 0.003782 ave total: 0.110302 icp: 0.083576 construct H: 0.000697 
[fastlio_mapping-2] [ mapping ]: time: IMU + Map + Input Downsample: 0.027070 ave match: 0.081039 ave solve: 0.002464  ave ICP: 0.102623  map incre: 0.005166 ave total: 0.110371 icp: 0.083629 construct H: 0.000696 
[fastlio_mapping-2] [ mapping ]: time: IMU + Map + Input Downsample: 0.026173 ave match: 0.081074 ave solve: 0.002461  ave ICP: 0.095600  map incre: 0.003123 ave total: 0.110412 icp: 0.083662 construct H: 0.000696 
[fastlio_mapping-2] [ mapping ]: time: IMU + Map + Input Downsample: 0.025954 ave match: 0.081104 ave solve: 0.002459  ave ICP: 0.093782  map incre: 0.002002 ave total: 0.110444 icp: 0.083689 construct H: 0.000695 
[fastlio_mapping-2] [ mapping ]: time: IMU + Map + Input Downsample: 0.013542 ave match: 0.081100 ave solve: 0.002457  ave ICP: 0.081651  map incre: 0.002353 ave total: 0.110408 icp: 0.083683 construct H: 0.000694 
[fastlio_mapping-2] [ mapping ]: time: IMU + Map + Input Downsample: 0.026770 ave match: 0.081151 ave solve: 0.002457  ave ICP: 0.102456  map incre: 0.002675 ave total: 0.110467 icp: 0.083733 construct H: 0.000693 
[fastlio_mapping-2] [ mapping ]: time: IMU + Map + Input Downsample: 0.026117 ave match: 0.081217 ave solve: 0.002455  ave ICP: 0.107071  map incre: 0.002124 ave total: 0.110537 icp: 0.083797 construct H: 0.000693 
[fastlio_mapping-2] [ mapping ]: time: IMU + Map + Input Downsample: 0.025352 ave match: 0.081241 ave solve: 0.002452  ave ICP: 0.091998  map incre: 0.001840 ave total: 0.110560 icp: 0.083819 construct H: 0.000692 
[fastlio_mapping-2] [ mapping ]: time: IMU + Map + Input Downsample: 0.013355 ave match: 0.081233 ave solve: 0.002450  ave ICP: 0.080122  map incre: 0.002002 ave total: 0.110519 icp: 0.083808 construct H: 0.000691 
[fastlio_mapping-2] [ mapping ]: time: IMU + Map + Input Downsample: 0.026540 ave match: 0.081265 ave solve: 0.002448  ave ICP: 0.094934  map incre: 0.002278 ave total: 0.110555 icp: 0.083838 construct H: 0.000691 
[fastlio_mapping-2] [ mapping ]: time: IMU + Map + Input Downsample: 0.020919 ave match: 0.081288 ave solve: 0.002445  ave ICP: 0.091864  map incre: 0.002616 ave total: 0.110569 icp: 0.083859 construct H: 0.000690 
[fastlio_mapping-2] [ mapping ]: time: IMU + Map + Input Downsample: 0.025650 ave match: 0.081312 ave solve: 0.002443  ave ICP: 0.092202  map incre: 0.002750 ave total: 0.110596 icp: 0.083881 construct H: 0.000689 
[fastlio_mapping-2] [ mapping ]: time: IMU + Map + Input Downsample: 0.013968 ave match: 0.081304 ave solve: 0.002441  ave ICP: 0.080367  map incre: 0.002223 ave total: 0.110558 icp: 0.083871 construct H: 0.000688 
[fastlio_mapping-2] [ mapping ]: time: IMU + Map + Input Downsample: 0.015536 ave match: 0.081334 ave solve: 0.002442  ave ICP: 0.095417  map incre: 0.001904 ave total: 0.110564 icp: 0.083901 construct H: 0.000688 
[fastlio_mapping-2] [ mapping ]: time: IMU + Map + Input Downsample: 0.023324 ave match: 0.081350 ave solve: 0.002440  ave ICP: 0.089000  map incre: 0.001887 ave total: 0.110574 icp: 0.083914 construct H: 0.000687 
[fastlio_mapping-2] [ mapping ]: time: IMU + Map + Input Downsample: 0.023560 ave match: 0.081374 ave solve: 0.002438  ave ICP: 0.092400  map incre: 0.002272 ave total: 0.110595 icp: 0.083936 construct H: 0.000686 
[fastlio_mapping-2] [ mapping ]: time: IMU + Map + Input Downsample: 0.025842 ave match: 0.081410 ave solve: 0.002436  ave ICP: 0.096640  map incre: 0.002260 ave total: 0.110633 icp: 0.083970 construct H: 0.000686 
[fastlio_mapping-2] [ mapping ]: time: IMU + Map + Input Downsample: 0.013339 ave match: 0.081418 ave solve: 0.002434  ave ICP: 0.086459  map incre: 0.002733 ave total: 0.110611 icp: 0.083976 construct H: 0.000685 
[fastlio_mapping-2] [ mapping ]: time: IMU + Map + Input Downsample: 0.026285 ave match: 0.081450 ave solve: 0.002432  ave ICP: 0.095487  map incre: 0.002235 ave total: 0.110647 icp: 0.084006 construct H: 0.000684 
[fastlio_mapping-2] [ mapping ]: time: IMU + Map + Input Downsample: 0.013481 ave match: 0.081447 ave solve: 0.002429  ave ICP: 0.082263  map incre: 0.002127 ave total: 0.110613 icp: 0.084001 construct H: 0.000684 
[fastlio_mapping-2] [ mapping ]: time: IMU + Map + Input Downsample: 0.025685 ave match: 0.081473 ave solve: 0.002427  ave ICP: 0.093364  map incre: 0.002284 ave total: 0.110641 icp: 0.084025 construct H: 0.000683 
[fastlio_mapping-2] [ mapping ]: time: IMU + Map + Input Downsample: 0.025575 ave match: 0.081505 ave solve: 0.002425  ave ICP: 0.095580  map incre: 0.002466 ave total: 0.110676 icp: 0.084054 construct H: 0.000683 
[fastlio_mapping-2] [ mapping ]: time: IMU + Map + Input Downsample: 0.022059 ave match: 0.081525 ave solve: 0.002423  ave ICP: 0.091030  map incre: 0.002353 ave total: 0.110689 icp: 0.084072 construct H: 0.000682 
[fastlio_mapping-2] [ mapping ]: time: IMU + Map + Input Downsample: 0.023077 ave match: 0.081561 ave solve: 0.002422  ave ICP: 0.097115  map incre: 0.003708 ave total: 0.110724 icp: 0.084106 construct H: 0.000681 
[fastlio_mapping-2] [ mapping ]: time: IMU + Map + Input Downsample: 0.014593 ave match: 0.081567 ave solve: 0.002420  ave ICP: 0.086115  map incre: 0.002860 ave total: 0.110705 icp: 0.084111 construct H: 0.000681 
[fastlio_mapping-2] [ mapping ]: time: IMU + Map + Input Downsample: 0.025558 ave match: 0.081611 ave solve: 0.002419  ave ICP: 0.100524  map incre: 0.003657 ave total: 0.110755 icp: 0.084153 construct H: 0.000680 
[fastlio_mapping-2] [ mapping ]: time: IMU + Map + Input Downsample: 0.025801 ave match: 0.081640 ave solve: 0.002417  ave ICP: 0.094637  map incre: 0.002665 ave total: 0.110788 icp: 0.084180 construct H: 0.000680 
[fastlio_mapping-2] [ mapping ]: time: IMU + Map + Input Downsample: 0.022928 ave match: 0.081676 ave solve: 0.002415  ave ICP: 0.097750  map incre: 0.002878 ave total: 0.110821 icp: 0.084215 construct H: 0.000679 
[fastlio_mapping-2] [ mapping ]: time: IMU + Map + Input Downsample: 0.025459 ave match: 0.081696 ave solve: 0.002413  ave ICP: 0.091552  map incre: 0.002844 ave total: 0.110845 icp: 0.084233 construct H: 0.000679 
[fastlio_mapping-2] [ mapping ]: time: IMU + Map + Input Downsample: 0.020113 ave match: 0.081723 ave solve: 0.002412  ave ICP: 0.094196  map incre: 0.003036 ave total: 0.110862 icp: 0.084258 construct H: 0.000678 
[fastlio_mapping-2] [ mapping ]: time: IMU + Map + Input Downsample: 0.021410 ave match: 0.081737 ave solve: 0.002410  ave ICP: 0.089268  map incre: 0.002654 ave total: 0.110868 icp: 0.084270 construct H: 0.000678 
[fastlio_mapping-2] [ mapping ]: time: IMU + Map + Input Downsample: 0.025726 ave match: 0.081768 ave solve: 0.002408  ave ICP: 0.095695  map incre: 0.003241 ave total: 0.110904 icp: 0.084299 construct H: 0.000677 
[fastlio_mapping-2] [ mapping ]: time: IMU + Map + Input Downsample: 0.025778 ave match: 0.081797 ave solve: 0.002407  ave ICP: 0.095348  map incre: 0.005535 ave total: 0.110945 icp: 0.084327 construct H: 0.000677 
[fastlio_mapping-2] [ mapping ]: time: IMU + Map + Input Downsample: 0.026286 ave match: 0.081838 ave solve: 0.002406  ave ICP: 0.100107  map incre: 0.009498 ave total: 0.111009 icp: 0.084367 construct H: 0.000676 
[fastlio_mapping-2] [ mapping ]: time: IMU + Map + Input Downsample: 0.013252 ave match: 0.081842 ave solve: 0.002404  ave ICP: 0.085320  map incre: 0.010649 ave total: 0.111005 icp: 0.084369 construct H: 0.000676 
[fastlio_mapping-2] [ mapping ]: time: IMU + Map + Input Downsample: 0.013909 ave match: 0.081852 ave solve: 0.002402  ave ICP: 0.087770  map incre: 0.008397 ave total: 0.111002 icp: 0.084377 construct H: 0.000675 
[fastlio_mapping-2] [ mapping ]: time: IMU + Map + Input Downsample: 0.025906 ave match: 0.081881 ave solve: 0.002401  ave ICP: 0.095815  map incre: 0.007198 ave total: 0.111048 icp: 0.084405 construct H: 0.000675 
[fastlio_mapping-2] [ mapping ]: time: IMU + Map + Input Downsample: 0.026004 ave match: 0.081907 ave solve: 0.002400  ave ICP: 0.094123  map incre: 0.009676 ave total: 0.111096 icp: 0.084429 construct H: 0.000674 
[fastlio_mapping-2] [ mapping ]: time: IMU + Map + Input Downsample: 0.025207 ave match: 0.081928 ave solve: 0.002398  ave ICP: 0.092157  map incre: 0.002903 ave total: 0.111120 icp: 0.084448 construct H: 0.000674 
[fastlio_mapping-2] [ mapping ]: time: IMU + Map + Input Downsample: 0.017520 ave match: 0.081939 ave solve: 0.002396  ave ICP: 0.088710  map incre: 0.004737 ave total: 0.111119 icp: 0.084458 construct H: 0.000673 
[fastlio_mapping-2] [ mapping ]: time: IMU + Map + Input Downsample: 0.026057 ave match: 0.081973 ave solve: 0.002394  ave ICP: 0.097435  map incre: 0.003059 ave total: 0.111158 icp: 0.084490 construct H: 0.000673 
[fastlio_mapping-2] [ mapping ]: time: IMU + Map + Input Downsample: 0.025355 ave match: 0.081994 ave solve: 0.002392  ave ICP: 0.092467  map incre: 0.002362 ave total: 0.111181 icp: 0.084509 construct H: 0.000672 
[fastlio_mapping-2] [ mapping ]: time: IMU + Map + Input Downsample: 0.025707 ave match: 0.082015 ave solve: 0.002390  ave ICP: 0.092004  map incre: 0.002603 ave total: 0.111204 icp: 0.084527 construct H: 0.000671 
[fastlio_mapping-2] [ mapping ]: time: IMU + Map + Input Downsample: 0.023128 ave match: 0.082037 ave solve: 0.002389  ave ICP: 0.092976  map incre: 0.002142 ave total: 0.111222 icp: 0.084548 construct H: 0.000671 
[fastlio_mapping-2] [ mapping ]: time: IMU + Map + Input Downsample: 0.019691 ave match: 0.082048 ave solve: 0.002387  ave ICP: 0.088309  map incre: 0.002634 ave total: 0.111221 icp: 0.084556 construct H: 0.000670 
[fastlio_mapping-2] [ mapping ]: time: IMU + Map + Input Downsample: 0.020347 ave match: 0.082076 ave solve: 0.002385  ave ICP: 0.095277  map incre: 0.002521 ave total: 0.111238 icp: 0.084582 construct H: 0.000670 
[fastlio_mapping-2] [ mapping ]: time: IMU + Map + Input Downsample: 0.022629 ave match: 0.082100 ave solve: 0.002383  ave ICP: 0.093589  map incre: 0.002886 ave total: 0.111258 icp: 0.084604 construct H: 0.000669 
[fastlio_mapping-2] [ mapping ]: time: IMU + Map + Input Downsample: 0.020882 ave match: 0.082112 ave solve: 0.002381  ave ICP: 0.088861  map incre: 0.002553 ave total: 0.111260 icp: 0.084614 construct H: 0.000668 
[fastlio_mapping-2] [ mapping ]: time: IMU + Map + Input Downsample: 0.019658 ave match: 0.082125 ave solve: 0.002379  ave ICP: 0.089610  map incre: 0.002121 ave total: 0.111260 icp: 0.084626 construct H: 0.000668 
[fastlio_mapping-2] [ mapping ]: time: IMU + Map + Input Downsample: 0.018241 ave match: 0.082133 ave solve: 0.002377  ave ICP: 0.086992  map incre: 0.002770 ave total: 0.111252 icp: 0.084631 construct H: 0.000667 
[fastlio_mapping-2] [ mapping ]: time: IMU + Map + Input Downsample: 0.023082 ave match: 0.082145 ave solve: 0.002375  ave ICP: 0.089101  map incre: 0.002554 ave total: 0.111261 icp: 0.084641 construct H: 0.000666 
[fastlio_mapping-2] [ mapping ]: time: IMU + Map + Input Downsample: 0.023544 ave match: 0.082173 ave solve: 0.002373  ave ICP: 0.095265  map incre: 0.003200 ave total: 0.111288 icp: 0.084667 construct H: 0.000666 
[fastlio_mapping-2] [ mapping ]: time: IMU + Map + Input Downsample: 0.007298 ave match: 0.082168 ave solve: 0.002371  ave ICP: 0.082123  map incre: 0.002888 ave total: 0.111241 icp: 0.084659 construct H: 0.000665 
[fastlio_mapping-2] [ mapping ]: time: IMU + Map + Input Downsample: 0.013526 ave match: 0.082157 ave solve: 0.002369  ave ICP: 0.079836  map incre: 0.002374 ave total: 0.111203 icp: 0.084647 construct H: 0.000665 
[fastlio_mapping-2] [ mapping ]: time: IMU + Map + Input Downsample: 0.025067 ave match: 0.082170 ave solve: 0.002367  ave ICP: 0.089315  map incre: 0.003483 ave total: 0.111219 icp: 0.084658 construct H: 0.000664 
[fastlio_mapping-2] [ mapping ]: time: IMU + Map + Input Downsample: 0.019874 ave match: 0.082194 ave solve: 0.002365  ave ICP: 0.093930  map incre: 0.003537 ave total: 0.111234 icp: 0.084679 construct H: 0.000663 
[fastlio_mapping-2] [ mapping ]: time: IMU + Map + Input Downsample: 0.018664 ave match: 0.082240 ave solve: 0.002364  ave ICP: 0.103673  map incre: 0.004656 ave total: 0.111272 icp: 0.084724 construct H: 0.000663 
[fastlio_mapping-2] [ mapping ]: time: IMU + Map + Input Downsample: 0.016012 ave match: 0.082243 ave solve: 0.002362  ave ICP: 0.085193  map incre: 0.003531 ave total: 0.111257 icp: 0.084725 construct H: 0.000662 
[fastlio_mapping-2] [ mapping ]: time: IMU + Map + Input Downsample: 0.019982 ave match: 0.082254 ave solve: 0.002360  ave ICP: 0.089110  map incre: 0.003984 ave total: 0.111261 icp: 0.084735 construct H: 0.000662 
[fastlio_mapping-2] [ mapping ]: time: IMU + Map + Input Downsample: 0.015226 ave match: 0.082269 ave solve: 0.002358  ave ICP: 0.090306  map incre: 0.003954 ave total: 0.111257 icp: 0.084748 construct H: 0.000661 
[fastlio_mapping-2] [ mapping ]: time: IMU + Map + Input Downsample: 0.023593 ave match: 0.082286 ave solve: 0.002356  ave ICP: 0.091525  map incre: 0.003107 ave total: 0.111273 icp: 0.084763 construct H: 0.000661 
[fastlio_mapping-2] [ mapping ]: time: IMU + Map + Input Downsample: 0.021309 ave match: 0.082328 ave solve: 0.002355  ave ICP: 0.101744  map incre: 0.004102 ave total: 0.111312 icp: 0.084803 construct H: 0.000660 
[fastlio_mapping-2] [ mapping ]: time: IMU + Map + Input Downsample: 0.022065 ave match: 0.082329 ave solve: 0.002353  ave ICP: 0.085014  map incre: 0.003130 ave total: 0.111309 icp: 0.084803 construct H: 0.000660 
[fastlio_mapping-2] [ mapping ]: time: IMU + Map + Input Downsample: 0.023669 ave match: 0.082339 ave solve: 0.002351  ave ICP: 0.088408  map incre: 0.002977 ave total: 0.111318 icp: 0.084811 construct H: 0.000659 
[fastlio_mapping-2] [ mapping ]: time: IMU + Map + Input Downsample: 0.017976 ave match: 0.082348 ave solve: 0.002350  ave ICP: 0.087770  map incre: 0.003461 ave total: 0.111313 icp: 0.084817 construct H: 0.000659 
[fastlio_mapping-2] [ mapping ]: time: IMU + Map + Input Downsample: 0.017924 ave match: 0.082357 ave solve: 0.002348  ave ICP: 0.088019  map incre: 0.002989 ave total: 0.111307 icp: 0.084824 construct H: 0.000658 
[fastlio_mapping-2] [ mapping ]: time: IMU + Map + Input Downsample: 0.019670 ave match: 0.082377 ave solve: 0.002346  ave ICP: 0.092615  map incre: 0.004197 ave total: 0.111320 icp: 0.084842 construct H: 0.000657 
[fastlio_mapping-2] [ mapping ]: time: IMU + Map + Input Downsample: 0.025486 ave match: 0.082402 ave solve: 0.002344  ave ICP: 0.095102  map incre: 0.004116 ave total: 0.111351 icp: 0.084865 construct H: 0.000657 
[fastlio_mapping-2] [ mapping ]: time: IMU + Map + Input Downsample: 0.021417 ave match: 0.082428 ave solve: 0.002342  ave ICP: 0.095457  map incre: 0.003979 ave total: 0.111374 icp: 0.084890 construct H: 0.000656 
[fastlio_mapping-2] [ mapping ]: time: IMU + Map + Input Downsample: 0.023436 ave match: 0.082460 ave solve: 0.002340  ave ICP: 0.097828  map incre: 0.004344 ave total: 0.111408 icp: 0.084919 construct H: 0.000656 
[fastlio_mapping-2] [ mapping ]: time: IMU + Map + Input Downsample: 0.019632 ave match: 0.082475 ave solve: 0.002339  ave ICP: 0.091115  map incre: 0.003327 ave total: 0.111414 icp: 0.084933 construct H: 0.000655 
[fastlio_mapping-2] [ mapping ]: time: IMU + Map + Input Downsample: 0.023450 ave match: 0.082495 ave solve: 0.002337  ave ICP: 0.092740  map incre: 0.003903 ave total: 0.111434 icp: 0.084951 construct H: 0.000655 
[fastlio_mapping-2] [ mapping ]: time: IMU + Map + Input Downsample: 0.015902 ave match: 0.082494 ave solve: 0.002335  ave ICP: 0.084158  map incre: 0.003706 ave total: 0.111416 icp: 0.084948 construct H: 0.000654 
[fastlio_mapping-2] [ mapping ]: time: IMU + Map + Input Downsample: 0.023979 ave match: 0.082510 ave solve: 0.002335  ave ICP: 0.092162  map incre: 0.003407 ave total: 0.111435 icp: 0.084964 construct H: 0.000654 
[fastlio_mapping-2] [ mapping ]: time: IMU + Map + Input Downsample: 0.022994 ave match: 0.082533 ave solve: 0.002333  ave ICP: 0.094209  map incre: 0.002873 ave total: 0.111456 icp: 0.084985 construct H: 0.000653 
[fastlio_mapping-2] [ mapping ]: time: IMU + Map + Input Downsample: 0.023278 ave match: 0.082547 ave solve: 0.002331  ave ICP: 0.090695  map incre: 0.003021 ave total: 0.111468 icp: 0.084998 construct H: 0.000653 
[fastlio_mapping-2] [ mapping ]: time: IMU + Map + Input Downsample: 0.020932 ave match: 0.082560 ave solve: 0.002329  ave ICP: 0.089743  map incre: 0.003132 ave total: 0.111474 icp: 0.085008 construct H: 0.000652 
[fastlio_mapping-2] [ mapping ]: time: IMU + Map + Input Downsample: 0.012201 ave match: 0.082549 ave solve: 0.002328  ave ICP: 0.079862  map incre: 0.002782 ave total: 0.111435 icp: 0.084995 construct H: 0.000651 
[fastlio_mapping-2] [ mapping ]: time: IMU + Map + Input Downsample: 0.016725 ave match: 0.082549 ave solve: 0.002326  ave ICP: 0.084263  map incre: 0.002977 ave total: 0.111418 icp: 0.084993 construct H: 0.000651 
[fastlio_mapping-2] [ mapping ]: time: IMU + Map + Input Downsample: 0.023929 ave match: 0.082581 ave solve: 0.002324  ave ICP: 0.098679  map incre: 0.002821 ave total: 0.111450 icp: 0.085024 construct H: 0.000650 
[fastlio_mapping-2] [ mapping ]: time: IMU + Map + Input Downsample: 0.024346 ave match: 0.082594 ave solve: 0.002322  ave ICP: 0.090214  map incre: 0.002227 ave total: 0.111463 icp: 0.085035 construct H: 0.000650 
[fastlio_mapping-2] [ mapping ]: time: IMU + Map + Input Downsample: 0.014047 ave match: 0.082585 ave solve: 0.002320  ave ICP: 0.080378  map incre: 0.002343 ave total: 0.111429 icp: 0.085024 construct H: 0.000649 
[fastlio_mapping-2] [ mapping ]: time: IMU + Map + Input Downsample: 0.012548 ave match: 0.082573 ave solve: 0.002319  ave ICP: 0.079138  map incre: 0.002408 ave total: 0.111389 icp: 0.085010 construct H: 0.000648 
[fastlio_mapping-2] [ mapping ]: time: IMU + Map + Input Downsample: 0.023847 ave match: 0.082579 ave solve: 0.002317  ave ICP: 0.087392  map incre: 0.002966 ave total: 0.111396 icp: 0.085014 construct H: 0.000648 
[fastlio_mapping-2] [ mapping ]: time: IMU + Map + Input Downsample: 0.018232 ave match: 0.082580 ave solve: 0.002315  ave ICP: 0.084567  map incre: 0.002504 ave total: 0.111382 icp: 0.085013 construct H: 0.000647 
[fastlio_mapping-2] [ mapping ]: time: IMU + Map + Input Downsample: 0.024183 ave match: 0.082589 ave solve: 0.002313  ave ICP: 0.088382  map incre: 0.002154 ave total: 0.111389 icp: 0.085020 construct H: 0.000647 
[fastlio_mapping-2] [ mapping ]: time: IMU + Map + Input Downsample: 0.024236 ave match: 0.082600 ave solve: 0.002312  ave ICP: 0.089362  map incre: 0.001962 ave total: 0.111399 icp: 0.085029 construct H: 0.000646 
[fastlio_mapping-2] [ mapping ]: time: IMU + Map + Input Downsample: 0.024740 ave match: 0.082610 ave solve: 0.002310  ave ICP: 0.089290  map incre: 0.002164 ave total: 0.111410 icp: 0.085038 construct H: 0.000646 
[fastlio_mapping-2] [ mapping ]: time: IMU + Map + Input Downsample: 0.022555 ave match: 0.082606 ave solve: 0.002308  ave ICP: 0.082638  map incre: 0.002147 ave total: 0.111400 icp: 0.085032 construct H: 0.000645 
[fastlio_mapping-2] [ mapping ]: time: IMU + Map + Input Downsample: 0.021972 ave match: 0.082619 ave solve: 0.002306  ave ICP: 0.090247  map incre: 0.002269 ave total: 0.111407 icp: 0.085043 construct H: 0.000644 
[fastlio_mapping-2] [ mapping ]: time: IMU + Map + Input Downsample: 0.027653 ave match: 0.082645 ave solve: 0.002305  ave ICP: 0.096125  map incre: 0.002980 ave total: 0.111442 icp: 0.085067 construct H: 0.000644 
[fastlio_mapping-2] [ mapping ]: time: IMU + Map + Input Downsample: 0.022613 ave match: 0.082657 ave solve: 0.002303  ave ICP: 0.089847  map incre: 0.002098 ave total: 0.111449 icp: 0.085077 construct H: 0.000643 
[fastlio_mapping-2] [ mapping ]: time: IMU + Map + Input Downsample: 0.022955 ave match: 0.082662 ave solve: 0.002301  ave ICP: 0.086747  map incre: 0.002522 ave total: 0.111451 icp: 0.085080 construct H: 0.000643 
[fastlio_mapping-2] [ mapping ]: time: IMU + Map + Input Downsample: 0.022789 ave match: 0.082663 ave solve: 0.002299  ave ICP: 0.085259  map incre: 0.002617 ave total: 0.111449 icp: 0.085080 construct H: 0.000642 
[fastlio_mapping-2] [ mapping ]: time: IMU + Map + Input Downsample: 0.025340 ave match: 0.082689 ave solve: 0.002298  ave ICP: 0.096150  map incre: 0.002491 ave total: 0.111477 icp: 0.085103 construct H: 0.000642 
[fastlio_mapping-2] [ mapping ]: time: IMU + Map + Input Downsample: 0.025290 ave match: 0.082714 ave solve: 0.002296  ave ICP: 0.096014  map incre: 0.002217 ave total: 0.111504 icp: 0.085127 construct H: 0.000641 
[fastlio_mapping-2] [ mapping ]: time: IMU + Map + Input Downsample: 0.028533 ave match: 0.082742 ave solve: 0.002296  ave ICP: 0.097976  map incre: 0.002762 ave total: 0.111543 icp: 0.085155 construct H: 0.000641 
[fastlio_mapping-2] [ mapping ]: time: IMU + Map + Input Downsample: 0.022540 ave match: 0.082764 ave solve: 0.002295  ave ICP: 0.094703  map incre: 0.002828 ave total: 0.111562 icp: 0.085175 construct H: 0.000640 
[fastlio_mapping-2] [ mapping ]: time: IMU + Map + Input Downsample: 0.026661 ave match: 0.082793 ave solve: 0.002293  ave ICP: 0.097990  map incre: 0.002656 ave total: 0.111597 icp: 0.085203 construct H: 0.000640 
[fastlio_mapping-2] [ mapping ]: time: IMU + Map + Input Downsample: 0.025596 ave match: 0.082805 ave solve: 0.002291  ave ICP: 0.090128  map incre: 0.002206 ave total: 0.111611 icp: 0.085213 construct H: 0.000639 
[fastlio_mapping-2] [ mapping ]: time: IMU + Map + Input Downsample: 0.025729 ave match: 0.082828 ave solve: 0.002290  ave ICP: 0.095121  map incre: 0.002541 ave total: 0.111637 icp: 0.085234 construct H: 0.000639 
[fastlio_mapping-2] [ mapping ]: time: IMU + Map + Input Downsample: 0.022516 ave match: 0.082832 ave solve: 0.002288  ave ICP: 0.086552  map incre: 0.002239 ave total: 0.111636 icp: 0.085236 construct H: 0.000638 
[fastlio_mapping-2] [ mapping ]: time: IMU + Map + Input Downsample: 0.017573 ave match: 0.082837 ave solve: 0.002286  ave ICP: 0.087357  map incre: 0.002139 ave total: 0.111626 icp: 0.085240 construct H: 0.000638 
[fastlio_mapping-2] [ mapping ]: time: IMU + Map + Input Downsample: 0.021463 ave match: 0.082852 ave solve: 0.002285  ave ICP: 0.091371  map incre: 0.003611 ave total: 0.111637 icp: 0.085253 construct H: 0.000637 
[fastlio_mapping-2] [ mapping ]: time: IMU + Map + Input Downsample: 0.024977 ave match: 0.082864 ave solve: 0.002283  ave ICP: 0.090476  map incre: 0.004984 ave total: 0.111656 icp: 0.085263 construct H: 0.000637 
[fastlio_mapping-2] [ mapping ]: time: IMU + Map + Input Downsample: 0.025261 ave match: 0.082887 ave solve: 0.002281  ave ICP: 0.095280  map incre: 0.004960 ave total: 0.111686 icp: 0.085285 construct H: 0.000636 
[fastlio_mapping-2] [ mapping ]: time: IMU + Map + Input Downsample: 0.015368 ave match: 0.082899 ave solve: 0.002280  ave ICP: 0.090427  map incre: 0.003584 ave total: 0.111681 icp: 0.085295 construct H: 0.000636 
[fastlio_mapping-2] [ mapping ]: time: IMU + Map + Input Downsample: 0.013667 ave match: 0.082899 ave solve: 0.002279  ave ICP: 0.084910  map incre: 0.002576 ave total: 0.111658 icp: 0.085294 construct H: 0.000635 
[fastlio_mapping-2] [ mapping ]: time: IMU + Map + Input Downsample: 0.024609 ave match: 0.082921 ave solve: 0.002277  ave ICP: 0.095165  map incre: 0.002789 ave total: 0.111682 icp: 0.085314 construct H: 0.000635 
[fastlio_mapping-2] [ mapping ]: time: IMU + Map + Input Downsample: 0.021186 ave match: 0.082939 ave solve: 0.002275  ave ICP: 0.092796  map incre: 0.001750 ave total: 0.111691 icp: 0.085330 construct H: 0.000634 
[fastlio_mapping-2] [ mapping ]: time: IMU + Map + Input Downsample: 0.023131 ave match: 0.082950 ave solve: 0.002274  ave ICP: 0.089872  map incre: 0.002294 ave total: 0.111698 icp: 0.085339 construct H: 0.000634 
[fastlio_mapping-2] [ mapping ]: time: IMU + Map + Input Downsample: 0.018173 ave match: 0.082951 ave solve: 0.002272  ave ICP: 0.085325  map incre: 0.002058 ave total: 0.111685 icp: 0.085338 construct H: 0.000633 
[fastlio_mapping-2] [ mapping ]: time: IMU + Map + Input Downsample: 0.026163 ave match: 0.082959 ave solve: 0.002270  ave ICP: 0.088852  map incre: 0.002977 ave total: 0.111699 icp: 0.085345 construct H: 0.000632 
[fastlio_mapping-2] [ mapping ]: time: IMU + Map + Input Downsample: 0.022483 ave match: 0.082993 ave solve: 0.002269  ave ICP: 0.100608  map incre: 0.002341 ave total: 0.111728 icp: 0.085377 construct H: 0.000632 
[fastlio_mapping-2] [ mapping ]: time: IMU + Map + Input Downsample: 0.023442 ave match: 0.083033 ave solve: 0.002269  ave ICP: 0.104666  map incre: 0.002975 ave total: 0.111769 icp: 0.085417 construct H: 0.000632 
[fastlio_mapping-2] [ mapping ]: time: IMU + Map + Input Downsample: 0.018529 ave match: 0.083039 ave solve: 0.002267  ave ICP: 0.087761  map incre: 0.006731 ave total: 0.111772 icp: 0.085421 construct H: 0.000631 
[fastlio_mapping-2] [ mapping ]: time: IMU + Map + Input Downsample: 0.022127 ave match: 0.083053 ave solve: 0.002266  ave ICP: 0.091336  map incre: 0.002657 ave total: 0.111781 icp: 0.085433 construct H: 0.000631 
[fastlio_mapping-2] [ mapping ]: time: IMU + Map + Input Downsample: 0.020828 ave match: 0.083064 ave solve: 0.002264  ave ICP: 0.090331  map incre: 0.002772 ave total: 0.111786 icp: 0.085443 construct H: 0.000630 
[fastlio_mapping-2] [ mapping ]: time: IMU + Map + Input Downsample: 0.016608 ave match: 0.083065 ave solve: 0.002262  ave ICP: 0.085155  map incre: 0.002290 ave total: 0.111770 icp: 0.085442 construct H: 0.000630 
[fastlio_mapping-2] [ mapping ]: time: IMU + Map + Input Downsample: 0.023926 ave match: 0.083063 ave solve: 0.002260  ave ICP: 0.083913  map incre: 0.001958 ave total: 0.111765 icp: 0.085438 construct H: 0.000629 
[fastlio_mapping-2] [ mapping ]: time: IMU + Map + Input Downsample: 0.024271 ave match: 0.083075 ave solve: 0.002259  ave ICP: 0.090581  map incre: 0.002125 ave total: 0.111776 icp: 0.085448 construct H: 0.000629 
[fastlio_mapping-2] [ mapping ]: time: IMU + Map + Input Downsample: 0.020721 ave match: 0.083080 ave solve: 0.002257  ave ICP: 0.087501  map incre: 0.003095 ave total: 0.111775 icp: 0.085452 construct H: 0.000628 
[fastlio_mapping-2] [ mapping ]: time: IMU + Map + Input Downsample: 0.015777 ave match: 0.083081 ave solve: 0.002256  ave ICP: 0.085429  map incre: 0.002311 ave total: 0.111758 icp: 0.085451 construct H: 0.000628 
[fastlio_mapping-2] [ mapping ]: time: IMU + Map + Input Downsample: 0.015271 ave match: 0.083085 ave solve: 0.002254  ave ICP: 0.087057  map incre: 0.002911 ave total: 0.111744 icp: 0.085454 construct H: 0.000627 
[fastlio_mapping-2] [ mapping ]: time: IMU + Map + Input Downsample: 0.014810 ave match: 0.083090 ave solve: 0.002253  ave ICP: 0.087206  map incre: 0.002421 ave total: 0.111729 icp: 0.085457 construct H: 0.000627 
[fastlio_mapping-2] [ mapping ]: time: IMU + Map + Input Downsample: 0.022051 ave match: 0.083121 ave solve: 0.002252  ave ICP: 0.100051  map incre: 0.002548 ave total: 0.111756 icp: 0.085487 construct H: 0.000626 
[fastlio_mapping-2] [ mapping ]: time: IMU + Map + Input Downsample: 0.015472 ave match: 0.083128 ave solve: 0.002250  ave ICP: 0.088470  map incre: 0.001901 ave total: 0.111744 icp: 0.085493 construct H: 0.000626 
[fastlio_mapping-2] [ mapping ]: time: IMU + Map + Input Downsample: 0.019682 ave match: 0.083140 ave solve: 0.002249  ave ICP: 0.090718  map incre: 0.002484 ave total: 0.111746 icp: 0.085503 construct H: 0.000625 
[fastlio_mapping-2] [ mapping ]: time: IMU + Map + Input Downsample: 0.022675 ave match: 0.083139 ave solve: 0.002247  ave ICP: 0.084529  map incre: 0.001912 ave total: 0.111741 icp: 0.085500 construct H: 0.000625 
[fastlio_mapping-2] [ mapping ]: time: IMU + Map + Input Downsample: 0.026717 ave match: 0.083161 ave solve: 0.002246  ave ICP: 0.096062  map incre: 0.002024 ave total: 0.111768 icp: 0.085521 construct H: 0.000624 
[fastlio_mapping-2] [ mapping ]: time: IMU + Map + Input Downsample: 0.021526 ave match: 0.083167 ave solve: 0.002245  ave ICP: 0.088029  map incre: 0.001766 ave total: 0.111767 icp: 0.085526 construct H: 0.000624 
[fastlio_mapping-2] [ mapping ]: time: IMU + Map + Input Downsample: 0.024410 ave match: 0.083176 ave solve: 0.002243  ave ICP: 0.089107  map incre: 0.002274 ave total: 0.111775 icp: 0.085533 construct H: 0.000623 
[fastlio_mapping-2] [ mapping ]: time: IMU + Map + Input Downsample: 0.020185 ave match: 0.083189 ave solve: 0.002242  ave ICP: 0.091824  map incre: 0.002013 ave total: 0.111780 icp: 0.085545 construct H: 0.000623 
[fastlio_mapping-2] [ mapping ]: time: IMU + Map + Input Downsample: 0.019773 ave match: 0.083196 ave solve: 0.002240  ave ICP: 0.088449  map incre: 0.002762 ave total: 0.111778 icp: 0.085550 construct H: 0.000623 
[fastlio_mapping-2] [ mapping ]: time: IMU + Map + Input Downsample: 0.017472 ave match: 0.083206 ave solve: 0.002239  ave ICP: 0.090132  map incre: 0.002797 ave total: 0.111775 icp: 0.085559 construct H: 0.000622 
[fastlio_mapping-2] [ mapping ]: time: IMU + Map + Input Downsample: 0.014108 ave match: 0.083212 ave solve: 0.002238  ave ICP: 0.087817  map incre: 0.002434 ave total: 0.111760 icp: 0.085563 construct H: 0.000622 
[fastlio_mapping-2] [ mapping ]: time: IMU + Map + Input Downsample: 0.026706 ave match: 0.083250 ave solve: 0.002237  ave ICP: 0.103929  map incre: 0.002418 ave total: 0.111804 icp: 0.085600 construct H: 0.000621 
[fastlio_mapping-2] [ mapping ]: time: IMU + Map + Input Downsample: 0.025695 ave match: 0.083276 ave solve: 0.002235  ave ICP: 0.098347  map incre: 0.001889 ave total: 0.111832 icp: 0.085625 construct H: 0.000621 
[fastlio_mapping-2] [ mapping ]: time: IMU + Map + Input Downsample: 0.023833 ave match: 0.083290 ave solve: 0.002234  ave ICP: 0.092100  map incre: 0.002246 ave total: 0.111845 icp: 0.085638 construct H: 0.000620 
[fastlio_mapping-2] [ mapping ]: time: IMU + Map + Input Downsample: 0.024105 ave match: 0.083312 ave solve: 0.002233  ave ICP: 0.095802  map incre: 0.002028 ave total: 0.111866 icp: 0.085658 construct H: 0.000620 
[fastlio_mapping-2] [ mapping ]: time: IMU + Map + Input Downsample: 0.023826 ave match: 0.083327 ave solve: 0.002231  ave ICP: 0.092712  map incre: 0.001887 ave total: 0.111879 icp: 0.085671 construct H: 0.000620 
[fastlio_mapping-2] [ mapping ]: time: IMU + Map + Input Downsample: 0.021147 ave match: 0.083342 ave solve: 0.002230  ave ICP: 0.092933  map incre: 0.002092 ave total: 0.111888 icp: 0.085685 construct H: 0.000619 
[fastlio_mapping-2] [ mapping ]: time: IMU + Map + Input Downsample: 0.021577 ave match: 0.083356 ave solve: 0.002229  ave ICP: 0.092163  map incre: 0.001874 ave total: 0.111895 icp: 0.085698 construct H: 0.000619 
[fastlio_mapping-2] [ mapping ]: time: IMU + Map + Input Downsample: 0.014019 ave match: 0.083355 ave solve: 0.002228  ave ICP: 0.085076  map incre: 0.002122 ave total: 0.111874 icp: 0.085696 construct H: 0.000618 
[fastlio_mapping-2] [ mapping ]: time: IMU + Map + Input Downsample: 0.021352 ave match: 0.083362 ave solve: 0.002226  ave ICP: 0.088782  map incre: 0.001961 ave total: 0.111874 icp: 0.085702 construct H: 0.000618 
[fastlio_mapping-2] [ mapping ]: time: IMU + Map + Input Downsample: 0.020913 ave match: 0.083375 ave solve: 0.002225  ave ICP: 0.091576  map incre: 0.002461 ave total: 0.111880 icp: 0.085713 construct H: 0.000618 
[fastlio_mapping-2] [ mapping ]: time: IMU + Map + Input Downsample: 0.024118 ave match: 0.083395 ave solve: 0.002224  ave ICP: 0.095444  map incre: 0.002195 ave total: 0.111900 icp: 0.085732 construct H: 0.000617 
[fastlio_mapping-2] [ mapping ]: time: IMU + Map + Input Downsample: 0.021558 ave match: 0.083415 ave solve: 0.002223  ave ICP: 0.095436  map incre: 0.002063 ave total: 0.111914 icp: 0.085750 construct H: 0.000617 
[fastlio_mapping-2] [ mapping ]: time: IMU + Map + Input Downsample: 0.017469 ave match: 0.083432 ave solve: 0.002221  ave ICP: 0.094026  map incre: 0.002270 ave total: 0.111918 icp: 0.085766 construct H: 0.000616 
[fastlio_mapping-2] [ mapping ]: time: IMU + Map + Input Downsample: 0.014159 ave match: 0.083434 ave solve: 0.002220  ave ICP: 0.086204  map incre: 0.001986 ave total: 0.111899 icp: 0.085766 construct H: 0.000616 
[fastlio_mapping-2] [ mapping ]: time: IMU + Map + Input Downsample: 0.021642 ave match: 0.083451 ave solve: 0.002219  ave ICP: 0.094232  map incre: 0.002077 ave total: 0.111911 icp: 0.085783 construct H: 0.000616 
[fastlio_mapping-2] [ mapping ]: time: IMU + Map + Input Downsample: 0.021770 ave match: 0.083466 ave solve: 0.002218  ave ICP: 0.093028  map incre: 0.001926 ave total: 0.111921 icp: 0.085796 construct H: 0.000615 
[fastlio_mapping-2] [ mapping ]: time: IMU + Map + Input Downsample: 0.019262 ave match: 0.083484 ave solve: 0.002217  ave ICP: 0.094513  map incre: 0.001976 ave total: 0.111928 icp: 0.085813 construct H: 0.000615 
[fastlio_mapping-2] [ mapping ]: time: IMU + Map + Input Downsample: 0.020174 ave match: 0.083504 ave solve: 0.002215  ave ICP: 0.095711  map incre: 0.002270 ave total: 0.111940 icp: 0.085832 construct H: 0.000615 
[fastlio_mapping-2] [ mapping ]: time: IMU + Map + Input Downsample: 0.013984 ave match: 0.083509 ave solve: 0.002214  ave ICP: 0.088088  map incre: 0.002022 ave total: 0.111925 icp: 0.085836 construct H: 0.000614 
[fastlio_mapping-2] [ mapping ]: time: IMU + Map + Input Downsample: 0.024297 ave match: 0.083523 ave solve: 0.002213  ave ICP: 0.092487  map incre: 0.001881 ave total: 0.111938 icp: 0.085848 construct H: 0.000614 
[fastlio_mapping-2] [ mapping ]: time: IMU + Map + Input Downsample: 0.021792 ave match: 0.083546 ave solve: 0.002212  ave ICP: 0.097842  map incre: 0.003180 ave total: 0.111959 icp: 0.085871 construct H: 0.000614 
[fastlio_mapping-2] [ mapping ]: time: IMU + Map + Input Downsample: 0.022219 ave match: 0.083568 ave solve: 0.002211  ave ICP: 0.096783  map incre: 0.004485 ave total: 0.111982 icp: 0.085892 construct H: 0.000613 
[fastlio_mapping-2] [ mapping ]: time: IMU + Map + Input Downsample: 0.016900 ave match: 0.083595 ave solve: 0.002210  ave ICP: 0.102676  map incre: 0.002264 ave total: 0.112001 icp: 0.085917 construct H: 0.000613 
[fastlio_mapping-2] [ mapping ]: time: IMU + Map + Input Downsample: 0.013587 ave match: 0.083593 ave solve: 0.002209  ave ICP: 0.084487  map incre: 0.001791 ave total: 0.111978 icp: 0.085914 construct H: 0.000613 
[fastlio_mapping-2] [ mapping ]: time: IMU + Map + Input Downsample: 0.021439 ave match: 0.083594 ave solve: 0.002208  ave ICP: 0.086093  map incre: 0.001751 ave total: 0.111972 icp: 0.085913 construct H: 0.000612 
[fastlio_mapping-2] [ mapping ]: time: IMU + Map + Input Downsample: 0.020148 ave match: 0.083598 ave solve: 0.002207  ave ICP: 0.087969  map incre: 0.001455 ave total: 0.111968 icp: 0.085917 construct H: 0.000612 
[fastlio_mapping-2] [ mapping ]: time: IMU + Map + Input Downsample: 0.022165 ave match: 0.083595 ave solve: 0.002205  ave ICP: 0.084039  map incre: 0.001229 ave total: 0.111959 icp: 0.085912 construct H: 0.000611 
[fastlio_mapping-2] [ mapping ]: time: IMU + Map + Input Downsample: 0.014936 ave match: 0.083600 ave solve: 0.002204  ave ICP: 0.088248  map incre: 0.001374 ave total: 0.111945 icp: 0.085916 construct H: 0.000611 
=== playback finished: 2026-10-04T15:42:26+08:00 ===
playback_wall_seconds: 146
=== saving map through /map_save ===
waiting for service to become available...
[fastlio_mapping-2] [ mapping ]: time: IMU + Map + Input Downsample: 0.021615 ave match: 0.083592 ave solve: 0.002203  ave ICP: 0.081090  map incre: 0.001171 ave total: 0.111929 icp: 0.085907 construct H: 0.000611 
[fastlio_mapping-2] [ mapping ]: time: IMU + Map + Input Downsample: 0.020734 ave match: 0.083596 ave solve: 0.002201  ave ICP: 0.087837  map incre: 0.001336 ave total: 0.111925 icp: 0.085910 construct H: 0.000610 
[fastlio_mapping-2] [ mapping ]: time: IMU + Map + Input Downsample: 0.026790 ave match: 0.083614 ave solve: 0.002200  ave ICP: 0.094781  map incre: 0.001380 ave total: 0.111946 icp: 0.085926 construct H: 0.000610 
[fastlio_mapping-2] [ mapping ]: time: IMU + Map + Input Downsample: 0.020128 ave match: 0.083616 ave solve: 0.002199  ave ICP: 0.086403  map incre: 0.001193 ave total: 0.111938 icp: 0.085926 construct H: 0.000609 
[fastlio_mapping-2] [ mapping ]: time: IMU + Map + Input Downsample: 0.016574 ave match: 0.083618 ave solve: 0.002198  ave ICP: 0.086853  map incre: 0.001250 ave total: 0.111924 icp: 0.085928 construct H: 0.000609 
[fastlio_mapping-2] [ mapping ]: time: IMU + Map + Input Downsample: 0.020956 ave match: 0.083615 ave solve: 0.002196  ave ICP: 0.083851  map incre: 0.001181 ave total: 0.111913 icp: 0.085923 construct H: 0.000609 
[fastlio_mapping-2] [ mapping ]: time: IMU + Map + Input Downsample: 0.024632 ave match: 0.083619 ave solve: 0.002195  ave ICP: 0.087693  map incre: 0.001089 ave total: 0.111916 icp: 0.085926 construct H: 0.000608 
[fastlio_mapping-2] [ mapping ]: time: IMU + Map + Input Downsample: 0.022378 ave match: 0.083623 ave solve: 0.002194  ave ICP: 0.087563  map incre: 0.001365 ave total: 0.111915 icp: 0.085928 construct H: 0.000608 
[fastlio_mapping-2] [ mapping ]: time: IMU + Map + Input Downsample: 0.020412 ave match: 0.083635 ave solve: 0.002193  ave ICP: 0.091689  map incre: 0.001304 ave total: 0.111918 icp: 0.085939 construct H: 0.000607 
[fastlio_mapping-2] [ mapping ]: time: IMU + Map + Input Downsample: 0.020114 ave match: 0.083645 ave solve: 0.002191  ave ICP: 0.090935  map incre: 0.001249 ave total: 0.111918 icp: 0.085947 construct H: 0.000607 
[fastlio_mapping-2] [ mapping ]: time: IMU + Map + Input Downsample: 0.013608 ave match: 0.083635 ave solve: 0.002190  ave ICP: 0.080617  map incre: 0.001253 ave total: 0.111887 icp: 0.085937 construct H: 0.000607 
[fastlio_mapping-2] [ mapping ]: time: IMU + Map + Input Downsample: 0.023044 ave match: 0.083647 ave solve: 0.002189  ave ICP: 0.091519  map incre: 0.001260 ave total: 0.111895 icp: 0.085947 construct H: 0.000606 
[fastlio_mapping-2] [ mapping ]: time: IMU + Map + Input Downsample: 0.020459 ave match: 0.083661 ave solve: 0.002188  ave ICP: 0.093196  map incre: 0.001265 ave total: 0.111900 icp: 0.085960 construct H: 0.000606 
[fastlio_mapping-2] [ mapping ]: time: IMU + Map + Input Downsample: 0.027376 ave match: 0.083684 ave solve: 0.002187  ave ICP: 0.097958  map incre: 0.001409 ave total: 0.111928 icp: 0.085982 construct H: 0.000605 
[fastlio_mapping-2] [ mapping ]: time: IMU + Map + Input Downsample: 0.013808 ave match: 0.083686 ave solve: 0.002185  ave ICP: 0.086887  map incre: 0.002024 ave total: 0.111911 icp: 0.085983 construct H: 0.000605 
[fastlio_mapping-2] [ mapping ]: time: IMU + Map + Input Downsample: 0.014665 ave match: 0.083685 ave solve: 0.002184  ave ICP: 0.084678  map incre: 0.001159 ave total: 0.111889 icp: 0.085980 construct H: 0.000605 
[fastlio_mapping-2] [ mapping ]: time: IMU + Map + Input Downsample: 0.022896 ave match: 0.083699 ave solve: 0.002183  ave ICP: 0.093551  map incre: 0.001241 ave total: 0.111900 icp: 0.085993 construct H: 0.000604 
[fastlio_mapping-2] [ mapping ]: time: IMU + Map + Input Downsample: 0.025547 ave match: 0.083714 ave solve: 0.002182  ave ICP: 0.093459  map incre: 0.001284 ave total: 0.111916 icp: 0.086007 construct H: 0.000604 
[fastlio_mapping-2] [ mapping ]: time: IMU + Map + Input Downsample: 0.024263 ave match: 0.083727 ave solve: 0.002181  ave ICP: 0.092965  map incre: 0.001153 ave total: 0.111928 icp: 0.086019 construct H: 0.000604 
requester: making request: std_srvs.srv.Trigger_Request()

[fastlio_mapping-2] [INFO] [1791099748.934755952] [laser_mapping]: Saving map to /home/nvidia/drone/stage1_m2dgr_experiments/results/Parking_02/fastlio_default/map.pcd...
response:
std_srvs.srv.Trigger_Response(success=True, message='Map saved.')

map_save_return_code: 0
map_file_after_service:
-rw-r--r-- 1 nvidia nvidia 167M Oct  4 15:42 /home/nvidia/drone/stage1_m2dgr_experiments/results/Parking_02/fastlio_default/map.pcd
=== stopping FAST-LIO2 pid 11075 ===
=== FAST-LIO2 official run with map save end: 2026-10-04T15:42:51+08:00 ===
=== generated Log files ===
dbg.txt 0 bytes
imu.txt 0 bytes
mat_out.txt 143663 bytes
mat_pre.txt 140327 bytes
pos_log.txt 126619 bytes
=== generated PCD files ===
