[INFO] [launch]: All log files can be found below /home/nvidia/.ros/log/2026-10-06-12-32-56-997436-nvidia-desktop-9480
[INFO] [launch]: Default logging verbosity is set to INFO
[INFO] [imu_si_publisher-1]: process started with pid [9485]
[INFO] [fastlio_mapping-2]: process started with pid [9487]
[INFO] [rviz2-3]: process started with pid [9489]
[imu_si_publisher-1] [INFO] [1791261177.166907630] [imu_si_publisher]: IMU SI bridge started: /livox/imu -> /livox/imu_si, acc_scale=9.80665
[fastlio_mapping-2] [INFO] [1791261177.288300632] [laser_mapping]: p_pre->lidar_type 0
[fastlio_mapping-2] Multi thread started 
[fastlio_mapping-2] ~~~~/home/nvidia/ros2_ws/src/fast_lio2/ file opened
[fastlio_mapping-2] [INFO] [1791261177.300652465] [laser_mapping]: Node init finished.
[rviz2-3] [INFO] [1791261178.358714049] [rviz2]: Stereo is NOT SUPPORTED
[rviz2-3] [INFO] [1791261178.358982027] [rviz2]: OpenGl version: 4.6 (GLSL 4.6)
[rviz2-3] [INFO] [1791261178.409875721] [rviz2]: Stereo is NOT SUPPORTED
[fastlio_mapping-2] IMU Initial Done
[fastlio_mapping-2] [WARN] [1791261233.025021528] [laser_mapping]: No point, skip this scan!
[fastlio_mapping-2] 
[fastlio_mapping-2] [INFO] [1791261233.230003340] [laser_mapping]: Initialize the map kdtree
[fastlio_mapping-2] [ mapping ]: time: IMU + Map + Input Downsample: 0.019046 ave match: 0.055320 ave solve: 0.002783  ave ICP: 0.059115  map incre: 0.010060 ave total: 0.088221 icp: 0.058244 construct H: 0.000806 
[fastlio_mapping-2] [ mapping ]: time: IMU + Map + Input Downsample: 0.019322 ave match: 0.068974 ave solve: 0.003499  ave ICP: 0.087442  map incre: 0.012185 ave total: 0.103585 icp: 0.072642 construct H: 0.001010 
[fastlio_mapping-2] [ mapping ]: time: IMU + Map + Input Downsample: 0.015067 ave match: 0.065439 ave solve: 0.003493  ave ICP: 0.062410  map incre: 0.006565 ave total: 0.097071 icp: 0.069109 construct H: 0.001012 
[fastlio_mapping-2] [ mapping ]: time: IMU + Map + Input Downsample: 0.014597 ave match: 0.063904 ave solve: 0.003492  ave ICP: 0.063346  map incre: 0.006183 ave total: 0.093835 icp: 0.067573 construct H: 0.001009 
[fastlio_mapping-2] [ mapping ]: time: IMU + Map + Input Downsample: 0.014465 ave match: 0.063093 ave solve: 0.003478  ave ICP: 0.063765  map incre: 0.005653 ave total: 0.091844 icp: 0.066748 construct H: 0.001005 
[fastlio_mapping-2] [ mapping ]: time: IMU + Map + Input Downsample: 0.017842 ave match: 0.064946 ave solve: 0.003579  ave ICP: 0.079081  map incre: 0.006953 ave total: 0.093850 icp: 0.068701 construct H: 0.001033 
[fastlio_mapping-2] [ mapping ]: time: IMU + Map + Input Downsample: 0.015052 ave match: 0.063688 ave solve: 0.003434  ave ICP: 0.059182  map incre: 0.004230 ave total: 0.091652 icp: 0.067290 construct H: 0.000992 
[fastlio_mapping-2] [ mapping ]: time: IMU + Map + Input Downsample: 0.013932 ave match: 0.063245 ave solve: 0.003441  ave ICP: 0.064161  map incre: 0.003584 ave total: 0.090405 icp: 0.066854 construct H: 0.000995 
[fastlio_mapping-2] [ mapping ]: time: IMU + Map + Input Downsample: 0.014354 ave match: 0.062988 ave solve: 0.003443  ave ICP: 0.064893  map incre: 0.003773 ave total: 0.089584 icp: 0.066600 construct H: 0.000998 
[fastlio_mapping-2] [ mapping ]: time: IMU + Map + Input Downsample: 0.014801 ave match: 0.062410 ave solve: 0.003359  ave ICP: 0.060293  map incre: 0.003238 ave total: 0.088459 icp: 0.065934 construct H: 0.000975 
[fastlio_mapping-2] [ mapping ]: time: IMU + Map + Input Downsample: 0.014239 ave match: 0.062001 ave solve: 0.003298  ave ICP: 0.061068  map incre: 0.003356 ave total: 0.087568 icp: 0.065462 construct H: 0.000958 
[fastlio_mapping-2] [ mapping ]: time: IMU + Map + Input Downsample: 0.014090 ave match: 0.061858 ave solve: 0.003322  ave ICP: 0.064430  map incre: 0.003122 ave total: 0.087075 icp: 0.065345 construct H: 0.000964 
[fastlio_mapping-2] [ mapping ]: time: IMU + Map + Input Downsample: 0.015630 ave match: 0.062219 ave solve: 0.003337  ave ICP: 0.070588  map incre: 0.003314 ave total: 0.087264 icp: 0.065724 construct H: 0.000969 
[fastlio_mapping-2] [ mapping ]: time: IMU + Map + Input Downsample: 0.019195 ave match: 0.063085 ave solve: 0.003387  ave ICP: 0.079092  map incre: 0.005400 ave total: 0.088437 icp: 0.066645 construct H: 0.000989 
[fastlio_mapping-2] [ mapping ]: time: IMU + Map + Input Downsample: 0.014294 ave match: 0.062780 ave solve: 0.003337  ave ICP: 0.061654  map incre: 0.002738 ave total: 0.087787 icp: 0.066288 construct H: 0.000974 
[fastlio_mapping-2] [ mapping ]: time: IMU + Map + Input Downsample: 0.014539 ave match: 0.062472 ave solve: 0.003292  ave ICP: 0.061002  map incre: 0.003002 ave total: 0.087209 icp: 0.065932 construct H: 0.000961 
[fastlio_mapping-2] [ mapping ]: time: IMU + Map + Input Downsample: 0.014230 ave match: 0.062259 ave solve: 0.003256  ave ICP: 0.061972  map incre: 0.002365 ave total: 0.086701 icp: 0.065680 construct H: 0.000950 
[fastlio_mapping-2] [ mapping ]: time: IMU + Map + Input Downsample: 0.014079 ave match: 0.062038 ave solve: 0.003219  ave ICP: 0.061340  map incre: 0.002357 ave total: 0.086205 icp: 0.065421 construct H: 0.000939 
[fastlio_mapping-2] [ mapping ]: time: IMU + Map + Input Downsample: 0.014501 ave match: 0.062056 ave solve: 0.003230  ave ICP: 0.066320  map incre: 0.002413 ave total: 0.086049 icp: 0.065450 construct H: 0.000943 
[fastlio_mapping-2] [ mapping ]: time: IMU + Map + Input Downsample: 0.017298 ave match: 0.062607 ave solve: 0.003265  ave ICP: 0.077608  map incre: 0.002985 ave total: 0.086641 icp: 0.066037 construct H: 0.000954 
[fastlio_mapping-2] [ mapping ]: time: IMU + Map + Input Downsample: 0.013743 ave match: 0.062379 ave solve: 0.003235  ave ICP: 0.060982  map incre: 0.002342 ave total: 0.086185 icp: 0.065777 construct H: 0.000946 
[fastlio_mapping-2] [ mapping ]: time: IMU + Map + Input Downsample: 0.018643 ave match: 0.062430 ave solve: 0.003256  ave ICP: 0.067653  map incre: 0.002542 ave total: 0.086305 icp: 0.065849 construct H: 0.000949 
[fastlio_mapping-2] [ mapping ]: time: IMU + Map + Input Downsample: 0.015311 ave match: 0.062407 ave solve: 0.003230  ave ICP: 0.065001  map incre: 0.002338 ave total: 0.086146 icp: 0.065798 construct H: 0.000942 
[fastlio_mapping-2] [ mapping ]: time: IMU + Map + Input Downsample: 0.014009 ave match: 0.062441 ave solve: 0.003240  ave ICP: 0.067187  map incre: 0.002149 ave total: 0.086030 icp: 0.065842 construct H: 0.000946 
[fastlio_mapping-2] [ mapping ]: time: IMU + Map + Input Downsample: 0.020921 ave match: 0.062671 ave solve: 0.003248  ave ICP: 0.072144  map incre: 0.001946 ave total: 0.086389 icp: 0.066080 construct H: 0.000949 
[fastlio_mapping-2] [ mapping ]: time: IMU + Map + Input Downsample: 0.014187 ave match: 0.062628 ave solve: 0.003256  ave ICP: 0.065537  map incre: 0.002420 ave total: 0.086226 icp: 0.066046 construct H: 0.000952 
[fastlio_mapping-2] [ mapping ]: time: IMU + Map + Input Downsample: 0.015447 ave match: 0.062466 ave solve: 0.003250  ave ICP: 0.061975  map incre: 0.001743 ave total: 0.085964 icp: 0.065877 construct H: 0.000946 
[fastlio_mapping-2] [ mapping ]: time: IMU + Map + Input Downsample: 0.015338 ave match: 0.062436 ave solve: 0.003228  ave ICP: 0.064728  map incre: 0.001780 ave total: 0.085817 icp: 0.065824 construct H: 0.000940 
[fastlio_mapping-2] [ mapping ]: time: IMU + Map + Input Downsample: 0.013921 ave match: 0.062375 ave solve: 0.003234  ave ICP: 0.064561  map incre: 0.001904 ave total: 0.085630 icp: 0.065769 construct H: 0.000942 
[fastlio_mapping-2] [ mapping ]: time: IMU + Map + Input Downsample: 0.015959 ave match: 0.062444 ave solve: 0.003247  ave ICP: 0.068844  map incre: 0.001979 ave total: 0.085668 icp: 0.065852 construct H: 0.000946 
[fastlio_mapping-2] [ mapping ]: time: IMU + Map + Input Downsample: 0.015116 ave match: 0.062276 ave solve: 0.003226  ave ICP: 0.060261  map incre: 0.002105 ave total: 0.085404 icp: 0.065661 construct H: 0.000940 
[fastlio_mapping-2] [ mapping ]: time: IMU + Map + Input Downsample: 0.019761 ave match: 0.062199 ave solve: 0.003303  ave ICP: 0.066019  map incre: 0.002335 ave total: 0.085489 icp: 0.065662 construct H: 0.000935 
[fastlio_mapping-2] [ mapping ]: time: IMU + Map + Input Downsample: 0.013797 ave match: 0.062190 ave solve: 0.003310  ave ICP: 0.066312  map incre: 0.002515 ave total: 0.085402 icp: 0.065660 construct H: 0.000938 
[fastlio_mapping-2] [ mapping ]: time: IMU + Map + Input Downsample: 0.013742 ave match: 0.062230 ave solve: 0.003320  ave ICP: 0.067766  map incre: 0.001860 ave total: 0.085342 icp: 0.065711 construct H: 0.000945 
[fastlio_mapping-2] [ mapping ]: time: IMU + Map + Input Downsample: 0.015204 ave match: 0.062114 ave solve: 0.003304  ave ICP: 0.061470  map incre: 0.001712 ave total: 0.085144 icp: 0.065578 construct H: 0.000940 
[fastlio_mapping-2] [ mapping ]: time: IMU + Map + Input Downsample: 0.016740 ave match: 0.062167 ave solve: 0.003287  ave ICP: 0.067206  map incre: 0.002874 ave total: 0.085190 icp: 0.065613 construct H: 0.000936 
[fastlio_mapping-2] [ mapping ]: time: IMU + Map + Input Downsample: 0.014097 ave match: 0.062106 ave solve: 0.003294  ave ICP: 0.063951  map incre: 0.001790 ave total: 0.085045 icp: 0.065559 construct H: 0.000938 
[fastlio_mapping-2] [ mapping ]: time: IMU + Map + Input Downsample: 0.014233 ave match: 0.062066 ave solve: 0.003299  ave ICP: 0.064622  map incre: 0.002288 ave total: 0.084943 icp: 0.065525 construct H: 0.000941 
[fastlio_mapping-2] [ mapping ]: time: IMU + Map + Input Downsample: 0.014257 ave match: 0.061989 ave solve: 0.003304  ave ICP: 0.063085  map incre: 0.001933 ave total: 0.084797 icp: 0.065453 construct H: 0.000943 
[fastlio_mapping-2] [ mapping ]: time: IMU + Map + Input Downsample: 0.014005 ave match: 0.061859 ave solve: 0.003289  ave ICP: 0.060161  map incre: 0.001810 ave total: 0.084577 icp: 0.065307 construct H: 0.000939 
[fastlio_mapping-2] [ mapping ]: time: IMU + Map + Input Downsample: 0.013744 ave match: 0.061782 ave solve: 0.003278  ave ICP: 0.062188  map incre: 0.001565 ave total: 0.084404 icp: 0.065218 construct H: 0.000934 
[fastlio_mapping-2] [ mapping ]: time: IMU + Map + Input Downsample: 0.017949 ave match: 0.061857 ave solve: 0.003267  ave ICP: 0.068377  map incre: 0.001754 ave total: 0.084492 icp: 0.065282 construct H: 0.000932 
[fastlio_mapping-2] [ mapping ]: time: IMU + Map + Input Downsample: 0.013792 ave match: 0.061845 ave solve: 0.003253  ave ICP: 0.064949  map incre: 0.002074 ave total: 0.084406 icp: 0.065262 construct H: 0.000929 
[fastlio_mapping-2] [ mapping ]: time: IMU + Map + Input Downsample: 0.014531 ave match: 0.061803 ave solve: 0.003260  ave ICP: 0.064058  map incre: 0.001972 ave total: 0.084319 icp: 0.065227 construct H: 0.000932 
[fastlio_mapping-2] [ mapping ]: time: IMU + Map + Input Downsample: 0.014150 ave match: 0.061813 ave solve: 0.003280  ave ICP: 0.066978  map incre: 0.002718 ave total: 0.084308 icp: 0.065257 construct H: 0.000939 
[fastlio_mapping-2] [ mapping ]: time: IMU + Map + Input Downsample: 0.013792 ave match: 0.061761 ave solve: 0.003265  ave ICP: 0.062807  map incre: 0.001713 ave total: 0.084178 icp: 0.065191 construct H: 0.000935 
[fastlio_mapping-2] [ mapping ]: time: IMU + Map + Input Downsample: 0.013760 ave match: 0.061725 ave solve: 0.003256  ave ICP: 0.063458  map incre: 0.002024 ave total: 0.084073 icp: 0.065146 construct H: 0.000932 
[fastlio_mapping-2] [ mapping ]: time: IMU + Map + Input Downsample: 0.015454 ave match: 0.061649 ave solve: 0.003245  ave ICP: 0.061701  map incre: 0.001677 ave total: 0.083964 icp: 0.065058 construct H: 0.000929 
[fastlio_mapping-2] [ mapping ]: time: IMU + Map + Input Downsample: 0.015366 ave match: 0.061666 ave solve: 0.003249  ave ICP: 0.066394  map incre: 0.001981 ave total: 0.083959 icp: 0.065079 construct H: 0.000931 
[fastlio_mapping-2] [ mapping ]: time: IMU + Map + Input Downsample: 0.014770 ave match: 0.061558 ave solve: 0.003238  ave ICP: 0.059482  map incre: 0.002164 ave total: 0.083808 icp: 0.064959 construct H: 0.000929 
[fastlio_mapping-2] [ mapping ]: time: IMU + Map + Input Downsample: 0.014677 ave match: 0.061534 ave solve: 0.003228  ave ICP: 0.063663  map incre: 0.001912 ave total: 0.083739 icp: 0.064925 construct H: 0.000926 
[fastlio_mapping-2] [ mapping ]: time: IMU + Map + Input Downsample: 0.014285 ave match: 0.061521 ave solve: 0.003235  ave ICP: 0.065132  map incre: 0.002105 ave total: 0.083696 icp: 0.064920 construct H: 0.000928 
[fastlio_mapping-2] [ mapping ]: time: IMU + Map + Input Downsample: 0.014895 ave match: 0.061416 ave solve: 0.003224  ave ICP: 0.059091  map incre: 0.001844 ave total: 0.083548 icp: 0.064803 construct H: 0.000925 
[fastlio_mapping-2] [ mapping ]: time: IMU + Map + Input Downsample: 0.013575 ave match: 0.061305 ave solve: 0.003212  ave ICP: 0.058503  map incre: 0.001596 ave total: 0.083365 icp: 0.064680 construct H: 0.000922 
[fastlio_mapping-2] [ mapping ]: time: IMU + Map + Input Downsample: 0.016232 ave match: 0.061312 ave solve: 0.003219  ave ICP: 0.065863  map incre: 0.001788 ave total: 0.083374 icp: 0.064695 construct H: 0.000924 
[fastlio_mapping-2] [ mapping ]: time: IMU + Map + Input Downsample: 0.016480 ave match: 0.061322 ave solve: 0.003222  ave ICP: 0.065761  map incre: 0.001946 ave total: 0.083389 icp: 0.064707 construct H: 0.000925 
[fastlio_mapping-2] [ mapping ]: time: IMU + Map + Input Downsample: 0.013745 ave match: 0.061330 ave solve: 0.003224  ave ICP: 0.066030  map incre: 0.002472 ave total: 0.083369 icp: 0.064719 construct H: 0.000926 
[fastlio_mapping-2] [ mapping ]: time: IMU + Map + Input Downsample: 0.013673 ave match: 0.061287 ave solve: 0.003227  ave ICP: 0.062864  map incre: 0.001970 ave total: 0.083285 icp: 0.064678 construct H: 0.000928 
[fastlio_mapping-2] [ mapping ]: time: IMU + Map + Input Downsample: 0.014336 ave match: 0.061326 ave solve: 0.003214  ave ICP: 0.066557  map incre: 0.001786 ave total: 0.083275 icp: 0.064704 construct H: 0.000925 
[fastlio_mapping-2] [ mapping ]: time: IMU + Map + Input Downsample: 0.013976 ave match: 0.061328 ave solve: 0.003220  ave ICP: 0.065611  map incre: 0.001913 ave total: 0.083245 icp: 0.064711 construct H: 0.000926 
[fastlio_mapping-2] [ mapping ]: time: IMU + Map + Input Downsample: 0.013407 ave match: 0.061293 ave solve: 0.003223  ave ICP: 0.063120  map incre: 0.001604 ave total: 0.083161 icp: 0.064680 construct H: 0.000927 
[fastlio_mapping-2] [ mapping ]: time: IMU + Map + Input Downsample: 0.018143 ave match: 0.061240 ave solve: 0.003211  ave ICP: 0.061230  map incre: 0.002073 ave total: 0.083133 icp: 0.064615 construct H: 0.000924 
[fastlio_mapping-2] [ mapping ]: time: IMU + Map + Input Downsample: 0.014345 ave match: 0.061259 ave solve: 0.003221  ave ICP: 0.066853  map incre: 0.001747 ave total: 0.083130 icp: 0.064644 construct H: 0.000926 
[fastlio_mapping-2] [ mapping ]: time: IMU + Map + Input Downsample: 0.014619 ave match: 0.061272 ave solve: 0.003225  ave ICP: 0.066117  map incre: 0.001953 ave total: 0.083124 icp: 0.064662 construct H: 0.000927 
[fastlio_mapping-2] [ mapping ]: time: IMU + Map + Input Downsample: 0.014010 ave match: 0.061220 ave solve: 0.003227  ave ICP: 0.061750  map incre: 0.001930 ave total: 0.083040 icp: 0.064612 construct H: 0.000928 
[fastlio_mapping-2] [ mapping ]: time: IMU + Map + Input Downsample: 0.014139 ave match: 0.061218 ave solve: 0.003230  ave ICP: 0.065137  map incre: 0.002790 ave total: 0.083025 icp: 0.064613 construct H: 0.000929 
[fastlio_mapping-2] [ mapping ]: time: IMU + Map + Input Downsample: 0.013242 ave match: 0.061292 ave solve: 0.003229  ave ICP: 0.069822  map incre: 0.001529 ave total: 0.083049 icp: 0.064686 construct H: 0.000929 
[fastlio_mapping-2] [ mapping ]: time: IMU + Map + Input Downsample: 0.013161 ave match: 0.061412 ave solve: 0.003248  ave ICP: 0.074792  map incre: 0.002887 ave total: 0.083163 icp: 0.064827 construct H: 0.000933 
[fastlio_mapping-2] [ mapping ]: time: IMU + Map + Input Downsample: 0.012166 ave match: 0.061368 ave solve: 0.003250  ave ICP: 0.062360  map incre: 0.003940 ave total: 0.083095 icp: 0.064785 construct H: 0.000933 
[fastlio_mapping-2] [ mapping ]: time: IMU + Map + Input Downsample: 0.011629 ave match: 0.061395 ave solve: 0.003250  ave ICP: 0.066982  map incre: 0.009255 ave total: 0.083163 icp: 0.064812 construct H: 0.000933 
[fastlio_mapping-2] [ mapping ]: time: IMU + Map + Input Downsample: 0.011439 ave match: 0.061303 ave solve: 0.003251  ave ICP: 0.058662  map incre: 0.008586 ave total: 0.083100 icp: 0.064720 construct H: 0.000933 
[fastlio_mapping-2] [ mapping ]: time: IMU + Map + Input Downsample: 0.011812 ave match: 0.061270 ave solve: 0.003253  ave ICP: 0.063098  map incre: 0.008189 ave total: 0.083100 icp: 0.064691 construct H: 0.000934 
[fastlio_mapping-2] [ mapping ]: time: IMU + Map + Input Downsample: 0.012276 ave match: 0.061249 ave solve: 0.003256  ave ICP: 0.063742  map incre: 0.006230 ave total: 0.083089 icp: 0.064673 construct H: 0.000934 
[fastlio_mapping-2] [ mapping ]: time: IMU + Map + Input Downsample: 0.018837 ave match: 0.061473 ave solve: 0.003269  ave ICP: 0.082730  map incre: 0.007258 ave total: 0.083436 icp: 0.064910 construct H: 0.000940 
[fastlio_mapping-2] [ mapping ]: time: IMU + Map + Input Downsample: 0.011492 ave match: 0.061514 ave solve: 0.003283  ave ICP: 0.069348  map incre: 0.006536 ave total: 0.083489 icp: 0.064965 construct H: 0.000942 
[fastlio_mapping-2] [ mapping ]: time: IMU + Map + Input Downsample: 0.014977 ave match: 0.061525 ave solve: 0.003287  ave ICP: 0.066466  map incre: 0.008352 ave total: 0.083572 icp: 0.064980 construct H: 0.000943 
[fastlio_mapping-2] [ mapping ]: time: IMU + Map + Input Downsample: 0.013626 ave match: 0.061559 ave solve: 0.003291  ave ICP: 0.068308  map incre: 0.005992 ave total: 0.083628 icp: 0.065018 construct H: 0.000945 
[fastlio_mapping-2] [ mapping ]: time: IMU + Map + Input Downsample: 0.013420 ave match: 0.061599 ave solve: 0.003295  ave ICP: 0.068750  map incre: 0.006197 ave total: 0.083689 icp: 0.065062 construct H: 0.000946 
[fastlio_mapping-2] [ mapping ]: time: IMU + Map + Input Downsample: 0.014022 ave match: 0.061630 ave solve: 0.003298  ave ICP: 0.068148  map incre: 0.007578 ave total: 0.083766 icp: 0.065097 construct H: 0.000947 
[fastlio_mapping-2] [ mapping ]: time: IMU + Map + Input Downsample: 0.017041 ave match: 0.061848 ave solve: 0.003305  ave ICP: 0.083421  map incre: 0.009203 ave total: 0.084090 icp: 0.065322 construct H: 0.000949 
[fastlio_mapping-2] [ mapping ]: time: IMU + Map + Input Downsample: 0.017959 ave match: 0.062120 ave solve: 0.003309  ave ICP: 0.088045  map incre: 0.008111 ave total: 0.084460 icp: 0.065597 construct H: 0.000951 
[fastlio_mapping-2] [ mapping ]: time: IMU + Map + Input Downsample: 0.014986 ave match: 0.062167 ave solve: 0.003313  ave ICP: 0.070074  map incre: 0.005784 ave total: 0.084538 icp: 0.065648 construct H: 0.000952 
[fastlio_mapping-2] [ mapping ]: time: IMU + Map + Input Downsample: 0.014951 ave match: 0.062215 ave solve: 0.003316  ave ICP: 0.070322  map incre: 0.007823 ave total: 0.084641 icp: 0.065700 construct H: 0.000953 
[fastlio_mapping-2] [ mapping ]: time: IMU + Map + Input Downsample: 0.014245 ave match: 0.062275 ave solve: 0.003320  ave ICP: 0.071431  map incre: 0.006744 ave total: 0.084734 icp: 0.065764 construct H: 0.000954 
[fastlio_mapping-2] [ mapping ]: time: IMU + Map + Input Downsample: 0.013732 ave match: 0.062385 ave solve: 0.003328  ave ICP: 0.076184  map incre: 0.007126 ave total: 0.084879 icp: 0.065882 construct H: 0.000958 
[fastlio_mapping-2] [ mapping ]: time: IMU + Map + Input Downsample: 0.014247 ave match: 0.062563 ave solve: 0.003331  ave ICP: 0.081864  map incre: 0.007812 ave total: 0.085100 icp: 0.066064 construct H: 0.000960 
[fastlio_mapping-2] [ mapping ]: time: IMU + Map + Input Downsample: 0.015763 ave match: 0.062624 ave solve: 0.003333  ave ICP: 0.071875  map incre: 0.007736 ave total: 0.085218 icp: 0.066127 construct H: 0.000961 
[fastlio_mapping-2] [ mapping ]: time: IMU + Map + Input Downsample: 0.015792 ave match: 0.062690 ave solve: 0.003337  ave ICP: 0.072514  map incre: 0.005920 ave total: 0.085321 icp: 0.066196 construct H: 0.000962 
[fastlio_mapping-2] [ mapping ]: time: IMU + Map + Input Downsample: 0.016956 ave match: 0.062833 ave solve: 0.003343  ave ICP: 0.080024  map incre: 0.006734 ave total: 0.085527 icp: 0.066347 construct H: 0.000963 
[fastlio_mapping-2] [ mapping ]: time: IMU + Map + Input Downsample: 0.015483 ave match: 0.062950 ave solve: 0.003349  ave ICP: 0.077857  map incre: 0.006656 ave total: 0.085688 icp: 0.066470 construct H: 0.000965 
[fastlio_mapping-2] [ mapping ]: time: IMU + Map + Input Downsample: 0.014080 ave match: 0.063015 ave solve: 0.003351  ave ICP: 0.072923  map incre: 0.007809 ave total: 0.085788 icp: 0.066537 construct H: 0.000966 
[fastlio_mapping-2] [ mapping ]: time: IMU + Map + Input Downsample: 0.017503 ave match: 0.063229 ave solve: 0.003359  ave ICP: 0.087563  map incre: 0.009900 ave total: 0.086105 icp: 0.066759 construct H: 0.000968 
[fastlio_mapping-2] [ mapping ]: time: IMU + Map + Input Downsample: 0.014036 ave match: 0.063314 ave solve: 0.003361  ave ICP: 0.075382  map incre: 0.011205 ave total: 0.086261 icp: 0.066846 construct H: 0.000968 
[fastlio_mapping-2] [ mapping ]: time: IMU + Map + Input Downsample: 0.013796 ave match: 0.063366 ave solve: 0.003361  ave ICP: 0.072105  map incre: 0.008281 ave total: 0.086346 icp: 0.066899 construct H: 0.000969 
[fastlio_mapping-2] [ mapping ]: time: IMU + Map + Input Downsample: 0.014274 ave match: 0.063486 ave solve: 0.003363  ave ICP: 0.078789  map incre: 0.008931 ave total: 0.086510 icp: 0.067020 construct H: 0.000969 
[fastlio_mapping-2] [ mapping ]: time: IMU + Map + Input Downsample: 0.017699 ave match: 0.063673 ave solve: 0.003372  ave ICP: 0.086432  map incre: 0.010256 ave total: 0.086801 icp: 0.067217 construct H: 0.000970 
[fastlio_mapping-2] [ mapping ]: time: IMU + Map + Input Downsample: 0.013452 ave match: 0.063804 ave solve: 0.003373  ave ICP: 0.080463  map incre: 0.009177 ave total: 0.086969 icp: 0.067350 construct H: 0.000970 
[fastlio_mapping-2] [ mapping ]: time: IMU + Map + Input Downsample: 0.016174 ave match: 0.063898 ave solve: 0.003372  ave ICP: 0.076851  map incre: 0.011919 ave total: 0.087152 icp: 0.067442 construct H: 0.000970 
[fastlio_mapping-2] [ mapping ]: time: IMU + Map + Input Downsample: 0.020135 ave match: 0.064096 ave solve: 0.003370  ave ICP: 0.087244  map incre: 0.009925 ave total: 0.087457 icp: 0.067638 construct H: 0.000970 
[fastlio_mapping-2] [ mapping ]: time: IMU + Map + Input Downsample: 0.015055 ave match: 0.064179 ave solve: 0.003370  ave ICP: 0.076280  map incre: 0.008622 ave total: 0.087582 icp: 0.067721 construct H: 0.000969 
[fastlio_mapping-2] [ mapping ]: time: IMU + Map + Input Downsample: 0.014726 ave match: 0.064275 ave solve: 0.003369  ave ICP: 0.077744  map incre: 0.009314 ave total: 0.087722 icp: 0.067816 construct H: 0.000969 
[fastlio_mapping-2] [ mapping ]: time: IMU + Map + Input Downsample: 0.019408 ave match: 0.064441 ave solve: 0.003366  ave ICP: 0.084891  map incre: 0.010715 ave total: 0.087990 icp: 0.067979 construct H: 0.000968 
[fastlio_mapping-2] [ mapping ]: time: IMU + Map + Input Downsample: 0.016933 ave match: 0.064612 ave solve: 0.003366  ave ICP: 0.085962  map incre: 0.013004 ave total: 0.088261 icp: 0.068150 construct H: 0.000968 
[fastlio_mapping-2] [ mapping ]: time: IMU + Map + Input Downsample: 0.017559 ave match: 0.064730 ave solve: 0.003364  ave ICP: 0.080597  map incre: 0.007108 ave total: 0.088424 icp: 0.068266 construct H: 0.000968 
[fastlio_mapping-2] [ mapping ]: time: IMU + Map + Input Downsample: 0.014132 ave match: 0.064857 ave solve: 0.003364  ave ICP: 0.081918  map incre: 0.006914 ave total: 0.088563 icp: 0.068393 construct H: 0.000967 
[fastlio_mapping-2] [ mapping ]: time: IMU + Map + Input Downsample: 0.015196 ave match: 0.064990 ave solve: 0.003364  ave ICP: 0.083048  map incre: 0.005219 ave total: 0.088703 icp: 0.068527 construct H: 0.000968 
[fastlio_mapping-2] [ mapping ]: time: IMU + Map + Input Downsample: 0.016642 ave match: 0.065114 ave solve: 0.003363  ave ICP: 0.081929  map incre: 0.006790 ave total: 0.088859 icp: 0.068649 construct H: 0.000967 
[fastlio_mapping-2] [ mapping ]: time: IMU + Map + Input Downsample: 0.014336 ave match: 0.065207 ave solve: 0.003362  ave ICP: 0.078935  map incre: 0.005606 ave total: 0.088952 icp: 0.068740 construct H: 0.000967 
[fastlio_mapping-2] [ mapping ]: time: IMU + Map + Input Downsample: 0.020319 ave match: 0.065431 ave solve: 0.003362  ave ICP: 0.093792  map incre: 0.006932 ave total: 0.089246 icp: 0.068965 construct H: 0.000967 
[fastlio_mapping-2] [ mapping ]: time: IMU + Map + Input Downsample: 0.016704 ave match: 0.065698 ave solve: 0.003364  ave ICP: 0.098916  map incre: 0.005342 ave total: 0.089535 icp: 0.069234 construct H: 0.000967 
[fastlio_mapping-2] [ mapping ]: time: IMU + Map + Input Downsample: 0.029204 ave match: 0.065830 ave solve: 0.003362  ave ICP: 0.084216  map incre: 0.007252 ave total: 0.089815 icp: 0.069364 construct H: 0.000966 
[fastlio_mapping-2] [ mapping ]: time: IMU + Map + Input Downsample: 0.016619 ave match: 0.065977 ave solve: 0.003361  ave ICP: 0.086193  map incre: 0.005856 ave total: 0.089983 icp: 0.069511 construct H: 0.000966 
[fastlio_mapping-2] [ mapping ]: time: IMU + Map + Input Downsample: 0.013909 ave match: 0.066069 ave solve: 0.003359  ave ICP: 0.080096  map incre: 0.004860 ave total: 0.090062 icp: 0.069601 construct H: 0.000966 
[fastlio_mapping-2] [ mapping ]: time: IMU + Map + Input Downsample: 0.014560 ave match: 0.066148 ave solve: 0.003358  ave ICP: 0.078717  map incre: 0.004197 ave total: 0.090127 icp: 0.069678 construct H: 0.000965 
[fastlio_mapping-2] [ mapping ]: time: IMU + Map + Input Downsample: 0.014035 ave match: 0.066221 ave solve: 0.003357  ave ICP: 0.078362  map incre: 0.005131 ave total: 0.090191 icp: 0.069750 construct H: 0.000965 
[fastlio_mapping-2] [ mapping ]: time: IMU + Map + Input Downsample: 0.013530 ave match: 0.066296 ave solve: 0.003356  ave ICP: 0.078730  map incre: 0.007327 ave total: 0.090272 icp: 0.069824 construct H: 0.000964 
[fastlio_mapping-2] [ mapping ]: time: IMU + Map + Input Downsample: 0.026854 ave match: 0.066461 ave solve: 0.003358  ave ICP: 0.089746  map incre: 0.007274 ave total: 0.090560 icp: 0.069991 construct H: 0.000965 
[fastlio_mapping-2] [ mapping ]: time: IMU + Map + Input Downsample: 0.013617 ave match: 0.066517 ave solve: 0.003355  ave ICP: 0.076656  map incre: 0.005895 ave total: 0.090607 icp: 0.070044 construct H: 0.000964 
[fastlio_mapping-2] [ mapping ]: time: IMU + Map + Input Downsample: 0.014955 ave match: 0.066602 ave solve: 0.003354  ave ICP: 0.080427  map incre: 0.010735 ave total: 0.090737 icp: 0.070128 construct H: 0.000963 
[fastlio_mapping-2] [ mapping ]: time: IMU + Map + Input Downsample: 0.016568 ave match: 0.066619 ave solve: 0.003353  ave ICP: 0.072503  map incre: 0.005974 ave total: 0.090773 icp: 0.070144 construct H: 0.000963 
[fastlio_mapping-2] [ mapping ]: time: IMU + Map + Input Downsample: 0.015349 ave match: 0.066633 ave solve: 0.003350  ave ICP: 0.071817  map incre: 0.004705 ave total: 0.090782 icp: 0.070154 construct H: 0.000962 
[fastlio_mapping-2] [ mapping ]: time: IMU + Map + Input Downsample: 0.026955 ave match: 0.066759 ave solve: 0.003348  ave ICP: 0.085710  map incre: 0.006669 ave total: 0.091016 icp: 0.070278 construct H: 0.000961 
[fastlio_mapping-2] [ mapping ]: time: IMU + Map + Input Downsample: 0.015506 ave match: 0.066787 ave solve: 0.003345  ave ICP: 0.073834  map incre: 0.005434 ave total: 0.091047 icp: 0.070303 construct H: 0.000961 
[fastlio_mapping-2] [ mapping ]: time: IMU + Map + Input Downsample: 0.015522 ave match: 0.066828 ave solve: 0.003341  ave ICP: 0.075214  map incre: 0.005007 ave total: 0.091085 icp: 0.070340 construct H: 0.000960 
[fastlio_mapping-2] [ mapping ]: time: IMU + Map + Input Downsample: 0.016311 ave match: 0.066861 ave solve: 0.003338  ave ICP: 0.074379  map incre: 0.004818 ave total: 0.091120 icp: 0.070369 construct H: 0.000959 
[fastlio_mapping-2] [ mapping ]: time: IMU + Map + Input Downsample: 0.016809 ave match: 0.066946 ave solve: 0.003336  ave ICP: 0.081222  map incre: 0.006359 ave total: 0.091226 icp: 0.070452 construct H: 0.000958 
[fastlio_mapping-2] [ mapping ]: time: IMU + Map + Input Downsample: 0.014031 ave match: 0.066981 ave solve: 0.003332  ave ICP: 0.074868  map incre: 0.005784 ave total: 0.091253 icp: 0.070484 construct H: 0.000957 
[fastlio_mapping-2] [ mapping ]: time: IMU + Map + Input Downsample: 0.016571 ave match: 0.067001 ave solve: 0.003328  ave ICP: 0.072829  map incre: 0.006839 ave total: 0.091292 icp: 0.070499 construct H: 0.000955 
[fastlio_mapping-2] [ mapping ]: time: IMU + Map + Input Downsample: 0.013933 ave match: 0.067006 ave solve: 0.003324  ave ICP: 0.071020  map incre: 0.005751 ave total: 0.091287 icp: 0.070501 construct H: 0.000955 
[fastlio_mapping-2] [ mapping ]: time: IMU + Map + Input Downsample: 0.015162 ave match: 0.067069 ave solve: 0.003321  ave ICP: 0.078671  map incre: 0.006248 ave total: 0.091355 icp: 0.070560 construct H: 0.000954 
[fastlio_mapping-2] [ mapping ]: time: IMU + Map + Input Downsample: 0.013608 ave match: 0.067188 ave solve: 0.003319  ave ICP: 0.086135  map incre: 0.008444 ave total: 0.091483 icp: 0.070676 construct H: 0.000953 
[fastlio_mapping-2] [ mapping ]: time: IMU + Map + Input Downsample: 0.013307 ave match: 0.067196 ave solve: 0.003314  ave ICP: 0.071580  map incre: 0.007003 ave total: 0.091486 icp: 0.070680 construct H: 0.000951 
[fastlio_mapping-2] [ mapping ]: time: IMU + Map + Input Downsample: 0.013012 ave match: 0.067294 ave solve: 0.003311  ave ICP: 0.083806  map incre: 0.007869 ave total: 0.091586 icp: 0.070775 construct H: 0.000950 
[fastlio_mapping-2] [ mapping ]: time: IMU + Map + Input Downsample: 0.012858 ave match: 0.067330 ave solve: 0.003307  ave ICP: 0.075432  map incre: 0.007510 ave total: 0.091617 icp: 0.070807 construct H: 0.000949 
[fastlio_mapping-2] [ mapping ]: time: IMU + Map + Input Downsample: 0.014411 ave match: 0.067394 ave solve: 0.003304  ave ICP: 0.079394  map incre: 0.006569 ave total: 0.091682 icp: 0.070867 construct H: 0.000948 
[fastlio_mapping-2] [ mapping ]: time: IMU + Map + Input Downsample: 0.016924 ave match: 0.067474 ave solve: 0.003296  ave ICP: 0.081152  map incre: 0.005383 ave total: 0.091769 icp: 0.070940 construct H: 0.000946 
[fastlio_mapping-2] [ mapping ]: time: IMU + Map + Input Downsample: 0.015372 ave match: 0.067507 ave solve: 0.003293  ave ICP: 0.075320  map incre: 0.007204 ave total: 0.091813 icp: 0.070969 construct H: 0.000945 
[fastlio_mapping-2] [ mapping ]: time: IMU + Map + Input Downsample: 0.014269 ave match: 0.067516 ave solve: 0.003288  ave ICP: 0.071984  map incre: 0.008342 ave total: 0.091833 icp: 0.070974 construct H: 0.000943 
[fastlio_mapping-2] [ mapping ]: time: IMU + Map + Input Downsample: 0.013722 ave match: 0.067515 ave solve: 0.003284  ave ICP: 0.070475  map incre: 0.006197 ave total: 0.091823 icp: 0.070968 construct H: 0.000942 
[fastlio_mapping-2] [ mapping ]: time: IMU + Map + Input Downsample: 0.013712 ave match: 0.067563 ave solve: 0.003280  ave ICP: 0.077355  map incre: 0.005092 ave total: 0.091854 icp: 0.071011 construct H: 0.000941 
[fastlio_mapping-2] [ mapping ]: time: IMU + Map + Input Downsample: 0.012898 ave match: 0.067600 ave solve: 0.003276  ave ICP: 0.076072  map incre: 0.003843 ave total: 0.091861 icp: 0.071045 construct H: 0.000940 
[fastlio_mapping-2] [ mapping ]: time: IMU + Map + Input Downsample: 0.012689 ave match: 0.067623 ave solve: 0.003275  ave ICP: 0.074428  map incre: 0.005168 ave total: 0.091864 icp: 0.071066 construct H: 0.000938 
[fastlio_mapping-2] [ mapping ]: time: IMU + Map + Input Downsample: 0.014783 ave match: 0.067692 ave solve: 0.003273  ave ICP: 0.081011  map incre: 0.004636 ave total: 0.091924 icp: 0.071133 construct H: 0.000938 
[fastlio_mapping-2] [ mapping ]: time: IMU + Map + Input Downsample: 0.014469 ave match: 0.067748 ave solve: 0.003270  ave ICP: 0.079086  map incre: 0.004545 ave total: 0.091967 icp: 0.071186 construct H: 0.000937 
[fastlio_mapping-2] [ mapping ]: time: IMU + Map + Input Downsample: 0.013608 ave match: 0.067780 ave solve: 0.003266  ave ICP: 0.075676  map incre: 0.004633 ave total: 0.091980 icp: 0.071214 construct H: 0.000936 
[fastlio_mapping-2] [ mapping ]: time: IMU + Map + Input Downsample: 0.015203 ave match: 0.067868 ave solve: 0.003263  ave ICP: 0.083798  map incre: 0.007822 ave total: 0.092082 icp: 0.071298 construct H: 0.000934 
[fastlio_mapping-2] [ mapping ]: time: IMU + Map + Input Downsample: 0.014193 ave match: 0.067920 ave solve: 0.003259  ave ICP: 0.078680  map incre: 0.004588 ave total: 0.092118 icp: 0.071346 construct H: 0.000933 
[fastlio_mapping-2] [ mapping ]: time: IMU + Map + Input Downsample: 0.016275 ave match: 0.067996 ave solve: 0.003256  ave ICP: 0.082544  map incre: 0.006157 ave total: 0.092205 icp: 0.071419 construct H: 0.000932 
[fastlio_mapping-2] [ mapping ]: time: IMU + Map + Input Downsample: 0.024459 ave match: 0.068105 ave solve: 0.003252  ave ICP: 0.087596  map incre: 0.004468 ave total: 0.092368 icp: 0.071525 construct H: 0.000931 
[fastlio_mapping-2] [ mapping ]: time: IMU + Map + Input Downsample: 0.021440 ave match: 0.068171 ave solve: 0.003250  ave ICP: 0.081463  map incre: 0.005246 ave total: 0.092474 icp: 0.071588 construct H: 0.000930 
[fastlio_mapping-2] [ mapping ]: time: IMU + Map + Input Downsample: 0.014220 ave match: 0.068204 ave solve: 0.003246  ave ICP: 0.076393  map incre: 0.006028 ave total: 0.092501 icp: 0.071617 construct H: 0.000929 
[fastlio_mapping-2] [ mapping ]: time: IMU + Map + Input Downsample: 0.015242 ave match: 0.068337 ave solve: 0.003244  ave ICP: 0.091956  map incre: 0.007482 ave total: 0.092647 icp: 0.071748 construct H: 0.000928 
[fastlio_mapping-2] [ mapping ]: time: IMU + Map + Input Downsample: 0.014448 ave match: 0.068438 ave solve: 0.003250  ave ICP: 0.088731  map incre: 0.006831 ave total: 0.092761 icp: 0.071856 construct H: 0.000928 
[fastlio_mapping-2] [ mapping ]: time: IMU + Map + Input Downsample: 0.020958 ave match: 0.068512 ave solve: 0.003247  ave ICP: 0.083698  map incre: 0.004919 ave total: 0.092870 icp: 0.071927 construct H: 0.000927 
[fastlio_mapping-2] [ mapping ]: time: IMU + Map + Input Downsample: 0.014527 ave match: 0.068584 ave solve: 0.003244  ave ICP: 0.082898  map incre: 0.004500 ave total: 0.092928 icp: 0.071995 construct H: 0.000926 
[fastlio_mapping-2] [ mapping ]: time: IMU + Map + Input Downsample: 0.013944 ave match: 0.068636 ave solve: 0.003241  ave ICP: 0.080074  map incre: 0.005308 ave total: 0.092969 icp: 0.072044 construct H: 0.000925 
[fastlio_mapping-2] [ mapping ]: time: IMU + Map + Input Downsample: 0.014509 ave match: 0.068742 ave solve: 0.003241  ave ICP: 0.089360  map incre: 0.006193 ave total: 0.093078 icp: 0.072151 construct H: 0.000924 
[fastlio_mapping-2] [ mapping ]: time: IMU + Map + Input Downsample: 0.014759 ave match: 0.068807 ave solve: 0.003238  ave ICP: 0.082334  map incre: 0.005594 ave total: 0.093139 icp: 0.072213 construct H: 0.000923 
[fastlio_mapping-2] [ mapping ]: time: IMU + Map + Input Downsample: 0.013929 ave match: 0.068841 ave solve: 0.003235  ave ICP: 0.077464  map incre: 0.004466 ave total: 0.093156 icp: 0.072243 construct H: 0.000922 
[fastlio_mapping-2] [ mapping ]: time: IMU + Map + Input Downsample: 0.016559 ave match: 0.068875 ave solve: 0.003232  ave ICP: 0.077729  map incre: 0.006413 ave total: 0.093203 icp: 0.072275 construct H: 0.000922 
[fastlio_mapping-2] [ mapping ]: time: IMU + Map + Input Downsample: 0.013586 ave match: 0.068880 ave solve: 0.003228  ave ICP: 0.072714  map incre: 0.006169 ave total: 0.093199 icp: 0.072275 construct H: 0.000921 
[fastlio_mapping-2] [ mapping ]: time: IMU + Map + Input Downsample: 0.014458 ave match: 0.068920 ave solve: 0.003224  ave ICP: 0.078604  map incre: 0.004895 ave total: 0.093228 icp: 0.072312 construct H: 0.000920 
[fastlio_mapping-2] [ mapping ]: time: IMU + Map + Input Downsample: 0.013850 ave match: 0.068950 ave solve: 0.003221  ave ICP: 0.077066  map incre: 0.005741 ave total: 0.093249 icp: 0.072339 construct H: 0.000918 
[fastlio_mapping-2] [ mapping ]: time: IMU + Map + Input Downsample: 0.016362 ave match: 0.068981 ave solve: 0.003217  ave ICP: 0.077089  map incre: 0.006589 ave total: 0.093290 icp: 0.072365 construct H: 0.000917 
[fastlio_mapping-2] [ mapping ]: time: IMU + Map + Input Downsample: 0.015900 ave match: 0.069016 ave solve: 0.003212  ave ICP: 0.077650  map incre: 0.006071 ave total: 0.093329 icp: 0.072395 construct H: 0.000916 
[fastlio_mapping-2] [ mapping ]: time: IMU + Map + Input Downsample: 0.014872 ave match: 0.069089 ave solve: 0.003209  ave ICP: 0.084232  map incre: 0.007317 ave total: 0.093408 icp: 0.072464 construct H: 0.000915 
[fastlio_mapping-2] [ mapping ]: time: IMU + Map + Input Downsample: 0.014137 ave match: 0.069109 ave solve: 0.003205  ave ICP: 0.075616  map incre: 0.005299 ave total: 0.093418 icp: 0.072481 construct H: 0.000914 
[fastlio_mapping-2] [ mapping ]: time: IMU + Map + Input Downsample: 0.019972 ave match: 0.069159 ave solve: 0.003201  ave ICP: 0.080623  map incre: 0.004694 ave total: 0.093488 icp: 0.072527 construct H: 0.000913 
[fastlio_mapping-2] [ mapping ]: time: IMU + Map + Input Downsample: 0.014423 ave match: 0.069177 ave solve: 0.003197  ave ICP: 0.075235  map incre: 0.005637 ave total: 0.093499 icp: 0.072541 construct H: 0.000912 
[fastlio_mapping-2] [ mapping ]: time: IMU + Map + Input Downsample: 0.014813 ave match: 0.069225 ave solve: 0.003194  ave ICP: 0.080615  map incre: 0.006314 ave total: 0.093547 icp: 0.072586 construct H: 0.000911 
[fastlio_mapping-2] [ mapping ]: time: IMU + Map + Input Downsample: 0.014910 ave match: 0.069260 ave solve: 0.003191  ave ICP: 0.078375  map incre: 0.005436 ave total: 0.093578 icp: 0.072617 construct H: 0.000910 
[fastlio_mapping-2] [ mapping ]: time: IMU + Map + Input Downsample: 0.016910 ave match: 0.069364 ave solve: 0.003190  ave ICP: 0.090612  map incre: 0.005522 ave total: 0.093691 icp: 0.072720 construct H: 0.000909 
[fastlio_mapping-2] [ mapping ]: time: IMU + Map + Input Downsample: 0.018374 ave match: 0.069433 ave solve: 0.003185  ave ICP: 0.084272  map incre: 0.010005 ave total: 0.093800 icp: 0.072784 construct H: 0.000907 
[fastlio_mapping-2] [ mapping ]: time: IMU + Map + Input Downsample: 0.015604 ave match: 0.069537 ave solve: 0.003181  ave ICP: 0.090537  map incre: 0.018568 ave total: 0.093978 icp: 0.072884 construct H: 0.000906 
[fastlio_mapping-2] [ mapping ]: time: IMU + Map + Input Downsample: 0.015076 ave match: 0.069652 ave solve: 0.003176  ave ICP: 0.092258  map incre: 0.021926 ave total: 0.094180 icp: 0.072993 construct H: 0.000904 
[fastlio_mapping-2] [ mapping ]: time: IMU + Map + Input Downsample: 0.015830 ave match: 0.069752 ave solve: 0.003170  ave ICP: 0.090050  map incre: 0.017951 ave total: 0.094348 icp: 0.073087 construct H: 0.000902 
[fastlio_mapping-2] [ mapping ]: time: IMU + Map + Input Downsample: 0.016375 ave match: 0.069823 ave solve: 0.003163  ave ICP: 0.084740  map incre: 0.011390 ave total: 0.094451 icp: 0.073151 construct H: 0.000900 
[fastlio_mapping-2] [ mapping ]: time: IMU + Map + Input Downsample: 0.014066 ave match: 0.069877 ave solve: 0.003157  ave ICP: 0.082080  map incre: 0.011208 ave total: 0.094523 icp: 0.073199 construct H: 0.000898 
[fastlio_mapping-2] [ mapping ]: time: IMU + Map + Input Downsample: 0.013664 ave match: 0.069980 ave solve: 0.003152  ave ICP: 0.090966  map incre: 0.010790 ave total: 0.094640 icp: 0.073296 construct H: 0.000897 
[fastlio_mapping-2] [ mapping ]: time: IMU + Map + Input Downsample: 0.018245 ave match: 0.070054 ave solve: 0.003146  ave ICP: 0.085669  map incre: 0.008371 ave total: 0.094738 icp: 0.073363 construct H: 0.000894 
[fastlio_mapping-2] [ mapping ]: time: IMU + Map + Input Downsample: 0.014545 ave match: 0.070088 ave solve: 0.003139  ave ICP: 0.078828  map incre: 0.007000 ave total: 0.094769 icp: 0.073391 construct H: 0.000893 
[fastlio_mapping-2] [ mapping ]: time: IMU + Map + Input Downsample: 0.013464 ave match: 0.070251 ave solve: 0.003135  ave ICP: 0.102742  map incre: 0.008618 ave total: 0.094934 icp: 0.073550 construct H: 0.000891 
[fastlio_mapping-2] [ mapping ]: time: IMU + Map + Input Downsample: 0.016048 ave match: 0.070296 ave solve: 0.003129  ave ICP: 0.081060  map incre: 0.007784 ave total: 0.094989 icp: 0.073589 construct H: 0.000889 
[fastlio_mapping-2] [ mapping ]: time: IMU + Map + Input Downsample: 0.016224 ave match: 0.070408 ave solve: 0.003124  ave ICP: 0.093492  map incre: 0.010640 ave total: 0.095127 icp: 0.073694 construct H: 0.000888 
[fastlio_mapping-2] [ mapping ]: time: IMU + Map + Input Downsample: 0.014056 ave match: 0.070462 ave solve: 0.003117  ave ICP: 0.082884  map incre: 0.007442 ave total: 0.095177 icp: 0.073742 construct H: 0.000886 
[fastlio_mapping-2] [ mapping ]: time: IMU + Map + Input Downsample: 0.015625 ave match: 0.070572 ave solve: 0.003112  ave ICP: 0.093698  map incre: 0.007241 ave total: 0.095292 icp: 0.073846 construct H: 0.000884 
[fastlio_mapping-2] [ mapping ]: time: IMU + Map + Input Downsample: 0.013908 ave match: 0.070621 ave solve: 0.003107  ave ICP: 0.082454  map incre: 0.007253 ave total: 0.095336 icp: 0.073890 construct H: 0.000882 
[fastlio_mapping-2] [ mapping ]: time: IMU + Map + Input Downsample: 0.013659 ave match: 0.070718 ave solve: 0.003105  ave ICP: 0.091992  map incre: 0.007900 ave total: 0.095433 icp: 0.073984 construct H: 0.000881 
[fastlio_mapping-2] [ mapping ]: time: IMU + Map + Input Downsample: 0.017078 ave match: 0.070804 ave solve: 0.003100  ave ICP: 0.089847  map incre: 0.006110 ave total: 0.095526 icp: 0.074066 construct H: 0.000879 
[fastlio_mapping-2] [ mapping ]: time: IMU + Map + Input Downsample: 0.016907 ave match: 0.070889 ave solve: 0.003095  ave ICP: 0.089304  map incre: 0.005959 ave total: 0.095614 icp: 0.074144 construct H: 0.000877 
[fastlio_mapping-2] [ mapping ]: time: IMU + Map + Input Downsample: 0.016235 ave match: 0.070954 ave solve: 0.003089  ave ICP: 0.085905  map incre: 0.006790 ave total: 0.095683 icp: 0.074204 construct H: 0.000875 
[fastlio_mapping-2] [ mapping ]: time: IMU + Map + Input Downsample: 0.015102 ave match: 0.071008 ave solve: 0.003083  ave ICP: 0.083728  map incre: 0.006753 ave total: 0.095735 icp: 0.074252 construct H: 0.000873 
[fastlio_mapping-2] [ mapping ]: time: IMU + Map + Input Downsample: 0.016096 ave match: 0.071059 ave solve: 0.003078  ave ICP: 0.083462  map incre: 0.006866 ave total: 0.095790 icp: 0.074297 construct H: 0.000872 
[fastlio_mapping-2] [ mapping ]: time: IMU + Map + Input Downsample: 0.018330 ave match: 0.071169 ave solve: 0.003075  ave ICP: 0.095745  map incre: 0.006430 ave total: 0.095918 icp: 0.074404 construct H: 0.000870 
[fastlio_mapping-2] [ mapping ]: time: IMU + Map + Input Downsample: 0.016762 ave match: 0.071254 ave solve: 0.003070  ave ICP: 0.090327  map incre: 0.005429 ave total: 0.096003 icp: 0.074483 construct H: 0.000869 
[fastlio_mapping-2] [ mapping ]: time: IMU + Map + Input Downsample: 0.019002 ave match: 0.071365 ave solve: 0.003065  ave ICP: 0.095852  map incre: 0.005919 ave total: 0.096129 icp: 0.074590 construct H: 0.000867 
[fastlio_mapping-2] [ mapping ]: time: IMU + Map + Input Downsample: 0.013748 ave match: 0.071467 ave solve: 0.003060  ave ICP: 0.094069  map incre: 0.007859 ave total: 0.096228 icp: 0.074687 construct H: 0.000865 
[fastlio_mapping-2] [ mapping ]: time: IMU + Map + Input Downsample: 0.016323 ave match: 0.071563 ave solve: 0.003055  ave ICP: 0.093036  map incre: 0.006663 ave total: 0.096328 icp: 0.074777 construct H: 0.000864 
[fastlio_mapping-2] [ mapping ]: time: IMU + Map + Input Downsample: 0.014167 ave match: 0.071603 ave solve: 0.003049  ave ICP: 0.081835  map incre: 0.005565 ave total: 0.096355 icp: 0.074811 construct H: 0.000862 
[fastlio_mapping-2] [ mapping ]: time: IMU + Map + Input Downsample: 0.018396 ave match: 0.071698 ave solve: 0.003046  ave ICP: 0.093693  map incre: 0.006498 ave total: 0.096466 icp: 0.074903 construct H: 0.000861 
[fastlio_mapping-2] [ mapping ]: time: IMU + Map + Input Downsample: 0.014735 ave match: 0.071768 ave solve: 0.003041  ave ICP: 0.088259  map incre: 0.005065 ave total: 0.096524 icp: 0.074967 construct H: 0.000859 
[fastlio_mapping-2] [ mapping ]: time: IMU + Map + Input Downsample: 0.015818 ave match: 0.071835 ave solve: 0.003036  ave ICP: 0.087913  map incre: 0.006435 ave total: 0.096591 icp: 0.075030 construct H: 0.000858 
[fastlio_mapping-2] [ mapping ]: time: IMU + Map + Input Downsample: 0.014863 ave match: 0.071863 ave solve: 0.003031  ave ICP: 0.079968  map incre: 0.005935 ave total: 0.096612 icp: 0.075052 construct H: 0.000856 
[fastlio_mapping-2] [ mapping ]: time: IMU + Map + Input Downsample: 0.016908 ave match: 0.071934 ave solve: 0.003027  ave ICP: 0.089029  map incre: 0.005363 ave total: 0.096684 icp: 0.075118 construct H: 0.000855 
[fastlio_mapping-2] [ mapping ]: time: IMU + Map + Input Downsample: 0.016064 ave match: 0.071981 ave solve: 0.003022  ave ICP: 0.084093  map incre: 0.006403 ave total: 0.096732 icp: 0.075160 construct H: 0.000853 
[fastlio_mapping-2] [ mapping ]: time: IMU + Map + Input Downsample: 0.015299 ave match: 0.072002 ave solve: 0.003017  ave ICP: 0.078787  map incre: 0.005405 ave total: 0.096745 icp: 0.075176 construct H: 0.000852 
[fastlio_mapping-2] [ mapping ]: time: IMU + Map + Input Downsample: 0.014625 ave match: 0.072095 ave solve: 0.003013  ave ICP: 0.094196  map incre: 0.010285 ave total: 0.096853 icp: 0.075265 construct H: 0.000850 
[fastlio_mapping-2] [ mapping ]: time: IMU + Map + Input Downsample: 0.014882 ave match: 0.072148 ave solve: 0.003011  ave ICP: 0.086195  map incre: 0.006180 ave total: 0.096903 icp: 0.075316 construct H: 0.000849 
[fastlio_mapping-2] [ mapping ]: time: IMU + Map + Input Downsample: 0.015542 ave match: 0.072171 ave solve: 0.003006  ave ICP: 0.079149  map incre: 0.006045 ave total: 0.096922 icp: 0.075333 construct H: 0.000848 
[fastlio_mapping-2] [ mapping ]: time: IMU + Map + Input Downsample: 0.015677 ave match: 0.072286 ave solve: 0.003004  ave ICP: 0.099643  map incre: 0.004523 ave total: 0.097031 icp: 0.075446 construct H: 0.000847 
[fastlio_mapping-2] [ mapping ]: time: IMU + Map + Input Downsample: 0.019516 ave match: 0.072429 ave solve: 0.003002  ave ICP: 0.105759  map incre: 0.005591 ave total: 0.097191 icp: 0.075588 construct H: 0.000845 
[fastlio_mapping-2] [ mapping ]: time: IMU + Map + Input Downsample: 0.019164 ave match: 0.072516 ave solve: 0.002997  ave ICP: 0.093543  map incre: 0.004602 ave total: 0.097286 icp: 0.075670 construct H: 0.000844 
[fastlio_mapping-2] [ mapping ]: time: IMU + Map + Input Downsample: 0.014078 ave match: 0.072553 ave solve: 0.002993  ave ICP: 0.082909  map incre: 0.004723 ave total: 0.097307 icp: 0.075702 construct H: 0.000843 
[fastlio_mapping-2] [ mapping ]: time: IMU + Map + Input Downsample: 0.016625 ave match: 0.072647 ave solve: 0.002990  ave ICP: 0.095382  map incre: 0.004895 ave total: 0.097398 icp: 0.075792 construct H: 0.000841 
[fastlio_mapping-2] [ mapping ]: time: IMU + Map + Input Downsample: 0.014870 ave match: 0.072674 ave solve: 0.002985  ave ICP: 0.081014  map incre: 0.004630 ave total: 0.097413 icp: 0.075814 construct H: 0.000840 
[fastlio_mapping-2] [ mapping ]: time: IMU + Map + Input Downsample: 0.015634 ave match: 0.072742 ave solve: 0.002981  ave ICP: 0.090069  map incre: 0.004900 ave total: 0.097474 icp: 0.075878 construct H: 0.000839 
[fastlio_mapping-2] [ mapping ]: time: IMU + Map + Input Downsample: 0.014611 ave match: 0.072787 ave solve: 0.002977  ave ICP: 0.085118  map incre: 0.004421 ave total: 0.097505 icp: 0.075919 construct H: 0.000838 
[fastlio_mapping-2] [ mapping ]: time: IMU + Map + Input Downsample: 0.015304 ave match: 0.072829 ave solve: 0.002973  ave ICP: 0.084755  map incre: 0.005869 ave total: 0.097543 icp: 0.075957 construct H: 0.000837 
[fastlio_mapping-2] [ mapping ]: time: IMU + Map + Input Downsample: 0.016140 ave match: 0.072963 ave solve: 0.002972  ave ICP: 0.106017  map incre: 0.007925 ave total: 0.097692 icp: 0.076090 construct H: 0.000835 
[fastlio_mapping-2] [ mapping ]: time: IMU + Map + Input Downsample: 0.016152 ave match: 0.072999 ave solve: 0.002968  ave ICP: 0.083331  map incre: 0.005004 ave total: 0.097723 icp: 0.076121 construct H: 0.000834 
[fastlio_mapping-2] [ mapping ]: time: IMU + Map + Input Downsample: 0.017913 ave match: 0.073113 ave solve: 0.002964  ave ICP: 0.100654  map incre: 0.005565 ave total: 0.097842 icp: 0.076231 construct H: 0.000833 
[fastlio_mapping-2] [ mapping ]: time: IMU + Map + Input Downsample: 0.015632 ave match: 0.073155 ave solve: 0.002960  ave ICP: 0.085121  map incre: 0.005159 ave total: 0.097879 icp: 0.076269 construct H: 0.000832 
[fastlio_mapping-2] [ mapping ]: time: IMU + Map + Input Downsample: 0.014427 ave match: 0.073199 ave solve: 0.002956  ave ICP: 0.085477  map incre: 0.005257 ave total: 0.097911 icp: 0.076309 construct H: 0.000831 
[fastlio_mapping-2] [ mapping ]: time: IMU + Map + Input Downsample: 0.015158 ave match: 0.073224 ave solve: 0.002952  ave ICP: 0.081378  map incre: 0.005310 ave total: 0.097929 icp: 0.076330 construct H: 0.000829 
[fastlio_mapping-2] [ mapping ]: time: IMU + Map + Input Downsample: 0.015919 ave match: 0.073311 ave solve: 0.002949  ave ICP: 0.095417  map incre: 0.005306 ave total: 0.098012 icp: 0.076413 construct H: 0.000828 
[fastlio_mapping-2] [ mapping ]: time: IMU + Map + Input Downsample: 0.014174 ave match: 0.073362 ave solve: 0.002945  ave ICP: 0.087444  map incre: 0.006152 ave total: 0.098055 icp: 0.076460 construct H: 0.000827 
[fastlio_mapping-2] [ mapping ]: time: IMU + Map + Input Downsample: 0.019147 ave match: 0.073426 ave solve: 0.002942  ave ICP: 0.090650  map incre: 0.007754 ave total: 0.098141 icp: 0.076521 construct H: 0.000826 
[fastlio_mapping-2] [ mapping ]: time: IMU + Map + Input Downsample: 0.013792 ave match: 0.073506 ave solve: 0.002939  ave ICP: 0.094379  map incre: 0.006100 ave total: 0.098212 icp: 0.076598 construct H: 0.000825 
[fastlio_mapping-2] [ mapping ]: time: IMU + Map + Input Downsample: 0.013764 ave match: 0.073554 ave solve: 0.002935  ave ICP: 0.086955  map incre: 0.006493 ave total: 0.098251 icp: 0.076641 construct H: 0.000824 
[fastlio_mapping-2] [ mapping ]: time: IMU + Map + Input Downsample: 0.016063 ave match: 0.073590 ave solve: 0.002931  ave ICP: 0.084338  map incre: 0.006111 ave total: 0.098287 icp: 0.076673 construct H: 0.000823 
[fastlio_mapping-2] [ mapping ]: time: IMU + Map + Input Downsample: 0.014466 ave match: 0.073686 ave solve: 0.002928  ave ICP: 0.098656  map incre: 0.006389 ave total: 0.098379 icp: 0.076766 construct H: 0.000822 
[fastlio_mapping-2] [ mapping ]: time: IMU + Map + Input Downsample: 0.014797 ave match: 0.073766 ave solve: 0.002925  ave ICP: 0.094851  map incre: 0.006535 ave total: 0.098456 icp: 0.076842 construct H: 0.000821 
[fastlio_mapping-2] [ mapping ]: time: IMU + Map + Input Downsample: 0.017241 ave match: 0.073827 ave solve: 0.002922  ave ICP: 0.090667  map incre: 0.007271 ave total: 0.098527 icp: 0.076900 construct H: 0.000820 
[fastlio_mapping-2] [ mapping ]: time: IMU + Map + Input Downsample: 0.015935 ave match: 0.073936 ave solve: 0.002919  ave ICP: 0.102351  map incre: 0.007583 ave total: 0.098644 icp: 0.077007 construct H: 0.000820 
[fastlio_mapping-2] [ mapping ]: time: IMU + Map + Input Downsample: 0.013965 ave match: 0.074009 ave solve: 0.002916  ave ICP: 0.093831  map incre: 0.006120 ave total: 0.098709 icp: 0.077077 construct H: 0.000819 
[fastlio_mapping-2] [ mapping ]: time: IMU + Map + Input Downsample: 0.013969 ave match: 0.074060 ave solve: 0.002914  ave ICP: 0.088710  map incre: 0.007465 ave total: 0.098758 icp: 0.077125 construct H: 0.000818 
[fastlio_mapping-2] [ mapping ]: time: IMU + Map + Input Downsample: 0.015509 ave match: 0.074122 ave solve: 0.002911  ave ICP: 0.091718  map incre: 0.007166 ave total: 0.098824 icp: 0.077185 construct H: 0.000817 
[fastlio_mapping-2] [ mapping ]: time: IMU + Map + Input Downsample: 0.015664 ave match: 0.074193 ave solve: 0.002908  ave ICP: 0.093939  map incre: 0.005859 ave total: 0.098894 icp: 0.077253 construct H: 0.000816 
[fastlio_mapping-2] [ mapping ]: time: IMU + Map + Input Downsample: 0.014436 ave match: 0.074230 ave solve: 0.002905  ave ICP: 0.085616  map incre: 0.010562 ave total: 0.098943 icp: 0.077287 construct H: 0.000815 
[fastlio_mapping-2] [ mapping ]: time: IMU + Map + Input Downsample: 0.017210 ave match: 0.074332 ave solve: 0.002905  ave ICP: 0.102469  map incre: 0.009078 ave total: 0.099067 icp: 0.077388 construct H: 0.000814 
[fastlio_mapping-2] [ mapping ]: time: IMU + Map + Input Downsample: 0.015170 ave match: 0.074376 ave solve: 0.002902  ave ICP: 0.087528  map incre: 0.010155 ave total: 0.099124 icp: 0.077429 construct H: 0.000813 
[fastlio_mapping-2] [ mapping ]: time: IMU + Map + Input Downsample: 0.014223 ave match: 0.074460 ave solve: 0.002900  ave ICP: 0.098026  map incre: 0.009433 ave total: 0.099217 icp: 0.077512 construct H: 0.000813 
[fastlio_mapping-2] [ mapping ]: time: IMU + Map + Input Downsample: 0.016092 ave match: 0.074514 ave solve: 0.002897  ave ICP: 0.090087  map incre: 0.009264 ave total: 0.099284 icp: 0.077562 construct H: 0.000812 
[fastlio_mapping-2] [ mapping ]: time: IMU + Map + Input Downsample: 0.014938 ave match: 0.074554 ave solve: 0.002894  ave ICP: 0.086862  map incre: 0.006184 ave total: 0.099320 icp: 0.077599 construct H: 0.000811 
[fastlio_mapping-2] [ mapping ]: time: IMU + Map + Input Downsample: 0.015086 ave match: 0.074605 ave solve: 0.002891  ave ICP: 0.089892  map incre: 0.006654 ave total: 0.099370 icp: 0.077648 construct H: 0.000810 
[fastlio_mapping-2] [ mapping ]: time: IMU + Map + Input Downsample: 0.014378 ave match: 0.074661 ave solve: 0.002888  ave ICP: 0.090912  map incre: 0.005411 ave total: 0.099416 icp: 0.077700 construct H: 0.000809 
[fastlio_mapping-2] [ mapping ]: time: IMU + Map + Input Downsample: 0.014385 ave match: 0.074738 ave solve: 0.002886  ave ICP: 0.096988  map incre: 0.005883 ave total: 0.099488 icp: 0.077777 construct H: 0.000808 
[fastlio_mapping-2] [ mapping ]: time: IMU + Map + Input Downsample: 0.017333 ave match: 0.074816 ave solve: 0.002883  ave ICP: 0.096952  map incre: 0.006119 ave total: 0.099573 icp: 0.077852 construct H: 0.000807 
[fastlio_mapping-2] [ mapping ]: time: IMU + Map + Input Downsample: 0.015202 ave match: 0.074870 ave solve: 0.002880  ave ICP: 0.090944  map incre: 0.004725 ave total: 0.099618 icp: 0.077903 construct H: 0.000806 
[fastlio_mapping-2] [ mapping ]: time: IMU + Map + Input Downsample: 0.015768 ave match: 0.074942 ave solve: 0.002878  ave ICP: 0.095880  map incre: 0.006167 ave total: 0.099691 icp: 0.077973 construct H: 0.000805 
[fastlio_mapping-2] [ mapping ]: time: IMU + Map + Input Downsample: 0.013670 ave match: 0.074994 ave solve: 0.002876  ave ICP: 0.090788  map incre: 0.004414 ave total: 0.099727 icp: 0.078022 construct H: 0.000805 
[fastlio_mapping-2] [ mapping ]: time: IMU + Map + Input Downsample: 0.017336 ave match: 0.075077 ave solve: 0.002873  ave ICP: 0.098631  map incre: 0.006111 ave total: 0.099816 icp: 0.078103 construct H: 0.000804 
[fastlio_mapping-2] [ mapping ]: time: IMU + Map + Input Downsample: 0.014367 ave match: 0.075118 ave solve: 0.002870  ave ICP: 0.088102  map incre: 0.004899 ave total: 0.099846 icp: 0.078140 construct H: 0.000803 
[fastlio_mapping-2] [ mapping ]: time: IMU + Map + Input Downsample: 0.015767 ave match: 0.075142 ave solve: 0.002867  ave ICP: 0.083714  map incre: 0.005923 ave total: 0.099868 icp: 0.078161 construct H: 0.000802 
[fastlio_mapping-2] [ mapping ]: time: IMU + Map + Input Downsample: 0.013672 ave match: 0.075158 ave solve: 0.002864  ave ICP: 0.081985  map incre: 0.006057 ave total: 0.099875 icp: 0.078174 construct H: 0.000801 
[fastlio_mapping-2] [ mapping ]: time: IMU + Map + Input Downsample: 0.014870 ave match: 0.075185 ave solve: 0.002861  ave ICP: 0.084664  map incre: 0.006305 ave total: 0.099898 icp: 0.078198 construct H: 0.000800 
[fastlio_mapping-2] [ mapping ]: time: IMU + Map + Input Downsample: 0.017955 ave match: 0.075261 ave solve: 0.002858  ave ICP: 0.097315  map incre: 0.005404 ave total: 0.099979 icp: 0.078271 construct H: 0.000799 
[fastlio_mapping-2] [ mapping ]: time: IMU + Map + Input Downsample: 0.016377 ave match: 0.075305 ave solve: 0.002855  ave ICP: 0.089282  map incre: 0.003717 ave total: 0.100016 icp: 0.078312 construct H: 0.000798 
[fastlio_mapping-2] [ mapping ]: time: IMU + Map + Input Downsample: 0.016441 ave match: 0.075372 ave solve: 0.002853  ave ICP: 0.095453  map incre: 0.004864 ave total: 0.100080 icp: 0.078377 construct H: 0.000797 
[fastlio_mapping-2] [ mapping ]: time: IMU + Map + Input Downsample: 0.015404 ave match: 0.075419 ave solve: 0.002850  ave ICP: 0.090064  map incre: 0.005552 ave total: 0.100122 icp: 0.078420 construct H: 0.000796 
[fastlio_mapping-2] [ mapping ]: time: IMU + Map + Input Downsample: 0.015515 ave match: 0.075518 ave solve: 0.002848  ave ICP: 0.104543  map incre: 0.006848 ave total: 0.100225 icp: 0.078518 construct H: 0.000796 
[fastlio_mapping-2] [ mapping ]: time: IMU + Map + Input Downsample: 0.015747 ave match: 0.075622 ave solve: 0.002847  ave ICP: 0.105804  map incre: 0.005680 ave total: 0.100328 icp: 0.078620 construct H: 0.000795 
[fastlio_mapping-2] [ mapping ]: time: IMU + Map + Input Downsample: 0.014478 ave match: 0.075656 ave solve: 0.002844  ave ICP: 0.087149  map incre: 0.005240 ave total: 0.100353 icp: 0.078651 construct H: 0.000794 
[fastlio_mapping-2] [ mapping ]: time: IMU + Map + Input Downsample: 0.013772 ave match: 0.075685 ave solve: 0.002841  ave ICP: 0.085958  map incre: 0.004795 ave total: 0.100369 icp: 0.078677 construct H: 0.000793 
[fastlio_mapping-2] [ mapping ]: time: IMU + Map + Input Downsample: 0.014086 ave match: 0.075713 ave solve: 0.002838  ave ICP: 0.085592  map incre: 0.007115 ave total: 0.100393 icp: 0.078702 construct H: 0.000792 
[fastlio_mapping-2] [ mapping ]: time: IMU + Map + Input Downsample: 0.017710 ave match: 0.075785 ave solve: 0.002835  ave ICP: 0.097453  map incre: 0.006297 ave total: 0.100472 icp: 0.078771 construct H: 0.000791 
[fastlio_mapping-2] [ mapping ]: time: IMU + Map + Input Downsample: 0.016218 ave match: 0.075842 ave solve: 0.002831  ave ICP: 0.093362  map incre: 0.006310 ave total: 0.100530 icp: 0.078824 construct H: 0.000790 
[fastlio_mapping-2] [ mapping ]: time: IMU + Map + Input Downsample: 0.014082 ave match: 0.075872 ave solve: 0.002828  ave ICP: 0.086199  map incre: 0.005339 ave total: 0.100549 icp: 0.078850 construct H: 0.000789 
[fastlio_mapping-2] [ mapping ]: time: IMU + Map + Input Downsample: 0.013984 ave match: 0.075909 ave solve: 0.002825  ave ICP: 0.088336  map incre: 0.005426 ave total: 0.100576 icp: 0.078884 construct H: 0.000789 
[fastlio_mapping-2] [ mapping ]: time: IMU + Map + Input Downsample: 0.017132 ave match: 0.076014 ave solve: 0.002822  ave ICP: 0.106830  map incre: 0.005340 ave total: 0.100682 icp: 0.078987 construct H: 0.000788 
[fastlio_mapping-2] [ mapping ]: time: IMU + Map + Input Downsample: 0.013507 ave match: 0.076040 ave solve: 0.002820  ave ICP: 0.085629  map incre: 0.013339 ave total: 0.100725 icp: 0.079010 construct H: 0.000787 
[fastlio_mapping-2] [ mapping ]: time: IMU + Map + Input Downsample: 0.015278 ave match: 0.076077 ave solve: 0.002816  ave ICP: 0.088405  map incre: 0.011831 ave total: 0.100780 icp: 0.079043 construct H: 0.000785 
[fastlio_mapping-2] [ mapping ]: time: IMU + Map + Input Downsample: 0.014841 ave match: 0.076122 ave solve: 0.002812  ave ICP: 0.090700  map incre: 0.009637 ave total: 0.100833 icp: 0.079084 construct H: 0.000784 
[fastlio_mapping-2] [ mapping ]: time: IMU + Map + Input Downsample: 0.012645 ave match: 0.076160 ave solve: 0.002816  ave ICP: 0.090693  map incre: 0.011593 ave total: 0.100884 icp: 0.079125 construct H: 0.000791 
[fastlio_mapping-2] [ mapping ]: time: IMU + Map + Input Downsample: 0.013805 ave match: 0.076189 ave solve: 0.002812  ave ICP: 0.086410  map incre: 0.008796 ave total: 0.100914 icp: 0.079151 construct H: 0.000790 
[fastlio_mapping-2] [ mapping ]: time: IMU + Map + Input Downsample: 0.014435 ave match: 0.076219 ave solve: 0.002809  ave ICP: 0.086821  map incre: 0.009972 ave total: 0.100951 icp: 0.079177 construct H: 0.000789 
[fastlio_mapping-2] [ mapping ]: time: IMU + Map + Input Downsample: 0.012734 ave match: 0.076277 ave solve: 0.002806  ave ICP: 0.094620  map incre: 0.008604 ave total: 0.101005 icp: 0.079231 construct H: 0.000788 
[fastlio_mapping-2] [ mapping ]: time: IMU + Map + Input Downsample: 0.014830 ave match: 0.076332 ave solve: 0.002803  ave ICP: 0.094168  map incre: 0.009293 ave total: 0.101067 icp: 0.079284 construct H: 0.000787 
[fastlio_mapping-2] [ mapping ]: time: IMU + Map + Input Downsample: 0.013731 ave match: 0.076360 ave solve: 0.002799  ave ICP: 0.086325  map incre: 0.007009 ave total: 0.101089 icp: 0.079308 construct H: 0.000785 
[fastlio_mapping-2] [ mapping ]: time: IMU + Map + Input Downsample: 0.013306 ave match: 0.076383 ave solve: 0.002796  ave ICP: 0.085160  map incre: 0.006537 ave total: 0.101103 icp: 0.079327 construct H: 0.000784 
[fastlio_mapping-2] [ mapping ]: time: IMU + Map + Input Downsample: 0.014411 ave match: 0.076436 ave solve: 0.002793  ave ICP: 0.093590  map incre: 0.005662 ave total: 0.101148 icp: 0.079377 construct H: 0.000783 
[fastlio_mapping-2] [ mapping ]: time: IMU + Map + Input Downsample: 0.015660 ave match: 0.076492 ave solve: 0.002789  ave ICP: 0.095658  map incre: 0.005872 ave total: 0.101204 icp: 0.079430 construct H: 0.000782 
[fastlio_mapping-2] [ mapping ]: time: IMU + Map + Input Downsample: 0.014280 ave match: 0.076521 ave solve: 0.002786  ave ICP: 0.086756  map incre: 0.004759 ave total: 0.101221 icp: 0.079455 construct H: 0.000781 
[fastlio_mapping-2] [ mapping ]: time: IMU + Map + Input Downsample: 0.014062 ave match: 0.076535 ave solve: 0.002782  ave ICP: 0.082927  map incre: 0.004932 ave total: 0.101223 icp: 0.079465 construct H: 0.000780 
[fastlio_mapping-2] [ mapping ]: time: IMU + Map + Input Downsample: 0.015790 ave match: 0.076587 ave solve: 0.002780  ave ICP: 0.093891  map incre: 0.006197 ave total: 0.101274 icp: 0.079514 construct H: 0.000779 
[fastlio_mapping-2] [ mapping ]: time: IMU + Map + Input Downsample: 0.014608 ave match: 0.076613 ave solve: 0.002776  ave ICP: 0.086155  map incre: 0.005778 ave total: 0.101293 icp: 0.079536 construct H: 0.000778 
[fastlio_mapping-2] [ mapping ]: time: IMU + Map + Input Downsample: 0.014266 ave match: 0.076640 ave solve: 0.002773  ave ICP: 0.086715  map incre: 0.005395 ave total: 0.101311 icp: 0.079560 construct H: 0.000777 
[fastlio_mapping-2] [ mapping ]: time: IMU + Map + Input Downsample: 0.015858 ave match: 0.076705 ave solve: 0.002770  ave ICP: 0.097662  map incre: 0.005994 ave total: 0.101374 icp: 0.079622 construct H: 0.000776 
[fastlio_mapping-2] [ mapping ]: time: IMU + Map + Input Downsample: 0.015476 ave match: 0.076749 ave solve: 0.002767  ave ICP: 0.091971  map incre: 0.006418 ave total: 0.101417 icp: 0.079663 construct H: 0.000775 
[fastlio_mapping-2] [ mapping ]: time: IMU + Map + Input Downsample: 0.016586 ave match: 0.076816 ave solve: 0.002763  ave ICP: 0.098387  map incre: 0.005971 ave total: 0.101484 icp: 0.079726 construct H: 0.000774 
[fastlio_mapping-2] [ mapping ]: time: IMU + Map + Input Downsample: 0.017343 ave match: 0.076871 ave solve: 0.002760  ave ICP: 0.095114  map incre: 0.007095 ave total: 0.101546 icp: 0.079778 construct H: 0.000773 
[fastlio_mapping-2] [ mapping ]: time: IMU + Map + Input Downsample: 0.013785 ave match: 0.076917 ave solve: 0.002757  ave ICP: 0.093009  map incre: 0.006203 ave total: 0.101586 icp: 0.079821 construct H: 0.000772 
[fastlio_mapping-2] [ mapping ]: time: IMU + Map + Input Downsample: 0.015922 ave match: 0.076968 ave solve: 0.002754  ave ICP: 0.094227  map incre: 0.005588 ave total: 0.101634 icp: 0.079869 construct H: 0.000772 
[fastlio_mapping-2] [ mapping ]: time: IMU + Map + Input Downsample: 0.016489 ave match: 0.077024 ave solve: 0.002752  ave ICP: 0.095761  map incre: 0.004968 ave total: 0.101687 icp: 0.079922 construct H: 0.000771 
[fastlio_mapping-2] [ mapping ]: time: IMU + Map + Input Downsample: 0.014840 ave match: 0.077051 ave solve: 0.002748  ave ICP: 0.087390  map incre: 0.004931 ave total: 0.101706 icp: 0.079946 construct H: 0.000770 
[fastlio_mapping-2] [ mapping ]: time: IMU + Map + Input Downsample: 0.014504 ave match: 0.077076 ave solve: 0.002745  ave ICP: 0.086809  map incre: 0.004587 ave total: 0.101720 icp: 0.079967 construct H: 0.000769 
[fastlio_mapping-2] [ mapping ]: time: IMU + Map + Input Downsample: 0.016166 ave match: 0.077144 ave solve: 0.002742  ave ICP: 0.099699  map incre: 0.006224 ave total: 0.101788 icp: 0.080032 construct H: 0.000768 
[fastlio_mapping-2] [ mapping ]: time: IMU + Map + Input Downsample: 0.020088 ave match: 0.077214 ave solve: 0.002740  ave ICP: 0.100872  map incre: 0.006341 ave total: 0.101874 icp: 0.080100 construct H: 0.000767 
[fastlio_mapping-2] [ mapping ]: time: IMU + Map + Input Downsample: 0.015830 ave match: 0.077248 ave solve: 0.002737  ave ICP: 0.089493  map incre: 0.007376 ave total: 0.101910 icp: 0.080130 construct H: 0.000766 
[fastlio_mapping-2] [ mapping ]: time: IMU + Map + Input Downsample: 0.014932 ave match: 0.077270 ave solve: 0.002733  ave ICP: 0.086232  map incre: 0.005943 ave total: 0.101927 icp: 0.080149 construct H: 0.000765 
[fastlio_mapping-2] [ mapping ]: time: IMU + Map + Input Downsample: 0.015640 ave match: 0.077336 ave solve: 0.002730  ave ICP: 0.099238  map incre: 0.005789 ave total: 0.101990 icp: 0.080212 construct H: 0.000764 
[fastlio_mapping-2] [ mapping ]: time: IMU + Map + Input Downsample: 0.015623 ave match: 0.077373 ave solve: 0.002727  ave ICP: 0.090649  map incre: 0.005377 ave total: 0.102022 icp: 0.080245 construct H: 0.000763 
[fastlio_mapping-2] [ mapping ]: time: IMU + Map + Input Downsample: 0.016940 ave match: 0.077395 ave solve: 0.002723  ave ICP: 0.086187  map incre: 0.005839 ave total: 0.102045 icp: 0.080263 construct H: 0.000762 
[fastlio_mapping-2] [ mapping ]: time: IMU + Map + Input Downsample: 0.014505 ave match: 0.077427 ave solve: 0.002720  ave ICP: 0.089238  map incre: 0.005977 ave total: 0.102070 icp: 0.080292 construct H: 0.000761 
[fastlio_mapping-2] [ mapping ]: time: IMU + Map + Input Downsample: 0.006557 ave match: 0.077481 ave solve: 0.002717  ave ICP: 0.096318  map incre: 0.005488 ave total: 0.102090 icp: 0.080343 construct H: 0.000760 
[fastlio_mapping-2] [ mapping ]: time: IMU + Map + Input Downsample: 0.019708 ave match: 0.077553 ave solve: 0.002714  ave ICP: 0.102515  map incre: 0.005340 ave total: 0.102174 icp: 0.080411 construct H: 0.000759 
[fastlio_mapping-2] [ mapping ]: time: IMU + Map + Input Downsample: 0.014708 ave match: 0.077573 ave solve: 0.002711  ave ICP: 0.086003  map incre: 0.005345 ave total: 0.102186 icp: 0.080429 construct H: 0.000758 
[fastlio_mapping-2] [ mapping ]: time: IMU + Map + Input Downsample: 0.015124 ave match: 0.077595 ave solve: 0.002708  ave ICP: 0.086343  map incre: 0.005110 ave total: 0.102201 icp: 0.080447 construct H: 0.000757 
[fastlio_mapping-2] [ mapping ]: time: IMU + Map + Input Downsample: 0.009120 ave match: 0.077644 ave solve: 0.002705  ave ICP: 0.095128  map incre: 0.006254 ave total: 0.102227 icp: 0.080493 construct H: 0.000756 
[fastlio_mapping-2] [ mapping ]: time: IMU + Map + Input Downsample: 0.015849 ave match: 0.077689 ave solve: 0.002702  ave ICP: 0.093816  map incre: 0.006170 ave total: 0.102271 icp: 0.080535 construct H: 0.000755 
[fastlio_mapping-2] [ mapping ]: time: IMU + Map + Input Downsample: 0.015257 ave match: 0.077743 ave solve: 0.002699  ave ICP: 0.096993  map incre: 0.005516 ave total: 0.102321 icp: 0.080586 construct H: 0.000754 
[fastlio_mapping-2] [ mapping ]: time: IMU + Map + Input Downsample: 0.014816 ave match: 0.077772 ave solve: 0.002696  ave ICP: 0.088815  map incre: 0.004495 ave total: 0.102340 icp: 0.080611 construct H: 0.000753 
[fastlio_mapping-2] [ mapping ]: time: IMU + Map + Input Downsample: 0.014885 ave match: 0.077802 ave solve: 0.002693  ave ICP: 0.089442  map incre: 0.006686 ave total: 0.102368 icp: 0.080638 construct H: 0.000752 
[fastlio_mapping-2] [ mapping ]: time: IMU + Map + Input Downsample: 0.022297 ave match: 0.077869 ave solve: 0.002690  ave ICP: 0.101165  map incre: 0.006813 ave total: 0.102456 icp: 0.080702 construct H: 0.000751 
[fastlio_mapping-2] [ mapping ]: time: IMU + Map + Input Downsample: 0.016973 ave match: 0.077892 ave solve: 0.002687  ave ICP: 0.087120  map incre: 0.008703 ave total: 0.102489 icp: 0.080721 construct H: 0.000751 
[fastlio_mapping-2] [ mapping ]: time: IMU + Map + Input Downsample: 0.007476 ave match: 0.077931 ave solve: 0.002683  ave ICP: 0.092618  map incre: 0.008431 ave total: 0.102508 icp: 0.080758 construct H: 0.000750 
[fastlio_mapping-2] [ mapping ]: time: IMU + Map + Input Downsample: 0.024657 ave match: 0.078000 ave solve: 0.002681  ave ICP: 0.101832  map incre: 0.007914 ave total: 0.102609 icp: 0.080823 construct H: 0.000749 
[fastlio_mapping-2] [ mapping ]: time: IMU + Map + Input Downsample: 0.015818 ave match: 0.078045 ave solve: 0.002678  ave ICP: 0.094743  map incre: 0.006502 ave total: 0.102654 icp: 0.080866 construct H: 0.000748 
[fastlio_mapping-2] [ mapping ]: time: IMU + Map + Input Downsample: 0.016555 ave match: 0.078081 ave solve: 0.002674  ave ICP: 0.091687  map incre: 0.004711 ave total: 0.102687 icp: 0.080898 construct H: 0.000747 
[fastlio_mapping-2] [ mapping ]: time: IMU + Map + Input Downsample: 0.015452 ave match: 0.078118 ave solve: 0.002671  ave ICP: 0.092137  map incre: 0.004814 ave total: 0.102717 icp: 0.080932 construct H: 0.000746 
[fastlio_mapping-2] [ mapping ]: time: IMU + Map + Input Downsample: 0.013863 ave match: 0.078139 ave solve: 0.002668  ave ICP: 0.086655  map incre: 0.004712 ave total: 0.102725 icp: 0.080949 construct H: 0.000745 
[fastlio_mapping-2] [ mapping ]: time: IMU + Map + Input Downsample: 0.021021 ave match: 0.078237 ave solve: 0.002666  ave ICP: 0.112345  map incre: 0.007983 ave total: 0.102845 icp: 0.081045 construct H: 0.000744 
[fastlio_mapping-2] [ mapping ]: time: IMU + Map + Input Downsample: 0.015277 ave match: 0.078318 ave solve: 0.002663  ave ICP: 0.106730  map incre: 0.005631 ave total: 0.102922 icp: 0.081124 construct H: 0.000743 
[fastlio_mapping-2] [ mapping ]: time: IMU + Map + Input Downsample: 0.007759 ave match: 0.078397 ave solve: 0.002661  ave ICP: 0.106278  map incre: 0.005907 ave total: 0.102974 icp: 0.081199 construct H: 0.000742 
[fastlio_mapping-2] [ mapping ]: time: IMU + Map + Input Downsample: 0.013685 ave match: 0.078431 ave solve: 0.002658  ave ICP: 0.091525  map incre: 0.007531 ave total: 0.103004 icp: 0.081230 construct H: 0.000741 
[fastlio_mapping-2] [ mapping ]: time: IMU + Map + Input Downsample: 0.016165 ave match: 0.078472 ave solve: 0.002655  ave ICP: 0.094212  map incre: 0.005693 ave total: 0.103044 icp: 0.081268 construct H: 0.000740 
[fastlio_mapping-2] [ mapping ]: time: IMU + Map + Input Downsample: 0.015209 ave match: 0.078496 ave solve: 0.002652  ave ICP: 0.088614  map incre: 0.006861 ave total: 0.103068 icp: 0.081290 construct H: 0.000739 
[fastlio_mapping-2] [ mapping ]: time: IMU + Map + Input Downsample: 0.018606 ave match: 0.078544 ave solve: 0.002649  ave ICP: 0.096483  map incre: 0.006212 ave total: 0.103123 icp: 0.081335 construct H: 0.000738 
[fastlio_mapping-2] [ mapping ]: time: IMU + Map + Input Downsample: 0.013720 ave match: 0.078562 ave solve: 0.002646  ave ICP: 0.086500  map incre: 0.005216 ave total: 0.103130 icp: 0.081349 construct H: 0.000737 
[fastlio_mapping-2] [ mapping ]: time: IMU + Map + Input Downsample: 0.014704 ave match: 0.078580 ave solve: 0.002643  ave ICP: 0.086408  map incre: 0.006016 ave total: 0.103142 icp: 0.081363 construct H: 0.000736 
[fastlio_mapping-2] [ mapping ]: time: IMU + Map + Input Downsample: 0.014092 ave match: 0.078597 ave solve: 0.002639  ave ICP: 0.086273  map incre: 0.006433 ave total: 0.103153 icp: 0.081377 construct H: 0.000735 
[fastlio_mapping-2] [ mapping ]: time: IMU + Map + Input Downsample: 0.010945 ave match: 0.078686 ave solve: 0.002636  ave ICP: 0.110208  map incre: 0.005587 ave total: 0.103224 icp: 0.081463 construct H: 0.000734 
[fastlio_mapping-2] [ mapping ]: time: IMU + Map + Input Downsample: 0.017121 ave match: 0.078741 ave solve: 0.002634  ave ICP: 0.099392  map incre: 0.005815 ave total: 0.103282 icp: 0.081516 construct H: 0.000733 
[fastlio_mapping-2] [ mapping ]: time: IMU + Map + Input Downsample: 0.014989 ave match: 0.078766 ave solve: 0.002631  ave ICP: 0.089225  map incre: 0.007102 ave total: 0.103306 icp: 0.081537 construct H: 0.000732 
[fastlio_mapping-2] [ mapping ]: time: IMU + Map + Input Downsample: 0.014333 ave match: 0.078782 ave solve: 0.002628  ave ICP: 0.086225  map incre: 0.005439 ave total: 0.103314 icp: 0.081550 construct H: 0.000731 
[fastlio_mapping-2] [ mapping ]: time: IMU + Map + Input Downsample: 0.016279 ave match: 0.078819 ave solve: 0.002625  ave ICP: 0.093430  map incre: 0.012031 ave total: 0.103369 icp: 0.081584 construct H: 0.000731 
[fastlio_mapping-2] [ mapping ]: time: IMU + Map + Input Downsample: 0.016804 ave match: 0.078867 ave solve: 0.002622  ave ICP: 0.097264  map incre: 0.009311 ave total: 0.103428 icp: 0.081630 construct H: 0.000730 
[fastlio_mapping-2] [ mapping ]: time: IMU + Map + Input Downsample: 0.015482 ave match: 0.078883 ave solve: 0.002619  ave ICP: 0.086099  map incre: 0.008149 ave total: 0.103447 icp: 0.081642 construct H: 0.000729 
[fastlio_mapping-2] [ mapping ]: time: IMU + Map + Input Downsample: 0.015771 ave match: 0.078939 ave solve: 0.002617  ave ICP: 0.100366  map incre: 0.009929 ave total: 0.103513 icp: 0.081696 construct H: 0.000728 
[fastlio_mapping-2] [ mapping ]: time: IMU + Map + Input Downsample: 0.015923 ave match: 0.079004 ave solve: 0.002615  ave ICP: 0.103597  map incre: 0.011874 ave total: 0.103595 icp: 0.081759 construct H: 0.000727 
[fastlio_mapping-2] [ mapping ]: time: IMU + Map + Input Downsample: 0.014489 ave match: 0.079030 ave solve: 0.002612  ave ICP: 0.090270  map incre: 0.007211 ave total: 0.103620 icp: 0.081782 construct H: 0.000726 
[fastlio_mapping-2] [ mapping ]: time: IMU + Map + Input Downsample: 0.017163 ave match: 0.079055 ave solve: 0.002610  ave ICP: 0.089650  map incre: 0.006092 ave total: 0.103647 icp: 0.081804 construct H: 0.000726 
[fastlio_mapping-2] [ mapping ]: time: IMU + Map + Input Downsample: 0.014781 ave match: 0.079075 ave solve: 0.002607  ave ICP: 0.088249  map incre: 0.006753 ave total: 0.103665 icp: 0.081822 construct H: 0.000725 
[fastlio_mapping-2] [ mapping ]: time: IMU + Map + Input Downsample: 0.014196 ave match: 0.079117 ave solve: 0.002605  ave ICP: 0.095635  map incre: 0.005542 ave total: 0.103699 icp: 0.081860 construct H: 0.000724 
[fastlio_mapping-2] [ mapping ]: time: IMU + Map + Input Downsample: 0.019135 ave match: 0.079148 ave solve: 0.002602  ave ICP: 0.092241  map incre: 0.007012 ave total: 0.103742 icp: 0.081889 construct H: 0.000723 
[fastlio_mapping-2] [ mapping ]: time: IMU + Map + Input Downsample: 0.014103 ave match: 0.079206 ave solve: 0.002600  ave ICP: 0.101702  map incre: 0.009511 ave total: 0.103804 icp: 0.081945 construct H: 0.000722 
[fastlio_mapping-2] [ mapping ]: time: IMU + Map + Input Downsample: 0.009601 ave match: 0.079281 ave solve: 0.002597  ave ICP: 0.107450  map incre: 0.007482 ave total: 0.103864 icp: 0.082016 construct H: 0.000721 
[fastlio_mapping-2] [ mapping ]: time: IMU + Map + Input Downsample: 0.014935 ave match: 0.079306 ave solve: 0.002594  ave ICP: 0.090219  map incre: 0.007138 ave total: 0.103888 icp: 0.082039 construct H: 0.000721 
[fastlio_mapping-2] [ mapping ]: time: IMU + Map + Input Downsample: 0.013981 ave match: 0.079325 ave solve: 0.002591  ave ICP: 0.087838  map incre: 0.005582 ave total: 0.103898 icp: 0.082054 construct H: 0.000720 
[fastlio_mapping-2] [ mapping ]: time: IMU + Map + Input Downsample: 0.016041 ave match: 0.079360 ave solve: 0.002589  ave ICP: 0.093763  map incre: 0.005636 ave total: 0.103931 icp: 0.082087 construct H: 0.000719 
[fastlio_mapping-2] [ mapping ]: time: IMU + Map + Input Downsample: 0.009055 ave match: 0.079430 ave solve: 0.002588  ave ICP: 0.106930  map incre: 0.006906 ave total: 0.103985 icp: 0.082156 construct H: 0.000718 
[fastlio_mapping-2] [ mapping ]: time: IMU + Map + Input Downsample: 0.014651 ave match: 0.079485 ave solve: 0.002586  ave ICP: 0.100920  map incre: 0.005457 ave total: 0.104033 icp: 0.082209 construct H: 0.000717 
[fastlio_mapping-2] [ mapping ]: time: IMU + Map + Input Downsample: 0.015606 ave match: 0.079530 ave solve: 0.002583  ave ICP: 0.097694  map incre: 0.005334 ave total: 0.104075 icp: 0.082251 construct H: 0.000716 
[fastlio_mapping-2] [ mapping ]: time: IMU + Map + Input Downsample: 0.015015 ave match: 0.079567 ave solve: 0.002581  ave ICP: 0.094722  map incre: 0.005276 ave total: 0.104106 icp: 0.082285 construct H: 0.000715 
[fastlio_mapping-2] [ mapping ]: time: IMU + Map + Input Downsample: 0.015066 ave match: 0.079682 ave solve: 0.002578  ave ICP: 0.124186  map incre: 0.005076 ave total: 0.104219 icp: 0.082399 construct H: 0.000715 
[fastlio_mapping-2] [ mapping ]: time: IMU + Map + Input Downsample: 0.016297 ave match: 0.079737 ave solve: 0.002576  ave ICP: 0.101187  map incre: 0.008120 ave total: 0.104279 icp: 0.082450 construct H: 0.000714 
[fastlio_mapping-2] [ mapping ]: time: IMU + Map + Input Downsample: 0.014924 ave match: 0.079757 ave solve: 0.002574  ave ICP: 0.089272  map incre: 0.007352 ave total: 0.104299 icp: 0.082468 construct H: 0.000713 
[fastlio_mapping-2] [ mapping ]: time: IMU + Map + Input Downsample: 0.008763 ave match: 0.079819 ave solve: 0.002571  ave ICP: 0.104496  map incre: 0.008219 ave total: 0.104347 icp: 0.082528 construct H: 0.000712 
[fastlio_mapping-2] [ mapping ]: time: IMU + Map + Input Downsample: 0.018468 ave match: 0.079868 ave solve: 0.002569  ave ICP: 0.099346  map incre: 0.008739 ave total: 0.104409 icp: 0.082574 construct H: 0.000712 
[fastlio_mapping-2] [ mapping ]: time: IMU + Map + Input Downsample: 0.015004 ave match: 0.079899 ave solve: 0.002566  ave ICP: 0.093111  map incre: 0.006532 ave total: 0.104438 icp: 0.082602 construct H: 0.000711 
[fastlio_mapping-2] [ mapping ]: time: IMU + Map + Input Downsample: 0.017192 ave match: 0.079951 ave solve: 0.002564  ave ICP: 0.101041  map incre: 0.005339 ave total: 0.104491 icp: 0.082652 construct H: 0.000710 
[fastlio_mapping-2] [ mapping ]: time: IMU + Map + Input Downsample: 0.016177 ave match: 0.080008 ave solve: 0.002561  ave ICP: 0.102606  map incre: 0.005298 ave total: 0.104545 icp: 0.082706 construct H: 0.000709 
[fastlio_mapping-2] [ mapping ]: time: IMU + Map + Input Downsample: 0.014704 ave match: 0.080066 ave solve: 0.002559  ave ICP: 0.103441  map incre: 0.004926 ave total: 0.104596 icp: 0.082762 construct H: 0.000708 
[fastlio_mapping-2] [ mapping ]: time: IMU + Map + Input Downsample: 0.015386 ave match: 0.080123 ave solve: 0.002557  ave ICP: 0.103264  map incre: 0.009576 ave total: 0.104661 icp: 0.082817 construct H: 0.000708 
[fastlio_mapping-2] [ mapping ]: time: IMU + Map + Input Downsample: 0.014637 ave match: 0.080157 ave solve: 0.002554  ave ICP: 0.094708  map incre: 0.012216 ave total: 0.104707 icp: 0.082848 construct H: 0.000707 
[fastlio_mapping-2] [ mapping ]: time: IMU + Map + Input Downsample: 0.015214 ave match: 0.080207 ave solve: 0.002552  ave ICP: 0.100585  map incre: 0.007739 ave total: 0.104759 icp: 0.082896 construct H: 0.000706 
[fastlio_mapping-2] [ mapping ]: time: IMU + Map + Input Downsample: 0.038121 ave match: 0.080297 ave solve: 0.002550  ave ICP: 0.115923  map incre: 0.008676 ave total: 0.104916 icp: 0.082984 construct H: 0.000706 
[fastlio_mapping-2] [ mapping ]: time: IMU + Map + Input Downsample: 0.014448 ave match: 0.080325 ave solve: 0.002548  ave ICP: 0.092751  map incre: 0.006370 ave total: 0.104940 icp: 0.083010 construct H: 0.000705 
[fastlio_mapping-2] [ mapping ]: time: IMU + Map + Input Downsample: 0.013925 ave match: 0.080350 ave solve: 0.002546  ave ICP: 0.091572  map incre: 0.007714 ave total: 0.104962 icp: 0.083032 construct H: 0.000704 
[fastlio_mapping-2] [ mapping ]: time: IMU + Map + Input Downsample: 0.017799 ave match: 0.080451 ave solve: 0.002544  ave ICP: 0.119821  map incre: 0.011283 ave total: 0.105081 icp: 0.083130 construct H: 0.000704 
[fastlio_mapping-2] [ mapping ]: time: IMU + Map + Input Downsample: 0.015534 ave match: 0.080499 ave solve: 0.002541  ave ICP: 0.100542  map incre: 0.006031 ave total: 0.105127 icp: 0.083176 construct H: 0.000703 
[fastlio_mapping-2] [ mapping ]: time: IMU + Map + Input Downsample: 0.015056 ave match: 0.080538 ave solve: 0.002539  ave ICP: 0.097270  map incre: 0.006854 ave total: 0.105165 icp: 0.083213 construct H: 0.000702 
[fastlio_mapping-2] [ mapping ]: time: IMU + Map + Input Downsample: 0.015316 ave match: 0.080612 ave solve: 0.002538  ave ICP: 0.110607  map incre: 0.008237 ave total: 0.105243 icp: 0.083286 construct H: 0.000702 
[fastlio_mapping-2] [ mapping ]: time: IMU + Map + Input Downsample: 0.018393 ave match: 0.080716 ave solve: 0.002537  ave ICP: 0.122467  map incre: 0.006790 ave total: 0.105356 icp: 0.083389 construct H: 0.000702 
[fastlio_mapping-2] [ mapping ]: time: IMU + Map + Input Downsample: 0.017788 ave match: 0.080757 ave solve: 0.002535  ave ICP: 0.098226  map incre: 0.008009 ave total: 0.105406 icp: 0.083428 construct H: 0.000701 
[fastlio_mapping-2] [ mapping ]: time: IMU + Map + Input Downsample: 0.017752 ave match: 0.080816 ave solve: 0.002533  ave ICP: 0.105382  map incre: 0.006849 ave total: 0.105471 icp: 0.083485 construct H: 0.000700 
[fastlio_mapping-2] [ mapping ]: time: IMU + Map + Input Downsample: 0.016983 ave match: 0.080881 ave solve: 0.002531  ave ICP: 0.107495  map incre: 0.005386 ave total: 0.105536 icp: 0.083548 construct H: 0.000700 
[fastlio_mapping-2] [ mapping ]: time: IMU + Map + Input Downsample: 0.016733 ave match: 0.080919 ave solve: 0.002529  ave ICP: 0.098058  map incre: 0.005345 ave total: 0.105574 icp: 0.083584 construct H: 0.000699 
[fastlio_mapping-2] [ mapping ]: time: IMU + Map + Input Downsample: 0.018536 ave match: 0.080993 ave solve: 0.002528  ave ICP: 0.111358  map incre: 0.004597 ave total: 0.105651 icp: 0.083656 construct H: 0.000698 
[fastlio_mapping-2] [ mapping ]: time: IMU + Map + Input Downsample: 0.015663 ave match: 0.081022 ave solve: 0.002525  ave ICP: 0.094209  map incre: 0.005072 ave total: 0.105675 icp: 0.083683 construct H: 0.000698 
[fastlio_mapping-2] [ mapping ]: time: IMU + Map + Input Downsample: 0.017466 ave match: 0.081094 ave solve: 0.002523  ave ICP: 0.110533  map incre: 0.007587 ave total: 0.105754 icp: 0.083752 construct H: 0.000697 
[fastlio_mapping-2] [ mapping ]: time: IMU + Map + Input Downsample: 0.016315 ave match: 0.081125 ave solve: 0.002521  ave ICP: 0.095097  map incre: 0.004205 ave total: 0.105780 icp: 0.083781 construct H: 0.000696 
[fastlio_mapping-2] [ mapping ]: time: IMU + Map + Input Downsample: 0.018748 ave match: 0.081241 ave solve: 0.002519  ave ICP: 0.127670  map incre: 0.004620 ave total: 0.105898 icp: 0.083894 construct H: 0.000695 
[fastlio_mapping-2] [ mapping ]: time: IMU + Map + Input Downsample: 0.014529 ave match: 0.081266 ave solve: 0.002516  ave ICP: 0.093008  map incre: 0.005230 ave total: 0.105916 icp: 0.083917 construct H: 0.000695 
[fastlio_mapping-2] [ mapping ]: time: IMU + Map + Input Downsample: 0.014409 ave match: 0.081284 ave solve: 0.002514  ave ICP: 0.090492  map incre: 0.005233 ave total: 0.105927 icp: 0.083933 construct H: 0.000694 
[fastlio_mapping-2] [ mapping ]: time: IMU + Map + Input Downsample: 0.014882 ave match: 0.081321 ave solve: 0.002511  ave ICP: 0.097366  map incre: 0.004889 ave total: 0.105956 icp: 0.083967 construct H: 0.000693 
[fastlio_mapping-2] [ mapping ]: time: IMU + Map + Input Downsample: 0.013897 ave match: 0.081339 ave solve: 0.002509  ave ICP: 0.090514  map incre: 0.004049 ave total: 0.105962 icp: 0.083983 construct H: 0.000693 
[fastlio_mapping-2] [ mapping ]: time: IMU + Map + Input Downsample: 0.014359 ave match: 0.081351 ave solve: 0.002507  ave ICP: 0.088284  map incre: 0.004264 ave total: 0.105964 icp: 0.083993 construct H: 0.000692 
[fastlio_mapping-2] [ mapping ]: time: IMU + Map + Input Downsample: 0.013735 ave match: 0.081388 ave solve: 0.002505  ave ICP: 0.097925  map incre: 0.004335 ave total: 0.105990 icp: 0.084027 construct H: 0.000691 
[fastlio_mapping-2] [ mapping ]: time: IMU + Map + Input Downsample: 0.013647 ave match: 0.081397 ave solve: 0.002502  ave ICP: 0.086585  map incre: 0.008634 ave total: 0.105998 icp: 0.084033 construct H: 0.000690 
[fastlio_mapping-2] [ mapping ]: time: IMU + Map + Input Downsample: 0.013911 ave match: 0.081441 ave solve: 0.002500  ave ICP: 0.103720  map incre: 0.008391 ave total: 0.106049 icp: 0.084075 construct H: 0.000690 
[fastlio_mapping-2] [ mapping ]: time: IMU + Map + Input Downsample: 0.018883 ave match: 0.081502 ave solve: 0.002498  ave ICP: 0.107432  map incre: 0.007777 ave total: 0.106120 icp: 0.084134 construct H: 0.000689 
[fastlio_mapping-2] [ mapping ]: time: IMU + Map + Input Downsample: 0.019746 ave match: 0.081561 ave solve: 0.002496  ave ICP: 0.107157  map incre: 0.009748 ave total: 0.106198 icp: 0.084191 construct H: 0.000689 
[fastlio_mapping-2] [ mapping ]: time: IMU + Map + Input Downsample: 0.018761 ave match: 0.081630 ave solve: 0.002495  ave ICP: 0.111587  map incre: 0.003630 ave total: 0.106269 icp: 0.084258 construct H: 0.000688 
[fastlio_mapping-2] [ mapping ]: time: IMU + Map + Input Downsample: 0.015566 ave match: 0.081634 ave solve: 0.002492  ave ICP: 0.085146  map incre: 0.003111 ave total: 0.106262 icp: 0.084259 construct H: 0.000687 
[fastlio_mapping-2] [ mapping ]: time: IMU + Map + Input Downsample: 0.014429 ave match: 0.081657 ave solve: 0.002489  ave ICP: 0.092437  map incre: 0.003148 ave total: 0.106272 icp: 0.084279 construct H: 0.000686 
[fastlio_mapping-2] [ mapping ]: time: IMU + Map + Input Downsample: 0.013599 ave match: 0.081679 ave solve: 0.002487  ave ICP: 0.092520  map incre: 0.004030 ave total: 0.106282 icp: 0.084299 construct H: 0.000685 
[fastlio_mapping-2] [ mapping ]: time: IMU + Map + Input Downsample: 0.013308 ave match: 0.081686 ave solve: 0.002484  ave ICP: 0.086371  map incre: 0.002845 ave total: 0.106272 icp: 0.084303 construct H: 0.000685 
[fastlio_mapping-2] [ mapping ]: time: IMU + Map + Input Downsample: 0.013168 ave match: 0.081698 ave solve: 0.002481  ave ICP: 0.088219  map incre: 0.002588 ave total: 0.106266 icp: 0.084312 construct H: 0.000684 
[fastlio_mapping-2] [ mapping ]: time: IMU + Map + Input Downsample: 0.013693 ave match: 0.081717 ave solve: 0.002479  ave ICP: 0.091373  map incre: 0.002954 ave total: 0.106271 icp: 0.084329 construct H: 0.000683 
[fastlio_mapping-2] [ mapping ]: time: IMU + Map + Input Downsample: 0.013599 ave match: 0.081738 ave solve: 0.002477  ave ICP: 0.092124  map incre: 0.002877 ave total: 0.106277 icp: 0.084347 construct H: 0.000682 
[fastlio_mapping-2] [ mapping ]: time: IMU + Map + Input Downsample: 0.014451 ave match: 0.081778 ave solve: 0.002474  ave ICP: 0.099596  map incre: 0.003414 ave total: 0.106304 icp: 0.084384 construct H: 0.000681 
[fastlio_mapping-2] [ mapping ]: time: IMU + Map + Input Downsample: 0.014614 ave match: 0.081785 ave solve: 0.002472  ave ICP: 0.086743  map incre: 0.002291 ave total: 0.106298 icp: 0.084389 construct H: 0.000681 
[fastlio_mapping-2] [ mapping ]: time: IMU + Map + Input Downsample: 0.014468 ave match: 0.081799 ave solve: 0.002469  ave ICP: 0.089050  map incre: 0.002650 ave total: 0.106298 icp: 0.084400 construct H: 0.000680 
[fastlio_mapping-2] [ mapping ]: time: IMU + Map + Input Downsample: 0.015494 ave match: 0.081816 ave solve: 0.002467  ave ICP: 0.090947  map incre: 0.002744 ave total: 0.106305 icp: 0.084415 construct H: 0.000679 
[fastlio_mapping-2] [ mapping ]: time: IMU + Map + Input Downsample: 0.015774 ave match: 0.081855 ave solve: 0.002465  ave ICP: 0.099648  map incre: 0.002891 ave total: 0.106334 icp: 0.084452 construct H: 0.000678 
[fastlio_mapping-2] [ mapping ]: time: IMU + Map + Input Downsample: 0.015206 ave match: 0.081890 ave solve: 0.002463  ave ICP: 0.098101  map incre: 0.002809 ave total: 0.106358 icp: 0.084484 construct H: 0.000678 
[fastlio_mapping-2] [ mapping ]: time: IMU + Map + Input Downsample: 0.021872 ave match: 0.081963 ave solve: 0.002462  ave ICP: 0.115194  map incre: 0.006919 ave total: 0.106451 icp: 0.084557 construct H: 0.000677 
[fastlio_mapping-2] [ mapping ]: time: IMU + Map + Input Downsample: 0.018288 ave match: 0.082001 ave solve: 0.002460  ave ICP: 0.099594  map incre: 0.009376 ave total: 0.106501 icp: 0.084593 construct H: 0.000677 
[fastlio_mapping-2] [ mapping ]: time: IMU + Map + Input Downsample: 0.028854 ave match: 0.082025 ave solve: 0.002457  ave ICP: 0.093510  map incre: 0.004373 ave total: 0.106551 icp: 0.084613 construct H: 0.000676 
[fastlio_mapping-2] [ mapping ]: time: IMU + Map + Input Downsample: 0.016191 ave match: 0.082058 ave solve: 0.002455  ave ICP: 0.097890  map incre: 0.005230 ave total: 0.106582 icp: 0.084645 construct H: 0.000675 
[fastlio_mapping-2] [ mapping ]: time: IMU + Map + Input Downsample: 0.015921 ave match: 0.082094 ave solve: 0.002453  ave ICP: 0.098622  map incre: 0.003449 ave total: 0.106609 icp: 0.084678 construct H: 0.000674 
[fastlio_mapping-2] [ mapping ]: time: IMU + Map + Input Downsample: 0.014635 ave match: 0.082108 ave solve: 0.002450  ave ICP: 0.089922  map incre: 0.008707 ave total: 0.106626 icp: 0.084689 construct H: 0.000674 
[fastlio_mapping-2] [ mapping ]: time: IMU + Map + Input Downsample: 0.014043 ave match: 0.082125 ave solve: 0.002448  ave ICP: 0.091049  map incre: 0.005334 ave total: 0.106635 icp: 0.084704 construct H: 0.000673 
[fastlio_mapping-2] [ mapping ]: time: IMU + Map + Input Downsample: 0.019795 ave match: 0.082184 ave solve: 0.002446  ave ICP: 0.108729  map incre: 0.008751 ave total: 0.106709 icp: 0.084761 construct H: 0.000672 
[fastlio_mapping-2] [ mapping ]: time: IMU + Map + Input Downsample: 0.016855 ave match: 0.082229 ave solve: 0.002445  ave ICP: 0.103468  map incre: 0.004274 ave total: 0.106752 icp: 0.084805 construct H: 0.000672 
[fastlio_mapping-2] [ mapping ]: time: IMU + Map + Input Downsample: 0.019727 ave match: 0.082249 ave solve: 0.002443  ave ICP: 0.092701  map incre: 0.003835 ave total: 0.106774 icp: 0.084823 construct H: 0.000671 
[fastlio_mapping-2] [ mapping ]: time: IMU + Map + Input Downsample: 0.016405 ave match: 0.082289 ave solve: 0.002440  ave ICP: 0.100698  map incre: 0.003266 ave total: 0.106807 icp: 0.084860 construct H: 0.000670 
[fastlio_mapping-2] [ mapping ]: time: IMU + Map + Input Downsample: 0.014375 ave match: 0.082303 ave solve: 0.002438  ave ICP: 0.090014  map incre: 0.002372 ave total: 0.106807 icp: 0.084871 construct H: 0.000669 
[fastlio_mapping-2] [ mapping ]: time: IMU + Map + Input Downsample: 0.015831 ave match: 0.082345 ave solve: 0.002436  ave ICP: 0.102040  map incre: 0.005864 ave total: 0.106847 icp: 0.084911 construct H: 0.000669 
[fastlio_mapping-2] [ mapping ]: time: IMU + Map + Input Downsample: 0.016001 ave match: 0.082411 ave solve: 0.002435  ave ICP: 0.113080  map incre: 0.007752 ave total: 0.106918 icp: 0.084977 construct H: 0.000669 
[fastlio_mapping-2] [ mapping ]: time: IMU + Map + Input Downsample: 0.016161 ave match: 0.082451 ave solve: 0.002433  ave ICP: 0.101146  map incre: 0.006043 ave total: 0.106957 icp: 0.085014 construct H: 0.000668 
[fastlio_mapping-2] [ mapping ]: time: IMU + Map + Input Downsample: 0.015756 ave match: 0.082473 ave solve: 0.002431  ave ICP: 0.093494  map incre: 0.003615 ave total: 0.106971 icp: 0.085033 construct H: 0.000667 
[fastlio_mapping-2] [ mapping ]: time: IMU + Map + Input Downsample: 0.017233 ave match: 0.082499 ave solve: 0.002428  ave ICP: 0.095917  map incre: 0.006541 ave total: 0.107001 icp: 0.085058 construct H: 0.000667 
[fastlio_mapping-2] [ mapping ]: time: IMU + Map + Input Downsample: 0.017136 ave match: 0.082522 ave solve: 0.002426  ave ICP: 0.093949  map incre: 0.010031 ave total: 0.107034 icp: 0.085078 construct H: 0.000666 
[fastlio_mapping-2] [ mapping ]: time: IMU + Map + Input Downsample: 0.014532 ave match: 0.082538 ave solve: 0.002424  ave ICP: 0.091290  map incre: 0.008580 ave total: 0.107052 icp: 0.085091 construct H: 0.000665 
[fastlio_mapping-2] [ mapping ]: time: IMU + Map + Input Downsample: 0.016072 ave match: 0.082588 ave solve: 0.002422  ave ICP: 0.106056  map incre: 0.014550 ave total: 0.107121 icp: 0.085139 construct H: 0.000665 
[fastlio_mapping-2] [ mapping ]: time: IMU + Map + Input Downsample: 0.016525 ave match: 0.082602 ave solve: 0.002420  ave ICP: 0.090525  map incre: 0.008311 ave total: 0.107140 icp: 0.085151 construct H: 0.000664 
[fastlio_mapping-2] [ mapping ]: time: IMU + Map + Input Downsample: 0.014900 ave match: 0.082624 ave solve: 0.002418  ave ICP: 0.093976  map incre: 0.009171 ave total: 0.107166 icp: 0.085171 construct H: 0.000663 
[fastlio_mapping-2] [ mapping ]: time: IMU + Map + Input Downsample: 0.016339 ave match: 0.082644 ave solve: 0.002416  ave ICP: 0.093334  map incre: 0.009719 ave total: 0.107194 icp: 0.085189 construct H: 0.000663 
[fastlio_mapping-2] [ mapping ]: time: IMU + Map + Input Downsample: 0.015626 ave match: 0.082695 ave solve: 0.002414  ave ICP: 0.106725  map incre: 0.008204 ave total: 0.107248 icp: 0.085238 construct H: 0.000662 
[fastlio_mapping-2] [ mapping ]: time: IMU + Map + Input Downsample: 0.014207 ave match: 0.082738 ave solve: 0.002413  ave ICP: 0.103841  map incre: 0.006345 ave total: 0.107288 icp: 0.085280 construct H: 0.000662 
[fastlio_mapping-2] [ mapping ]: time: IMU + Map + Input Downsample: 0.015893 ave match: 0.082823 ave solve: 0.002411  ave ICP: 0.121936  map incre: 0.016546 ave total: 0.107397 icp: 0.085363 construct H: 0.000661 
[fastlio_mapping-2] [ mapping ]: time: IMU + Map + Input Downsample: 0.016594 ave match: 0.082870 ave solve: 0.002409  ave ICP: 0.107676  map incre: 0.014925 ave total: 0.107470 icp: 0.085408 construct H: 0.000660 
[fastlio_mapping-2] [ mapping ]: time: IMU + Map + Input Downsample: 0.022905 ave match: 0.082929 ave solve: 0.002409  ave ICP: 0.111475  map incre: 0.015157 ave total: 0.107567 icp: 0.085467 construct H: 0.000660 
[fastlio_mapping-2] [ mapping ]: time: IMU + Map + Input Downsample: 0.014327 ave match: 0.082979 ave solve: 0.002408  ave ICP: 0.107045  map incre: 0.010163 ave total: 0.107622 icp: 0.085515 construct H: 0.000660 
[fastlio_mapping-2] [ mapping ]: time: IMU + Map + Input Downsample: 0.018164 ave match: 0.083051 ave solve: 0.002405  ave ICP: 0.116244  map incre: 0.034426 ave total: 0.107762 icp: 0.085585 construct H: 0.000659 
[fastlio_mapping-2] [ mapping ]: time: IMU + Map + Input Downsample: 0.017884 ave match: 0.083098 ave solve: 0.002402  ave ICP: 0.105346  map incre: 0.041436 ave total: 0.107892 icp: 0.085629 construct H: 0.000658 
[fastlio_mapping-2] [ mapping ]: time: IMU + Map + Input Downsample: 0.014618 ave match: 0.083121 ave solve: 0.002402  ave ICP: 0.095584  map incre: 0.025653 ave total: 0.107956 icp: 0.085651 construct H: 0.000658 
[fastlio_mapping-2] [ mapping ]: time: IMU + Map + Input Downsample: 0.015273 ave match: 0.083139 ave solve: 0.002401  ave ICP: 0.093804  map incre: 0.017969 ave total: 0.107999 icp: 0.085668 construct H: 0.000658 
[fastlio_mapping-2] [ mapping ]: time: IMU + Map + Input Downsample: 0.013719 ave match: 0.083187 ave solve: 0.002402  ave ICP: 0.107591  map incre: 0.017979 ave total: 0.108070 icp: 0.085717 construct H: 0.000658 
[fastlio_mapping-2] [ mapping ]: time: IMU + Map + Input Downsample: 0.024730 ave match: 0.083276 ave solve: 0.002403  ave ICP: 0.126252  map incre: 0.017770 ave total: 0.108207 icp: 0.085808 construct H: 0.000658 
[fastlio_mapping-2] [ mapping ]: time: IMU + Map + Input Downsample: 0.016205 ave match: 0.083319 ave solve: 0.002403  ave ICP: 0.104959  map incre: 0.012698 ave total: 0.108265 icp: 0.085850 construct H: 0.000658 
[fastlio_mapping-2] [ mapping ]: time: IMU + Map + Input Downsample: 0.015213 ave match: 0.083377 ave solve: 0.002403  ave ICP: 0.112392  map incre: 0.017729 ave total: 0.108349 icp: 0.085909 construct H: 0.000658 
[fastlio_mapping-2] [ mapping ]: time: IMU + Map + Input Downsample: 0.019899 ave match: 0.083421 ave solve: 0.002403  ave ICP: 0.105687  map incre: 0.014721 ave total: 0.108420 icp: 0.085952 construct H: 0.000658 
[fastlio_mapping-2] [ mapping ]: time: IMU + Map + Input Downsample: 0.005234 ave match: 0.083449 ave solve: 0.002403  ave ICP: 0.099818  map incre: 0.010946 ave total: 0.108437 icp: 0.085982 construct H: 0.000658 
[fastlio_mapping-2] [ mapping ]: time: IMU + Map + Input Downsample: 0.014469 ave match: 0.083472 ave solve: 0.002403  ave ICP: 0.096259  map incre: 0.027206 ave total: 0.108503 icp: 0.086004 construct H: 0.000658 
[fastlio_mapping-2] [ mapping ]: time: IMU + Map + Input Downsample: 0.019184 ave match: 0.083561 ave solve: 0.002403  ave ICP: 0.126473  map incre: 0.042346 ave total: 0.108681 icp: 0.086093 construct H: 0.000658 
[fastlio_mapping-2] [ mapping ]: time: IMU + Map + Input Downsample: 0.017140 ave match: 0.083644 ave solve: 0.002403  ave ICP: 0.124771  map incre: 0.030144 ave total: 0.108822 icp: 0.086175 construct H: 0.000658 
[fastlio_mapping-2] [ mapping ]: time: IMU + Map + Input Downsample: 0.007531 ave match: 0.083692 ave solve: 0.002403  ave ICP: 0.108055  map incre: 0.049604 ave total: 0.108947 icp: 0.086223 construct H: 0.000658 
[fastlio_mapping-2] [ mapping ]: time: IMU + Map + Input Downsample: 0.016208 ave match: 0.083723 ave solve: 0.002401  ave ICP: 0.100311  map incre: 0.032409 ave total: 0.109036 icp: 0.086254 construct H: 0.000658 
[fastlio_mapping-2] [ mapping ]: time: IMU + Map + Input Downsample: 0.016408 ave match: 0.083776 ave solve: 0.002400  ave ICP: 0.110091  map incre: 0.048453 ave total: 0.109182 icp: 0.086305 construct H: 0.000657 
[fastlio_mapping-2] [ mapping ]: time: IMU + Map + Input Downsample: 0.017806 ave match: 0.083824 ave solve: 0.002401  ave ICP: 0.108392  map incre: 0.040304 ave total: 0.109308 icp: 0.086353 construct H: 0.000657 
[fastlio_mapping-2] [ mapping ]: time: IMU + Map + Input Downsample: 0.014674 ave match: 0.083881 ave solve: 0.002400  ave ICP: 0.112709  map incre: 0.035786 ave total: 0.109427 icp: 0.086409 construct H: 0.000657 
[fastlio_mapping-2] [ mapping ]: time: IMU + Map + Input Downsample: 0.007821 ave match: 0.083913 ave solve: 0.002400  ave ICP: 0.101961  map incre: 0.025414 ave total: 0.109483 icp: 0.086442 construct H: 0.000657 
[fastlio_mapping-2] [ mapping ]: time: IMU + Map + Input Downsample: 0.013177 ave match: 0.083912 ave solve: 0.002399  ave ICP: 0.085778  map incre: 0.027465 ave total: 0.109521 icp: 0.086440 construct H: 0.000656 
[fastlio_mapping-2] [ mapping ]: time: IMU + Map + Input Downsample: 0.013393 ave match: 0.083921 ave solve: 0.002398  ave ICP: 0.090416  map incre: 0.018056 ave total: 0.109548 icp: 0.086447 construct H: 0.000656 
[fastlio_mapping-2] [ mapping ]: time: IMU + Map + Input Downsample: 0.015777 ave match: 0.083953 ave solve: 0.002397  ave ICP: 0.101665  map incre: 0.028657 ave total: 0.109627 icp: 0.086478 construct H: 0.000656 
[fastlio_mapping-2] [ mapping ]: time: IMU + Map + Input Downsample: 0.013310 ave match: 0.083971 ave solve: 0.002396  ave ICP: 0.095192  map incre: 0.014382 ave total: 0.109656 icp: 0.086496 construct H: 0.000656 
[fastlio_mapping-2] [ mapping ]: time: IMU + Map + Input Downsample: 0.015080 ave match: 0.083975 ave solve: 0.002395  ave ICP: 0.088219  map incre: 0.010232 ave total: 0.109665 icp: 0.086499 construct H: 0.000655 
[fastlio_mapping-2] [ mapping ]: time: IMU + Map + Input Downsample: 0.014112 ave match: 0.083988 ave solve: 0.002395  ave ICP: 0.092338  map incre: 0.010205 ave total: 0.109680 icp: 0.086511 construct H: 0.000655 
[fastlio_mapping-2] [ mapping ]: time: IMU + Map + Input Downsample: 0.016805 ave match: 0.084015 ave solve: 0.002394  ave ICP: 0.099271  map incre: 0.015049 ave total: 0.109726 icp: 0.086538 construct H: 0.000655 
[fastlio_mapping-2] [ mapping ]: time: IMU + Map + Input Downsample: 0.014741 ave match: 0.084032 ave solve: 0.002392  ave ICP: 0.093113  map incre: 0.043977 ave total: 0.109817 icp: 0.086552 construct H: 0.000654 
[fastlio_mapping-2] [ mapping ]: time: IMU + Map + Input Downsample: 0.017208 ave match: 0.084090 ave solve: 0.002389  ave ICP: 0.112562  map incre: 0.068537 ave total: 0.110008 icp: 0.086607 construct H: 0.000653 
