[INFO] [launch]: All log files can be found below /home/nvidia/.ros/log/2026-10-06-12-27-40-016651-nvidia-desktop-9315
[INFO] [launch]: Default logging verbosity is set to INFO
[INFO] [imu_si_publisher-1]: process started with pid [9321]
[INFO] [fastlio_mapping-2]: process started with pid [9323]
[imu_si_publisher-1] [INFO] [1791260860.188088065] [imu_si_publisher]: IMU SI bridge started: /livox/imu -> /livox/imu_si, acc_scale=9.80665
[fastlio_mapping-2] [INFO] [1791260860.323680670] [laser_mapping]: p_pre->lidar_type 0
[fastlio_mapping-2] Multi thread started 
[fastlio_mapping-2] ~~~~/home/nvidia/ros2_ws/src/fast_lio2/ file opened
[fastlio_mapping-2] [INFO] [1791260860.338135875] [laser_mapping]: Node init finished.
[fastlio_mapping-2] IMU Initial Done
[fastlio_mapping-2] [WARN] [1791260938.078598238] [laser_mapping]: No point, skip this scan!
[fastlio_mapping-2] 
[fastlio_mapping-2] [INFO] [1791260938.291949241] [laser_mapping]: Initialize the map kdtree
[fastlio_mapping-2] [ mapping ]: time: IMU + Map + Input Downsample: 0.025144 ave match: 0.061358 ave solve: 0.002802  ave ICP: 0.064996  map incre: 0.010030 ave total: 0.100171 icp: 0.064296 construct H: 0.000836 
[fastlio_mapping-2] [ mapping ]: time: IMU + Map + Input Downsample: 0.022216 ave match: 0.064796 ave solve: 0.003211  ave ICP: 0.072405  map incre: 0.009352 ave total: 0.102072 icp: 0.068160 construct H: 0.000947 
[fastlio_mapping-2] [ mapping ]: time: IMU + Map + Input Downsample: 0.025279 ave match: 0.065051 ave solve: 0.003308  ave ICP: 0.069597  map incre: 0.007966 ave total: 0.102329 icp: 0.068518 construct H: 0.000974 
[fastlio_mapping-2] [ mapping ]: time: IMU + Map + Input Downsample: 0.025584 ave match: 0.064889 ave solve: 0.003338  ave ICP: 0.068336  map incre: 0.006206 ave total: 0.101778 icp: 0.068388 construct H: 0.000989 
[fastlio_mapping-2] [ mapping ]: time: IMU + Map + Input Downsample: 0.024050 ave match: 0.064959 ave solve: 0.003220  ave ICP: 0.068430  map incre: 0.005435 ave total: 0.101006 icp: 0.068333 construct H: 0.000954 
[fastlio_mapping-2] [ mapping ]: time: IMU + Map + Input Downsample: 0.025723 ave match: 0.064526 ave solve: 0.003140  ave ICP: 0.065555  map incre: 0.004309 ave total: 0.100103 icp: 0.067817 construct H: 0.000931 
[fastlio_mapping-2] [ mapping ]: time: IMU + Map + Input Downsample: 0.025896 ave match: 0.064725 ave solve: 0.003194  ave ICP: 0.069869  map incre: 0.004884 ave total: 0.100181 icp: 0.068072 construct H: 0.000947 
[fastlio_mapping-2] [ mapping ]: time: IMU + Map + Input Downsample: 0.027042 ave match: 0.064447 ave solve: 0.003131  ave ICP: 0.065648  map incre: 0.003706 ave total: 0.099708 icp: 0.067728 construct H: 0.000927 
[fastlio_mapping-2] [ mapping ]: time: IMU + Map + Input Downsample: 0.020801 ave match: 0.064951 ave solve: 0.003184  ave ICP: 0.073043  map incre: 0.003416 ave total: 0.099436 icp: 0.068289 construct H: 0.000941 
[fastlio_mapping-2] [ mapping ]: time: IMU + Map + Input Downsample: 0.023955 ave match: 0.065497 ave solve: 0.003235  ave ICP: 0.074609  map incre: 0.003109 ave total: 0.099659 icp: 0.068888 construct H: 0.000959 
[fastlio_mapping-2] [ mapping ]: time: IMU + Map + Input Downsample: 0.021811 ave match: 0.065644 ave solve: 0.003194  ave ICP: 0.070369  map incre: 0.003757 ave total: 0.099321 icp: 0.068992 construct H: 0.000946 
[fastlio_mapping-2] [ mapping ]: time: IMU + Map + Input Downsample: 0.023632 ave match: 0.066081 ave solve: 0.003238  ave ICP: 0.075128  map incre: 0.003142 ave total: 0.099536 icp: 0.069475 construct H: 0.000961 
[fastlio_mapping-2] [ mapping ]: time: IMU + Map + Input Downsample: 0.021709 ave match: 0.066207 ave solve: 0.003204  ave ICP: 0.070981  map incre: 0.002823 ave total: 0.099227 icp: 0.069566 construct H: 0.000950 
[fastlio_mapping-2] [ mapping ]: time: IMU + Map + Input Downsample: 0.025189 ave match: 0.066665 ave solve: 0.003243  ave ICP: 0.076892  map incre: 0.002952 ave total: 0.099641 icp: 0.070067 construct H: 0.000961 
[fastlio_mapping-2] [ mapping ]: time: IMU + Map + Input Downsample: 0.023630 ave match: 0.066729 ave solve: 0.003214  ave ICP: 0.070961  map incre: 0.002697 ave total: 0.099484 icp: 0.070100 construct H: 0.000953 
[fastlio_mapping-2] [ mapping ]: time: IMU + Map + Input Downsample: 0.026705 ave match: 0.066693 ave solve: 0.003231  ave ICP: 0.070074  map incre: 0.002943 ave total: 0.099499 icp: 0.070082 construct H: 0.000958 
[fastlio_mapping-2] [ mapping ]: time: IMU + Map + Input Downsample: 0.023451 ave match: 0.067050 ave solve: 0.003250  ave ICP: 0.076809  map incre: 0.002841 ave total: 0.099711 icp: 0.070460 construct H: 0.000964 
[fastlio_mapping-2] [ mapping ]: time: IMU + Map + Input Downsample: 0.025330 ave match: 0.067135 ave solve: 0.003276  ave ICP: 0.072764  map incre: 0.002622 ave total: 0.099767 icp: 0.070571 construct H: 0.000970 
[fastlio_mapping-2] [ mapping ]: time: IMU + Map + Input Downsample: 0.023997 ave match: 0.067404 ave solve: 0.003302  ave ICP: 0.076518  map incre: 0.002566 ave total: 0.099941 icp: 0.070867 construct H: 0.000977 
[fastlio_mapping-2] [ mapping ]: time: IMU + Map + Input Downsample: 0.025729 ave match: 0.067476 ave solve: 0.003320  ave ICP: 0.073029  map incre: 0.002408 ave total: 0.100003 icp: 0.070958 construct H: 0.000983 
[fastlio_mapping-2] [ mapping ]: time: IMU + Map + Input Downsample: 0.027204 ave match: 0.067921 ave solve: 0.003355  ave ICP: 0.081434  map incre: 0.002698 ave total: 0.100542 icp: 0.071439 construct H: 0.000994 
[fastlio_mapping-2] [ mapping ]: time: IMU + Map + Input Downsample: 0.025605 ave match: 0.068191 ave solve: 0.003328  ave ICP: 0.077664  map incre: 0.002147 ave total: 0.100764 icp: 0.071686 construct H: 0.000984 
[fastlio_mapping-2] [ mapping ]: time: IMU + Map + Input Downsample: 0.024761 ave match: 0.068475 ave solve: 0.003345  ave ICP: 0.078959  map incre: 0.002509 ave total: 0.101001 icp: 0.071987 construct H: 0.000994 
[fastlio_mapping-2] [ mapping ]: time: IMU + Map + Input Downsample: 0.024524 ave match: 0.068427 ave solve: 0.003320  ave ICP: 0.070540  map incre: 0.002103 ave total: 0.100842 icp: 0.071914 construct H: 0.000987 
[fastlio_mapping-2] [ mapping ]: time: IMU + Map + Input Downsample: 0.021074 ave match: 0.068681 ave solve: 0.003333  ave ICP: 0.078862  map incre: 0.001927 ave total: 0.100883 icp: 0.072182 construct H: 0.000991 
[fastlio_mapping-2] [ mapping ]: time: IMU + Map + Input Downsample: 0.023892 ave match: 0.068749 ave solve: 0.003345  ave ICP: 0.074598  map incre: 0.002050 ave total: 0.100869 icp: 0.072261 construct H: 0.000994 
[fastlio_mapping-2] [ mapping ]: time: IMU + Map + Input Downsample: 0.024038 ave match: 0.069147 ave solve: 0.003361  ave ICP: 0.083742  map incre: 0.001884 ave total: 0.101195 icp: 0.072674 construct H: 0.000991 
[fastlio_mapping-2] [ mapping ]: time: IMU + Map + Input Downsample: 0.022563 ave match: 0.069422 ave solve: 0.003376  ave ICP: 0.081146  map incre: 0.002184 ave total: 0.101363 icp: 0.072965 construct H: 0.000995 
[fastlio_mapping-2] [ mapping ]: time: IMU + Map + Input Downsample: 0.026041 ave match: 0.069403 ave solve: 0.003382  ave ICP: 0.072861  map incre: 0.002079 ave total: 0.101350 icp: 0.072952 construct H: 0.000998 
[fastlio_mapping-2] [ mapping ]: time: IMU + Map + Input Downsample: 0.021463 ave match: 0.069392 ave solve: 0.003361  ave ICP: 0.072353  map incre: 0.001968 ave total: 0.101164 icp: 0.072919 construct H: 0.000991 
[fastlio_mapping-2] [ mapping ]: time: IMU + Map + Input Downsample: 0.024898 ave match: 0.069662 ave solve: 0.003374  ave ICP: 0.083012  map incre: 0.001636 ave total: 0.101435 icp: 0.073204 construct H: 0.000995 
[fastlio_mapping-2] [ mapping ]: time: IMU + Map + Input Downsample: 0.023009 ave match: 0.069604 ave solve: 0.003356  ave ICP: 0.071090  map incre: 0.001642 ave total: 0.101257 icp: 0.073127 construct H: 0.000989 
[fastlio_mapping-2] [ mapping ]: time: IMU + Map + Input Downsample: 0.027751 ave match: 0.069920 ave solve: 0.003361  ave ICP: 0.084013  map incre: 0.001991 ave total: 0.101635 icp: 0.073448 construct H: 0.000992 
[fastlio_mapping-2] [ mapping ]: time: IMU + Map + Input Downsample: 0.021428 ave match: 0.069913 ave solve: 0.003367  ave ICP: 0.073711  map incre: 0.001733 ave total: 0.101495 icp: 0.073448 construct H: 0.000993 
[fastlio_mapping-2] [ mapping ]: time: IMU + Map + Input Downsample: 0.025748 ave match: 0.069897 ave solve: 0.003371  ave ICP: 0.073411  map incre: 0.001875 ave total: 0.101482 icp: 0.073436 construct H: 0.000995 
[fastlio_mapping-2] [ mapping ]: time: IMU + Map + Input Downsample: 0.021905 ave match: 0.069851 ave solve: 0.003353  ave ICP: 0.071421  map incre: 0.001898 ave total: 0.101308 icp: 0.073370 construct H: 0.000989 
[fastlio_mapping-2] [ mapping ]: time: IMU + Map + Input Downsample: 0.027689 ave match: 0.070013 ave solve: 0.003362  ave ICP: 0.080047  map incre: 0.001746 ave total: 0.101529 icp: 0.073543 construct H: 0.000991 
[fastlio_mapping-2] [ mapping ]: time: IMU + Map + Input Downsample: 0.020885 ave match: 0.070116 ave solve: 0.003370  ave ICP: 0.078063  map incre: 0.001809 ave total: 0.101509 icp: 0.073654 construct H: 0.000994 
[fastlio_mapping-2] [ mapping ]: time: IMU + Map + Input Downsample: 0.024099 ave match: 0.070196 ave solve: 0.003380  ave ICP: 0.077493  map incre: 0.002087 ave total: 0.101564 icp: 0.073744 construct H: 0.000997 
[fastlio_mapping-2] [ mapping ]: time: IMU + Map + Input Downsample: 0.026290 ave match: 0.070132 ave solve: 0.003387  ave ICP: 0.071801  map incre: 0.001922 ave total: 0.101526 icp: 0.073687 construct H: 0.000999 
[fastlio_mapping-2] [ mapping ]: time: IMU + Map + Input Downsample: 0.022491 ave match: 0.070130 ave solve: 0.003391  ave ICP: 0.074005  map incre: 0.001758 ave total: 0.101446 icp: 0.073689 construct H: 0.001000 
[fastlio_mapping-2] [ mapping ]: time: IMU + Map + Input Downsample: 0.023893 ave match: 0.070183 ave solve: 0.003397  ave ICP: 0.076535  map incre: 0.001715 ave total: 0.101462 icp: 0.073749 construct H: 0.001002 
[fastlio_mapping-2] [ mapping ]: time: IMU + Map + Input Downsample: 0.023984 ave match: 0.070103 ave solve: 0.003384  ave ICP: 0.070040  map incre: 0.001701 ave total: 0.101329 icp: 0.073654 construct H: 0.000998 
[fastlio_mapping-2] [ mapping ]: time: IMU + Map + Input Downsample: 0.020454 ave match: 0.070121 ave solve: 0.003389  ave ICP: 0.074983  map incre: 0.001838 ave total: 0.101237 icp: 0.073679 construct H: 0.001000 
[fastlio_mapping-2] [ mapping ]: time: IMU + Map + Input Downsample: 0.023783 ave match: 0.070142 ave solve: 0.003395  ave ICP: 0.075287  map incre: 0.003357 ave total: 0.101263 icp: 0.073706 construct H: 0.001002 
[fastlio_mapping-2] [ mapping ]: time: IMU + Map + Input Downsample: 0.022932 ave match: 0.070171 ave solve: 0.003402  ave ICP: 0.075717  map incre: 0.001568 ave total: 0.101241 icp: 0.073742 construct H: 0.001004 
[fastlio_mapping-2] [ mapping ]: time: IMU + Map + Input Downsample: 0.023948 ave match: 0.070153 ave solve: 0.003408  ave ICP: 0.073510  map incre: 0.001656 ave total: 0.101195 icp: 0.073730 construct H: 0.001006 
[fastlio_mapping-2] [ mapping ]: time: IMU + Map + Input Downsample: 0.023146 ave match: 0.070088 ave solve: 0.003397  ave ICP: 0.070411  map incre: 0.001561 ave total: 0.101069 icp: 0.073654 construct H: 0.001003 
[fastlio_mapping-2] [ mapping ]: time: IMU + Map + Input Downsample: 0.030789 ave match: 0.070070 ave solve: 0.003395  ave ICP: 0.072953  map incre: 0.001470 ave total: 0.101153 icp: 0.073634 construct H: 0.001000 
[fastlio_mapping-2] [ mapping ]: time: IMU + Map + Input Downsample: 0.024311 ave match: 0.070084 ave solve: 0.003398  ave ICP: 0.074808  map incre: 0.001459 ave total: 0.101142 icp: 0.073651 construct H: 0.001001 
[fastlio_mapping-2] [ mapping ]: time: IMU + Map + Input Downsample: 0.025832 ave match: 0.070050 ave solve: 0.003405  ave ICP: 0.072682  map incre: 0.001214 ave total: 0.101114 icp: 0.073625 construct H: 0.001003 
[fastlio_mapping-2] [ mapping ]: time: IMU + Map + Input Downsample: 0.023892 ave match: 0.070063 ave solve: 0.003410  ave ICP: 0.074893  map incre: 0.001516 ave total: 0.101098 icp: 0.073642 construct H: 0.001004 
[fastlio_mapping-2] [ mapping ]: time: IMU + Map + Input Downsample: 0.024955 ave match: 0.070019 ave solve: 0.003414  ave ICP: 0.071816  map incre: 0.001444 ave total: 0.101044 icp: 0.073603 construct H: 0.001005 
[fastlio_mapping-2] [ mapping ]: time: IMU + Map + Input Downsample: 0.023607 ave match: 0.070007 ave solve: 0.003418  ave ICP: 0.073482  map incre: 0.001610 ave total: 0.101001 icp: 0.073595 construct H: 0.001006 
[fastlio_mapping-2] [ mapping ]: time: IMU + Map + Input Downsample: 0.023837 ave match: 0.069972 ave solve: 0.003420  ave ICP: 0.072087  map incre: 0.001398 ave total: 0.100934 icp: 0.073562 construct H: 0.001007 
[fastlio_mapping-2] [ mapping ]: time: IMU + Map + Input Downsample: 0.020450 ave match: 0.069922 ave solve: 0.003408  ave ICP: 0.070329  map incre: 0.001482 ave total: 0.100779 icp: 0.073500 construct H: 0.001004 
[fastlio_mapping-2] [ mapping ]: time: IMU + Map + Input Downsample: 0.025254 ave match: 0.069828 ave solve: 0.003397  ave ICP: 0.067731  map incre: 0.001571 ave total: 0.100670 icp: 0.073394 construct H: 0.001001 
[fastlio_mapping-2] [ mapping ]: time: IMU + Map + Input Downsample: 0.028343 ave match: 0.069922 ave solve: 0.003389  ave ICP: 0.078699  map incre: 0.001380 ave total: 0.100803 icp: 0.073479 construct H: 0.000999 
[fastlio_mapping-2] [ mapping ]: time: IMU + Map + Input Downsample: 0.030873 ave match: 0.070035 ave solve: 0.003397  ave ICP: 0.080988  map incre: 0.001328 ave total: 0.101013 icp: 0.073600 construct H: 0.001002 
[fastlio_mapping-2] [ mapping ]: time: IMU + Map + Input Downsample: 0.025797 ave match: 0.069968 ave solve: 0.003386  ave ICP: 0.069261  map incre: 0.001383 ave total: 0.100937 icp: 0.073523 construct H: 0.000999 
[fastlio_mapping-2] [ mapping ]: time: IMU + Map + Input Downsample: 0.023913 ave match: 0.070013 ave solve: 0.003390  ave ICP: 0.076837  map incre: 0.001341 ave total: 0.100956 icp: 0.073572 construct H: 0.001000 
[fastlio_mapping-2] [ mapping ]: time: IMU + Map + Input Downsample: 0.026059 ave match: 0.070005 ave solve: 0.003393  ave ICP: 0.073577  map incre: 0.001323 ave total: 0.100956 icp: 0.073566 construct H: 0.001001 
[fastlio_mapping-2] [ mapping ]: time: IMU + Map + Input Downsample: 0.023602 ave match: 0.070047 ave solve: 0.003396  ave ICP: 0.076722  map incre: 0.001596 ave total: 0.100971 icp: 0.073611 construct H: 0.001002 
[fastlio_mapping-2] [ mapping ]: time: IMU + Map + Input Downsample: 0.025529 ave match: 0.070002 ave solve: 0.003399  ave ICP: 0.071205  map incre: 0.001296 ave total: 0.100925 icp: 0.073569 construct H: 0.001003 
[fastlio_mapping-2] [ mapping ]: time: IMU + Map + Input Downsample: 0.023190 ave match: 0.070029 ave solve: 0.003401  ave ICP: 0.075860  map incre: 0.001548 ave total: 0.100920 icp: 0.073599 construct H: 0.001004 
[fastlio_mapping-2] [ mapping ]: time: IMU + Map + Input Downsample: 0.023840 ave match: 0.070078 ave solve: 0.003403  ave ICP: 0.077288  map incre: 0.001572 ave total: 0.100947 icp: 0.073650 construct H: 0.001005 
[fastlio_mapping-2] [ mapping ]: time: IMU + Map + Input Downsample: 0.027643 ave match: 0.070241 ave solve: 0.003407  ave ICP: 0.085116  map incre: 0.001726 ave total: 0.101149 icp: 0.073816 construct H: 0.001006 
[fastlio_mapping-2] [ mapping ]: time: IMU + Map + Input Downsample: 0.020734 ave match: 0.070243 ave solve: 0.003408  ave ICP: 0.074326  map incre: 0.001511 ave total: 0.101082 icp: 0.073820 construct H: 0.001006 
[fastlio_mapping-2] [ mapping ]: time: IMU + Map + Input Downsample: 0.024049 ave match: 0.070240 ave solve: 0.003398  ave ICP: 0.073288  map incre: 0.001466 ave total: 0.101049 icp: 0.073807 construct H: 0.001003 
[fastlio_mapping-2] [ mapping ]: time: IMU + Map + Input Downsample: 0.026116 ave match: 0.070242 ave solve: 0.003402  ave ICP: 0.074508  map incre: 0.001760 ave total: 0.101068 icp: 0.073812 construct H: 0.001004 
[fastlio_mapping-2] [ mapping ]: time: IMU + Map + Input Downsample: 0.023628 ave match: 0.070150 ave solve: 0.003391  ave ICP: 0.066770  map incre: 0.001639 ave total: 0.100941 icp: 0.073709 construct H: 0.001001 
[fastlio_mapping-2] [ mapping ]: time: IMU + Map + Input Downsample: 0.020155 ave match: 0.070149 ave solve: 0.003382  ave ICP: 0.073297  map incre: 0.001504 ave total: 0.100858 icp: 0.073699 construct H: 0.000999 
[fastlio_mapping-2] [ mapping ]: time: IMU + Map + Input Downsample: 0.023865 ave match: 0.070170 ave solve: 0.003385  ave ICP: 0.075711  map incre: 0.001594 ave total: 0.100862 icp: 0.073722 construct H: 0.001000 
[fastlio_mapping-2] [ mapping ]: time: IMU + Map + Input Downsample: 0.025446 ave match: 0.070298 ave solve: 0.003393  ave ICP: 0.084165  map incre: 0.001476 ave total: 0.101000 icp: 0.073859 construct H: 0.001001 
[fastlio_mapping-2] [ mapping ]: time: IMU + Map + Input Downsample: 0.030896 ave match: 0.070319 ave solve: 0.003387  ave ICP: 0.075675  map incre: 0.001419 ave total: 0.101093 icp: 0.073873 construct H: 0.001000 
[fastlio_mapping-2] [ mapping ]: time: IMU + Map + Input Downsample: 0.024938 ave match: 0.070494 ave solve: 0.003391  ave ICP: 0.087808  map incre: 0.001477 ave total: 0.101266 icp: 0.074052 construct H: 0.001000 
[fastlio_mapping-2] [ mapping ]: time: IMU + Map + Input Downsample: 0.024256 ave match: 0.070514 ave solve: 0.003395  ave ICP: 0.076235  map incre: 0.001558 ave total: 0.101276 icp: 0.074076 construct H: 0.001001 
[fastlio_mapping-2] [ mapping ]: time: IMU + Map + Input Downsample: 0.025116 ave match: 0.070428 ave solve: 0.003385  ave ICP: 0.066806  map incre: 0.001594 ave total: 0.101177 icp: 0.073980 construct H: 0.000998 
[fastlio_mapping-2] [ mapping ]: time: IMU + Map + Input Downsample: 0.022807 ave match: 0.070394 ave solve: 0.003376  ave ICP: 0.070910  map incre: 0.001445 ave total: 0.101101 icp: 0.073936 construct H: 0.000995 
[fastlio_mapping-2] [ mapping ]: time: IMU + Map + Input Downsample: 0.025921 ave match: 0.070383 ave solve: 0.003379  ave ICP: 0.073519  map incre: 0.001499 ave total: 0.101099 icp: 0.073928 construct H: 0.000996 
[fastlio_mapping-2] [ mapping ]: time: IMU + Map + Input Downsample: 0.023996 ave match: 0.070349 ave solve: 0.003370  ave ICP: 0.070805  map incre: 0.001506 ave total: 0.101040 icp: 0.073885 construct H: 0.000994 
[fastlio_mapping-2] [ mapping ]: time: IMU + Map + Input Downsample: 0.028290 ave match: 0.070353 ave solve: 0.003369  ave ICP: 0.074378  map incre: 0.002405 ave total: 0.101089 icp: 0.073887 construct H: 0.000994 
[fastlio_mapping-2] [ mapping ]: time: IMU + Map + Input Downsample: 0.022126 ave match: 0.070308 ave solve: 0.003370  ave ICP: 0.070699  map incre: 0.001544 ave total: 0.101008 icp: 0.073844 construct H: 0.000995 
[fastlio_mapping-2] [ mapping ]: time: IMU + Map + Input Downsample: 0.025899 ave match: 0.070290 ave solve: 0.003361  ave ICP: 0.071773  map incre: 0.002285 ave total: 0.100995 icp: 0.073816 construct H: 0.000992 
[fastlio_mapping-2] [ mapping ]: time: IMU + Map + Input Downsample: 0.026104 ave match: 0.070425 ave solve: 0.003378  ave ICP: 0.087171  map incre: 0.001584 ave total: 0.101158 icp: 0.073969 construct H: 0.000999 
[fastlio_mapping-2] [ mapping ]: time: IMU + Map + Input Downsample: 0.025928 ave match: 0.070377 ave solve: 0.003370  ave ICP: 0.069550  map incre: 0.001387 ave total: 0.101108 icp: 0.073914 construct H: 0.000997 
[fastlio_mapping-2] [ mapping ]: time: IMU + Map + Input Downsample: 0.021829 ave match: 0.070370 ave solve: 0.003361  ave ICP: 0.072815  map incre: 0.001569 ave total: 0.101052 icp: 0.073897 construct H: 0.000995 
[fastlio_mapping-2] [ mapping ]: time: IMU + Map + Input Downsample: 0.018811 ave match: 0.070279 ave solve: 0.003360  ave ICP: 0.066027  map incre: 0.001814 ave total: 0.100889 icp: 0.073805 construct H: 0.000994 
[fastlio_mapping-2] [ mapping ]: time: IMU + Map + Input Downsample: 0.023722 ave match: 0.070243 ave solve: 0.003360  ave ICP: 0.070989  map incre: 0.001731 ave total: 0.100839 icp: 0.073769 construct H: 0.000994 
[fastlio_mapping-2] [ mapping ]: time: IMU + Map + Input Downsample: 0.026806 ave match: 0.070305 ave solve: 0.003361  ave ICP: 0.079763  map incre: 0.001678 ave total: 0.100921 icp: 0.073832 construct H: 0.000995 
[fastlio_mapping-2] [ mapping ]: time: IMU + Map + Input Downsample: 0.025134 ave match: 0.070289 ave solve: 0.003362  ave ICP: 0.072828  map incre: 0.001465 ave total: 0.100904 icp: 0.073817 construct H: 0.000995 
[fastlio_mapping-2] [ mapping ]: time: IMU + Map + Input Downsample: 0.022424 ave match: 0.070291 ave solve: 0.003363  ave ICP: 0.074464  map incre: 0.002056 ave total: 0.100883 icp: 0.073820 construct H: 0.000995 
[fastlio_mapping-2] [ mapping ]: time: IMU + Map + Input Downsample: 0.023821 ave match: 0.070263 ave solve: 0.003356  ave ICP: 0.070772  map incre: 0.001649 ave total: 0.100833 icp: 0.073784 construct H: 0.000993 
[fastlio_mapping-2] [ mapping ]: time: IMU + Map + Input Downsample: 0.023764 ave match: 0.070189 ave solve: 0.003347  ave ICP: 0.066258  map incre: 0.001390 ave total: 0.100733 icp: 0.073700 construct H: 0.000991 
[fastlio_mapping-2] [ mapping ]: time: IMU + Map + Input Downsample: 0.023446 ave match: 0.070156 ave solve: 0.003341  ave ICP: 0.070351  map incre: 0.002255 ave total: 0.100684 icp: 0.073662 construct H: 0.000989 
[fastlio_mapping-2] [ mapping ]: time: IMU + Map + Input Downsample: 0.023386 ave match: 0.070121 ave solve: 0.003343  ave ICP: 0.070716  map incre: 0.001789 ave total: 0.100634 icp: 0.073628 construct H: 0.000989 
[fastlio_mapping-2] [ mapping ]: time: IMU + Map + Input Downsample: 0.026899 ave match: 0.070124 ave solve: 0.003342  ave ICP: 0.074115  map incre: 0.001560 ave total: 0.100654 icp: 0.073631 construct H: 0.000989 
[fastlio_mapping-2] [ mapping ]: time: IMU + Map + Input Downsample: 0.024203 ave match: 0.070030 ave solve: 0.003335  ave ICP: 0.064025  map incre: 0.001607 ave total: 0.100543 icp: 0.073529 construct H: 0.000987 
[fastlio_mapping-2] [ mapping ]: time: IMU + Map + Input Downsample: 0.025307 ave match: 0.069999 ave solve: 0.003333  ave ICP: 0.070585  map incre: 0.002107 ave total: 0.100518 icp: 0.073496 construct H: 0.000985 
[fastlio_mapping-2] [ mapping ]: time: IMU + Map + Input Downsample: 0.022403 ave match: 0.069933 ave solve: 0.003325  ave ICP: 0.066369  map incre: 0.001545 ave total: 0.100416 icp: 0.073422 construct H: 0.000983 
[fastlio_mapping-2] [ mapping ]: time: IMU + Map + Input Downsample: 0.019180 ave match: 0.069884 ave solve: 0.003319  ave ICP: 0.068049  map incre: 0.001143 ave total: 0.100296 icp: 0.073366 construct H: 0.000981 
[fastlio_mapping-2] [ mapping ]: time: IMU + Map + Input Downsample: 0.020993 ave match: 0.069870 ave solve: 0.003321  ave ICP: 0.072418  map incre: 0.001146 ave total: 0.100240 icp: 0.073353 construct H: 0.000981 
[fastlio_mapping-2] [ mapping ]: time: IMU + Map + Input Downsample: 0.018442 ave match: 0.069865 ave solve: 0.003323  ave ICP: 0.073433  map incre: 0.003362 ave total: 0.100192 icp: 0.073351 construct H: 0.000981 
[fastlio_mapping-2] [ mapping ]: time: IMU + Map + Input Downsample: 0.019671 ave match: 0.069844 ave solve: 0.003323  ave ICP: 0.071622  map incre: 0.008893 ave total: 0.100192 icp: 0.073331 construct H: 0.000982 
[fastlio_mapping-2] [ mapping ]: time: IMU + Map + Input Downsample: 0.020524 ave match: 0.069882 ave solve: 0.003330  ave ICP: 0.078557  map incre: 0.008319 ave total: 0.100260 icp: 0.073378 construct H: 0.000987 
[fastlio_mapping-2] [ mapping ]: time: IMU + Map + Input Downsample: 0.011791 ave match: 0.069814 ave solve: 0.003332  ave ICP: 0.066639  map incre: 0.007290 ave total: 0.100123 icp: 0.073311 construct H: 0.000987 
[fastlio_mapping-2] [ mapping ]: time: IMU + Map + Input Downsample: 0.017694 ave match: 0.069761 ave solve: 0.003333  ave ICP: 0.068020  map incre: 0.007400 ave total: 0.100058 icp: 0.073259 construct H: 0.000988 
[fastlio_mapping-2] [ mapping ]: time: IMU + Map + Input Downsample: 0.018029 ave match: 0.069742 ave solve: 0.003335  ave ICP: 0.071738  map incre: 0.005650 ave total: 0.100015 icp: 0.073242 construct H: 0.000988 
[fastlio_mapping-2] [ mapping ]: time: IMU + Map + Input Downsample: 0.023248 ave match: 0.069830 ave solve: 0.003345  ave ICP: 0.084276  map incre: 0.006988 ave total: 0.100148 icp: 0.073340 construct H: 0.000990 
[fastlio_mapping-2] [ mapping ]: time: IMU + Map + Input Downsample: 0.021226 ave match: 0.069926 ave solve: 0.003349  ave ICP: 0.084808  map incre: 0.006258 ave total: 0.100258 icp: 0.073441 construct H: 0.000991 
[fastlio_mapping-2] [ mapping ]: time: IMU + Map + Input Downsample: 0.020726 ave match: 0.069951 ave solve: 0.003352  ave ICP: 0.076907  map incre: 0.008172 ave total: 0.100308 icp: 0.073469 construct H: 0.000991 
[fastlio_mapping-2] [ mapping ]: time: IMU + Map + Input Downsample: 0.022087 ave match: 0.069920 ave solve: 0.003354  ave ICP: 0.070400  map incre: 0.007481 ave total: 0.100305 icp: 0.073439 construct H: 0.000992 
[fastlio_mapping-2] [ mapping ]: time: IMU + Map + Input Downsample: 0.020149 ave match: 0.069989 ave solve: 0.003358  ave ICP: 0.082080  map incre: 0.006141 ave total: 0.100376 icp: 0.073513 construct H: 0.000993 
[fastlio_mapping-2] [ mapping ]: time: IMU + Map + Input Downsample: 0.023852 ave match: 0.070013 ave solve: 0.003360  ave ICP: 0.076788  map incre: 0.005978 ave total: 0.100431 icp: 0.073539 construct H: 0.000994 
[fastlio_mapping-2] [ mapping ]: time: IMU + Map + Input Downsample: 0.024918 ave match: 0.070014 ave solve: 0.003363  ave ICP: 0.074226  map incre: 0.005845 ave total: 0.100471 icp: 0.073543 construct H: 0.000995 
[fastlio_mapping-2] [ mapping ]: time: IMU + Map + Input Downsample: 0.024648 ave match: 0.070012 ave solve: 0.003365  ave ICP: 0.073830  map incre: 0.006060 ave total: 0.100506 icp: 0.073543 construct H: 0.000995 
[fastlio_mapping-2] [ mapping ]: time: IMU + Map + Input Downsample: 0.023824 ave match: 0.070045 ave solve: 0.003367  ave ICP: 0.078029  map incre: 0.006464 ave total: 0.100573 icp: 0.073578 construct H: 0.000996 
[fastlio_mapping-2] [ mapping ]: time: IMU + Map + Input Downsample: 0.025953 ave match: 0.070168 ave solve: 0.003369  ave ICP: 0.088661  map incre: 0.007860 ave total: 0.100758 icp: 0.073703 construct H: 0.000997 
[fastlio_mapping-2] [ mapping ]: time: IMU + Map + Input Downsample: 0.025744 ave match: 0.070192 ave solve: 0.003372  ave ICP: 0.077317  map incre: 0.005635 ave total: 0.100825 icp: 0.073730 construct H: 0.000997 
[fastlio_mapping-2] [ mapping ]: time: IMU + Map + Input Downsample: 0.023918 ave match: 0.070222 ave solve: 0.003374  ave ICP: 0.077915  map incre: 0.007946 ave total: 0.100899 icp: 0.073763 construct H: 0.000998 
[fastlio_mapping-2] [ mapping ]: time: IMU + Map + Input Downsample: 0.025067 ave match: 0.070229 ave solve: 0.003376  ave ICP: 0.075138  map incre: 0.006561 ave total: 0.100948 icp: 0.073772 construct H: 0.000999 
[fastlio_mapping-2] [ mapping ]: time: IMU + Map + Input Downsample: 0.022325 ave match: 0.070266 ave solve: 0.003378  ave ICP: 0.078839  map incre: 0.006414 ave total: 0.101002 icp: 0.073811 construct H: 0.000999 
[fastlio_mapping-2] [ mapping ]: time: IMU + Map + Input Downsample: 0.025920 ave match: 0.070279 ave solve: 0.003380  ave ICP: 0.076014  map incre: 0.007372 ave total: 0.101070 icp: 0.073826 construct H: 0.001000 
[fastlio_mapping-2] [ mapping ]: time: IMU + Map + Input Downsample: 0.029033 ave match: 0.070359 ave solve: 0.003381  ave ICP: 0.084170  map incre: 0.008325 ave total: 0.101235 icp: 0.073907 construct H: 0.001000 
[fastlio_mapping-2] [ mapping ]: time: IMU + Map + Input Downsample: 0.025420 ave match: 0.070363 ave solve: 0.003382  ave ICP: 0.074890  map incre: 0.007213 ave total: 0.101285 icp: 0.073913 construct H: 0.001001 
[fastlio_mapping-2] [ mapping ]: time: IMU + Map + Input Downsample: 0.022770 ave match: 0.070471 ave solve: 0.003386  ave ICP: 0.088139  map incre: 0.009661 ave total: 0.101438 icp: 0.074024 construct H: 0.001001 
[fastlio_mapping-2] [ mapping ]: time: IMU + Map + Input Downsample: 0.022222 ave match: 0.070528 ave solve: 0.003388  ave ICP: 0.081855  map incre: 0.005945 ave total: 0.101506 icp: 0.074083 construct H: 0.001002 
[fastlio_mapping-2] [ mapping ]: time: IMU + Map + Input Downsample: 0.023990 ave match: 0.070575 ave solve: 0.003389  ave ICP: 0.080618  map incre: 0.008384 ave total: 0.101595 icp: 0.074131 construct H: 0.001002 
[fastlio_mapping-2] [ mapping ]: time: IMU + Map + Input Downsample: 0.022167 ave match: 0.070616 ave solve: 0.003389  ave ICP: 0.079836  map incre: 0.007386 ave total: 0.101656 icp: 0.074173 construct H: 0.001002 
[fastlio_mapping-2] [ mapping ]: time: IMU + Map + Input Downsample: 0.024416 ave match: 0.070658 ave solve: 0.003390  ave ICP: 0.080023  map incre: 0.006476 ave total: 0.101727 icp: 0.074215 construct H: 0.001003 
[fastlio_mapping-2] [ mapping ]: time: IMU + Map + Input Downsample: 0.022273 ave match: 0.070718 ave solve: 0.003390  ave ICP: 0.082490  map incre: 0.006849 ave total: 0.101803 icp: 0.074276 construct H: 0.001003 
[fastlio_mapping-2] [ mapping ]: time: IMU + Map + Input Downsample: 0.025864 ave match: 0.070744 ave solve: 0.003390  ave ICP: 0.077921  map incre: 0.007525 ave total: 0.101875 icp: 0.074302 construct H: 0.001003 
[fastlio_mapping-2] [ mapping ]: time: IMU + Map + Input Downsample: 0.021824 ave match: 0.070786 ave solve: 0.003390  ave ICP: 0.080063  map incre: 0.007452 ave total: 0.101931 icp: 0.074343 construct H: 0.001003 
[fastlio_mapping-2] [ mapping ]: time: IMU + Map + Input Downsample: 0.028040 ave match: 0.070944 ave solve: 0.003397  ave ICP: 0.097200  map incre: 0.007621 ave total: 0.102162 icp: 0.074509 construct H: 0.001004 
[fastlio_mapping-2] [ mapping ]: time: IMU + Map + Input Downsample: 0.026143 ave match: 0.070991 ave solve: 0.003397  ave ICP: 0.081064  map incre: 0.007367 ave total: 0.102253 icp: 0.074555 construct H: 0.001004 
[fastlio_mapping-2] [ mapping ]: time: IMU + Map + Input Downsample: 0.020528 ave match: 0.071036 ave solve: 0.003396  ave ICP: 0.080840  map incre: 0.008171 ave total: 0.102307 icp: 0.074600 construct H: 0.001003 
[fastlio_mapping-2] [ mapping ]: time: IMU + Map + Input Downsample: 0.022277 ave match: 0.071118 ave solve: 0.003396  ave ICP: 0.086089  map incre: 0.008818 ave total: 0.102416 icp: 0.074681 construct H: 0.001003 
[fastlio_mapping-2] [ mapping ]: time: IMU + Map + Input Downsample: 0.021393 ave match: 0.071160 ave solve: 0.003395  ave ICP: 0.080684  map incre: 0.008804 ave total: 0.102477 icp: 0.074722 construct H: 0.001003 
[fastlio_mapping-2] [ mapping ]: time: IMU + Map + Input Downsample: 0.023686 ave match: 0.071202 ave solve: 0.003394  ave ICP: 0.080728  map incre: 0.008189 ave total: 0.102550 icp: 0.074763 construct H: 0.001002 
[fastlio_mapping-2] [ mapping ]: time: IMU + Map + Input Downsample: 0.021843 ave match: 0.071274 ave solve: 0.003393  ave ICP: 0.085037  map incre: 0.008442 ave total: 0.102641 icp: 0.074834 construct H: 0.001002 
[fastlio_mapping-2] [ mapping ]: time: IMU + Map + Input Downsample: 0.021077 ave match: 0.071312 ave solve: 0.003391  ave ICP: 0.080212  map incre: 0.007449 ave total: 0.102684 icp: 0.074870 construct H: 0.001002 
[fastlio_mapping-2] [ mapping ]: time: IMU + Map + Input Downsample: 0.023045 ave match: 0.071382 ave solve: 0.003390  ave ICP: 0.084965  map incre: 0.010017 ave total: 0.102792 icp: 0.074939 construct H: 0.001001 
[fastlio_mapping-2] [ mapping ]: time: IMU + Map + Input Downsample: 0.027778 ave match: 0.071509 ave solve: 0.003395  ave ICP: 0.094105  map incre: 0.008979 ave total: 0.102989 icp: 0.075071 construct H: 0.001001 
[fastlio_mapping-2] [ mapping ]: time: IMU + Map + Input Downsample: 0.020698 ave match: 0.071584 ave solve: 0.003394  ave ICP: 0.086071  map incre: 0.007146 ave total: 0.103065 icp: 0.075145 construct H: 0.001001 
[fastlio_mapping-2] [ mapping ]: time: IMU + Map + Input Downsample: 0.024107 ave match: 0.071639 ave solve: 0.003393  ave ICP: 0.083274  map incre: 0.006964 ave total: 0.103142 icp: 0.075199 construct H: 0.001000 
[fastlio_mapping-2] [ mapping ]: time: IMU + Map + Input Downsample: 0.024160 ave match: 0.071745 ave solve: 0.003391  ave ICP: 0.090604  map incre: 0.011171 ave total: 0.103298 icp: 0.075302 construct H: 0.000999 
[fastlio_mapping-2] [ mapping ]: time: IMU + Map + Input Downsample: 0.023744 ave match: 0.071795 ave solve: 0.003389  ave ICP: 0.082604  map incre: 0.012631 ave total: 0.103405 icp: 0.075350 construct H: 0.000999 
[fastlio_mapping-2] [ mapping ]: time: IMU + Map + Input Downsample: 0.024035 ave match: 0.071849 ave solve: 0.003386  ave ICP: 0.083340  map incre: 0.009065 ave total: 0.103493 icp: 0.075402 construct H: 0.000998 
[fastlio_mapping-2] [ mapping ]: time: IMU + Map + Input Downsample: 0.023400 ave match: 0.071905 ave solve: 0.003384  ave ICP: 0.083748  map incre: 0.006196 ave total: 0.103559 icp: 0.075455 construct H: 0.000998 
[fastlio_mapping-2] [ mapping ]: time: IMU + Map + Input Downsample: 0.026227 ave match: 0.072061 ave solve: 0.003383  ave ICP: 0.099043  map incre: 0.004467 ave total: 0.103734 icp: 0.075610 construct H: 0.000997 
[fastlio_mapping-2] [ mapping ]: time: IMU + Map + Input Downsample: 0.019604 ave match: 0.072100 ave solve: 0.003382  ave ICP: 0.081704  map incre: 0.003228 ave total: 0.103739 icp: 0.075649 construct H: 0.000996 
[fastlio_mapping-2] [ mapping ]: time: IMU + Map + Input Downsample: 0.020459 ave match: 0.072176 ave solve: 0.003381  ave ICP: 0.087147  map incre: 0.003687 ave total: 0.103789 icp: 0.075723 construct H: 0.000996 
[fastlio_mapping-2] [ mapping ]: time: IMU + Map + Input Downsample: 0.027954 ave match: 0.072324 ave solve: 0.003383  ave ICP: 0.099175  map incre: 0.004979 ave total: 0.103974 icp: 0.075874 construct H: 0.000997 
[fastlio_mapping-2] [ mapping ]: time: IMU + Map + Input Downsample: 0.024021 ave match: 0.072416 ave solve: 0.003381  ave ICP: 0.090053  map incre: 0.004389 ave total: 0.104068 icp: 0.075964 construct H: 0.000996 
[fastlio_mapping-2] [ mapping ]: time: IMU + Map + Input Downsample: 0.023728 ave match: 0.072444 ave solve: 0.003380  ave ICP: 0.080379  map incre: 0.004440 ave total: 0.104097 icp: 0.075990 construct H: 0.000996 
[fastlio_mapping-2] [ mapping ]: time: IMU + Map + Input Downsample: 0.022878 ave match: 0.072481 ave solve: 0.003378  ave ICP: 0.081700  map incre: 0.008707 ave total: 0.104156 icp: 0.076025 construct H: 0.000995 
[fastlio_mapping-2] [ mapping ]: time: IMU + Map + Input Downsample: 0.027235 ave match: 0.072568 ave solve: 0.003380  ave ICP: 0.090246  map incre: 0.004994 ave total: 0.104272 icp: 0.076114 construct H: 0.000995 
[fastlio_mapping-2] [ mapping ]: time: IMU + Map + Input Downsample: 0.029181 ave match: 0.072662 ave solve: 0.003380  ave ICP: 0.091284  map incre: 0.004439 ave total: 0.104403 icp: 0.076207 construct H: 0.000996 
[fastlio_mapping-2] [ mapping ]: time: IMU + Map + Input Downsample: 0.025809 ave match: 0.072763 ave solve: 0.003381  ave ICP: 0.093018  map incre: 0.004923 ave total: 0.104525 icp: 0.076311 construct H: 0.000996 
[fastlio_mapping-2] [ mapping ]: time: IMU + Map + Input Downsample: 0.020889 ave match: 0.072826 ave solve: 0.003379  ave ICP: 0.086368  map incre: 0.004449 ave total: 0.104570 icp: 0.076372 construct H: 0.000995 
[fastlio_mapping-2] [ mapping ]: time: IMU + Map + Input Downsample: 0.021975 ave match: 0.072878 ave solve: 0.003378  ave ICP: 0.084820  map incre: 0.004452 ave total: 0.104611 icp: 0.076423 construct H: 0.000995 
[fastlio_mapping-2] [ mapping ]: time: IMU + Map + Input Downsample: 0.023365 ave match: 0.072914 ave solve: 0.003376  ave ICP: 0.082273  map incre: 0.003705 ave total: 0.104640 icp: 0.076457 construct H: 0.000994 
[fastlio_mapping-2] [ mapping ]: time: IMU + Map + Input Downsample: 0.031056 ave match: 0.073001 ave solve: 0.003378  ave ICP: 0.091400  map incre: 0.003753 ave total: 0.104773 icp: 0.076546 construct H: 0.000995 
[fastlio_mapping-2] [ mapping ]: time: IMU + Map + Input Downsample: 0.020418 ave match: 0.073061 ave solve: 0.003377  ave ICP: 0.086323  map incre: 0.003431 ave total: 0.104806 icp: 0.076604 construct H: 0.000994 
[fastlio_mapping-2] [ mapping ]: time: IMU + Map + Input Downsample: 0.023068 ave match: 0.073084 ave solve: 0.003374  ave ICP: 0.080435  map incre: 0.004725 ave total: 0.104826 icp: 0.076625 construct H: 0.000993 
[fastlio_mapping-2] [ mapping ]: time: IMU + Map + Input Downsample: 0.020454 ave match: 0.073132 ave solve: 0.003372  ave ICP: 0.084451  map incre: 0.004731 ave total: 0.104855 icp: 0.076671 construct H: 0.000993 
[fastlio_mapping-2] [ mapping ]: time: IMU + Map + Input Downsample: 0.023719 ave match: 0.073158 ave solve: 0.003371  ave ICP: 0.081015  map incre: 0.004715 ave total: 0.104883 icp: 0.076695 construct H: 0.000992 
[fastlio_mapping-2] [ mapping ]: time: IMU + Map + Input Downsample: 0.028860 ave match: 0.073252 ave solve: 0.003371  ave ICP: 0.093010  map incre: 0.005449 ave total: 0.105016 icp: 0.076789 construct H: 0.000992 
[fastlio_mapping-2] [ mapping ]: time: IMU + Map + Input Downsample: 0.018570 ave match: 0.073270 ave solve: 0.003368  ave ICP: 0.079681  map incre: 0.004417 ave total: 0.105002 icp: 0.076805 construct H: 0.000991 
[fastlio_mapping-2] [ mapping ]: time: IMU + Map + Input Downsample: 0.026857 ave match: 0.073346 ave solve: 0.003368  ave ICP: 0.090023  map incre: 0.004858 ave total: 0.105101 icp: 0.076881 construct H: 0.000991 
[fastlio_mapping-2] [ mapping ]: time: IMU + Map + Input Downsample: 0.027831 ave match: 0.073448 ave solve: 0.003367  ave ICP: 0.094482  map incre: 0.004599 ave total: 0.105228 icp: 0.076982 construct H: 0.000991 
[fastlio_mapping-2] [ mapping ]: time: IMU + Map + Input Downsample: 0.025867 ave match: 0.073476 ave solve: 0.003365  ave ICP: 0.081769  map incre: 0.004502 ave total: 0.105269 icp: 0.077008 construct H: 0.000990 
[fastlio_mapping-2] [ mapping ]: time: IMU + Map + Input Downsample: 0.024235 ave match: 0.073519 ave solve: 0.003363  ave ICP: 0.084863  map incre: 0.004678 ave total: 0.105318 icp: 0.077049 construct H: 0.000989 
[fastlio_mapping-2] [ mapping ]: time: IMU + Map + Input Downsample: 0.021883 ave match: 0.073559 ave solve: 0.003361  ave ICP: 0.083957  map incre: 0.005068 ave total: 0.105350 icp: 0.077086 construct H: 0.000989 
[fastlio_mapping-2] [ mapping ]: time: IMU + Map + Input Downsample: 0.023550 ave match: 0.073581 ave solve: 0.003358  ave ICP: 0.080792  map incre: 0.008114 ave total: 0.105391 icp: 0.077106 construct H: 0.000988 
[fastlio_mapping-2] [ mapping ]: time: IMU + Map + Input Downsample: 0.021700 ave match: 0.073594 ave solve: 0.003356  ave ICP: 0.079241  map incre: 0.004815 ave total: 0.105393 icp: 0.077116 construct H: 0.000987 
[fastlio_mapping-2] [ mapping ]: time: IMU + Map + Input Downsample: 0.023740 ave match: 0.073619 ave solve: 0.003354  ave ICP: 0.081395  map incre: 0.004190 ave total: 0.105415 icp: 0.077138 construct H: 0.000986 
[fastlio_mapping-2] [ mapping ]: time: IMU + Map + Input Downsample: 0.025672 ave match: 0.073647 ave solve: 0.003351  ave ICP: 0.081979  map incre: 0.005079 ave total: 0.105456 icp: 0.077164 construct H: 0.000986 
[fastlio_mapping-2] [ mapping ]: time: IMU + Map + Input Downsample: 0.025823 ave match: 0.073746 ave solve: 0.003348  ave ICP: 0.094640  map incre: 0.004272 ave total: 0.105564 icp: 0.077260 construct H: 0.000985 
[fastlio_mapping-2] [ mapping ]: time: IMU + Map + Input Downsample: 0.013662 ave match: 0.073739 ave solve: 0.003346  ave ICP: 0.075938  map incre: 0.004519 ave total: 0.105500 icp: 0.077251 construct H: 0.000984 
[fastlio_mapping-2] [ mapping ]: time: IMU + Map + Input Downsample: 0.022910 ave match: 0.073762 ave solve: 0.003344  ave ICP: 0.081411  map incre: 0.005281 ave total: 0.105523 icp: 0.077272 construct H: 0.000983 
[fastlio_mapping-2] [ mapping ]: time: IMU + Map + Input Downsample: 0.019735 ave match: 0.073771 ave solve: 0.003341  ave ICP: 0.078472  map incre: 0.005201 ave total: 0.105511 icp: 0.077277 construct H: 0.000982 
[fastlio_mapping-2] [ mapping ]: time: IMU + Map + Input Downsample: 0.022940 ave match: 0.073802 ave solve: 0.003338  ave ICP: 0.082707  map incre: 0.005856 ave total: 0.105544 icp: 0.077305 construct H: 0.000981 
[fastlio_mapping-2] [ mapping ]: time: IMU + Map + Input Downsample: 0.024831 ave match: 0.073866 ave solve: 0.003336  ave ICP: 0.089272  map incre: 0.005467 ave total: 0.105620 icp: 0.077368 construct H: 0.000980 
[fastlio_mapping-2] [ mapping ]: time: IMU + Map + Input Downsample: 0.020779 ave match: 0.073876 ave solve: 0.003333  ave ICP: 0.078955  map incre: 0.004727 ave total: 0.105614 icp: 0.077375 construct H: 0.000979 
[fastlio_mapping-2] [ mapping ]: time: IMU + Map + Input Downsample: 0.019726 ave match: 0.073902 ave solve: 0.003330  ave ICP: 0.081762  map incre: 0.004806 ave total: 0.105617 icp: 0.077397 construct H: 0.000978 
[fastlio_mapping-2] [ mapping ]: time: IMU + Map + Input Downsample: 0.022526 ave match: 0.073933 ave solve: 0.003327  ave ICP: 0.083065  map incre: 0.004924 ave total: 0.105644 icp: 0.077425 construct H: 0.000977 
[fastlio_mapping-2] [ mapping ]: time: IMU + Map + Input Downsample: 0.024016 ave match: 0.073976 ave solve: 0.003324  ave ICP: 0.085301  map incre: 0.006025 ave total: 0.105695 icp: 0.077465 construct H: 0.000977 
[fastlio_mapping-2] [ mapping ]: time: IMU + Map + Input Downsample: 0.022428 ave match: 0.074055 ave solve: 0.003322  ave ICP: 0.092267  map incre: 0.007255 ave total: 0.105781 icp: 0.077542 construct H: 0.000976 
[fastlio_mapping-2] [ mapping ]: time: IMU + Map + Input Downsample: 0.014860 ave match: 0.074054 ave solve: 0.003320  ave ICP: 0.077242  map incre: 0.006439 ave total: 0.105743 icp: 0.077539 construct H: 0.000975 
[fastlio_mapping-2] [ mapping ]: time: IMU + Map + Input Downsample: 0.019764 ave match: 0.074073 ave solve: 0.003317  ave ICP: 0.080862  map incre: 0.006251 ave total: 0.105749 icp: 0.077555 construct H: 0.000974 
[fastlio_mapping-2] [ mapping ]: time: IMU + Map + Input Downsample: 0.023720 ave match: 0.074105 ave solve: 0.003315  ave ICP: 0.083479  map incre: 0.006660 ave total: 0.105791 icp: 0.077584 construct H: 0.000973 
[fastlio_mapping-2] [ mapping ]: time: IMU + Map + Input Downsample: 0.021111 ave match: 0.074116 ave solve: 0.003311  ave ICP: 0.079360  map incre: 0.004639 ave total: 0.105788 icp: 0.077591 construct H: 0.000972 
[fastlio_mapping-2] [ mapping ]: time: IMU + Map + Input Downsample: 0.019366 ave match: 0.074128 ave solve: 0.003309  ave ICP: 0.079719  map incre: 0.004723 ave total: 0.105778 icp: 0.077601 construct H: 0.000971 
[fastlio_mapping-2] [ mapping ]: time: IMU + Map + Input Downsample: 0.019685 ave match: 0.074164 ave solve: 0.003306  ave ICP: 0.084512  map incre: 0.005495 ave total: 0.105798 icp: 0.077635 construct H: 0.000971 
[fastlio_mapping-2] [ mapping ]: time: IMU + Map + Input Downsample: 0.023394 ave match: 0.074178 ave solve: 0.003304  ave ICP: 0.080269  map incre: 0.006131 ave total: 0.105818 icp: 0.077646 construct H: 0.000970 
[fastlio_mapping-2] [ mapping ]: time: IMU + Map + Input Downsample: 0.020878 ave match: 0.074183 ave solve: 0.003300  ave ICP: 0.078324  map incre: 0.004541 ave total: 0.105807 icp: 0.077647 construct H: 0.000969 
[fastlio_mapping-2] [ mapping ]: time: IMU + Map + Input Downsample: 0.023459 ave match: 0.074199 ave solve: 0.003297  ave ICP: 0.080512  map incre: 0.007231 ave total: 0.105835 icp: 0.077660 construct H: 0.000968 
[fastlio_mapping-2] [ mapping ]: time: IMU + Map + Input Downsample: 0.025475 ave match: 0.074273 ave solve: 0.003295  ave ICP: 0.092067  map incre: 0.005621 ave total: 0.105922 icp: 0.077731 construct H: 0.000967 
[fastlio_mapping-2] [ mapping ]: time: IMU + Map + Input Downsample: 0.021984 ave match: 0.074299 ave solve: 0.003291  ave ICP: 0.082615  map incre: 0.004142 ave total: 0.105936 icp: 0.077754 construct H: 0.000965 
[fastlio_mapping-2] [ mapping ]: time: IMU + Map + Input Downsample: 0.019564 ave match: 0.074333 ave solve: 0.003288  ave ICP: 0.084280  map incre: 0.004477 ave total: 0.105948 icp: 0.077785 construct H: 0.000965 
[fastlio_mapping-2] [ mapping ]: time: IMU + Map + Input Downsample: 0.026575 ave match: 0.074427 ave solve: 0.003288  ave ICP: 0.096922  map incre: 0.004572 ave total: 0.106057 icp: 0.077878 construct H: 0.000964 
[fastlio_mapping-2] [ mapping ]: time: IMU + Map + Input Downsample: 0.014415 ave match: 0.074415 ave solve: 0.003285  ave ICP: 0.075106  map incre: 0.003532 ave total: 0.105993 icp: 0.077863 construct H: 0.000963 
[fastlio_mapping-2] [ mapping ]: time: IMU + Map + Input Downsample: 0.019339 ave match: 0.074436 ave solve: 0.003282  ave ICP: 0.081874  map incre: 0.003795 ave total: 0.105988 icp: 0.077882 construct H: 0.000962 
[fastlio_mapping-2] [ mapping ]: time: IMU + Map + Input Downsample: 0.023068 ave match: 0.074504 ave solve: 0.003283  ave ICP: 0.092129  map incre: 0.003759 ave total: 0.106052 icp: 0.077950 construct H: 0.000962 
[fastlio_mapping-2] [ mapping ]: time: IMU + Map + Input Downsample: 0.022266 ave match: 0.074533 ave solve: 0.003280  ave ICP: 0.083750  map incre: 0.003543 ave total: 0.106069 icp: 0.077976 construct H: 0.000961 
[fastlio_mapping-2] [ mapping ]: time: IMU + Map + Input Downsample: 0.020059 ave match: 0.074572 ave solve: 0.003277  ave ICP: 0.085722  map incre: 0.004604 ave total: 0.106090 icp: 0.078012 construct H: 0.000960 
[fastlio_mapping-2] [ mapping ]: time: IMU + Map + Input Downsample: 0.022601 ave match: 0.074593 ave solve: 0.003275  ave ICP: 0.082198  map incre: 0.004046 ave total: 0.106103 icp: 0.078031 construct H: 0.000959 
[fastlio_mapping-2] [ mapping ]: time: IMU + Map + Input Downsample: 0.019637 ave match: 0.074603 ave solve: 0.003272  ave ICP: 0.079820  map incre: 0.003808 ave total: 0.106089 icp: 0.078038 construct H: 0.000958 
[fastlio_mapping-2] [ mapping ]: time: IMU + Map + Input Downsample: 0.024465 ave match: 0.074624 ave solve: 0.003269  ave ICP: 0.082071  map incre: 0.004629 ave total: 0.106113 icp: 0.078056 construct H: 0.000957 
[fastlio_mapping-2] [ mapping ]: time: IMU + Map + Input Downsample: 0.013872 ave match: 0.074601 ave solve: 0.003266  ave ICP: 0.072671  map incre: 0.004454 ave total: 0.106042 icp: 0.078029 construct H: 0.000956 
[fastlio_mapping-2] [ mapping ]: time: IMU + Map + Input Downsample: 0.022190 ave match: 0.074616 ave solve: 0.003263  ave ICP: 0.080878  map incre: 0.005007 ave total: 0.106051 icp: 0.078041 construct H: 0.000955 
[fastlio_mapping-2] [ mapping ]: time: IMU + Map + Input Downsample: 0.024624 ave match: 0.074641 ave solve: 0.003260  ave ICP: 0.083048  map incre: 0.004041 ave total: 0.106078 icp: 0.078063 construct H: 0.000954 
[fastlio_mapping-2] [ mapping ]: time: IMU + Map + Input Downsample: 0.020978 ave match: 0.074662 ave solve: 0.003257  ave ICP: 0.082144  map incre: 0.004541 ave total: 0.106085 icp: 0.078081 construct H: 0.000953 
[fastlio_mapping-2] [ mapping ]: time: IMU + Map + Input Downsample: 0.024149 ave match: 0.074685 ave solve: 0.003253  ave ICP: 0.082595  map incre: 0.004291 ave total: 0.106108 icp: 0.078100 construct H: 0.000952 
[fastlio_mapping-2] [ mapping ]: time: IMU + Map + Input Downsample: 0.023523 ave match: 0.074738 ave solve: 0.003253  ave ICP: 0.089798  map incre: 0.004205 ave total: 0.106161 icp: 0.078153 construct H: 0.000952 
[fastlio_mapping-2] [ mapping ]: time: IMU + Map + Input Downsample: 0.023634 ave match: 0.074762 ave solve: 0.003250  ave ICP: 0.082921  map incre: 0.003731 ave total: 0.106180 icp: 0.078173 construct H: 0.000951 
[fastlio_mapping-2] [ mapping ]: time: IMU + Map + Input Downsample: 0.027827 ave match: 0.074805 ave solve: 0.003249  ave ICP: 0.088198  map incre: 0.004384 ave total: 0.106245 icp: 0.078216 construct H: 0.000950 
[fastlio_mapping-2] [ mapping ]: time: IMU + Map + Input Downsample: 0.023522 ave match: 0.074831 ave solve: 0.003247  ave ICP: 0.083582  map incre: 0.004185 ave total: 0.106268 icp: 0.078239 construct H: 0.000950 
[fastlio_mapping-2] [ mapping ]: time: IMU + Map + Input Downsample: 0.023094 ave match: 0.074842 ave solve: 0.003244  ave ICP: 0.080424  map incre: 0.004040 ave total: 0.106274 icp: 0.078247 construct H: 0.000949 
[fastlio_mapping-2] [ mapping ]: time: IMU + Map + Input Downsample: 0.024314 ave match: 0.074871 ave solve: 0.003244  ave ICP: 0.084860  map incre: 0.004231 ave total: 0.106307 icp: 0.078276 construct H: 0.000948 
[fastlio_mapping-2] [ mapping ]: time: IMU + Map + Input Downsample: 0.027856 ave match: 0.074939 ave solve: 0.003243  ave ICP: 0.093406  map incre: 0.004904 ave total: 0.106396 icp: 0.078343 construct H: 0.000948 
[fastlio_mapping-2] [ mapping ]: time: IMU + Map + Input Downsample: 0.024778 ave match: 0.074964 ave solve: 0.003240  ave ICP: 0.083817  map incre: 0.003752 ave total: 0.106423 icp: 0.078366 construct H: 0.000947 
[fastlio_mapping-2] [ mapping ]: time: IMU + Map + Input Downsample: 0.023682 ave match: 0.074990 ave solve: 0.003237  ave ICP: 0.083741  map incre: 0.004234 ave total: 0.106446 icp: 0.078388 construct H: 0.000946 
[fastlio_mapping-2] [ mapping ]: time: IMU + Map + Input Downsample: 0.024533 ave match: 0.075010 ave solve: 0.003235  ave ICP: 0.082434  map incre: 0.005815 ave total: 0.106474 icp: 0.078405 construct H: 0.000945 
[fastlio_mapping-2] [ mapping ]: time: IMU + Map + Input Downsample: 0.022028 ave match: 0.075028 ave solve: 0.003232  ave ICP: 0.082187  map incre: 0.006169 ave total: 0.106492 icp: 0.078421 construct H: 0.000945 
[fastlio_mapping-2] [ mapping ]: time: IMU + Map + Input Downsample: 0.025139 ave match: 0.075047 ave solve: 0.003229  ave ICP: 0.082273  map incre: 0.004657 ave total: 0.106516 icp: 0.078437 construct H: 0.000944 
[fastlio_mapping-2] [ mapping ]: time: IMU + Map + Input Downsample: 0.023992 ave match: 0.075071 ave solve: 0.003226  ave ICP: 0.083419  map incre: 0.004341 ave total: 0.106539 icp: 0.078457 construct H: 0.000943 
[fastlio_mapping-2] [ mapping ]: time: IMU + Map + Input Downsample: 0.025311 ave match: 0.075086 ave solve: 0.003223  ave ICP: 0.081797  map incre: 0.004416 ave total: 0.106561 icp: 0.078470 construct H: 0.000942 
[fastlio_mapping-2] [ mapping ]: time: IMU + Map + Input Downsample: 0.024751 ave match: 0.075108 ave solve: 0.003220  ave ICP: 0.083100  map incre: 0.006152 ave total: 0.106593 icp: 0.078489 construct H: 0.000941 
[fastlio_mapping-2] [ mapping ]: time: IMU + Map + Input Downsample: 0.019833 ave match: 0.075120 ave solve: 0.003217  ave ICP: 0.080860  map incre: 0.009038 ave total: 0.106607 icp: 0.078498 construct H: 0.000940 
[fastlio_mapping-2] [ mapping ]: time: IMU + Map + Input Downsample: 0.023532 ave match: 0.075149 ave solve: 0.003213  ave ICP: 0.084504  map incre: 0.004430 ave total: 0.106632 icp: 0.078522 construct H: 0.000939 
[fastlio_mapping-2] [ mapping ]: time: IMU + Map + Input Downsample: 0.025444 ave match: 0.075173 ave solve: 0.003210  ave ICP: 0.083667  map incre: 0.006338 ave total: 0.106670 icp: 0.078543 construct H: 0.000938 
[fastlio_mapping-2] [ mapping ]: time: IMU + Map + Input Downsample: 0.020474 ave match: 0.075206 ave solve: 0.003207  ave ICP: 0.085743  map incre: 0.004651 ave total: 0.106688 icp: 0.078572 construct H: 0.000937 
[fastlio_mapping-2] [ mapping ]: time: IMU + Map + Input Downsample: 0.023654 ave match: 0.075226 ave solve: 0.003204  ave ICP: 0.082819  map incre: 0.004443 ave total: 0.106706 icp: 0.078589 construct H: 0.000936 
[fastlio_mapping-2] [ mapping ]: time: IMU + Map + Input Downsample: 0.023347 ave match: 0.075236 ave solve: 0.003201  ave ICP: 0.080477  map incre: 0.006151 ave total: 0.106720 icp: 0.078596 construct H: 0.000935 
[fastlio_mapping-2] [ mapping ]: time: IMU + Map + Input Downsample: 0.023226 ave match: 0.075259 ave solve: 0.003198  ave ICP: 0.083753  map incre: 0.006073 ave total: 0.106746 icp: 0.078616 construct H: 0.000934 
[fastlio_mapping-2] [ mapping ]: time: IMU + Map + Input Downsample: 0.025515 ave match: 0.075277 ave solve: 0.003195  ave ICP: 0.082283  map incre: 0.004802 ave total: 0.106771 icp: 0.078631 construct H: 0.000933 
[fastlio_mapping-2] [ mapping ]: time: IMU + Map + Input Downsample: 0.024924 ave match: 0.075302 ave solve: 0.003192  ave ICP: 0.084271  map incre: 0.004388 ave total: 0.106799 icp: 0.078653 construct H: 0.000932 
[fastlio_mapping-2] [ mapping ]: time: IMU + Map + Input Downsample: 0.028637 ave match: 0.075371 ave solve: 0.003190  ave ICP: 0.094873  map incre: 0.004385 ave total: 0.106887 icp: 0.078719 construct H: 0.000931 
[fastlio_mapping-2] [ mapping ]: time: IMU + Map + Input Downsample: 0.012984 ave match: 0.075361 ave solve: 0.003187  ave ICP: 0.075916  map incre: 0.005697 ave total: 0.106836 icp: 0.078707 construct H: 0.000930 
[fastlio_mapping-2] [ mapping ]: time: IMU + Map + Input Downsample: 0.027833 ave match: 0.075440 ave solve: 0.003184  ave ICP: 0.097466  map incre: 0.007720 ave total: 0.106945 icp: 0.078783 construct H: 0.000930 
[fastlio_mapping-2] [ mapping ]: time: IMU + Map + Input Downsample: 0.021999 ave match: 0.075473 ave solve: 0.003181  ave ICP: 0.086237  map incre: 0.011418 ave total: 0.106997 icp: 0.078812 construct H: 0.000928 
[fastlio_mapping-2] [ mapping ]: time: IMU + Map + Input Downsample: 0.023996 ave match: 0.075500 ave solve: 0.003177  ave ICP: 0.084496  map incre: 0.013779 ave total: 0.107059 icp: 0.078834 construct H: 0.000927 
[fastlio_mapping-2] [ mapping ]: time: IMU + Map + Input Downsample: 0.023637 ave match: 0.075535 ave solve: 0.003172  ave ICP: 0.086599  map incre: 0.015808 ave total: 0.107137 icp: 0.078864 construct H: 0.000926 
[fastlio_mapping-2] [ mapping ]: time: IMU + Map + Input Downsample: 0.029865 ave match: 0.075590 ave solve: 0.003167  ave ICP: 0.091766  map incre: 0.012120 ave total: 0.107245 icp: 0.078916 construct H: 0.000924 
[fastlio_mapping-2] [ mapping ]: time: IMU + Map + Input Downsample: 0.024647 ave match: 0.075618 ave solve: 0.003162  ave ICP: 0.084729  map incre: 0.009137 ave total: 0.107291 icp: 0.078938 construct H: 0.000922 
[fastlio_mapping-2] [ mapping ]: time: IMU + Map + Input Downsample: 0.028613 ave match: 0.075694 ave solve: 0.003157  ave ICP: 0.096760  map incre: 0.009706 ave total: 0.107403 icp: 0.079008 construct H: 0.000921 
[fastlio_mapping-2] [ mapping ]: time: IMU + Map + Input Downsample: 0.022200 ave match: 0.075726 ave solve: 0.003152  ave ICP: 0.086001  map incre: 0.008894 ave total: 0.107442 icp: 0.079035 construct H: 0.000919 
[fastlio_mapping-2] [ mapping ]: time: IMU + Map + Input Downsample: 0.023073 ave match: 0.075745 ave solve: 0.003147  ave ICP: 0.082779  map incre: 0.008311 ave total: 0.107469 icp: 0.079049 construct H: 0.000918 
[fastlio_mapping-2] [ mapping ]: time: IMU + Map + Input Downsample: 0.025632 ave match: 0.075773 ave solve: 0.003142  ave ICP: 0.084981  map incre: 0.005925 ave total: 0.107505 icp: 0.079071 construct H: 0.000916 
[fastlio_mapping-2] [ mapping ]: time: IMU + Map + Input Downsample: 0.023364 ave match: 0.075795 ave solve: 0.003137  ave ICP: 0.083769  map incre: 0.006656 ave total: 0.107530 icp: 0.079089 construct H: 0.000915 
[fastlio_mapping-2] [ mapping ]: time: IMU + Map + Input Downsample: 0.026462 ave match: 0.075840 ave solve: 0.003132  ave ICP: 0.089408  map incre: 0.006132 ave total: 0.107587 icp: 0.079128 construct H: 0.000913 
[fastlio_mapping-2] [ mapping ]: time: IMU + Map + Input Downsample: 0.026296 ave match: 0.075865 ave solve: 0.003127  ave ICP: 0.084514  map incre: 0.006830 ave total: 0.107626 icp: 0.079148 construct H: 0.000911 
[fastlio_mapping-2] [ mapping ]: time: IMU + Map + Input Downsample: 0.022701 ave match: 0.075895 ave solve: 0.003123  ave ICP: 0.085789  map incre: 0.006551 ave total: 0.107656 icp: 0.079173 construct H: 0.000910 
[fastlio_mapping-2] [ mapping ]: time: IMU + Map + Input Downsample: 0.024717 ave match: 0.075928 ave solve: 0.003118  ave ICP: 0.086592  map incre: 0.006332 ave total: 0.107695 icp: 0.079201 construct H: 0.000908 
[fastlio_mapping-2] [ mapping ]: time: IMU + Map + Input Downsample: 0.027458 ave match: 0.076010 ave solve: 0.003113  ave ICP: 0.099310  map incre: 0.006283 ave total: 0.107793 icp: 0.079278 construct H: 0.000907 
[fastlio_mapping-2] [ mapping ]: time: IMU + Map + Input Downsample: 0.025506 ave match: 0.076030 ave solve: 0.003108  ave ICP: 0.083243  map incre: 0.006107 ave total: 0.107821 icp: 0.079292 construct H: 0.000905 
[fastlio_mapping-2] [ mapping ]: time: IMU + Map + Input Downsample: 0.023143 ave match: 0.076073 ave solve: 0.003103  ave ICP: 0.089647  map incre: 0.005650 ave total: 0.107862 icp: 0.079331 construct H: 0.000904 
[fastlio_mapping-2] [ mapping ]: time: IMU + Map + Input Downsample: 0.026709 ave match: 0.076106 ave solve: 0.003099  ave ICP: 0.086845  map incre: 0.005924 ave total: 0.107906 icp: 0.079359 construct H: 0.000902 
[fastlio_mapping-2] [ mapping ]: time: IMU + Map + Input Downsample: 0.021501 ave match: 0.076123 ave solve: 0.003094  ave ICP: 0.082878  map incre: 0.007798 ave total: 0.107923 icp: 0.079371 construct H: 0.000901 
[fastlio_mapping-2] [ mapping ]: time: IMU + Map + Input Downsample: 0.026827 ave match: 0.076151 ave solve: 0.003089  ave ICP: 0.085538  map incre: 0.004916 ave total: 0.107958 icp: 0.079393 construct H: 0.000899 
[fastlio_mapping-2] [ mapping ]: time: IMU + Map + Input Downsample: 0.018927 ave match: 0.076165 ave solve: 0.003084  ave ICP: 0.082258  map incre: 0.004845 ave total: 0.107951 icp: 0.079403 construct H: 0.000898 
[fastlio_mapping-2] [ mapping ]: time: IMU + Map + Input Downsample: 0.023646 ave match: 0.076191 ave solve: 0.003080  ave ICP: 0.085157  map incre: 0.004869 ave total: 0.107973 icp: 0.079424 construct H: 0.000896 
[fastlio_mapping-2] [ mapping ]: time: IMU + Map + Input Downsample: 0.023438 ave match: 0.076221 ave solve: 0.003075  ave ICP: 0.086408  map incre: 0.005030 ave total: 0.107999 icp: 0.079449 construct H: 0.000895 
[fastlio_mapping-2] [ mapping ]: time: IMU + Map + Input Downsample: 0.023478 ave match: 0.076241 ave solve: 0.003071  ave ICP: 0.083872  map incre: 0.005859 ave total: 0.108018 icp: 0.079464 construct H: 0.000893 
[fastlio_mapping-2] [ mapping ]: time: IMU + Map + Input Downsample: 0.023496 ave match: 0.076265 ave solve: 0.003066  ave ICP: 0.084913  map incre: 0.005064 ave total: 0.108039 icp: 0.079483 construct H: 0.000892 
[fastlio_mapping-2] [ mapping ]: time: IMU + Map + Input Downsample: 0.020808 ave match: 0.076280 ave solve: 0.003062  ave ICP: 0.082553  map incre: 0.005031 ave total: 0.108040 icp: 0.079494 construct H: 0.000891 
[fastlio_mapping-2] [ mapping ]: time: IMU + Map + Input Downsample: 0.024363 ave match: 0.076324 ave solve: 0.003057  ave ICP: 0.090538  map incre: 0.006105 ave total: 0.108088 icp: 0.079534 construct H: 0.000889 
[fastlio_mapping-2] [ mapping ]: time: IMU + Map + Input Downsample: 0.026195 ave match: 0.076344 ave solve: 0.003053  ave ICP: 0.084101  map incre: 0.006428 ave total: 0.108120 icp: 0.079549 construct H: 0.000888 
[fastlio_mapping-2] [ mapping ]: time: IMU + Map + Input Downsample: 0.023133 ave match: 0.076385 ave solve: 0.003049  ave ICP: 0.089526  map incre: 0.005641 ave total: 0.108158 icp: 0.079585 construct H: 0.000886 
[fastlio_mapping-2] [ mapping ]: time: IMU + Map + Input Downsample: 0.014840 ave match: 0.076389 ave solve: 0.003044  ave ICP: 0.079904  map incre: 0.006398 ave total: 0.108132 icp: 0.079585 construct H: 0.000885 
[fastlio_mapping-2] [ mapping ]: time: IMU + Map + Input Downsample: 0.026066 ave match: 0.076423 ave solve: 0.003040  ave ICP: 0.087945  map incre: 0.005461 ave total: 0.108174 icp: 0.079615 construct H: 0.000884 
[fastlio_mapping-2] [ mapping ]: time: IMU + Map + Input Downsample: 0.021264 ave match: 0.076469 ave solve: 0.003036  ave ICP: 0.091253  map incre: 0.005961 ave total: 0.108211 icp: 0.079656 construct H: 0.000882 
[fastlio_mapping-2] [ mapping ]: time: IMU + Map + Input Downsample: 0.025126 ave match: 0.076494 ave solve: 0.003032  ave ICP: 0.085696  map incre: 0.005897 ave total: 0.108242 icp: 0.079677 construct H: 0.000881 
[fastlio_mapping-2] [ mapping ]: time: IMU + Map + Input Downsample: 0.022581 ave match: 0.076501 ave solve: 0.003028  ave ICP: 0.080558  map incre: 0.004624 ave total: 0.108240 icp: 0.079679 construct H: 0.000880 
[fastlio_mapping-2] [ mapping ]: time: IMU + Map + Input Downsample: 0.023883 ave match: 0.076531 ave solve: 0.003023  ave ICP: 0.087125  map incre: 0.005927 ave total: 0.108272 icp: 0.079705 construct H: 0.000878 
[fastlio_mapping-2] [ mapping ]: time: IMU + Map + Input Downsample: 0.028459 ave match: 0.076584 ave solve: 0.003019  ave ICP: 0.093478  map incre: 0.005735 ave total: 0.108342 icp: 0.079753 construct H: 0.000877 
[fastlio_mapping-2] [ mapping ]: time: IMU + Map + Input Downsample: 0.023707 ave match: 0.076609 ave solve: 0.003015  ave ICP: 0.085985  map incre: 0.005262 ave total: 0.108365 icp: 0.079774 construct H: 0.000876 
[fastlio_mapping-2] [ mapping ]: time: IMU + Map + Input Downsample: 0.025832 ave match: 0.076631 ave solve: 0.003011  ave ICP: 0.084919  map incre: 0.005089 ave total: 0.108392 icp: 0.079792 construct H: 0.000874 
[fastlio_mapping-2] [ mapping ]: time: IMU + Map + Input Downsample: 0.021988 ave match: 0.076646 ave solve: 0.003007  ave ICP: 0.083114  map incre: 0.005139 ave total: 0.108399 icp: 0.079802 construct H: 0.000873 
[fastlio_mapping-2] [ mapping ]: time: IMU + Map + Input Downsample: 0.022353 ave match: 0.076661 ave solve: 0.003003  ave ICP: 0.083289  map incre: 0.006226 ave total: 0.108411 icp: 0.079814 construct H: 0.000872 
[fastlio_mapping-2] [ mapping ]: time: IMU + Map + Input Downsample: 0.027454 ave match: 0.076735 ave solve: 0.002999  ave ICP: 0.099885  map incre: 0.006717 ave total: 0.108501 icp: 0.079883 construct H: 0.000871 
[fastlio_mapping-2] [ mapping ]: time: IMU + Map + Input Downsample: 0.027132 ave match: 0.076791 ave solve: 0.002997  ave ICP: 0.095454  map incre: 0.004949 ave total: 0.108568 icp: 0.079937 construct H: 0.000871 
[fastlio_mapping-2] [ mapping ]: time: IMU + Map + Input Downsample: 0.025867 ave match: 0.076817 ave solve: 0.002994  ave ICP: 0.086619  map incre: 0.004617 ave total: 0.108598 icp: 0.079959 construct H: 0.000869 
[fastlio_mapping-2] [ mapping ]: time: IMU + Map + Input Downsample: 0.021126 ave match: 0.076828 ave solve: 0.002989  ave ICP: 0.082159  map incre: 0.004251 ave total: 0.108595 icp: 0.079966 construct H: 0.000868 
[fastlio_mapping-2] [ mapping ]: time: IMU + Map + Input Downsample: 0.024619 ave match: 0.076836 ave solve: 0.002985  ave ICP: 0.081395  map incre: 0.004208 ave total: 0.108600 icp: 0.079970 construct H: 0.000867 
[fastlio_mapping-2] [ mapping ]: time: IMU + Map + Input Downsample: 0.022137 ave match: 0.076868 ave solve: 0.002981  ave ICP: 0.088158  map incre: 0.004867 ave total: 0.108623 icp: 0.079997 construct H: 0.000865 
[fastlio_mapping-2] [ mapping ]: time: IMU + Map + Input Downsample: 0.023785 ave match: 0.076897 ave solve: 0.002977  ave ICP: 0.087628  map incre: 0.004225 ave total: 0.108647 icp: 0.080022 construct H: 0.000864 
[fastlio_mapping-2] [ mapping ]: time: IMU + Map + Input Downsample: 0.021813 ave match: 0.076932 ave solve: 0.002974  ave ICP: 0.089453  map incre: 0.009761 ave total: 0.108690 icp: 0.080054 construct H: 0.000862 
[fastlio_mapping-2] [ mapping ]: time: IMU + Map + Input Downsample: 0.020600 ave match: 0.076954 ave solve: 0.002970  ave ICP: 0.085547  map incre: 0.007831 ave total: 0.108708 icp: 0.080072 construct H: 0.000861 
[fastlio_mapping-2] [ mapping ]: time: IMU + Map + Input Downsample: 0.022439 ave match: 0.076985 ave solve: 0.002966  ave ICP: 0.088379  map incre: 0.004635 ave total: 0.108731 icp: 0.080099 construct H: 0.000860 
[fastlio_mapping-2] [ mapping ]: time: IMU + Map + Input Downsample: 0.024285 ave match: 0.077025 ave solve: 0.002962  ave ICP: 0.091080  map incre: 0.004187 ave total: 0.108768 icp: 0.080135 construct H: 0.000859 
[fastlio_mapping-2] [ mapping ]: time: IMU + Map + Input Downsample: 0.015346 ave match: 0.077035 ave solve: 0.002959  ave ICP: 0.082236  map incre: 0.004134 ave total: 0.108744 icp: 0.080141 construct H: 0.000857 
[fastlio_mapping-2] [ mapping ]: time: IMU + Map + Input Downsample: 0.024102 ave match: 0.077066 ave solve: 0.002955  ave ICP: 0.088384  map incre: 0.004710 ave total: 0.108773 icp: 0.080168 construct H: 0.000856 
[fastlio_mapping-2] [ mapping ]: time: IMU + Map + Input Downsample: 0.029151 ave match: 0.077116 ave solve: 0.002953  ave ICP: 0.094506  map incre: 0.004405 ave total: 0.108838 icp: 0.080216 construct H: 0.000856 
[fastlio_mapping-2] [ mapping ]: time: IMU + Map + Input Downsample: 0.025059 ave match: 0.077179 ave solve: 0.002949  ave ICP: 0.098046  map incre: 0.006087 ave total: 0.108907 icp: 0.080275 construct H: 0.000854 
[fastlio_mapping-2] [ mapping ]: time: IMU + Map + Input Downsample: 0.028454 ave match: 0.077233 ave solve: 0.002947  ave ICP: 0.095965  map incre: 0.004472 ave total: 0.108974 icp: 0.080326 construct H: 0.000853 
[fastlio_mapping-2] [ mapping ]: time: IMU + Map + Input Downsample: 0.015957 ave match: 0.077259 ave solve: 0.002943  ave ICP: 0.087149  map incre: 0.006751 ave total: 0.108977 icp: 0.080348 construct H: 0.000852 
[fastlio_mapping-2] [ mapping ]: time: IMU + Map + Input Downsample: 0.022508 ave match: 0.077278 ave solve: 0.002940  ave ICP: 0.085520  map incre: 0.004746 ave total: 0.108989 icp: 0.080365 construct H: 0.000851 
[fastlio_mapping-2] [ mapping ]: time: IMU + Map + Input Downsample: 0.022146 ave match: 0.077317 ave solve: 0.002936  ave ICP: 0.091098  map incre: 0.004671 ave total: 0.109019 icp: 0.080399 construct H: 0.000850 
[fastlio_mapping-2] [ mapping ]: time: IMU + Map + Input Downsample: 0.022331 ave match: 0.077358 ave solve: 0.002933  ave ICP: 0.092227  map incre: 0.004325 ave total: 0.109052 icp: 0.080437 construct H: 0.000849 
[fastlio_mapping-2] [ mapping ]: time: IMU + Map + Input Downsample: 0.023857 ave match: 0.077390 ave solve: 0.002930  ave ICP: 0.089173  map incre: 0.005606 ave total: 0.109083 icp: 0.080465 construct H: 0.000848 
[fastlio_mapping-2] [ mapping ]: time: IMU + Map + Input Downsample: 0.014232 ave match: 0.077400 ave solve: 0.002926  ave ICP: 0.082735  map incre: 0.005687 ave total: 0.109062 icp: 0.080471 construct H: 0.000847 
[fastlio_mapping-2] [ mapping ]: time: IMU + Map + Input Downsample: 0.023633 ave match: 0.077431 ave solve: 0.002923  ave ICP: 0.089444  map incre: 0.004664 ave total: 0.109091 icp: 0.080500 construct H: 0.000846 
[fastlio_mapping-2] [ mapping ]: time: IMU + Map + Input Downsample: 0.022801 ave match: 0.077478 ave solve: 0.002920  ave ICP: 0.093954  map incre: 0.004915 ave total: 0.109132 icp: 0.080543 construct H: 0.000845 
[fastlio_mapping-2] [ mapping ]: time: IMU + Map + Input Downsample: 0.027133 ave match: 0.077525 ave solve: 0.002919  ave ICP: 0.095093  map incre: 0.004730 ave total: 0.109190 icp: 0.080589 construct H: 0.000844 
[fastlio_mapping-2] [ mapping ]: time: IMU + Map + Input Downsample: 0.019950 ave match: 0.077554 ave solve: 0.002916  ave ICP: 0.088842  map incre: 0.004505 ave total: 0.109203 icp: 0.080615 construct H: 0.000843 
[fastlio_mapping-2] [ mapping ]: time: IMU + Map + Input Downsample: 0.018523 ave match: 0.077575 ave solve: 0.002913  ave ICP: 0.086360  map incre: 0.005268 ave total: 0.109206 icp: 0.080633 construct H: 0.000842 
[fastlio_mapping-2] [ mapping ]: time: IMU + Map + Input Downsample: 0.020720 ave match: 0.077614 ave solve: 0.002909  ave ICP: 0.091761  map incre: 0.005479 ave total: 0.109234 icp: 0.080668 construct H: 0.000841 
[fastlio_mapping-2] [ mapping ]: time: IMU + Map + Input Downsample: 0.027646 ave match: 0.077690 ave solve: 0.002907  ave ICP: 0.104002  map incre: 0.004747 ave total: 0.109322 icp: 0.080741 construct H: 0.000840 
[fastlio_mapping-2] [ mapping ]: time: IMU + Map + Input Downsample: 0.021561 ave match: 0.077721 ave solve: 0.002904  ave ICP: 0.089641  map incre: 0.005473 ave total: 0.109345 icp: 0.080769 construct H: 0.000839 
[fastlio_mapping-2] [ mapping ]: time: IMU + Map + Input Downsample: 0.023694 ave match: 0.077757 ave solve: 0.002901  ave ICP: 0.091455  map incre: 0.005311 ave total: 0.109381 icp: 0.080802 construct H: 0.000838 
[fastlio_mapping-2] [ mapping ]: time: IMU + Map + Input Downsample: 0.013524 ave match: 0.077764 ave solve: 0.002898  ave ICP: 0.082263  map incre: 0.005603 ave total: 0.109355 icp: 0.080806 construct H: 0.000837 
[fastlio_mapping-2] [ mapping ]: time: IMU + Map + Input Downsample: 0.024176 ave match: 0.077800 ave solve: 0.002895  ave ICP: 0.091663  map incre: 0.005563 ave total: 0.109394 icp: 0.080839 construct H: 0.000836 
[fastlio_mapping-2] [ mapping ]: time: IMU + Map + Input Downsample: 0.020780 ave match: 0.077834 ave solve: 0.002892  ave ICP: 0.090909  map incre: 0.004955 ave total: 0.109417 icp: 0.080870 construct H: 0.000835 
[fastlio_mapping-2] [ mapping ]: time: IMU + Map + Input Downsample: 0.023624 ave match: 0.077867 ave solve: 0.002889  ave ICP: 0.090541  map incre: 0.005083 ave total: 0.109448 icp: 0.080900 construct H: 0.000834 
[fastlio_mapping-2] [ mapping ]: time: IMU + Map + Input Downsample: 0.023878 ave match: 0.077904 ave solve: 0.002886  ave ICP: 0.091968  map incre: 0.004984 ave total: 0.109483 icp: 0.080933 construct H: 0.000833 
[fastlio_mapping-2] [ mapping ]: time: IMU + Map + Input Downsample: 0.013517 ave match: 0.077915 ave solve: 0.002883  ave ICP: 0.083563  map incre: 0.005218 ave total: 0.109461 icp: 0.080941 construct H: 0.000832 
[fastlio_mapping-2] [ mapping ]: time: IMU + Map + Input Downsample: 0.023652 ave match: 0.077951 ave solve: 0.002880  ave ICP: 0.092159  map incre: 0.005853 ave total: 0.109499 icp: 0.080975 construct H: 0.000831 
[fastlio_mapping-2] [ mapping ]: time: IMU + Map + Input Downsample: 0.023677 ave match: 0.078007 ave solve: 0.002878  ave ICP: 0.098359  map incre: 0.006087 ave total: 0.109557 icp: 0.081028 construct H: 0.000830 
[fastlio_mapping-2] [ mapping ]: time: IMU + Map + Input Downsample: 0.020653 ave match: 0.078047 ave solve: 0.002875  ave ICP: 0.093207  map incre: 0.007682 ave total: 0.109594 icp: 0.081065 construct H: 0.000830 
[fastlio_mapping-2] [ mapping ]: time: IMU + Map + Input Downsample: 0.013398 ave match: 0.078057 ave solve: 0.002872  ave ICP: 0.083462  map incre: 0.007096 ave total: 0.109577 icp: 0.081072 construct H: 0.000829 
[fastlio_mapping-2] [ mapping ]: time: IMU + Map + Input Downsample: 0.021392 ave match: 0.078120 ave solve: 0.002870  ave ICP: 0.101262  map incre: 0.007664 ave total: 0.109641 icp: 0.081133 construct H: 0.000828 
[fastlio_mapping-2] [ mapping ]: time: IMU + Map + Input Downsample: 0.023259 ave match: 0.078164 ave solve: 0.002867  ave ICP: 0.094891  map incre: 0.006024 ave total: 0.109686 icp: 0.081174 construct H: 0.000827 
[fastlio_mapping-2] [ mapping ]: time: IMU + Map + Input Downsample: 0.024317 ave match: 0.078201 ave solve: 0.002865  ave ICP: 0.092823  map incre: 0.006637 ave total: 0.109729 icp: 0.081209 construct H: 0.000826 
[fastlio_mapping-2] [ mapping ]: time: IMU + Map + Input Downsample: 0.020730 ave match: 0.078256 ave solve: 0.002862  ave ICP: 0.098348  map incre: 0.005669 ave total: 0.109775 icp: 0.081260 construct H: 0.000825 
[fastlio_mapping-2] [ mapping ]: time: IMU + Map + Input Downsample: 0.024055 ave match: 0.078297 ave solve: 0.002860  ave ICP: 0.094409  map incre: 0.005377 ave total: 0.109818 icp: 0.081299 construct H: 0.000825 
[fastlio_mapping-2] [ mapping ]: time: IMU + Map + Input Downsample: 0.019584 ave match: 0.078335 ave solve: 0.002857  ave ICP: 0.093082  map incre: 0.005048 ave total: 0.109842 icp: 0.081334 construct H: 0.000824 
[fastlio_mapping-2] [ mapping ]: time: IMU + Map + Input Downsample: 0.023466 ave match: 0.078380 ave solve: 0.002855  ave ICP: 0.095542  map incre: 0.008517 ave total: 0.109895 icp: 0.081376 construct H: 0.000823 
[fastlio_mapping-2] [ mapping ]: time: IMU + Map + Input Downsample: 0.016751 ave match: 0.078400 ave solve: 0.002852  ave ICP: 0.087645  map incre: 0.007549 ave total: 0.109901 icp: 0.081394 construct H: 0.000822 
[fastlio_mapping-2] [ mapping ]: time: IMU + Map + Input Downsample: 0.020248 ave match: 0.078429 ave solve: 0.002850  ave ICP: 0.090196  map incre: 0.007164 ave total: 0.109925 icp: 0.081420 construct H: 0.000821 
[fastlio_mapping-2] [ mapping ]: time: IMU + Map + Input Downsample: 0.022083 ave match: 0.078465 ave solve: 0.002847  ave ICP: 0.092862  map incre: 0.004982 ave total: 0.109955 icp: 0.081453 construct H: 0.000820 
[fastlio_mapping-2] [ mapping ]: time: IMU + Map + Input Downsample: 0.026644 ave match: 0.078524 ave solve: 0.002844  ave ICP: 0.100587  map incre: 0.005854 ave total: 0.110024 icp: 0.081510 construct H: 0.000819 
[fastlio_mapping-2] [ mapping ]: time: IMU + Map + Input Downsample: 0.023804 ave match: 0.078563 ave solve: 0.002842  ave ICP: 0.093876  map incre: 0.005788 ave total: 0.110064 icp: 0.081546 construct H: 0.000819 
[fastlio_mapping-2] [ mapping ]: time: IMU + Map + Input Downsample: 0.016146 ave match: 0.078596 ave solve: 0.002839  ave ICP: 0.092085  map incre: 0.005101 ave total: 0.110074 icp: 0.081576 construct H: 0.000818 
[fastlio_mapping-2] [ mapping ]: time: IMU + Map + Input Downsample: 0.022761 ave match: 0.078617 ave solve: 0.002837  ave ICP: 0.088203  map incre: 0.004658 ave total: 0.110090 icp: 0.081595 construct H: 0.000817 
[fastlio_mapping-2] [ mapping ]: time: IMU + Map + Input Downsample: 0.026350 ave match: 0.078690 ave solve: 0.002835  ave ICP: 0.105937  map incre: 0.005891 ave total: 0.110173 icp: 0.081666 construct H: 0.000816 
[fastlio_mapping-2] [ mapping ]: time: IMU + Map + Input Downsample: 0.028674 ave match: 0.078741 ave solve: 0.002833  ave ICP: 0.098439  map incre: 0.004506 ave total: 0.110237 icp: 0.081714 construct H: 0.000816 
[fastlio_mapping-2] [ mapping ]: time: IMU + Map + Input Downsample: 0.025565 ave match: 0.078764 ave solve: 0.002830  ave ICP: 0.089101  map incre: 0.003618 ave total: 0.110260 icp: 0.081735 construct H: 0.000815 
[fastlio_mapping-2] [ mapping ]: time: IMU + Map + Input Downsample: 0.014235 ave match: 0.078770 ave solve: 0.002827  ave ICP: 0.083059  map incre: 0.004217 ave total: 0.110235 icp: 0.081738 construct H: 0.000814 
[fastlio_mapping-2] [ mapping ]: time: IMU + Map + Input Downsample: 0.028718 ave match: 0.078825 ave solve: 0.002825  ave ICP: 0.099973  map incre: 0.003768 ave total: 0.110300 icp: 0.081790 construct H: 0.000813 
[fastlio_mapping-2] [ mapping ]: time: IMU + Map + Input Downsample: 0.024349 ave match: 0.078845 ave solve: 0.002822  ave ICP: 0.088111  map incre: 0.003232 ave total: 0.110315 icp: 0.081808 construct H: 0.000812 
[fastlio_mapping-2] [ mapping ]: time: IMU + Map + Input Downsample: 0.020992 ave match: 0.078875 ave solve: 0.002820  ave ICP: 0.091495  map incre: 0.003488 ave total: 0.110332 icp: 0.081835 construct H: 0.000812 
[fastlio_mapping-2] [ mapping ]: time: IMU + Map + Input Downsample: 0.021732 ave match: 0.078911 ave solve: 0.002817  ave ICP: 0.093479  map incre: 0.003302 ave total: 0.110355 icp: 0.081868 construct H: 0.000811 
[fastlio_mapping-2] [ mapping ]: time: IMU + Map + Input Downsample: 0.014232 ave match: 0.078911 ave solve: 0.002814  ave ICP: 0.081140  map incre: 0.003459 ave total: 0.110322 icp: 0.081865 construct H: 0.000810 
[fastlio_mapping-2] [ mapping ]: time: IMU + Map + Input Downsample: 0.021024 ave match: 0.078935 ave solve: 0.002811  ave ICP: 0.089831  map incre: 0.003799 ave total: 0.110335 icp: 0.081886 construct H: 0.000809 
[fastlio_mapping-2] [ mapping ]: time: IMU + Map + Input Downsample: 0.023885 ave match: 0.078972 ave solve: 0.002809  ave ICP: 0.094127  map incre: 0.005033 ave total: 0.110371 icp: 0.081921 construct H: 0.000808 
[fastlio_mapping-2] [ mapping ]: time: IMU + Map + Input Downsample: 0.027634 ave match: 0.079026 ave solve: 0.002806  ave ICP: 0.099805  map incre: 0.005290 ave total: 0.110435 icp: 0.081971 construct H: 0.000807 
[fastlio_mapping-2] [ mapping ]: time: IMU + Map + Input Downsample: 0.021757 ave match: 0.079049 ave solve: 0.002803  ave ICP: 0.089528  map incre: 0.005306 ave total: 0.110453 icp: 0.081992 construct H: 0.000806 
[fastlio_mapping-2] [ mapping ]: time: IMU + Map + Input Downsample: 0.013799 ave match: 0.079048 ave solve: 0.002800  ave ICP: 0.080832  map incre: 0.003935 ave total: 0.110419 icp: 0.081988 construct H: 0.000805 
[fastlio_mapping-2] [ mapping ]: time: IMU + Map + Input Downsample: 0.020336 ave match: 0.079071 ave solve: 0.002797  ave ICP: 0.089268  map incre: 0.004975 ave total: 0.110431 icp: 0.082008 construct H: 0.000805 
[fastlio_mapping-2] [ mapping ]: time: IMU + Map + Input Downsample: 0.023514 ave match: 0.079094 ave solve: 0.002795  ave ICP: 0.089507  map incre: 0.003872 ave total: 0.110449 icp: 0.082028 construct H: 0.000804 
[fastlio_mapping-2] [ mapping ]: time: IMU + Map + Input Downsample: 0.023553 ave match: 0.079119 ave solve: 0.002792  ave ICP: 0.090170  map incre: 0.003566 ave total: 0.110468 icp: 0.082050 construct H: 0.000803 
[fastlio_mapping-2] [ mapping ]: time: IMU + Map + Input Downsample: 0.023516 ave match: 0.079149 ave solve: 0.002789  ave ICP: 0.092073  map incre: 0.003809 ave total: 0.110493 icp: 0.082077 construct H: 0.000802 
[fastlio_mapping-2] [ mapping ]: time: IMU + Map + Input Downsample: 0.021536 ave match: 0.079199 ave solve: 0.002787  ave ICP: 0.099486  map incre: 0.003472 ave total: 0.110533 icp: 0.082125 construct H: 0.000801 
[fastlio_mapping-2] [ mapping ]: time: IMU + Map + Input Downsample: 0.027713 ave match: 0.079243 ave solve: 0.002786  ave ICP: 0.097633  map incre: 0.003781 ave total: 0.110585 icp: 0.082168 construct H: 0.000800 
[fastlio_mapping-2] [ mapping ]: time: IMU + Map + Input Downsample: 0.024805 ave match: 0.079305 ave solve: 0.002783  ave ICP: 0.103523  map incre: 0.004592 ave total: 0.110647 icp: 0.082227 construct H: 0.000800 
[fastlio_mapping-2] [ mapping ]: time: IMU + Map + Input Downsample: 0.019209 ave match: 0.079322 ave solve: 0.002780  ave ICP: 0.087549  map incre: 0.004454 ave total: 0.110649 icp: 0.082240 construct H: 0.000799 
[fastlio_mapping-2] [ mapping ]: time: IMU + Map + Input Downsample: 0.024010 ave match: 0.079353 ave solve: 0.002778  ave ICP: 0.092602  map incre: 0.004641 ave total: 0.110678 icp: 0.082268 construct H: 0.000798 
[fastlio_mapping-2] [ mapping ]: time: IMU + Map + Input Downsample: 0.022216 ave match: 0.079384 ave solve: 0.002775  ave ICP: 0.093026  map incre: 0.005053 ave total: 0.110705 icp: 0.082297 construct H: 0.000797 
[fastlio_mapping-2] [ mapping ]: time: IMU + Map + Input Downsample: 0.023015 ave match: 0.079419 ave solve: 0.002772  ave ICP: 0.094196  map incre: 0.008443 ave total: 0.110746 icp: 0.082329 construct H: 0.000796 
[fastlio_mapping-2] [ mapping ]: time: IMU + Map + Input Downsample: 0.020421 ave match: 0.079443 ave solve: 0.002769  ave ICP: 0.090275  map incre: 0.006178 ave total: 0.110763 icp: 0.082350 construct H: 0.000795 
[fastlio_mapping-2] [ mapping ]: time: IMU + Map + Input Downsample: 0.016209 ave match: 0.079456 ave solve: 0.002766  ave ICP: 0.086229  map incre: 0.004756 ave total: 0.110753 icp: 0.082360 construct H: 0.000794 
[fastlio_mapping-2] [ mapping ]: time: IMU + Map + Input Downsample: 0.024010 ave match: 0.079485 ave solve: 0.002764  ave ICP: 0.092239  map incre: 0.005279 ave total: 0.110783 icp: 0.082386 construct H: 0.000793 
[fastlio_mapping-2] [ mapping ]: time: IMU + Map + Input Downsample: 0.026000 ave match: 0.079513 ave solve: 0.002761  ave ICP: 0.092048  map incre: 0.005005 ave total: 0.110816 icp: 0.082412 construct H: 0.000792 
[fastlio_mapping-2] [ mapping ]: time: IMU + Map + Input Downsample: 0.022545 ave match: 0.079536 ave solve: 0.002758  ave ICP: 0.089963  map incre: 0.005368 ave total: 0.110836 icp: 0.082432 construct H: 0.000792 
[fastlio_mapping-2] [ mapping ]: time: IMU + Map + Input Downsample: 0.022061 ave match: 0.079556 ave solve: 0.002756  ave ICP: 0.088953  map incre: 0.004916 ave total: 0.110849 icp: 0.082448 construct H: 0.000791 
[fastlio_mapping-2] [ mapping ]: time: IMU + Map + Input Downsample: 0.022494 ave match: 0.079619 ave solve: 0.002755  ave ICP: 0.106073  map incre: 0.004741 ave total: 0.110910 icp: 0.082512 construct H: 0.000790 
[fastlio_mapping-2] [ mapping ]: time: IMU + Map + Input Downsample: 0.023052 ave match: 0.079636 ave solve: 0.002753  ave ICP: 0.088125  map incre: 0.005029 ave total: 0.110925 icp: 0.082526 construct H: 0.000789 
[fastlio_mapping-2] [ mapping ]: time: IMU + Map + Input Downsample: 0.023722 ave match: 0.079649 ave solve: 0.002750  ave ICP: 0.086256  map incre: 0.005164 ave total: 0.110936 icp: 0.082535 construct H: 0.000788 
[fastlio_mapping-2] [ mapping ]: time: IMU + Map + Input Downsample: 0.021217 ave match: 0.079664 ave solve: 0.002747  ave ICP: 0.087654  map incre: 0.005342 ave total: 0.110945 icp: 0.082548 construct H: 0.000787 
[fastlio_mapping-2] [ mapping ]: time: IMU + Map + Input Downsample: 0.012236 ave match: 0.079661 ave solve: 0.002744  ave ICP: 0.080549  map incre: 0.004407 ave total: 0.110908 icp: 0.082542 construct H: 0.000786 
[fastlio_mapping-2] [ mapping ]: time: IMU + Map + Input Downsample: 0.025009 ave match: 0.079698 ave solve: 0.002742  ave ICP: 0.095477  map incre: 0.006216 ave total: 0.110950 icp: 0.082576 construct H: 0.000785 
[fastlio_mapping-2] [ mapping ]: time: IMU + Map + Input Downsample: 0.021161 ave match: 0.079717 ave solve: 0.002739  ave ICP: 0.089104  map incre: 0.004656 ave total: 0.110961 icp: 0.082592 construct H: 0.000785 
[fastlio_mapping-2] [ mapping ]: time: IMU + Map + Input Downsample: 0.022962 ave match: 0.079752 ave solve: 0.002736  ave ICP: 0.094923  map incre: 0.008832 ave total: 0.111003 icp: 0.082624 construct H: 0.000784 
[fastlio_mapping-2] [ mapping ]: time: IMU + Map + Input Downsample: 0.021101 ave match: 0.079769 ave solve: 0.002733  ave ICP: 0.088066  map incre: 0.005160 ave total: 0.111011 icp: 0.082638 construct H: 0.000783 
[fastlio_mapping-2] [ mapping ]: time: IMU + Map + Input Downsample: 0.023289 ave match: 0.079777 ave solve: 0.002730  ave ICP: 0.084831  map incre: 0.004507 ave total: 0.111016 icp: 0.082643 construct H: 0.000782 
[fastlio_mapping-2] [ mapping ]: time: IMU + Map + Input Downsample: 0.022267 ave match: 0.079796 ave solve: 0.002727  ave ICP: 0.089087  map incre: 0.004765 ave total: 0.111029 icp: 0.082659 construct H: 0.000781 
[fastlio_mapping-2] [ mapping ]: time: IMU + Map + Input Downsample: 0.023540 ave match: 0.079815 ave solve: 0.002724  ave ICP: 0.088993  map incre: 0.007087 ave total: 0.111052 icp: 0.082675 construct H: 0.000780 
[fastlio_mapping-2] [ mapping ]: time: IMU + Map + Input Downsample: 0.022162 ave match: 0.079858 ave solve: 0.002722  ave ICP: 0.098680  map incre: 0.004212 ave total: 0.111089 icp: 0.082716 construct H: 0.000779 
[fastlio_mapping-2] [ mapping ]: time: IMU + Map + Input Downsample: 0.019252 ave match: 0.079873 ave solve: 0.002720  ave ICP: 0.087435  map incre: 0.004044 ave total: 0.111088 icp: 0.082728 construct H: 0.000778 
[fastlio_mapping-2] [ mapping ]: time: IMU + Map + Input Downsample: 0.025424 ave match: 0.079916 ave solve: 0.002718  ave ICP: 0.098901  map incre: 0.005264 ave total: 0.111136 icp: 0.082769 construct H: 0.000777 
[fastlio_mapping-2] [ mapping ]: time: IMU + Map + Input Downsample: 0.020035 ave match: 0.079939 ave solve: 0.002715  ave ICP: 0.090898  map incre: 0.003789 ave total: 0.111145 icp: 0.082789 construct H: 0.000777 
[fastlio_mapping-2] [ mapping ]: time: IMU + Map + Input Downsample: 0.022371 ave match: 0.079965 ave solve: 0.002713  ave ICP: 0.092117  map incre: 0.003516 ave total: 0.111163 icp: 0.082813 construct H: 0.000776 
[fastlio_mapping-2] [ mapping ]: time: IMU + Map + Input Downsample: 0.020771 ave match: 0.079979 ave solve: 0.002710  ave ICP: 0.087383  map incre: 0.003324 ave total: 0.111164 icp: 0.082824 construct H: 0.000775 
[fastlio_mapping-2] [ mapping ]: time: IMU + Map + Input Downsample: 0.012560 ave match: 0.079976 ave solve: 0.002707  ave ICP: 0.080825  map incre: 0.003558 ave total: 0.111127 icp: 0.082818 construct H: 0.000774 
[fastlio_mapping-2] [ mapping ]: time: IMU + Map + Input Downsample: 0.021839 ave match: 0.079983 ave solve: 0.002704  ave ICP: 0.084478  map incre: 0.002941 ave total: 0.111122 icp: 0.082822 construct H: 0.000773 
[fastlio_mapping-2] [ mapping ]: time: IMU + Map + Input Downsample: 0.022656 ave match: 0.080008 ave solve: 0.002702  ave ICP: 0.091777  map incre: 0.003212 ave total: 0.111139 icp: 0.082844 construct H: 0.000772 
[fastlio_mapping-2] [ mapping ]: time: IMU + Map + Input Downsample: 0.022644 ave match: 0.080024 ave solve: 0.002699  ave ICP: 0.088563  map incre: 0.002702 ave total: 0.111146 icp: 0.082857 construct H: 0.000771 
[fastlio_mapping-2] [ mapping ]: time: IMU + Map + Input Downsample: 0.023604 ave match: 0.080045 ave solve: 0.002696  ave ICP: 0.090088  map incre: 0.002971 ave total: 0.111160 icp: 0.082875 construct H: 0.000771 
[fastlio_mapping-2] [ mapping ]: time: IMU + Map + Input Downsample: 0.022650 ave match: 0.080078 ave solve: 0.002694  ave ICP: 0.095242  map incre: 0.003425 ave total: 0.111186 icp: 0.082906 construct H: 0.000770 
[fastlio_mapping-2] [ mapping ]: time: IMU + Map + Input Downsample: 0.025905 ave match: 0.080096 ave solve: 0.002691  ave ICP: 0.089143  map incre: 0.003673 ave total: 0.111205 icp: 0.082921 construct H: 0.000769 
[fastlio_mapping-2] [ mapping ]: time: IMU + Map + Input Downsample: 0.013357 ave match: 0.080100 ave solve: 0.002688  ave ICP: 0.083452  map incre: 0.003952 ave total: 0.111179 icp: 0.082921 construct H: 0.000768 
[fastlio_mapping-2] [ mapping ]: time: IMU + Map + Input Downsample: 0.022763 ave match: 0.080110 ave solve: 0.002685  ave ICP: 0.086302  map incre: 0.003871 ave total: 0.111183 icp: 0.082929 construct H: 0.000767 
[fastlio_mapping-2] [ mapping ]: time: IMU + Map + Input Downsample: 0.023959 ave match: 0.080126 ave solve: 0.002683  ave ICP: 0.088385  map incre: 0.002806 ave total: 0.111193 icp: 0.082942 construct H: 0.000766 
[fastlio_mapping-2] [ mapping ]: time: IMU + Map + Input Downsample: 0.028229 ave match: 0.080167 ave solve: 0.002681  ave ICP: 0.098599  map incre: 0.003307 ave total: 0.111241 icp: 0.082981 construct H: 0.000766 
[fastlio_mapping-2] [ mapping ]: time: IMU + Map + Input Downsample: 0.021834 ave match: 0.080184 ave solve: 0.002678  ave ICP: 0.088919  map incre: 0.003179 ave total: 0.111248 icp: 0.082995 construct H: 0.000765 
[fastlio_mapping-2] [ mapping ]: time: IMU + Map + Input Downsample: 0.015484 ave match: 0.080189 ave solve: 0.002675  ave ICP: 0.084237  map incre: 0.003327 ave total: 0.111227 icp: 0.082998 construct H: 0.000764 
[fastlio_mapping-2] [ mapping ]: time: IMU + Map + Input Downsample: 0.020838 ave match: 0.080211 ave solve: 0.002673  ave ICP: 0.090974  map incre: 0.002977 ave total: 0.111236 icp: 0.083017 construct H: 0.000763 
[fastlio_mapping-2] [ mapping ]: time: IMU + Map + Input Downsample: 0.023658 ave match: 0.080239 ave solve: 0.002670  ave ICP: 0.093216  map incre: 0.003029 ave total: 0.111258 icp: 0.083041 construct H: 0.000762 
[fastlio_mapping-2] [ mapping ]: time: IMU + Map + Input Downsample: 0.028045 ave match: 0.080276 ave solve: 0.002669  ave ICP: 0.097848  map incre: 0.003037 ave total: 0.111302 icp: 0.083077 construct H: 0.000761 
[fastlio_mapping-2] [ mapping ]: time: IMU + Map + Input Downsample: 0.024853 ave match: 0.080302 ave solve: 0.002667  ave ICP: 0.093330  map incre: 0.003910 ave total: 0.111329 icp: 0.083101 construct H: 0.000761 
[fastlio_mapping-2] [ mapping ]: time: IMU + Map + Input Downsample: 0.014389 ave match: 0.080300 ave solve: 0.002664  ave ICP: 0.081598  map incre: 0.002601 ave total: 0.111297 icp: 0.083097 construct H: 0.000760 
[fastlio_mapping-2] [ mapping ]: time: IMU + Map + Input Downsample: 0.022473 ave match: 0.080327 ave solve: 0.002661  ave ICP: 0.093060  map incre: 0.002703 ave total: 0.111314 icp: 0.083121 construct H: 0.000759 
[fastlio_mapping-2] [ mapping ]: time: IMU + Map + Input Downsample: 0.021281 ave match: 0.080345 ave solve: 0.002659  ave ICP: 0.089704  map incre: 0.002755 ave total: 0.111320 icp: 0.083136 construct H: 0.000758 
[fastlio_mapping-2] [ mapping ]: time: IMU + Map + Input Downsample: 0.024952 ave match: 0.080402 ave solve: 0.002656  ave ICP: 0.105508  map incre: 0.002650 ave total: 0.111374 icp: 0.083190 construct H: 0.000757 
[fastlio_mapping-2] [ mapping ]: time: IMU + Map + Input Downsample: 0.017315 ave match: 0.080425 ave solve: 0.002655  ave ICP: 0.092147  map incre: 0.003068 ave total: 0.111377 icp: 0.083212 construct H: 0.000757 
[fastlio_mapping-2] [ mapping ]: time: IMU + Map + Input Downsample: 0.013934 ave match: 0.080427 ave solve: 0.002653  ave ICP: 0.083514  map incre: 0.002740 ave total: 0.111349 icp: 0.083212 construct H: 0.000756 
[fastlio_mapping-2] [ mapping ]: time: IMU + Map + Input Downsample: 0.025994 ave match: 0.080459 ave solve: 0.002650  ave ICP: 0.095754  map incre: 0.003081 ave total: 0.111382 icp: 0.083241 construct H: 0.000755 
[fastlio_mapping-2] [ mapping ]: time: IMU + Map + Input Downsample: 0.021310 ave match: 0.080474 ave solve: 0.002647  ave ICP: 0.088624  map incre: 0.002463 ave total: 0.111385 icp: 0.083253 construct H: 0.000754 
[fastlio_mapping-2] [ mapping ]: time: IMU + Map + Input Downsample: 0.024253 ave match: 0.080488 ave solve: 0.002645  ave ICP: 0.088264  map incre: 0.002699 ave total: 0.111394 icp: 0.083265 construct H: 0.000754 
[fastlio_mapping-2] [ mapping ]: time: IMU + Map + Input Downsample: 0.017746 ave match: 0.080500 ave solve: 0.002642  ave ICP: 0.087169  map incre: 0.002255 ave total: 0.111384 icp: 0.083274 construct H: 0.000753 
[fastlio_mapping-2] [ mapping ]: time: IMU + Map + Input Downsample: 0.020144 ave match: 0.080513 ave solve: 0.002640  ave ICP: 0.088072  map incre: 0.002692 ave total: 0.111382 icp: 0.083284 construct H: 0.000752 
[fastlio_mapping-2] [ mapping ]: time: IMU + Map + Input Downsample: 0.025001 ave match: 0.080538 ave solve: 0.002637  ave ICP: 0.092833  map incre: 0.002644 ave total: 0.111404 icp: 0.083307 construct H: 0.000751 
[fastlio_mapping-2] [ mapping ]: time: IMU + Map + Input Downsample: 0.026122 ave match: 0.080576 ave solve: 0.002635  ave ICP: 0.098232  map incre: 0.003761 ave total: 0.111445 icp: 0.083342 construct H: 0.000750 
[fastlio_mapping-2] [ mapping ]: time: IMU + Map + Input Downsample: 0.019336 ave match: 0.080585 ave solve: 0.002633  ave ICP: 0.086539  map incre: 0.002751 ave total: 0.111438 icp: 0.083349 construct H: 0.000750 
[fastlio_mapping-2] [ mapping ]: time: IMU + Map + Input Downsample: 0.025705 ave match: 0.080625 ave solve: 0.002631  ave ICP: 0.099508  map incre: 0.003524 ave total: 0.111479 icp: 0.083387 construct H: 0.000749 
[fastlio_mapping-2] [ mapping ]: time: IMU + Map + Input Downsample: 0.024152 ave match: 0.080645 ave solve: 0.002628  ave ICP: 0.091035  map incre: 0.002292 ave total: 0.111493 icp: 0.083404 construct H: 0.000748 
[fastlio_mapping-2] [ mapping ]: time: IMU + Map + Input Downsample: 0.026561 ave match: 0.080698 ave solve: 0.002627  ave ICP: 0.105460  map incre: 0.002933 ave total: 0.111549 icp: 0.083455 construct H: 0.000748 
[fastlio_mapping-2] [ mapping ]: time: IMU + Map + Input Downsample: 0.019938 ave match: 0.080721 ave solve: 0.002624  ave ICP: 0.092460  map incre: 0.002427 ave total: 0.111557 icp: 0.083476 construct H: 0.000747 
[fastlio_mapping-2] [ mapping ]: time: IMU + Map + Input Downsample: 0.022217 ave match: 0.080746 ave solve: 0.002623  ave ICP: 0.093658  map incre: 0.002177 ave total: 0.111573 icp: 0.083499 construct H: 0.000746 
[fastlio_mapping-2] [ mapping ]: time: IMU + Map + Input Downsample: 0.026384 ave match: 0.080774 ave solve: 0.002620  ave ICP: 0.094713  map incre: 0.001955 ave total: 0.111600 icp: 0.083525 construct H: 0.000746 
[fastlio_mapping-2] [ mapping ]: time: IMU + Map + Input Downsample: 0.022478 ave match: 0.080794 ave solve: 0.002618  ave ICP: 0.091252  map incre: 0.002301 ave total: 0.111610 icp: 0.083543 construct H: 0.000745 
[fastlio_mapping-2] [ mapping ]: time: IMU + Map + Input Downsample: 0.024181 ave match: 0.080812 ave solve: 0.002616  ave ICP: 0.090422  map incre: 0.002156 ave total: 0.111622 icp: 0.083558 construct H: 0.000744 
[fastlio_mapping-2] [ mapping ]: time: IMU + Map + Input Downsample: 0.023320 ave match: 0.080833 ave solve: 0.002613  ave ICP: 0.092019  map incre: 0.002103 ave total: 0.111636 icp: 0.083577 construct H: 0.000743 
[fastlio_mapping-2] [ mapping ]: time: IMU + Map + Input Downsample: 0.024527 ave match: 0.080847 ave solve: 0.002611  ave ICP: 0.088673  map incre: 0.002128 ave total: 0.111645 icp: 0.083588 construct H: 0.000743 
[fastlio_mapping-2] [ mapping ]: time: IMU + Map + Input Downsample: 0.022933 ave match: 0.080857 ave solve: 0.002609  ave ICP: 0.087156  map incre: 0.002263 ave total: 0.111646 icp: 0.083596 construct H: 0.000742 
[fastlio_mapping-2] [ mapping ]: time: IMU + Map + Input Downsample: 0.027140 ave match: 0.080890 ave solve: 0.002606  ave ICP: 0.096888  map incre: 0.002590 ave total: 0.111681 icp: 0.083626 construct H: 0.000741 
[fastlio_mapping-2] [ mapping ]: time: IMU + Map + Input Downsample: 0.021747 ave match: 0.080904 ave solve: 0.002604  ave ICP: 0.088953  map incre: 0.004375 ave total: 0.111689 icp: 0.083638 construct H: 0.000740 
[fastlio_mapping-2] [ mapping ]: time: IMU + Map + Input Downsample: 0.022579 ave match: 0.080913 ave solve: 0.002601  ave ICP: 0.086939  map incre: 0.004274 ave total: 0.111694 icp: 0.083645 construct H: 0.000740 
[fastlio_mapping-2] [ mapping ]: time: IMU + Map + Input Downsample: 0.023913 ave match: 0.080944 ave solve: 0.002599  ave ICP: 0.096086  map incre: 0.004628 ave total: 0.111724 icp: 0.083673 construct H: 0.000739 
[fastlio_mapping-2] [ mapping ]: time: IMU + Map + Input Downsample: 0.025693 ave match: 0.080974 ave solve: 0.002597  ave ICP: 0.096111  map incre: 0.002783 ave total: 0.111753 icp: 0.083701 construct H: 0.000738 
[fastlio_mapping-2] [ mapping ]: time: IMU + Map + Input Downsample: 0.021874 ave match: 0.080989 ave solve: 0.002595  ave ICP: 0.089693  map incre: 0.002367 ave total: 0.111759 icp: 0.083714 construct H: 0.000737 
[fastlio_mapping-2] [ mapping ]: time: IMU + Map + Input Downsample: 0.023403 ave match: 0.081003 ave solve: 0.002592  ave ICP: 0.089042  map incre: 0.002049 ave total: 0.111765 icp: 0.083726 construct H: 0.000737 
[fastlio_mapping-2] [ mapping ]: time: IMU + Map + Input Downsample: 0.023006 ave match: 0.081021 ave solve: 0.002590  ave ICP: 0.090923  map incre: 0.002169 ave total: 0.111775 icp: 0.083741 construct H: 0.000736 
[fastlio_mapping-2] [ mapping ]: time: IMU + Map + Input Downsample: 0.023462 ave match: 0.081039 ave solve: 0.002588  ave ICP: 0.090525  map incre: 0.002450 ave total: 0.111785 icp: 0.083756 construct H: 0.000735 
[fastlio_mapping-2] [ mapping ]: time: IMU + Map + Input Downsample: 0.024870 ave match: 0.081064 ave solve: 0.002586  ave ICP: 0.094928  map incre: 0.003167 ave total: 0.111811 icp: 0.083780 construct H: 0.000735 
[fastlio_mapping-2] [ mapping ]: time: IMU + Map + Input Downsample: 0.022030 ave match: 0.081078 ave solve: 0.002584  ave ICP: 0.089118  map incre: 0.003055 ave total: 0.111816 icp: 0.083791 construct H: 0.000734 
[fastlio_mapping-2] [ mapping ]: time: IMU + Map + Input Downsample: 0.022562 ave match: 0.081099 ave solve: 0.002582  ave ICP: 0.092307  map incre: 0.001995 ave total: 0.111828 icp: 0.083810 construct H: 0.000733 
[fastlio_mapping-2] [ mapping ]: time: IMU + Map + Input Downsample: 0.023031 ave match: 0.081111 ave solve: 0.002580  ave ICP: 0.088275  map incre: 0.002018 ave total: 0.111831 icp: 0.083819 construct H: 0.000733 
[fastlio_mapping-2] [ mapping ]: time: IMU + Map + Input Downsample: 0.021299 ave match: 0.081123 ave solve: 0.002577  ave ICP: 0.088642  map incre: 0.002109 ave total: 0.111832 icp: 0.083829 construct H: 0.000732 
[fastlio_mapping-2] [ mapping ]: time: IMU + Map + Input Downsample: 0.023471 ave match: 0.081149 ave solve: 0.002576  ave ICP: 0.095026  map incre: 0.001922 ave total: 0.111851 icp: 0.083854 construct H: 0.000731 
[fastlio_mapping-2] [ mapping ]: time: IMU + Map + Input Downsample: 0.026545 ave match: 0.081159 ave solve: 0.002574  ave ICP: 0.087734  map incre: 0.003160 ave total: 0.111864 icp: 0.083862 construct H: 0.000731 
[fastlio_mapping-2] [ mapping ]: time: IMU + Map + Input Downsample: 0.025437 ave match: 0.081168 ave solve: 0.002572  ave ICP: 0.087140  map incre: 0.002088 ave total: 0.111870 icp: 0.083868 construct H: 0.000730 
[fastlio_mapping-2] [ mapping ]: time: IMU + Map + Input Downsample: 0.023337 ave match: 0.081183 ave solve: 0.002570  ave ICP: 0.090165  map incre: 0.002124 ave total: 0.111878 icp: 0.083882 construct H: 0.000729 
[fastlio_mapping-2] [ mapping ]: time: IMU + Map + Input Downsample: 0.021301 ave match: 0.081197 ave solve: 0.002568  ave ICP: 0.089195  map incre: 0.002249 ave total: 0.111880 icp: 0.083893 construct H: 0.000728 
[fastlio_mapping-2] [ mapping ]: time: IMU + Map + Input Downsample: 0.023135 ave match: 0.081203 ave solve: 0.002565  ave ICP: 0.085642  map incre: 0.002300 ave total: 0.111879 icp: 0.083896 construct H: 0.000728 
[fastlio_mapping-2] [ mapping ]: time: IMU + Map + Input Downsample: 0.020872 ave match: 0.081217 ave solve: 0.002563  ave ICP: 0.089831  map incre: 0.002403 ave total: 0.111881 icp: 0.083909 construct H: 0.000727 
[fastlio_mapping-2] [ mapping ]: time: IMU + Map + Input Downsample: 0.023801 ave match: 0.081232 ave solve: 0.002561  ave ICP: 0.089746  map incre: 0.002807 ave total: 0.111891 icp: 0.083921 construct H: 0.000726 
[fastlio_mapping-2] [ mapping ]: time: IMU + Map + Input Downsample: 0.026000 ave match: 0.081269 ave solve: 0.002559  ave ICP: 0.099943  map incre: 0.002988 ave total: 0.111929 icp: 0.083956 construct H: 0.000726 
[fastlio_mapping-2] [ mapping ]: time: IMU + Map + Input Downsample: 0.013485 ave match: 0.081270 ave solve: 0.002557  ave ICP: 0.083528  map incre: 0.002418 ave total: 0.111901 icp: 0.083954 construct H: 0.000725 
[fastlio_mapping-2] [ mapping ]: time: IMU + Map + Input Downsample: 0.019340 ave match: 0.081278 ave solve: 0.002555  ave ICP: 0.087065  map incre: 0.002334 ave total: 0.111894 icp: 0.083961 construct H: 0.000724 
[fastlio_mapping-2] [ mapping ]: time: IMU + Map + Input Downsample: 0.024024 ave match: 0.081296 ave solve: 0.002553  ave ICP: 0.091332  map incre: 0.002495 ave total: 0.111908 icp: 0.083976 construct H: 0.000724 
[fastlio_mapping-2] [ mapping ]: time: IMU + Map + Input Downsample: 0.021842 ave match: 0.081307 ave solve: 0.002550  ave ICP: 0.088588  map incre: 0.002169 ave total: 0.111909 icp: 0.083985 construct H: 0.000723 
[fastlio_mapping-2] [ mapping ]: time: IMU + Map + Input Downsample: 0.023986 ave match: 0.081314 ave solve: 0.002548  ave ICP: 0.086380  map incre: 0.002761 ave total: 0.111912 icp: 0.083990 construct H: 0.000722 
[fastlio_mapping-2] [ mapping ]: time: IMU + Map + Input Downsample: 0.020119 ave match: 0.081320 ave solve: 0.002546  ave ICP: 0.086146  map incre: 0.002016 ave total: 0.111904 icp: 0.083994 construct H: 0.000722 
[fastlio_mapping-2] [ mapping ]: time: IMU + Map + Input Downsample: 0.023917 ave match: 0.081332 ave solve: 0.002544  ave ICP: 0.088583  map incre: 0.004223 ave total: 0.111914 icp: 0.084003 construct H: 0.000721 
[fastlio_mapping-2] [ mapping ]: time: IMU + Map + Input Downsample: 0.018791 ave match: 0.081339 ave solve: 0.002542  ave ICP: 0.086550  map incre: 0.002286 ave total: 0.111905 icp: 0.084008 construct H: 0.000720 
[fastlio_mapping-2] [ mapping ]: time: IMU + Map + Input Downsample: 0.026368 ave match: 0.081344 ave solve: 0.002540  ave ICP: 0.085831  map incre: 0.002080 ave total: 0.111910 icp: 0.084012 construct H: 0.000720 
[fastlio_mapping-2] [ mapping ]: time: IMU + Map + Input Downsample: 0.020295 ave match: 0.081357 ave solve: 0.002538  ave ICP: 0.089172  map incre: 0.002683 ave total: 0.111911 icp: 0.084022 construct H: 0.000719 
[fastlio_mapping-2] [ mapping ]: time: IMU + Map + Input Downsample: 0.023619 ave match: 0.081359 ave solve: 0.002536  ave ICP: 0.084377  map incre: 0.002633 ave total: 0.111908 icp: 0.084022 construct H: 0.000718 
[fastlio_mapping-2] [ mapping ]: time: IMU + Map + Input Downsample: 0.024545 ave match: 0.081385 ave solve: 0.002536  ave ICP: 0.096368  map incre: 0.003991 ave total: 0.111936 icp: 0.084048 construct H: 0.000718 
[fastlio_mapping-2] [ mapping ]: time: IMU + Map + Input Downsample: 0.022514 ave match: 0.081403 ave solve: 0.002534  ave ICP: 0.091812  map incre: 0.002094 ave total: 0.111946 icp: 0.084064 construct H: 0.000717 
[fastlio_mapping-2] [ mapping ]: time: IMU + Map + Input Downsample: 0.023406 ave match: 0.081421 ave solve: 0.002532  ave ICP: 0.091515  map incre: 0.002177 ave total: 0.111957 icp: 0.084079 construct H: 0.000717 
[fastlio_mapping-2] [ mapping ]: time: IMU + Map + Input Downsample: 0.024126 ave match: 0.081436 ave solve: 0.002530  ave ICP: 0.090638  map incre: 0.002504 ave total: 0.111968 icp: 0.084093 construct H: 0.000716 
[fastlio_mapping-2] [ mapping ]: time: IMU + Map + Input Downsample: 0.016862 ave match: 0.081437 ave solve: 0.002528  ave ICP: 0.084138  map incre: 0.003180 ave total: 0.111951 icp: 0.084092 construct H: 0.000716 
[fastlio_mapping-2] [ mapping ]: time: IMU + Map + Input Downsample: 0.024092 ave match: 0.081447 ave solve: 0.002527  ave ICP: 0.088218  map incre: 0.006333 ave total: 0.111966 icp: 0.084100 construct H: 0.000715 
[fastlio_mapping-2] [ mapping ]: time: IMU + Map + Input Downsample: 0.022619 ave match: 0.081454 ave solve: 0.002525  ave ICP: 0.086618  map incre: 0.002099 ave total: 0.111964 icp: 0.084105 construct H: 0.000714 
[fastlio_mapping-2] [ mapping ]: time: IMU + Map + Input Downsample: 0.025207 ave match: 0.081469 ave solve: 0.002523  ave ICP: 0.090779  map incre: 0.003539 ave total: 0.111980 icp: 0.084118 construct H: 0.000714 
[fastlio_mapping-2] [ mapping ]: time: IMU + Map + Input Downsample: 0.021509 ave match: 0.081493 ave solve: 0.002521  ave ICP: 0.094616  map incre: 0.004691 ave total: 0.111999 icp: 0.084140 construct H: 0.000713 
[fastlio_mapping-2] [ mapping ]: time: IMU + Map + Input Downsample: 0.014089 ave match: 0.081486 ave solve: 0.002519  ave ICP: 0.080125  map incre: 0.003676 ave total: 0.111969 icp: 0.084131 construct H: 0.000712 
[fastlio_mapping-2] [ mapping ]: time: IMU + Map + Input Downsample: 0.020290 ave match: 0.081490 ave solve: 0.002517  ave ICP: 0.085421  map incre: 0.003236 ave total: 0.111963 icp: 0.084133 construct H: 0.000712 
[fastlio_mapping-2] [ mapping ]: time: IMU + Map + Input Downsample: 0.022002 ave match: 0.081509 ave solve: 0.002515  ave ICP: 0.092846  map incre: 0.002617 ave total: 0.111975 icp: 0.084151 construct H: 0.000711 
[fastlio_mapping-2] [ mapping ]: time: IMU + Map + Input Downsample: 0.023597 ave match: 0.081519 ave solve: 0.002514  ave ICP: 0.088032  map incre: 0.002162 ave total: 0.111978 icp: 0.084158 construct H: 0.000711 
[fastlio_mapping-2] [ mapping ]: time: IMU + Map + Input Downsample: 0.022083 ave match: 0.081530 ave solve: 0.002512  ave ICP: 0.088769  map incre: 0.001704 ave total: 0.111980 icp: 0.084167 construct H: 0.000710 
[fastlio_mapping-2] [ mapping ]: time: IMU + Map + Input Downsample: 0.022394 ave match: 0.081558 ave solve: 0.002510  ave ICP: 0.097142  map incre: 0.001984 ave total: 0.112000 icp: 0.084193 construct H: 0.000710 
[fastlio_mapping-2] [ mapping ]: time: IMU + Map + Input Downsample: 0.026981 ave match: 0.081576 ave solve: 0.002508  ave ICP: 0.092237  map incre: 0.002229 ave total: 0.112019 icp: 0.084209 construct H: 0.000709 
[fastlio_mapping-2] [ mapping ]: time: IMU + Map + Input Downsample: 0.019731 ave match: 0.081592 ave solve: 0.002507  ave ICP: 0.091534  map incre: 0.002093 ave total: 0.112022 icp: 0.084224 construct H: 0.000709 
[fastlio_mapping-2] [ mapping ]: time: IMU + Map + Input Downsample: 0.024197 ave match: 0.081611 ave solve: 0.002505  ave ICP: 0.093008  map incre: 0.001976 ave total: 0.112037 icp: 0.084242 construct H: 0.000708 
[fastlio_mapping-2] [ mapping ]: time: IMU + Map + Input Downsample: 0.016508 ave match: 0.081627 ave solve: 0.002503  ave ICP: 0.090961  map incre: 0.001880 ave total: 0.112031 icp: 0.084255 construct H: 0.000707 
[fastlio_mapping-2] [ mapping ]: time: IMU + Map + Input Downsample: 0.023710 ave match: 0.081638 ave solve: 0.002502  ave ICP: 0.089384  map incre: 0.002080 ave total: 0.112038 icp: 0.084265 construct H: 0.000707 
[fastlio_mapping-2] [ mapping ]: time: IMU + Map + Input Downsample: 0.021519 ave match: 0.081659 ave solve: 0.002500  ave ICP: 0.093641  map incre: 0.003517 ave total: 0.112052 icp: 0.084284 construct H: 0.000706 
[fastlio_mapping-2] [ mapping ]: time: IMU + Map + Input Downsample: 0.022308 ave match: 0.081680 ave solve: 0.002498  ave ICP: 0.094041  map incre: 0.001999 ave total: 0.112065 icp: 0.084303 construct H: 0.000706 
[fastlio_mapping-2] [ mapping ]: time: IMU + Map + Input Downsample: 0.021779 ave match: 0.081698 ave solve: 0.002497  ave ICP: 0.092958  map incre: 0.001955 ave total: 0.112074 icp: 0.084320 construct H: 0.000705 
[fastlio_mapping-2] [ mapping ]: time: IMU + Map + Input Downsample: 0.016504 ave match: 0.081706 ave solve: 0.002495  ave ICP: 0.087814  map incre: 0.002042 ave total: 0.112062 icp: 0.084327 construct H: 0.000705 
[fastlio_mapping-2] [ mapping ]: time: IMU + Map + Input Downsample: 0.020817 ave match: 0.081716 ave solve: 0.002494  ave ICP: 0.088395  map incre: 0.001693 ave total: 0.112060 icp: 0.084334 construct H: 0.000704 
[fastlio_mapping-2] [ mapping ]: time: IMU + Map + Input Downsample: 0.025101 ave match: 0.081753 ave solve: 0.002492  ave ICP: 0.101906  map incre: 0.002817 ave total: 0.112097 icp: 0.084370 construct H: 0.000704 
[fastlio_mapping-2] [ mapping ]: time: IMU + Map + Input Downsample: 0.023377 ave match: 0.081768 ave solve: 0.002491  ave ICP: 0.091326  map incre: 0.002145 ave total: 0.112106 icp: 0.084383 construct H: 0.000703 
[fastlio_mapping-2] [ mapping ]: time: IMU + Map + Input Downsample: 0.022017 ave match: 0.081786 ave solve: 0.002489  ave ICP: 0.092626  map incre: 0.002117 ave total: 0.112116 icp: 0.084399 construct H: 0.000703 
[fastlio_mapping-2] [ mapping ]: time: IMU + Map + Input Downsample: 0.013581 ave match: 0.081786 ave solve: 0.002488  ave ICP: 0.084208  map incre: 0.002084 ave total: 0.112091 icp: 0.084399 construct H: 0.000702 
[fastlio_mapping-2] [ mapping ]: time: IMU + Map + Input Downsample: 0.023804 ave match: 0.081820 ave solve: 0.002487  ave ICP: 0.100975  map incre: 0.001951 ave total: 0.112121 icp: 0.084432 construct H: 0.000702 
[fastlio_mapping-2] [ mapping ]: time: IMU + Map + Input Downsample: 0.024381 ave match: 0.081835 ave solve: 0.002486  ave ICP: 0.091206  map incre: 0.001740 ave total: 0.112131 icp: 0.084445 construct H: 0.000701 
[fastlio_mapping-2] [ mapping ]: time: IMU + Map + Input Downsample: 0.021720 ave match: 0.081852 ave solve: 0.002484  ave ICP: 0.092664  map incre: 0.002852 ave total: 0.112141 icp: 0.084461 construct H: 0.000701 
[fastlio_mapping-2] [ mapping ]: time: IMU + Map + Input Downsample: 0.021995 ave match: 0.081872 ave solve: 0.002483  ave ICP: 0.093635  map incre: 0.001895 ave total: 0.112152 icp: 0.084479 construct H: 0.000700 
[fastlio_mapping-2] [ mapping ]: time: IMU + Map + Input Downsample: 0.016736 ave match: 0.081890 ave solve: 0.002481  ave ICP: 0.093174  map incre: 0.002114 ave total: 0.112152 icp: 0.084496 construct H: 0.000700 
[fastlio_mapping-2] [ mapping ]: time: IMU + Map + Input Downsample: 0.020168 ave match: 0.081899 ave solve: 0.002480  ave ICP: 0.088371  map incre: 0.002273 ave total: 0.112149 icp: 0.084503 construct H: 0.000699 
[fastlio_mapping-2] [ mapping ]: time: IMU + Map + Input Downsample: 0.021199 ave match: 0.081918 ave solve: 0.002479  ave ICP: 0.093826  map incre: 0.002114 ave total: 0.112159 icp: 0.084521 construct H: 0.000699 
[fastlio_mapping-2] [ mapping ]: time: IMU + Map + Input Downsample: 0.021911 ave match: 0.081939 ave solve: 0.002477  ave ICP: 0.094445  map incre: 0.002033 ave total: 0.112172 icp: 0.084540 construct H: 0.000699 
[fastlio_mapping-2] [ mapping ]: time: IMU + Map + Input Downsample: 0.027568 ave match: 0.081971 ave solve: 0.002476  ave ICP: 0.100723  map incre: 0.002064 ave total: 0.112208 icp: 0.084571 construct H: 0.000698 
[fastlio_mapping-2] [ mapping ]: time: IMU + Map + Input Downsample: 0.023864 ave match: 0.081987 ave solve: 0.002475  ave ICP: 0.092392  map incre: 0.002253 ave total: 0.112221 icp: 0.084586 construct H: 0.000698 
[fastlio_mapping-2] [ mapping ]: time: IMU + Map + Input Downsample: 0.022324 ave match: 0.082002 ave solve: 0.002473  ave ICP: 0.091659  map incre: 0.001998 ave total: 0.112228 icp: 0.084599 construct H: 0.000697 
[fastlio_mapping-2] [ mapping ]: time: IMU + Map + Input Downsample: 0.021513 ave match: 0.082022 ave solve: 0.002472  ave ICP: 0.094416  map incre: 0.001935 ave total: 0.112240 icp: 0.084618 construct H: 0.000697 
[fastlio_mapping-2] [ mapping ]: time: IMU + Map + Input Downsample: 0.024180 ave match: 0.082048 ave solve: 0.002471  ave ICP: 0.097419  map incre: 0.001900 ave total: 0.112262 icp: 0.084643 construct H: 0.000696 
[fastlio_mapping-2] [ mapping ]: time: IMU + Map + Input Downsample: 0.021962 ave match: 0.082070 ave solve: 0.002469  ave ICP: 0.095060  map incre: 0.002477 ave total: 0.112276 icp: 0.084663 construct H: 0.000696 
[fastlio_mapping-2] [ mapping ]: time: IMU + Map + Input Downsample: 0.015343 ave match: 0.082078 ave solve: 0.002468  ave ICP: 0.088667  map incre: 0.002222 ave total: 0.112264 icp: 0.084670 construct H: 0.000696 
[fastlio_mapping-2] [ mapping ]: time: IMU + Map + Input Downsample: 0.021390 ave match: 0.082099 ave solve: 0.002467  ave ICP: 0.094741  map incre: 0.002906 ave total: 0.112278 icp: 0.084690 construct H: 0.000695 
[fastlio_mapping-2] [ mapping ]: time: IMU + Map + Input Downsample: 0.022222 ave match: 0.082124 ave solve: 0.002466  ave ICP: 0.096861  map incre: 0.002263 ave total: 0.112295 icp: 0.084713 construct H: 0.000695 
[fastlio_mapping-2] [ mapping ]: time: IMU + Map + Input Downsample: 0.024342 ave match: 0.082143 ave solve: 0.002465  ave ICP: 0.094040  map incre: 0.002414 ave total: 0.112312 icp: 0.084730 construct H: 0.000694 
[fastlio_mapping-2] [ mapping ]: time: IMU + Map + Input Downsample: 0.022304 ave match: 0.082160 ave solve: 0.002463  ave ICP: 0.093504  map incre: 0.002207 ave total: 0.112323 icp: 0.084747 construct H: 0.000694 
[fastlio_mapping-2] [ mapping ]: time: IMU + Map + Input Downsample: 0.013315 ave match: 0.082163 ave solve: 0.002462  ave ICP: 0.085364  map incre: 0.002791 ave total: 0.112302 icp: 0.084748 construct H: 0.000694 
[fastlio_mapping-2] [ mapping ]: time: IMU + Map + Input Downsample: 0.020892 ave match: 0.082174 ave solve: 0.002461  ave ICP: 0.090349  map incre: 0.002080 ave total: 0.112304 icp: 0.084758 construct H: 0.000693 
[fastlio_mapping-2] [ mapping ]: time: IMU + Map + Input Downsample: 0.020410 ave match: 0.082200 ave solve: 0.002460  ave ICP: 0.097665  map incre: 0.002487 ave total: 0.112320 icp: 0.084783 construct H: 0.000693 
[fastlio_mapping-2] [ mapping ]: time: IMU + Map + Input Downsample: 0.021806 ave match: 0.082220 ave solve: 0.002458  ave ICP: 0.094702  map incre: 0.004109 ave total: 0.112336 icp: 0.084801 construct H: 0.000693 
[fastlio_mapping-2] [ mapping ]: time: IMU + Map + Input Downsample: 0.025798 ave match: 0.082235 ave solve: 0.002457  ave ICP: 0.092491  map incre: 0.008016 ave total: 0.112363 icp: 0.084816 construct H: 0.000692 
[fastlio_mapping-2] [ mapping ]: time: IMU + Map + Input Downsample: 0.014467 ave match: 0.082241 ave solve: 0.002456  ave ICP: 0.087378  map incre: 0.008098 ave total: 0.112359 icp: 0.084820 construct H: 0.000692 
[fastlio_mapping-2] [ mapping ]: time: IMU + Map + Input Downsample: 0.018169 ave match: 0.082254 ave solve: 0.002455  ave ICP: 0.090945  map incre: 0.002510 ave total: 0.112357 icp: 0.084831 construct H: 0.000691 
[fastlio_mapping-2] [ mapping ]: time: IMU + Map + Input Downsample: 0.021205 ave match: 0.082274 ave solve: 0.002453  ave ICP: 0.094697  map incre: 0.002457 ave total: 0.112369 icp: 0.084850 construct H: 0.000691 
[fastlio_mapping-2] [ mapping ]: time: IMU + Map + Input Downsample: 0.024629 ave match: 0.082292 ave solve: 0.002452  ave ICP: 0.093934  map incre: 0.003743 ave total: 0.112388 icp: 0.084866 construct H: 0.000690 
[fastlio_mapping-2] [ mapping ]: time: IMU + Map + Input Downsample: 0.021482 ave match: 0.082316 ave solve: 0.002451  ave ICP: 0.097010  map incre: 0.002494 ave total: 0.112405 icp: 0.084889 construct H: 0.000690 
[fastlio_mapping-2] [ mapping ]: time: IMU + Map + Input Downsample: 0.013443 ave match: 0.082320 ave solve: 0.002449  ave ICP: 0.086697  map incre: 0.002395 ave total: 0.112386 icp: 0.084892 construct H: 0.000690 
[fastlio_mapping-2] [ mapping ]: time: IMU + Map + Input Downsample: 0.022037 ave match: 0.082331 ave solve: 0.002448  ave ICP: 0.090369  map incre: 0.002254 ave total: 0.112390 icp: 0.084902 construct H: 0.000689 
[fastlio_mapping-2] [ mapping ]: time: IMU + Map + Input Downsample: 0.022039 ave match: 0.082349 ave solve: 0.002446  ave ICP: 0.093602  map incre: 0.002091 ave total: 0.112400 icp: 0.084918 construct H: 0.000689 
[fastlio_mapping-2] [ mapping ]: time: IMU + Map + Input Downsample: 0.025465 ave match: 0.082380 ave solve: 0.002445  ave ICP: 0.100904  map incre: 0.001763 ave total: 0.112430 icp: 0.084948 construct H: 0.000688 
[fastlio_mapping-2] [ mapping ]: time: IMU + Map + Input Downsample: 0.023006 ave match: 0.082392 ave solve: 0.002444  ave ICP: 0.090720  map incre: 0.002046 ave total: 0.112437 icp: 0.084958 construct H: 0.000688 
[fastlio_mapping-2] [ mapping ]: time: IMU + Map + Input Downsample: 0.015802 ave match: 0.082399 ave solve: 0.002442  ave ICP: 0.088108  map incre: 0.002082 ave total: 0.112424 icp: 0.084964 construct H: 0.000687 
[fastlio_mapping-2] [ mapping ]: time: IMU + Map + Input Downsample: 0.021721 ave match: 0.082408 ave solve: 0.002441  ave ICP: 0.089201  map incre: 0.002097 ave total: 0.112425 icp: 0.084971 construct H: 0.000687 
[fastlio_mapping-2] [ mapping ]: time: IMU + Map + Input Downsample: 0.021682 ave match: 0.082431 ave solve: 0.002440  ave ICP: 0.096635  map incre: 0.001957 ave total: 0.112440 icp: 0.084993 construct H: 0.000686 
[fastlio_mapping-2] [ mapping ]: time: IMU + Map + Input Downsample: 0.023793 ave match: 0.082456 ave solve: 0.002438  ave ICP: 0.097906  map incre: 0.002162 ave total: 0.112462 icp: 0.085017 construct H: 0.000686 
[fastlio_mapping-2] [ mapping ]: time: IMU + Map + Input Downsample: 0.025370 ave match: 0.082471 ave solve: 0.002437  ave ICP: 0.092423  map incre: 0.001968 ave total: 0.112476 icp: 0.085030 construct H: 0.000686 
[fastlio_mapping-2] [ mapping ]: time: IMU + Map + Input Downsample: 0.013600 ave match: 0.082471 ave solve: 0.002435  ave ICP: 0.084188  map incre: 0.004706 ave total: 0.112457 icp: 0.085028 construct H: 0.000685 
[fastlio_mapping-2] [ mapping ]: time: IMU + Map + Input Downsample: 0.021139 ave match: 0.082477 ave solve: 0.002434  ave ICP: 0.087755  map incre: 0.002359 ave total: 0.112455 icp: 0.085032 construct H: 0.000685 
[fastlio_mapping-2] [ mapping ]: time: IMU + Map + Input Downsample: 0.021112 ave match: 0.082488 ave solve: 0.002432  ave ICP: 0.090350  map incre: 0.002259 ave total: 0.112457 icp: 0.085042 construct H: 0.000684 
[fastlio_mapping-2] [ mapping ]: time: IMU + Map + Input Downsample: 0.022451 ave match: 0.082499 ave solve: 0.002431  ave ICP: 0.090895  map incre: 0.001947 ave total: 0.112462 icp: 0.085052 construct H: 0.000684 
[fastlio_mapping-2] [ mapping ]: time: IMU + Map + Input Downsample: 0.022158 ave match: 0.082512 ave solve: 0.002429  ave ICP: 0.091482  map incre: 0.002000 ave total: 0.112468 icp: 0.085063 construct H: 0.000683 
[fastlio_mapping-2] [ mapping ]: time: IMU + Map + Input Downsample: 0.014542 ave match: 0.082517 ave solve: 0.002428  ave ICP: 0.086914  map incre: 0.002424 ave total: 0.112452 icp: 0.085066 construct H: 0.000683 
[fastlio_mapping-2] [ mapping ]: time: IMU + Map + Input Downsample: 0.021139 ave match: 0.082520 ave solve: 0.002427  ave ICP: 0.086427  map incre: 0.002250 ave total: 0.112447 icp: 0.085068 construct H: 0.000683 
[fastlio_mapping-2] [ mapping ]: time: IMU + Map + Input Downsample: 0.019963 ave match: 0.082540 ave solve: 0.002425  ave ICP: 0.095272  map incre: 0.002830 ave total: 0.112458 icp: 0.085087 construct H: 0.000682 
[fastlio_mapping-2] [ mapping ]: time: IMU + Map + Input Downsample: 0.021411 ave match: 0.082555 ave solve: 0.002424  ave ICP: 0.092360  map incre: 0.002550 ave total: 0.112465 icp: 0.085100 construct H: 0.000682 
[fastlio_mapping-2] [ mapping ]: time: IMU + Map + Input Downsample: 0.022952 ave match: 0.082572 ave solve: 0.002422  ave ICP: 0.094157  map incre: 0.002588 ave total: 0.112478 icp: 0.085116 construct H: 0.000681 
[fastlio_mapping-2] [ mapping ]: time: IMU + Map + Input Downsample: 0.025276 ave match: 0.082613 ave solve: 0.002421  ave ICP: 0.107191  map incre: 0.002006 ave total: 0.112519 icp: 0.085156 construct H: 0.000681 
[fastlio_mapping-2] [ mapping ]: time: IMU + Map + Input Downsample: 0.024559 ave match: 0.082645 ave solve: 0.002420  ave ICP: 0.102076  map incre: 0.003538 ave total: 0.112552 icp: 0.085186 construct H: 0.000681 
[fastlio_mapping-2] [ mapping ]: time: IMU + Map + Input Downsample: 0.025361 ave match: 0.082673 ave solve: 0.002419  ave ICP: 0.100102  map incre: 0.002640 ave total: 0.112580 icp: 0.085213 construct H: 0.000680 
[fastlio_mapping-2] [ mapping ]: time: IMU + Map + Input Downsample: 0.019800 ave match: 0.082687 ave solve: 0.002418  ave ICP: 0.092062  map incre: 0.002507 ave total: 0.112584 icp: 0.085225 construct H: 0.000680 
[fastlio_mapping-2] [ mapping ]: time: IMU + Map + Input Downsample: 0.013902 ave match: 0.082686 ave solve: 0.002417  ave ICP: 0.084514  map incre: 0.004743 ave total: 0.112566 icp: 0.085223 construct H: 0.000679 
[fastlio_mapping-2] [ mapping ]: time: IMU + Map + Input Downsample: 0.018087 ave match: 0.082691 ave solve: 0.002415  ave ICP: 0.087609  map incre: 0.003171 ave total: 0.112559 icp: 0.085227 construct H: 0.000679 
[fastlio_mapping-2] [ mapping ]: time: IMU + Map + Input Downsample: 0.020051 ave match: 0.082703 ave solve: 0.002414  ave ICP: 0.091137  map incre: 0.002390 ave total: 0.112561 icp: 0.085237 construct H: 0.000679 
[fastlio_mapping-2] [ mapping ]: time: IMU + Map + Input Downsample: 0.021828 ave match: 0.082718 ave solve: 0.002412  ave ICP: 0.093196  map incre: 0.002591 ave total: 0.112571 icp: 0.085251 construct H: 0.000678 
[fastlio_mapping-2] [ mapping ]: time: IMU + Map + Input Downsample: 0.020655 ave match: 0.082736 ave solve: 0.002411  ave ICP: 0.094415  map incre: 0.002151 ave total: 0.112579 icp: 0.085267 construct H: 0.000678 
[fastlio_mapping-2] [ mapping ]: time: IMU + Map + Input Downsample: 0.013745 ave match: 0.082737 ave solve: 0.002410  ave ICP: 0.085598  map incre: 0.002346 ave total: 0.112559 icp: 0.085267 construct H: 0.000677 
[fastlio_mapping-2] [ mapping ]: time: IMU + Map + Input Downsample: 0.021347 ave match: 0.082754 ave solve: 0.002408  ave ICP: 0.093796  map incre: 0.004311 ave total: 0.112572 icp: 0.085282 construct H: 0.000677 
[fastlio_mapping-2] [ mapping ]: time: IMU + Map + Input Downsample: 0.019885 ave match: 0.082761 ave solve: 0.002407  ave ICP: 0.089029  map incre: 0.004068 ave total: 0.112572 icp: 0.085288 construct H: 0.000676 
[fastlio_mapping-2] [ mapping ]: time: IMU + Map + Input Downsample: 0.021599 ave match: 0.082768 ave solve: 0.002405  ave ICP: 0.088233  map incre: 0.003519 ave total: 0.112574 icp: 0.085293 construct H: 0.000676 
[fastlio_mapping-2] [ mapping ]: time: IMU + Map + Input Downsample: 0.012265 ave match: 0.082757 ave solve: 0.002404  ave ICP: 0.078476  map incre: 0.003147 ave total: 0.112540 icp: 0.085280 construct H: 0.000675 
[fastlio_mapping-2] [ mapping ]: time: IMU + Map + Input Downsample: 0.019959 ave match: 0.082756 ave solve: 0.002402  ave ICP: 0.084582  map incre: 0.002718 ave total: 0.112531 icp: 0.085279 construct H: 0.000675 
[fastlio_mapping-2] [ mapping ]: time: IMU + Map + Input Downsample: 0.023327 ave match: 0.082780 ave solve: 0.002401  ave ICP: 0.098186  map incre: 0.002511 ave total: 0.112551 icp: 0.085301 construct H: 0.000675 
[fastlio_mapping-2] [ mapping ]: time: IMU + Map + Input Downsample: 0.020470 ave match: 0.082787 ave solve: 0.002399  ave ICP: 0.088458  map incre: 0.003412 ave total: 0.112551 icp: 0.085306 construct H: 0.000674 
[fastlio_mapping-2] [ mapping ]: time: IMU + Map + Input Downsample: 0.019210 ave match: 0.082800 ave solve: 0.002398  ave ICP: 0.092179  map incre: 0.003123 ave total: 0.112554 icp: 0.085318 construct H: 0.000674 
[fastlio_mapping-2] [ mapping ]: time: IMU + Map + Input Downsample: 0.012293 ave match: 0.082789 ave solve: 0.002396  ave ICP: 0.078554  map incre: 0.002909 ave total: 0.112521 icp: 0.085305 construct H: 0.000673 
[fastlio_mapping-2] [ mapping ]: time: IMU + Map + Input Downsample: 0.020939 ave match: 0.082802 ave solve: 0.002395  ave ICP: 0.092218  map incre: 0.002503 ave total: 0.112526 icp: 0.085317 construct H: 0.000673 
[fastlio_mapping-2] [ mapping ]: time: IMU + Map + Input Downsample: 0.021431 ave match: 0.082809 ave solve: 0.002394  ave ICP: 0.088562  map incre: 0.002568 ave total: 0.112526 icp: 0.085322 construct H: 0.000672 
[fastlio_mapping-2] [ mapping ]: time: IMU + Map + Input Downsample: 0.017953 ave match: 0.082821 ave solve: 0.002392  ave ICP: 0.091386  map incre: 0.002466 ave total: 0.112525 icp: 0.085333 construct H: 0.000672 
[fastlio_mapping-2] [ mapping ]: time: IMU + Map + Input Downsample: 0.021229 ave match: 0.082829 ave solve: 0.002391  ave ICP: 0.089589  map incre: 0.002545 ave total: 0.112527 icp: 0.085340 construct H: 0.000671 
[fastlio_mapping-2] [ mapping ]: time: IMU + Map + Input Downsample: 0.013858 ave match: 0.082826 ave solve: 0.002389  ave ICP: 0.082608  map incre: 0.002747 ave total: 0.112503 icp: 0.085334 construct H: 0.000671 
[fastlio_mapping-2] [ mapping ]: time: IMU + Map + Input Downsample: 0.020019 ave match: 0.082825 ave solve: 0.002388  ave ICP: 0.084390  map incre: 0.003487 ave total: 0.112495 icp: 0.085332 construct H: 0.000670 
[fastlio_mapping-2] [ mapping ]: time: IMU + Map + Input Downsample: 0.021075 ave match: 0.082836 ave solve: 0.002386  ave ICP: 0.090998  map incre: 0.002475 ave total: 0.112499 icp: 0.085341 construct H: 0.000670 
[fastlio_mapping-2] [ mapping ]: time: IMU + Map + Input Downsample: 0.022116 ave match: 0.082847 ave solve: 0.002385  ave ICP: 0.090773  map incre: 0.002124 ave total: 0.112503 icp: 0.085350 construct H: 0.000669 
[fastlio_mapping-2] [ mapping ]: time: IMU + Map + Input Downsample: 0.020432 ave match: 0.082859 ave solve: 0.002383  ave ICP: 0.091631  map incre: 0.001947 ave total: 0.112506 icp: 0.085361 construct H: 0.000669 
[fastlio_mapping-2] [ mapping ]: time: IMU + Map + Input Downsample: 0.013511 ave match: 0.082850 ave solve: 0.002382  ave ICP: 0.079697  map incre: 0.002445 ave total: 0.112476 icp: 0.085350 construct H: 0.000669 
[fastlio_mapping-2] [ mapping ]: time: IMU + Map + Input Downsample: 0.018818 ave match: 0.082854 ave solve: 0.002380  ave ICP: 0.087402  map incre: 0.002779 ave total: 0.112470 icp: 0.085354 construct H: 0.000668 
[fastlio_mapping-2] [ mapping ]: time: IMU + Map + Input Downsample: 0.024413 ave match: 0.082876 ave solve: 0.002379  ave ICP: 0.097313  map incre: 0.001821 ave total: 0.112489 icp: 0.085374 construct H: 0.000668 
[fastlio_mapping-2] [ mapping ]: time: IMU + Map + Input Downsample: 0.022535 ave match: 0.082883 ave solve: 0.002378  ave ICP: 0.088912  map incre: 0.001958 ave total: 0.112491 icp: 0.085380 construct H: 0.000667 
[fastlio_mapping-2] [ mapping ]: time: IMU + Map + Input Downsample: 0.020666 ave match: 0.082896 ave solve: 0.002376  ave ICP: 0.092055  map incre: 0.001849 ave total: 0.112495 icp: 0.085391 construct H: 0.000667 
[fastlio_mapping-2] [ mapping ]: time: IMU + Map + Input Downsample: 0.013048 ave match: 0.082889 ave solve: 0.002375  ave ICP: 0.080730  map incre: 0.002270 ave total: 0.112466 icp: 0.085382 construct H: 0.000666 
[fastlio_mapping-2] [ mapping ]: time: IMU + Map + Input Downsample: 0.020581 ave match: 0.082888 ave solve: 0.002373  ave ICP: 0.084440  map incre: 0.002201 ave total: 0.112457 icp: 0.085380 construct H: 0.000666 
[fastlio_mapping-2] [ mapping ]: time: IMU + Map + Input Downsample: 0.023533 ave match: 0.082896 ave solve: 0.002372  ave ICP: 0.089503  map incre: 0.001957 ave total: 0.112461 icp: 0.085386 construct H: 0.000665 
[fastlio_mapping-2] [ mapping ]: time: IMU + Map + Input Downsample: 0.021168 ave match: 0.082910 ave solve: 0.002370  ave ICP: 0.092733  map incre: 0.002041 ave total: 0.112467 icp: 0.085399 construct H: 0.000665 
[fastlio_mapping-2] [ mapping ]: time: IMU + Map + Input Downsample: 0.023361 ave match: 0.082921 ave solve: 0.002369  ave ICP: 0.091279  map incre: 0.002050 ave total: 0.112475 icp: 0.085408 construct H: 0.000664 
[fastlio_mapping-2] [ mapping ]: time: IMU + Map + Input Downsample: 0.024559 ave match: 0.082942 ave solve: 0.002367  ave ICP: 0.096924  map incre: 0.002415 ave total: 0.112494 icp: 0.085427 construct H: 0.000664 
[fastlio_mapping-2] [ mapping ]: time: IMU + Map + Input Downsample: 0.021372 ave match: 0.082947 ave solve: 0.002366  ave ICP: 0.088033  map incre: 0.002083 ave total: 0.112492 icp: 0.085431 construct H: 0.000664 
[fastlio_mapping-2] [ mapping ]: time: IMU + Map + Input Downsample: 0.022433 ave match: 0.082954 ave solve: 0.002364  ave ICP: 0.088556  map incre: 0.002218 ave total: 0.112494 icp: 0.085436 construct H: 0.000663 
[fastlio_mapping-2] [ mapping ]: time: IMU + Map + Input Downsample: 0.025741 ave match: 0.082972 ave solve: 0.002363  ave ICP: 0.095605  map incre: 0.002761 ave total: 0.112514 icp: 0.085453 construct H: 0.000663 
[fastlio_mapping-2] [ mapping ]: time: IMU + Map + Input Downsample: 0.020229 ave match: 0.082981 ave solve: 0.002362  ave ICP: 0.090343  map incre: 0.002075 ave total: 0.112514 icp: 0.085461 construct H: 0.000662 
[fastlio_mapping-2] [ mapping ]: time: IMU + Map + Input Downsample: 0.013479 ave match: 0.082977 ave solve: 0.002360  ave ICP: 0.082427  map incre: 0.002288 ave total: 0.112489 icp: 0.085455 construct H: 0.000662 
[fastlio_mapping-2] [ mapping ]: time: IMU + Map + Input Downsample: 0.022404 ave match: 0.082984 ave solve: 0.002359  ave ICP: 0.088691  map incre: 0.001923 ave total: 0.112490 icp: 0.085460 construct H: 0.000661 
[fastlio_mapping-2] [ mapping ]: time: IMU + Map + Input Downsample: 0.023695 ave match: 0.083007 ave solve: 0.002358  ave ICP: 0.098788  map incre: 0.002170 ave total: 0.112511 icp: 0.085482 construct H: 0.000661 
[fastlio_mapping-2] [ mapping ]: time: IMU + Map + Input Downsample: 0.024836 ave match: 0.083025 ave solve: 0.002357  ave ICP: 0.096024  map incre: 0.001694 ave total: 0.112528 icp: 0.085500 construct H: 0.000661 
[fastlio_mapping-2] [ mapping ]: time: IMU + Map + Input Downsample: 0.021933 ave match: 0.083034 ave solve: 0.002355  ave ICP: 0.090247  map incre: 0.001825 ave total: 0.112531 icp: 0.085507 construct H: 0.000660 
[fastlio_mapping-2] [ mapping ]: time: IMU + Map + Input Downsample: 0.023068 ave match: 0.083042 ave solve: 0.002354  ave ICP: 0.089354  map incre: 0.002027 ave total: 0.112534 icp: 0.085513 construct H: 0.000660 
[fastlio_mapping-2] [ mapping ]: time: IMU + Map + Input Downsample: 0.023150 ave match: 0.083050 ave solve: 0.002352  ave ICP: 0.089657  map incre: 0.001901 ave total: 0.112538 icp: 0.085520 construct H: 0.000659 
[fastlio_mapping-2] [ mapping ]: time: IMU + Map + Input Downsample: 0.022082 ave match: 0.083064 ave solve: 0.002351  ave ICP: 0.093407  map incre: 0.002078 ave total: 0.112546 icp: 0.085532 construct H: 0.000659 
[fastlio_mapping-2] [ mapping ]: time: IMU + Map + Input Downsample: 0.024812 ave match: 0.083085 ave solve: 0.002350  ave ICP: 0.097407  map incre: 0.003024 ave total: 0.112568 icp: 0.085552 construct H: 0.000659 
[fastlio_mapping-2] [ mapping ]: time: IMU + Map + Input Downsample: 0.023318 ave match: 0.083092 ave solve: 0.002349  ave ICP: 0.089722  map incre: 0.005610 ave total: 0.112578 icp: 0.085558 construct H: 0.000658 
[fastlio_mapping-2] [ mapping ]: time: IMU + Map + Input Downsample: 0.021507 ave match: 0.083102 ave solve: 0.002347  ave ICP: 0.091015  map incre: 0.003220 ave total: 0.112583 icp: 0.085567 construct H: 0.000658 
[fastlio_mapping-2] [ mapping ]: time: IMU + Map + Input Downsample: 0.013242 ave match: 0.083097 ave solve: 0.002346  ave ICP: 0.081991  map incre: 0.003160 ave total: 0.112559 icp: 0.085561 construct H: 0.000657 
[fastlio_mapping-2] [ mapping ]: time: IMU + Map + Input Downsample: 0.019354 ave match: 0.083099 ave solve: 0.002345  ave ICP: 0.085653  map incre: 0.002005 ave total: 0.112550 icp: 0.085560 construct H: 0.000657 
[fastlio_mapping-2] [ mapping ]: time: IMU + Map + Input Downsample: 0.023076 ave match: 0.083109 ave solve: 0.002343  ave ICP: 0.091314  map incre: 0.002308 ave total: 0.112557 icp: 0.085569 construct H: 0.000656 
[fastlio_mapping-2] [ mapping ]: time: IMU + Map + Input Downsample: 0.023947 ave match: 0.083121 ave solve: 0.002342  ave ICP: 0.092029  map incre: 0.001918 ave total: 0.112566 icp: 0.085580 construct H: 0.000656 
[fastlio_mapping-2] [ mapping ]: time: IMU + Map + Input Downsample: 0.022942 ave match: 0.083126 ave solve: 0.002340  ave ICP: 0.088011  map incre: 0.001809 ave total: 0.112566 icp: 0.085583 construct H: 0.000656 
[fastlio_mapping-2] [ mapping ]: time: IMU + Map + Input Downsample: 0.020332 ave match: 0.083147 ave solve: 0.002339  ave ICP: 0.097937  map incre: 0.001802 ave total: 0.112579 icp: 0.085603 construct H: 0.000655 
[fastlio_mapping-2] [ mapping ]: time: IMU + Map + Input Downsample: 0.025943 ave match: 0.083160 ave solve: 0.002338  ave ICP: 0.092613  map incre: 0.001844 ave total: 0.112592 icp: 0.085614 construct H: 0.000655 
[fastlio_mapping-2] [ mapping ]: time: IMU + Map + Input Downsample: 0.025357 ave match: 0.083185 ave solve: 0.002337  ave ICP: 0.100694  map incre: 0.003080 ave total: 0.112619 icp: 0.085639 construct H: 0.000654 
[fastlio_mapping-2] [ mapping ]: time: IMU + Map + Input Downsample: 0.026054 ave match: 0.083202 ave solve: 0.002335  ave ICP: 0.095070  map incre: 0.002064 ave total: 0.112637 icp: 0.085654 construct H: 0.000654 
[fastlio_mapping-2] [ mapping ]: time: IMU + Map + Input Downsample: 0.023977 ave match: 0.083212 ave solve: 0.002334  ave ICP: 0.091368  map incre: 0.001897 ave total: 0.112644 icp: 0.085663 construct H: 0.000654 
[fastlio_mapping-2] [ mapping ]: time: IMU + Map + Input Downsample: 0.019440 ave match: 0.083222 ave solve: 0.002333  ave ICP: 0.090987  map incre: 0.002193 ave total: 0.112644 icp: 0.085671 construct H: 0.000653 
[fastlio_mapping-2] [ mapping ]: time: IMU + Map + Input Downsample: 0.023684 ave match: 0.083227 ave solve: 0.002331  ave ICP: 0.088100  map incre: 0.001903 ave total: 0.112646 icp: 0.085675 construct H: 0.000653 
[fastlio_mapping-2] [ mapping ]: time: IMU + Map + Input Downsample: 0.013731 ave match: 0.083223 ave solve: 0.002330  ave ICP: 0.083120  map incre: 0.001901 ave total: 0.112623 icp: 0.085670 construct H: 0.000652 
[fastlio_mapping-2] [ mapping ]: time: IMU + Map + Input Downsample: 0.019712 ave match: 0.083226 ave solve: 0.002329  ave ICP: 0.086716  map incre: 0.001888 ave total: 0.112616 icp: 0.085671 construct H: 0.000652 
[fastlio_mapping-2] [ mapping ]: time: IMU + Map + Input Downsample: 0.020184 ave match: 0.083242 ave solve: 0.002328  ave ICP: 0.094751  map incre: 0.001893 ave total: 0.112623 icp: 0.085685 construct H: 0.000651 
[fastlio_mapping-2] [ mapping ]: time: IMU + Map + Input Downsample: 0.023568 ave match: 0.083253 ave solve: 0.002326  ave ICP: 0.091932  map incre: 0.002024 ave total: 0.112631 icp: 0.085695 construct H: 0.000651 
[fastlio_mapping-2] [ mapping ]: time: IMU + Map + Input Downsample: 0.022018 ave match: 0.083262 ave solve: 0.002325  ave ICP: 0.091279  map incre: 0.002418 ave total: 0.112636 icp: 0.085704 construct H: 0.000651 
[fastlio_mapping-2] [ mapping ]: time: IMU + Map + Input Downsample: 0.013551 ave match: 0.083261 ave solve: 0.002324  ave ICP: 0.084473  map incre: 0.003613 ave total: 0.112618 icp: 0.085701 construct H: 0.000650 
[fastlio_mapping-2] [ mapping ]: time: IMU + Map + Input Downsample: 0.019162 ave match: 0.083274 ave solve: 0.002323  ave ICP: 0.093232  map incre: 0.002051 ave total: 0.112621 icp: 0.085713 construct H: 0.000650 
[fastlio_mapping-2] [ mapping ]: time: IMU + Map + Input Downsample: 0.024048 ave match: 0.083283 ave solve: 0.002321  ave ICP: 0.090384  map incre: 0.002036 ave total: 0.112627 icp: 0.085720 construct H: 0.000649 
[fastlio_mapping-2] [ mapping ]: time: IMU + Map + Input Downsample: 0.022621 ave match: 0.083295 ave solve: 0.002320  ave ICP: 0.092992  map incre: 0.002370 ave total: 0.112636 icp: 0.085731 construct H: 0.000649 
[fastlio_mapping-2] [ mapping ]: time: IMU + Map + Input Downsample: 0.022302 ave match: 0.083302 ave solve: 0.002319  ave ICP: 0.089383  map incre: 0.002212 ave total: 0.112638 icp: 0.085737 construct H: 0.000649 
[fastlio_mapping-2] [ mapping ]: time: IMU + Map + Input Downsample: 0.016490 ave match: 0.083312 ave solve: 0.002318  ave ICP: 0.091307  map incre: 0.001856 ave total: 0.112633 icp: 0.085745 construct H: 0.000648 
[fastlio_mapping-2] [ mapping ]: time: IMU + Map + Input Downsample: 0.016630 ave match: 0.083323 ave solve: 0.002317  ave ICP: 0.092467  map incre: 0.001883 ave total: 0.112631 icp: 0.085756 construct H: 0.000648 
[fastlio_mapping-2] [ mapping ]: time: IMU + Map + Input Downsample: 0.023057 ave match: 0.083332 ave solve: 0.002316  ave ICP: 0.090527  map incre: 0.002013 ave total: 0.112635 icp: 0.085763 construct H: 0.000648 
[fastlio_mapping-2] [ mapping ]: time: IMU + Map + Input Downsample: 0.022074 ave match: 0.083343 ave solve: 0.002314  ave ICP: 0.092159  map incre: 0.002368 ave total: 0.112642 icp: 0.085773 construct H: 0.000647 
[fastlio_mapping-2] [ mapping ]: time: IMU + Map + Input Downsample: 0.023620 ave match: 0.083356 ave solve: 0.002313  ave ICP: 0.093554  map incre: 0.002111 ave total: 0.112652 icp: 0.085785 construct H: 0.000647 
[fastlio_mapping-2] [ mapping ]: time: IMU + Map + Input Downsample: 0.013768 ave match: 0.083355 ave solve: 0.002312  ave ICP: 0.085052  map incre: 0.002032 ave total: 0.112633 icp: 0.085783 construct H: 0.000647 
[fastlio_mapping-2] [ mapping ]: time: IMU + Map + Input Downsample: 0.013575 ave match: 0.083353 ave solve: 0.002311  ave ICP: 0.084055  map incre: 0.001641 ave total: 0.112612 icp: 0.085780 construct H: 0.000646 
[fastlio_mapping-2] [ mapping ]: time: IMU + Map + Input Downsample: 0.022046 ave match: 0.083362 ave solve: 0.002310  ave ICP: 0.090742  map incre: 0.002045 ave total: 0.112616 icp: 0.085787 construct H: 0.000646 
[fastlio_mapping-2] [ mapping ]: time: IMU + Map + Input Downsample: 0.023998 ave match: 0.083384 ave solve: 0.002309  ave ICP: 0.098882  map incre: 0.001753 ave total: 0.112635 icp: 0.085808 construct H: 0.000646 
[fastlio_mapping-2] [ mapping ]: time: IMU + Map + Input Downsample: 0.025947 ave match: 0.083409 ave solve: 0.002307  ave ICP: 0.101494  map incre: 0.002792 ave total: 0.112663 icp: 0.085832 construct H: 0.000645 
[fastlio_mapping-2] [ mapping ]: time: IMU + Map + Input Downsample: 0.015318 ave match: 0.083418 ave solve: 0.002307  ave ICP: 0.091076  map incre: 0.003170 ave total: 0.112658 icp: 0.085840 construct H: 0.000645 
[fastlio_mapping-2] [ mapping ]: time: IMU + Map + Input Downsample: 0.015173 ave match: 0.083421 ave solve: 0.002306  ave ICP: 0.087851  map incre: 0.002260 ave total: 0.112646 icp: 0.085843 construct H: 0.000645 
[fastlio_mapping-2] [ mapping ]: time: IMU + Map + Input Downsample: 0.023704 ave match: 0.083431 ave solve: 0.002305  ave ICP: 0.091325  map incre: 0.002659 ave total: 0.112654 icp: 0.085851 construct H: 0.000644 
[fastlio_mapping-2] [ mapping ]: time: IMU + Map + Input Downsample: 0.022306 ave match: 0.083442 ave solve: 0.002304  ave ICP: 0.092780  map incre: 0.002336 ave total: 0.112662 icp: 0.085861 construct H: 0.000644 
[fastlio_mapping-2] [ mapping ]: time: IMU + Map + Input Downsample: 0.023221 ave match: 0.083460 ave solve: 0.002303  ave ICP: 0.096733  map incre: 0.001836 ave total: 0.112676 icp: 0.085878 construct H: 0.000643 
[fastlio_mapping-2] [ mapping ]: time: IMU + Map + Input Downsample: 0.023969 ave match: 0.083483 ave solve: 0.002302  ave ICP: 0.099817  map incre: 0.002203 ave total: 0.112697 icp: 0.085900 construct H: 0.000643 
[fastlio_mapping-2] [ mapping ]: time: IMU + Map + Input Downsample: 0.023951 ave match: 0.083503 ave solve: 0.002301  ave ICP: 0.098099  map incre: 0.002288 ave total: 0.112716 icp: 0.085919 construct H: 0.000643 
[fastlio_mapping-2] [ mapping ]: time: IMU + Map + Input Downsample: 0.026834 ave match: 0.083535 ave solve: 0.002300  ave ICP: 0.106295  map incre: 0.001947 ave total: 0.112751 icp: 0.085950 construct H: 0.000643 
[fastlio_mapping-2] [ mapping ]: time: IMU + Map + Input Downsample: 0.016091 ave match: 0.083545 ave solve: 0.002299  ave ICP: 0.091813  map incre: 0.001997 ave total: 0.112747 icp: 0.085959 construct H: 0.000642 
[fastlio_mapping-2] [ mapping ]: time: IMU + Map + Input Downsample: 0.014658 ave match: 0.083546 ave solve: 0.002298  ave ICP: 0.085887  map incre: 0.001801 ave total: 0.112730 icp: 0.085958 construct H: 0.000642 
[fastlio_mapping-2] [ mapping ]: time: IMU + Map + Input Downsample: 0.023414 ave match: 0.083569 ave solve: 0.002297  ave ICP: 0.100533  map incre: 0.002107 ave total: 0.112751 icp: 0.085981 construct H: 0.000642 
[fastlio_mapping-2] [ mapping ]: time: IMU + Map + Input Downsample: 0.027059 ave match: 0.083600 ave solve: 0.002296  ave ICP: 0.105393  map incre: 0.001972 ave total: 0.112785 icp: 0.086011 construct H: 0.000641 
[fastlio_mapping-2] [ mapping ]: time: IMU + Map + Input Downsample: 0.014156 ave match: 0.083615 ave solve: 0.002295  ave ICP: 0.095644  map incre: 0.002039 ave total: 0.112784 icp: 0.086025 construct H: 0.000641 
[fastlio_mapping-2] [ mapping ]: time: IMU + Map + Input Downsample: 0.013732 ave match: 0.083628 ave solve: 0.002294  ave ICP: 0.093503  map incre: 0.002670 ave total: 0.112779 icp: 0.086036 construct H: 0.000641 
[fastlio_mapping-2] [ mapping ]: time: IMU + Map + Input Downsample: 0.018553 ave match: 0.083654 ave solve: 0.002294  ave ICP: 0.103480  map incre: 0.001924 ave total: 0.112797 icp: 0.086063 construct H: 0.000641 
[fastlio_mapping-2] [ mapping ]: time: IMU + Map + Input Downsample: 0.027167 ave match: 0.083689 ave solve: 0.002294  ave ICP: 0.108369  map incre: 0.002062 ave total: 0.112835 icp: 0.086098 construct H: 0.000640 
[fastlio_mapping-2] [ mapping ]: time: IMU + Map + Input Downsample: 0.023166 ave match: 0.083704 ave solve: 0.002293  ave ICP: 0.095685  map incre: 0.002020 ave total: 0.112848 icp: 0.086112 construct H: 0.000640 
[fastlio_mapping-2] [ mapping ]: time: IMU + Map + Input Downsample: 0.023200 ave match: 0.083735 ave solve: 0.002292  ave ICP: 0.105345  map incre: 0.001984 ave total: 0.112875 icp: 0.086141 construct H: 0.000640 
[fastlio_mapping-2] [ mapping ]: time: IMU + Map + Input Downsample: 0.024410 ave match: 0.083756 ave solve: 0.002291  ave ICP: 0.099225  map incre: 0.002118 ave total: 0.112895 icp: 0.086161 construct H: 0.000640 
[fastlio_mapping-2] [ mapping ]: time: IMU + Map + Input Downsample: 0.019953 ave match: 0.083773 ave solve: 0.002290  ave ICP: 0.097201  map incre: 0.001853 ave total: 0.112905 icp: 0.086178 construct H: 0.000639 
[fastlio_mapping-2] [ mapping ]: time: IMU + Map + Input Downsample: 0.013705 ave match: 0.083778 ave solve: 0.002290  ave ICP: 0.088926  map incre: 0.002331 ave total: 0.112892 icp: 0.086182 construct H: 0.000639 
[fastlio_mapping-2] [ mapping ]: time: IMU + Map + Input Downsample: 0.015609 ave match: 0.083797 ave solve: 0.002289  ave ICP: 0.098371  map incre: 0.001932 ave total: 0.112897 icp: 0.086200 construct H: 0.000639 
[fastlio_mapping-2] [ mapping ]: time: IMU + Map + Input Downsample: 0.024166 ave match: 0.083812 ave solve: 0.002288  ave ICP: 0.095641  map incre: 0.001929 ave total: 0.112911 icp: 0.086214 construct H: 0.000639 
[fastlio_mapping-2] [ mapping ]: time: IMU + Map + Input Downsample: 0.021427 ave match: 0.083830 ave solve: 0.002288  ave ICP: 0.098007  map incre: 0.002541 ave total: 0.112924 icp: 0.086232 construct H: 0.000638 
[fastlio_mapping-2] [ mapping ]: time: IMU + Map + Input Downsample: 0.022380 ave match: 0.083844 ave solve: 0.002287  ave ICP: 0.095211  map incre: 0.004320 ave total: 0.112938 icp: 0.086245 construct H: 0.000638 
[fastlio_mapping-2] [ mapping ]: time: IMU + Map + Input Downsample: 0.025294 ave match: 0.083878 ave solve: 0.002286  ave ICP: 0.107948  map incre: 0.003793 ave total: 0.112975 icp: 0.086278 construct H: 0.000638 
[fastlio_mapping-2] [ mapping ]: time: IMU + Map + Input Downsample: 0.022905 ave match: 0.083888 ave solve: 0.002285  ave ICP: 0.092649  map incre: 0.001670 ave total: 0.112982 icp: 0.086287 construct H: 0.000637 
[fastlio_mapping-2] [ mapping ]: time: IMU + Map + Input Downsample: 0.023449 ave match: 0.083895 ave solve: 0.002284  ave ICP: 0.090424  map incre: 0.001536 ave total: 0.112985 icp: 0.086293 construct H: 0.000637 
[fastlio_mapping-2] [ mapping ]: time: IMU + Map + Input Downsample: 0.021150 ave match: 0.083903 ave solve: 0.002282  ave ICP: 0.091006  map incre: 0.001353 ave total: 0.112986 icp: 0.086299 construct H: 0.000637 
[fastlio_mapping-2] [ mapping ]: time: IMU + Map + Input Downsample: 0.012731 ave match: 0.083894 ave solve: 0.002281  ave ICP: 0.079998  map incre: 0.001437 ave total: 0.112958 icp: 0.086289 construct H: 0.000636 
[fastlio_mapping-2] [ mapping ]: time: IMU + Map + Input Downsample: 0.014840 ave match: 0.083889 ave solve: 0.002280  ave ICP: 0.082606  map incre: 0.001172 ave total: 0.112936 icp: 0.086283 construct H: 0.000636 
[fastlio_mapping-2] [ mapping ]: time: IMU + Map + Input Downsample: 0.024649 ave match: 0.083911 ave solve: 0.002279  ave ICP: 0.100203  map incre: 0.001318 ave total: 0.112956 icp: 0.086304 construct H: 0.000636 
[fastlio_mapping-2] [ mapping ]: time: IMU + Map + Input Downsample: 0.019618 ave match: 0.083921 ave solve: 0.002278  ave ICP: 0.092671  map incre: 0.001359 ave total: 0.112957 icp: 0.086313 construct H: 0.000635 
[fastlio_mapping-2] [ mapping ]: time: IMU + Map + Input Downsample: 0.020770 ave match: 0.083929 ave solve: 0.002277  ave ICP: 0.091196  map incre: 0.001266 ave total: 0.112957 icp: 0.086320 construct H: 0.000635 
[fastlio_mapping-2] [ mapping ]: time: IMU + Map + Input Downsample: 0.013382 ave match: 0.083930 ave solve: 0.002276  ave ICP: 0.086766  map incre: 0.002229 ave total: 0.112941 icp: 0.086320 construct H: 0.000635 
[fastlio_mapping-2] [ mapping ]: time: IMU + Map + Input Downsample: 0.015228 ave match: 0.083935 ave solve: 0.002275  ave ICP: 0.089360  map incre: 0.001610 ave total: 0.112931 icp: 0.086324 construct H: 0.000634 
[fastlio_mapping-2] [ mapping ]: time: IMU + Map + Input Downsample: 0.019893 ave match: 0.083948 ave solve: 0.002275  ave ICP: 0.094138  map incre: 0.001306 ave total: 0.112935 icp: 0.086336 construct H: 0.000634 
[fastlio_mapping-2] [ mapping ]: time: IMU + Map + Input Downsample: 0.020463 ave match: 0.083961 ave solve: 0.002274  ave ICP: 0.094642  map incre: 0.001331 ave total: 0.112940 icp: 0.086348 construct H: 0.000634 
[fastlio_mapping-2] [ mapping ]: time: IMU + Map + Input Downsample: 0.019448 ave match: 0.083972 ave solve: 0.002273  ave ICP: 0.093381  map incre: 0.001386 ave total: 0.112942 icp: 0.086358 construct H: 0.000633 
[fastlio_mapping-2] [ mapping ]: time: IMU + Map + Input Downsample: 0.013374 ave match: 0.083966 ave solve: 0.002272  ave ICP: 0.081878  map incre: 0.001312 ave total: 0.112917 icp: 0.086351 construct H: 0.000633 
[fastlio_mapping-2] [ mapping ]: time: IMU + Map + Input Downsample: 0.013878 ave match: 0.083962 ave solve: 0.002271  ave ICP: 0.083571  map incre: 0.001357 ave total: 0.112896 icp: 0.086346 construct H: 0.000633 
[fastlio_mapping-2] [ mapping ]: time: IMU + Map + Input Downsample: 0.020727 ave match: 0.083971 ave solve: 0.002270  ave ICP: 0.092138  map incre: 0.001317 ave total: 0.112898 icp: 0.086354 construct H: 0.000632 
[fastlio_mapping-2] [ mapping ]: time: IMU + Map + Input Downsample: 0.020774 ave match: 0.083983 ave solve: 0.002269  ave ICP: 0.093765  map incre: 0.001381 ave total: 0.112903 icp: 0.086365 construct H: 0.000632 
[fastlio_mapping-2] [ mapping ]: time: IMU + Map + Input Downsample: 0.019995 ave match: 0.083994 ave solve: 0.002268  ave ICP: 0.093763  map incre: 0.001487 ave total: 0.112906 icp: 0.086375 construct H: 0.000632 
[fastlio_mapping-2] [ mapping ]: time: IMU + Map + Input Downsample: 0.013002 ave match: 0.083989 ave solve: 0.002267  ave ICP: 0.082418  map incre: 0.001301 ave total: 0.112882 icp: 0.086369 construct H: 0.000631 
[fastlio_mapping-2] [ mapping ]: time: IMU + Map + Input Downsample: 0.024283 ave match: 0.084004 ave solve: 0.002266  ave ICP: 0.095919  map incre: 0.001304 ave total: 0.112895 icp: 0.086383 construct H: 0.000631 
[fastlio_mapping-2] [ mapping ]: time: IMU + Map + Input Downsample: 0.020890 ave match: 0.084019 ave solve: 0.002265  ave ICP: 0.095940  map incre: 0.001352 ave total: 0.112903 icp: 0.086396 construct H: 0.000631 
[fastlio_mapping-2] [ mapping ]: time: IMU + Map + Input Downsample: 0.025972 ave match: 0.084030 ave solve: 0.002264  ave ICP: 0.093690  map incre: 0.001373 ave total: 0.112915 icp: 0.086407 construct H: 0.000631 
